job,marital,education,default,balance,housing,loan,contact,day_of_week,month,campaign,pdays,previous,poutcome,target,age_group
technician,married,secondary,no,656,yes,no,cellular,6,may,2,260,3,failure,0,young
retired,married,tertiary,no,444,no,no,cellular,6,apr,1,169,1,failure,1,older
retired,married,primary,no,962,no,no,unknown,16,jun,5,-1,0,unknown,0,older
management,married,tertiary,no,602,no,no,unknown,13,jun,4,-1,0,unknown,0,older
blue-collar,single,secondary,no,368,yes,no,cellular,11,jul,2,-1,0,unknown,0,young
management,married,tertiary,no,-438,no,no,cellular,20,aug,1,-1,0,unknown,0,young
blue-collar,married,primary,no,-265,yes,no,cellular,18,aug,2,-1,0,unknown,0,older
management,married,tertiary,no,532,yes,no,unknown,14,may,2,-1,0,unknown,0,older
technician,married,tertiary,no,350,no,no,cellular,28,aug,2,-1,0,unknown,0,older
blue-collar,married,secondary,no,921,yes,no,cellular,5,may,1,265,3,failure,0,older
technician,married,secondary,no,-304,no,no,cellular,15,aug,4,-1,0,unknown,0,older
blue-collar,married,secondary,no,-24,no,no,unknown,2,jun,2,-1,0,unknown,1,young
admin.,married,secondary,no,-523,yes,no,cellular,29,jul,4,-1,0,unknown,0,young
management,married,tertiary,no,1388,no,no,cellular,20,aug,5,86,7,success,1,young
management,married,tertiary,no,38,no,no,cellular,14,may,3,-1,0,unknown,0,young
management,single,tertiary,no,1197,no,no,cellular,5,feb,2,-1,0,unknown,1,young
unknown,married,secondary,no,1212,no,no,cellular,9,oct,1,-1,0,unknown,0,older
admin.,married,secondary,no,715,yes,no,cellular,3,nov,5,-1,0,unknown,0,young
admin.,married,secondary,no,-299,yes,no,cellular,2,feb,2,-1,0,unknown,0,young
blue-collar,married,secondary,no,-24,no,no,cellular,15,jul,4,-1,0,unknown,0,young
entrepreneur,married,secondary,no,560,yes,no,cellular,22,jul,13,-1,0,unknown,0,older
admin.,married,secondary,no,-220,yes,no,unknown,4,may,2,-1,0,unknown,0,young
technician,married,secondary,no,614,yes,no,unknown,6,jun,5,-1,0,unknown,0,young
management,married,tertiary,no,906,yes,no,cellular,29,aug,5,-1,0,unknown,0,older
management,married,tertiary,no,-12,no,no,cellular,6,aug,2,-1,0,unknown,0,young
management,single,tertiary,no,416,no,no,cellular,6,sep,1,-1,0,unknown,1,young
blue-collar,married,secondary,no,884,yes,no,cellular,19,nov,1,-1,0,unknown,0,young
admin.,married,secondary,no,892,no,no,cellular,3,apr,3,-1,0,unknown,0,young
retired,married,primary,no,584,no,no,cellular,6,feb,4,-1,0,unknown,0,older
management,married,tertiary,no,592,no,no,cellular,19,aug,1,87,2,failure,0,young
technician,married,secondary,no,51,yes,no,unknown,16,jun,2,-1,0,unknown,0,older
management,single,tertiary,no,837,no,no,unknown,5,jun,3,-1,0,unknown,0,young
admin.,married,secondary,no,886,yes,no,cellular,6,jul,3,-1,0,unknown,0,young
blue-collar,married,secondary,no,831,no,no,cellular,20,jul,3,-1,0,unknown,0,older
management,married,tertiary,no,575,yes,no,cellular,18,jul,2,-1,0,unknown,0,young
admin.,married,secondary,no,85,no,no,cellular,2,oct,1,96,1,success,1,young
technician,married,secondary,no,-218,yes,no,cellular,15,aug,3,-1,0,unknown,0,young
management,married,tertiary,no,1586,yes,no,cellular,20,aug,4,183,4,success,0,young
management,married,tertiary,no,1215,no,no,cellular,30,aug,4,-1,0,unknown,1,older
housemaid,married,secondary,no,682,no,no,cellular,28,apr,4,-1,0,unknown,0,older
services,married,secondary,no,815,yes,no,cellular,18,nov,1,39,1,failure,0,older
services,married,secondary,no,514,yes,no,cellular,12,apr,2,-1,0,unknown,0,older
blue-collar,single,secondary,no,254,no,no,cellular,10,feb,3,-1,0,unknown,1,young
technician,single,secondary,no,331,no,no,cellular,28,jan,3,-1,0,unknown,0,young
management,married,tertiary,no,741,yes,no,cellular,12,aug,2,-1,0,unknown,0,older
management,single,tertiary,no,-427,no,no,cellular,26,aug,2,-1,0,unknown,0,young
admin.,single,secondary,no,83,yes,no,cellular,3,may,2,-1,0,unknown,0,young
admin.,single,secondary,no,921,no,no,cellular,4,jul,5,-1,0,unknown,0,young
management,married,tertiary,no,395,no,no,cellular,26,aug,2,-1,0,unknown,0,young
technician,single,tertiary,no,684,yes,no,cellular,13,apr,2,-1,0,unknown,0,young
management,married,tertiary,no,201,yes,no,cellular,13,nov,1,-1,0,unknown,0,older
blue-collar,married,primary,no,984,yes,no,unknown,3,jun,4,-1,0,unknown,0,older
management,single,tertiary,no,3245,no,no,cellular,20,aug,1,164,2,failure,0,young
management,married,tertiary,no,1525,yes,no,cellular,22,aug,1,92,6,failure,0,young
technician,married,tertiary,no,29,no,no,unknown,27,jun,2,-1,0,unknown,0,young
management,married,tertiary,no,780,no,no,cellular,20,aug,1,188,3,failure,0,older
management,married,tertiary,no,590,yes,no,cellular,5,may,2,340,2,failure,0,young
blue-collar,married,primary,no,223,no,no,cellular,25,jan,2,-1,0,unknown,0,older
blue-collar,married,secondary,no,1551,yes,no,unknown,5,may,2,-1,0,unknown,0,young
technician,married,tertiary,no,1205,yes,no,unknown,7,jun,4,-1,0,unknown,0,young
retired,married,primary,no,197,no,no,unknown,11,may,3,-1,0,unknown,0,older
technician,married,secondary,no,1040,no,no,cellular,26,jul,4,-1,0,unknown,0,older
technician,married,secondary,no,158,no,no,cellular,22,aug,3,-1,0,success,1,young
management,married,secondary,no,651,yes,no,unknown,22,jun,3,-1,0,unknown,0,young
management,married,tertiary,no,-119,yes,no,cellular,18,nov,1,147,1,failure,0,young
student,single,secondary,no,1240,no,no,cellular,29,oct,1,-1,0,unknown,1,young
management,single,tertiary,no,657,yes,no,cellular,24,aug,4,-1,0,unknown,0,young
services,married,secondary,no,8,yes,no,unknown,18,jun,4,-1,0,unknown,0,young
management,married,tertiary,no,181,no,no,cellular,28,aug,1,86,6,success,1,young
services,married,secondary,no,46,no,no,cellular,20,aug,1,167,1,success,0,young
technician,married,secondary,no,195,no,no,cellular,21,nov,1,171,2,failure,0,older
technician,married,secondary,no,31,no,no,cellular,8,jul,1,-1,0,unknown,0,young
blue-collar,married,primary,no,1062,no,no,unknown,17,jun,2,-1,0,unknown,0,older
technician,married,secondary,no,443,no,no,cellular,26,aug,4,-1,0,unknown,0,young
technician,married,secondary,no,872,yes,no,unknown,12,may,4,-1,0,unknown,0,older
services,married,secondary,no,446,yes,no,unknown,7,may,2,-1,0,unknown,0,young
blue-collar,single,secondary,no,963,yes,no,unknown,20,jun,4,-1,0,unknown,0,young
admin.,married,secondary,no,-163,yes,no,cellular,29,may,2,-1,0,unknown,0,young
management,married,tertiary,no,-432,no,no,cellular,8,jul,2,-1,0,unknown,0,young
blue-collar,married,secondary,no,857,yes,no,cellular,6,feb,2,-1,0,unknown,0,older
student,single,tertiary,no,992,no,no,cellular,13,nov,1,100,7,failure,0,young
technician,married,secondary,no,586,no,no,unknown,2,jun,6,-1,0,unknown,0,older
services,married,secondary,no,-538,no,no,cellular,1,nov,1,-1,0,unknown,0,older
technician,single,tertiary,no,340,yes,no,cellular,18,nov,1,160,1,failure,0,young
management,married,tertiary,no,-100,no,no,cellular,18,aug,1,-1,0,unknown,0,young
blue-collar,married,secondary,no,95,no,no,unknown,8,may,2,-1,0,unknown,0,young
technician,single,tertiary,no,696,no,no,cellular,8,jul,3,-1,0,unknown,0,young
blue-collar,married,secondary,no,878,no,no,cellular,16,feb,2,-1,0,unknown,0,older
services,married,secondary,no,947,yes,no,cellular,27,jul,2,-1,0,unknown,0,young
services,married,secondary,no,410,no,no,cellular,21,aug,4,-1,0,unknown,0,young
student,single,secondary,no,69,no,no,cellular,11,apr,1,-1,0,unknown,1,young
blue-collar,married,primary,no,804,no,no,cellular,17,feb,2,-1,0,unknown,0,older
admin.,married,secondary,no,906,no,no,cellular,7,feb,1,158,1,failure,1,young
blue-collar,married,primary,no,1253,yes,no,cellular,12,may,2,-1,0,unknown,0,young
management,married,tertiary,no,88,yes,no,cellular,15,apr,4,-1,0,unknown,0,young
admin.,single,secondary,no,-243,no,no,cellular,18,nov,2,-1,0,unknown,0,young
entrepreneur,married,tertiary,no,256,yes,no,cellular,23,jul,1,-1,0,unknown,0,older
technician,married,secondary,no,664,yes,no,cellular,9,nov,1,-1,0,unknown,0,young
blue-collar,married,secondary,no,435,yes,no,cellular,6,apr,1,258,2,failure,0,young
blue-collar,married,primary,no,163,yes,no,unknown,14,jun,17,-1,0,unknown,0,older
admin.,married,secondary,no,663,yes,no,cellular,6,may,2,-1,0,unknown,0,young
admin.,married,secondary,no,222,no,no,cellular,8,may,1,289,6,failure,0,young
blue-collar,married,secondary,no,-36,yes,no,unknown,12,jun,2,-1,0,unknown,0,young
services,married,secondary,no,580,yes,no,unknown,14,may,2,-1,0,unknown,0,young
self-employed,single,tertiary,no,252,no,no,cellular,21,jul,4,-1,0,unknown,0,young
blue-collar,married,primary,no,1170,no,no,cellular,13,may,1,301,4,failure,0,older
blue-collar,married,primary,no,149,no,no,cellular,14,aug,3,-1,0,unknown,0,older
admin.,married,secondary,no,366,no,no,cellular,14,aug,2,-1,0,unknown,0,older
management,married,tertiary,no,814,yes,no,cellular,27,aug,4,-1,0,unknown,0,young
management,married,tertiary,no,897,yes,no,cellular,16,nov,1,135,1,failure,0,older
management,single,tertiary,no,4051,yes,no,cellular,19,aug,4,-1,2,unknown,0,young
student,single,secondary,no,832,no,no,unknown,25,jun,2,-1,0,unknown,0,young
technician,single,secondary,no,525,yes,no,unknown,21,jun,4,-1,0,unknown,0,young
technician,married,secondary,no,-206,yes,no,cellular,17,jul,5,-1,0,unknown,0,older
retired,married,primary,no,1072,no,no,cellular,3,oct,2,-1,0,unknown,0,older
student,single,secondary,no,1164,no,no,cellular,4,feb,2,-1,0,unknown,0,young
management,married,tertiary,no,1594,no,no,cellular,30,aug,4,83,4,success,1,older
technician,married,secondary,no,88,yes,no,cellular,14,may,2,-1,0,unknown,0,young
unknown,single,secondary,no,584,no,no,unknown,6,jun,3,-1,0,unknown,0,young
technician,single,secondary,no,466,no,no,unknown,1,jun,2,-1,0,unknown,0,young
entrepreneur,married,tertiary,no,60,yes,no,cellular,14,may,2,-1,0,unknown,0,young
retired,married,tertiary,no,396,no,no,cellular,6,oct,1,182,1,success,1,older
retired,married,tertiary,no,2240,no,no,cellular,11,aug,1,94,6,success,1,older
management,single,tertiary,no,301,yes,no,unknown,8,jun,2,-1,0,unknown,0,young
technician,single,secondary,no,914,yes,no,cellular,25,feb,5,231,7,failure,0,young
blue-collar,married,secondary,no,211,yes,no,cellular,8,may,3,-1,0,unknown,0,young
services,married,secondary,no,586,yes,no,cellular,19,nov,1,135,1,failure,0,older
self-employed,married,tertiary,no,1174,no,no,cellular,4,oct,1,-1,0,unknown,1,young
management,married,tertiary,no,644,yes,no,cellular,15,jul,2,-1,0,unknown,0,young
technician,married,secondary,no,1000,no,no,cellular,28,jul,4,-1,0,unknown,0,young
services,married,secondary,no,232,no,no,cellular,14,jan,2,-1,0,unknown,0,older
management,married,tertiary,no,769,no,no,cellular,11,aug,2,-1,0,unknown,0,older
management,married,tertiary,no,-301,yes,no,unknown,15,may,4,-1,0,unknown,0,older
management,married,tertiary,no,921,no,no,cellular,21,aug,3,-1,0,unknown,1,older
retired,married,secondary,no,969,no,no,cellular,15,jul,4,-1,0,unknown,0,older
technician,married,secondary,no,575,no,no,cellular,28,jul,3,-1,0,unknown,0,young
services,married,secondary,no,683,yes,no,cellular,14,may,3,-1,0,unknown,0,older
blue-collar,married,secondary,no,249,yes,no,cellular,15,jul,2,-1,0,unknown,0,older
blue-collar,single,secondary,no,-83,no,no,cellular,4,oct,1,-1,0,unknown,1,young
management,married,tertiary,no,492,yes,no,unknown,3,jun,4,-1,0,unknown,0,older
retired,married,secondary,no,-180,no,no,cellular,12,aug,4,-1,0,unknown,0,older
unemployed,married,secondary,no,52,no,no,cellular,8,jun,2,-1,0,unknown,0,young
admin.,married,secondary,no,727,yes,no,cellular,24,nov,3,-1,0,unknown,0,young
blue-collar,married,primary,no,186,yes,no,unknown,25,jun,5,-1,0,unknown,0,young
admin.,married,secondary,no,519,yes,no,cellular,19,nov,1,167,2,failure,0,older
technician,single,tertiary,no,388,yes,no,cellular,30,jan,2,-1,0,unknown,0,young
admin.,married,secondary,no,1330,no,no,cellular,7,aug,3,-1,0,unknown,0,older
blue-collar,married,primary,no,36,no,no,cellular,5,jul,2,-1,0,unknown,0,older
management,married,tertiary,no,861,no,no,cellular,11,aug,1,-1,0,unknown,0,older
admin.,married,secondary,no,129,yes,no,cellular,25,jul,4,-1,0,unknown,0,older
technician,single,tertiary,no,452,yes,no,cellular,14,jan,2,-1,0,unknown,0,young
retired,married,primary,no,287,yes,no,unknown,2,jun,2,-1,0,unknown,0,older
retired,married,primary,no,228,no,no,unknown,1,jun,2,-1,0,unknown,0,older
management,married,tertiary,no,98,yes,no,cellular,13,nov,2,197,3,failure,0,older
blue-collar,married,secondary,no,513,no,no,cellular,8,feb,2,-1,0,unknown,1,young
admin.,married,secondary,no,402,yes,no,cellular,5,apr,1,173,0,failure,1,young
blue-collar,married,secondary,no,-128,yes,no,cellular,13,may,2,339,7,failure,0,older
blue-collar,married,primary,no,258,yes,no,cellular,27,apr,5,-1,0,unknown,0,young
management,married,tertiary,no,-11,yes,no,unknown,8,may,3,-1,0,unknown,0,young
housemaid,married,secondary,no,560,no,no,cellular,6,aug,2,-1,0,unknown,0,older
management,married,tertiary,no,26,yes,no,unknown,15,jun,2,-1,0,unknown,0,young
management,married,tertiary,no,707,no,no,cellular,23,aug,4,-1,0,unknown,0,young
blue-collar,married,secondary,no,20,no,no,cellular,27,jan,2,-1,0,unknown,0,older
management,married,tertiary,no,161,no,no,cellular,12,aug,5,-1,0,unknown,0,older
management,single,tertiary,no,-70,no,no,cellular,29,nov,2,146,2,failure,0,young
entrepreneur,married,tertiary,no,668,yes,no,cellular,8,may,2,-1,0,unknown,0,young
management,married,tertiary,no,1360,no,no,cellular,28,aug,1,106,6,success,1,young
admin.,married,secondary,no,546,yes,no,cellular,20,aug,4,174,6,success,0,older
management,married,tertiary,no,364,yes,no,unknown,16,may,3,-1,0,unknown,0,young
blue-collar,single,primary,no,211,no,no,unknown,14,jun,3,-1,0,unknown,0,young
technician,married,tertiary,no,94,yes,no,cellular,18,nov,3,-1,0,unknown,0,older
services,married,secondary,no,806,yes,no,cellular,6,jul,2,-1,0,unknown,0,older
technician,married,secondary,no,527,yes,no,unknown,14,may,5,-1,0,unknown,0,older
admin.,married,secondary,no,1337,yes,no,cellular,26,aug,1,183,0,failure,0,older
blue-collar,married,primary,no,152,no,no,cellular,20,jul,4,-1,0,unknown,0,older
technician,married,secondary,no,472,yes,no,cellular,4,may,1,174,7,failure,0,young
management,married,tertiary,no,244,no,no,unknown,13,jun,3,-1,0,unknown,0,older
blue-collar,married,primary,no,701,yes,no,cellular,9,jul,4,-1,0,unknown,0,young
blue-collar,married,primary,no,749,yes,no,cellular,3,jul,2,-1,0,unknown,0,older
technician,married,secondary,no,1176,no,no,cellular,5,aug,1,89,1,success,1,older
technician,married,secondary,no,887,no,no,cellular,27,aug,3,-1,0,unknown,1,young
entrepreneur,married,tertiary,no,-19,yes,no,cellular,18,nov,1,-1,0,unknown,0,older
student,single,primary,no,-21,no,no,cellular,14,jul,1,-1,0,unknown,0,young
technician,single,secondary,no,1041,yes,no,cellular,23,nov,4,-1,0,unknown,0,young
blue-collar,married,primary,no,-197,no,no,unknown,9,may,2,-1,0,unknown,0,older
management,married,tertiary,no,-117,no,no,cellular,19,nov,2,-1,0,unknown,0,young
blue-collar,married,primary,no,1144,yes,no,cellular,15,jun,4,358,13,failure,0,older
unemployed,married,secondary,no,907,no,no,unknown,17,jun,2,-1,0,unknown,0,older
services,married,secondary,no,242,yes,no,cellular,14,jul,2,-1,0,unknown,0,young
services,single,secondary,no,-116,yes,no,unknown,14,may,5,-1,0,unknown,0,young
blue-collar,married,primary,no,-587,yes,no,cellular,14,may,4,336,2,failure,0,young
services,single,secondary,no,-660,no,no,cellular,2,jul,1,-1,0,unknown,0,young
services,married,secondary,no,449,yes,no,cellular,10,nov,1,-1,0,unknown,0,older
housemaid,married,secondary,no,970,no,no,unknown,9,jun,4,-1,0,unknown,0,older
management,single,tertiary,no,1772,no,no,cellular,21,aug,1,94,7,failure,0,young
admin.,married,secondary,no,559,no,no,cellular,6,jul,4,-1,0,unknown,0,young
services,married,secondary,no,395,no,no,cellular,28,aug,5,-1,0,unknown,0,older
technician,single,secondary,no,541,yes,no,unknown,8,jun,5,-1,0,unknown,0,young
blue-collar,married,secondary,no,1112,yes,no,cellular,17,apr,1,-1,0,unknown,1,older
admin.,married,secondary,no,-83,yes,no,cellular,4,apr,1,188,4,failure,0,older
admin.,married,secondary,no,256,no,no,cellular,30,aug,3,-1,0,unknown,0,young
services,married,secondary,no,-396,yes,no,unknown,14,may,3,-1,0,unknown,0,young
technician,married,secondary,no,916,no,no,cellular,26,aug,15,-1,0,unknown,0,young
blue-collar,married,secondary,no,659,no,no,cellular,17,jul,4,-1,0,unknown,0,older
technician,single,tertiary,no,235,no,no,cellular,8,nov,1,183,2,failure,0,young
blue-collar,married,secondary,no,811,yes,no,cellular,17,apr,1,-1,0,unknown,0,young
blue-collar,married,primary,no,-6,no,no,cellular,19,jul,3,-1,0,unknown,0,older
management,married,tertiary,no,39,no,no,cellular,25,jul,2,-1,0,unknown,0,young
admin.,single,secondary,no,105,yes,no,cellular,18,aug,2,-1,0,unknown,0,young
housemaid,married,primary,no,10,no,no,cellular,3,jul,1,-1,0,unknown,0,older
technician,single,secondary,no,339,yes,no,unknown,2,may,2,-1,0,unknown,0,young
management,married,tertiary,no,568,yes,no,cellular,21,nov,1,105,6,failure,0,young
technician,single,tertiary,no,263,yes,no,unknown,2,jun,2,-1,0,unknown,0,young
services,married,secondary,no,570,yes,no,unknown,2,jun,3,-1,0,unknown,0,older
management,single,tertiary,no,414,yes,no,cellular,16,nov,1,-1,0,unknown,0,young
services,married,secondary,no,400,no,no,cellular,12,aug,2,-1,0,unknown,0,young
student,single,secondary,no,-121,yes,no,cellular,6,jul,3,-1,0,unknown,0,young
blue-collar,married,secondary,no,247,no,no,cellular,30,jan,2,-1,0,unknown,0,young
retired,married,secondary,no,707,no,no,cellular,26,aug,5,-1,0,unknown,0,older
admin.,married,secondary,no,-105,no,no,cellular,27,jul,2,-1,0,unknown,0,older
technician,married,secondary,no,147,no,no,cellular,30,apr,1,-1,0,unknown,1,older
technician,single,secondary,no,752,yes,no,cellular,20,nov,1,182,3,failure,0,young
management,married,tertiary,no,596,no,no,cellular,12,may,5,-1,0,unknown,0,young
management,married,tertiary,no,415,no,no,cellular,4,aug,3,86,2,success,1,young
technician,married,secondary,no,618,yes,no,cellular,19,jul,2,-1,0,unknown,0,young
management,married,tertiary,no,564,no,no,cellular,21,aug,5,-1,0,unknown,0,young
student,single,tertiary,no,144,no,no,cellular,29,jan,1,77,2,failure,0,young
housemaid,married,secondary,no,29,no,no,cellular,20,nov,1,-1,1,unknown,0,older
technician,married,secondary,no,1283,yes,no,unknown,24,jun,12,-1,0,unknown,0,older
housemaid,married,secondary,no,-27,no,no,unknown,5,jun,3,-1,0,unknown,0,older
management,married,tertiary,no,-229,no,no,cellular,27,aug,1,-1,0,unknown,0,older
blue-collar,married,primary,no,356,yes,no,cellular,11,may,2,-1,0,unknown,0,older
blue-collar,married,secondary,no,794,yes,no,unknown,8,may,2,-1,0,unknown,0,young
blue-collar,married,primary,no,682,yes,no,unknown,8,jun,19,-1,0,unknown,0,young
services,married,secondary,no,990,yes,no,cellular,5,nov,4,-1,0,unknown,0,older
blue-collar,single,secondary,no,-43,yes,no,cellular,21,nov,1,129,1,failure,0,young
technician,married,secondary,no,40,yes,no,cellular,29,apr,1,237,6,failure,0,older
management,married,tertiary,no,635,yes,no,cellular,17,nov,1,194,4,failure,0,older
technician,married,secondary,no,1391,no,no,cellular,27,aug,5,-1,0,unknown,0,older
technician,married,tertiary,no,672,no,no,cellular,6,jul,2,-1,0,unknown,0,young
services,married,secondary,no,751,yes,no,unknown,18,jun,4,-1,0,unknown,0,older
services,single,secondary,no,-215,yes,no,cellular,12,aug,4,-1,0,unknown,0,young
management,married,tertiary,no,27,no,no,cellular,21,nov,1,-1,0,unknown,0,young
management,married,tertiary,no,842,no,no,cellular,15,aug,1,-1,0,unknown,0,older
services,married,secondary,no,186,yes,no,cellular,14,feb,2,294,7,failure,0,older
management,married,tertiary,no,-60,yes,no,cellular,4,may,2,-1,0,unknown,0,young
technician,married,secondary,no,1319,no,no,cellular,3,jun,1,81,2,success,1,older
management,married,tertiary,no,2202,no,no,cellular,20,aug,1,99,4,success,1,older
technician,married,secondary,no,74,no,no,unknown,5,jun,2,-1,0,unknown,0,older
technician,single,tertiary,no,802,yes,no,cellular,19,jul,2,-1,0,unknown,0,young
services,married,secondary,no,-245,yes,no,cellular,15,may,2,352,7,failure,0,young
management,single,tertiary,no,883,no,no,cellular,12,aug,2,-1,0,unknown,0,young
management,married,tertiary,no,7,yes,no,cellular,6,may,4,-1,0,unknown,0,young
admin.,married,secondary,no,751,yes,no,cellular,22,aug,6,-1,0,unknown,0,young
unemployed,married,secondary,no,1589,no,no,cellular,4,jul,5,-1,0,unknown,0,older
blue-collar,married,primary,no,920,no,no,cellular,13,feb,1,2,2,failure,0,older
blue-collar,married,secondary,no,554,yes,no,cellular,15,jan,4,-1,0,unknown,0,older
admin.,married,secondary,no,554,no,no,cellular,13,jul,2,-1,0,unknown,0,young
student,single,secondary,no,718,yes,no,unknown,21,jun,11,-1,0,unknown,0,young
technician,married,tertiary,no,380,no,no,cellular,3,nov,1,-1,0,unknown,1,older
management,married,tertiary,no,1139,yes,no,cellular,5,apr,1,158,1,failure,0,young
services,married,secondary,no,-338,no,no,cellular,29,nov,1,-1,0,unknown,0,young
blue-collar,married,secondary,no,840,yes,no,cellular,16,apr,1,265,1,failure,0,young
blue-collar,single,secondary,no,182,yes,no,cellular,13,may,2,-1,0,unknown,0,young
blue-collar,married,primary,no,-244,yes,no,cellular,17,apr,2,-1,0,unknown,0,young
unknown,married,tertiary,no,347,no,no,cellular,3,aug,7,-1,0,unknown,0,older
services,married,secondary,no,-315,yes,no,unknown,1,jun,2,-1,0,unknown,0,young
management,married,tertiary,no,70,yes,no,cellular,18,apr,1,359,1,failure,0,older
blue-collar,married,primary,no,573,yes,no,unknown,3,jun,2,-1,0,unknown,0,older
admin.,married,secondary,no,-173,yes,no,cellular,16,may,5,293,3,failure,0,older
technician,married,secondary,no,119,no,no,cellular,20,aug,2,184,2,failure,0,older
technician,married,tertiary,no,-70,yes,no,cellular,21,aug,4,-1,0,unknown,0,young
management,single,tertiary,no,212,no,no,cellular,20,aug,1,95,2,success,1,young
technician,married,secondary,no,275,yes,no,cellular,21,jul,2,-1,0,unknown,0,young
management,married,tertiary,no,204,yes,no,unknown,2,may,5,-1,0,unknown,0,young
housemaid,married,primary,no,707,no,no,unknown,14,jun,2,-1,0,unknown,0,older
retired,married,secondary,no,475,no,no,cellular,12,aug,2,-1,0,unknown,0,older
technician,single,secondary,no,587,yes,no,cellular,10,aug,3,-1,0,unknown,0,young
blue-collar,married,secondary,no,420,yes,no,unknown,12,may,2,-1,0,unknown,0,older
services,married,secondary,no,1034,yes,no,cellular,29,aug,1,170,1,failure,0,older
student,single,secondary,no,-128,no,no,cellular,4,aug,1,93,1,success,1,young
blue-collar,single,primary,no,389,no,no,cellular,19,nov,1,62,1,failure,0,young
admin.,married,secondary,no,436,no,no,cellular,7,feb,1,188,1,success,0,young
technician,married,secondary,no,880,yes,no,unknown,21,jun,4,-1,0,unknown,0,older
blue-collar,single,secondary,no,18,no,no,unknown,4,jun,2,-1,0,unknown,0,young
management,married,tertiary,no,468,yes,no,cellular,28,aug,1,-1,0,unknown,0,young
technician,married,secondary,no,418,yes,no,cellular,19,apr,1,319,6,failure,0,older
retired,married,primary,no,1321,no,no,cellular,20,aug,4,-1,0,unknown,0,older
technician,married,secondary,no,278,no,no,cellular,20,aug,4,94,4,success,1,young
technician,single,secondary,no,923,no,no,cellular,9,aug,3,-1,0,unknown,1,young
technician,married,secondary,no,-382,yes,no,cellular,15,jul,3,-1,0,unknown,0,young
admin.,married,secondary,no,592,yes,no,cellular,19,jul,2,-1,0,unknown,0,older
management,single,tertiary,no,1068,yes,no,unknown,3,jun,2,-1,0,unknown,0,young
blue-collar,married,secondary,no,1131,yes,no,cellular,22,nov,1,153,2,failure,0,older
entrepreneur,married,secondary,no,927,yes,no,cellular,22,jul,2,-1,0,unknown,0,older
admin.,married,secondary,no,97,yes,no,cellular,20,aug,3,172,2,failure,0,young
management,married,tertiary,no,1020,no,no,cellular,20,aug,5,-1,0,unknown,0,older
blue-collar,married,secondary,no,1091,no,no,cellular,9,aug,1,-1,0,unknown,0,young
management,married,tertiary,no,540,yes,no,cellular,12,aug,4,-1,0,unknown,0,young
management,married,tertiary,no,-129,yes,no,unknown,12,may,3,-1,0,unknown,0,young
blue-collar,single,secondary,no,1171,no,no,cellular,2,feb,2,-1,0,unknown,0,young
management,single,tertiary,no,-19,no,no,cellular,13,aug,1,-1,0,unknown,0,young
management,single,tertiary,no,345,no,no,cellular,13,aug,1,-1,0,unknown,0,young
technician,married,secondary,no,413,yes,no,cellular,6,feb,2,284,3,failure,0,young
management,married,tertiary,no,225,no,no,cellular,11,aug,4,-1,0,unknown,0,older
technician,single,tertiary,no,767,no,no,cellular,24,feb,5,-1,0,unknown,0,young
services,single,secondary,no,1433,yes,no,cellular,15,may,2,369,3,failure,0,young
management,married,primary,no,719,yes,no,cellular,19,apr,2,335,5,failure,0,older
admin.,single,secondary,no,-942,yes,no,cellular,3,apr,1,245,2,failure,0,young
admin.,married,secondary,no,352,yes,no,unknown,1,jun,2,-1,0,unknown,0,young
admin.,married,secondary,no,335,no,no,cellular,19,aug,5,-1,0,unknown,0,young
blue-collar,married,secondary,no,882,yes,no,unknown,12,may,2,-1,0,unknown,0,young
blue-collar,married,primary,no,1149,yes,no,cellular,13,may,2,352,3,failure,0,older
technician,married,secondary,no,711,yes,no,cellular,24,jul,4,-1,0,unknown,0,young
blue-collar,married,primary,no,1339,no,no,cellular,5,feb,3,-1,0,unknown,0,young
management,married,tertiary,no,1408,no,no,cellular,7,oct,2,-1,0,unknown,0,older
management,single,tertiary,no,399,no,no,cellular,8,aug,4,-1,0,unknown,0,young
services,single,secondary,no,587,yes,no,cellular,11,may,2,-1,0,unknown,0,young
entrepreneur,married,primary,no,1035,yes,no,unknown,7,may,3,-1,0,unknown,0,older
technician,single,tertiary,no,1215,yes,no,cellular,12,aug,4,-1,0,unknown,0,young
blue-collar,married,secondary,no,380,no,no,cellular,29,aug,4,-1,0,unknown,0,older
blue-collar,married,secondary,no,14,no,no,unknown,18,may,2,-1,0,unknown,0,young
management,single,tertiary,no,431,yes,no,unknown,11,may,2,-1,0,unknown,0,young
admin.,married,secondary,no,803,yes,no,unknown,7,jun,3,-1,0,unknown,0,older
technician,married,tertiary,no,-566,no,no,cellular,4,aug,1,-1,0,unknown,0,young
management,married,tertiary,no,228,yes,no,unknown,13,may,3,-1,0,unknown,0,older
admin.,married,secondary,no,1530,yes,no,unknown,3,may,2,-1,0,unknown,0,young
unknown,single,secondary,no,1089,no,no,telephone,16,jul,1,-1,0,unknown,0,older
student,single,secondary,no,644,yes,no,unknown,3,jun,2,-1,0,unknown,0,young
technician,married,tertiary,no,37,no,no,cellular,5,nov,2,-1,0,unknown,0,young
services,married,secondary,no,181,yes,no,cellular,18,may,2,-1,0,unknown,0,older
blue-collar,married,secondary,no,386,yes,no,cellular,13,aug,4,-1,0,unknown,0,older
management,married,tertiary,no,480,yes,no,cellular,7,may,1,264,4,failure,0,older
services,single,secondary,no,165,yes,no,cellular,15,may,2,-1,0,unknown,0,young
management,married,tertiary,no,375,yes,no,cellular,3,apr,1,38,1,failure,0,older
technician,married,tertiary,no,25,no,no,cellular,11,aug,2,-1,0,unknown,0,young
technician,married,secondary,no,323,no,no,cellular,4,feb,1,83,1,failure,0,young
technician,married,secondary,no,-135,no,no,cellular,29,aug,5,-1,0,unknown,0,older
blue-collar,married,primary,no,479,yes,no,cellular,18,nov,1,-1,0,unknown,1,older
admin.,married,secondary,no,-383,no,no,cellular,3,jul,2,-1,0,unknown,0,older
management,married,tertiary,no,-59,no,no,cellular,3,aug,1,-1,0,unknown,0,older
services,married,secondary,no,67,no,no,cellular,8,jul,2,-1,0,unknown,0,young
services,married,secondary,no,124,yes,no,unknown,5,may,2,-1,0,unknown,0,older
services,married,secondary,no,443,yes,no,unknown,16,jun,3,-1,0,unknown,0,older
technician,single,secondary,no,371,no,no,cellular,20,aug,5,-1,4,unknown,0,young
management,married,tertiary,no,116,no,no,cellular,22,aug,1,-1,0,unknown,0,young
technician,married,secondary,no,8,no,no,cellular,5,aug,1,-1,0,unknown,0,young
blue-collar,married,secondary,no,645,no,no,cellular,3,aug,4,-1,0,unknown,0,young
blue-collar,married,secondary,no,134,yes,no,unknown,4,jun,3,-1,0,unknown,0,young
blue-collar,married,primary,no,428,no,no,cellular,6,feb,3,-1,0,unknown,0,young
management,married,tertiary,no,1327,yes,no,unknown,15,jun,3,-1,0,unknown,0,older
management,single,tertiary,no,712,yes,no,unknown,8,may,2,-1,0,unknown,0,young
student,single,secondary,no,784,no,no,cellular,19,nov,1,-1,0,unknown,1,young
services,married,secondary,no,1434,no,no,unknown,8,may,7,-1,0,unknown,0,older
management,single,tertiary,no,570,yes,no,cellular,23,jul,3,-1,0,unknown,0,young
admin.,married,secondary,no,920,yes,no,cellular,5,apr,2,-1,0,unknown,1,young
management,single,tertiary,no,182,no,no,cellular,2,aug,2,-1,0,unknown,0,young
technician,married,secondary,no,700,no,no,cellular,7,jul,1,-1,0,unknown,0,older
services,single,secondary,no,-76,yes,no,cellular,5,may,2,-1,0,unknown,0,young
technician,married,secondary,no,-264,no,no,cellular,31,aug,2,-1,0,unknown,0,older
services,married,secondary,no,602,yes,no,unknown,15,may,2,-1,0,unknown,0,young
admin.,single,secondary,no,62,yes,no,cellular,4,apr,1,-1,0,unknown,1,young
technician,married,secondary,no,27,no,no,cellular,1,jul,1,-1,0,unknown,0,older
blue-collar,married,primary,no,836,no,no,cellular,14,aug,2,-1,0,unknown,0,older
blue-collar,married,secondary,no,808,yes,no,cellular,7,may,1,250,4,failure,0,young
technician,single,tertiary,no,334,no,no,cellular,28,aug,3,0,0,unknown,0,young
blue-collar,married,primary,no,-854,yes,no,cellular,22,jul,4,-1,0,unknown,0,older
admin.,single,secondary,no,305,yes,no,cellular,7,jul,2,-1,0,unknown,0,young
blue-collar,married,primary,no,854,yes,no,cellular,7,jul,2,-1,0,unknown,0,older
technician,single,secondary,no,764,yes,no,cellular,9,jul,2,-1,0,unknown,0,young
technician,married,secondary,no,541,yes,no,unknown,5,may,4,-1,0,unknown,0,older
technician,single,secondary,no,-29,yes,no,unknown,15,may,2,-1,0,unknown,0,young
admin.,single,secondary,no,6,yes,no,cellular,4,may,2,-1,0,unknown,0,young
blue-collar,single,secondary,no,82,yes,no,cellular,12,may,2,-1,0,unknown,0,young
admin.,married,secondary,no,15,no,no,cellular,1,feb,1,-1,0,unknown,0,young
services,married,secondary,no,314,yes,no,cellular,7,jul,2,-1,0,unknown,0,young
admin.,single,secondary,no,727,yes,no,cellular,4,may,2,-1,0,unknown,0,young
admin.,single,secondary,no,-17,no,no,unknown,5,jun,4,-1,0,unknown,0,young
blue-collar,single,secondary,no,314,yes,no,cellular,15,may,2,371,8,other,0,young
blue-collar,married,secondary,no,621,no,no,cellular,27,jul,3,-1,0,unknown,0,older
retired,married,primary,no,1369,no,no,telephone,11,jun,3,-1,0,unknown,0,older
student,single,secondary,no,1004,yes,no,cellular,14,jul,4,-1,0,unknown,0,young
management,married,tertiary,no,439,yes,no,cellular,15,aug,2,-1,0,unknown,0,young
student,single,secondary,no,738,no,no,cellular,5,feb,2,-1,0,unknown,0,young
management,married,tertiary,no,246,yes,no,cellular,18,nov,1,174,7,failure,0,young
blue-collar,married,primary,no,611,yes,no,cellular,20,may,2,-1,0,unknown,0,young
technician,single,secondary,no,795,yes,no,unknown,5,may,2,-1,0,unknown,0,young
retired,married,tertiary,no,2135,no,no,cellular,4,aug,1,89,1,success,1,older
entrepreneur,married,tertiary,no,-357,no,no,cellular,26,jul,5,-1,0,unknown,0,young
management,married,tertiary,no,565,yes,no,unknown,8,may,2,-1,0,unknown,0,older
management,married,secondary,no,370,yes,no,cellular,17,nov,1,125,1,failure,0,older
housemaid,married,secondary,no,724,no,no,cellular,7,jul,2,-1,0,unknown,0,older
management,married,tertiary,no,389,no,no,cellular,7,nov,2,-1,0,unknown,0,older
blue-collar,single,secondary,no,841,yes,no,cellular,3,jul,2,-1,0,unknown,0,young
admin.,married,secondary,no,41,no,no,cellular,5,may,3,-1,0,unknown,0,young
retired,married,primary,no,-60,yes,no,unknown,18,may,5,-1,0,unknown,0,older
blue-collar,married,secondary,no,4,yes,no,cellular,11,may,3,-1,0,unknown,0,young
technician,married,secondary,no,1117,no,no,cellular,31,aug,18,-1,0,unknown,0,young
blue-collar,married,secondary,no,543,yes,no,unknown,3,jun,2,-1,0,unknown,0,young
entrepreneur,married,secondary,no,-36,yes,no,unknown,20,may,2,-1,0,unknown,0,older
management,married,tertiary,no,789,no,no,cellular,14,oct,1,-1,0,unknown,1,young
admin.,married,secondary,no,1379,yes,no,unknown,20,may,3,-1,0,unknown,0,older
technician,married,secondary,no,635,no,no,cellular,20,aug,2,-1,0,unknown,0,older
technician,single,tertiary,no,1232,no,no,cellular,19,aug,4,83,6,success,1,young
blue-collar,married,secondary,no,-78,yes,no,cellular,13,apr,3,-1,0,unknown,0,older
retired,married,secondary,no,373,yes,no,unknown,6,may,2,-1,0,unknown,0,older
services,married,secondary,no,179,yes,no,unknown,13,jun,2,-1,0,unknown,0,older
management,married,tertiary,no,545,no,no,cellular,12,aug,4,-1,0,unknown,0,older
blue-collar,married,secondary,no,415,yes,no,cellular,18,nov,1,-1,0,unknown,0,young
blue-collar,married,secondary,no,128,yes,no,cellular,5,jul,2,-1,0,unknown,0,young
unknown,married,secondary,no,802,no,no,unknown,5,jun,4,-1,0,unknown,0,young
management,married,tertiary,no,329,yes,no,cellular,20,nov,1,99,1,failure,0,older
admin.,single,secondary,no,816,yes,no,cellular,17,apr,1,355,4,failure,0,young
blue-collar,married,secondary,no,70,yes,no,cellular,13,jun,4,336,2,failure,0,older
services,married,secondary,no,-19,yes,no,cellular,16,apr,1,-1,0,unknown,0,older
services,married,secondary,no,702,yes,no,cellular,16,nov,5,-1,0,unknown,0,older
management,single,tertiary,no,888,no,no,cellular,10,aug,3,-1,0,unknown,0,young
blue-collar,married,secondary,no,339,yes,no,cellular,20,nov,3,195,4,failure,0,young
management,married,tertiary,no,1242,no,no,cellular,5,aug,1,-1,0,unknown,1,older
admin.,married,secondary,no,-263,no,no,unknown,9,may,2,-1,0,unknown,0,young
self-employed,married,tertiary,no,784,no,no,unknown,5,jun,2,-1,0,unknown,0,older
admin.,married,secondary,no,-779,yes,no,cellular,5,jul,5,-1,0,unknown,0,young
management,single,tertiary,no,666,no,no,unknown,6,jun,2,-1,0,unknown,0,young
services,married,secondary,no,1008,yes,no,unknown,4,may,2,-1,0,unknown,0,young
technician,married,secondary,no,294,yes,no,cellular,23,nov,1,-1,0,unknown,0,young
technician,married,secondary,no,556,yes,no,cellular,5,apr,1,-1,0,unknown,1,older
management,married,tertiary,no,1292,no,no,cellular,5,aug,2,-1,0,unknown,0,older
services,single,secondary,no,-184,no,no,cellular,25,aug,3,-1,0,unknown,0,young
technician,single,tertiary,no,83,no,no,cellular,20,nov,1,137,1,success,1,young
technician,single,secondary,no,-52,yes,no,cellular,18,apr,1,105,6,failure,0,young
retired,married,primary,no,910,no,no,cellular,2,may,1,51,3,failure,0,older
retired,married,primary,no,-224,no,no,cellular,30,aug,5,-1,0,unknown,0,older
retired,married,secondary,no,249,no,no,cellular,22,aug,5,-1,0,unknown,0,older
housemaid,married,secondary,no,1025,no,no,cellular,31,aug,3,-1,0,unknown,0,older
management,single,tertiary,no,308,no,no,cellular,3,nov,4,-1,0,unknown,0,young
technician,married,secondary,no,83,yes,no,cellular,8,jul,2,-1,0,unknown,0,young
management,married,tertiary,no,852,no,no,unknown,13,jun,2,-1,0,unknown,0,young
admin.,married,secondary,no,975,yes,no,cellular,20,aug,1,-1,0,unknown,0,older
unknown,single,tertiary,no,792,no,no,unknown,16,jun,2,-1,0,unknown,0,older
technician,married,secondary,no,-295,yes,no,cellular,9,jan,2,-1,0,unknown,0,older
services,single,secondary,no,581,yes,no,cellular,17,apr,2,-1,0,unknown,0,young
retired,married,secondary,no,560,no,no,cellular,21,aug,1,-1,0,unknown,0,older
blue-collar,married,secondary,no,645,no,no,cellular,20,nov,1,178,1,success,1,young
management,married,tertiary,no,202,yes,no,unknown,6,jun,2,-1,0,unknown,0,older
blue-collar,married,primary,no,3,yes,no,cellular,27,apr,4,-1,0,unknown,0,young
admin.,married,secondary,no,712,yes,no,unknown,16,may,2,-1,0,unknown,0,young
technician,married,secondary,no,567,yes,no,unknown,3,jun,2,-1,0,unknown,0,older
admin.,married,secondary,no,445,yes,no,cellular,12,may,1,338,1,failure,0,young
blue-collar,married,primary,no,397,yes,no,unknown,15,may,2,-1,0,unknown,0,older
management,married,tertiary,no,603,no,no,cellular,22,feb,5,-1,0,unknown,0,young
technician,married,secondary,no,-286,no,no,cellular,27,jul,2,-1,0,unknown,0,young
technician,married,secondary,no,213,no,no,cellular,20,aug,5,25,6,failure,0,young
unknown,single,secondary,no,113,no,no,unknown,9,jun,2,-1,0,unknown,0,young
services,single,secondary,no,534,no,no,cellular,20,nov,1,-1,0,unknown,1,young
management,married,tertiary,no,671,no,no,cellular,4,aug,6,-1,0,unknown,0,older
technician,single,secondary,no,-8,no,no,cellular,13,aug,16,-1,0,unknown,0,young
blue-collar,married,primary,no,761,yes,no,cellular,14,nov,1,147,1,failure,0,young
admin.,married,secondary,no,700,no,no,cellular,6,jul,2,-1,0,unknown,0,young
technician,married,secondary,no,423,yes,no,unknown,13,may,2,-1,0,unknown,0,young
retired,married,secondary,no,962,no,no,cellular,4,feb,2,-1,0,unknown,0,older
housemaid,married,secondary,no,769,no,no,cellular,6,aug,2,-1,0,unknown,0,older
technician,married,secondary,no,935,no,no,cellular,18,aug,2,-1,0,unknown,0,older
technician,married,secondary,no,213,yes,no,cellular,30,aug,5,-1,0,unknown,0,older
technician,married,secondary,no,-180,yes,no,unknown,29,jun,2,-1,0,unknown,0,young
management,single,tertiary,no,469,yes,no,cellular,18,nov,1,27,1,failure,0,young
services,married,secondary,no,842,yes,no,cellular,13,jul,4,-1,0,unknown,0,young
blue-collar,married,secondary,no,775,no,no,cellular,1,nov,2,-1,0,unknown,0,older
admin.,married,secondary,no,112,no,no,unknown,9,jun,2,-1,0,unknown,0,young
technician,married,secondary,no,628,yes,no,cellular,21,aug,4,177,10,success,0,young
management,married,tertiary,no,1994,no,no,cellular,29,aug,3,92,2,success,1,older
admin.,single,secondary,no,225,yes,no,cellular,16,apr,2,-1,0,unknown,1,young
blue-collar,married,secondary,no,856,yes,no,cellular,3,jul,5,-1,0,unknown,0,young
technician,single,secondary,no,-161,yes,no,unknown,3,jun,2,-1,0,unknown,0,young
technician,married,secondary,no,621,no,no,cellular,19,aug,3,-1,0,unknown,0,young
management,married,tertiary,no,30,no,no,cellular,4,feb,2,-1,0,unknown,0,young
management,married,tertiary,no,-112,no,no,cellular,22,aug,6,-1,0,unknown,0,older
management,married,tertiary,no,7,yes,no,cellular,14,may,2,360,3,failure,0,young
technician,married,secondary,no,224,yes,no,cellular,22,nov,1,-1,0,unknown,0,older
management,married,tertiary,no,-41,yes,no,cellular,23,nov,4,-1,0,unknown,0,young
services,married,secondary,no,450,yes,no,cellular,25,aug,4,-1,0,unknown,0,young
technician,married,secondary,no,162,no,no,cellular,5,feb,5,-1,0,unknown,0,young
services,married,secondary,no,-69,yes,no,unknown,23,jun,2,-1,0,unknown,0,older
retired,married,secondary,no,520,no,no,unknown,3,jun,2,-1,0,unknown,0,older
technician,married,secondary,no,181,no,no,cellular,10,aug,1,-1,0,unknown,0,young
admin.,single,secondary,no,929,no,no,cellular,14,may,4,-1,0,unknown,0,young
blue-collar,married,primary,no,1066,no,no,cellular,11,aug,1,-1,0,unknown,0,older
retired,married,primary,no,251,no,no,cellular,12,aug,2,-1,0,unknown,0,older
management,married,tertiary,no,508,no,no,cellular,25,aug,6,-1,0,unknown,1,older
blue-collar,married,secondary,no,233,yes,no,cellular,20,nov,1,-1,0,unknown,0,young
services,single,secondary,no,248,no,no,cellular,20,nov,1,-1,0,unknown,0,young
technician,single,tertiary,no,265,no,no,unknown,28,may,2,-1,0,unknown,0,young
technician,single,secondary,no,712,no,no,cellular,7,jul,3,-1,0,unknown,0,young
technician,married,tertiary,no,348,yes,no,cellular,14,jul,4,-1,0,unknown,0,young
admin.,married,secondary,no,138,no,no,unknown,6,jun,2,-1,0,unknown,0,young
technician,single,secondary,no,769,no,no,unknown,17,jun,2,-1,0,unknown,0,young
services,married,secondary,no,654,no,no,cellular,26,aug,5,-1,0,unknown,0,young
technician,married,secondary,no,1167,yes,no,cellular,18,aug,1,-1,0,unknown,0,older
technician,single,secondary,no,385,no,no,cellular,20,aug,4,184,2,success,0,young
services,married,secondary,no,-37,yes,no,unknown,4,jun,4,-1,0,unknown,0,older
management,married,tertiary,no,1433,no,no,cellular,28,oct,1,92,1,success,1,older
admin.,married,secondary,no,-231,yes,no,cellular,13,may,2,-1,0,unknown,0,older
technician,single,secondary,no,162,yes,no,cellular,18,apr,2,235,6,failure,0,young
blue-collar,married,primary,no,551,no,no,unknown,15,may,2,-1,0,unknown,0,older
admin.,married,secondary,no,105,yes,no,cellular,13,may,3,-1,0,unknown,0,young
technician,married,secondary,no,-125,yes,no,cellular,14,jan,2,-1,0,unknown,0,older
management,married,tertiary,no,916,no,no,cellular,23,jul,2,-1,0,unknown,0,older
management,married,tertiary,no,942,yes,no,unknown,17,jun,28,-1,0,unknown,0,older
blue-collar,married,secondary,no,93,no,no,cellular,22,aug,3,-1,0,unknown,0,young
admin.,married,secondary,no,-451,no,no,cellular,29,jul,1,-1,0,unknown,1,older
retired,married,secondary,no,838,no,no,cellular,4,nov,1,-1,0,unknown,0,older
admin.,single,secondary,no,515,no,no,cellular,20,aug,3,-1,0,unknown,0,young
blue-collar,married,secondary,no,10,yes,no,cellular,29,jul,2,-1,0,unknown,0,young
entrepreneur,married,secondary,no,36,no,no,cellular,5,feb,2,-1,0,unknown,0,older
services,married,secondary,no,575,yes,no,cellular,23,jul,4,-1,0,unknown,0,older
technician,married,secondary,no,570,yes,no,cellular,8,jan,2,-1,0,unknown,0,older
technician,married,secondary,no,937,yes,no,cellular,14,nov,1,158,1,failure,0,young
technician,single,tertiary,no,724,yes,no,cellular,15,may,1,186,1,failure,0,young
housemaid,married,secondary,no,465,no,no,cellular,6,oct,1,-1,0,unknown,1,older
admin.,single,secondary,no,263,yes,no,unknown,20,jun,2,-1,0,unknown,0,young
technician,married,secondary,no,310,yes,no,cellular,19,aug,5,-1,0,unknown,0,young
services,married,secondary,no,863,no,no,cellular,8,aug,2,-1,0,unknown,0,young
technician,married,secondary,no,-170,yes,no,cellular,5,may,3,-1,0,unknown,0,older
blue-collar,single,primary,no,363,no,no,cellular,25,aug,2,-1,0,unknown,0,young
services,married,secondary,no,790,no,no,cellular,30,aug,2,-1,0,unknown,0,older
admin.,married,secondary,no,794,no,no,cellular,31,aug,1,-1,0,unknown,0,older
admin.,married,secondary,no,524,no,no,cellular,6,oct,1,96,1,success,1,older
technician,married,secondary,no,480,no,no,cellular,5,feb,1,193,5,failure,0,older
admin.,married,secondary,no,270,no,no,cellular,6,may,2,-1,0,unknown,0,older
services,single,secondary,no,-269,yes,no,unknown,21,jun,4,-1,0,unknown,0,young
student,single,tertiary,no,882,no,no,cellular,7,feb,4,-1,0,unknown,1,young
management,married,tertiary,no,795,no,no,cellular,29,aug,4,-1,0,unknown,0,young
blue-collar,married,primary,no,556,no,no,cellular,13,aug,2,-1,0,unknown,0,older
technician,single,tertiary,no,348,yes,no,cellular,15,apr,4,-1,0,unknown,0,young
management,single,tertiary,no,739,no,no,cellular,5,feb,1,-1,0,unknown,1,young
management,single,tertiary,no,229,no,no,cellular,9,aug,4,-1,0,unknown,0,young
technician,married,secondary,no,-197,yes,no,unknown,16,may,2,-1,0,unknown,0,young
admin.,married,secondary,no,215,yes,no,cellular,20,nov,1,-1,0,unknown,0,young
services,married,secondary,no,836,yes,no,unknown,15,may,5,-1,0,unknown,0,older
admin.,married,secondary,no,11,no,no,cellular,5,may,2,-1,0,unknown,0,young
admin.,single,secondary,no,1247,yes,no,cellular,6,may,5,-1,0,unknown,0,young
blue-collar,single,primary,no,315,yes,no,cellular,12,apr,1,-1,0,unknown,0,young
admin.,single,secondary,no,174,yes,no,unknown,23,jun,2,-1,0,unknown,0,young
management,married,tertiary,no,584,no,no,cellular,30,aug,2,-1,0,unknown,0,older
technician,married,secondary,no,391,yes,no,cellular,19,nov,1,103,1,failure,0,young
management,married,tertiary,no,1742,no,no,cellular,26,aug,4,94,3,success,1,older
blue-collar,married,secondary,no,104,yes,no,cellular,15,apr,2,-1,0,unknown,0,young
blue-collar,married,primary,no,659,no,no,cellular,18,aug,1,148,1,success,0,young
blue-collar,married,secondary,no,299,yes,no,cellular,14,may,2,-1,0,unknown,0,young
retired,married,primary,no,1311,yes,no,cellular,11,may,2,-1,0,unknown,0,older
management,single,tertiary,no,1411,no,no,cellular,11,aug,5,-1,0,unknown,0,young
retired,married,primary,no,-285,no,no,cellular,6,jul,2,-1,0,unknown,0,older
management,married,tertiary,no,420,yes,no,cellular,24,nov,3,-1,0,unknown,0,older
blue-collar,married,secondary,no,-6,no,yes,cellular,17,jul,1,-1,0,unknown,0,older
technician,single,secondary,no,-38,yes,no,cellular,5,feb,5,-1,0,unknown,0,young
services,married,secondary,no,283,yes,no,cellular,13,may,2,-1,0,unknown,0,young
technician,married,secondary,no,307,no,no,cellular,28,aug,3,-1,0,unknown,0,young
admin.,single,secondary,no,-190,yes,no,unknown,10,may,2,-1,0,unknown,0,young
management,married,tertiary,no,786,no,no,cellular,11,oct,1,-1,0,unknown,0,older
management,single,tertiary,no,1087,yes,no,cellular,13,jul,2,-1,0,unknown,0,young
management,single,tertiary,no,1223,no,no,cellular,20,aug,5,101,4,success,1,young
blue-collar,single,primary,no,6,no,no,cellular,17,jul,2,-1,0,unknown,0,young
unknown,married,secondary,no,148,no,no,cellular,14,jun,2,-1,0,unknown,0,older
technician,single,secondary,no,1164,no,no,cellular,5,may,1,129,2,failure,0,young
management,married,tertiary,no,756,no,no,cellular,30,aug,4,-1,0,unknown,0,young
unknown,married,secondary,no,493,no,no,cellular,6,sep,1,-1,0,unknown,0,older
management,married,tertiary,no,293,no,no,cellular,3,feb,7,-1,0,unknown,0,young
management,married,tertiary,no,2030,yes,no,cellular,19,nov,1,104,1,failure,0,older
technician,married,secondary,no,1373,yes,no,unknown,18,may,2,-1,0,unknown,0,older
blue-collar,married,secondary,no,30,yes,no,unknown,22,may,2,-1,0,unknown,0,young
housemaid,married,secondary,no,572,yes,no,cellular,15,may,2,-1,0,unknown,0,older
management,married,tertiary,no,706,no,no,cellular,2,nov,2,-1,0,unknown,0,older
admin.,married,secondary,no,91,yes,no,unknown,2,jun,5,-1,0,unknown,0,young
services,married,secondary,no,722,yes,no,unknown,13,may,2,-1,0,unknown,0,young
blue-collar,single,secondary,no,318,yes,no,cellular,18,nov,1,186,2,failure,0,young
blue-collar,married,secondary,no,-162,yes,no,unknown,13,may,2,-1,0,unknown,0,older
management,single,tertiary,no,191,no,no,cellular,26,jul,2,-1,0,unknown,0,young
management,married,tertiary,no,485,yes,no,cellular,6,may,2,-1,0,unknown,0,older
entrepreneur,married,tertiary,no,350,yes,no,cellular,17,may,2,-1,0,unknown,0,young
technician,single,tertiary,no,581,yes,no,cellular,9,may,2,-1,0,unknown,1,young
technician,married,secondary,no,512,yes,no,unknown,3,jun,4,-1,0,unknown,0,young
management,married,tertiary,no,140,yes,no,cellular,22,nov,1,208,4,failure,0,young
admin.,married,secondary,no,-610,yes,no,cellular,2,may,3,-1,0,unknown,0,older
blue-collar,married,secondary,no,85,yes,no,unknown,7,jun,4,-1,0,unknown,0,older
technician,married,secondary,no,-38,yes,no,cellular,18,aug,2,0,0,unknown,0,older
services,married,secondary,no,642,yes,no,cellular,8,apr,1,-1,0,unknown,1,young
blue-collar,married,secondary,no,369,yes,no,unknown,27,jun,2,-1,0,unknown,0,young
admin.,married,secondary,no,582,no,no,cellular,17,nov,1,-1,0,unknown,0,older
technician,single,secondary,no,550,no,no,cellular,30,jul,2,-1,0,unknown,0,young
blue-collar,married,secondary,no,-92,yes,no,cellular,7,apr,1,99,1,failure,0,older
admin.,married,secondary,no,-149,yes,no,cellular,29,aug,1,-1,0,unknown,0,young
technician,single,tertiary,no,757,yes,no,cellular,13,may,3,-1,0,unknown,0,young
technician,married,secondary,no,464,no,no,cellular,26,aug,6,-1,0,unknown,0,older
technician,married,secondary,no,535,no,no,cellular,5,aug,3,-1,0,unknown,0,young
management,married,tertiary,no,-17,yes,no,cellular,6,may,1,355,1,failure,0,young
blue-collar,married,secondary,no,784,no,no,cellular,22,aug,1,86,0,success,1,young
blue-collar,married,primary,no,756,no,no,unknown,7,jun,2,-1,0,unknown,0,older
blue-collar,married,primary,no,-291,yes,no,unknown,14,may,2,-1,0,unknown,0,young
technician,married,secondary,no,48,yes,no,cellular,18,nov,1,175,2,failure,0,young
admin.,married,secondary,no,1345,no,no,cellular,18,nov,1,189,2,failure,0,older
management,single,tertiary,no,1254,no,no,cellular,4,mar,2,-1,0,unknown,1,young
services,single,secondary,no,414,yes,no,unknown,14,jun,2,-1,0,unknown,0,young
technician,married,tertiary,no,165,no,no,cellular,20,aug,4,96,4,success,1,young
blue-collar,single,secondary,no,-293,yes,no,unknown,14,may,5,-1,0,unknown,0,young
technician,married,secondary,no,1119,yes,no,cellular,18,apr,1,174,1,failure,0,young
services,married,secondary,no,195,yes,no,cellular,23,jul,3,-1,0,unknown,0,older
blue-collar,married,primary,no,510,yes,no,cellular,4,nov,3,-1,0,unknown,0,young
blue-collar,single,secondary,no,845,yes,no,cellular,20,nov,2,175,2,failure,0,young
management,married,tertiary,no,556,no,no,cellular,28,aug,6,-1,0,unknown,0,older
technician,single,secondary,no,239,yes,no,cellular,18,nov,1,132,1,failure,0,young
technician,married,tertiary,no,227,yes,no,cellular,18,nov,1,-1,0,unknown,0,young
management,single,tertiary,no,103,yes,no,cellular,9,may,2,-1,0,unknown,0,young
blue-collar,married,primary,no,183,yes,no,cellular,15,may,4,-1,0,unknown,0,older
blue-collar,married,secondary,no,921,no,no,cellular,16,nov,2,-1,0,unknown,0,older
blue-collar,married,primary,no,335,no,no,cellular,5,jul,2,-1,0,unknown,0,young
admin.,married,secondary,no,546,yes,no,cellular,15,aug,3,-1,0,unknown,0,young
retired,married,secondary,no,1092,yes,no,cellular,17,feb,2,-1,0,unknown,0,older
services,married,secondary,no,-391,no,no,cellular,21,aug,6,-1,0,unknown,1,young
admin.,married,secondary,no,-311,yes,no,cellular,18,aug,1,-1,0,unknown,0,older
services,married,secondary,no,397,no,no,cellular,26,aug,2,-1,0,unknown,0,young
technician,married,tertiary,no,217,no,no,cellular,4,aug,4,-1,0,unknown,0,older
technician,married,secondary,no,1456,yes,no,unknown,15,may,3,-1,0,unknown,0,young
services,married,secondary,no,48,yes,no,cellular,16,apr,1,371,1,failure,0,older
management,single,tertiary,no,991,yes,no,cellular,18,apr,1,334,1,failure,0,young
technician,single,tertiary,no,823,no,no,cellular,21,nov,1,-1,0,unknown,0,young
technician,married,secondary,no,1057,yes,no,unknown,19,jun,2,-1,0,unknown,0,older
blue-collar,married,secondary,no,257,yes,no,cellular,5,feb,6,181,4,failure,0,young
technician,married,secondary,no,559,yes,no,unknown,3,may,2,-1,0,unknown,0,young
blue-collar,married,secondary,no,-393,yes,no,unknown,2,jul,2,-1,0,unknown,0,older
technician,married,secondary,no,427,yes,no,unknown,12,jun,2,-1,0,unknown,0,older
student,single,tertiary,no,1369,no,no,cellular,19,aug,5,-1,4,success,1,young
admin.,married,secondary,no,-148,no,no,cellular,5,jan,1,84,3,failure,0,young
admin.,married,secondary,no,265,no,no,cellular,3,oct,1,86,2,success,1,older
entrepreneur,married,tertiary,no,-54,no,no,cellular,24,jul,2,-1,0,unknown,0,young
technician,married,secondary,no,324,yes,no,unknown,6,may,4,-1,0,unknown,0,young
blue-collar,married,secondary,no,114,no,no,cellular,28,jul,4,-1,0,unknown,0,older
admin.,single,secondary,no,1293,yes,no,unknown,15,jun,2,-1,0,unknown,0,young
technician,married,secondary,no,22,yes,no,unknown,11,may,2,-1,0,unknown,0,older
technician,married,secondary,no,112,yes,no,cellular,6,may,1,295,1,failure,0,young
technician,married,secondary,no,40,yes,no,cellular,12,may,1,359,1,failure,0,young
blue-collar,married,secondary,no,462,yes,no,cellular,21,aug,3,178,0,failure,0,young
management,single,tertiary,no,1139,no,no,cellular,7,sep,1,175,4,failure,0,young
admin.,married,secondary,no,25,no,no,cellular,6,jun,3,-1,0,unknown,0,older
blue-collar,married,primary,no,1040,yes,no,unknown,21,jun,2,-1,0,unknown,0,older
admin.,married,secondary,no,80,yes,no,cellular,13,apr,1,-1,0,unknown,0,older
blue-collar,married,secondary,no,-570,yes,no,unknown,16,jun,2,-1,0,unknown,0,older
management,married,tertiary,no,319,yes,no,cellular,14,may,3,-1,0,unknown,0,young
services,married,secondary,no,-21,yes,no,cellular,20,jul,3,-1,0,unknown,0,young
management,married,tertiary,no,327,yes,no,unknown,5,may,4,-1,0,unknown,0,young
services,married,primary,no,-188,yes,no,unknown,12,jun,29,-1,0,unknown,0,older
management,single,tertiary,no,20,no,no,unknown,4,jun,2,-1,0,unknown,0,young
technician,single,secondary,no,573,yes,no,unknown,2,jun,2,-1,0,unknown,0,young
management,single,tertiary,no,793,yes,no,cellular,15,apr,2,-1,0,unknown,0,young
blue-collar,married,secondary,no,473,no,no,cellular,21,aug,1,95,2,success,0,older
technician,single,tertiary,no,684,yes,no,unknown,28,may,2,-1,0,unknown,0,young
blue-collar,single,secondary,no,353,yes,no,unknown,4,jun,4,-1,0,unknown,0,young
blue-collar,married,secondary,no,1218,yes,no,unknown,16,jun,3,-1,0,unknown,0,older
services,married,secondary,no,336,yes,no,cellular,20,nov,1,-1,0,unknown,0,young
blue-collar,married,secondary,no,537,no,no,unknown,3,jun,2,-1,0,unknown,0,older
management,married,tertiary,no,1816,no,no,cellular,3,aug,2,-1,0,unknown,0,older
student,single,tertiary,no,755,no,no,cellular,12,aug,2,-1,0,unknown,0,young
management,married,tertiary,no,-62,yes,no,unknown,14,may,4,-1,0,unknown,0,young
admin.,married,secondary,no,-298,yes,no,cellular,18,apr,2,-1,0,unknown,0,young
retired,married,secondary,no,781,no,no,cellular,27,jul,2,-1,0,unknown,0,older
management,married,tertiary,no,1218,no,no,cellular,20,aug,5,0,4,success,1,older
student,single,secondary,no,-116,yes,no,cellular,13,may,5,-1,0,unknown,0,young
admin.,married,secondary,no,751,no,no,cellular,8,jul,3,-1,0,unknown,0,older
management,married,tertiary,no,-157,yes,no,unknown,12,may,3,-1,0,unknown,0,older
technician,married,secondary,no,-17,yes,no,cellular,20,aug,3,189,2,failure,0,young
management,single,tertiary,no,17,no,no,cellular,16,jul,3,-1,0,unknown,0,young
admin.,married,secondary,no,85,yes,no,cellular,21,aug,1,-1,0,unknown,0,older
blue-collar,married,secondary,no,408,yes,no,cellular,17,apr,3,-1,0,unknown,0,young
blue-collar,married,secondary,no,490,yes,no,cellular,28,jul,2,-1,0,unknown,0,young
management,married,tertiary,no,190,no,no,cellular,7,jun,4,-1,0,unknown,0,young
management,married,tertiary,no,768,no,no,cellular,20,aug,1,-1,0,unknown,0,young
blue-collar,married,secondary,no,1262,yes,no,unknown,17,may,3,-1,0,unknown,0,young
management,married,tertiary,no,293,yes,no,cellular,20,apr,2,-1,0,unknown,0,young
technician,married,tertiary,no,281,no,no,cellular,28,aug,1,-1,0,unknown,0,young
technician,single,secondary,no,-27,no,no,cellular,9,jul,2,-1,0,unknown,0,young
admin.,married,secondary,no,-331,yes,no,cellular,2,nov,2,-1,0,unknown,0,older
technician,married,secondary,no,-336,no,no,unknown,2,jun,4,-1,0,unknown,0,older
blue-collar,single,secondary,no,1582,no,no,cellular,12,feb,1,178,3,failure,0,young
blue-collar,married,secondary,no,811,no,no,cellular,7,oct,1,-1,0,unknown,1,older
blue-collar,married,secondary,no,1105,no,no,cellular,25,jul,5,-1,0,unknown,0,young
blue-collar,married,secondary,no,336,yes,no,cellular,6,jul,1,-1,0,unknown,0,older
services,married,secondary,no,1186,yes,no,cellular,5,feb,2,-1,0,unknown,0,young
management,married,tertiary,no,914,no,no,unknown,29,jun,2,-1,0,unknown,0,older
technician,married,secondary,no,673,no,no,unknown,16,jun,2,-1,0,unknown,0,young
blue-collar,single,primary,no,670,yes,no,unknown,21,jun,5,-1,0,unknown,0,young
blue-collar,single,secondary,no,644,yes,no,unknown,3,may,2,-1,0,unknown,0,young
admin.,single,secondary,no,626,no,no,cellular,25,apr,1,-1,0,unknown,1,young
technician,single,secondary,no,194,yes,no,unknown,26,jun,2,-1,0,unknown,0,young
technician,married,secondary,no,-3,no,no,cellular,2,nov,4,-1,0,unknown,0,young
technician,married,secondary,no,838,no,no,cellular,19,aug,4,174,2,unknown,0,young
blue-collar,married,secondary,no,960,yes,no,cellular,19,nov,2,182,4,failure,0,young
management,single,tertiary,no,195,yes,no,cellular,25,may,5,136,4,success,1,young
management,married,tertiary,no,1076,yes,no,cellular,19,may,3,-1,0,unknown,0,young
technician,married,secondary,no,1138,no,no,cellular,30,aug,2,84,2,success,1,young
services,married,secondary,no,131,yes,no,unknown,16,may,2,-1,0,unknown,0,young
student,single,secondary,no,1484,no,no,cellular,29,aug,4,-1,0,unknown,0,young
blue-collar,married,primary,no,-151,no,no,cellular,18,aug,3,-1,0,unknown,0,older
services,married,secondary,no,823,yes,no,cellular,14,jul,4,-1,0,unknown,0,older
management,married,tertiary,no,116,yes,no,unknown,7,may,3,-1,0,unknown,0,young
admin.,single,secondary,no,-516,yes,no,unknown,9,jun,2,-1,0,unknown,0,young
retired,married,primary,no,57,no,no,unknown,17,may,3,-1,0,unknown,0,older
admin.,married,secondary,no,491,yes,no,unknown,4,jun,2,-1,0,unknown,0,older
admin.,single,secondary,no,195,yes,no,cellular,11,may,2,-1,0,unknown,0,young
management,married,tertiary,no,-641,yes,yes,cellular,23,jul,1,-1,0,unknown,0,older
management,married,tertiary,no,350,no,no,cellular,7,apr,1,-1,0,unknown,1,young
technician,married,secondary,no,672,yes,no,unknown,21,jun,11,-1,0,unknown,0,older
management,single,tertiary,no,-72,yes,no,cellular,11,aug,2,-1,0,unknown,0,young
technician,married,secondary,no,-97,yes,no,unknown,1,jun,2,-1,0,unknown,0,older
services,married,secondary,no,-521,yes,no,cellular,15,may,4,-1,0,unknown,0,older
technician,single,secondary,no,216,yes,no,cellular,20,jul,2,-1,0,unknown,0,young
management,married,tertiary,no,588,no,no,cellular,7,aug,5,-1,0,unknown,0,young
blue-collar,married,primary,no,1333,yes,no,unknown,15,jun,5,-1,0,unknown,0,young
technician,married,secondary,no,-16,no,no,cellular,8,may,2,-1,0,unknown,0,young
admin.,married,secondary,no,479,no,no,unknown,8,may,2,-1,0,unknown,0,older
blue-collar,married,secondary,no,11,no,no,unknown,9,jun,2,-1,0,unknown,0,older
blue-collar,married,primary,no,370,no,no,cellular,9,oct,2,-1,0,unknown,0,young
management,married,tertiary,no,2128,no,no,cellular,28,aug,5,100,4,success,1,older
management,single,tertiary,no,636,no,no,cellular,2,jun,4,-1,0,unknown,0,young
management,single,tertiary,no,293,no,no,cellular,15,apr,2,-1,0,unknown,1,young
technician,single,tertiary,no,218,yes,no,unknown,16,jun,2,-1,0,unknown,0,young
management,single,tertiary,no,555,no,no,cellular,13,jul,1,-1,0,unknown,0,young
technician,married,secondary,no,242,no,no,cellular,9,jul,5,-1,0,unknown,0,young
technician,married,secondary,no,589,no,no,cellular,24,nov,1,-1,0,unknown,0,young
services,married,secondary,no,640,yes,no,unknown,28,may,3,-1,0,unknown,0,young
technician,married,secondary,no,42,no,no,cellular,8,aug,2,-1,0,unknown,0,young
management,married,tertiary,no,-167,yes,no,cellular,17,apr,1,340,1,failure,0,older
technician,married,secondary,no,384,yes,no,cellular,16,jul,4,-1,0,unknown,0,older
technician,single,secondary,no,750,no,no,cellular,21,aug,2,-1,0,unknown,0,young
retired,married,tertiary,no,846,no,no,cellular,13,aug,3,-1,0,unknown,0,older
admin.,married,secondary,no,703,yes,no,cellular,13,apr,2,-1,0,unknown,0,young
technician,married,secondary,no,1163,no,no,cellular,4,aug,1,93,2,failure,0,older
blue-collar,married,primary,no,1342,yes,no,unknown,14,may,5,-1,0,unknown,0,older
technician,married,secondary,no,-35,yes,no,cellular,7,jan,1,268,3,failure,0,older
management,single,tertiary,no,45,no,no,cellular,15,may,3,-1,0,unknown,0,young
technician,married,secondary,no,1166,no,no,unknown,2,jun,2,-1,0,unknown,0,older
blue-collar,married,primary,no,181,no,no,cellular,10,may,4,-1,0,unknown,0,older
management,married,tertiary,no,25,no,no,cellular,6,aug,2,-1,0,unknown,0,young
blue-collar,married,primary,no,541,yes,no,cellular,18,jul,5,-1,0,unknown,0,young
management,married,tertiary,no,525,no,no,cellular,21,aug,1,86,1,failure,0,older
blue-collar,married,secondary,no,-159,no,no,cellular,22,nov,1,-1,0,unknown,0,older
services,married,secondary,no,476,no,no,cellular,5,nov,4,-1,0,unknown,0,young
management,married,tertiary,no,626,yes,no,unknown,20,jun,6,-1,0,unknown,0,young
services,married,secondary,no,117,yes,no,cellular,17,jul,1,-1,0,unknown,0,young
blue-collar,married,secondary,no,219,yes,no,unknown,6,may,2,-1,0,unknown,0,young
technician,married,secondary,no,803,no,no,cellular,8,jul,4,-1,0,unknown,0,older
blue-collar,married,secondary,no,563,yes,no,cellular,19,aug,1,103,1,failure,0,older
technician,married,secondary,no,451,yes,no,cellular,12,jul,5,-1,0,unknown,0,older
admin.,married,secondary,no,1000,yes,no,unknown,17,jun,2,-1,0,unknown,0,young
admin.,married,secondary,no,-22,no,no,unknown,14,jun,2,-1,0,unknown,0,older
services,married,secondary,no,10,yes,no,unknown,7,may,2,-1,0,unknown,0,young
admin.,single,secondary,no,-271,no,no,cellular,19,aug,2,-1,0,unknown,0,young
technician,married,secondary,no,467,no,no,cellular,21,aug,1,-1,0,unknown,0,older
blue-collar,married,primary,no,-105,no,no,unknown,3,jun,1,-1,0,unknown,0,older
management,married,tertiary,no,101,no,no,cellular,8,feb,2,-1,0,unknown,0,young
management,married,tertiary,no,805,no,no,cellular,31,aug,1,181,0,failure,0,older
blue-collar,married,primary,no,746,yes,no,unknown,2,may,5,-1,0,unknown,0,older
technician,single,secondary,no,482,yes,no,cellular,18,nov,5,-1,0,unknown,0,young
blue-collar,married,primary,no,839,no,no,cellular,21,nov,1,-1,0,unknown,1,older
blue-collar,married,primary,no,69,yes,no,cellular,16,apr,2,-1,0,unknown,0,older
services,single,secondary,no,1036,yes,no,unknown,11,jun,2,-1,0,unknown,0,young
admin.,married,secondary,no,-95,no,no,cellular,6,aug,2,-1,0,unknown,0,young
student,single,tertiary,no,531,yes,no,unknown,23,jun,5,-1,0,unknown,0,young
technician,married,secondary,no,682,yes,no,cellular,29,jul,2,-1,0,unknown,0,young
entrepreneur,married,tertiary,no,576,yes,no,unknown,7,may,5,-1,0,unknown,0,older
blue-collar,married,primary,no,1117,no,no,cellular,3,aug,4,-1,0,unknown,0,older
blue-collar,married,primary,no,-34,yes,no,unknown,16,jun,3,-1,0,unknown,0,older
blue-collar,married,primary,no,670,yes,no,cellular,14,may,4,371,3,failure,0,older
retired,married,primary,no,1885,no,no,cellular,17,oct,1,-1,0,unknown,1,older
management,married,tertiary,no,903,yes,no,cellular,13,aug,3,-1,0,unknown,0,older
blue-collar,married,secondary,no,104,yes,no,cellular,28,jul,2,-1,0,unknown,0,older
management,single,tertiary,no,38,yes,no,unknown,5,jun,5,-1,0,unknown,0,young
management,married,tertiary,no,1078,no,no,cellular,20,aug,1,97,2,failure,0,young
blue-collar,married,secondary,no,688,no,no,cellular,19,aug,1,88,1,success,1,young
admin.,married,secondary,no,-34,yes,no,cellular,30,aug,2,-1,0,unknown,0,older
technician,married,secondary,no,-638,yes,no,unknown,13,may,2,-1,0,unknown,0,older
management,married,tertiary,no,575,yes,no,cellular,14,may,2,-1,0,unknown,1,young
admin.,single,secondary,no,-238,no,no,cellular,6,jul,2,-1,0,unknown,0,young
management,single,tertiary,no,-183,yes,no,cellular,5,may,2,-1,0,unknown,0,young
blue-collar,married,primary,no,487,no,no,cellular,29,aug,1,-1,0,unknown,0,young
retired,married,secondary,no,961,no,no,cellular,22,aug,1,178,1,failure,0,older
services,single,secondary,no,266,no,no,unknown,9,jun,2,-1,0,unknown,0,young
blue-collar,married,secondary,no,95,yes,no,cellular,16,apr,2,-1,0,unknown,0,young
blue-collar,married,primary,no,101,no,no,cellular,21,aug,1,88,2,success,0,older
blue-collar,married,secondary,no,-82,no,no,cellular,28,aug,3,-1,0,unknown,0,older
admin.,married,secondary,no,867,yes,no,unknown,21,jun,5,-1,0,unknown,0,older
technician,married,secondary,no,519,yes,no,cellular,20,aug,4,188,4,failure,0,young
blue-collar,single,secondary,no,582,yes,no,cellular,18,nov,2,-1,0,unknown,0,young
technician,married,secondary,no,41,no,no,cellular,20,aug,2,-1,0,unknown,0,young
technician,married,secondary,no,379,yes,no,cellular,24,jul,6,-1,0,unknown,0,older
retired,married,secondary,no,498,yes,no,cellular,7,may,2,-1,0,unknown,0,older
blue-collar,married,secondary,no,174,yes,no,unknown,14,may,4,-1,0,unknown,0,young
management,married,tertiary,no,1072,yes,no,unknown,4,may,2,-1,0,unknown,0,older
admin.,married,secondary,no,84,yes,no,unknown,12,may,2,-1,0,unknown,0,older
management,married,tertiary,no,607,yes,no,cellular,17,apr,2,339,2,failure,0,older
management,married,tertiary,no,611,yes,no,cellular,26,aug,4,-1,0,unknown,0,older
blue-collar,single,secondary,no,134,no,no,unknown,6,may,2,-1,0,unknown,0,young
technician,married,tertiary,no,898,no,no,unknown,14,jun,2,-1,0,unknown,0,older
technician,single,tertiary,no,812,no,no,cellular,28,aug,2,-1,0,unknown,0,young
technician,married,secondary,no,-1,yes,no,cellular,13,aug,4,-1,0,unknown,0,older
technician,married,secondary,no,118,yes,no,unknown,10,may,2,-1,0,unknown,0,older
management,married,tertiary,no,578,yes,no,cellular,29,apr,1,-1,0,unknown,0,young
services,married,secondary,no,197,yes,no,unknown,6,jun,2,-1,0,unknown,0,older
admin.,married,secondary,no,63,yes,no,cellular,18,aug,2,-1,0,unknown,0,older
blue-collar,single,secondary,no,595,yes,no,unknown,9,jun,2,-1,0,unknown,0,young
technician,married,secondary,no,956,yes,no,unknown,11,may,2,-1,0,unknown,0,older
admin.,married,secondary,no,337,yes,no,unknown,15,may,2,-1,0,unknown,0,older
technician,married,secondary,no,692,no,no,cellular,28,jan,1,-1,0,unknown,0,young
services,married,secondary,no,194,no,no,cellular,10,may,2,-1,0,unknown,1,young
technician,single,tertiary,no,596,no,no,cellular,5,aug,3,-1,0,unknown,0,young
technician,married,secondary,no,387,yes,no,unknown,5,may,2,-1,0,unknown,0,young
management,married,tertiary,no,702,yes,no,cellular,21,aug,6,-1,4,success,0,older
blue-collar,married,secondary,no,-283,yes,no,unknown,14,jun,6,-1,0,unknown,0,young
technician,married,secondary,no,728,no,no,cellular,3,aug,2,-1,0,unknown,0,older
admin.,married,secondary,no,-383,no,no,cellular,8,may,2,-1,0,unknown,1,young
blue-collar,married,secondary,no,-166,yes,no,cellular,20,jul,3,-1,0,unknown,0,older
entrepreneur,married,tertiary,no,330,no,no,unknown,19,jun,3,-1,0,unknown,0,older
technician,married,secondary,no,-145,yes,no,cellular,13,jul,5,-1,0,unknown,0,young
management,married,secondary,no,1232,yes,no,cellular,20,nov,1,84,1,failure,0,older
management,married,tertiary,no,504,no,no,cellular,3,nov,1,-1,0,unknown,0,older
admin.,married,secondary,no,436,no,no,cellular,6,nov,1,-1,0,unknown,0,young
retired,married,secondary,no,539,no,no,cellular,6,feb,1,177,1,success,1,older
technician,married,secondary,no,1027,yes,no,cellular,23,jul,2,-1,0,unknown,0,older
management,married,tertiary,no,536,yes,no,cellular,13,may,3,-1,0,unknown,0,young
management,married,tertiary,no,-19,no,no,cellular,6,may,3,-1,0,unknown,0,older
services,married,secondary,no,789,yes,no,unknown,16,may,2,-1,0,unknown,0,older
management,single,tertiary,no,500,yes,no,cellular,18,nov,1,186,5,failure,0,young
services,single,secondary,no,663,no,no,cellular,6,feb,2,-1,0,unknown,0,young
services,married,secondary,no,129,no,no,unknown,3,jun,5,-1,0,unknown,0,young
management,single,tertiary,no,311,no,no,cellular,29,aug,4,-1,0,unknown,0,young
management,married,tertiary,no,1578,no,no,cellular,20,aug,5,-1,5,success,1,older
blue-collar,married,secondary,no,-823,yes,no,cellular,21,aug,5,-1,0,unknown,0,young
technician,single,secondary,no,1211,no,no,cellular,5,may,1,269,2,failure,0,young
blue-collar,married,secondary,no,666,yes,no,unknown,16,may,2,-1,0,unknown,0,young
management,married,tertiary,no,482,no,no,cellular,21,aug,5,-1,0,unknown,1,older
blue-collar,single,secondary,no,940,no,no,cellular,25,jul,2,-1,0,unknown,0,young
technician,married,secondary,no,520,yes,no,unknown,21,may,3,-1,0,unknown,0,young
management,married,tertiary,no,238,no,no,cellular,11,may,3,-1,0,unknown,0,older
blue-collar,married,secondary,no,9,no,no,cellular,4,jul,4,-1,0,unknown,0,young
services,married,secondary,no,1389,yes,no,cellular,14,jul,3,-1,0,unknown,0,older
management,married,tertiary,no,1405,no,no,cellular,21,aug,4,103,2,success,1,young
technician,single,tertiary,no,65,no,no,cellular,27,aug,4,0,0,unknown,1,young
technician,married,secondary,no,708,no,no,cellular,4,nov,4,-1,0,unknown,0,young
services,married,secondary,no,34,yes,no,unknown,8,jun,2,-1,0,unknown,0,older
management,married,tertiary,no,844,no,no,cellular,16,feb,5,-1,0,unknown,0,older
blue-collar,married,primary,no,293,yes,no,unknown,14,jun,4,-1,0,unknown,0,young
technician,married,secondary,no,760,yes,no,unknown,12,may,3,-1,0,unknown,0,older
management,married,tertiary,no,938,no,no,cellular,28,aug,4,-1,0,unknown,0,young
management,married,tertiary,no,829,yes,no,unknown,20,jun,2,-1,0,unknown,0,young
admin.,married,secondary,no,536,no,no,unknown,3,jun,3,-1,0,unknown,0,older
admin.,married,secondary,no,512,no,no,unknown,5,jun,3,-1,0,unknown,0,young
student,single,secondary,no,244,yes,no,cellular,12,may,2,-1,0,unknown,0,young
blue-collar,married,secondary,no,445,yes,no,cellular,7,jul,3,-1,0,unknown,0,young
technician,married,tertiary,no,624,no,no,cellular,18,aug,1,-1,0,unknown,0,young
services,married,secondary,no,-106,yes,no,cellular,3,may,3,-1,0,unknown,0,young
blue-collar,single,secondary,no,742,yes,no,cellular,12,apr,2,-1,0,unknown,0,young
admin.,married,secondary,no,358,no,no,cellular,13,aug,4,-1,0,unknown,0,young
retired,married,primary,no,980,no,no,cellular,15,aug,2,-1,0,unknown,0,older
services,married,secondary,no,204,yes,no,unknown,5,may,2,-1,0,unknown,0,young
technician,married,secondary,no,-265,no,no,cellular,5,feb,2,-1,0,unknown,0,older
admin.,married,secondary,no,-68,no,no,cellular,26,aug,2,-1,0,unknown,0,older
management,married,tertiary,no,683,no,no,unknown,10,jun,4,-1,0,unknown,0,older
blue-collar,married,secondary,no,625,yes,no,unknown,5,may,3,-1,0,unknown,0,young
technician,single,tertiary,no,188,no,no,cellular,17,aug,4,-1,0,unknown,0,young
management,married,tertiary,no,382,yes,no,cellular,14,aug,4,-1,0,unknown,0,young
admin.,married,secondary,no,-146,yes,no,cellular,15,jul,4,-1,0,unknown,0,young
management,married,secondary,no,597,yes,no,cellular,5,may,2,341,2,failure,0,older
blue-collar,married,primary,no,1040,yes,no,cellular,17,aug,3,-1,0,unknown,0,young
admin.,married,secondary,no,727,no,no,cellular,3,feb,2,-1,0,unknown,0,older
admin.,married,secondary,no,858,no,no,cellular,29,aug,4,-1,0,unknown,0,older
technician,married,secondary,no,728,yes,no,cellular,21,jul,4,-1,0,unknown,0,older
management,married,primary,no,387,no,no,cellular,15,apr,3,-1,0,unknown,0,older
admin.,married,secondary,no,638,yes,no,cellular,18,apr,1,203,1,failure,0,young
technician,single,secondary,no,-196,yes,no,cellular,13,nov,1,-1,0,unknown,0,young
admin.,single,secondary,no,-111,no,no,cellular,26,aug,2,-1,0,unknown,0,young
technician,single,secondary,no,960,yes,no,unknown,4,may,3,-1,0,unknown,0,young
unemployed,single,secondary,no,1054,no,no,cellular,3,feb,2,-1,0,unknown,0,young
technician,married,secondary,no,132,yes,no,cellular,14,aug,2,-1,0,unknown,0,young
retired,married,secondary,no,943,no,no,cellular,8,jul,2,-1,0,unknown,0,older
blue-collar,single,primary,no,203,yes,no,unknown,5,may,5,-1,0,unknown,0,young
entrepreneur,married,secondary,no,-218,yes,no,cellular,20,jul,2,-1,0,unknown,0,older
blue-collar,married,primary,no,470,yes,no,unknown,13,jun,6,-1,0,unknown,0,young
management,married,tertiary,no,316,yes,no,cellular,3,feb,3,-1,0,unknown,0,young
management,married,tertiary,no,-325,yes,no,cellular,17,jul,2,-1,0,unknown,0,young
retired,married,primary,no,-188,yes,no,cellular,17,jul,2,-1,0,unknown,0,older
blue-collar,single,secondary,no,275,yes,no,cellular,12,may,5,388,3,other,0,young
student,single,secondary,no,255,no,no,cellular,8,oct,1,-1,0,unknown,0,young
services,married,secondary,no,451,yes,no,cellular,5,feb,1,273,1,failure,0,older
entrepreneur,married,secondary,no,1412,yes,no,unknown,20,may,4,-1,0,unknown,0,older
retired,married,primary,no,841,no,no,cellular,13,jul,4,-1,0,unknown,0,older
technician,single,secondary,no,1099,yes,no,unknown,20,jun,2,-1,0,unknown,0,young
admin.,married,secondary,no,418,yes,no,cellular,24,aug,2,-1,0,unknown,0,young
management,single,tertiary,no,65,no,no,unknown,7,jun,3,-1,0,unknown,0,young
blue-collar,married,secondary,no,9,yes,no,cellular,15,jul,3,-1,0,unknown,0,young
management,married,tertiary,no,227,yes,no,cellular,19,aug,1,-1,1,failure,0,older
entrepreneur,married,secondary,no,114,yes,no,unknown,8,jun,23,-1,0,unknown,0,young
technician,married,secondary,no,-192,yes,no,unknown,5,jun,2,-1,0,unknown,0,older
technician,married,secondary,no,221,yes,no,unknown,19,jun,4,-1,0,unknown,0,young
admin.,married,secondary,no,47,no,no,unknown,18,may,3,-1,0,unknown,0,older
blue-collar,married,primary,no,498,yes,no,unknown,16,may,2,-1,0,unknown,0,young
technician,single,secondary,no,660,yes,no,unknown,23,jun,2,-1,0,unknown,0,young
entrepreneur,married,secondary,no,914,yes,no,cellular,8,jul,5,-1,0,unknown,0,older
technician,married,secondary,no,276,no,no,cellular,22,aug,3,182,0,unknown,0,young
blue-collar,married,secondary,no,236,yes,no,cellular,17,nov,1,-1,0,unknown,0,older
services,married,secondary,no,171,yes,no,unknown,13,may,2,-1,0,unknown,0,young
blue-collar,married,primary,no,533,no,no,cellular,20,aug,3,-1,0,unknown,1,older
housemaid,married,primary,no,207,no,no,unknown,11,jun,2,-1,0,unknown,0,older
services,married,secondary,no,-28,no,no,cellular,24,jul,1,-1,0,unknown,0,young
services,single,secondary,no,401,no,no,cellular,21,apr,4,-1,0,unknown,0,young
student,single,tertiary,no,795,no,no,cellular,26,aug,1,-1,0,unknown,0,young
blue-collar,single,primary,no,491,yes,no,cellular,3,nov,1,-1,0,unknown,0,young
admin.,single,secondary,no,371,no,no,cellular,5,aug,1,103,6,success,1,young
technician,married,tertiary,no,1154,yes,no,cellular,19,nov,2,-1,0,unknown,0,young
services,married,secondary,no,933,yes,no,unknown,18,jun,5,-1,0,unknown,0,older
services,single,secondary,no,1252,yes,no,cellular,5,may,2,327,3,failure,0,young
blue-collar,married,primary,no,-168,yes,no,unknown,7,jun,2,-1,0,unknown,0,older
admin.,married,secondary,no,367,yes,no,unknown,14,may,3,-1,0,unknown,0,older
student,single,secondary,no,687,no,no,cellular,14,jul,2,-1,0,unknown,0,young
retired,married,secondary,no,-604,no,no,cellular,29,apr,1,-1,0,unknown,1,older
technician,married,secondary,no,168,yes,no,cellular,18,nov,1,133,1,failure,0,older
housemaid,married,primary,no,142,no,no,cellular,27,jul,2,-1,0,unknown,0,older
management,married,tertiary,no,640,no,no,unknown,30,jun,2,-1,0,unknown,1,young
admin.,married,secondary,no,712,no,no,cellular,21,nov,1,-1,0,unknown,0,young
blue-collar,married,primary,no,550,yes,no,cellular,14,may,5,371,6,failure,0,older
unknown,married,secondary,no,69,no,no,cellular,20,jun,2,-1,0,unknown,0,young
technician,married,secondary,no,531,yes,no,cellular,30,may,1,329,2,failure,0,older
retired,married,secondary,no,1622,yes,no,unknown,15,jun,2,-1,0,unknown,0,older
management,married,tertiary,no,820,yes,no,cellular,15,jul,3,-1,0,unknown,0,young
technician,married,secondary,no,628,yes,no,cellular,20,aug,4,88,4,success,0,young
technician,married,tertiary,no,1057,yes,no,cellular,17,nov,3,-1,0,unknown,0,young
technician,married,secondary,no,-19,yes,no,cellular,11,aug,2,-1,0,unknown,0,young
admin.,married,secondary,no,457,yes,no,cellular,19,nov,1,-1,0,unknown,0,young
blue-collar,married,primary,no,702,yes,no,cellular,22,jul,1,-1,0,unknown,0,young
management,married,tertiary,no,1598,no,no,cellular,3,jun,1,-1,0,unknown,1,older
management,married,tertiary,no,608,no,no,cellular,19,aug,2,-1,0,unknown,0,older
management,married,tertiary,no,434,yes,no,cellular,28,aug,5,-1,0,unknown,0,older
technician,married,tertiary,no,-60,no,no,cellular,7,aug,4,-1,0,unknown,0,young
technician,married,secondary,no,50,no,no,cellular,6,aug,4,-1,0,unknown,0,young
services,married,secondary,no,-371,yes,yes,cellular,15,jul,2,-1,0,unknown,0,young
blue-collar,married,secondary,no,206,no,no,unknown,18,jun,7,-1,0,unknown,0,older
blue-collar,married,secondary,no,281,yes,no,cellular,11,may,3,-1,0,unknown,0,older
management,married,tertiary,no,-488,yes,no,unknown,30,may,3,-1,0,unknown,0,young
admin.,single,secondary,no,611,no,no,cellular,8,feb,6,-1,0,unknown,0,young
services,married,secondary,no,1109,no,no,cellular,21,aug,1,183,1,success,0,young
blue-collar,married,secondary,no,241,yes,no,cellular,20,jul,5,-1,0,unknown,0,older
management,married,secondary,no,301,yes,no,cellular,7,may,3,-1,0,unknown,0,older
blue-collar,married,secondary,no,675,no,no,unknown,5,jun,10,-1,0,unknown,0,older
management,married,tertiary,no,63,no,no,cellular,2,jul,2,-1,0,unknown,0,young
services,single,secondary,no,89,yes,no,unknown,23,jun,2,-1,0,unknown,0,young
admin.,married,secondary,no,388,no,no,cellular,4,feb,2,-1,0,unknown,0,older
management,married,tertiary,no,236,yes,no,cellular,18,nov,1,117,1,failure,0,older
admin.,married,secondary,no,-34,no,yes,cellular,27,jul,2,-1,0,unknown,0,young
management,married,tertiary,no,746,no,no,cellular,2,oct,1,-1,0,unknown,1,older
technician,married,tertiary,no,670,no,no,cellular,9,aug,4,-1,0,unknown,0,young
management,married,tertiary,no,-293,yes,no,cellular,14,jul,5,-1,0,unknown,0,older
technician,married,secondary,no,-230,yes,no,unknown,6,jun,2,-1,0,unknown,0,older
self-employed,single,tertiary,no,50,no,no,cellular,3,feb,2,-1,0,unknown,1,young
blue-collar,married,secondary,no,-13,no,no,cellular,20,aug,1,-1,0,unknown,0,older
services,married,secondary,no,455,yes,no,unknown,9,jun,2,-1,0,unknown,0,young
blue-collar,married,primary,no,401,yes,no,cellular,14,may,2,356,6,failure,0,older
technician,married,tertiary,no,490,no,no,cellular,29,jan,1,40,6,failure,0,young
admin.,married,secondary,no,171,yes,no,cellular,15,may,2,-1,0,unknown,0,older
blue-collar,married,secondary,no,148,yes,no,cellular,15,may,2,-1,0,unknown,1,young
blue-collar,married,secondary,no,40,yes,no,cellular,7,apr,2,-1,0,unknown,0,older
student,single,secondary,no,701,no,no,cellular,12,apr,1,164,6,other,1,young
management,married,tertiary,no,519,no,no,cellular,22,jul,1,-1,0,unknown,0,older
admin.,single,secondary,no,393,yes,no,cellular,13,apr,4,-1,0,unknown,0,young
management,married,tertiary,no,-305,yes,no,unknown,2,jun,2,-1,0,unknown,0,young
services,married,secondary,no,1134,yes,no,cellular,6,may,2,-1,0,unknown,0,young
management,married,tertiary,no,730,yes,no,cellular,28,jul,2,-1,0,unknown,0,young
technician,married,secondary,no,1037,yes,no,cellular,18,nov,2,-1,0,unknown,0,young
technician,married,tertiary,no,668,no,no,unknown,5,jun,2,-1,0,unknown,0,young
admin.,married,secondary,no,503,yes,no,unknown,20,jun,2,-1,0,unknown,0,young
management,married,tertiary,no,417,no,no,cellular,18,aug,3,-1,0,unknown,0,older
blue-collar,married,secondary,no,-473,no,no,cellular,19,jul,3,-1,0,unknown,0,older
management,married,tertiary,no,455,no,no,cellular,26,jul,6,-1,0,unknown,0,young
retired,married,secondary,no,1118,no,no,unknown,3,jun,2,-1,0,unknown,0,older
technician,married,secondary,no,448,yes,no,cellular,30,aug,4,-1,0,unknown,0,older
services,single,secondary,no,787,no,no,unknown,28,jun,2,-1,0,unknown,0,young
management,married,tertiary,no,855,no,no,cellular,4,feb,2,-1,0,unknown,0,young
management,married,tertiary,no,-13,no,no,cellular,2,jul,2,-1,0,unknown,0,young
technician,single,secondary,no,165,yes,no,unknown,5,may,2,-1,0,unknown,0,young
blue-collar,married,secondary,no,-262,no,no,unknown,6,jun,3,-1,0,unknown,0,older
technician,single,secondary,no,509,yes,no,unknown,22,may,2,-1,0,unknown,0,young
technician,married,secondary,no,94,no,no,cellular,26,aug,11,-1,0,unknown,0,young
management,married,tertiary,no,1678,no,no,cellular,12,aug,4,-1,0,unknown,0,young
technician,married,secondary,no,-448,yes,no,unknown,20,may,2,-1,0,unknown,0,older
admin.,married,secondary,no,794,yes,no,unknown,9,may,2,-1,0,unknown,0,older
blue-collar,married,secondary,no,788,yes,no,unknown,4,jun,3,-1,0,unknown,0,older
management,married,tertiary,no,1094,yes,no,cellular,18,nov,2,-1,0,unknown,0,young
blue-collar,married,secondary,no,753,yes,no,cellular,15,may,1,368,1,failure,0,older
management,married,tertiary,no,322,yes,no,unknown,5,jun,2,-1,0,unknown,0,young
blue-collar,married,secondary,no,618,yes,no,cellular,11,apr,4,-1,0,unknown,0,young
admin.,married,secondary,no,-337,yes,no,cellular,17,apr,1,342,1,failure,0,older
management,single,tertiary,no,-389,no,no,cellular,29,aug,3,-1,0,unknown,0,young
admin.,married,secondary,no,865,yes,no,unknown,20,jun,2,-1,0,unknown,0,young
blue-collar,married,secondary,no,16,yes,no,cellular,19,aug,3,178,0,failure,0,young
management,single,tertiary,no,1237,no,no,cellular,6,apr,1,-1,0,unknown,1,young
retired,married,primary,no,1113,no,no,unknown,15,jun,3,-1,0,unknown,0,older
management,married,tertiary,no,2621,no,no,cellular,30,aug,1,92,4,success,1,older
blue-collar,married,primary,no,-148,no,no,cellular,9,aug,2,-1,0,unknown,0,older
admin.,single,secondary,no,594,no,no,cellular,29,jan,2,-1,0,unknown,0,young
admin.,married,secondary,no,53,no,no,cellular,7,feb,3,-1,0,unknown,0,older
blue-collar,married,secondary,no,136,yes,no,unknown,14,may,2,-1,0,unknown,0,older
technician,married,secondary,no,77,yes,no,unknown,16,jul,2,-1,0,unknown,0,young
technician,married,secondary,no,227,no,no,cellular,20,aug,4,-1,0,unknown,0,older
management,married,tertiary,no,2704,no,no,cellular,29,aug,1,100,4,success,1,older
unknown,married,secondary,no,-99,no,no,cellular,21,aug,3,-1,0,unknown,1,older
admin.,married,secondary,no,1084,yes,no,cellular,4,nov,4,-1,0,unknown,0,older
management,married,tertiary,no,245,yes,no,unknown,21,jun,3,-1,0,unknown,0,older
admin.,married,secondary,no,741,no,no,cellular,11,aug,2,-1,0,unknown,0,young
services,married,secondary,no,274,yes,no,unknown,13,may,4,-1,0,unknown,0,older
management,married,tertiary,no,1824,no,no,cellular,20,aug,4,-1,6,success,1,older
admin.,married,secondary,no,608,yes,no,cellular,20,nov,1,109,0,failure,0,young
blue-collar,single,primary,no,-326,no,no,cellular,9,jul,1,-1,0,unknown,0,young
retired,married,secondary,no,4,no,no,cellular,8,jul,2,-1,0,unknown,0,older
blue-collar,single,secondary,no,301,yes,no,cellular,16,may,5,-1,0,unknown,0,young
blue-collar,married,secondary,no,177,no,no,cellular,13,may,2,-1,0,unknown,1,young
management,married,tertiary,no,584,no,no,unknown,6,jun,2,-1,0,unknown,0,young
technician,single,tertiary,no,701,no,no,cellular,26,aug,2,-1,0,unknown,0,young
retired,married,secondary,no,370,no,no,cellular,21,aug,1,107,2,failure,0,older
admin.,married,secondary,no,778,yes,no,unknown,2,may,2,-1,0,unknown,0,young
technician,married,tertiary,no,-35,no,no,cellular,28,aug,4,-1,0,unknown,0,young
services,married,secondary,no,535,no,no,unknown,4,jun,2,-1,0,unknown,0,older
blue-collar,married,secondary,no,515,no,no,unknown,8,jun,3,-1,0,unknown,0,young
services,married,secondary,no,195,yes,no,unknown,14,jun,4,-1,0,unknown,0,older
admin.,married,secondary,no,-1,yes,no,cellular,11,may,2,-1,0,unknown,0,older
blue-collar,married,secondary,no,865,yes,no,unknown,21,jun,5,-1,0,unknown,0,young
admin.,single,secondary,no,816,yes,no,cellular,19,apr,2,-1,0,unknown,0,young
technician,married,secondary,no,-265,yes,yes,cellular,26,jul,2,-1,0,unknown,0,young
technician,married,secondary,no,907,no,no,cellular,27,aug,1,-1,0,unknown,0,older
retired,married,primary,no,2472,no,no,telephone,11,aug,1,-1,0,unknown,0,older
retired,married,primary,no,143,yes,no,cellular,8,may,2,-1,0,unknown,0,older
management,married,tertiary,no,280,yes,no,unknown,6,jun,4,-1,0,unknown,0,young
management,single,tertiary,no,-82,yes,no,cellular,7,may,1,272,6,failure,0,young
admin.,married,secondary,no,28,no,no,cellular,12,jun,1,101,7,success,1,older
admin.,married,secondary,no,656,no,no,cellular,21,aug,2,-1,0,unknown,0,young
blue-collar,married,primary,no,742,yes,no,cellular,8,jul,2,-1,0,unknown,0,young
technician,married,secondary,no,-393,yes,yes,cellular,19,jul,2,-1,0,unknown,0,young
management,married,tertiary,no,10,yes,no,cellular,27,jan,2,-1,0,unknown,0,young
blue-collar,married,primary,no,-29,yes,no,unknown,13,may,2,-1,0,unknown,0,young
technician,married,secondary,no,136,no,no,cellular,4,nov,5,-1,0,unknown,0,older
blue-collar,married,secondary,no,901,no,no,cellular,6,feb,1,263,2,failure,0,young
management,married,tertiary,no,810,no,no,cellular,20,aug,5,93,4,success,1,older
blue-collar,single,primary,no,-92,yes,no,cellular,18,apr,1,374,1,failure,0,young
retired,married,secondary,no,533,yes,no,cellular,20,jul,1,-1,0,unknown,0,older
blue-collar,married,secondary,no,885,no,no,cellular,5,nov,1,185,6,success,0,young
admin.,married,secondary,no,323,no,no,cellular,7,feb,1,280,1,failure,0,older
housemaid,married,primary,no,-521,no,no,unknown,12,jun,2,-1,0,unknown,0,older
blue-collar,married,secondary,no,-72,yes,no,unknown,8,may,2,-1,0,unknown,0,young
management,single,tertiary,no,1011,no,no,cellular,19,aug,5,0,3,success,1,young
admin.,married,secondary,no,-115,no,no,cellular,21,aug,5,-1,0,unknown,0,young
services,single,secondary,no,911,yes,no,cellular,11,may,4,-1,0,unknown,0,young
management,married,tertiary,no,1009,no,no,cellular,18,aug,1,-1,0,unknown,0,older
blue-collar,married,primary,no,676,yes,no,cellular,24,jul,2,-1,0,unknown,0,older
technician,married,secondary,no,-175,no,no,cellular,14,aug,4,-1,0,unknown,0,young
services,married,secondary,no,1090,yes,no,cellular,6,jul,2,-1,0,unknown,0,older
services,married,secondary,no,669,yes,no,cellular,17,jul,2,-1,0,unknown,0,older
admin.,married,secondary,no,877,yes,no,unknown,3,may,2,-1,0,unknown,0,young
management,single,tertiary,no,-198,yes,no,cellular,7,may,1,298,1,failure,0,young
technician,single,secondary,no,547,yes,no,unknown,4,jun,2,-1,0,unknown,0,young
management,married,tertiary,no,347,no,no,cellular,5,feb,3,-1,0,unknown,0,young
admin.,married,secondary,no,-17,yes,no,cellular,8,may,2,-1,0,unknown,0,older
services,single,secondary,no,499,no,no,cellular,5,sep,1,99,4,success,1,young
technician,married,secondary,no,137,no,no,cellular,13,jul,5,-1,0,unknown,0,young
management,married,tertiary,no,685,no,no,cellular,26,oct,1,102,1,success,1,young
technician,single,secondary,no,-239,no,no,cellular,2,nov,1,-1,0,unknown,0,young
technician,married,secondary,no,1153,yes,no,cellular,14,may,1,362,1,failure,0,young
admin.,single,secondary,no,1282,no,no,cellular,30,apr,1,-1,0,unknown,1,young
blue-collar,married,secondary,no,630,yes,no,cellular,18,apr,2,341,2,failure,0,young
management,married,tertiary,no,319,no,no,cellular,5,nov,1,174,1,failure,0,young
management,single,tertiary,no,-519,yes,no,cellular,21,aug,3,-1,0,unknown,0,young
services,single,secondary,no,473,yes,no,cellular,15,may,5,-1,0,unknown,0,young
services,married,secondary,no,408,no,no,cellular,28,jan,2,-1,0,unknown,0,older
technician,married,secondary,no,202,yes,no,unknown,11,may,5,-1,0,unknown,0,young
technician,married,secondary,no,776,yes,no,unknown,16,may,3,-1,0,unknown,0,older
blue-collar,married,secondary,no,1107,yes,no,unknown,14,jun,5,-1,0,unknown,0,older
admin.,married,secondary,no,-110,yes,no,unknown,17,jun,5,-1,0,unknown,0,older
management,married,tertiary,no,53,yes,no,cellular,14,may,2,-1,0,unknown,0,young
admin.,married,secondary,no,-144,no,no,unknown,5,jun,3,-1,0,unknown,0,older
admin.,married,secondary,no,58,no,no,unknown,6,may,3,-1,0,unknown,0,older
management,married,primary,no,266,no,no,unknown,11,jun,6,-1,0,unknown,0,older
housemaid,married,secondary,no,630,no,no,cellular,20,aug,1,87,2,success,1,older
blue-collar,married,secondary,no,20,yes,no,cellular,27,jan,2,-1,0,unknown,0,young
technician,single,tertiary,no,933,no,no,cellular,7,feb,2,-1,0,unknown,0,young
management,married,tertiary,no,216,yes,no,cellular,22,aug,2,133,6,failure,0,older
admin.,married,secondary,no,347,no,no,cellular,3,may,1,90,2,failure,0,young
admin.,married,secondary,no,-395,no,no,cellular,7,jul,2,-1,0,unknown,0,older
blue-collar,single,secondary,no,-527,no,no,cellular,9,jul,3,-1,0,unknown,0,young
admin.,married,secondary,no,692,yes,no,unknown,4,jun,2,-1,0,unknown,0,older
blue-collar,married,primary,no,218,no,no,cellular,12,aug,4,-1,0,unknown,0,older
blue-collar,married,secondary,no,963,yes,no,cellular,11,may,2,-1,0,unknown,0,young
blue-collar,single,primary,no,1050,yes,no,unknown,15,jun,2,-1,0,unknown,0,young
retired,married,primary,no,157,no,no,cellular,13,oct,2,-1,0,unknown,0,older
blue-collar,single,secondary,no,63,no,no,cellular,20,aug,3,-1,2,unknown,1,young
blue-collar,single,secondary,no,257,yes,no,cellular,20,may,3,-1,0,unknown,0,young
technician,married,secondary,no,686,yes,no,cellular,25,jul,2,-1,0,unknown,0,young
admin.,married,secondary,no,89,yes,no,cellular,9,may,4,-1,0,unknown,0,older
retired,married,secondary,no,486,no,no,cellular,12,aug,2,-1,0,unknown,0,older
services,married,secondary,no,324,yes,no,cellular,14,aug,5,-1,0,unknown,0,young
admin.,married,secondary,no,-498,yes,no,unknown,16,may,2,-1,0,unknown,0,older
self-employed,married,tertiary,no,368,no,no,cellular,8,feb,2,-1,0,unknown,1,young
management,married,tertiary,no,-119,no,no,cellular,13,aug,2,-1,0,unknown,0,older
student,single,tertiary,no,807,no,no,cellular,12,sep,1,98,6,success,1,young
admin.,married,secondary,no,-142,yes,no,cellular,6,jul,6,-1,0,unknown,0,young
management,married,tertiary,no,2830,no,no,cellular,29,oct,1,-1,1,success,1,older
technician,married,tertiary,no,503,yes,no,cellular,12,aug,4,-1,0,unknown,0,young
student,single,tertiary,no,593,yes,no,cellular,14,may,5,351,2,other,0,young
management,married,tertiary,no,1024,no,no,cellular,22,aug,1,-1,0,unknown,0,older
blue-collar,married,secondary,no,247,yes,no,cellular,22,nov,1,-1,0,unknown,0,older
technician,married,secondary,no,1020,yes,no,unknown,22,jun,3,-1,0,unknown,0,young
retired,married,primary,no,1224,no,no,cellular,29,oct,1,95,7,success,1,older
blue-collar,married,primary,no,-47,no,no,unknown,8,may,2,-1,0,unknown,0,young
management,married,tertiary,no,2443,no,no,cellular,21,aug,6,100,4,success,1,young
management,married,tertiary,no,317,no,no,cellular,18,aug,2,-1,0,unknown,0,older
admin.,married,secondary,no,181,no,no,cellular,4,feb,2,-1,0,unknown,0,older
retired,married,primary,no,516,yes,no,telephone,5,may,2,-1,0,unknown,0,older
management,single,tertiary,no,706,no,no,cellular,28,aug,1,84,2,success,1,young
blue-collar,married,secondary,no,770,no,no,cellular,10,oct,1,-1,0,unknown,0,young
management,married,tertiary,no,1472,no,no,cellular,24,oct,1,95,11,success,1,older
technician,single,secondary,no,-31,no,no,unknown,9,may,2,-1,0,unknown,0,young
management,married,tertiary,no,356,yes,no,unknown,2,jun,2,-1,0,unknown,0,young
unemployed,married,secondary,no,733,no,no,cellular,5,apr,1,-1,0,unknown,1,young
blue-collar,married,primary,no,1231,no,no,cellular,2,nov,4,-1,0,unknown,0,older
management,single,tertiary,no,537,yes,no,cellular,14,aug,2,-1,0,unknown,0,young
blue-collar,married,secondary,no,289,no,no,cellular,13,apr,2,-1,0,unknown,0,older
blue-collar,married,secondary,no,1043,yes,no,unknown,4,jun,19,-1,0,unknown,0,older
technician,single,tertiary,no,812,yes,no,cellular,11,aug,3,-1,0,unknown,0,young
blue-collar,married,secondary,no,765,yes,no,cellular,18,nov,2,191,2,failure,0,older
retired,married,secondary,no,406,no,no,cellular,21,nov,4,-1,0,unknown,0,older
management,married,tertiary,no,23,yes,no,cellular,17,jul,2,-1,0,unknown,0,young
blue-collar,married,secondary,no,-249,yes,no,unknown,13,may,2,-1,0,unknown,0,young
technician,married,secondary,no,231,no,no,cellular,20,nov,1,127,1,success,1,young
technician,married,secondary,no,1634,no,no,cellular,27,apr,1,-1,0,unknown,1,young
management,single,tertiary,no,1273,yes,no,unknown,15,may,7,-1,0,unknown,0,young
management,married,tertiary,no,1179,no,no,cellular,30,aug,1,-1,0,unknown,1,older
services,married,secondary,no,157,yes,no,unknown,16,may,4,-1,0,unknown,0,young
admin.,married,secondary,no,-546,no,no,cellular,3,feb,5,267,2,failure,0,young
blue-collar,single,secondary,no,85,yes,no,cellular,6,jul,2,-1,0,unknown,0,young
management,married,tertiary,no,630,yes,no,cellular,7,may,1,246,2,failure,0,older
management,single,tertiary,no,-325,no,no,cellular,3,mar,1,-1,0,unknown,0,young
technician,married,secondary,no,71,yes,no,cellular,18,aug,2,-1,0,unknown,0,older
management,married,tertiary,no,398,no,no,cellular,20,nov,1,187,1,failure,0,older
management,married,tertiary,no,509,no,no,unknown,25,jun,2,-1,0,unknown,0,young
admin.,married,secondary,no,261,no,no,cellular,11,aug,3,-1,0,unknown,0,older
technician,married,secondary,no,539,yes,no,unknown,17,may,2,-1,0,unknown,0,young
blue-collar,married,secondary,no,624,yes,no,unknown,3,jun,4,-1,0,unknown,0,older
housemaid,married,primary,no,154,no,no,cellular,3,nov,3,-1,0,unknown,0,older
technician,single,secondary,no,901,no,no,cellular,25,aug,4,-1,0,unknown,0,young
admin.,married,secondary,no,-61,yes,no,cellular,15,jul,3,-1,0,unknown,0,young
admin.,married,secondary,no,697,no,no,cellular,21,aug,3,-1,0,unknown,0,older
technician,married,tertiary,no,301,no,no,cellular,24,jul,2,-1,0,unknown,0,young
technician,single,tertiary,no,1016,no,no,cellular,25,aug,1,-1,0,unknown,0,young
blue-collar,married,primary,no,938,yes,no,cellular,13,aug,3,-1,0,unknown,0,older
retired,married,secondary,no,-473,no,no,cellular,30,aug,1,-1,0,unknown,0,older
technician,married,secondary,no,1028,no,no,cellular,5,aug,2,-1,0,unknown,0,older
management,married,tertiary,no,448,no,no,cellular,13,aug,2,-1,0,unknown,0,young
blue-collar,married,secondary,no,4,yes,no,cellular,17,apr,1,-1,0,unknown,0,young
management,married,tertiary,no,1418,no,no,cellular,19,aug,2,187,2,success,1,older
technician,married,secondary,no,72,yes,no,cellular,28,jan,4,-1,0,unknown,0,young
housemaid,married,secondary,no,1403,no,no,cellular,20,nov,2,-1,0,unknown,0,older
management,single,tertiary,no,317,yes,no,cellular,14,apr,1,-1,0,unknown,1,young
management,married,tertiary,no,1854,no,no,cellular,19,aug,4,89,2,success,1,young
management,married,tertiary,no,316,yes,no,unknown,17,may,21,-1,0,unknown,0,older
entrepreneur,married,secondary,no,203,yes,no,unknown,3,jun,2,-1,0,unknown,0,older
technician,married,secondary,no,-6,yes,no,cellular,26,jul,3,-1,0,unknown,0,older
services,single,secondary,no,1460,yes,no,unknown,6,jun,2,-1,0,unknown,0,young
entrepreneur,married,tertiary,no,58,no,no,cellular,23,jul,2,-1,0,unknown,0,young
management,married,tertiary,no,-394,yes,no,unknown,22,jun,2,-1,0,unknown,0,older
technician,married,secondary,no,1071,yes,no,cellular,17,may,1,363,9,failure,0,older
technician,single,secondary,no,494,yes,no,cellular,14,may,2,372,3,failure,0,young
technician,single,secondary,no,416,no,no,cellular,25,aug,3,-1,0,unknown,0,young
management,single,tertiary,no,1296,no,no,cellular,16,jun,1,99,2,success,1,young
management,married,tertiary,no,196,yes,no,unknown,16,may,2,-1,0,unknown,0,older
admin.,married,secondary,no,1331,yes,no,cellular,2,feb,2,-1,0,unknown,0,older
blue-collar,single,secondary,no,-110,yes,no,cellular,6,feb,1,250,1,failure,0,young
admin.,single,secondary,no,-262,no,no,cellular,18,aug,4,0,0,unknown,1,young
blue-collar,married,secondary,no,202,yes,no,unknown,14,may,2,-1,0,unknown,0,older
management,married,tertiary,no,1133,yes,no,cellular,15,may,4,-1,0,unknown,0,older
entrepreneur,married,secondary,no,1280,no,no,cellular,5,jul,3,-1,0,unknown,0,older
blue-collar,married,secondary,no,-355,no,no,cellular,3,aug,1,88,2,success,0,older
technician,married,secondary,no,8,no,no,cellular,2,aug,2,-1,0,unknown,0,young
blue-collar,married,primary,no,701,yes,no,cellular,1,jul,2,-1,0,unknown,0,older
admin.,married,secondary,no,875,no,no,cellular,9,jul,2,-1,0,unknown,0,young
admin.,married,secondary,no,16,no,no,cellular,24,aug,2,-1,0,unknown,0,older
services,married,secondary,no,592,yes,no,unknown,22,jun,4,-1,0,unknown,0,older
admin.,married,secondary,no,267,no,no,cellular,22,aug,4,-1,0,unknown,0,young
blue-collar,married,secondary,no,478,yes,no,unknown,7,may,3,-1,0,unknown,0,young
technician,married,secondary,no,1337,no,no,unknown,6,jun,2,-1,0,unknown,0,young
technician,single,secondary,no,174,no,no,cellular,27,aug,1,-1,0,unknown,0,young
retired,married,secondary,no,1955,no,no,cellular,29,aug,4,-1,2,success,1,older
management,married,tertiary,no,1221,no,no,cellular,6,aug,1,-1,0,unknown,0,young
services,married,secondary,no,-4,no,yes,cellular,7,jul,1,-1,0,unknown,0,young
retired,married,secondary,no,160,yes,no,cellular,21,apr,3,-1,0,unknown,0,older
blue-collar,married,secondary,no,279,no,no,cellular,29,aug,4,-1,0,unknown,0,older
technician,married,tertiary,no,672,yes,no,unknown,7,may,2,-1,0,unknown,0,young
services,single,secondary,no,466,yes,no,unknown,7,jun,2,-1,0,unknown,0,young
technician,married,secondary,no,3,no,no,unknown,20,jun,3,-1,0,unknown,0,young
technician,married,secondary,no,212,no,no,cellular,5,sep,1,95,7,success,1,young
management,married,tertiary,no,500,yes,no,unknown,7,may,3,-1,0,unknown,0,older
management,married,tertiary,no,1256,yes,no,cellular,30,nov,1,80,1,failure,0,young
management,single,tertiary,no,146,yes,no,cellular,13,aug,4,-1,0,unknown,0,young
admin.,married,secondary,no,866,yes,no,cellular,16,jan,2,-1,0,unknown,0,older
technician,single,tertiary,no,354,no,no,cellular,19,aug,2,-1,0,unknown,0,young
admin.,married,secondary,no,-380,yes,no,unknown,14,may,2,-1,0,unknown,0,young
technician,married,secondary,no,-15,no,no,cellular,8,jul,2,-1,0,unknown,0,older
admin.,married,secondary,no,304,yes,no,cellular,5,jul,5,-1,0,unknown,0,older
technician,married,secondary,no,440,yes,no,cellular,9,may,4,344,3,failure,0,young
admin.,married,secondary,no,530,no,no,cellular,7,jul,1,-1,0,unknown,0,older
management,married,tertiary,no,542,yes,no,cellular,20,nov,2,42,2,failure,0,older
services,single,secondary,no,-221,yes,no,cellular,1,feb,2,-1,0,unknown,0,young
technician,single,secondary,no,180,yes,no,unknown,15,may,2,-1,0,unknown,0,young
admin.,married,secondary,no,216,no,no,cellular,5,apr,1,184,1,failure,0,young
technician,married,secondary,no,338,yes,no,cellular,20,aug,3,188,4,failure,0,older
technician,single,secondary,no,1,yes,no,unknown,26,jun,4,-1,0,unknown,0,young
services,single,secondary,no,909,yes,no,unknown,14,may,2,-1,0,unknown,0,young
blue-collar,single,secondary,no,453,yes,no,cellular,13,may,2,351,6,failure,0,young
blue-collar,married,primary,no,245,no,no,cellular,20,aug,1,-1,0,unknown,0,older
blue-collar,married,secondary,no,-99,yes,no,unknown,4,jun,2,-1,0,unknown,1,older
services,married,secondary,no,537,yes,no,cellular,14,aug,1,-1,0,unknown,0,older
entrepreneur,married,secondary,no,992,yes,no,unknown,14,may,2,-1,0,unknown,0,older
management,married,tertiary,no,1011,no,no,unknown,25,may,5,-1,0,unknown,0,young
blue-collar,married,primary,no,557,yes,no,cellular,9,may,2,-1,0,unknown,0,older
management,single,tertiary,no,-334,yes,no,cellular,7,may,4,-1,0,unknown,0,young
management,married,tertiary,no,77,yes,no,unknown,3,may,2,-1,0,unknown,0,young
management,single,tertiary,no,1168,no,no,cellular,18,nov,1,-1,1,success,1,young
admin.,married,secondary,no,717,no,no,cellular,7,nov,1,-1,0,unknown,1,young
management,married,tertiary,no,-210,no,no,cellular,13,aug,4,-1,0,unknown,0,young
blue-collar,married,secondary,no,169,yes,no,unknown,7,may,4,-1,0,unknown,0,young
admin.,single,secondary,no,456,yes,no,cellular,13,may,1,333,1,failure,0,young
technician,married,secondary,no,233,yes,no,unknown,12,may,2,-1,0,unknown,0,young
technician,married,secondary,no,620,yes,no,cellular,28,aug,4,-1,0,unknown,0,young
management,single,tertiary,no,-66,yes,no,unknown,3,may,2,-1,0,unknown,0,young
technician,married,secondary,no,-77,yes,no,unknown,21,jun,2,-1,0,unknown,0,young
management,single,tertiary,no,257,yes,no,cellular,17,nov,2,156,2,failure,0,young
management,married,tertiary,no,2973,yes,no,cellular,20,aug,25,92,4,success,0,older
technician,single,secondary,no,-132,no,no,cellular,8,sep,2,-1,0,unknown,0,young
technician,married,secondary,no,-162,yes,no,cellular,17,nov,1,-1,0,unknown,0,young
blue-collar,married,secondary,no,122,yes,no,cellular,27,jul,5,-1,0,unknown,0,young
technician,married,secondary,no,259,no,no,cellular,8,may,3,-1,0,unknown,0,young
blue-collar,married,primary,no,7,yes,no,cellular,4,may,4,-1,0,unknown,0,older
services,married,secondary,no,592,yes,no,unknown,14,jun,2,-1,0,unknown,0,older
housemaid,married,secondary,no,779,no,no,cellular,6,jun,2,-1,0,unknown,1,older
admin.,married,secondary,no,739,yes,no,cellular,11,may,5,-1,0,unknown,0,older
technician,married,secondary,no,-18,no,no,cellular,20,aug,12,-1,0,unknown,0,young
technician,married,secondary,no,367,no,no,cellular,20,aug,2,-1,0,unknown,0,young
blue-collar,married,secondary,no,-109,yes,no,cellular,16,may,3,-1,0,unknown,0,older
blue-collar,married,secondary,no,1135,yes,no,unknown,20,jun,3,-1,0,unknown,0,older
admin.,married,secondary,no,-69,yes,no,cellular,8,may,1,268,1,failure,0,older
management,married,tertiary,no,-50,no,no,cellular,7,jul,2,-1,0,unknown,0,older
technician,married,secondary,no,567,no,no,cellular,14,aug,15,-1,0,unknown,0,older
management,married,tertiary,no,101,yes,no,unknown,6,jun,2,-1,0,unknown,0,young
technician,married,tertiary,no,1356,no,no,cellular,8,aug,2,-1,0,unknown,0,young
admin.,single,secondary,no,16,yes,no,unknown,12,may,5,-1,0,unknown,0,young
technician,single,secondary,no,704,yes,no,unknown,5,may,3,-1,0,unknown,0,young
technician,married,secondary,no,2900,yes,no,unknown,19,jun,2,-1,0,unknown,0,older
management,married,tertiary,no,839,yes,no,unknown,13,may,2,-1,0,unknown,0,young
admin.,married,secondary,no,298,no,no,unknown,10,jun,2,-1,0,unknown,0,older
blue-collar,married,secondary,no,310,yes,no,cellular,3,feb,1,240,1,failure,0,older
blue-collar,married,primary,no,-36,no,no,unknown,7,jun,3,-1,0,unknown,0,young
admin.,married,secondary,no,557,yes,no,unknown,3,jun,2,-1,0,unknown,0,young
services,married,secondary,no,-124,yes,no,cellular,15,may,2,346,2,failure,0,young
management,married,tertiary,no,448,no,no,cellular,3,oct,1,-1,0,unknown,0,young
technician,married,secondary,no,494,yes,no,cellular,18,jul,2,-1,0,unknown,0,older
student,single,secondary,no,278,no,no,unknown,5,jun,2,-1,0,unknown,0,young
management,married,tertiary,no,752,no,no,cellular,15,aug,1,-1,0,unknown,0,older
admin.,married,secondary,no,554,yes,no,unknown,2,jun,5,-1,0,unknown,0,older
technician,married,secondary,no,418,no,no,cellular,27,aug,1,-1,0,unknown,0,older
management,married,tertiary,no,586,yes,no,cellular,14,aug,2,-1,0,unknown,0,young
housemaid,married,primary,no,1033,no,no,unknown,9,may,2,-1,0,unknown,0,older
admin.,married,secondary,no,542,no,no,cellular,5,may,2,185,3,failure,0,young
admin.,married,secondary,no,443,no,no,cellular,21,aug,2,-1,0,unknown,0,older
technician,married,secondary,no,575,no,no,cellular,12,aug,2,-1,0,unknown,0,older
management,married,tertiary,no,1857,yes,no,cellular,21,aug,6,-1,4,success,1,older
blue-collar,married,secondary,no,118,yes,no,cellular,20,aug,2,-1,0,unknown,0,young
technician,married,secondary,no,307,yes,no,unknown,3,jun,2,-1,0,unknown,0,older
management,married,tertiary,no,-566,no,no,cellular,30,jan,2,-1,0,unknown,0,older
blue-collar,married,secondary,no,399,yes,no,cellular,17,apr,1,172,1,failure,0,older
blue-collar,married,secondary,no,615,yes,no,unknown,3,jun,2,-1,0,unknown,0,young
technician,single,tertiary,no,-44,no,no,cellular,3,feb,3,-1,0,unknown,0,young
technician,married,tertiary,no,987,yes,no,cellular,27,nov,1,-1,0,unknown,0,young
self-employed,single,tertiary,no,858,no,no,cellular,2,oct,1,-1,0,unknown,1,young
admin.,married,secondary,no,1310,no,no,cellular,5,apr,1,-1,0,unknown,1,young
technician,married,secondary,no,891,no,no,cellular,9,oct,1,-1,0,unknown,0,young
management,married,tertiary,no,627,no,no,unknown,5,jun,2,-1,0,unknown,0,young
management,married,tertiary,no,-6,yes,no,unknown,6,jun,2,-1,0,unknown,0,young
management,married,tertiary,no,1418,no,no,cellular,19,aug,5,-1,4,success,1,young
services,single,secondary,no,761,yes,no,cellular,14,aug,2,-1,0,unknown,0,young
blue-collar,married,secondary,no,-443,no,no,cellular,15,may,5,256,3,failure,0,young
management,single,tertiary,no,1001,yes,no,cellular,13,aug,2,172,0,failure,0,young
management,married,tertiary,no,883,yes,no,cellular,8,jul,3,-1,0,unknown,0,older
management,married,tertiary,no,290,no,no,cellular,19,nov,2,-1,0,unknown,0,older
admin.,married,secondary,no,747,no,no,cellular,4,aug,1,99,1,success,1,older
technician,single,secondary,no,691,yes,no,cellular,9,jul,5,-1,0,unknown,0,young
admin.,married,secondary,no,102,yes,no,unknown,11,jun,5,-1,0,unknown,0,young
management,single,tertiary,no,672,yes,no,unknown,5,jun,2,-1,0,unknown,0,young
student,single,secondary,no,56,no,no,cellular,19,feb,3,-1,0,unknown,1,young
management,married,tertiary,no,-111,no,no,cellular,5,may,4,-1,0,unknown,0,older
technician,married,secondary,no,530,yes,no,cellular,14,aug,2,-1,0,unknown,0,older
management,married,tertiary,no,769,yes,no,unknown,6,jun,4,-1,0,unknown,0,young
management,married,tertiary,no,766,no,no,cellular,21,aug,2,-1,0,unknown,0,young
technician,single,secondary,no,-169,no,no,cellular,23,may,5,-1,0,unknown,0,young
management,married,tertiary,no,495,no,no,cellular,22,jul,5,-1,0,unknown,0,older
admin.,single,secondary,no,340,no,no,cellular,6,feb,1,85,6,success,1,young
management,married,tertiary,no,9,yes,no,cellular,20,jul,3,-1,0,unknown,0,older
admin.,married,secondary,no,123,no,no,cellular,14,jul,5,-1,0,unknown,0,young
unknown,married,secondary,no,251,no,no,cellular,4,jun,2,-1,0,unknown,0,older
admin.,married,secondary,no,414,yes,no,cellular,15,nov,1,-1,0,unknown,0,older
management,married,tertiary,no,987,no,no,cellular,3,oct,1,98,1,success,1,young
management,married,tertiary,no,552,no,no,cellular,26,aug,1,-1,0,unknown,0,older
management,married,tertiary,no,453,yes,no,cellular,21,aug,2,-1,0,unknown,0,young
management,married,tertiary,no,78,no,no,cellular,5,nov,1,187,2,failure,0,older
technician,single,tertiary,no,155,no,no,cellular,21,nov,1,-1,0,unknown,0,young
services,married,secondary,no,575,yes,no,cellular,2,feb,5,-1,0,unknown,0,young
blue-collar,married,primary,no,-75,yes,no,cellular,17,aug,5,-1,0,unknown,0,young
technician,married,secondary,no,109,yes,no,cellular,30,may,1,230,2,failure,0,young
services,married,secondary,no,667,yes,no,cellular,2,nov,1,-1,0,unknown,0,older
management,married,tertiary,no,546,yes,no,cellular,17,nov,1,-1,0,unknown,0,young
management,single,tertiary,no,59,yes,no,cellular,12,may,2,-1,0,unknown,0,young
admin.,married,secondary,no,1024,yes,no,cellular,15,aug,1,-1,0,unknown,0,young
management,single,tertiary,no,581,yes,no,unknown,23,jun,2,-1,0,unknown,0,young
admin.,married,secondary,no,-96,yes,no,cellular,9,apr,2,280,4,failure,0,young
blue-collar,single,secondary,no,1045,yes,no,cellular,13,apr,2,-1,0,unknown,0,young
retired,married,primary,no,836,no,no,cellular,5,aug,2,-1,0,unknown,0,older
blue-collar,married,primary,no,216,yes,no,cellular,20,nov,1,-1,0,unknown,0,young
management,married,tertiary,no,-13,no,no,cellular,4,jan,1,86,1,failure,1,older
blue-collar,single,secondary,no,343,yes,no,unknown,12,may,2,-1,0,unknown,0,young
retired,married,secondary,no,427,no,no,cellular,14,aug,4,-1,0,unknown,0,older
blue-collar,married,primary,no,508,no,no,cellular,22,jul,4,-1,0,unknown,0,older
management,married,tertiary,no,-20,no,no,cellular,8,aug,2,-1,0,unknown,0,older
management,single,tertiary,no,237,no,no,cellular,24,jul,4,-1,0,unknown,0,young
technician,single,secondary,no,647,yes,no,cellular,24,jul,2,-1,0,unknown,0,young
management,married,tertiary,no,1345,no,no,cellular,21,aug,5,-1,4,success,1,older
admin.,single,secondary,no,124,no,no,cellular,20,aug,1,108,1,success,1,young
management,single,tertiary,no,896,no,no,cellular,24,aug,6,88,4,success,1,young
admin.,single,secondary,no,-421,yes,no,unknown,2,jun,2,-1,0,unknown,0,young
management,married,tertiary,no,257,no,no,cellular,12,jul,3,-1,0,unknown,0,young
technician,married,tertiary,no,1024,yes,no,cellular,23,nov,2,-1,0,unknown,0,young
admin.,married,secondary,no,511,yes,no,cellular,13,jul,2,-1,0,unknown,0,older
management,married,tertiary,no,611,no,no,cellular,27,oct,1,-1,0,unknown,1,older
technician,married,secondary,no,-22,yes,no,unknown,5,jun,5,-1,0,unknown,0,young
admin.,single,secondary,no,889,yes,no,cellular,19,aug,2,166,2,failure,0,young
retired,married,secondary,no,1549,no,no,cellular,19,aug,5,95,4,success,1,older
management,single,tertiary,no,147,no,no,unknown,8,jun,2,-1,0,unknown,0,young
technician,married,secondary,no,-248,no,no,cellular,17,aug,1,-1,0,unknown,0,older
blue-collar,married,secondary,no,361,yes,no,cellular,14,apr,1,170,14,failure,0,older
technician,married,secondary,no,1092,no,no,cellular,19,aug,5,179,4,success,1,older
technician,married,secondary,no,1062,no,no,cellular,5,nov,1,-1,0,unknown,0,young
services,married,secondary,no,5,no,no,cellular,5,aug,2,-1,0,unknown,0,young
management,married,tertiary,no,746,no,no,cellular,19,aug,2,-1,0,unknown,0,older
management,married,tertiary,no,24,no,no,cellular,17,nov,1,-1,0,unknown,0,young
blue-collar,married,primary,no,-52,yes,no,cellular,29,aug,5,-1,0,unknown,0,young
admin.,married,secondary,no,801,no,no,unknown,15,may,2,-1,0,unknown,0,older
technician,married,secondary,no,969,yes,no,unknown,25,may,2,-1,0,unknown,0,young
management,married,tertiary,no,323,no,no,cellular,7,sep,2,103,3,success,1,young
admin.,married,secondary,no,1548,yes,no,unknown,19,jun,4,-1,0,unknown,0,young
retired,married,secondary,no,951,no,no,cellular,21,jul,3,-1,0,unknown,0,older
management,married,tertiary,no,646,yes,no,cellular,23,aug,4,-1,2,unknown,0,young
technician,married,secondary,no,-89,yes,no,unknown,9,may,2,-1,0,unknown,0,young
blue-collar,married,secondary,no,89,yes,no,unknown,13,may,5,-1,0,unknown,0,young
technician,married,secondary,no,146,yes,no,unknown,18,jun,22,-1,0,unknown,0,older
admin.,married,secondary,no,1301,yes,no,cellular,4,apr,1,50,6,failure,0,older
technician,single,secondary,no,-7,no,no,cellular,7,jul,2,-1,0,unknown,0,young
student,single,secondary,no,-13,no,no,cellular,9,jul,2,-1,0,unknown,0,young
entrepreneur,married,tertiary,no,-34,no,no,cellular,8,jul,2,-1,0,unknown,0,older
technician,single,tertiary,no,-168,no,no,cellular,1,apr,1,-1,0,unknown,0,young
unknown,married,secondary,no,7,no,no,cellular,6,feb,2,-1,0,unknown,0,older
blue-collar,married,secondary,no,588,yes,no,cellular,27,aug,2,-1,0,unknown,0,older
blue-collar,married,primary,no,306,yes,no,cellular,20,nov,1,88,1,failure,0,young
technician,married,secondary,no,423,yes,no,cellular,23,jul,2,-1,0,unknown,0,older
technician,married,secondary,no,495,yes,no,cellular,20,aug,4,-1,0,unknown,0,older
admin.,married,secondary,no,-502,yes,no,cellular,12,may,12,-1,0,unknown,0,young
admin.,single,secondary,no,327,yes,no,cellular,17,apr,1,-1,0,unknown,0,young
technician,married,secondary,no,601,no,no,unknown,7,jun,2,-1,0,unknown,0,young
management,single,tertiary,no,545,yes,no,cellular,24,nov,1,-1,0,unknown,0,young
technician,single,secondary,no,382,yes,no,cellular,13,aug,2,-1,0,unknown,0,young
admin.,single,secondary,no,66,yes,no,unknown,16,jun,2,-1,0,unknown,1,young
retired,married,primary,no,216,yes,no,unknown,25,jun,4,-1,0,unknown,0,older
technician,married,tertiary,no,102,no,no,cellular,27,aug,4,-1,0,unknown,0,young
management,married,tertiary,no,243,no,no,cellular,9,apr,2,-1,0,unknown,1,young
technician,married,secondary,no,7,no,no,cellular,21,aug,1,-1,0,unknown,0,young
technician,single,tertiary,no,697,no,no,cellular,10,nov,1,-1,0,unknown,0,young
management,married,tertiary,no,1574,no,no,cellular,20,aug,4,94,6,success,1,older
admin.,married,secondary,no,-177,yes,no,cellular,15,apr,2,-1,0,unknown,0,older
blue-collar,married,secondary,no,681,yes,no,cellular,5,nov,2,175,3,failure,0,older
admin.,married,secondary,no,273,yes,no,cellular,20,nov,3,194,6,failure,0,older
technician,married,secondary,no,409,no,no,cellular,27,jul,2,-1,0,unknown,0,young
technician,married,secondary,no,-86,yes,no,cellular,30,jul,2,-1,0,unknown,0,young
blue-collar,married,primary,no,417,yes,no,cellular,28,jul,1,-1,0,unknown,0,young
blue-collar,married,primary,no,405,yes,no,unknown,5,may,5,-1,0,unknown,0,older
blue-collar,married,primary,no,1599,no,no,cellular,12,aug,4,-1,0,unknown,0,young
technician,married,secondary,no,570,yes,no,unknown,28,jun,2,-1,0,unknown,0,older
retired,married,secondary,no,182,no,no,cellular,5,aug,1,94,3,failure,0,older
admin.,married,secondary,no,563,yes,no,unknown,5,may,2,-1,0,unknown,0,older
technician,single,secondary,no,172,yes,no,cellular,19,aug,4,164,4,failure,0,young
admin.,single,secondary,no,735,no,no,cellular,23,aug,5,-1,0,unknown,0,young
management,married,tertiary,no,257,no,no,cellular,22,aug,1,94,1,success,1,young
technician,single,tertiary,no,253,no,no,cellular,11,aug,4,-1,0,unknown,0,young
student,single,secondary,no,-27,no,no,unknown,6,jun,2,-1,0,unknown,0,young
blue-collar,single,secondary,no,416,yes,no,cellular,19,apr,1,346,1,failure,0,young
services,single,secondary,no,578,yes,no,cellular,18,aug,4,180,0,unknown,0,young
self-employed,married,tertiary,no,1478,no,no,unknown,15,jun,11,-1,0,unknown,0,older
retired,married,tertiary,no,3410,no,no,cellular,29,aug,5,85,7,success,1,older
management,married,tertiary,no,1003,yes,no,cellular,8,jul,3,-1,0,unknown,0,young
management,married,tertiary,no,519,no,no,cellular,30,sep,5,88,3,success,1,older
management,married,tertiary,no,-52,yes,no,cellular,18,nov,2,-1,0,unknown,0,young
housemaid,married,secondary,no,464,no,no,cellular,12,aug,1,-1,0,unknown,0,older
technician,married,secondary,no,567,yes,no,cellular,19,nov,1,95,1,failure,0,older
blue-collar,married,primary,no,249,yes,no,cellular,13,aug,4,-1,0,unknown,0,older
management,married,tertiary,no,661,no,no,cellular,16,jun,3,-1,0,unknown,1,older
services,married,secondary,no,-167,yes,no,cellular,19,jul,5,-1,0,unknown,0,older
management,single,tertiary,no,-149,yes,no,cellular,21,apr,2,-1,0,unknown,0,young
blue-collar,married,primary,no,741,no,no,unknown,5,jun,3,-1,0,unknown,0,older
blue-collar,married,secondary,no,1155,yes,no,cellular,21,aug,3,-1,0,unknown,0,young
retired,married,secondary,no,21,yes,no,cellular,27,aug,4,-1,0,unknown,0,older
blue-collar,married,secondary,no,401,yes,no,unknown,13,may,2,-1,0,unknown,0,young
technician,single,secondary,no,35,no,no,cellular,28,aug,3,-1,0,unknown,0,young
technician,married,secondary,no,902,no,no,cellular,18,feb,6,-1,0,unknown,0,young
technician,married,secondary,no,96,no,no,cellular,8,jul,2,-1,0,unknown,0,older
management,married,tertiary,no,42,no,no,cellular,8,jul,2,-1,0,unknown,0,older
retired,married,secondary,no,352,no,no,cellular,15,jan,1,-1,0,unknown,0,older
management,single,tertiary,no,259,yes,no,cellular,11,may,2,-1,0,unknown,0,young
management,married,tertiary,no,451,yes,no,cellular,29,aug,4,-1,0,unknown,0,young
admin.,married,secondary,no,699,yes,no,unknown,24,jun,2,-1,0,unknown,0,young
management,married,primary,no,782,yes,no,unknown,20,may,2,-1,0,unknown,0,older
technician,married,secondary,no,679,yes,no,unknown,25,jun,2,-1,0,unknown,0,young
blue-collar,single,primary,no,-102,yes,no,cellular,17,jun,5,379,2,failure,0,young
blue-collar,married,primary,no,269,no,no,cellular,20,aug,1,-1,0,unknown,0,older
blue-collar,married,secondary,no,46,no,no,cellular,1,jul,1,-1,0,unknown,0,young
retired,married,primary,no,647,no,no,unknown,10,jun,2,-1,0,unknown,0,older
retired,married,primary,no,337,no,no,cellular,14,aug,1,-1,0,unknown,0,older
management,married,tertiary,no,166,no,no,cellular,19,aug,5,-1,0,unknown,0,young
technician,married,secondary,no,123,no,no,cellular,30,aug,1,-1,1,unknown,1,young
management,married,tertiary,no,946,no,no,cellular,17,nov,1,187,1,failure,1,older
management,married,primary,no,365,no,no,unknown,17,jun,13,-1,0,unknown,0,older
technician,married,secondary,no,161,yes,no,cellular,18,apr,1,135,1,failure,0,older
blue-collar,married,secondary,no,400,yes,no,cellular,17,may,4,-1,0,unknown,0,older
management,married,tertiary,no,-23,no,no,cellular,6,may,1,261,1,failure,0,older
services,single,secondary,no,-198,no,no,cellular,8,aug,2,-1,0,unknown,0,young
student,single,secondary,no,1387,no,no,cellular,13,sep,1,103,3,success,1,young
admin.,married,secondary,no,933,no,no,cellular,7,may,4,318,6,failure,0,young
technician,married,secondary,no,544,no,no,cellular,20,nov,2,-1,0,unknown,0,older
blue-collar,married,secondary,no,287,no,no,cellular,16,jul,5,-1,0,unknown,0,young
services,single,secondary,no,-56,yes,no,cellular,4,jul,5,-1,0,unknown,0,young
technician,married,secondary,no,-185,no,no,unknown,4,jun,2,-1,0,unknown,0,young
technician,married,secondary,no,-68,yes,no,cellular,16,may,2,-1,0,unknown,0,older
housemaid,married,secondary,no,499,no,no,cellular,6,sep,1,-1,0,unknown,0,young
admin.,married,secondary,no,215,yes,no,unknown,17,may,2,-1,0,unknown,0,young
blue-collar,married,secondary,no,464,no,no,unknown,27,may,2,-1,0,unknown,1,young
management,married,tertiary,no,392,yes,no,cellular,17,nov,1,87,1,failure,0,older
management,married,tertiary,no,-221,no,no,cellular,24,aug,8,-1,0,unknown,0,older
blue-collar,single,secondary,no,201,yes,no,cellular,5,may,5,321,3,failure,0,young
technician,single,secondary,no,418,no,no,cellular,17,jan,3,-1,0,unknown,0,young
management,married,tertiary,no,2123,no,no,cellular,10,aug,4,-1,2,success,1,older
technician,married,secondary,no,996,yes,no,unknown,11,may,2,-1,0,unknown,0,young
management,married,tertiary,no,-313,yes,no,unknown,29,may,2,-1,0,unknown,0,young
blue-collar,single,primary,no,176,yes,no,cellular,9,may,2,-1,0,unknown,0,young
technician,married,secondary,no,1062,yes,no,cellular,20,apr,4,-1,0,unknown,0,young
technician,married,secondary,no,381,yes,no,cellular,16,may,13,-1,0,unknown,0,young
unemployed,married,secondary,no,-15,no,no,cellular,28,jun,3,-1,0,unknown,0,young
management,married,tertiary,no,201,yes,no,cellular,4,may,2,330,3,failure,0,young
admin.,married,secondary,no,1110,yes,no,cellular,15,may,1,371,5,failure,0,young
technician,single,secondary,no,-435,yes,no,cellular,14,aug,26,-1,0,unknown,0,young
management,married,tertiary,no,521,no,no,cellular,17,jul,16,-1,0,unknown,0,young
services,single,secondary,no,180,yes,no,cellular,18,nov,1,0,1,failure,0,young
technician,married,secondary,no,220,yes,no,unknown,13,jun,6,-1,0,unknown,0,young
technician,married,secondary,no,97,no,no,cellular,12,aug,3,-1,0,unknown,0,older
blue-collar,married,secondary,no,128,yes,no,cellular,21,apr,1,-1,0,unknown,1,young
technician,married,secondary,no,169,yes,no,cellular,21,aug,1,51,6,failure,0,older
blue-collar,single,primary,no,1212,yes,no,cellular,17,apr,3,-1,0,unknown,0,young
blue-collar,married,primary,no,73,yes,no,unknown,7,may,2,-1,0,unknown,0,older
services,single,secondary,no,75,no,no,cellular,27,aug,7,-1,0,unknown,0,young
management,married,tertiary,no,550,no,no,unknown,9,jun,2,-1,0,unknown,0,older
management,married,tertiary,no,708,yes,no,cellular,7,may,4,-1,0,unknown,0,older
entrepreneur,married,tertiary,no,120,yes,no,cellular,8,may,2,-1,0,unknown,0,older
admin.,married,secondary,no,1159,yes,no,cellular,26,jul,2,-1,0,unknown,0,young
blue-collar,married,secondary,no,-434,yes,no,cellular,2,nov,4,-1,0,unknown,0,older
blue-collar,married,secondary,no,-70,yes,no,cellular,25,nov,1,-1,0,unknown,0,older
technician,married,secondary,no,1155,yes,no,cellular,28,nov,1,124,1,failure,0,older
blue-collar,married,primary,no,678,yes,no,cellular,16,apr,3,338,3,failure,0,young
housemaid,married,secondary,no,756,no,no,cellular,3,nov,1,-1,0,unknown,1,older
technician,married,secondary,no,189,no,no,cellular,8,oct,1,96,3,success,1,older
management,married,tertiary,no,469,yes,no,unknown,4,jun,2,-1,0,unknown,1,young
blue-collar,single,primary,no,664,no,no,cellular,4,jul,1,-1,0,unknown,0,young
retired,married,secondary,no,546,yes,no,cellular,17,nov,2,-1,0,unknown,0,older
management,married,tertiary,no,69,no,no,cellular,12,aug,4,-1,0,unknown,0,older
management,married,tertiary,no,689,no,no,cellular,28,aug,4,-1,0,unknown,0,older
technician,married,secondary,no,656,no,no,cellular,25,nov,1,-1,0,unknown,0,young
technician,single,secondary,no,713,no,no,cellular,5,aug,2,-1,0,unknown,0,young
admin.,married,secondary,no,1106,yes,no,unknown,21,may,4,-1,0,unknown,0,young
blue-collar,married,primary,no,390,yes,no,cellular,6,nov,2,-1,0,unknown,0,older
services,single,secondary,no,794,no,no,cellular,5,feb,2,-1,0,unknown,1,young
admin.,married,secondary,no,-136,yes,no,unknown,9,may,2,-1,0,unknown,0,young
technician,married,secondary,no,23,no,no,cellular,2,aug,4,-1,0,unknown,0,older
management,single,tertiary,no,727,no,no,cellular,13,mar,3,-1,0,unknown,1,young
retired,married,primary,no,609,yes,no,unknown,5,may,4,-1,0,unknown,0,older
technician,single,secondary,no,376,no,no,cellular,19,aug,1,-1,0,unknown,0,young
blue-collar,single,secondary,no,1481,no,no,cellular,3,nov,2,-1,0,unknown,0,young
technician,married,secondary,no,7,yes,no,cellular,11,jul,2,-1,0,unknown,0,older
services,married,secondary,no,650,yes,no,cellular,3,apr,4,-1,0,unknown,0,older
management,married,tertiary,no,-23,no,no,cellular,6,jul,2,-1,0,unknown,0,young
management,married,tertiary,no,668,yes,no,cellular,15,aug,4,-1,0,unknown,0,older
blue-collar,single,secondary,no,696,yes,no,unknown,16,jun,2,-1,0,unknown,0,young
retired,married,primary,no,183,yes,no,cellular,16,may,2,-1,0,unknown,0,older
management,married,tertiary,no,1109,no,no,cellular,7,feb,3,-1,0,unknown,1,young
blue-collar,married,primary,no,314,yes,no,unknown,5,jun,2,-1,0,unknown,0,older
management,single,tertiary,no,427,no,no,cellular,27,feb,2,202,2,failure,0,young
management,single,tertiary,no,795,no,no,cellular,20,aug,1,90,3,success,1,young
blue-collar,married,primary,no,-523,no,no,cellular,27,aug,1,-1,0,unknown,0,older
services,married,secondary,no,622,no,no,unknown,5,jun,3,-1,0,unknown,0,young
technician,married,secondary,no,388,no,no,unknown,20,jun,2,-1,0,unknown,0,young
services,single,secondary,no,832,no,no,cellular,27,aug,4,-1,0,unknown,0,young
student,single,secondary,no,797,no,no,cellular,31,nov,1,89,1,success,1,young
management,single,tertiary,no,504,no,no,cellular,29,may,2,-1,0,unknown,1,young
admin.,married,secondary,no,93,yes,no,unknown,20,jun,10,-1,0,unknown,0,young
technician,married,secondary,no,937,yes,no,cellular,17,aug,3,184,2,failure,0,young
technician,single,secondary,no,-210,yes,no,cellular,27,jul,2,-1,0,unknown,0,young
technician,married,secondary,no,769,yes,no,cellular,16,nov,1,108,1,failure,0,young
management,single,tertiary,no,330,no,no,cellular,17,aug,1,-1,0,unknown,0,young
student,single,secondary,no,626,no,no,cellular,5,nov,1,-1,0,unknown,0,young
services,married,secondary,no,365,yes,no,unknown,5,jun,4,-1,0,unknown,0,older
management,single,tertiary,no,350,yes,no,cellular,27,apr,2,-1,0,unknown,0,young
management,married,tertiary,no,-49,yes,no,cellular,15,aug,2,-1,0,unknown,0,older
admin.,married,secondary,no,721,no,no,cellular,5,oct,1,94,3,failure,0,older
management,married,tertiary,no,-11,no,no,cellular,17,aug,1,-1,0,unknown,0,older
technician,married,secondary,no,31,no,no,cellular,4,oct,2,-1,0,unknown,0,young
technician,single,secondary,no,527,no,no,cellular,28,jul,3,-1,0,unknown,0,young
services,married,secondary,no,270,yes,no,cellular,13,jul,4,-1,0,unknown,0,older
technician,single,secondary,no,659,no,no,cellular,20,aug,2,87,2,failure,0,young
technician,single,secondary,no,1405,no,no,cellular,11,may,5,-1,0,unknown,0,young
blue-collar,single,secondary,no,-646,no,no,unknown,28,may,5,-1,0,unknown,0,young
housemaid,married,secondary,no,742,no,no,unknown,18,jun,4,-1,0,unknown,0,older
management,single,tertiary,no,294,yes,no,cellular,17,apr,3,-1,0,unknown,0,young
admin.,married,secondary,no,-229,yes,yes,unknown,17,may,2,-1,0,unknown,0,young
admin.,single,secondary,no,175,no,no,cellular,7,oct,1,96,1,success,1,young
management,single,tertiary,no,-186,yes,no,cellular,21,aug,2,-1,0,unknown,0,young
management,single,tertiary,no,602,no,no,cellular,6,aug,2,-1,0,unknown,0,young
blue-collar,married,primary,no,521,yes,no,unknown,14,may,4,-1,0,unknown,0,older
management,married,tertiary,no,264,no,no,cellular,8,mar,2,-1,0,unknown,0,young
housemaid,married,primary,no,1661,no,no,cellular,19,aug,5,-1,0,unknown,0,older
management,married,tertiary,no,-3,no,no,cellular,3,nov,1,-1,0,unknown,0,older
technician,married,secondary,no,923,no,no,cellular,4,aug,1,-1,0,unknown,1,older
blue-collar,married,primary,no,302,yes,no,cellular,11,may,2,-1,0,unknown,0,young
admin.,married,secondary,no,312,no,no,cellular,5,feb,2,-1,0,unknown,0,young
retired,married,primary,no,551,no,no,cellular,4,may,1,264,1,failure,0,older
admin.,married,secondary,no,36,yes,no,cellular,5,may,2,335,3,failure,0,older
management,married,tertiary,no,783,no,no,cellular,27,nov,1,-1,0,unknown,0,older
management,married,tertiary,no,815,yes,no,cellular,27,aug,3,-1,0,unknown,0,older
technician,single,secondary,no,306,yes,no,unknown,3,jun,3,-1,0,unknown,0,young
technician,married,secondary,no,208,yes,no,cellular,13,jul,2,-1,0,unknown,0,young
technician,married,secondary,no,-407,yes,yes,cellular,8,jul,1,-1,0,unknown,0,young
management,single,tertiary,no,-631,yes,no,cellular,24,jul,3,-1,0,unknown,0,young
blue-collar,married,secondary,no,345,yes,no,unknown,5,jun,3,-1,0,unknown,0,young
blue-collar,married,primary,no,1103,yes,no,unknown,9,jun,2,-1,0,unknown,0,young
management,married,tertiary,no,857,no,no,cellular,19,aug,2,97,7,failure,0,young
admin.,married,secondary,no,179,yes,no,cellular,5,may,2,-1,0,unknown,0,older
admin.,married,secondary,no,397,yes,no,cellular,20,apr,2,-1,0,unknown,1,young
management,married,tertiary,no,471,yes,no,cellular,17,nov,2,183,5,failure,0,older
technician,married,secondary,no,882,yes,no,unknown,26,jun,2,-1,0,unknown,0,young
blue-collar,married,secondary,no,272,yes,no,unknown,14,jun,2,-1,0,unknown,0,young
admin.,single,secondary,no,-10,yes,no,unknown,9,jun,2,-1,0,unknown,0,young
management,married,tertiary,no,461,no,no,cellular,6,feb,3,-1,0,unknown,0,young
blue-collar,married,secondary,no,389,no,no,cellular,21,aug,1,-1,0,unknown,0,older
management,married,tertiary,no,-175,yes,no,cellular,21,aug,2,-1,0,unknown,0,young
management,married,tertiary,no,770,no,no,cellular,6,nov,1,87,2,failure,0,older
admin.,married,secondary,no,213,no,no,cellular,5,aug,1,93,6,success,0,older
management,single,tertiary,no,505,no,no,cellular,20,aug,1,0,1,success,1,young
technician,married,secondary,no,568,yes,no,cellular,22,jul,2,-1,0,unknown,0,older
admin.,married,secondary,no,638,yes,no,unknown,9,may,4,-1,0,unknown,0,young
technician,married,secondary,no,-9,no,no,cellular,14,aug,4,-1,0,unknown,0,young
blue-collar,married,secondary,no,815,yes,no,unknown,16,may,2,-1,0,unknown,0,young
services,married,secondary,no,508,yes,no,cellular,12,nov,1,-1,0,unknown,0,older
admin.,married,secondary,no,322,yes,no,cellular,21,jul,5,-1,0,unknown,0,older
blue-collar,married,primary,no,353,no,no,cellular,15,apr,1,-1,0,unknown,1,older
technician,married,secondary,no,419,yes,no,cellular,14,apr,4,-1,0,unknown,0,young
blue-collar,married,secondary,no,203,yes,no,cellular,22,may,2,-1,0,unknown,0,older
management,single,tertiary,no,404,yes,no,cellular,16,may,2,-1,0,unknown,0,young
blue-collar,married,secondary,no,820,yes,no,cellular,8,jul,2,-1,0,unknown,0,young
management,married,tertiary,no,250,yes,no,unknown,15,may,2,-1,0,unknown,0,young
technician,married,secondary,no,990,no,no,cellular,6,feb,2,-1,0,unknown,0,young
services,married,secondary,no,-3,yes,no,cellular,21,nov,1,-1,0,unknown,0,young
services,married,secondary,no,473,yes,no,cellular,17,nov,5,-1,0,unknown,0,young
technician,married,secondary,no,1128,no,no,cellular,7,jul,2,-1,0,unknown,0,young
admin.,married,secondary,no,92,no,no,cellular,15,jul,2,-1,0,unknown,0,older
technician,married,secondary,no,-239,yes,no,unknown,14,may,3,-1,0,unknown,0,young
unemployed,married,secondary,no,811,no,no,cellular,3,apr,1,-1,0,unknown,1,older
blue-collar,married,secondary,no,803,yes,no,unknown,1,jun,5,-1,0,unknown,0,young
management,married,tertiary,no,1,yes,no,unknown,2,may,3,-1,0,unknown,0,young
technician,married,secondary,no,958,yes,no,unknown,6,may,2,-1,0,unknown,0,young
management,single,tertiary,no,140,yes,no,cellular,19,aug,5,154,4,failure,1,older
blue-collar,single,secondary,no,1180,no,no,cellular,31,aug,1,84,1,success,1,young
technician,married,secondary,no,153,yes,no,cellular,18,aug,1,690,3,failure,0,young
admin.,married,secondary,no,703,no,no,cellular,6,oct,2,-1,0,unknown,0,young
blue-collar,married,secondary,no,549,yes,no,unknown,2,feb,3,-1,0,unknown,0,older
blue-collar,married,secondary,no,1271,yes,no,cellular,12,aug,4,-1,0,unknown,0,older
admin.,married,secondary,no,878,yes,no,cellular,19,apr,1,333,2,failure,0,young
student,single,tertiary,no,-162,yes,no,cellular,5,may,2,-1,0,unknown,1,young
retired,married,primary,no,412,no,no,unknown,4,may,2,-1,0,unknown,0,older
retired,married,primary,no,190,no,no,cellular,12,aug,3,-1,0,unknown,0,older
retired,married,secondary,no,578,no,no,cellular,7,aug,3,-1,0,unknown,0,older
technician,married,secondary,no,591,yes,no,unknown,28,may,2,-1,0,unknown,0,young
blue-collar,married,secondary,no,-41,yes,no,cellular,16,apr,2,243,2,failure,0,older
blue-collar,married,secondary,no,230,no,no,cellular,18,aug,1,186,1,failure,0,older
management,married,tertiary,no,1,no,no,unknown,27,may,2,-1,0,unknown,0,older
blue-collar,married,primary,no,-9,no,no,cellular,13,jul,4,-1,0,unknown,0,older
unknown,married,secondary,no,410,no,no,cellular,29,aug,1,94,3,success,1,older
technician,married,secondary,no,82,yes,no,unknown,18,may,2,-1,0,unknown,0,older
technician,married,tertiary,no,936,yes,no,cellular,19,aug,1,16,2,failure,0,young
management,married,tertiary,no,737,no,no,cellular,20,nov,3,-1,0,unknown,0,older
admin.,married,secondary,no,805,yes,no,cellular,20,jul,4,-1,0,unknown,0,older
technician,married,secondary,no,279,yes,no,cellular,8,jul,2,-1,0,unknown,0,older
technician,married,secondary,no,386,no,no,cellular,25,aug,2,-1,0,unknown,0,young
management,married,tertiary,no,1414,no,no,cellular,6,aug,2,-1,0,unknown,0,older
blue-collar,married,primary,no,66,no,no,unknown,15,may,8,-1,0,unknown,0,older
blue-collar,married,primary,no,427,no,no,cellular,5,nov,2,-1,0,unknown,0,young
management,married,tertiary,no,592,yes,no,unknown,13,may,2,-1,0,unknown,0,older
technician,married,tertiary,no,154,yes,no,cellular,17,apr,2,-1,0,unknown,0,older
blue-collar,married,primary,no,-127,no,no,cellular,21,aug,4,-1,0,unknown,0,young
admin.,married,secondary,no,1329,no,no,cellular,30,aug,4,-1,0,unknown,0,young
technician,single,secondary,no,294,no,no,unknown,10,jun,4,-1,0,unknown,0,young
management,married,tertiary,no,1645,no,no,cellular,9,jul,3,-1,0,unknown,1,older
blue-collar,married,secondary,no,106,no,no,cellular,29,aug,2,-1,0,unknown,0,young
admin.,single,secondary,no,646,yes,no,cellular,20,aug,1,112,1,failure,0,young
blue-collar,married,primary,no,-495,no,no,unknown,11,may,2,-1,0,unknown,0,older
technician,married,secondary,no,893,no,no,cellular,15,jan,3,-1,0,unknown,0,older
management,single,tertiary,no,701,no,no,cellular,20,aug,2,-1,0,unknown,0,young
technician,single,tertiary,no,268,yes,no,cellular,15,aug,2,-1,0,unknown,0,young
technician,married,secondary,no,210,no,no,unknown,7,jun,2,-1,0,unknown,0,young
management,married,tertiary,no,603,no,no,cellular,29,aug,2,-1,0,unknown,1,young
technician,married,secondary,no,111,yes,no,cellular,4,apr,2,252,3,failure,0,older
housemaid,married,secondary,no,975,yes,no,unknown,21,jun,5,-1,0,unknown,0,older
blue-collar,married,secondary,no,73,yes,no,cellular,13,may,2,366,7,failure,0,older
management,married,tertiary,no,2344,no,no,cellular,21,aug,5,94,5,success,1,young
management,married,tertiary,no,744,no,no,cellular,20,aug,2,41,2,unknown,0,older
entrepreneur,married,secondary,no,-58,yes,no,unknown,16,may,5,-1,0,unknown,0,young
services,married,secondary,no,350,yes,no,cellular,3,aug,2,-1,0,unknown,0,older
technician,married,secondary,no,-662,no,no,cellular,21,aug,2,-1,0,unknown,0,older
blue-collar,married,secondary,no,392,yes,no,cellular,13,jul,4,-1,0,unknown,0,older
management,married,tertiary,no,1021,no,no,unknown,3,jun,2,-1,0,unknown,0,older
technician,married,secondary,no,-118,yes,no,cellular,23,jul,5,-1,0,unknown,0,older
blue-collar,married,secondary,no,124,yes,no,unknown,13,may,2,-1,0,unknown,0,young
entrepreneur,married,tertiary,no,854,yes,no,cellular,27,jul,3,-1,0,unknown,0,young
admin.,married,secondary,no,30,no,no,cellular,9,jul,1,-1,0,unknown,0,older
technician,married,secondary,no,-416,no,no,unknown,2,feb,2,-1,0,unknown,0,older
management,married,tertiary,no,-220,yes,no,cellular,15,aug,2,-1,0,unknown,0,older
blue-collar,married,primary,no,16,no,no,unknown,10,jun,2,-1,0,unknown,0,older
services,married,secondary,no,211,yes,no,cellular,21,nov,1,-1,0,unknown,0,older
technician,married,secondary,no,901,no,no,cellular,26,aug,1,-1,0,unknown,0,young
management,single,tertiary,no,306,no,no,cellular,5,oct,1,87,1,success,1,young
management,single,tertiary,no,536,no,no,cellular,18,nov,1,183,1,success,1,young
technician,married,secondary,no,435,yes,no,cellular,18,nov,1,-1,0,unknown,0,older
management,married,tertiary,no,493,no,no,cellular,16,feb,2,-1,0,unknown,0,young
blue-collar,married,secondary,no,850,no,no,cellular,5,jun,1,79,1,success,1,older
housemaid,married,secondary,no,-124,yes,no,cellular,15,aug,2,-1,0,unknown,0,older
services,single,secondary,no,302,no,no,cellular,28,may,2,-1,0,unknown,1,young
management,married,tertiary,no,942,yes,no,cellular,16,may,4,-1,0,unknown,0,young
technician,married,secondary,no,445,yes,no,unknown,21,jun,2,-1,0,unknown,0,older
technician,married,secondary,no,681,yes,no,unknown,3,jun,2,-1,0,unknown,0,older
technician,married,secondary,no,420,no,no,cellular,22,aug,10,-1,0,unknown,0,young
management,married,tertiary,no,494,no,no,unknown,13,jun,5,-1,0,unknown,0,young
management,married,tertiary,no,-165,yes,no,cellular,13,nov,1,-1,0,unknown,0,young
management,married,tertiary,no,520,no,no,cellular,9,jul,2,-1,0,unknown,0,older
admin.,married,secondary,no,889,no,no,cellular,6,aug,1,86,1,success,1,young
technician,single,tertiary,no,520,no,no,cellular,28,oct,1,-1,0,unknown,1,young
technician,married,secondary,no,-59,yes,no,unknown,9,may,2,-1,0,unknown,0,young
management,married,tertiary,no,-31,yes,no,unknown,21,jun,5,-1,0,unknown,0,young
blue-collar,single,secondary,no,444,yes,no,cellular,1,apr,2,-1,0,unknown,0,young
management,married,tertiary,no,859,yes,no,cellular,6,may,2,-1,0,unknown,0,older
technician,single,secondary,no,769,no,no,unknown,14,jun,2,-1,0,unknown,0,young
management,married,tertiary,no,922,no,no,cellular,9,jul,5,-1,0,unknown,0,young
blue-collar,married,secondary,no,1336,yes,no,unknown,6,jun,3,-1,0,unknown,0,older
admin.,married,secondary,no,623,yes,no,cellular,16,jan,3,-1,0,unknown,0,older
technician,married,secondary,no,508,no,no,unknown,7,jun,4,-1,0,unknown,0,older
technician,married,secondary,no,-85,no,no,cellular,8,apr,1,-1,0,unknown,0,older
management,married,tertiary,no,373,no,no,cellular,9,jul,5,-1,0,unknown,0,older
blue-collar,married,primary,no,106,no,no,unknown,13,jun,5,-1,0,unknown,0,older
services,married,secondary,no,-38,yes,no,cellular,13,aug,4,-1,0,unknown,0,older
admin.,single,secondary,no,849,no,no,cellular,30,aug,4,-1,0,unknown,0,young
blue-collar,married,secondary,no,166,no,no,cellular,19,aug,4,-1,0,success,1,young
blue-collar,married,primary,no,540,yes,no,cellular,15,may,2,-1,0,unknown,0,older
management,single,tertiary,no,1143,no,no,cellular,4,nov,3,-1,0,unknown,0,young
services,married,secondary,no,-9,no,no,cellular,21,nov,1,98,1,failure,0,young
management,single,tertiary,no,778,yes,no,unknown,22,jun,2,-1,0,unknown,0,young
services,single,secondary,no,111,no,no,cellular,26,jan,3,-1,0,unknown,0,young
technician,married,secondary,no,131,yes,no,cellular,17,nov,2,-1,0,unknown,0,older
technician,married,secondary,no,133,no,no,cellular,15,aug,2,-1,0,unknown,0,young
technician,married,secondary,no,153,no,no,cellular,15,jan,1,-1,0,unknown,0,older
blue-collar,married,secondary,no,702,yes,no,unknown,15,may,2,-1,0,unknown,0,young
admin.,married,secondary,no,256,yes,no,unknown,3,may,3,-1,0,unknown,0,older
technician,single,secondary,no,1042,no,no,cellular,14,jul,4,-1,0,unknown,0,young
management,married,secondary,no,-385,yes,no,unknown,7,may,2,-1,0,unknown,0,older
blue-collar,married,secondary,no,-14,no,no,unknown,7,jun,2,-1,0,unknown,0,young
blue-collar,married,secondary,no,347,yes,no,cellular,29,jul,6,-1,0,unknown,0,older
admin.,married,secondary,no,-656,no,no,cellular,10,aug,5,-1,0,unknown,0,young
technician,married,secondary,no,507,yes,no,cellular,24,jul,5,-1,0,unknown,0,young
retired,married,primary,no,8,no,no,cellular,8,jul,2,-1,0,unknown,0,older
management,married,tertiary,no,168,yes,no,cellular,18,nov,2,-1,0,unknown,0,young
management,married,tertiary,no,287,yes,no,cellular,21,aug,2,192,1,failure,0,young
blue-collar,married,primary,no,600,yes,no,unknown,4,may,2,-1,0,unknown,0,older
technician,single,tertiary,no,1290,no,no,cellular,6,feb,2,-1,0,unknown,0,young
management,married,tertiary,no,187,yes,no,unknown,14,may,2,-1,0,unknown,0,young
services,married,secondary,no,382,yes,no,unknown,14,may,2,-1,0,unknown,0,older
services,married,secondary,no,301,no,no,cellular,16,jul,2,-1,0,unknown,0,older
retired,married,primary,no,1248,yes,no,unknown,12,may,2,-1,0,unknown,0,older
blue-collar,married,secondary,no,595,yes,no,unknown,14,jun,5,-1,0,unknown,0,young
blue-collar,married,secondary,no,592,no,no,cellular,4,jun,2,-1,0,unknown,0,young
management,married,tertiary,no,1226,no,no,cellular,28,aug,4,-1,0,unknown,0,older
management,married,secondary,no,155,yes,no,cellular,13,may,4,-1,0,unknown,0,young
blue-collar,married,secondary,no,15,yes,no,unknown,6,jun,2,-1,0,unknown,0,young
management,married,tertiary,no,546,no,no,cellular,12,may,2,-1,0,unknown,1,young
management,married,tertiary,no,186,yes,no,cellular,25,apr,4,-1,0,unknown,0,young
management,married,tertiary,no,903,no,no,unknown,7,jun,2,-1,0,unknown,0,older
technician,married,secondary,no,617,no,no,cellular,27,aug,2,-1,0,unknown,0,older
admin.,single,secondary,no,460,yes,no,unknown,11,may,2,-1,0,unknown,0,young
technician,married,secondary,no,9,yes,no,unknown,13,may,5,-1,0,unknown,0,young
technician,married,secondary,no,-84,yes,no,unknown,13,may,2,-1,0,unknown,0,young
management,single,tertiary,no,395,no,no,cellular,19,jun,2,-1,0,unknown,0,young
blue-collar,single,secondary,no,420,yes,no,cellular,13,may,2,-1,0,unknown,0,young
services,married,secondary,no,-25,yes,no,cellular,14,aug,1,-1,0,unknown,0,young
technician,single,secondary,no,154,yes,no,cellular,21,nov,1,133,1,failure,0,young
student,single,secondary,no,59,yes,no,cellular,16,may,1,307,1,other,0,young
management,married,tertiary,no,-98,no,no,cellular,17,aug,1,-1,0,unknown,0,older
technician,married,secondary,no,185,yes,no,cellular,14,apr,2,-1,0,unknown,0,young
admin.,single,secondary,no,176,yes,no,cellular,18,apr,1,327,1,failure,0,young
technician,single,tertiary,no,1258,no,no,cellular,21,aug,1,-1,0,unknown,0,young
unknown,married,secondary,no,106,no,no,cellular,10,aug,1,-1,0,unknown,0,older
blue-collar,married,primary,no,1310,yes,no,cellular,7,may,4,-1,0,unknown,0,older
services,married,secondary,no,380,no,no,cellular,29,aug,6,-1,0,unknown,0,young
management,married,tertiary,no,796,no,no,cellular,28,aug,5,-1,0,unknown,0,older
blue-collar,married,secondary,no,148,yes,no,cellular,17,may,2,-1,0,unknown,0,older
blue-collar,married,primary,no,1017,yes,no,unknown,9,may,5,-1,0,unknown,0,young
admin.,married,secondary,no,428,yes,no,cellular,21,nov,1,114,1,failure,0,older
admin.,married,secondary,no,166,yes,no,unknown,4,jun,4,-1,0,unknown,0,older
admin.,married,secondary,no,31,no,no,cellular,8,jul,3,-1,0,unknown,0,older
blue-collar,married,primary,no,756,no,no,unknown,18,jun,2,-1,0,unknown,0,older
blue-collar,single,secondary,no,863,yes,no,unknown,7,jun,2,-1,0,unknown,0,young
blue-collar,married,secondary,no,759,no,no,cellular,1,feb,4,-1,0,unknown,0,older
blue-collar,single,primary,no,1452,yes,no,unknown,21,jun,2,-1,0,unknown,0,young
technician,married,secondary,no,437,no,no,unknown,5,jun,2,-1,0,unknown,0,young
services,married,secondary,no,604,no,no,cellular,6,nov,1,-1,0,unknown,0,young
management,married,tertiary,no,1056,yes,no,cellular,18,aug,2,-1,0,unknown,0,older
technician,single,tertiary,no,800,no,no,cellular,1,aug,4,-1,0,unknown,0,young
admin.,married,secondary,no,659,yes,no,unknown,6,may,2,-1,0,unknown,0,young
technician,married,secondary,no,553,no,no,cellular,11,aug,4,-1,0,unknown,0,older
technician,single,secondary,no,557,yes,no,unknown,25,jun,5,-1,0,unknown,0,young
management,single,tertiary,no,-225,yes,no,cellular,26,aug,4,-1,0,unknown,0,young
retired,married,primary,no,404,no,no,cellular,7,jul,4,-1,0,unknown,0,older
management,single,tertiary,no,353,no,no,cellular,4,oct,1,91,1,success,1,young
management,married,tertiary,no,588,no,no,cellular,12,aug,2,-1,0,unknown,0,older
blue-collar,married,secondary,no,262,yes,no,cellular,6,may,2,377,7,failure,0,older
blue-collar,married,secondary,no,456,yes,no,unknown,4,may,5,-1,0,unknown,0,young
management,married,tertiary,no,1141,no,no,cellular,27,aug,5,86,4,success,1,older
technician,married,secondary,no,11,no,no,cellular,9,may,2,-1,0,unknown,0,young
services,married,secondary,no,155,yes,no,unknown,23,may,4,-1,0,unknown,0,young
technician,married,secondary,no,593,no,no,cellular,22,aug,1,-1,0,unknown,0,young
admin.,married,secondary,no,984,no,no,cellular,29,aug,4,176,0,success,1,older
management,married,tertiary,no,818,no,no,cellular,7,jul,2,-1,0,unknown,0,older
entrepreneur,married,tertiary,no,-20,yes,no,cellular,5,jul,4,-1,0,unknown,0,young
blue-collar,married,primary,no,760,no,no,cellular,6,may,5,254,7,failure,0,older
management,married,tertiary,no,-18,yes,no,unknown,11,may,4,-1,0,unknown,0,young
technician,married,secondary,no,127,no,no,cellular,21,aug,6,-1,4,success,0,older
management,married,tertiary,no,162,no,no,cellular,30,aug,3,-1,0,unknown,0,older
technician,single,secondary,no,-370,yes,no,cellular,21,apr,5,-1,0,unknown,0,young
technician,married,secondary,no,654,yes,no,unknown,6,may,5,-1,0,unknown,0,older
technician,married,secondary,no,-198,no,no,cellular,6,jan,1,179,1,failure,0,older
management,single,tertiary,no,-337,yes,no,cellular,17,apr,6,150,3,failure,0,young
management,married,tertiary,no,-12,yes,no,unknown,6,may,2,-1,0,unknown,0,older
management,single,tertiary,no,410,yes,no,cellular,16,apr,2,-1,0,unknown,0,young
admin.,married,secondary,no,-24,yes,no,unknown,17,may,2,-1,0,unknown,0,young
blue-collar,married,secondary,no,248,yes,no,cellular,14,may,2,-1,0,unknown,0,older
technician,married,secondary,no,654,no,no,cellular,27,aug,18,-1,0,unknown,0,young
blue-collar,married,secondary,no,249,yes,no,cellular,17,apr,2,369,2,failure,0,young
admin.,married,secondary,no,753,yes,no,cellular,23,jul,4,-1,0,unknown,0,young
blue-collar,single,primary,no,144,yes,no,unknown,20,may,2,-1,0,unknown,0,young
student,single,tertiary,no,682,no,no,cellular,21,aug,1,95,2,success,1,young
blue-collar,married,secondary,no,-32,no,no,cellular,3,jul,1,-1,0,unknown,0,older
entrepreneur,married,tertiary,no,10,yes,no,cellular,5,may,4,-1,0,unknown,0,young
technician,married,secondary,no,402,no,no,cellular,17,nov,1,-1,0,unknown,0,older
admin.,married,secondary,no,232,yes,no,unknown,6,may,2,-1,0,unknown,0,older
technician,married,tertiary,no,-239,yes,no,cellular,27,jan,2,-1,0,unknown,0,young
blue-collar,married,primary,no,3,no,no,cellular,27,aug,2,-1,0,unknown,0,older
admin.,married,secondary,no,358,no,no,cellular,9,sep,1,-1,0,unknown,0,older
blue-collar,married,primary,no,683,yes,no,cellular,14,jul,14,-1,0,unknown,0,older
retired,married,primary,no,284,no,no,unknown,17,jun,4,-1,0,unknown,0,older
technician,married,secondary,no,243,yes,no,unknown,14,may,2,-1,0,unknown,0,older
blue-collar,married,primary,no,244,no,no,cellular,9,may,2,-1,0,unknown,0,young
admin.,single,secondary,no,-40,yes,yes,cellular,8,may,2,-1,0,unknown,0,young
technician,married,secondary,no,-117,no,no,cellular,12,aug,4,-1,0,unknown,0,young
admin.,married,secondary,no,641,yes,no,cellular,14,nov,1,150,1,failure,0,older
blue-collar,married,primary,no,707,yes,no,unknown,27,jun,3,-1,0,unknown,0,young
management,single,tertiary,no,993,yes,no,cellular,13,may,2,-1,0,unknown,0,young
services,married,secondary,no,665,yes,no,unknown,16,may,6,-1,0,unknown,0,older
technician,married,tertiary,no,729,yes,no,cellular,15,aug,4,-1,0,unknown,0,young
admin.,married,secondary,no,-133,yes,no,unknown,17,jun,2,-1,0,unknown,0,young
technician,married,secondary,no,358,yes,no,cellular,5,may,1,364,1,failure,0,older
blue-collar,single,secondary,no,-427,yes,no,cellular,14,apr,4,-1,0,unknown,0,young
services,married,secondary,no,735,no,no,cellular,26,jan,2,-1,0,unknown,0,older
blue-collar,married,primary,no,1421,no,no,cellular,28,aug,1,161,1,failure,0,older
admin.,married,secondary,no,711,yes,no,cellular,14,jun,4,347,3,failure,0,young
retired,married,secondary,no,210,no,no,cellular,20,aug,2,175,4,failure,0,older
retired,married,secondary,no,624,yes,no,cellular,20,aug,5,-1,0,unknown,0,older
blue-collar,married,primary,no,532,no,no,cellular,7,aug,2,-1,0,unknown,0,young
management,married,tertiary,no,31,no,no,cellular,8,jul,1,-1,0,unknown,0,young
blue-collar,married,secondary,no,-453,yes,no,cellular,23,apr,1,-1,0,unknown,0,young
admin.,single,secondary,no,593,no,no,cellular,2,aug,2,-1,0,unknown,0,young
blue-collar,married,secondary,no,623,yes,no,cellular,24,nov,1,-1,0,unknown,0,young
technician,married,secondary,no,774,yes,no,cellular,16,nov,1,-1,0,unknown,0,young
blue-collar,married,secondary,no,364,yes,no,cellular,20,nov,1,170,4,failure,0,older
services,married,secondary,no,876,yes,no,cellular,11,jul,2,-1,0,unknown,0,older
admin.,married,secondary,no,479,no,no,unknown,18,jun,4,-1,0,unknown,0,older
housemaid,married,secondary,no,-264,no,no,cellular,7,jul,5,-1,0,unknown,0,older
technician,married,secondary,no,679,yes,no,cellular,17,aug,2,-1,0,unknown,0,older
technician,married,secondary,no,772,yes,no,cellular,17,nov,1,-1,0,unknown,0,young
admin.,married,secondary,no,844,no,no,cellular,7,may,1,257,3,failure,0,young
technician,single,secondary,no,1135,no,no,cellular,6,aug,2,-1,0,unknown,0,young
blue-collar,married,primary,no,947,no,no,unknown,8,may,3,-1,0,unknown,0,older
technician,married,secondary,no,796,yes,no,cellular,27,jul,5,-1,0,unknown,0,older
services,married,secondary,no,-308,no,no,cellular,9,may,3,-1,0,unknown,0,older
admin.,married,secondary,no,677,yes,no,cellular,14,apr,2,-1,0,unknown,0,older
management,married,tertiary,no,729,yes,no,cellular,20,aug,4,180,3,success,0,older
technician,married,secondary,no,15,no,no,cellular,8,may,2,-1,0,unknown,0,older
management,married,tertiary,no,866,yes,no,unknown,16,may,2,-1,0,unknown,0,older
blue-collar,married,secondary,no,401,no,no,cellular,21,aug,4,-1,0,unknown,0,older
retired,married,secondary,no,1093,no,no,cellular,18,aug,4,-1,0,unknown,0,older
technician,married,secondary,no,833,yes,no,unknown,14,may,3,-1,0,unknown,0,young
retired,married,secondary,no,621,yes,no,cellular,2,apr,2,-1,0,unknown,0,older
admin.,single,secondary,no,-547,yes,no,cellular,23,jul,2,-1,0,unknown,0,young
management,married,tertiary,no,639,no,no,unknown,14,jun,2,-1,0,unknown,0,older
blue-collar,married,primary,no,428,yes,no,cellular,16,nov,1,128,1,failure,0,older
technician,single,secondary,no,84,yes,no,cellular,21,nov,1,188,2,failure,0,young
technician,married,secondary,no,350,yes,no,cellular,12,may,5,-1,0,unknown,0,young
management,married,tertiary,no,14,no,no,unknown,15,jun,8,-1,0,unknown,0,older
technician,single,tertiary,no,-3,no,no,cellular,17,jul,4,-1,0,unknown,0,young
management,single,tertiary,no,79,no,no,unknown,14,may,2,-1,0,unknown,0,young
blue-collar,married,primary,no,1184,no,no,cellular,18,aug,6,-1,0,unknown,0,older
blue-collar,married,primary,no,32,no,no,cellular,13,jan,2,-1,0,unknown,0,older
admin.,married,secondary,no,-454,yes,yes,cellular,8,jul,2,-1,0,unknown,0,young
management,married,tertiary,no,1041,no,no,cellular,25,aug,4,-1,0,unknown,0,older
services,married,secondary,no,-63,yes,no,unknown,6,jun,2,-1,0,unknown,0,older
blue-collar,married,primary,no,1045,yes,no,cellular,17,jul,4,-1,0,unknown,0,young
services,married,secondary,no,-121,no,no,cellular,15,aug,4,-1,0,unknown,0,older
management,married,tertiary,no,60,yes,no,cellular,6,jan,2,35,3,failure,0,young
blue-collar,married,secondary,no,222,yes,no,cellular,14,may,2,-1,0,unknown,0,young
management,married,tertiary,no,740,yes,no,cellular,17,aug,5,-1,0,unknown,0,older
admin.,single,secondary,no,45,no,no,unknown,9,may,2,-1,0,unknown,0,young
management,married,tertiary,no,2080,no,no,cellular,20,aug,4,92,3,success,1,older
blue-collar,single,secondary,no,584,yes,no,unknown,13,may,5,-1,0,unknown,0,young
student,single,tertiary,no,760,no,no,cellular,27,aug,2,-1,0,unknown,0,young
blue-collar,married,secondary,no,1235,no,no,cellular,18,aug,1,99,2,success,0,young
management,married,secondary,no,533,yes,no,cellular,17,apr,2,346,3,failure,0,older
blue-collar,married,secondary,no,200,no,no,cellular,21,nov,1,184,1,failure,0,young
technician,married,secondary,no,856,yes,no,cellular,21,aug,4,92,4,success,0,young
admin.,married,secondary,no,577,yes,no,unknown,2,jun,2,-1,0,unknown,0,older
self-employed,married,tertiary,no,-610,no,no,cellular,6,jul,1,-1,0,unknown,0,young
admin.,married,secondary,no,819,yes,no,unknown,13,may,2,-1,0,unknown,0,young
services,single,secondary,no,352,yes,no,cellular,15,may,2,-1,0,unknown,1,young
unknown,married,secondary,no,1370,no,no,unknown,2,jun,2,-1,0,unknown,0,older
technician,married,secondary,no,-25,yes,no,unknown,6,may,3,-1,0,unknown,0,older
management,single,tertiary,no,-134,no,no,cellular,13,may,1,287,2,failure,0,young
management,married,tertiary,no,466,no,no,cellular,26,aug,4,-1,0,unknown,1,older
services,married,secondary,no,517,yes,no,cellular,19,jul,1,-1,0,unknown,0,older
management,married,tertiary,no,-57,no,no,unknown,4,jun,2,-1,0,unknown,0,older
blue-collar,married,primary,no,752,no,no,cellular,13,aug,3,-1,0,unknown,0,older
blue-collar,married,secondary,no,911,yes,no,cellular,20,jul,2,-1,0,unknown,0,young
admin.,single,secondary,no,211,yes,no,unknown,13,may,2,-1,0,unknown,0,young
technician,married,secondary,no,64,yes,no,cellular,18,aug,5,-1,0,unknown,0,young
blue-collar,single,secondary,no,393,yes,no,unknown,23,jun,4,-1,0,unknown,0,young
management,married,secondary,no,31,yes,no,cellular,11,may,2,344,3,failure,0,older
technician,married,secondary,no,1028,no,no,unknown,16,jun,2,-1,0,unknown,0,older
admin.,single,secondary,no,-219,no,no,cellular,2,feb,1,-1,0,unknown,1,young
retired,married,primary,no,418,no,no,telephone,15,jan,2,-1,0,unknown,0,older
admin.,married,secondary,no,6,no,no,cellular,5,feb,4,-1,0,unknown,0,young
management,married,tertiary,no,755,no,no,cellular,9,feb,4,-1,0,unknown,0,young
unknown,married,tertiary,no,55,no,no,cellular,3,aug,2,-1,0,unknown,0,older
services,single,secondary,no,1267,yes,no,cellular,6,may,4,-1,0,unknown,0,young
blue-collar,married,secondary,no,130,yes,no,cellular,15,aug,4,-1,0,unknown,0,young
services,married,secondary,no,377,yes,no,unknown,17,jun,2,-1,0,unknown,0,older
blue-collar,married,primary,no,280,no,no,unknown,6,may,5,-1,0,unknown,0,older
services,single,secondary,no,-57,yes,no,unknown,13,may,2,-1,0,unknown,0,young
management,single,tertiary,no,23,yes,no,unknown,14,may,6,-1,0,unknown,0,young
blue-collar,married,secondary,no,1303,yes,no,unknown,18,may,2,-1,0,unknown,0,young
unemployed,married,secondary,no,162,no,no,cellular,5,feb,1,-1,0,unknown,1,older
entrepreneur,married,tertiary,no,439,yes,no,cellular,14,may,2,-1,0,unknown,0,young
management,single,tertiary,no,857,no,no,cellular,26,aug,1,-1,0,unknown,0,young
technician,single,secondary,no,374,no,no,cellular,6,feb,1,272,1,failure,0,young
technician,single,secondary,no,950,yes,no,cellular,8,jul,2,-1,0,unknown,0,young
blue-collar,single,secondary,no,1018,yes,no,unknown,8,may,4,-1,0,unknown,0,young
services,married,secondary,no,1025,yes,no,unknown,13,jun,11,-1,0,unknown,0,older
management,single,tertiary,no,-268,yes,no,unknown,8,may,2,-1,0,unknown,0,young
services,married,secondary,no,807,yes,no,unknown,6,jun,4,-1,0,unknown,0,older
admin.,single,secondary,no,-20,no,no,cellular,13,jan,2,-1,0,unknown,0,young
admin.,married,secondary,no,195,yes,no,cellular,13,nov,1,-1,0,unknown,0,older
management,married,tertiary,no,658,yes,no,cellular,21,aug,5,-1,0,unknown,0,young
technician,single,secondary,no,395,yes,no,cellular,18,may,1,367,2,failure,0,young
management,married,tertiary,no,562,no,no,cellular,20,feb,4,-1,0,unknown,0,young
blue-collar,married,secondary,no,116,yes,no,unknown,12,may,2,-1,0,unknown,0,young
management,single,tertiary,no,191,no,no,cellular,20,aug,6,-1,0,unknown,1,young
technician,single,secondary,no,757,yes,no,unknown,15,may,7,-1,0,unknown,0,young
technician,single,secondary,no,205,no,no,cellular,20,aug,1,120,1,unknown,0,young
services,married,secondary,no,65,no,no,cellular,8,may,4,-1,0,unknown,0,young
retired,married,secondary,no,1093,yes,no,unknown,11,jun,2,-1,0,unknown,0,older
admin.,married,secondary,no,-243,yes,no,unknown,12,may,2,-1,0,unknown,0,older
management,married,tertiary,no,-336,yes,no,cellular,18,nov,2,169,6,failure,0,young
admin.,married,secondary,no,97,no,no,unknown,28,may,2,-1,0,unknown,0,young
admin.,married,secondary,no,-80,no,no,cellular,22,nov,1,-1,0,unknown,0,older
retired,married,secondary,no,259,no,no,cellular,4,feb,1,191,1,failure,1,older
services,married,secondary,no,389,no,no,cellular,8,apr,5,-1,0,unknown,0,young
services,single,secondary,no,-356,no,no,cellular,29,jan,1,-1,0,unknown,0,young
services,married,secondary,no,21,no,no,cellular,26,jul,2,-1,0,unknown,0,young
management,married,tertiary,no,406,no,no,cellular,25,aug,4,-1,0,unknown,0,older
blue-collar,married,primary,no,687,yes,no,cellular,15,jul,2,-1,0,unknown,0,young
admin.,married,secondary,no,140,yes,no,unknown,21,may,2,-1,0,unknown,0,young
blue-collar,married,secondary,no,314,no,no,cellular,13,may,2,186,16,other,0,older
housemaid,married,secondary,no,32,no,no,unknown,12,may,2,-1,0,unknown,0,older
technician,married,tertiary,no,725,no,no,cellular,29,aug,3,-1,0,unknown,0,older
technician,married,secondary,no,-552,yes,no,unknown,16,jun,4,-1,0,unknown,0,older
services,married,secondary,no,78,yes,no,cellular,14,apr,2,-1,0,unknown,0,older
services,married,secondary,no,69,yes,no,unknown,5,jun,5,-1,0,unknown,0,young
technician,married,secondary,no,430,yes,no,cellular,14,may,2,-1,0,unknown,0,older
admin.,married,secondary,no,1,yes,yes,cellular,9,jul,2,-1,0,unknown,0,young
technician,married,secondary,no,41,no,no,unknown,7,may,2,-1,0,unknown,0,young
blue-collar,single,secondary,no,60,no,no,unknown,10,may,2,-1,0,unknown,0,young
blue-collar,married,primary,no,202,yes,no,cellular,15,nov,1,-1,0,unknown,0,older
technician,married,tertiary,no,459,no,no,cellular,27,aug,4,-1,0,unknown,0,young
technician,married,secondary,no,-252,yes,no,unknown,13,may,2,-1,0,unknown,0,older
management,single,tertiary,no,-215,no,no,cellular,28,jan,1,-1,0,unknown,0,young
admin.,married,secondary,no,735,no,no,cellular,6,nov,5,-1,0,unknown,0,young
admin.,married,secondary,no,172,yes,no,cellular,17,apr,1,166,1,failure,0,older
management,married,tertiary,no,70,yes,no,cellular,20,nov,5,-1,0,unknown,0,older
blue-collar,married,primary,no,589,yes,no,cellular,10,may,2,-1,0,unknown,0,older
services,married,secondary,no,792,no,no,cellular,7,aug,3,-1,0,unknown,0,young
admin.,married,secondary,no,1087,yes,no,unknown,13,jun,3,-1,0,unknown,0,older
technician,married,secondary,no,98,no,no,cellular,19,nov,1,-1,1,unknown,0,young
services,married,secondary,no,787,no,no,cellular,25,jul,2,-1,0,unknown,0,older
blue-collar,married,primary,no,141,no,no,unknown,8,jun,2,-1,0,unknown,0,young
admin.,married,secondary,no,462,no,no,cellular,7,jan,1,92,4,failure,0,young
technician,married,secondary,no,160,no,no,cellular,23,nov,1,-1,0,unknown,0,older
blue-collar,single,secondary,no,791,yes,no,unknown,29,jun,2,-1,0,unknown,0,young
management,married,tertiary,no,186,no,no,cellular,27,aug,12,-1,0,unknown,0,older
blue-collar,married,primary,no,219,no,no,cellular,16,may,1,294,1,failure,0,older
admin.,married,secondary,no,210,yes,no,cellular,22,nov,1,-1,0,unknown,0,young
admin.,married,secondary,no,331,yes,no,cellular,3,may,3,-1,0,unknown,0,older
technician,married,secondary,no,781,no,no,cellular,28,aug,4,-1,0,unknown,0,older
technician,single,secondary,no,693,yes,no,cellular,19,aug,3,-1,0,unknown,0,young
management,married,tertiary,no,1440,no,no,cellular,18,oct,1,-1,0,unknown,1,older
blue-collar,married,primary,no,540,yes,no,unknown,14,may,2,-1,0,unknown,0,older
management,married,tertiary,no,906,no,no,cellular,25,aug,1,103,2,success,1,older
management,married,tertiary,no,462,no,no,cellular,3,oct,1,94,1,success,1,older
services,married,secondary,no,-332,no,no,cellular,22,jul,4,-1,0,unknown,0,young
management,married,tertiary,no,688,no,no,cellular,7,aug,3,-1,0,unknown,0,young
technician,married,tertiary,no,501,yes,no,cellular,8,feb,2,-1,0,unknown,1,older
admin.,married,secondary,no,5,no,no,cellular,3,oct,1,93,1,success,1,older
blue-collar,married,secondary,no,122,yes,no,cellular,14,may,2,356,5,failure,0,older
admin.,married,secondary,no,549,no,no,cellular,21,apr,1,115,1,success,1,young
technician,married,secondary,no,541,no,no,cellular,16,feb,2,-1,0,unknown,0,older
admin.,married,secondary,no,660,yes,no,cellular,15,jul,4,-1,0,unknown,0,young
management,married,tertiary,no,735,no,no,cellular,27,aug,1,-1,0,unknown,0,young
blue-collar,married,primary,no,-190,yes,no,cellular,28,jan,1,-1,0,unknown,0,young
admin.,married,secondary,no,452,yes,no,cellular,18,apr,1,121,0,unknown,1,young
admin.,married,secondary,no,705,yes,no,cellular,16,may,2,341,3,failure,0,older
blue-collar,married,secondary,no,206,no,no,cellular,16,jan,2,-1,0,unknown,0,young
self-employed,single,tertiary,no,-197,no,no,cellular,4,feb,5,-1,0,unknown,0,young
technician,married,secondary,no,499,no,no,unknown,14,jun,4,-1,0,unknown,0,older
blue-collar,married,secondary,no,961,yes,no,cellular,14,may,2,-1,0,unknown,0,young
management,married,tertiary,no,786,no,no,cellular,2,feb,1,-1,0,unknown,0,older
blue-collar,married,secondary,no,792,yes,no,cellular,13,aug,2,-1,0,unknown,0,young
unemployed,married,secondary,no,773,no,no,cellular,2,feb,2,-1,0,unknown,0,young
housemaid,married,secondary,no,42,no,no,cellular,21,aug,1,147,1,failure,0,older
unemployed,married,secondary,no,456,no,no,unknown,3,jun,2,-1,0,unknown,0,young
blue-collar,married,primary,no,1390,yes,no,cellular,14,jul,4,-1,0,unknown,0,older
management,married,tertiary,no,505,yes,no,cellular,14,aug,3,-1,0,unknown,0,young
technician,married,secondary,no,152,yes,no,cellular,21,nov,2,191,3,failure,0,young
management,married,tertiary,no,245,no,no,cellular,15,may,2,280,1,failure,0,older
admin.,single,secondary,no,611,no,no,cellular,5,feb,1,155,1,failure,0,young
technician,single,tertiary,no,522,yes,no,cellular,19,apr,1,-1,0,unknown,1,young
technician,single,tertiary,no,322,yes,no,unknown,15,may,4,-1,0,unknown,0,young
services,married,secondary,no,623,yes,no,unknown,26,jun,2,-1,0,unknown,0,young
blue-collar,married,primary,no,-191,yes,no,unknown,15,may,4,-1,0,unknown,0,older
services,married,secondary,no,428,no,no,cellular,18,aug,1,-1,0,unknown,0,older
blue-collar,married,secondary,no,1226,yes,no,cellular,24,apr,2,-1,0,unknown,0,older
technician,married,secondary,no,-156,no,no,cellular,21,aug,1,-1,0,unknown,0,older
retired,married,primary,no,126,yes,no,unknown,16,jun,5,-1,0,unknown,0,older
management,single,tertiary,no,404,no,no,cellular,4,sep,1,88,1,success,1,young
blue-collar,married,secondary,no,111,yes,no,cellular,21,aug,2,186,2,failure,0,older
student,single,tertiary,no,2204,no,no,cellular,21,aug,4,87,2,success,1,young
services,married,secondary,no,807,yes,no,cellular,18,jul,2,-1,0,unknown,0,young
management,single,tertiary,no,-27,yes,no,cellular,5,may,3,-1,0,unknown,0,young
technician,married,secondary,no,866,no,no,cellular,19,aug,4,-1,0,unknown,0,young
management,single,tertiary,no,95,no,no,cellular,25,apr,2,-1,0,unknown,0,young
blue-collar,married,primary,no,-265,yes,no,unknown,20,jun,5,-1,0,unknown,0,older
retired,married,secondary,no,1039,no,no,cellular,15,may,1,291,1,failure,0,older
technician,married,secondary,no,1357,yes,no,unknown,25,jun,15,-1,0,unknown,0,young
management,married,tertiary,no,-23,yes,no,cellular,5,feb,2,285,3,failure,0,older
unknown,married,secondary,no,1280,no,no,cellular,19,aug,1,99,1,success,1,young
services,single,secondary,no,47,no,no,cellular,26,jul,2,-1,0,unknown,0,young
services,married,secondary,no,487,yes,no,cellular,21,aug,1,-1,0,unknown,0,young
blue-collar,married,primary,no,997,no,no,cellular,25,aug,2,-1,0,unknown,0,young
blue-collar,married,secondary,no,-4,no,no,cellular,3,feb,1,-1,0,unknown,0,older
services,married,secondary,no,550,yes,no,unknown,14,jun,2,-1,0,unknown,0,older
admin.,married,secondary,no,-28,yes,no,cellular,20,nov,2,182,3,failure,0,young
technician,single,tertiary,no,917,yes,no,cellular,9,jul,2,-1,0,unknown,0,young
management,married,tertiary,no,1118,yes,no,cellular,21,aug,4,171,6,success,0,older
technician,single,tertiary,no,1191,no,no,cellular,6,feb,3,-1,0,unknown,0,young
technician,single,secondary,no,47,yes,no,cellular,14,aug,5,-1,0,unknown,0,young
technician,married,secondary,no,1051,no,no,cellular,19,nov,1,-1,0,unknown,0,older
blue-collar,married,secondary,no,527,yes,no,unknown,23,jun,2,-1,0,unknown,0,young
blue-collar,married,primary,no,46,yes,no,unknown,7,jun,4,-1,0,unknown,0,older
technician,single,secondary,no,670,no,no,cellular,18,aug,1,222,3,failure,0,young
blue-collar,married,secondary,no,314,yes,no,cellular,21,aug,1,119,0,failure,0,young
housemaid,married,primary,no,354,no,no,cellular,7,jun,4,-1,0,unknown,0,older
blue-collar,married,secondary,no,334,yes,no,cellular,12,aug,4,-1,0,unknown,0,young
services,married,secondary,no,492,no,no,unknown,20,jun,2,-1,0,unknown,0,older
retired,married,secondary,no,828,no,no,cellular,20,nov,1,-1,0,unknown,0,older
technician,married,secondary,no,-63,yes,no,cellular,7,apr,1,231,4,failure,0,young
technician,married,secondary,no,404,yes,no,unknown,14,jun,2,-1,0,unknown,0,older
management,married,tertiary,no,251,no,no,cellular,20,aug,5,-1,2,unknown,1,young
services,married,secondary,no,-70,yes,no,cellular,26,jul,5,-1,0,unknown,0,young
admin.,single,secondary,no,949,yes,no,cellular,18,apr,1,176,1,failure,0,young
retired,married,primary,no,676,no,no,telephone,15,jul,5,-1,0,unknown,0,older
technician,single,secondary,no,1703,yes,no,cellular,20,aug,4,183,3,success,0,young
technician,married,secondary,no,-65,no,no,cellular,19,aug,1,94,6,failure,0,older
blue-collar,married,secondary,no,1027,yes,no,cellular,19,nov,1,-1,0,unknown,0,young
management,married,secondary,no,822,yes,no,unknown,3,jun,2,-1,0,unknown,0,older
management,married,tertiary,no,870,yes,no,cellular,6,may,5,-1,0,unknown,0,older
retired,married,primary,no,374,yes,no,telephone,17,may,1,187,4,failure,0,older
blue-collar,married,primary,no,1016,yes,no,cellular,16,may,2,344,3,failure,0,older
management,single,tertiary,no,861,no,no,cellular,22,may,2,-1,0,unknown,0,young
technician,married,secondary,no,-539,yes,no,cellular,15,apr,2,-1,0,unknown,0,older
retired,married,primary,no,70,no,no,cellular,2,aug,5,-1,0,unknown,0,older
blue-collar,married,secondary,no,141,no,no,cellular,12,may,3,-1,0,unknown,0,young
blue-collar,married,primary,no,1118,no,no,cellular,6,jul,6,-1,0,unknown,0,older
blue-collar,single,secondary,no,213,no,no,cellular,24,oct,1,-1,0,unknown,0,young
management,single,tertiary,no,328,yes,no,cellular,19,aug,1,94,1,failure,0,young
services,married,secondary,no,711,no,no,cellular,12,jul,3,-1,0,unknown,0,older
technician,married,secondary,no,6,yes,no,cellular,25,jul,2,-1,0,unknown,0,older
technician,single,tertiary,no,552,no,no,cellular,17,nov,2,-1,0,unknown,0,young
blue-collar,married,primary,no,484,yes,no,cellular,15,aug,2,-1,0,unknown,0,older
blue-collar,married,primary,no,30,yes,no,cellular,12,may,4,369,2,failure,0,older
technician,married,secondary,no,-1,yes,no,cellular,29,apr,1,-1,0,unknown,0,older
management,married,tertiary,no,1183,no,no,cellular,18,aug,2,-1,1,unknown,1,older
retired,married,primary,no,411,yes,no,unknown,11,may,2,-1,0,unknown,0,older
unknown,married,secondary,no,1733,no,no,cellular,20,aug,1,-1,0,unknown,1,older
blue-collar,married,secondary,no,228,yes,no,unknown,2,may,2,-1,0,unknown,0,older
admin.,married,secondary,no,439,yes,no,cellular,18,nov,1,138,1,failure,0,young
technician,single,secondary,no,602,yes,no,cellular,18,nov,1,-1,0,unknown,0,young
student,single,secondary,no,255,no,no,cellular,1,aug,1,-1,0,unknown,0,young
blue-collar,single,secondary,no,211,no,no,cellular,28,jul,2,-1,0,unknown,1,young
technician,single,secondary,no,339,yes,no,unknown,15,may,4,-1,0,unknown,0,young
blue-collar,married,primary,no,919,yes,no,cellular,14,aug,4,-1,0,unknown,0,older
management,married,tertiary,no,2257,no,no,cellular,25,aug,4,92,2,success,1,older
blue-collar,married,secondary,no,127,yes,no,cellular,15,apr,4,-1,0,unknown,0,young
admin.,married,secondary,no,985,no,no,cellular,6,aug,3,-1,0,unknown,0,young
management,married,tertiary,no,894,no,no,cellular,8,aug,4,-1,0,unknown,0,young
management,married,tertiary,no,803,yes,no,cellular,22,jul,2,-1,0,unknown,0,older
management,married,tertiary,no,462,yes,no,cellular,22,aug,5,-1,0,unknown,0,young
blue-collar,married,primary,no,523,yes,no,unknown,19,may,2,-1,0,unknown,0,older
blue-collar,married,primary,no,1096,yes,no,unknown,4,may,3,-1,0,unknown,0,older
blue-collar,married,primary,no,693,yes,no,cellular,5,jul,2,-1,0,unknown,0,young
management,married,tertiary,no,314,no,no,cellular,20,aug,2,-1,0,unknown,0,young
admin.,married,secondary,no,40,yes,no,unknown,5,may,2,-1,0,unknown,0,young
blue-collar,married,secondary,no,710,yes,no,cellular,15,jul,2,-1,0,unknown,0,young
management,married,secondary,no,461,yes,no,cellular,12,nov,2,-1,0,unknown,0,older
technician,married,secondary,no,431,yes,no,unknown,6,may,2,-1,0,unknown,0,young
blue-collar,single,secondary,no,-658,yes,no,cellular,16,aug,2,-1,0,unknown,0,young
blue-collar,married,secondary,no,505,yes,no,cellular,24,apr,2,-1,0,unknown,0,young
management,married,tertiary,no,1156,yes,no,cellular,11,aug,4,-1,0,unknown,0,older
management,married,tertiary,no,835,yes,no,unknown,15,jun,2,-1,0,unknown,0,young
technician,married,secondary,no,734,yes,no,cellular,23,jul,5,-1,0,unknown,0,older
technician,married,secondary,no,170,yes,no,cellular,16,jul,2,-1,0,unknown,0,older
admin.,married,secondary,no,-242,no,no,cellular,7,jul,5,-1,0,unknown,0,older
technician,married,secondary,no,-66,no,no,cellular,21,aug,3,-1,0,unknown,0,older
management,married,tertiary,no,-264,yes,no,cellular,20,nov,1,-1,0,unknown,0,young
technician,married,secondary,no,710,yes,no,cellular,18,aug,4,182,9,success,0,young
services,married,secondary,no,77,yes,no,unknown,12,may,12,-1,0,unknown,0,older
management,married,tertiary,no,1022,yes,no,cellular,29,aug,2,-1,0,unknown,0,older
technician,married,secondary,no,59,yes,no,unknown,15,jun,4,-1,0,unknown,0,young
housemaid,married,secondary,no,1108,no,no,cellular,6,feb,2,-1,0,unknown,0,older
services,married,secondary,no,1148,no,no,cellular,20,feb,2,-1,0,unknown,0,older
admin.,married,secondary,no,-136,no,no,cellular,18,nov,3,-1,0,unknown,0,young
technician,single,secondary,no,631,yes,no,unknown,23,jun,3,-1,0,unknown,0,young
blue-collar,married,secondary,no,1623,yes,no,unknown,22,jun,2,-1,0,unknown,0,older
management,single,tertiary,no,273,yes,no,unknown,3,feb,2,-1,0,unknown,0,young
blue-collar,single,secondary,no,-13,no,no,cellular,13,aug,3,-1,0,unknown,0,young
blue-collar,single,secondary,no,637,yes,no,unknown,26,jun,2,-1,0,unknown,0,young
blue-collar,married,secondary,no,659,yes,no,cellular,20,nov,1,-1,0,unknown,0,young
blue-collar,married,primary,no,212,no,no,cellular,8,may,2,-1,0,unknown,0,older
technician,married,secondary,no,14,no,no,cellular,20,aug,2,-1,0,unknown,0,older
blue-collar,married,primary,no,554,yes,no,unknown,20,jun,2,-1,0,unknown,0,older
entrepreneur,married,tertiary,no,-128,no,no,cellular,9,jul,4,-1,0,unknown,0,older
admin.,married,secondary,no,701,yes,no,cellular,2,feb,6,-1,0,unknown,0,young
blue-collar,single,secondary,no,669,yes,no,cellular,18,apr,2,368,3,failure,0,young
management,married,tertiary,no,755,yes,no,cellular,2,feb,2,-1,0,unknown,0,older
technician,married,secondary,no,377,no,no,cellular,28,aug,11,-1,0,unknown,0,older
management,single,tertiary,no,726,yes,no,cellular,21,aug,2,95,3,failure,0,young
management,married,tertiary,no,531,yes,no,cellular,15,aug,3,-1,0,unknown,0,older
self-employed,single,tertiary,no,991,no,no,unknown,6,jun,2,-1,0,unknown,0,young
management,married,secondary,no,-150,yes,no,cellular,2,nov,1,-1,0,unknown,0,older
management,married,tertiary,no,951,no,no,cellular,19,aug,2,-1,0,unknown,0,young
management,married,tertiary,no,978,yes,no,cellular,30,aug,2,-1,0,unknown,0,older
admin.,single,secondary,no,25,no,no,unknown,4,jun,2,-1,0,unknown,0,young
unknown,married,secondary,no,911,no,no,cellular,29,oct,1,-1,0,unknown,0,older
technician,married,secondary,no,443,yes,no,unknown,16,may,2,-1,0,unknown,0,older
management,married,primary,no,-104,yes,no,cellular,16,may,1,325,1,failure,0,older
admin.,married,secondary,no,-17,no,no,cellular,19,aug,3,-1,0,unknown,0,young
management,married,tertiary,no,633,yes,no,unknown,15,jun,2,-1,0,unknown,0,young
housemaid,married,primary,no,-1,no,no,cellular,6,aug,2,-1,0,unknown,0,older
blue-collar,married,secondary,no,771,yes,no,cellular,17,apr,1,346,1,failure,0,older
blue-collar,married,primary,no,-353,yes,no,cellular,21,aug,3,-1,0,unknown,0,older
blue-collar,married,secondary,no,617,no,no,cellular,9,jul,1,-1,0,unknown,0,older
retired,married,tertiary,no,1422,no,no,cellular,28,aug,2,-1,0,unknown,0,older
blue-collar,married,secondary,no,412,yes,no,cellular,6,jul,3,-1,0,unknown,0,older
technician,single,tertiary,no,766,no,no,cellular,27,jul,2,-1,0,unknown,0,young
blue-collar,married,secondary,no,24,no,no,cellular,26,jul,2,-1,0,unknown,0,young
blue-collar,married,secondary,no,-40,yes,no,unknown,13,may,2,-1,0,unknown,0,young
blue-collar,single,secondary,no,-310,no,no,unknown,4,jun,2,-1,0,unknown,0,young
technician,married,tertiary,no,-140,no,no,cellular,9,jul,1,-1,0,unknown,0,young
services,single,secondary,no,827,yes,no,unknown,7,jun,2,-1,0,unknown,0,young
technician,married,secondary,no,788,yes,no,unknown,28,jun,2,-1,0,unknown,0,young
admin.,married,secondary,no,-53,no,no,cellular,5,jul,1,-1,0,unknown,0,young
blue-collar,married,primary,no,16,yes,no,unknown,5,may,2,-1,0,unknown,0,young
management,married,tertiary,no,442,yes,no,cellular,7,nov,2,-1,0,unknown,0,young
technician,single,tertiary,no,397,no,no,cellular,20,aug,5,-1,4,success,1,young
blue-collar,married,primary,no,634,no,no,cellular,16,jul,2,-1,0,unknown,0,older
retired,married,primary,no,-374,no,no,cellular,11,aug,3,-1,0,unknown,0,older
technician,married,secondary,no,40,yes,no,cellular,18,aug,4,-1,0,unknown,0,young
management,married,tertiary,no,821,no,no,cellular,23,nov,4,-1,0,unknown,0,older
technician,married,secondary,no,737,yes,no,cellular,19,nov,2,170,3,failure,0,older
blue-collar,married,primary,no,-142,yes,no,unknown,16,may,3,-1,0,unknown,0,older
technician,married,secondary,no,92,no,no,cellular,3,jul,4,-1,0,unknown,0,young
blue-collar,married,primary,no,436,no,no,cellular,20,aug,1,87,4,success,1,older
admin.,married,secondary,no,357,yes,no,unknown,5,jun,2,-1,0,unknown,0,young
technician,single,tertiary,no,405,no,no,cellular,26,jul,4,-1,0,unknown,0,young
admin.,single,secondary,no,53,no,no,unknown,26,may,2,-1,0,unknown,0,young
admin.,married,secondary,no,1025,yes,no,cellular,22,jul,1,-1,0,unknown,0,young
technician,married,secondary,no,208,yes,no,cellular,18,nov,1,99,1,failure,0,young
technician,married,secondary,no,623,yes,no,cellular,14,may,2,369,2,failure,0,young
housemaid,married,secondary,no,814,no,no,cellular,2,mar,3,-1,0,unknown,0,young
blue-collar,married,secondary,no,945,yes,no,cellular,16,may,2,367,4,failure,0,young
management,single,tertiary,no,2891,no,no,cellular,31,aug,3,91,3,failure,1,young
technician,married,secondary,no,356,no,no,cellular,20,aug,4,-1,0,unknown,0,older
technician,married,secondary,no,556,yes,no,cellular,14,may,4,-1,0,unknown,0,older
technician,married,secondary,no,-316,yes,no,unknown,16,jun,2,-1,0,unknown,0,young
admin.,single,secondary,no,213,no,no,unknown,4,jun,2,-1,0,unknown,0,young
technician,married,secondary,no,800,yes,no,unknown,21,jun,2,-1,0,unknown,0,older
admin.,married,secondary,no,-5,yes,no,cellular,18,nov,1,68,1,failure,0,older
management,married,tertiary,no,-311,no,no,cellular,13,aug,2,-1,0,unknown,0,older
technician,single,secondary,no,154,no,no,cellular,6,oct,1,99,4,success,1,young
admin.,single,secondary,no,628,no,no,cellular,21,nov,1,-1,0,unknown,1,young
blue-collar,married,secondary,no,-37,no,no,unknown,8,jun,2,-1,0,unknown,0,young
blue-collar,single,secondary,no,469,yes,no,unknown,8,may,2,-1,0,unknown,0,young
admin.,single,secondary,no,906,no,no,cellular,6,may,1,170,6,failure,0,young
management,married,tertiary,no,453,no,no,unknown,16,jun,2,-1,0,unknown,0,older
technician,married,secondary,no,96,yes,no,unknown,13,jun,2,-1,0,unknown,0,young
blue-collar,married,secondary,no,485,no,no,cellular,20,aug,1,90,1,success,1,older
technician,married,secondary,no,601,no,no,cellular,31,apr,1,-1,0,unknown,1,young
admin.,married,secondary,no,624,yes,no,cellular,17,nov,2,206,3,failure,0,older
management,single,tertiary,no,352,yes,no,unknown,14,jun,2,-1,0,unknown,0,young
blue-collar,married,secondary,no,-6,no,no,cellular,13,aug,2,-1,0,unknown,0,older
services,married,secondary,no,279,no,no,cellular,7,jul,2,-1,0,unknown,0,young
management,single,tertiary,no,532,yes,no,cellular,15,may,2,-1,0,unknown,0,young
blue-collar,married,secondary,no,33,yes,no,cellular,12,may,2,-1,0,unknown,0,older
housemaid,married,primary,no,251,no,no,cellular,4,nov,3,-1,0,unknown,0,older
blue-collar,married,secondary,no,-665,yes,no,unknown,7,may,2,-1,0,unknown,0,young
technician,married,tertiary,no,907,no,no,cellular,6,feb,3,-1,0,unknown,0,young
unknown,married,secondary,no,382,no,no,cellular,3,aug,2,-1,0,unknown,0,young
management,married,tertiary,no,218,yes,no,unknown,2,may,2,-1,0,unknown,0,young
services,single,secondary,no,624,yes,no,cellular,19,nov,1,-1,0,unknown,0,young
blue-collar,single,primary,no,-421,no,no,unknown,18,jun,5,-1,0,unknown,0,young
blue-collar,married,secondary,no,409,no,no,cellular,17,aug,4,-1,0,unknown,0,young
technician,married,secondary,no,102,no,no,cellular,28,nov,1,-1,0,unknown,0,young
blue-collar,married,secondary,no,-10,yes,no,cellular,18,apr,1,-1,0,unknown,1,young
blue-collar,married,secondary,no,576,no,no,cellular,3,aug,2,-1,0,unknown,0,young
management,married,tertiary,no,184,no,no,cellular,10,aug,3,-1,0,unknown,0,young
technician,single,secondary,no,149,yes,no,unknown,8,jun,2,-1,0,unknown,0,young
technician,married,secondary,no,545,no,no,cellular,28,jan,3,-1,0,unknown,0,young
admin.,single,secondary,no,912,yes,no,unknown,20,jun,5,-1,0,unknown,0,young
admin.,married,secondary,no,384,yes,no,cellular,13,may,6,-1,0,unknown,0,older
blue-collar,married,secondary,no,253,no,no,cellular,8,oct,1,-1,0,unknown,1,young
technician,married,secondary,no,812,yes,no,unknown,12,may,2,-1,0,unknown,0,young
blue-collar,married,secondary,no,403,yes,no,unknown,4,jun,3,-1,0,unknown,0,young
technician,married,secondary,no,-220,yes,no,cellular,18,nov,2,133,6,failure,0,young
management,married,tertiary,no,321,no,no,cellular,10,aug,3,-1,0,unknown,0,young
management,married,tertiary,no,392,no,no,unknown,18,jun,2,-1,0,unknown,0,older
entrepreneur,married,secondary,no,370,no,no,cellular,9,jul,2,-1,0,unknown,0,older
management,married,tertiary,no,85,no,no,cellular,29,jan,1,-1,0,unknown,0,older
blue-collar,single,secondary,no,610,yes,no,cellular,17,apr,1,153,1,failure,0,young
technician,married,secondary,no,-70,yes,yes,cellular,8,jul,1,-1,0,unknown,0,young
services,single,secondary,no,216,yes,no,unknown,21,jun,2,-1,0,unknown,0,young
management,married,tertiary,no,614,no,no,cellular,20,aug,1,-1,0,unknown,0,young
admin.,married,secondary,no,86,yes,no,cellular,15,apr,2,-1,0,unknown,0,older
technician,married,secondary,no,407,yes,no,cellular,15,may,2,-1,0,unknown,0,young
admin.,married,secondary,no,-506,yes,yes,unknown,9,may,2,-1,0,unknown,0,young
management,married,tertiary,no,284,no,no,cellular,3,jul,2,-1,0,unknown,0,older
technician,married,secondary,no,474,yes,no,cellular,4,apr,4,-1,0,unknown,0,young
admin.,married,secondary,no,767,no,no,cellular,4,apr,1,48,1,failure,0,young
blue-collar,married,secondary,no,-13,yes,no,unknown,29,jun,2,-1,0,unknown,0,young
retired,married,secondary,no,398,no,no,cellular,8,aug,2,-1,0,unknown,0,older
services,married,secondary,no,9,no,no,cellular,8,may,2,-1,0,unknown,0,young
housemaid,married,secondary,no,47,no,no,cellular,9,jul,2,-1,0,unknown,0,older
blue-collar,married,primary,no,503,no,no,unknown,8,jun,4,-1,0,unknown,0,older
services,married,secondary,no,969,yes,no,unknown,11,jun,5,-1,0,unknown,0,older
technician,married,tertiary,no,402,no,no,cellular,8,sep,4,-1,0,unknown,0,older
management,married,tertiary,no,587,no,no,cellular,6,jan,1,111,1,failure,0,older
technician,married,secondary,no,1005,yes,no,unknown,5,jun,2,-1,0,unknown,0,older
admin.,single,secondary,no,438,no,no,cellular,11,feb,2,-1,0,unknown,1,young
technician,married,secondary,no,-157,no,no,cellular,21,nov,1,119,1,failure,0,young
technician,married,secondary,no,297,yes,no,cellular,19,aug,1,116,1,failure,0,young
retired,married,primary,no,938,no,no,unknown,7,jun,6,-1,0,unknown,0,older
admin.,married,secondary,no,687,yes,no,unknown,6,jun,2,-1,0,unknown,0,young
services,single,secondary,no,283,yes,no,cellular,9,apr,1,-1,0,unknown,0,young
services,married,secondary,no,875,yes,no,cellular,21,aug,3,185,2,failure,0,older
management,married,tertiary,no,296,yes,no,cellular,15,apr,2,-1,0,unknown,0,young
technician,married,secondary,no,1218,no,no,cellular,28,aug,3,-1,0,unknown,0,older
blue-collar,married,secondary,no,92,yes,no,cellular,13,may,2,364,5,failure,0,older
retired,married,primary,no,822,no,no,cellular,6,aug,1,-1,0,unknown,0,older
technician,single,tertiary,no,92,yes,no,cellular,20,aug,1,183,2,failure,0,young
retired,married,primary,no,622,yes,no,cellular,17,jul,2,-1,0,unknown,0,older
technician,married,secondary,no,424,no,no,cellular,25,jul,4,-1,0,unknown,0,older
entrepreneur,married,tertiary,no,-7,yes,no,unknown,6,may,2,-1,0,unknown,0,older
management,married,tertiary,no,1080,no,no,cellular,13,jan,3,-1,0,unknown,0,older
blue-collar,married,secondary,no,682,yes,no,unknown,14,jun,3,-1,0,unknown,0,older
technician,single,secondary,no,377,no,no,cellular,3,aug,1,86,3,success,1,young
management,married,tertiary,no,955,yes,no,unknown,5,may,3,-1,0,unknown,0,older
management,single,tertiary,no,354,no,no,cellular,28,aug,1,-1,0,unknown,0,young
management,married,tertiary,no,1106,no,no,cellular,11,aug,1,105,3,failure,0,older
management,married,tertiary,no,911,no,no,cellular,14,feb,4,-1,0,unknown,0,older
management,single,tertiary,no,134,no,no,unknown,18,jun,3,-1,0,unknown,0,young
management,married,tertiary,no,476,yes,no,cellular,1,nov,2,-1,0,unknown,0,young
admin.,married,secondary,no,714,no,no,unknown,8,jun,2,-1,0,unknown,0,older
technician,married,secondary,no,43,no,no,cellular,9,jul,3,-1,0,unknown,0,young
retired,married,tertiary,no,1819,no,no,cellular,20,aug,4,106,3,success,1,older
blue-collar,married,primary,no,-200,yes,no,cellular,19,jul,4,-1,0,unknown,0,young
admin.,married,secondary,no,933,no,no,cellular,17,apr,1,-1,0,unknown,1,young
admin.,married,secondary,no,-43,no,no,cellular,7,jul,2,-1,0,unknown,0,older
blue-collar,married,primary,no,637,no,no,cellular,7,jul,4,-1,0,unknown,0,older
management,married,tertiary,no,1072,no,no,unknown,7,jun,2,-1,0,unknown,0,young
retired,married,secondary,no,515,no,no,cellular,5,jun,2,-1,0,unknown,1,older
admin.,single,secondary,no,796,yes,no,cellular,23,aug,1,-1,0,unknown,0,young
technician,single,tertiary,no,813,no,no,cellular,30,oct,1,-1,0,unknown,0,young
services,married,secondary,no,-63,yes,no,cellular,21,aug,4,-1,0,unknown,0,older
management,single,tertiary,no,136,yes,no,cellular,18,aug,1,-1,0,unknown,0,young
housemaid,married,primary,no,189,no,no,unknown,15,jun,4,-1,0,unknown,0,older
technician,married,secondary,no,98,no,no,cellular,5,aug,3,-1,0,unknown,0,young
technician,married,secondary,no,799,yes,no,cellular,23,apr,3,-1,0,unknown,0,young
blue-collar,married,primary,no,-28,yes,no,cellular,16,jul,3,-1,0,unknown,0,older
blue-collar,married,primary,no,748,yes,no,unknown,3,jun,2,-1,0,unknown,0,older
technician,married,secondary,no,1000,yes,no,cellular,24,nov,2,-1,0,unknown,0,young
blue-collar,married,primary,no,244,no,no,cellular,20,aug,1,-1,0,unknown,0,older
blue-collar,single,secondary,no,951,yes,no,cellular,16,may,4,-1,0,unknown,0,young
unknown,married,primary,no,857,no,no,cellular,3,aug,11,-1,0,unknown,0,older
blue-collar,married,secondary,no,170,yes,no,cellular,27,jul,2,-1,0,unknown,0,older
admin.,married,secondary,no,-21,yes,no,cellular,26,jul,2,-1,0,unknown,0,young
management,married,tertiary,no,150,yes,no,unknown,3,may,4,-1,0,unknown,0,young
technician,single,secondary,no,395,yes,no,cellular,17,may,1,347,4,failure,0,young
admin.,married,secondary,no,231,yes,no,unknown,15,jun,2,-1,0,unknown,0,young
technician,married,secondary,no,1127,yes,no,cellular,16,may,2,359,3,failure,0,older
management,married,tertiary,no,238,no,no,cellular,4,nov,1,93,1,failure,0,older
technician,married,secondary,no,1084,yes,no,cellular,7,may,1,334,2,failure,0,young
management,single,tertiary,no,1152,yes,no,cellular,6,may,2,269,3,failure,0,young
blue-collar,married,secondary,no,489,yes,no,cellular,15,may,4,372,5,failure,0,older
technician,married,secondary,no,657,no,no,cellular,26,jul,3,-1,0,unknown,0,older
blue-collar,married,primary,no,-220,yes,no,cellular,18,apr,1,188,1,failure,0,older
technician,single,secondary,no,245,yes,no,unknown,13,may,5,-1,0,unknown,0,young
admin.,married,secondary,no,377,no,no,cellular,19,aug,1,99,1,success,1,older
admin.,married,secondary,no,277,no,no,cellular,28,aug,4,-1,0,unknown,0,older
services,married,secondary,no,436,yes,no,cellular,19,aug,1,178,1,failure,0,older
management,married,tertiary,no,1069,yes,no,unknown,6,may,5,-1,0,unknown,0,young
management,married,tertiary,no,886,yes,no,cellular,19,nov,2,67,3,failure,0,young
student,single,secondary,no,880,no,no,cellular,14,may,3,349,3,other,1,young
admin.,single,secondary,no,850,no,no,cellular,6,feb,2,-1,0,unknown,0,young
technician,married,secondary,no,529,yes,no,cellular,20,aug,7,94,4,success,0,young
blue-collar,single,secondary,no,465,no,no,cellular,14,aug,2,-1,0,unknown,0,young
blue-collar,married,primary,no,138,yes,no,cellular,16,jul,4,-1,0,unknown,0,older
management,married,tertiary,no,759,no,no,cellular,29,oct,1,93,1,success,1,young
blue-collar,married,secondary,no,55,no,no,cellular,2,feb,2,-1,0,unknown,0,young
technician,married,tertiary,no,368,no,no,unknown,3,jun,3,-1,0,unknown,0,young
services,married,secondary,no,34,yes,yes,cellular,4,jul,2,-1,0,unknown,0,young
management,married,tertiary,no,1150,no,no,cellular,26,sep,1,104,2,success,1,young
technician,married,secondary,no,27,no,no,unknown,17,may,2,-1,0,unknown,0,older
blue-collar,married,primary,no,146,yes,no,unknown,16,jun,2,-1,0,unknown,0,young
services,married,secondary,no,1,yes,no,cellular,7,jul,2,-1,0,unknown,0,young
management,married,tertiary,no,-99,yes,no,unknown,5,jun,2,-1,0,unknown,0,older
management,married,tertiary,no,1182,yes,no,cellular,5,may,1,267,2,failure,0,young
technician,married,secondary,no,887,no,no,cellular,6,feb,1,119,7,failure,0,young
services,single,secondary,no,1012,yes,no,cellular,11,aug,2,-1,0,unknown,0,young
retired,married,secondary,no,806,yes,no,cellular,21,aug,5,-1,0,unknown,0,older
blue-collar,married,secondary,no,441,yes,no,unknown,13,jun,3,-1,0,unknown,0,young
technician,single,tertiary,no,495,no,no,cellular,6,nov,1,-1,0,unknown,0,young
management,married,tertiary,no,462,no,no,cellular,9,may,2,-1,0,unknown,1,older
admin.,married,secondary,no,159,yes,no,cellular,9,may,2,-1,0,unknown,0,older
blue-collar,married,primary,no,-44,no,yes,cellular,3,jul,1,-1,0,unknown,0,older
technician,married,secondary,no,-332,yes,no,cellular,11,aug,5,-1,0,unknown,0,young
technician,single,secondary,no,652,no,no,cellular,21,aug,3,163,6,unknown,0,young
retired,married,secondary,no,286,no,no,cellular,4,oct,1,89,1,success,1,older
technician,married,secondary,no,785,yes,no,unknown,7,jun,2,-1,0,unknown,0,older
services,married,secondary,no,913,yes,no,cellular,19,nov,1,73,5,failure,0,young
admin.,married,secondary,no,133,no,no,cellular,11,aug,5,-1,0,unknown,0,young
admin.,married,secondary,no,1100,no,no,unknown,21,jun,4,-1,0,unknown,0,older
admin.,married,secondary,no,321,no,no,cellular,27,jul,2,-1,0,unknown,0,older
technician,married,secondary,no,96,no,no,unknown,17,may,4,-1,0,unknown,0,young
technician,married,secondary,no,3,no,yes,cellular,18,jul,2,-1,0,unknown,0,young
management,married,tertiary,no,861,yes,no,cellular,16,jul,2,-1,0,unknown,0,young
services,married,secondary,no,336,no,no,unknown,5,jun,2,-1,0,unknown,0,older
blue-collar,married,primary,no,1167,yes,no,cellular,22,nov,1,-1,0,unknown,0,older
management,married,tertiary,no,1033,yes,no,cellular,14,aug,35,-1,0,unknown,0,older
blue-collar,single,primary,no,-606,yes,no,cellular,17,aug,4,-1,0,unknown,0,young
services,married,secondary,no,972,yes,no,cellular,18,nov,1,-1,0,unknown,0,older
blue-collar,married,secondary,no,670,no,no,cellular,14,may,5,193,6,failure,0,older
services,married,secondary,no,196,no,no,cellular,28,jul,5,-1,0,unknown,0,older
management,married,tertiary,no,221,yes,no,unknown,18,jun,3,-1,0,unknown,0,young
admin.,single,secondary,no,302,yes,no,cellular,16,jul,2,-1,0,unknown,0,young
blue-collar,married,secondary,no,625,no,no,cellular,21,nov,1,92,6,success,0,young
admin.,married,secondary,no,264,yes,no,unknown,8,jun,2,-1,0,unknown,0,young
management,single,tertiary,no,1556,no,no,cellular,20,aug,5,96,4,success,1,young
blue-collar,married,secondary,no,611,yes,no,unknown,21,jun,5,-1,0,unknown,0,young
technician,single,secondary,no,720,yes,no,cellular,20,nov,1,87,1,failure,0,young
admin.,single,secondary,no,286,yes,no,unknown,16,jun,2,-1,0,unknown,0,young
management,married,tertiary,no,453,yes,no,cellular,17,nov,2,-1,0,unknown,0,older
admin.,married,secondary,no,498,yes,no,unknown,15,may,2,-1,0,unknown,0,older
technician,married,tertiary,no,-11,yes,no,cellular,9,may,4,-1,0,unknown,0,young
management,married,tertiary,no,901,no,no,unknown,14,may,2,-1,0,unknown,0,older
technician,single,tertiary,no,492,yes,no,unknown,6,jun,2,-1,0,unknown,0,young
management,single,tertiary,no,368,yes,no,unknown,8,jun,3,-1,0,unknown,0,young
technician,married,secondary,no,748,no,no,cellular,28,jan,1,-1,0,unknown,0,young
management,married,tertiary,no,1111,yes,no,unknown,21,jun,2,-1,0,unknown,0,young
management,married,tertiary,no,490,yes,no,unknown,4,may,4,-1,0,unknown,0,older
blue-collar,married,secondary,no,337,no,no,cellular,21,nov,1,-1,0,unknown,0,older
admin.,married,secondary,no,393,no,no,cellular,4,aug,1,82,6,success,1,young
services,married,secondary,no,277,yes,no,cellular,4,apr,1,367,1,failure,0,older
management,married,tertiary,no,657,yes,no,unknown,13,may,2,-1,0,unknown,0,older
services,married,secondary,no,574,yes,no,unknown,16,jun,2,-1,0,unknown,0,young
admin.,married,secondary,no,755,no,no,cellular,24,aug,1,-1,0,unknown,0,older
management,married,tertiary,no,42,no,no,cellular,4,jul,2,-1,0,unknown,0,older
student,single,secondary,no,1121,yes,no,cellular,18,jul,1,-1,0,unknown,0,young
admin.,married,secondary,no,1408,no,no,cellular,2,feb,3,-1,0,unknown,0,young
technician,married,secondary,no,778,yes,no,unknown,25,jun,6,-1,0,unknown,0,older
technician,married,secondary,no,474,no,no,cellular,14,jan,2,-1,0,unknown,0,young
student,single,secondary,no,1137,yes,no,unknown,28,jun,2,-1,0,unknown,0,young
admin.,married,secondary,no,380,yes,no,unknown,2,jun,2,-1,0,unknown,0,older
admin.,married,secondary,no,247,yes,no,cellular,8,may,4,-1,0,unknown,0,young
technician,married,secondary,no,1436,yes,no,unknown,18,jun,4,-1,0,unknown,0,young
services,married,secondary,no,226,no,no,cellular,28,aug,5,-1,0,unknown,0,young
admin.,married,secondary,no,989,yes,no,unknown,15,may,2,-1,0,unknown,0,older
services,married,secondary,no,-75,no,no,cellular,1,aug,2,-1,0,unknown,0,older
technician,married,tertiary,no,774,no,no,cellular,7,sep,1,-1,0,unknown,0,young
technician,married,secondary,no,1181,no,no,cellular,21,jul,2,-1,0,unknown,0,young
services,married,secondary,no,-11,no,no,cellular,7,feb,2,-1,0,unknown,0,older
blue-collar,married,primary,no,425,yes,no,cellular,17,nov,1,-1,0,unknown,0,older
admin.,married,secondary,no,-185,yes,no,unknown,11,may,4,-1,0,unknown,0,older
blue-collar,married,secondary,no,822,yes,no,cellular,11,may,2,-1,0,unknown,0,young
management,single,tertiary,no,-572,yes,no,cellular,11,may,2,-1,0,unknown,0,young
admin.,married,secondary,no,42,yes,no,unknown,8,may,2,-1,0,unknown,0,older
management,married,tertiary,no,457,yes,no,unknown,16,may,2,-1,0,unknown,0,young
blue-collar,single,secondary,no,118,no,no,cellular,17,feb,2,-1,0,unknown,0,young
services,married,secondary,no,402,yes,no,cellular,22,aug,2,-1,0,unknown,0,older
technician,married,secondary,no,159,no,no,cellular,27,aug,4,-1,0,unknown,0,young
technician,married,tertiary,no,246,no,no,unknown,5,jun,2,-1,0,unknown,0,young
technician,single,tertiary,no,-328,yes,no,cellular,15,apr,1,-1,0,unknown,0,young
technician,married,secondary,no,-223,no,no,cellular,21,aug,1,107,2,failure,0,young
admin.,single,secondary,no,702,yes,no,cellular,22,nov,1,165,0,unknown,0,young
technician,married,secondary,no,471,yes,no,cellular,23,aug,4,-1,0,unknown,0,young
services,married,secondary,no,674,no,no,cellular,6,aug,4,-1,0,unknown,0,young
technician,married,secondary,no,777,yes,no,cellular,18,apr,3,-1,0,unknown,0,young
management,married,tertiary,no,-30,yes,no,cellular,3,feb,3,-1,0,unknown,0,older
management,single,tertiary,no,329,no,no,cellular,19,aug,1,-1,0,unknown,0,young
admin.,married,secondary,no,569,yes,no,cellular,13,apr,2,-1,0,unknown,0,older
management,married,tertiary,no,739,yes,no,cellular,5,jul,2,-1,0,unknown,0,young
services,single,secondary,no,4,yes,no,cellular,17,apr,2,-1,0,unknown,0,young
retired,married,secondary,no,500,no,no,cellular,14,aug,4,-1,0,unknown,0,older
unknown,single,tertiary,no,289,no,no,cellular,24,feb,2,-1,0,unknown,0,young
entrepreneur,married,secondary,no,490,yes,no,cellular,22,jul,2,-1,0,unknown,0,older
technician,married,secondary,no,328,yes,no,unknown,16,jun,3,-1,0,unknown,0,young
services,married,secondary,no,897,yes,no,cellular,15,nov,1,149,0,failure,0,young
admin.,single,secondary,no,-128,yes,no,cellular,14,apr,1,-1,0,unknown,1,young
management,married,tertiary,no,349,no,no,cellular,22,aug,3,-1,0,unknown,0,young
services,married,secondary,no,-153,yes,no,unknown,5,may,4,-1,0,unknown,0,older
technician,married,secondary,no,158,no,no,cellular,26,aug,5,-1,0,unknown,0,older
technician,single,tertiary,no,-765,no,no,cellular,21,aug,1,-1,0,unknown,0,young
entrepreneur,married,tertiary,no,544,yes,no,cellular,17,apr,3,-1,0,unknown,0,young
management,married,tertiary,no,-402,no,no,cellular,6,aug,4,-1,0,unknown,0,young
blue-collar,single,primary,no,554,yes,no,cellular,9,may,1,298,2,failure,0,young
technician,married,secondary,no,1245,yes,no,unknown,15,jun,2,-1,0,unknown,0,older
blue-collar,married,primary,no,304,yes,no,unknown,12,may,2,-1,0,unknown,0,young
management,single,tertiary,no,1410,no,no,cellular,20,aug,3,96,6,failure,0,young
management,married,tertiary,no,565,no,no,cellular,6,jul,2,-1,0,unknown,0,young
blue-collar,single,secondary,no,175,yes,no,cellular,17,nov,1,200,1,failure,0,young
blue-collar,married,secondary,no,1361,yes,no,unknown,28,jun,5,-1,0,unknown,0,older
student,single,tertiary,no,167,yes,no,cellular,5,may,2,-1,0,unknown,0,young
blue-collar,married,primary,no,233,yes,no,cellular,17,aug,2,-1,0,unknown,0,older
admin.,married,secondary,no,465,no,no,cellular,20,feb,12,-1,0,unknown,0,young
management,married,tertiary,no,2,no,no,cellular,11,aug,1,-1,0,unknown,0,older
services,single,secondary,no,472,yes,no,cellular,14,may,1,370,1,failure,0,young
technician,married,tertiary,no,1100,yes,no,cellular,6,may,1,49,6,failure,0,young
management,single,tertiary,no,736,yes,no,cellular,15,jul,2,-1,0,unknown,0,young
blue-collar,married,primary,no,-50,yes,no,unknown,7,jun,19,-1,0,unknown,0,young
management,married,tertiary,no,839,yes,no,cellular,5,nov,1,-1,0,unknown,0,young
technician,single,secondary,no,469,no,no,cellular,21,aug,4,90,4,success,1,young
technician,single,tertiary,no,721,yes,no,cellular,19,nov,1,-1,0,unknown,0,young
technician,single,tertiary,no,1044,no,no,cellular,9,feb,3,-1,0,unknown,0,young
blue-collar,married,secondary,no,151,yes,no,cellular,1,nov,1,-1,0,unknown,0,older
admin.,married,secondary,no,921,no,no,cellular,15,jul,3,-1,0,unknown,0,older
management,married,tertiary,no,602,no,no,cellular,4,aug,3,-1,0,unknown,0,young
technician,married,secondary,no,135,no,no,cellular,19,aug,1,100,1,failure,0,older
technician,married,secondary,no,280,no,no,unknown,5,jun,4,-1,0,unknown,0,older
services,married,secondary,no,-14,no,no,unknown,27,jun,2,-1,0,unknown,0,young
management,single,tertiary,no,635,yes,no,cellular,15,may,2,-1,0,unknown,0,young
blue-collar,single,secondary,no,448,no,no,unknown,14,may,3,-1,0,unknown,0,young
admin.,single,secondary,no,779,yes,no,unknown,5,may,3,-1,0,unknown,0,young
management,single,tertiary,no,356,no,no,cellular,21,aug,1,-1,0,unknown,0,young
blue-collar,married,primary,no,1054,yes,no,unknown,15,jun,2,-1,0,unknown,0,older
management,married,tertiary,no,1355,no,no,cellular,3,aug,1,91,1,success,1,older
admin.,married,secondary,no,517,yes,no,unknown,15,jun,2,-1,0,unknown,0,older
management,married,tertiary,no,359,yes,no,unknown,13,may,4,-1,0,unknown,0,young
self-employed,single,tertiary,no,-190,no,no,cellular,5,feb,2,-1,0,unknown,0,young
admin.,married,secondary,no,657,yes,no,cellular,15,aug,2,-1,0,unknown,0,young
management,married,tertiary,no,915,no,no,cellular,21,aug,1,92,7,success,1,young
student,single,secondary,no,565,no,no,cellular,29,aug,5,-1,0,unknown,0,young
technician,married,secondary,no,21,yes,no,cellular,30,jul,3,-1,0,unknown,0,older
management,married,tertiary,no,121,no,no,cellular,8,sep,1,102,4,success,1,young
admin.,married,secondary,no,101,yes,no,unknown,6,jun,2,-1,0,unknown,0,young
management,married,tertiary,no,264,no,no,cellular,25,aug,2,-1,0,unknown,0,young
management,single,tertiary,no,865,no,no,cellular,6,jun,4,327,2,other,0,young
blue-collar,married,secondary,no,121,no,no,unknown,12,jun,2,-1,0,unknown,0,older
services,married,secondary,no,476,no,no,cellular,5,feb,2,-1,0,unknown,0,young
management,married,primary,no,48,yes,no,unknown,13,may,7,-1,0,unknown,0,older
housemaid,married,secondary,no,-70,no,no,cellular,1,feb,5,-1,0,unknown,0,older
management,married,tertiary,no,-58,yes,no,unknown,22,may,5,-1,0,unknown,0,older
technician,married,secondary,no,22,yes,no,cellular,27,aug,4,-1,0,unknown,0,young
blue-collar,married,primary,no,701,yes,no,cellular,10,jul,2,-1,0,unknown,0,older
services,married,secondary,no,-364,yes,no,unknown,3,may,3,-1,0,unknown,0,older
services,married,secondary,no,377,yes,no,unknown,20,jun,2,-1,0,unknown,0,young
housemaid,married,secondary,no,1257,no,no,unknown,13,may,3,-1,0,unknown,0,older
management,married,tertiary,no,-425,yes,no,cellular,5,may,2,-1,0,unknown,0,older
blue-collar,married,secondary,no,260,yes,no,unknown,14,may,2,-1,0,unknown,0,young
blue-collar,married,primary,no,527,yes,no,unknown,21,jun,23,-1,0,unknown,0,older
management,married,tertiary,no,1206,yes,no,cellular,15,may,1,335,1,failure,0,young
blue-collar,married,secondary,no,387,no,no,cellular,5,feb,1,-1,0,unknown,1,older
admin.,married,secondary,no,791,no,no,unknown,27,jun,2,-1,0,unknown,0,young
admin.,married,secondary,no,327,yes,no,cellular,28,jul,2,-1,0,unknown,0,older
housemaid,married,secondary,no,698,no,no,unknown,17,jun,3,-1,0,unknown,0,older
management,married,tertiary,no,392,yes,no,cellular,21,aug,3,168,2,failure,0,young
management,married,tertiary,no,53,no,no,cellular,22,aug,2,-1,0,unknown,0,older
technician,married,secondary,no,-382,no,no,cellular,4,jul,3,-1,0,unknown,0,young
technician,married,secondary,no,648,yes,no,cellular,17,nov,1,109,0,unknown,0,young
technician,married,secondary,no,1370,yes,no,cellular,13,may,4,-1,0,unknown,0,older
technician,married,secondary,no,567,no,no,cellular,28,jul,2,-1,0,unknown,0,older
technician,single,secondary,no,792,yes,no,cellular,17,apr,1,123,1,failure,0,young
retired,married,primary,no,607,no,no,cellular,17,apr,1,81,2,failure,0,older
blue-collar,married,secondary,no,990,yes,no,unknown,14,may,2,-1,0,unknown,0,young
unknown,married,primary,no,2693,no,no,unknown,16,jun,2,-1,0,unknown,0,older
technician,single,secondary,no,136,no,no,cellular,26,may,3,-1,0,unknown,0,young
blue-collar,married,secondary,no,-377,yes,no,unknown,15,may,3,-1,0,unknown,0,older
technician,married,secondary,no,422,no,no,cellular,27,aug,1,95,3,success,1,older
management,married,tertiary,no,967,no,no,cellular,27,jul,2,-1,0,unknown,0,young
unknown,married,secondary,no,448,no,no,cellular,7,aug,6,-1,0,unknown,0,older
student,single,secondary,no,245,no,no,cellular,19,aug,1,91,1,success,1,young
blue-collar,married,secondary,no,484,yes,no,unknown,12,jun,2,-1,0,unknown,0,older
entrepreneur,married,tertiary,no,-33,no,no,unknown,2,jun,2,-1,0,unknown,0,older
management,married,tertiary,no,925,yes,no,unknown,21,jun,2,-1,0,unknown,0,older
blue-collar,married,primary,no,413,no,no,cellular,15,may,5,286,4,failure,0,older
technician,single,secondary,no,1042,yes,no,cellular,4,apr,1,182,1,failure,0,young
technician,married,secondary,no,653,no,no,unknown,27,jun,2,-1,0,unknown,0,older
management,married,tertiary,no,1474,no,no,cellular,21,aug,4,-1,2,success,1,older
admin.,married,secondary,no,37,no,no,cellular,17,jul,2,-1,0,unknown,0,older
admin.,married,secondary,no,174,no,no,cellular,22,jul,1,-1,0,unknown,0,young
blue-collar,married,primary,no,643,yes,no,cellular,20,apr,3,-1,0,unknown,0,older
technician,married,secondary,no,497,yes,no,unknown,3,jun,3,-1,0,unknown,0,older
admin.,single,secondary,no,803,yes,no,unknown,14,may,3,-1,0,unknown,0,young
blue-collar,single,secondary,no,498,no,no,cellular,5,feb,1,71,1,failure,0,young
unknown,married,secondary,no,997,no,no,cellular,28,aug,4,-1,0,success,1,older
admin.,single,secondary,no,82,no,no,cellular,29,oct,1,-1,0,unknown,1,young
housemaid,married,secondary,no,1415,no,no,cellular,29,aug,2,84,0,success,0,older
management,married,tertiary,no,79,yes,no,cellular,19,nov,1,112,1,failure,0,older
management,single,tertiary,no,50,yes,no,cellular,11,aug,4,-1,0,unknown,0,young
management,married,tertiary,no,185,no,no,cellular,3,nov,1,-1,0,unknown,0,young
admin.,married,secondary,no,233,no,no,cellular,9,may,2,-1,0,unknown,0,older
management,single,tertiary,no,788,yes,no,cellular,4,may,1,269,1,failure,0,young
technician,married,secondary,no,126,yes,no,cellular,18,apr,1,-1,0,unknown,0,young
unknown,married,secondary,no,690,no,no,unknown,18,jun,2,-1,0,unknown,0,older
blue-collar,married,primary,no,233,yes,no,unknown,14,jun,5,-1,0,unknown,0,older
technician,married,tertiary,no,821,yes,no,cellular,24,nov,1,-1,0,unknown,0,older
technician,married,secondary,no,786,no,no,cellular,23,aug,4,179,6,success,1,older
admin.,married,secondary,no,1362,yes,no,unknown,3,may,2,-1,0,unknown,0,young
blue-collar,married,primary,no,707,yes,no,unknown,23,jun,2,-1,0,unknown,0,older
housemaid,married,secondary,no,9,no,no,cellular,6,nov,2,-1,0,unknown,0,older
retired,married,secondary,no,66,yes,no,cellular,7,may,4,354,3,failure,0,older
management,single,tertiary,no,-148,no,no,cellular,14,may,1,80,1,failure,0,young
services,single,secondary,no,424,no,no,cellular,14,aug,1,-1,0,unknown,0,young
management,married,tertiary,no,109,yes,no,cellular,19,aug,3,-1,0,unknown,0,older
technician,married,secondary,no,740,no,no,cellular,4,aug,3,-1,0,unknown,0,young
blue-collar,married,primary,no,246,no,no,unknown,2,jun,2,-1,0,unknown,0,older
admin.,married,secondary,no,1108,no,no,cellular,30,oct,1,95,1,success,1,young
admin.,single,secondary,no,154,no,no,cellular,24,jul,2,-1,0,unknown,0,young
management,married,tertiary,no,-224,no,no,cellular,29,aug,1,90,4,failure,1,young
services,married,secondary,no,45,yes,no,cellular,21,nov,1,165,2,failure,0,young
technician,married,secondary,no,567,yes,no,unknown,25,jun,2,-1,0,unknown,0,older
technician,married,secondary,no,-570,yes,no,cellular,20,nov,2,174,2,failure,0,young
retired,married,secondary,no,-5,no,no,cellular,20,aug,1,-1,0,unknown,0,older
technician,married,secondary,no,197,no,no,cellular,19,nov,1,-1,0,unknown,0,young
technician,married,secondary,no,830,no,no,cellular,5,jun,1,95,3,success,1,young
management,single,tertiary,no,368,yes,no,cellular,20,may,4,-1,0,unknown,0,young
management,married,tertiary,no,703,no,no,cellular,16,aug,16,-1,0,unknown,0,young
technician,married,secondary,no,386,yes,no,unknown,4,jun,2,-1,0,unknown,0,older
management,married,tertiary,no,888,no,no,cellular,3,aug,5,-1,0,unknown,0,older
management,single,tertiary,no,629,yes,no,cellular,13,may,2,367,2,failure,0,young
management,married,tertiary,no,587,no,no,cellular,12,aug,4,-1,0,unknown,0,older
management,married,tertiary,no,476,yes,no,unknown,13,jun,2,-1,0,unknown,0,older
blue-collar,married,primary,no,-13,yes,no,cellular,16,aug,1,-1,0,unknown,0,older
management,married,tertiary,no,54,no,no,cellular,4,may,2,-1,0,unknown,0,young
management,single,tertiary,no,528,yes,no,cellular,15,may,4,-1,0,unknown,0,young
management,married,tertiary,no,105,yes,no,cellular,22,nov,1,-1,0,unknown,0,young
technician,single,secondary,no,-53,yes,no,cellular,15,may,1,288,7,failure,0,young
services,married,secondary,no,294,yes,no,cellular,13,apr,4,-1,0,unknown,0,older
blue-collar,married,secondary,no,-456,yes,no,unknown,15,may,2,-1,0,unknown,0,older
blue-collar,married,primary,no,131,no,no,cellular,21,nov,1,-1,0,unknown,0,older
management,single,tertiary,no,326,no,no,cellular,5,aug,2,-1,0,unknown,0,young
unknown,married,secondary,no,398,no,no,cellular,16,jan,1,-1,0,unknown,0,older
technician,married,secondary,no,518,yes,no,cellular,8,may,2,263,3,failure,0,young
blue-collar,married,secondary,no,1062,yes,no,unknown,18,jun,22,-1,0,unknown,0,older
services,married,secondary,no,-793,no,no,unknown,8,jun,2,-1,0,unknown,0,older
blue-collar,single,secondary,no,238,no,no,cellular,18,nov,1,-1,1,success,1,young
blue-collar,married,secondary,no,1064,yes,no,cellular,15,nov,1,87,1,failure,0,older
admin.,married,secondary,no,45,no,no,cellular,22,aug,1,-1,0,unknown,0,young
management,single,tertiary,no,-151,no,no,cellular,13,may,5,63,6,failure,1,young
technician,single,secondary,no,1109,no,no,cellular,29,jul,2,-1,0,unknown,0,young
technician,married,secondary,no,-120,yes,no,unknown,4,jun,3,-1,0,unknown,0,young
services,married,secondary,no,328,yes,no,cellular,19,nov,2,176,3,failure,0,young
technician,married,secondary,no,834,no,no,unknown,9,jun,2,-1,0,unknown,0,older
blue-collar,married,primary,no,1020,yes,no,cellular,18,nov,4,-1,0,unknown,0,older
management,single,tertiary,no,558,yes,no,cellular,23,jul,5,-1,0,unknown,0,young
blue-collar,married,primary,no,552,yes,no,telephone,14,jul,2,-1,0,unknown,0,older
technician,single,secondary,no,-289,no,no,cellular,20,feb,5,-1,0,unknown,0,young
management,married,tertiary,no,561,yes,no,cellular,18,nov,2,188,3,failure,0,older
technician,married,secondary,no,1241,yes,no,cellular,8,jul,2,-1,0,unknown,0,older
services,married,secondary,no,-340,no,no,cellular,2,nov,2,-1,0,unknown,0,young
blue-collar,married,primary,no,650,no,no,cellular,18,nov,1,-1,0,unknown,0,older
blue-collar,married,primary,no,10,yes,no,cellular,26,aug,4,-1,0,unknown,0,older
blue-collar,married,primary,no,1078,yes,no,cellular,11,may,4,-1,0,unknown,0,older
services,married,secondary,no,371,yes,no,cellular,16,may,2,356,2,failure,0,young
management,married,tertiary,no,1414,no,no,cellular,20,aug,1,-1,1,failure,1,older
admin.,single,secondary,no,-516,yes,no,cellular,19,apr,3,164,3,failure,0,young
technician,married,secondary,no,153,no,no,cellular,11,aug,4,-1,0,unknown,0,young
management,married,tertiary,no,768,yes,no,cellular,20,nov,5,-1,0,unknown,0,young
technician,married,secondary,no,320,yes,no,unknown,22,jun,14,-1,0,unknown,0,older
blue-collar,married,primary,no,221,no,no,cellular,4,jul,2,-1,0,unknown,0,young
management,married,tertiary,no,561,yes,no,cellular,2,may,2,-1,0,unknown,0,young
technician,single,tertiary,no,434,yes,no,unknown,17,may,2,-1,0,unknown,0,young
blue-collar,single,secondary,no,2,no,no,cellular,15,jul,2,-1,0,unknown,0,young
housemaid,married,secondary,no,733,no,no,unknown,3,jun,2,-1,0,unknown,1,older
housemaid,married,secondary,no,617,no,no,cellular,4,oct,1,-1,0,unknown,1,older
management,married,tertiary,no,335,no,no,unknown,7,jun,2,-1,0,unknown,0,young
blue-collar,married,secondary,no,1068,no,no,cellular,29,aug,4,89,4,success,1,older
blue-collar,married,secondary,no,185,yes,no,unknown,15,may,2,-1,0,unknown,0,young
technician,single,secondary,no,901,no,no,cellular,11,aug,4,-1,0,unknown,0,young
blue-collar,married,secondary,no,134,no,no,cellular,8,may,2,-1,0,unknown,0,young
retired,married,primary,no,283,yes,no,unknown,16,jun,2,-1,0,unknown,0,older
blue-collar,married,secondary,no,491,yes,no,unknown,20,jun,4,-1,0,unknown,0,older
management,married,tertiary,no,283,no,no,cellular,14,jul,3,-1,0,unknown,0,older
services,married,secondary,no,989,no,no,cellular,15,aug,3,-1,0,unknown,0,older
management,married,tertiary,no,2407,no,no,cellular,30,aug,5,84,3,success,1,older
management,single,tertiary,no,236,no,no,unknown,6,jun,2,-1,0,unknown,0,young
technician,married,secondary,no,391,no,no,cellular,12,aug,1,-1,0,unknown,0,older
services,married,secondary,no,344,yes,no,cellular,21,aug,3,182,0,unknown,0,older
services,married,secondary,no,32,no,no,unknown,9,jun,4,-1,0,unknown,0,older
blue-collar,married,primary,no,905,no,no,unknown,6,jun,2,-1,0,unknown,0,older
blue-collar,single,secondary,no,814,yes,no,unknown,15,may,5,-1,0,unknown,0,young
blue-collar,married,secondary,no,-28,no,no,cellular,21,jul,2,-1,0,unknown,0,young
management,single,tertiary,no,515,no,no,cellular,21,aug,1,-1,0,unknown,0,young
housemaid,married,primary,no,-66,no,no,unknown,2,jun,3,-1,0,unknown,0,older
services,married,secondary,no,87,yes,no,cellular,17,nov,2,-1,0,unknown,0,older
technician,married,tertiary,no,-98,no,no,cellular,8,aug,2,-1,0,unknown,0,older
management,single,tertiary,no,448,no,no,cellular,11,aug,1,-1,0,unknown,0,young
management,married,tertiary,no,-553,yes,no,cellular,15,aug,2,-1,0,unknown,0,older
admin.,married,secondary,no,226,no,no,unknown,4,jun,2,-1,0,unknown,0,older
retired,married,tertiary,no,840,no,no,cellular,29,aug,1,83,4,success,1,older
blue-collar,married,primary,no,430,no,no,cellular,19,aug,1,105,1,success,0,young
admin.,single,secondary,no,202,no,no,cellular,31,apr,2,-1,0,unknown,1,young
management,single,tertiary,no,1298,yes,no,unknown,22,jun,2,-1,0,unknown,0,young
services,married,secondary,no,380,yes,no,cellular,18,jul,3,-1,0,unknown,0,young
management,married,tertiary,no,481,yes,no,cellular,3,nov,2,-1,0,unknown,0,older
admin.,married,secondary,no,-286,no,no,cellular,21,aug,6,-1,0,unknown,0,older
management,married,tertiary,no,-96,no,no,cellular,21,apr,1,-1,0,unknown,1,older
admin.,married,secondary,no,1187,yes,no,cellular,24,aug,1,-1,0,unknown,0,young
blue-collar,married,secondary,no,598,yes,no,unknown,2,jun,17,-1,0,unknown,0,young
technician,single,tertiary,no,-369,no,no,unknown,8,may,2,-1,0,unknown,0,young
technician,married,secondary,no,491,yes,no,cellular,18,aug,5,-1,0,unknown,0,older
technician,married,secondary,no,-8,no,no,cellular,8,may,4,-1,0,unknown,0,young
blue-collar,married,primary,no,-121,no,no,cellular,5,jul,2,-1,0,unknown,0,older
retired,married,secondary,no,196,yes,no,cellular,17,nov,1,-1,1,failure,0,older
management,married,tertiary,no,-32,no,no,cellular,16,nov,2,-1,0,unknown,0,older
blue-collar,married,secondary,no,302,yes,no,unknown,2,jun,2,-1,0,unknown,0,older
services,single,secondary,no,558,yes,no,cellular,20,apr,2,-1,0,unknown,0,young
technician,married,secondary,no,191,no,no,cellular,29,aug,2,-1,0,unknown,0,young
management,single,tertiary,no,1084,yes,no,cellular,9,may,2,-1,0,unknown,0,young
blue-collar,married,primary,no,42,no,no,unknown,6,jun,2,-1,0,unknown,0,young
admin.,married,secondary,no,567,no,no,unknown,6,jun,3,-1,0,unknown,0,young
technician,single,secondary,no,548,yes,no,cellular,13,may,2,-1,0,unknown,0,young
management,married,tertiary,no,977,no,no,unknown,4,jun,2,-1,0,unknown,0,young
blue-collar,married,secondary,no,708,no,no,cellular,18,aug,2,-1,0,unknown,0,older
technician,married,secondary,no,522,no,no,cellular,7,jul,2,-1,0,unknown,0,young
services,married,secondary,no,1015,yes,no,unknown,14,may,2,-1,0,unknown,0,older
admin.,married,secondary,no,651,yes,no,cellular,23,aug,6,-1,0,unknown,0,young
technician,married,secondary,no,964,no,no,cellular,29,aug,1,-1,0,unknown,0,older
management,married,tertiary,no,662,no,no,cellular,12,aug,3,-1,0,unknown,0,young
blue-collar,single,secondary,no,763,no,no,unknown,6,jun,2,-1,0,unknown,0,young
technician,single,secondary,no,-210,no,no,unknown,8,jun,2,-1,0,unknown,0,young
technician,single,secondary,no,361,yes,no,cellular,21,jul,2,-1,0,unknown,0,young
technician,single,secondary,no,161,yes,no,cellular,18,nov,1,98,1,failure,0,young
blue-collar,married,primary,no,314,yes,no,cellular,19,may,11,-1,0,unknown,0,older
technician,married,secondary,no,1041,yes,no,unknown,15,may,2,-1,0,unknown,0,young
admin.,single,secondary,no,237,no,no,cellular,28,aug,1,-1,0,unknown,0,young
technician,married,secondary,no,-183,no,no,cellular,10,jul,2,-1,0,unknown,0,older
admin.,married,secondary,no,-154,yes,no,unknown,4,jun,4,-1,0,unknown,0,older
admin.,married,secondary,no,1389,yes,no,cellular,6,may,1,349,9,failure,0,young
blue-collar,married,secondary,no,417,no,no,unknown,6,jun,3,-1,0,unknown,0,older
management,single,tertiary,no,-43,yes,no,cellular,13,jul,3,-1,0,unknown,0,young
entrepreneur,married,tertiary,no,337,no,no,cellular,16,jul,3,-1,0,unknown,0,older
blue-collar,married,primary,no,925,no,no,unknown,21,jun,2,-1,0,unknown,0,older
management,married,tertiary,no,668,yes,no,unknown,3,jun,2,-1,0,unknown,0,young
blue-collar,married,secondary,no,143,no,no,cellular,29,jul,2,-1,0,unknown,1,older
technician,married,secondary,no,101,yes,no,unknown,3,jun,4,-1,0,unknown,0,young
services,married,secondary,no,-180,yes,no,cellular,3,nov,12,-1,0,unknown,0,young
blue-collar,married,primary,no,767,yes,no,cellular,28,aug,1,-1,0,unknown,0,older
technician,married,secondary,no,-35,no,no,unknown,3,jun,3,-1,0,unknown,0,older
blue-collar,single,secondary,no,-47,no,no,cellular,20,aug,1,87,1,success,1,young
technician,married,secondary,no,74,yes,no,cellular,9,jul,2,-1,0,unknown,0,older
management,married,tertiary,no,130,yes,no,cellular,23,jul,5,-1,0,unknown,0,young
self-employed,married,tertiary,no,24,no,no,cellular,28,jul,1,-1,0,unknown,0,older
management,married,secondary,no,541,yes,no,unknown,18,may,6,-1,0,unknown,0,older
management,married,tertiary,no,506,no,no,cellular,28,aug,2,-1,0,unknown,0,young
management,married,tertiary,no,-50,no,no,cellular,21,aug,2,90,6,failure,0,young
services,married,secondary,no,327,yes,no,cellular,17,aug,2,-1,0,unknown,0,older
student,single,secondary,no,299,yes,no,cellular,17,apr,1,346,1,failure,0,young
management,married,tertiary,no,1906,no,no,cellular,19,aug,5,-1,2,unknown,1,older
technician,married,secondary,no,622,no,no,cellular,22,aug,1,-1,0,unknown,0,young
technician,married,secondary,no,234,yes,no,cellular,14,may,2,-1,0,unknown,0,older
blue-collar,married,secondary,no,524,yes,no,cellular,16,jul,4,-1,0,unknown,0,young
blue-collar,single,primary,no,-78,yes,no,unknown,16,may,2,-1,0,unknown,0,young
blue-collar,married,secondary,no,-543,yes,no,cellular,19,apr,5,-1,0,unknown,0,young
blue-collar,married,secondary,no,116,yes,no,cellular,15,nov,1,-1,0,unknown,0,young
blue-collar,married,secondary,no,29,yes,no,cellular,3,nov,1,-1,0,unknown,0,young
services,married,secondary,no,643,yes,no,unknown,15,jun,3,-1,0,unknown,0,older
blue-collar,married,secondary,no,979,yes,no,unknown,20,jun,3,-1,0,unknown,0,young
management,single,tertiary,no,124,yes,no,cellular,16,may,2,275,5,failure,0,young
management,single,tertiary,no,635,no,no,unknown,24,may,2,-1,0,unknown,0,young
technician,single,tertiary,no,164,yes,no,unknown,16,jun,4,-1,0,unknown,0,young
blue-collar,married,primary,no,-9,no,no,unknown,3,jun,2,-1,0,unknown,0,older
technician,married,secondary,no,-492,yes,no,cellular,24,jul,3,-1,0,unknown,0,young
blue-collar,married,primary,no,883,yes,no,unknown,4,jun,2,-1,0,unknown,0,young
management,married,tertiary,no,263,no,no,cellular,25,aug,4,-1,0,unknown,0,older
blue-collar,married,secondary,no,404,yes,no,cellular,23,nov,5,-1,0,unknown,0,young
technician,married,secondary,no,32,yes,yes,cellular,3,jul,1,-1,0,unknown,0,young
housemaid,married,secondary,no,-153,no,no,cellular,5,oct,1,-1,0,unknown,1,older
technician,married,tertiary,no,591,yes,no,unknown,2,jun,3,-1,0,unknown,0,young
technician,married,secondary,no,625,yes,no,cellular,20,aug,1,177,1,failure,0,older
admin.,married,secondary,no,-266,no,no,unknown,4,jun,2,-1,0,unknown,0,older
retired,married,primary,no,834,yes,no,telephone,3,apr,5,-1,0,unknown,0,older
services,married,secondary,no,467,yes,no,unknown,14,may,5,-1,0,unknown,0,young
admin.,married,secondary,no,900,no,no,cellular,8,nov,1,136,1,failure,0,older
blue-collar,single,secondary,no,148,yes,no,unknown,10,jun,2,-1,0,unknown,0,young
blue-collar,married,secondary,no,44,yes,no,cellular,20,jul,4,-1,0,unknown,0,young
management,married,tertiary,no,875,yes,no,cellular,5,apr,1,266,1,failure,0,young
retired,married,primary,no,1880,no,no,cellular,13,sep,1,191,3,success,1,older
admin.,married,secondary,no,1178,yes,no,unknown,1,may,2,-1,0,unknown,0,older
blue-collar,single,secondary,no,893,yes,no,cellular,18,apr,1,328,1,failure,0,young
technician,married,secondary,no,1114,no,no,unknown,18,jun,5,-1,0,unknown,0,older
technician,married,secondary,no,389,yes,no,unknown,6,may,4,-1,0,unknown,0,young
blue-collar,married,secondary,no,1413,yes,no,cellular,6,may,2,-1,0,unknown,0,young
unknown,married,secondary,no,491,no,no,unknown,11,jun,2,-1,0,unknown,0,young
blue-collar,married,secondary,no,673,no,no,unknown,18,jun,2,-1,0,unknown,0,older
technician,single,secondary,no,588,yes,no,unknown,16,may,2,-1,0,unknown,0,young
technician,married,tertiary,no,32,no,no,cellular,5,feb,4,-1,0,unknown,0,young
retired,married,secondary,no,2541,yes,no,cellular,20,aug,3,208,6,failure,0,older
blue-collar,married,secondary,no,1085,yes,no,unknown,9,jun,2,-1,0,unknown,0,young
technician,married,tertiary,no,1232,no,no,cellular,25,sep,1,693,4,success,1,young
services,single,secondary,no,351,no,no,cellular,26,apr,1,-1,0,unknown,1,young
retired,married,secondary,no,664,no,no,cellular,6,aug,2,-1,0,unknown,0,older
blue-collar,married,secondary,no,10,no,yes,cellular,6,jul,2,-1,0,unknown,0,older
technician,married,tertiary,no,529,no,no,cellular,3,aug,1,80,6,success,1,young
unknown,married,secondary,no,92,no,no,cellular,11,aug,2,-1,0,unknown,0,older
blue-collar,married,secondary,no,1321,yes,no,cellular,17,apr,2,-1,0,unknown,0,older
management,married,tertiary,no,399,yes,no,cellular,6,may,2,-1,0,unknown,0,older
technician,married,secondary,no,-277,no,no,cellular,15,aug,4,-1,0,unknown,0,older
technician,married,secondary,no,847,yes,no,cellular,20,nov,1,-1,0,unknown,0,young
blue-collar,married,secondary,no,914,yes,no,unknown,25,jun,17,-1,0,unknown,0,young
admin.,single,secondary,no,923,no,no,cellular,1,nov,1,-1,0,unknown,0,young
management,married,tertiary,no,515,yes,no,cellular,21,jul,2,-1,0,unknown,0,older
blue-collar,married,secondary,no,757,yes,no,unknown,11,may,2,-1,0,unknown,0,older
technician,married,secondary,no,370,no,no,cellular,6,aug,2,-1,0,unknown,0,young
management,married,tertiary,no,286,yes,no,unknown,7,may,4,-1,0,unknown,0,older
management,married,tertiary,no,-49,no,no,cellular,19,aug,1,-1,0,unknown,0,older
unknown,single,secondary,no,753,no,no,unknown,25,jun,2,-1,0,unknown,0,young
technician,single,tertiary,no,973,yes,no,cellular,11,aug,2,-1,0,unknown,0,young
services,single,secondary,no,1046,no,no,cellular,23,nov,1,-1,0,unknown,0,young
admin.,married,secondary,no,630,no,no,cellular,7,jul,3,-1,0,unknown,0,young
admin.,single,secondary,no,1143,no,no,cellular,6,jun,2,-1,0,unknown,1,young
retired,married,secondary,no,1499,yes,no,unknown,18,jun,3,-1,0,unknown,0,older
admin.,married,secondary,no,-28,yes,no,unknown,14,jun,2,-1,0,unknown,0,young
management,married,tertiary,no,685,no,no,cellular,4,feb,2,-1,0,unknown,0,older
management,married,tertiary,no,197,yes,no,cellular,7,nov,1,194,1,failure,0,young
blue-collar,married,secondary,no,291,no,no,cellular,8,oct,1,-1,0,unknown,0,young
blue-collar,single,secondary,no,261,no,no,cellular,3,feb,1,96,3,success,0,young
admin.,single,secondary,no,1068,no,no,cellular,5,nov,3,-1,0,unknown,0,young
technician,single,tertiary,no,509,yes,no,cellular,18,apr,1,133,1,failure,0,young
blue-collar,married,primary,no,640,yes,no,cellular,14,apr,3,-1,0,unknown,0,older
management,single,tertiary,no,-350,yes,no,unknown,15,may,2,-1,0,unknown,0,young
management,married,primary,no,2686,yes,no,unknown,24,jun,2,-1,0,unknown,0,older
admin.,married,secondary,no,610,yes,no,unknown,17,jun,2,-1,0,unknown,0,older
management,married,tertiary,no,5,no,no,cellular,6,nov,3,-1,0,unknown,0,older
admin.,single,secondary,no,550,yes,no,cellular,21,nov,1,-1,0,unknown,0,young
admin.,married,secondary,no,-338,yes,no,unknown,3,may,2,-1,0,unknown,0,young
blue-collar,married,primary,no,533,no,no,unknown,5,jun,2,-1,0,unknown,0,young
blue-collar,married,secondary,no,-861,yes,no,unknown,7,may,2,-1,0,unknown,0,young
management,married,tertiary,no,390,yes,no,cellular,18,apr,1,150,1,failure,0,young
unknown,married,secondary,no,1208,no,no,cellular,6,oct,1,-1,0,unknown,0,young
retired,married,tertiary,no,3301,no,no,cellular,29,aug,4,92,6,success,1,older
services,married,secondary,no,10,no,no,cellular,3,nov,1,-1,0,unknown,0,older
services,married,secondary,no,417,yes,no,cellular,23,aug,4,-1,0,unknown,0,young
technician,married,secondary,no,636,yes,no,cellular,29,may,1,249,2,failure,0,older
admin.,married,secondary,no,367,no,no,cellular,5,aug,2,-1,0,unknown,0,young
blue-collar,married,secondary,no,1076,yes,no,cellular,16,aug,2,-1,0,unknown,0,young
admin.,married,secondary,no,-9,yes,no,cellular,3,jul,2,-1,0,unknown,0,young
technician,married,secondary,no,572,no,no,cellular,24,jul,4,-1,0,unknown,0,older
management,single,tertiary,no,632,no,no,cellular,7,jul,1,-1,0,unknown,0,young
management,single,tertiary,no,-565,yes,no,cellular,13,apr,2,-1,0,unknown,1,young
blue-collar,single,primary,no,-103,yes,no,unknown,16,may,2,-1,0,unknown,0,young
technician,married,secondary,no,800,yes,no,unknown,22,jun,2,-1,0,unknown,0,young
management,married,tertiary,no,650,no,no,cellular,20,nov,2,-1,0,unknown,0,older
management,married,tertiary,no,-268,yes,no,cellular,14,may,8,-1,0,unknown,0,older
management,married,tertiary,no,-448,yes,no,cellular,21,nov,2,96,3,failure,0,older
retired,married,primary,no,832,no,no,cellular,16,jul,3,-1,0,unknown,0,older
blue-collar,single,secondary,no,34,no,no,unknown,3,jun,2,-1,0,unknown,0,young
admin.,single,secondary,no,1138,no,no,cellular,26,jul,4,-1,0,unknown,0,young
blue-collar,married,primary,no,279,no,no,cellular,15,jul,4,-1,0,unknown,0,young
blue-collar,married,secondary,no,1622,yes,no,unknown,12,may,5,-1,0,unknown,0,young
student,single,tertiary,no,251,no,no,cellular,2,jun,2,-1,0,unknown,0,young
technician,married,secondary,no,353,no,no,cellular,18,aug,6,-1,4,success,1,young
technician,married,secondary,no,1249,no,no,cellular,4,oct,2,-1,0,unknown,0,young
blue-collar,married,secondary,no,569,yes,no,cellular,13,jul,4,-1,0,unknown,0,older
housemaid,married,primary,no,600,no,no,cellular,5,jul,3,-1,0,unknown,0,older
technician,married,secondary,no,922,yes,no,unknown,28,jun,4,-1,0,unknown,0,young
admin.,married,secondary,no,-83,no,no,cellular,30,nov,1,166,2,failure,0,older
management,married,tertiary,no,-110,no,no,cellular,21,aug,2,83,2,failure,0,young
technician,single,secondary,no,-332,yes,no,cellular,15,jul,2,-1,0,unknown,0,young
blue-collar,married,primary,no,738,yes,no,cellular,20,apr,1,95,1,failure,0,young
admin.,single,secondary,no,34,yes,no,cellular,5,may,1,355,1,failure,0,young
admin.,married,secondary,no,471,no,no,cellular,8,jul,3,-1,0,unknown,0,older
blue-collar,married,primary,no,174,no,no,cellular,20,aug,4,-1,0,unknown,0,young
services,married,secondary,no,812,yes,no,cellular,14,nov,2,-1,0,unknown,0,older
blue-collar,married,secondary,no,1,yes,no,cellular,13,may,2,-1,0,unknown,0,young
management,married,tertiary,no,723,yes,no,cellular,21,nov,1,11,5,failure,0,young
admin.,married,secondary,no,395,yes,no,cellular,17,apr,1,349,1,failure,0,young
retired,married,secondary,no,817,yes,no,unknown,21,jun,3,-1,0,unknown,0,older
blue-collar,single,secondary,no,309,yes,no,unknown,2,jun,2,-1,0,unknown,0,young
services,single,secondary,no,941,no,no,cellular,29,aug,3,-1,0,unknown,0,young
technician,married,secondary,no,631,no,no,cellular,28,jan,3,-1,0,unknown,0,young
blue-collar,married,primary,no,1197,no,no,cellular,21,apr,4,-1,0,unknown,0,young
blue-collar,married,primary,no,-7,no,no,cellular,9,oct,1,-1,0,unknown,0,older
services,single,secondary,no,358,no,no,cellular,14,jul,4,-1,0,unknown,0,young
technician,married,secondary,no,139,yes,no,unknown,2,may,2,-1,0,unknown,0,young
management,married,tertiary,no,539,no,no,cellular,2,feb,3,-1,0,unknown,0,young
blue-collar,married,primary,no,316,yes,no,cellular,16,aug,3,-1,0,unknown,0,older
admin.,married,secondary,no,143,no,no,cellular,6,jun,2,-1,0,unknown,1,older
blue-collar,married,primary,no,739,no,no,cellular,15,aug,4,-1,0,unknown,0,older
management,married,tertiary,no,130,no,no,cellular,12,nov,1,165,6,failure,0,older
blue-collar,married,secondary,no,100,no,no,cellular,13,may,3,-1,0,unknown,0,young
management,single,tertiary,no,958,yes,no,cellular,19,apr,2,-1,0,unknown,0,young
services,married,secondary,no,-47,yes,no,cellular,28,jul,2,-1,0,unknown,0,older
technician,married,secondary,no,111,no,no,unknown,4,jun,3,-1,0,unknown,0,older
management,married,secondary,no,1435,yes,no,cellular,12,may,2,-1,0,unknown,0,older
technician,single,secondary,no,664,yes,no,unknown,3,may,2,-1,0,unknown,0,young
blue-collar,married,secondary,no,-133,yes,no,unknown,14,may,3,-1,0,unknown,0,young
technician,married,secondary,no,313,yes,no,unknown,20,may,5,-1,0,unknown,0,young
management,married,tertiary,no,-421,yes,no,cellular,19,aug,2,-1,0,unknown,0,older
student,single,tertiary,no,192,yes,no,cellular,18,nov,1,115,1,failure,0,young
blue-collar,married,secondary,no,236,yes,no,unknown,12,may,2,-1,0,unknown,0,young
management,married,tertiary,no,719,yes,no,cellular,17,nov,1,177,6,failure,0,older
technician,single,secondary,no,45,yes,no,cellular,19,jul,2,-1,0,unknown,0,young
blue-collar,married,secondary,no,-4,yes,no,unknown,14,may,2,-1,0,unknown,0,young
management,single,tertiary,no,345,no,no,cellular,21,nov,1,-1,0,unknown,0,young
blue-collar,single,secondary,no,582,yes,no,cellular,14,may,2,-1,0,unknown,0,young
management,married,tertiary,no,717,yes,no,cellular,14,apr,2,359,6,failure,0,older
admin.,single,secondary,no,10,no,no,cellular,27,jul,2,-1,0,unknown,0,young
blue-collar,married,secondary,no,95,yes,no,unknown,28,jun,5,-1,0,unknown,0,older
blue-collar,married,primary,no,304,yes,no,cellular,14,may,2,362,7,failure,0,older
blue-collar,single,secondary,no,346,yes,no,cellular,14,may,2,365,2,failure,0,young
admin.,married,secondary,no,52,yes,no,cellular,28,apr,1,-1,0,unknown,0,older
admin.,married,secondary,no,563,yes,no,cellular,21,nov,1,-1,0,unknown,0,older
blue-collar,married,secondary,no,1099,no,no,cellular,29,oct,2,-1,0,unknown,0,older
services,married,secondary,no,309,yes,no,cellular,14,may,2,-1,0,unknown,0,young
admin.,married,secondary,no,873,yes,no,cellular,16,apr,2,-1,0,unknown,1,older
technician,married,secondary,no,925,no,no,cellular,28,oct,2,-1,0,unknown,0,older
technician,married,secondary,no,867,no,no,unknown,11,jun,5,-1,0,unknown,0,young
services,married,secondary,no,-10,yes,no,cellular,8,jul,2,-1,0,unknown,0,young
services,single,secondary,no,-53,yes,no,cellular,21,aug,2,-1,0,unknown,0,young
technician,married,secondary,no,590,yes,no,unknown,5,may,2,-1,0,unknown,0,older
management,married,secondary,no,425,yes,no,cellular,16,feb,6,196,7,failure,0,older
blue-collar,married,secondary,no,1010,yes,no,cellular,6,feb,2,-1,0,unknown,0,older
technician,married,secondary,no,827,yes,no,cellular,17,nov,2,219,2,failure,0,young
management,married,tertiary,no,957,no,no,cellular,3,aug,1,97,3,success,1,young
blue-collar,married,secondary,no,-409,yes,no,cellular,21,jul,5,-1,0,unknown,0,older
management,single,tertiary,no,1340,yes,no,cellular,3,feb,3,-1,0,unknown,0,young
housemaid,married,primary,no,646,no,no,cellular,13,aug,4,-1,0,unknown,0,older
technician,single,secondary,no,812,yes,no,cellular,16,may,1,333,7,failure,0,young
technician,single,secondary,no,491,no,no,cellular,8,oct,1,-1,0,unknown,0,young
services,married,secondary,no,-17,no,no,unknown,15,jun,3,-1,0,unknown,0,young
management,married,tertiary,no,141,no,no,cellular,20,aug,5,-1,0,unknown,1,young
technician,married,secondary,no,-92,yes,no,cellular,15,may,2,-1,0,unknown,0,young
admin.,married,secondary,no,-696,yes,yes,unknown,8,may,2,-1,0,unknown,0,young
technician,single,secondary,no,503,no,no,cellular,22,feb,7,-1,0,unknown,0,young
blue-collar,married,secondary,no,811,yes,no,unknown,14,jun,2,-1,0,unknown,0,older
housemaid,married,secondary,no,518,no,no,cellular,18,aug,1,95,1,success,1,older
technician,married,secondary,no,-658,yes,no,unknown,13,may,2,-1,0,unknown,0,young
technician,single,secondary,no,48,no,no,cellular,26,aug,6,-1,0,unknown,0,young
blue-collar,married,primary,no,482,yes,no,cellular,17,may,2,-1,0,unknown,0,young
technician,married,secondary,no,893,no,no,cellular,8,feb,1,-1,0,unknown,0,older
management,married,tertiary,no,-6,yes,no,unknown,7,may,4,-1,0,unknown,0,young
management,married,tertiary,no,399,yes,no,unknown,13,may,2,-1,0,unknown,0,older
management,married,tertiary,no,560,no,no,cellular,18,jul,2,-1,0,unknown,0,young
management,married,tertiary,no,-12,yes,no,unknown,3,may,2,-1,0,unknown,0,older
admin.,married,secondary,no,827,no,no,cellular,4,feb,2,-1,0,unknown,0,older
blue-collar,married,secondary,no,90,yes,no,cellular,11,may,4,-1,0,unknown,0,older
blue-collar,married,secondary,no,442,yes,no,unknown,21,jun,3,-1,0,unknown,0,young
blue-collar,married,primary,no,516,no,no,cellular,16,feb,2,-1,0,unknown,0,older
technician,married,secondary,no,344,no,no,cellular,24,aug,4,-1,0,unknown,0,young
admin.,single,secondary,no,199,yes,no,cellular,13,may,3,-1,0,unknown,0,young
blue-collar,married,secondary,no,494,yes,no,cellular,14,may,4,-1,0,unknown,0,young
management,married,tertiary,no,-602,no,no,cellular,13,aug,4,-1,0,unknown,0,older
management,married,tertiary,no,1516,no,no,cellular,29,nov,1,175,5,failure,1,older
management,married,tertiary,no,-94,no,no,cellular,5,feb,1,92,3,failure,0,young
technician,single,secondary,no,802,yes,no,cellular,6,feb,1,220,1,failure,0,young
blue-collar,married,secondary,no,531,no,no,unknown,4,jun,4,-1,0,unknown,0,young
admin.,single,secondary,no,-360,no,no,cellular,22,nov,1,-1,0,unknown,0,young
blue-collar,single,primary,no,43,yes,no,cellular,16,may,4,-1,0,unknown,0,young
technician,married,secondary,no,149,no,no,cellular,8,jul,2,-1,0,unknown,0,young
technician,married,secondary,no,1402,yes,no,unknown,7,may,5,-1,0,unknown,0,young
technician,married,tertiary,no,732,yes,no,unknown,14,may,5,-1,0,unknown,0,young
blue-collar,married,secondary,no,626,yes,no,cellular,5,jul,2,-1,0,unknown,0,young
housemaid,married,primary,no,-20,no,no,unknown,17,jun,2,-1,0,unknown,0,older
blue-collar,married,secondary,no,256,yes,no,cellular,18,nov,1,87,1,failure,0,young
student,single,tertiary,no,279,no,no,cellular,27,aug,2,-1,0,unknown,0,young
management,single,tertiary,no,507,no,no,cellular,20,nov,1,-1,0,unknown,0,young
technician,married,secondary,no,864,yes,no,cellular,15,jul,6,-1,0,unknown,0,young
blue-collar,married,secondary,no,205,yes,no,unknown,14,jun,3,-1,0,unknown,0,older
admin.,married,secondary,no,1573,no,no,cellular,28,apr,1,-1,0,unknown,1,young
management,married,tertiary,no,862,no,no,cellular,16,feb,5,170,2,success,0,older
admin.,single,secondary,no,528,no,no,cellular,9,jul,1,-1,0,unknown,0,young
services,married,secondary,no,742,yes,no,cellular,21,aug,1,-1,0,unknown,0,older
management,married,tertiary,no,911,yes,no,unknown,17,may,3,-1,0,unknown,0,older
management,married,tertiary,no,153,no,no,cellular,28,jul,2,-1,0,unknown,0,young
management,married,tertiary,no,322,yes,no,cellular,23,jul,2,-1,0,unknown,0,older
admin.,married,secondary,no,707,no,no,cellular,8,jul,2,-1,0,unknown,0,young
admin.,married,secondary,no,-28,no,no,cellular,29,jan,1,86,3,success,0,older
blue-collar,married,secondary,no,262,yes,no,cellular,21,apr,2,-1,0,unknown,0,older
admin.,married,secondary,no,95,no,no,cellular,4,jul,2,-1,0,unknown,0,older
technician,married,secondary,no,-343,yes,no,cellular,14,aug,2,-1,0,unknown,0,older
technician,single,secondary,no,56,yes,no,cellular,16,may,1,368,1,failure,0,young
blue-collar,married,primary,no,331,no,no,cellular,10,jul,1,-1,0,unknown,1,young
management,married,tertiary,no,1153,yes,no,cellular,15,may,1,350,1,failure,0,older
entrepreneur,married,secondary,no,-292,yes,no,cellular,14,jul,5,-1,0,unknown,0,young
admin.,married,secondary,no,588,no,no,unknown,29,jun,2,-1,0,unknown,0,older
blue-collar,married,secondary,no,322,yes,no,cellular,17,nov,1,-1,0,unknown,0,young
student,single,secondary,no,79,yes,no,cellular,14,jul,2,-1,0,unknown,0,young
services,married,secondary,no,594,yes,no,unknown,14,may,2,-1,0,unknown,0,young
blue-collar,married,secondary,no,342,yes,no,cellular,13,may,2,-1,0,unknown,0,older
management,married,tertiary,no,39,no,no,cellular,19,aug,1,-1,0,unknown,0,young
technician,married,secondary,no,38,no,no,cellular,2,feb,1,-1,0,unknown,0,young
services,married,secondary,no,1167,yes,no,cellular,28,aug,2,-1,0,unknown,0,young
technician,single,secondary,no,681,yes,no,cellular,13,aug,4,-1,0,unknown,0,young
management,married,tertiary,no,942,yes,no,cellular,17,nov,1,127,1,failure,0,young
admin.,single,secondary,no,111,yes,no,cellular,15,aug,2,-1,0,unknown,0,young
management,married,tertiary,no,1082,yes,no,cellular,23,nov,2,-1,0,unknown,0,young
management,married,tertiary,no,579,yes,no,cellular,28,jul,5,-1,0,unknown,0,older
entrepreneur,married,secondary,no,352,yes,no,cellular,12,jul,4,-1,0,unknown,0,older
blue-collar,married,secondary,no,97,yes,no,unknown,10,may,2,-1,0,unknown,0,older
blue-collar,married,primary,no,-25,no,no,unknown,17,may,3,-1,0,unknown,0,older
unknown,married,secondary,no,762,no,no,cellular,18,aug,6,-1,0,unknown,0,older
housemaid,married,primary,no,1143,yes,no,unknown,6,jun,2,-1,0,unknown,0,older
technician,single,secondary,no,-158,no,no,cellular,19,aug,1,92,3,failure,0,young
admin.,married,secondary,no,16,no,no,cellular,8,jul,2,-1,0,unknown,0,young
admin.,single,secondary,no,212,no,no,cellular,5,apr,1,-1,0,unknown,1,young
technician,married,tertiary,no,853,no,no,cellular,6,aug,2,-1,0,unknown,0,young
admin.,married,secondary,no,-279,no,no,cellular,8,oct,2,-1,0,unknown,0,young
technician,married,secondary,no,258,yes,no,cellular,15,may,2,-1,0,unknown,0,older
management,married,tertiary,no,-196,yes,no,cellular,7,may,5,-1,0,unknown,0,young
blue-collar,married,secondary,no,-415,yes,no,unknown,3,jun,3,-1,0,unknown,0,older
management,married,tertiary,no,834,yes,no,unknown,7,may,4,-1,0,unknown,0,young
admin.,married,secondary,no,840,yes,no,unknown,6,jun,2,-1,0,unknown,0,young
management,married,tertiary,no,223,no,no,cellular,6,jun,1,98,1,success,1,young
blue-collar,married,secondary,no,556,yes,no,cellular,5,may,2,-1,0,unknown,1,young
services,married,secondary,no,-464,yes,no,cellular,4,feb,2,-1,0,unknown,0,young
management,married,tertiary,no,624,no,no,cellular,22,nov,1,-1,0,unknown,1,young
admin.,married,secondary,no,-615,yes,no,cellular,17,may,2,-1,0,unknown,0,young
management,married,tertiary,no,786,yes,no,cellular,15,jan,4,-1,0,unknown,0,older
management,married,tertiary,no,499,yes,no,unknown,14,may,5,-1,0,unknown,0,young
admin.,married,secondary,no,498,yes,no,unknown,16,jun,2,-1,0,unknown,0,older
technician,married,secondary,no,-37,yes,no,unknown,7,may,4,-1,0,unknown,0,older
management,single,tertiary,no,551,no,no,unknown,3,jun,2,-1,0,unknown,0,young
management,single,tertiary,no,298,yes,no,cellular,20,aug,2,156,2,failure,0,young
management,single,tertiary,no,372,no,no,cellular,28,aug,3,-1,0,unknown,0,young
management,married,tertiary,no,-38,yes,no,cellular,21,may,5,-1,0,unknown,0,older
blue-collar,married,secondary,no,-95,no,no,cellular,22,aug,3,-1,0,success,0,older
admin.,married,secondary,no,814,yes,no,unknown,19,may,4,-1,0,unknown,0,older
blue-collar,married,primary,no,370,no,no,cellular,5,feb,3,-1,0,unknown,0,older
technician,single,secondary,no,280,yes,no,unknown,3,jun,2,-1,0,unknown,0,young
blue-collar,single,secondary,no,863,yes,no,unknown,3,jun,2,-1,0,unknown,0,young
technician,single,secondary,no,35,yes,no,cellular,28,jul,2,-1,0,unknown,0,young
technician,married,secondary,no,1200,no,no,cellular,19,aug,4,-1,0,unknown,0,older
management,married,tertiary,no,-132,no,no,cellular,25,aug,4,-1,0,unknown,0,young
technician,single,secondary,no,-669,yes,yes,cellular,4,jul,1,-1,0,unknown,0,young
blue-collar,married,secondary,no,-82,yes,no,cellular,6,jul,3,-1,0,unknown,0,older
management,single,tertiary,no,183,no,no,cellular,21,aug,5,97,4,success,1,young
technician,married,tertiary,no,387,yes,no,cellular,15,aug,2,-1,0,unknown,0,young
admin.,married,secondary,no,1066,yes,no,cellular,4,may,4,-1,0,unknown,0,older
technician,married,secondary,no,45,no,no,cellular,6,jul,2,-1,0,unknown,0,young
management,married,tertiary,no,829,yes,no,cellular,17,nov,1,-1,0,unknown,0,young
blue-collar,married,primary,no,153,yes,no,cellular,16,may,2,-1,0,unknown,0,young
housemaid,married,primary,no,239,no,no,cellular,13,aug,5,-1,0,unknown,0,older
technician,married,secondary,no,1181,yes,no,unknown,3,jun,5,-1,0,unknown,0,older
student,single,secondary,no,2,no,no,cellular,14,may,1,258,1,success,1,young
services,married,secondary,no,570,yes,no,unknown,17,may,3,-1,0,unknown,0,young
management,married,tertiary,no,662,no,no,cellular,19,aug,2,102,3,success,0,young
technician,married,secondary,no,-268,yes,no,cellular,15,nov,1,-1,0,unknown,0,young
management,married,tertiary,no,122,no,no,cellular,30,jan,2,102,3,failure,1,young
admin.,married,secondary,no,541,no,no,cellular,19,nov,1,-1,0,unknown,1,older
technician,married,secondary,no,-28,yes,no,cellular,19,aug,2,190,3,failure,0,older
management,single,tertiary,no,329,yes,no,cellular,21,aug,1,179,2,failure,0,young
technician,single,secondary,no,485,yes,no,unknown,14,jun,2,-1,0,unknown,0,young
retired,married,primary,no,358,yes,no,telephone,12,jul,2,-1,0,unknown,0,older
unknown,married,secondary,no,1407,no,no,cellular,30,aug,1,91,4,success,1,older
management,married,tertiary,no,918,yes,no,unknown,16,jun,2,-1,0,unknown,1,young
management,married,tertiary,no,736,no,no,cellular,20,aug,5,94,4,success,1,older
technician,married,tertiary,no,708,no,no,cellular,18,aug,4,91,6,success,1,young
technician,married,tertiary,no,489,no,no,cellular,26,sep,2,-1,0,unknown,0,young
entrepreneur,married,primary,no,793,yes,no,unknown,1,jun,4,-1,0,unknown,0,older
technician,single,secondary,no,913,yes,no,unknown,19,jun,2,-1,0,unknown,0,young
entrepreneur,married,secondary,no,1639,yes,no,cellular,2,feb,4,-1,0,unknown,0,older
technician,married,secondary,no,460,yes,no,cellular,19,nov,1,-1,0,unknown,0,young
technician,married,secondary,no,239,yes,no,cellular,13,nov,1,-1,0,unknown,0,young
management,married,primary,no,816,yes,no,unknown,16,jun,4,-1,0,unknown,0,older
blue-collar,married,secondary,no,927,yes,no,unknown,15,may,2,-1,0,unknown,0,older
management,married,tertiary,no,905,no,no,cellular,5,aug,4,-1,0,unknown,0,young
admin.,married,secondary,no,958,no,no,cellular,10,feb,1,188,3,success,1,older
blue-collar,married,secondary,no,-87,no,no,cellular,29,aug,16,-1,0,unknown,0,young
technician,married,tertiary,no,-267,no,no,cellular,31,aug,1,-1,0,unknown,0,young
admin.,married,secondary,no,782,yes,no,cellular,27,jul,3,-1,0,unknown,0,older
management,married,tertiary,no,439,yes,no,cellular,27,apr,1,-1,0,unknown,0,young
management,married,tertiary,no,-193,yes,no,cellular,4,may,2,-1,0,unknown,0,young
management,married,tertiary,no,460,yes,no,cellular,14,apr,2,-1,0,unknown,0,young
management,married,tertiary,no,82,no,no,cellular,13,aug,1,-1,0,unknown,1,young
management,married,tertiary,no,-174,no,no,cellular,2,nov,1,-1,0,unknown,0,young
management,married,tertiary,no,-49,no,no,cellular,5,feb,3,-1,0,unknown,0,young
blue-collar,married,secondary,no,320,no,no,cellular,6,apr,1,-1,0,unknown,1,young
management,single,tertiary,no,790,yes,no,cellular,21,nov,1,188,1,failure,0,young
services,married,secondary,no,311,yes,no,cellular,23,nov,4,-1,0,unknown,0,older
blue-collar,married,secondary,no,-110,no,no,cellular,18,aug,1,-1,1,unknown,0,older
technician,married,tertiary,no,760,no,no,cellular,20,aug,1,80,1,success,1,young
blue-collar,married,secondary,no,1097,yes,no,unknown,15,jun,5,-1,0,unknown,0,young
blue-collar,single,secondary,no,503,yes,no,cellular,18,apr,3,334,3,failure,0,young
services,single,secondary,no,-288,yes,no,cellular,30,may,2,-1,0,unknown,0,young
blue-collar,married,primary,no,607,yes,no,unknown,22,may,5,-1,0,unknown,0,young
blue-collar,married,secondary,no,824,yes,no,cellular,5,may,1,267,3,failure,0,older
blue-collar,single,secondary,no,673,yes,no,unknown,8,jun,2,-1,0,unknown,0,young
retired,married,secondary,no,197,no,no,cellular,20,aug,1,192,3,failure,0,older
services,married,secondary,no,1386,no,no,unknown,14,jun,4,-1,0,unknown,0,older
technician,single,secondary,no,1089,yes,no,unknown,4,may,2,-1,0,unknown,0,young
technician,married,secondary,no,33,no,no,cellular,10,jul,2,-1,0,unknown,0,older
management,married,tertiary,no,2508,no,no,cellular,20,aug,6,185,2,success,1,young
admin.,married,secondary,no,952,yes,no,cellular,15,apr,1,-1,0,unknown,1,young
blue-collar,married,secondary,no,446,no,no,unknown,28,jun,3,-1,0,unknown,0,older
technician,married,secondary,no,657,yes,no,cellular,2,nov,2,-1,0,unknown,0,older
blue-collar,married,secondary,no,880,yes,no,cellular,19,nov,1,161,1,failure,0,older
technician,married,secondary,no,733,yes,no,cellular,28,aug,3,-1,0,unknown,0,young
blue-collar,married,primary,no,374,yes,no,cellular,3,feb,2,220,4,failure,0,older
retired,married,primary,no,739,no,no,cellular,14,sep,1,204,7,success,1,older
admin.,married,secondary,no,-33,no,no,cellular,7,jun,4,-1,0,unknown,0,older
student,single,tertiary,no,490,no,no,cellular,20,aug,1,88,1,success,1,young
housemaid,married,secondary,no,386,no,no,cellular,30,aug,4,-1,0,unknown,0,older
management,married,tertiary,no,681,yes,no,cellular,12,jul,2,-1,0,unknown,0,older
blue-collar,married,secondary,no,414,yes,no,unknown,15,jun,5,-1,0,unknown,0,older
admin.,married,secondary,no,1327,yes,no,cellular,16,apr,2,-1,0,unknown,0,young
technician,single,tertiary,no,242,yes,no,unknown,15,may,4,-1,0,unknown,0,young
admin.,married,secondary,no,280,no,no,cellular,3,feb,1,-1,0,unknown,0,older
technician,married,secondary,no,-207,no,no,cellular,27,aug,1,-1,0,unknown,0,young
blue-collar,married,primary,no,-326,no,no,cellular,6,may,3,292,1,failure,0,older
technician,married,secondary,no,-93,yes,no,cellular,17,apr,3,-1,0,unknown,0,young
technician,single,secondary,no,273,yes,no,unknown,15,may,2,-1,0,unknown,0,young
blue-collar,married,secondary,no,119,yes,no,cellular,18,jul,3,-1,0,unknown,0,young
housemaid,married,secondary,no,598,no,no,cellular,12,aug,2,-1,0,unknown,0,older
management,married,tertiary,no,1046,no,no,cellular,22,nov,4,-1,0,unknown,0,older
blue-collar,married,secondary,no,985,yes,no,cellular,13,may,2,-1,0,unknown,0,young
management,married,tertiary,no,569,yes,no,cellular,12,may,2,-1,0,unknown,0,older
technician,single,secondary,no,15,no,no,cellular,2,aug,1,-1,0,unknown,0,young
management,married,tertiary,no,27,no,no,unknown,8,may,2,-1,0,unknown,0,older
admin.,married,secondary,no,1019,yes,no,unknown,2,may,2,-1,0,unknown,0,young
blue-collar,married,secondary,no,383,yes,no,unknown,2,jun,2,-1,0,unknown,0,older
services,married,secondary,no,506,yes,no,cellular,15,apr,1,357,1,failure,0,young
admin.,single,secondary,no,-1,no,no,cellular,5,feb,3,-1,0,unknown,0,young
technician,married,secondary,no,1357,no,no,cellular,21,aug,1,-1,0,unknown,0,young
management,married,tertiary,no,-18,no,no,cellular,8,jul,2,-1,0,unknown,0,older
management,married,tertiary,no,620,yes,no,unknown,9,jun,2,-1,0,unknown,0,young
blue-collar,married,secondary,no,160,no,no,cellular,5,feb,2,-1,0,unknown,0,older
housemaid,married,secondary,no,442,no,no,cellular,6,sep,1,-1,0,unknown,0,young
management,married,tertiary,no,-307,no,no,unknown,19,jun,2,-1,0,unknown,0,older
blue-collar,married,secondary,no,415,yes,no,cellular,17,apr,1,132,1,failure,0,young
services,married,secondary,no,1221,yes,no,unknown,20,may,2,-1,0,unknown,0,young
blue-collar,married,secondary,no,1021,no,no,cellular,7,jul,2,-1,0,unknown,0,older
admin.,married,secondary,no,209,yes,no,unknown,6,jun,5,-1,0,unknown,0,young
blue-collar,married,secondary,no,631,yes,no,cellular,17,may,2,-1,0,unknown,0,young
blue-collar,married,primary,no,470,yes,no,cellular,20,nov,2,-1,0,unknown,0,older
services,single,secondary,no,357,yes,no,cellular,1,may,2,-1,0,unknown,0,young
technician,married,secondary,no,18,yes,no,unknown,14,jun,5,-1,0,unknown,0,older
technician,married,secondary,no,197,no,no,cellular,13,aug,4,-1,0,unknown,0,older
management,married,tertiary,no,918,yes,no,cellular,6,may,3,-1,0,unknown,0,older
admin.,married,secondary,no,599,yes,no,unknown,5,jun,2,-1,0,unknown,0,young
management,single,tertiary,no,409,yes,no,cellular,5,may,4,-1,0,unknown,0,young
admin.,married,secondary,no,1138,yes,no,unknown,14,may,13,-1,0,unknown,0,young
technician,married,secondary,no,46,yes,no,unknown,9,jun,3,-1,0,unknown,0,young
blue-collar,married,primary,no,-652,yes,no,cellular,15,jun,4,369,7,failure,0,older
technician,married,secondary,no,1108,no,no,cellular,4,nov,1,180,3,failure,0,young
blue-collar,married,secondary,no,-232,yes,no,cellular,20,jul,3,-1,0,unknown,0,older
technician,married,secondary,no,-21,yes,no,unknown,6,may,3,-1,0,unknown,0,older
services,single,secondary,no,860,yes,no,cellular,22,apr,2,-1,0,unknown,0,young
blue-collar,single,secondary,no,822,no,no,unknown,5,may,3,-1,0,unknown,0,young
technician,married,tertiary,no,46,no,no,unknown,15,jun,3,-1,0,unknown,0,young
management,married,tertiary,no,494,yes,no,cellular,23,aug,2,-1,0,unknown,0,young
services,married,secondary,no,202,no,no,cellular,25,aug,6,-1,0,unknown,0,young
services,married,secondary,no,271,no,no,unknown,27,jun,4,-1,0,unknown,0,young
technician,married,secondary,no,432,yes,no,cellular,17,aug,3,181,0,unknown,0,young
services,married,secondary,no,8,yes,no,unknown,5,may,4,-1,0,unknown,0,older
technician,married,secondary,no,190,yes,no,cellular,14,may,2,265,2,failure,0,older
admin.,married,secondary,no,-78,yes,no,cellular,23,nov,1,-1,0,unknown,0,older
services,married,secondary,no,475,yes,no,cellular,16,apr,2,-1,0,unknown,0,older
retired,married,secondary,no,1306,no,no,cellular,18,aug,4,-1,0,unknown,0,older
admin.,married,secondary,no,960,yes,no,cellular,15,may,2,350,3,failure,0,young
housemaid,married,secondary,no,20,no,no,cellular,3,jul,4,-1,0,unknown,0,older
management,single,tertiary,no,1136,yes,no,cellular,21,aug,4,-1,2,unknown,0,young
technician,married,secondary,no,-59,yes,no,cellular,18,apr,2,264,6,failure,0,young
technician,single,tertiary,no,810,yes,no,unknown,3,jun,3,-1,0,unknown,0,young
blue-collar,married,secondary,no,117,yes,no,cellular,20,aug,1,124,1,failure,0,older
services,married,secondary,no,-24,yes,no,cellular,14,may,5,-1,0,unknown,0,older
services,married,secondary,no,-361,yes,no,cellular,20,aug,1,-1,0,unknown,0,young
services,married,secondary,no,649,yes,no,cellular,17,may,12,-1,0,unknown,0,young
blue-collar,married,secondary,no,60,no,no,cellular,7,jul,2,-1,0,unknown,0,older
services,married,secondary,no,435,yes,no,unknown,8,jun,2,-1,0,unknown,0,older
blue-collar,married,secondary,no,219,yes,no,cellular,27,aug,3,-1,0,unknown,0,young
admin.,married,secondary,no,1039,no,no,cellular,26,jul,4,-1,0,unknown,0,young
admin.,married,secondary,no,-43,yes,no,unknown,5,jun,2,-1,0,unknown,0,young
blue-collar,married,primary,no,2,no,no,unknown,17,jun,7,-1,0,unknown,0,older
technician,married,secondary,no,243,no,no,cellular,30,jan,1,-1,0,unknown,0,young
management,single,tertiary,no,220,no,no,cellular,21,aug,1,-1,0,unknown,0,young
management,married,tertiary,no,510,yes,no,cellular,16,aug,1,92,1,failure,0,older
blue-collar,married,secondary,no,148,no,no,unknown,21,may,2,-1,0,unknown,0,young
technician,married,secondary,no,1127,yes,no,cellular,15,may,2,-1,0,unknown,0,young
admin.,married,secondary,no,1047,yes,no,cellular,16,jul,2,-1,0,unknown,0,young
blue-collar,married,primary,no,251,yes,no,unknown,4,jun,2,-1,0,unknown,0,older
entrepreneur,married,secondary,no,256,yes,no,cellular,19,may,2,-1,0,unknown,0,young
technician,married,secondary,no,87,yes,no,unknown,11,jun,2,-1,0,unknown,0,older
blue-collar,married,primary,no,427,no,no,unknown,4,jun,2,-1,0,unknown,0,young
technician,married,secondary,no,998,yes,no,cellular,9,jul,3,-1,0,unknown,0,older
technician,single,secondary,no,-253,no,no,cellular,30,jul,2,-1,0,unknown,0,young
services,single,secondary,no,342,yes,no,cellular,13,jul,4,-1,0,unknown,0,young
management,married,tertiary,no,-69,yes,no,unknown,7,may,2,-1,0,unknown,0,young
blue-collar,married,primary,no,-174,yes,no,cellular,8,may,2,-1,0,unknown,0,young
technician,married,secondary,no,468,yes,no,cellular,16,jul,4,-1,0,unknown,0,young
services,married,secondary,no,345,no,no,unknown,7,jun,5,-1,0,unknown,0,young
management,married,tertiary,no,659,no,no,cellular,20,nov,2,184,3,failure,0,older
services,single,secondary,no,995,yes,no,unknown,19,jun,2,-1,0,unknown,0,young
technician,married,secondary,no,697,yes,no,cellular,13,may,2,-1,0,unknown,0,young
admin.,single,secondary,no,726,no,no,cellular,15,jan,3,-1,0,unknown,0,young
management,single,tertiary,no,184,no,no,cellular,20,aug,1,-1,1,unknown,0,young
technician,married,secondary,no,416,no,no,cellular,17,nov,1,-1,0,unknown,0,young
blue-collar,married,primary,no,383,yes,no,cellular,14,jul,4,-1,0,unknown,0,young
blue-collar,married,secondary,no,-228,no,no,cellular,13,jan,2,-1,0,unknown,0,young
management,married,tertiary,no,815,no,no,cellular,5,oct,1,94,3,success,1,young
retired,married,secondary,no,953,no,no,cellular,15,may,1,285,1,failure,0,older
admin.,single,secondary,no,-362,yes,no,unknown,20,may,2,-1,0,unknown,0,young
admin.,single,secondary,no,417,no,no,cellular,25,oct,1,-1,0,unknown,1,young
management,single,tertiary,no,882,no,no,cellular,15,may,2,-1,0,unknown,1,young
technician,married,secondary,no,440,yes,no,cellular,21,aug,2,-1,0,unknown,0,older
admin.,single,secondary,no,363,yes,no,unknown,22,jun,2,-1,0,unknown,0,young
blue-collar,single,secondary,no,21,yes,no,cellular,25,jul,2,-1,0,unknown,0,young
management,married,tertiary,no,375,yes,no,cellular,16,may,3,-1,0,unknown,0,older
blue-collar,married,primary,no,17,no,no,cellular,22,aug,2,-1,0,unknown,0,young
management,married,secondary,no,266,yes,no,cellular,19,nov,2,178,3,failure,0,older
management,married,tertiary,no,46,yes,no,unknown,8,jun,3,-1,0,unknown,0,young
management,married,tertiary,no,1083,yes,no,cellular,7,may,3,-1,0,unknown,0,older
blue-collar,single,secondary,no,710,no,no,unknown,2,jun,2,-1,0,unknown,0,young
blue-collar,married,secondary,no,-78,yes,no,unknown,2,jun,4,-1,0,unknown,0,young
blue-collar,married,secondary,no,1046,no,no,cellular,8,jul,2,-1,0,unknown,0,older
housemaid,married,secondary,no,-228,no,no,cellular,2,apr,1,177,1,failure,0,older
services,married,secondary,no,763,yes,no,cellular,21,aug,1,136,2,failure,0,older
unknown,married,secondary,no,781,no,no,cellular,8,aug,3,-1,0,unknown,1,older
blue-collar,married,primary,no,946,yes,no,cellular,20,nov,1,175,2,failure,0,older
admin.,single,secondary,no,1074,yes,no,unknown,16,may,5,-1,0,unknown,0,young
admin.,married,secondary,no,529,yes,no,cellular,14,apr,2,-1,0,unknown,0,young
technician,married,secondary,no,1082,no,no,cellular,28,aug,4,-1,0,unknown,0,young
services,married,secondary,no,117,no,no,cellular,4,feb,3,-1,0,unknown,0,young
management,single,tertiary,no,605,no,no,cellular,12,jun,4,-1,0,unknown,0,young
management,married,tertiary,no,628,no,no,cellular,20,aug,2,90,3,failure,0,older
management,married,tertiary,no,297,no,no,cellular,30,aug,1,84,3,failure,0,young
retired,married,primary,no,738,no,no,telephone,8,jul,2,-1,0,unknown,0,older
management,married,tertiary,no,1174,yes,no,cellular,17,may,1,367,1,failure,0,young
services,single,secondary,no,-196,no,no,cellular,29,aug,13,-1,0,unknown,0,young
management,married,tertiary,no,86,no,no,cellular,13,jan,2,-1,0,unknown,0,young
blue-collar,married,primary,no,-95,yes,no,cellular,21,jul,3,-1,0,unknown,0,older
admin.,married,secondary,no,727,yes,no,cellular,10,nov,3,-1,0,unknown,0,older
management,married,primary,no,2244,no,no,telephone,5,sep,2,-1,0,unknown,1,older
blue-collar,married,secondary,no,324,yes,no,unknown,16,may,4,-1,0,unknown,0,young
entrepreneur,married,secondary,no,865,yes,no,cellular,2,apr,2,-1,0,unknown,0,young
admin.,married,secondary,no,18,yes,no,cellular,6,feb,4,-1,0,unknown,0,young
admin.,married,secondary,no,712,yes,no,cellular,18,jul,2,-1,0,unknown,0,young
management,married,tertiary,no,2640,no,no,cellular,21,aug,6,98,3,success,0,older
management,married,tertiary,no,616,yes,no,unknown,13,jun,2,-1,0,unknown,0,young
blue-collar,married,secondary,no,483,no,no,unknown,4,jun,2,-1,0,unknown,0,young
admin.,married,secondary,no,652,yes,yes,cellular,26,jul,2,-1,0,unknown,0,young
technician,single,tertiary,no,1097,yes,no,unknown,17,jun,3,-1,0,unknown,0,young
entrepreneur,married,tertiary,no,-102,no,no,cellular,14,jul,12,-1,0,unknown,0,older
technician,married,tertiary,no,831,no,no,cellular,27,aug,1,92,8,success,1,older
technician,married,secondary,no,921,yes,no,cellular,19,aug,1,-1,0,unknown,0,older
technician,married,secondary,no,1129,no,no,cellular,5,apr,3,-1,0,unknown,0,older
blue-collar,married,primary,no,1175,no,no,cellular,12,aug,1,-1,0,unknown,0,older
management,married,tertiary,no,476,yes,no,cellular,9,jul,3,-1,0,unknown,0,older
retired,married,primary,no,655,yes,no,cellular,15,jun,1,330,1,failure,0,older
retired,married,primary,no,576,no,no,unknown,7,jun,2,-1,0,unknown,0,older
blue-collar,married,secondary,no,281,yes,no,cellular,27,jan,3,-1,0,unknown,0,young
blue-collar,married,primary,no,1172,yes,no,cellular,19,aug,2,45,2,failure,0,older
technician,married,secondary,no,497,yes,no,cellular,18,may,4,-1,0,unknown,0,older
technician,married,secondary,no,716,no,no,unknown,28,jun,2,-1,0,unknown,0,older
management,married,tertiary,no,607,yes,no,cellular,13,may,5,-1,0,unknown,0,young
management,married,tertiary,no,720,no,no,cellular,29,aug,5,-1,0,unknown,0,older
services,married,secondary,no,92,no,no,cellular,6,aug,1,-1,0,unknown,0,young
admin.,married,secondary,no,-4,no,no,cellular,8,jul,4,-1,0,unknown,0,young
admin.,married,secondary,no,153,yes,no,cellular,17,nov,1,130,1,failure,0,young
technician,married,secondary,no,-8,yes,no,unknown,14,may,4,-1,0,unknown,0,young
admin.,married,secondary,no,1120,no,no,cellular,10,jun,1,88,2,success,1,young
services,married,secondary,no,-181,no,no,cellular,21,aug,4,-1,0,unknown,0,young
services,married,secondary,no,128,no,no,cellular,14,may,2,-1,0,unknown,0,young
blue-collar,married,secondary,no,543,yes,no,cellular,26,apr,2,-1,0,unknown,0,young
management,married,tertiary,no,690,yes,no,cellular,20,feb,2,-1,0,unknown,0,older
technician,married,tertiary,no,1059,no,no,cellular,18,aug,4,-1,0,unknown,0,older
management,married,tertiary,no,355,yes,no,cellular,11,may,2,-1,0,unknown,0,young
blue-collar,single,secondary,no,132,yes,no,cellular,11,may,2,-1,0,unknown,0,young
technician,single,secondary,no,542,yes,no,unknown,19,may,2,-1,0,unknown,0,young
retired,married,secondary,no,211,no,no,cellular,25,aug,3,-1,0,unknown,0,older
blue-collar,single,secondary,no,525,yes,no,cellular,15,jan,2,-1,0,unknown,0,young
technician,married,secondary,no,968,no,no,cellular,4,feb,1,-1,0,unknown,0,young
technician,married,secondary,no,869,yes,no,cellular,13,aug,3,-1,0,unknown,0,young
technician,single,secondary,no,632,yes,no,cellular,11,may,4,-1,0,unknown,0,young
technician,single,secondary,no,-308,yes,no,cellular,8,may,1,311,7,failure,0,young
technician,married,secondary,no,432,no,no,cellular,20,nov,1,-1,0,unknown,0,older
blue-collar,married,primary,no,250,no,no,unknown,1,jun,2,-1,0,unknown,0,older
management,single,tertiary,no,200,no,no,cellular,28,aug,2,-1,0,unknown,0,young
admin.,married,secondary,no,650,no,no,cellular,20,nov,1,110,1,failure,1,older
retired,married,primary,no,204,yes,no,cellular,17,jul,2,-1,0,unknown,0,older
management,married,tertiary,no,501,no,no,cellular,13,aug,3,-1,0,unknown,0,young
management,married,tertiary,no,496,no,no,cellular,26,aug,4,-1,0,unknown,1,older
technician,single,secondary,no,712,yes,no,cellular,16,jul,2,-1,0,unknown,0,young
services,single,secondary,no,29,no,no,cellular,5,may,2,-1,0,unknown,0,young
technician,married,tertiary,no,208,yes,no,cellular,20,nov,1,112,1,failure,0,young
technician,single,secondary,no,585,no,no,cellular,18,aug,13,-1,0,unknown,0,young
technician,married,secondary,no,623,no,no,cellular,4,jul,4,-1,0,unknown,0,older
management,married,tertiary,no,751,yes,no,cellular,12,may,2,356,1,failure,0,older
technician,married,secondary,no,737,yes,no,cellular,18,nov,1,166,1,failure,0,young
technician,married,secondary,no,430,no,no,cellular,1,feb,2,-1,0,unknown,0,older
services,married,secondary,no,1275,no,no,cellular,14,nov,1,-1,0,unknown,1,young
admin.,married,secondary,no,58,yes,no,unknown,11,jun,4,-1,0,unknown,0,older
blue-collar,single,secondary,no,-210,no,no,cellular,19,aug,3,-1,0,unknown,0,young
technician,single,secondary,no,84,yes,no,cellular,22,aug,2,-1,0,unknown,0,young
technician,married,tertiary,no,755,no,no,unknown,13,may,2,-1,0,unknown,0,young
services,single,secondary,no,311,yes,no,unknown,13,may,15,-1,0,unknown,0,young
self-employed,single,tertiary,no,1174,yes,no,unknown,21,jun,4,-1,0,unknown,0,young
management,single,tertiary,no,306,no,no,cellular,15,jul,2,-1,0,unknown,0,young
management,married,tertiary,no,734,no,no,cellular,4,may,4,330,2,failure,1,older
retired,married,secondary,no,77,no,no,cellular,7,jul,2,-1,0,unknown,0,older
management,married,tertiary,no,-26,no,no,cellular,26,aug,1,-1,0,unknown,0,older
management,single,tertiary,no,1252,no,no,cellular,16,apr,2,-1,0,unknown,0,young
blue-collar,married,secondary,no,771,yes,no,unknown,23,may,2,-1,0,unknown,0,young
technician,married,secondary,no,71,no,no,cellular,20,aug,4,-1,0,unknown,0,young
admin.,married,secondary,no,107,no,no,unknown,9,may,3,-1,0,unknown,0,young
technician,married,secondary,no,493,yes,no,cellular,15,may,2,355,2,failure,0,young
blue-collar,married,secondary,no,9,yes,no,cellular,19,nov,1,-1,0,unknown,0,young
technician,married,secondary,no,621,yes,no,unknown,5,jun,2,-1,0,unknown,0,young
admin.,married,secondary,no,-15,yes,no,cellular,18,jul,1,-1,0,unknown,0,young
technician,single,secondary,no,844,yes,no,unknown,17,may,5,-1,0,unknown,0,young
blue-collar,single,secondary,no,-168,yes,no,cellular,14,jul,4,-1,0,unknown,0,young
technician,married,secondary,no,560,no,no,cellular,21,aug,3,-1,0,unknown,0,young
blue-collar,married,secondary,no,669,yes,no,cellular,28,aug,2,-1,0,unknown,0,older
admin.,married,secondary,no,744,no,no,cellular,1,feb,2,-1,0,unknown,0,young
blue-collar,married,secondary,no,411,yes,no,cellular,16,jul,4,-1,0,unknown,0,older
blue-collar,married,primary,no,-39,yes,no,unknown,3,may,2,-1,0,unknown,0,young
blue-collar,married,primary,no,422,no,no,unknown,6,jun,2,-1,0,unknown,0,older
technician,married,secondary,no,981,yes,no,cellular,18,apr,1,271,1,failure,0,young
housemaid,married,secondary,no,6,no,no,unknown,5,jun,2,-1,0,unknown,0,older
management,married,tertiary,no,758,no,no,cellular,6,may,1,331,4,failure,1,older
technician,married,secondary,no,4,yes,no,cellular,13,may,2,364,5,failure,0,young
technician,married,secondary,no,-15,yes,yes,cellular,14,jul,2,-1,0,unknown,0,young
admin.,married,secondary,no,353,no,no,cellular,6,oct,1,178,1,success,1,young
management,married,tertiary,no,3180,no,no,cellular,21,aug,3,80,3,success,1,older
technician,married,tertiary,no,559,yes,no,cellular,18,aug,2,-1,0,unknown,0,older
retired,married,secondary,no,771,yes,no,unknown,5,may,2,-1,0,unknown,0,older
admin.,single,secondary,no,902,no,no,cellular,8,jul,2,-1,0,unknown,0,young
management,married,tertiary,no,17,no,no,cellular,17,aug,1,-1,0,unknown,0,young
technician,married,secondary,no,-213,no,no,cellular,22,aug,1,-1,0,unknown,0,older
technician,married,secondary,no,-255,yes,no,cellular,19,nov,2,152,3,failure,0,young
admin.,married,secondary,no,774,no,no,cellular,28,aug,4,-1,0,unknown,0,older
management,married,tertiary,no,-201,no,yes,cellular,20,jul,2,-1,0,unknown,0,older
management,married,tertiary,no,1094,yes,no,cellular,17,nov,1,120,1,failure,0,young
technician,married,secondary,no,846,yes,no,cellular,20,aug,4,169,6,success,0,older
management,married,tertiary,no,-13,no,no,cellular,3,aug,1,-1,0,unknown,0,older
services,single,secondary,no,975,no,no,cellular,2,feb,1,-1,0,unknown,0,young
retired,married,secondary,no,1585,no,no,cellular,27,aug,3,85,3,success,1,older
student,single,secondary,no,811,no,no,cellular,27,jan,1,-1,0,unknown,0,young
management,single,tertiary,no,804,yes,no,cellular,19,aug,1,43,2,failure,0,young
services,married,secondary,no,264,yes,no,unknown,9,jun,2,-1,0,unknown,0,older
admin.,single,secondary,no,228,no,no,cellular,23,jul,2,-1,0,unknown,0,young
technician,single,tertiary,no,346,no,no,cellular,20,aug,6,-1,0,unknown,0,young
technician,married,secondary,no,620,yes,no,unknown,19,jun,2,-1,0,unknown,0,young
services,married,secondary,no,573,no,no,cellular,8,aug,4,-1,0,unknown,0,young
management,single,tertiary,no,416,no,no,cellular,14,may,4,-1,0,unknown,0,young
admin.,married,secondary,no,344,no,no,cellular,20,nov,1,-1,0,unknown,0,young
management,married,tertiary,no,2180,no,no,cellular,20,aug,5,90,4,success,1,young
management,single,tertiary,no,209,no,no,cellular,20,aug,1,-1,1,unknown,1,young
blue-collar,single,secondary,no,-169,no,no,cellular,2,nov,6,-1,0,unknown,0,young
technician,married,secondary,no,667,no,no,cellular,19,aug,4,-1,4,success,1,young
services,married,secondary,no,-166,yes,no,cellular,14,jul,3,-1,0,unknown,0,young
housemaid,married,secondary,no,51,no,no,cellular,7,apr,1,-1,0,unknown,1,young
blue-collar,married,primary,no,972,no,no,cellular,27,aug,1,-1,0,unknown,0,older
admin.,single,secondary,no,433,no,no,cellular,21,nov,1,-1,0,unknown,0,young
blue-collar,married,primary,no,218,no,no,cellular,18,feb,3,-1,0,unknown,0,young
management,married,tertiary,no,977,yes,no,cellular,2,apr,4,-1,0,unknown,0,older
blue-collar,married,primary,no,-44,yes,no,unknown,20,jun,26,-1,0,unknown,0,older
admin.,married,secondary,no,886,yes,no,cellular,19,apr,1,105,0,failure,1,young
admin.,single,secondary,no,211,no,no,cellular,19,feb,1,-1,0,unknown,1,young
student,single,secondary,no,607,no,no,cellular,20,aug,1,187,2,failure,0,young
admin.,married,secondary,no,556,yes,no,cellular,18,may,2,339,3,failure,0,older
blue-collar,married,secondary,no,527,no,no,cellular,21,aug,5,-1,0,unknown,0,older
technician,married,secondary,no,270,no,no,cellular,28,aug,4,-1,0,unknown,0,young
services,married,secondary,no,559,yes,no,unknown,14,jun,2,-1,0,unknown,0,older
retired,married,tertiary,no,2100,no,no,cellular,30,aug,4,89,4,success,1,older
admin.,married,secondary,no,-74,no,no,cellular,8,jul,5,-1,0,unknown,0,young
technician,single,tertiary,no,-134,yes,no,cellular,15,aug,2,-1,0,unknown,0,young
services,single,secondary,no,1662,yes,no,cellular,15,aug,4,-1,0,unknown,0,young
blue-collar,married,secondary,no,271,no,no,cellular,15,jul,2,-1,0,unknown,0,older
technician,married,secondary,no,698,yes,no,cellular,2,jul,5,-1,0,unknown,0,young
technician,married,secondary,no,405,no,no,cellular,28,aug,1,-1,0,unknown,0,older
blue-collar,married,secondary,no,-152,yes,no,cellular,17,aug,6,-1,0,unknown,0,young
student,single,secondary,no,592,yes,no,unknown,20,jun,3,-1,0,unknown,0,young
admin.,married,secondary,no,519,no,no,cellular,7,apr,1,161,1,success,1,young
blue-collar,married,secondary,no,5,yes,no,cellular,21,apr,1,-1,0,unknown,1,young
blue-collar,married,secondary,no,-203,yes,no,unknown,13,may,2,-1,0,unknown,0,young
admin.,married,secondary,no,537,no,no,cellular,21,aug,1,95,2,success,0,young
blue-collar,married,secondary,no,153,yes,no,cellular,11,nov,2,-1,0,unknown,0,young
technician,married,secondary,no,877,yes,no,cellular,19,nov,1,207,3,failure,0,older
management,married,tertiary,no,758,no,no,cellular,11,aug,2,-1,0,unknown,0,older
blue-collar,married,secondary,no,400,yes,no,cellular,20,may,3,-1,0,unknown,0,young
management,married,tertiary,no,46,no,no,cellular,6,oct,1,162,1,failure,1,young
blue-collar,married,secondary,no,-42,no,yes,cellular,22,jul,2,-1,0,unknown,0,young
retired,married,secondary,no,577,yes,no,unknown,17,jun,2,-1,0,unknown,0,older
management,single,tertiary,no,-302,no,no,cellular,20,aug,1,98,5,failure,1,young
admin.,single,secondary,no,689,no,no,cellular,19,nov,2,-1,0,unknown,0,young
blue-collar,married,secondary,no,761,no,no,cellular,10,jul,2,-1,0,unknown,0,older
technician,single,tertiary,no,179,no,no,cellular,21,aug,1,-1,0,unknown,0,young
technician,married,secondary,no,209,yes,no,cellular,19,may,3,-1,0,unknown,0,young
unemployed,single,secondary,no,224,no,no,cellular,7,feb,2,-1,0,unknown,0,young
services,married,secondary,no,1288,no,no,unknown,13,may,5,-1,0,unknown,0,older
technician,married,secondary,no,329,no,no,cellular,27,aug,3,-1,0,unknown,0,young
technician,single,secondary,no,891,yes,no,cellular,4,nov,2,-1,0,unknown,0,young
housemaid,married,secondary,no,-256,no,no,cellular,29,aug,4,-1,0,unknown,0,older
technician,married,secondary,no,-7,yes,no,unknown,15,may,2,-1,0,unknown,0,older
blue-collar,single,secondary,no,878,no,no,cellular,7,jun,3,-1,0,unknown,1,young
technician,single,secondary,no,665,yes,no,cellular,1,apr,4,-1,0,unknown,0,young
management,single,tertiary,no,335,no,no,cellular,26,jan,2,-1,0,unknown,0,young
technician,single,secondary,no,380,yes,no,cellular,19,nov,1,177,2,failure,0,young
management,married,tertiary,no,2367,no,no,cellular,29,aug,5,108,4,success,1,young
management,married,tertiary,no,843,no,no,cellular,28,aug,6,-1,0,unknown,0,older
admin.,single,secondary,no,-130,no,no,cellular,28,apr,1,-1,0,unknown,0,young
management,married,tertiary,no,441,no,no,cellular,9,aug,2,-1,0,unknown,0,young
admin.,married,secondary,no,354,yes,no,cellular,17,aug,2,-1,0,unknown,0,young
technician,married,secondary,no,49,no,no,unknown,13,may,2,-1,0,unknown,0,young
technician,married,secondary,no,95,no,no,cellular,24,aug,1,-1,0,unknown,0,older
technician,married,tertiary,no,-135,no,no,cellular,13,aug,12,-1,0,unknown,0,young
admin.,married,secondary,no,333,yes,no,cellular,20,nov,1,126,1,failure,0,older
management,married,tertiary,no,447,yes,no,cellular,19,nov,1,88,2,failure,0,young
technician,married,secondary,no,463,yes,no,cellular,2,nov,2,-1,0,unknown,0,older
retired,married,secondary,no,346,no,no,cellular,15,aug,4,-1,0,unknown,0,older
management,single,tertiary,no,11,no,no,cellular,8,jul,2,-1,0,unknown,0,young
management,married,tertiary,no,719,no,no,cellular,18,nov,3,-1,0,unknown,0,older
blue-collar,single,secondary,no,131,yes,no,cellular,11,may,3,-1,0,unknown,0,young
management,married,tertiary,no,948,no,no,cellular,4,aug,1,157,2,failure,1,older
services,married,secondary,no,136,no,yes,cellular,4,jul,1,-1,0,unknown,0,older
management,single,tertiary,no,997,no,no,cellular,14,aug,4,-1,0,unknown,0,young
management,married,tertiary,no,866,yes,no,cellular,11,aug,2,-1,0,unknown,0,young
management,married,tertiary,no,1474,yes,no,cellular,26,may,2,-1,0,unknown,0,young
retired,married,secondary,no,1456,no,no,cellular,5,jul,3,-1,0,unknown,0,older
technician,married,secondary,no,235,yes,no,cellular,24,aug,5,-1,0,unknown,0,older
blue-collar,married,primary,no,18,no,no,telephone,8,jun,2,-1,0,unknown,0,older
management,married,primary,no,1189,yes,no,unknown,6,jun,2,-1,0,unknown,0,older
blue-collar,married,primary,no,119,no,no,cellular,23,oct,1,-1,0,unknown,0,young
blue-collar,married,secondary,no,61,no,no,cellular,14,jul,2,-1,0,unknown,0,young
admin.,married,secondary,no,861,yes,no,unknown,21,jun,2,-1,0,unknown,0,older
blue-collar,married,secondary,no,-294,yes,no,unknown,8,may,2,-1,0,unknown,0,older
admin.,married,secondary,no,520,no,no,unknown,2,jun,2,-1,0,unknown,0,young
services,married,secondary,no,263,no,no,unknown,14,may,5,-1,0,unknown,0,older
technician,married,secondary,no,169,no,no,cellular,21,aug,1,89,1,success,1,young
technician,single,tertiary,no,360,no,no,cellular,6,aug,2,-1,0,unknown,0,young
blue-collar,married,primary,no,107,no,no,cellular,18,jul,2,-1,0,unknown,0,young
management,married,tertiary,no,211,yes,no,cellular,14,aug,2,-1,0,unknown,0,older
student,single,tertiary,no,262,no,no,unknown,18,jun,4,-1,0,unknown,0,young
technician,single,tertiary,no,385,yes,no,cellular,16,nov,1,-1,0,unknown,0,young
admin.,single,secondary,no,-444,yes,no,cellular,18,nov,1,-1,0,unknown,0,young
technician,single,tertiary,no,702,yes,no,cellular,18,apr,1,313,1,failure,0,young
services,married,secondary,no,277,yes,no,unknown,20,may,2,-1,0,unknown,0,young
blue-collar,married,secondary,no,-73,yes,no,cellular,29,apr,2,-1,0,unknown,0,young
admin.,married,secondary,no,290,yes,no,cellular,21,apr,1,-1,0,unknown,1,older
management,married,tertiary,no,176,yes,no,cellular,8,apr,1,-1,0,unknown,0,young
management,married,tertiary,no,31,no,no,cellular,5,aug,3,-1,0,unknown,0,young
technician,single,tertiary,no,1212,no,no,cellular,26,aug,1,-1,0,unknown,0,young
admin.,married,secondary,no,941,yes,no,cellular,16,nov,1,73,1,failure,0,young
retired,married,secondary,no,536,no,no,cellular,15,jul,4,-1,0,unknown,0,older
admin.,married,secondary,no,32,no,no,cellular,8,nov,1,-1,0,unknown,0,older
unknown,single,secondary,no,1167,no,no,unknown,8,jun,2,-1,0,unknown,0,young
management,single,tertiary,no,-284,no,no,cellular,20,aug,1,-1,0,unknown,0,young
admin.,married,secondary,no,717,no,no,cellular,18,aug,1,183,1,failure,0,young
management,married,tertiary,no,786,no,no,cellular,4,aug,1,-1,0,unknown,1,young
management,single,tertiary,no,461,no,no,unknown,21,jun,4,-1,0,unknown,0,young
blue-collar,married,secondary,no,1253,yes,no,cellular,9,jul,5,-1,0,unknown,0,young
admin.,single,secondary,no,217,no,no,cellular,11,may,1,392,1,failure,0,young
housemaid,married,primary,no,225,no,no,unknown,6,jun,2,-1,0,unknown,1,older
management,married,tertiary,no,884,no,no,cellular,13,aug,1,-1,0,unknown,0,older
services,married,secondary,no,447,no,no,cellular,26,apr,1,-1,0,unknown,0,young
blue-collar,married,primary,no,-19,no,no,unknown,15,jun,3,-1,0,unknown,0,older
retired,married,primary,no,1077,no,no,cellular,14,oct,2,-1,0,unknown,0,older
retired,married,secondary,no,202,no,no,cellular,26,aug,5,-1,0,unknown,0,older
blue-collar,married,primary,no,-116,yes,no,unknown,2,jun,4,-1,0,unknown,0,young
management,single,tertiary,no,339,yes,no,cellular,23,jul,1,-1,0,unknown,0,young
retired,married,secondary,no,359,yes,no,cellular,18,aug,5,-1,0,unknown,0,older
technician,married,secondary,no,730,yes,no,cellular,4,jul,2,-1,0,unknown,0,older
admin.,married,secondary,no,16,no,no,cellular,5,feb,2,-1,0,unknown,0,young
blue-collar,married,primary,no,809,yes,no,unknown,2,jun,5,-1,0,unknown,0,older
housemaid,married,secondary,no,475,no,no,cellular,22,aug,2,-1,0,unknown,0,older
blue-collar,married,primary,no,576,yes,no,cellular,14,jul,3,-1,0,unknown,0,older
management,married,tertiary,no,710,yes,no,cellular,18,nov,1,0,1,failure,0,older
admin.,married,secondary,no,778,yes,no,cellular,17,nov,2,-1,0,unknown,0,older
technician,married,secondary,no,266,yes,no,cellular,6,feb,2,190,7,failure,0,older
technician,married,secondary,no,741,yes,no,unknown,15,may,5,-1,0,unknown,0,older
services,married,secondary,no,238,yes,no,unknown,2,jun,2,-1,0,unknown,0,older
blue-collar,married,primary,no,487,no,no,unknown,27,jun,2,-1,0,unknown,0,older
housemaid,married,primary,no,204,yes,no,telephone,22,jul,4,-1,0,unknown,0,older
admin.,married,secondary,no,-902,yes,no,unknown,27,jun,2,-1,0,unknown,0,older
technician,single,tertiary,no,384,yes,no,cellular,20,aug,3,179,4,failure,0,young
admin.,married,secondary,no,22,no,no,cellular,27,jan,1,-1,0,unknown,0,older
blue-collar,married,secondary,no,786,no,no,cellular,18,jul,3,-1,0,unknown,0,young
blue-collar,married,secondary,no,199,yes,no,cellular,17,may,3,-1,0,unknown,0,young
management,married,tertiary,no,1077,no,no,cellular,20,aug,3,-1,2,unknown,1,young
technician,single,secondary,no,304,no,no,cellular,11,aug,4,-1,0,unknown,0,young
technician,married,tertiary,no,1102,no,no,cellular,28,aug,10,-1,0,unknown,0,young
technician,married,secondary,no,186,yes,no,unknown,8,may,2,-1,0,unknown,0,young
management,married,tertiary,no,-163,no,no,cellular,3,feb,3,-1,0,unknown,0,older
management,married,tertiary,no,3046,no,no,cellular,30,aug,3,92,6,success,1,older
technician,married,tertiary,no,450,no,no,cellular,20,aug,3,94,2,success,1,young
services,single,secondary,no,1110,yes,no,unknown,15,may,4,-1,0,unknown,0,young
technician,single,tertiary,no,328,yes,no,cellular,22,may,5,-1,0,unknown,0,young
blue-collar,married,secondary,no,87,yes,no,cellular,18,aug,1,0,1,unknown,0,young
technician,married,secondary,no,-111,yes,no,unknown,9,jun,3,-1,0,unknown,0,older
self-employed,married,tertiary,no,153,no,no,cellular,23,oct,1,-1,0,unknown,1,young
technician,married,secondary,no,1016,yes,no,cellular,17,nov,2,176,3,failure,0,older
student,single,tertiary,no,776,no,no,cellular,13,aug,1,-1,0,unknown,0,young
management,married,tertiary,no,306,yes,no,cellular,21,nov,3,-1,0,unknown,0,older
blue-collar,single,secondary,no,479,no,no,cellular,21,aug,2,185,4,failure,0,young
services,married,secondary,no,202,yes,no,cellular,16,apr,1,347,1,failure,0,young
services,married,secondary,no,643,no,no,cellular,8,nov,4,-1,0,unknown,0,older
services,married,secondary,no,35,no,no,unknown,5,may,3,-1,0,unknown,0,older
management,married,primary,no,44,yes,no,unknown,14,jun,3,-1,0,unknown,0,older
technician,married,secondary,no,-469,no,no,cellular,17,aug,1,-1,0,unknown,0,young
management,married,tertiary,no,1982,no,no,cellular,21,aug,6,0,4,success,1,older
management,married,primary,no,2562,no,no,unknown,6,jun,3,-1,0,unknown,0,older
technician,married,tertiary,no,1223,no,no,cellular,28,aug,1,-1,0,unknown,0,young
retired,married,tertiary,no,1522,no,no,cellular,28,nov,1,28,1,failure,0,older
unknown,married,secondary,no,646,no,no,cellular,18,aug,7,-1,0,unknown,0,older
management,married,tertiary,no,605,yes,no,cellular,20,jul,2,-1,0,unknown,0,young
technician,married,tertiary,no,691,no,no,cellular,6,aug,1,-1,0,unknown,0,young
entrepreneur,married,tertiary,no,497,no,no,cellular,19,feb,4,-1,0,unknown,0,young
services,single,secondary,no,982,yes,no,cellular,22,jul,1,-1,0,unknown,0,young
services,married,secondary,no,-493,yes,yes,cellular,3,jul,2,-1,0,unknown,0,young
blue-collar,married,secondary,no,594,yes,no,cellular,13,nov,2,-1,0,unknown,0,young
blue-collar,married,primary,no,-207,no,no,cellular,25,aug,1,-1,0,unknown,0,young
technician,married,secondary,no,326,yes,no,cellular,11,aug,2,-1,0,unknown,0,older
blue-collar,married,secondary,no,678,yes,no,unknown,2,jun,6,-1,0,unknown,0,young
technician,married,tertiary,no,354,no,no,cellular,21,nov,1,130,1,failure,1,older
blue-collar,married,secondary,no,-856,yes,yes,unknown,8,may,2,-1,0,unknown,0,young
blue-collar,married,secondary,no,-159,yes,no,cellular,17,may,4,-1,0,unknown,0,older
management,married,secondary,no,537,yes,no,unknown,13,may,2,-1,0,unknown,0,older
retired,married,secondary,no,723,no,no,cellular,27,aug,3,-1,0,unknown,1,older
management,married,tertiary,no,849,no,no,cellular,25,aug,5,-1,0,unknown,0,older
blue-collar,single,secondary,no,187,yes,no,cellular,31,apr,1,0,0,unknown,0,young
management,single,tertiary,no,759,no,no,cellular,2,feb,2,-1,0,unknown,0,young
services,married,secondary,no,350,yes,no,unknown,6,may,3,-1,0,unknown,0,young
technician,married,secondary,no,-40,yes,no,unknown,13,jun,2,-1,0,unknown,0,older
technician,married,secondary,no,145,yes,no,cellular,13,nov,2,-1,0,unknown,0,young
blue-collar,married,secondary,no,81,no,no,cellular,22,jul,1,-1,0,unknown,0,older
blue-collar,married,primary,no,277,no,no,cellular,5,may,1,277,4,success,0,young
technician,married,secondary,no,588,yes,no,cellular,21,aug,3,-1,0,unknown,0,older
admin.,married,secondary,no,-105,no,no,cellular,14,jul,4,-1,0,unknown,0,young
admin.,married,secondary,no,280,yes,no,cellular,20,aug,2,-1,0,unknown,0,older
blue-collar,married,secondary,no,1054,no,no,cellular,21,aug,2,93,2,success,0,young
technician,married,secondary,no,319,no,no,cellular,19,aug,4,-1,0,unknown,0,young
retired,married,secondary,no,-77,no,no,cellular,4,nov,1,191,3,failure,0,older
blue-collar,married,primary,no,1055,yes,no,cellular,19,jul,4,-1,0,unknown,0,older
technician,married,tertiary,no,-132,no,no,cellular,20,nov,1,-1,0,unknown,0,older
retired,married,primary,no,-10,no,no,cellular,9,jul,2,-1,0,unknown,0,older
technician,married,secondary,no,206,yes,no,cellular,21,aug,2,183,6,failure,0,older
blue-collar,married,secondary,no,831,yes,no,unknown,14,jun,3,-1,0,unknown,0,older
student,single,secondary,no,1133,no,no,cellular,4,feb,1,90,3,success,1,young
blue-collar,married,secondary,no,688,yes,no,unknown,6,may,2,-1,0,unknown,0,older
blue-collar,married,secondary,no,172,yes,no,cellular,22,nov,2,-1,0,unknown,0,young
admin.,married,secondary,no,358,no,no,cellular,27,aug,1,-1,0,unknown,0,young
blue-collar,married,primary,no,30,yes,no,unknown,12,may,5,-1,0,unknown,0,older
admin.,married,secondary,no,63,no,no,unknown,8,jun,2,-1,0,unknown,0,older
blue-collar,married,secondary,no,1291,yes,no,unknown,2,jun,2,-1,0,unknown,0,young
services,married,secondary,no,61,yes,no,cellular,15,aug,2,-1,0,unknown,0,young
management,married,primary,no,-12,no,no,cellular,3,nov,2,-1,0,unknown,0,older
blue-collar,married,secondary,no,-265,no,no,unknown,19,may,5,-1,0,unknown,0,older
blue-collar,married,secondary,no,149,no,no,unknown,6,jun,2,-1,0,unknown,0,older
management,married,tertiary,no,2223,no,no,cellular,31,nov,1,91,1,success,1,older
technician,married,secondary,no,259,no,no,cellular,24,aug,6,-1,0,unknown,0,young
blue-collar,married,secondary,no,970,yes,no,unknown,3,may,2,-1,0,unknown,0,young
technician,married,secondary,no,219,no,no,cellular,7,feb,2,-1,0,unknown,0,older
admin.,single,secondary,no,175,yes,no,cellular,21,nov,1,146,1,failure,1,young
blue-collar,married,primary,no,300,no,no,cellular,9,may,2,-1,0,unknown,0,young
blue-collar,married,secondary,no,1275,no,no,cellular,21,nov,1,-1,0,unknown,0,young
technician,married,secondary,no,506,yes,no,cellular,16,jul,4,-1,0,unknown,0,older
management,single,tertiary,no,852,yes,no,cellular,14,apr,2,-1,0,unknown,0,young
admin.,married,secondary,no,-182,no,no,cellular,20,aug,2,-1,0,unknown,0,older
housemaid,married,secondary,no,661,no,no,cellular,6,sep,1,-1,0,unknown,0,older
management,single,tertiary,no,-88,yes,no,unknown,15,jun,3,-1,0,unknown,0,young
admin.,married,secondary,no,-202,no,no,cellular,16,nov,1,-1,0,unknown,0,older
blue-collar,married,primary,no,397,yes,no,unknown,15,may,2,-1,0,unknown,0,older
services,married,secondary,no,-332,yes,no,unknown,12,may,2,-1,0,unknown,0,young
management,single,tertiary,no,963,no,no,cellular,5,nov,1,-1,0,unknown,0,young
admin.,married,secondary,no,434,yes,no,cellular,18,nov,1,91,0,failure,0,older
management,single,tertiary,no,869,no,no,cellular,18,aug,5,94,3,success,1,young
admin.,married,secondary,no,401,yes,no,cellular,11,aug,4,-1,0,unknown,0,older
student,single,tertiary,no,497,no,no,cellular,4,feb,2,-1,0,unknown,0,young
admin.,married,secondary,no,555,no,no,cellular,6,apr,1,-1,0,unknown,1,young
blue-collar,married,secondary,no,-178,yes,no,unknown,8,may,3,-1,0,unknown,0,young
student,single,secondary,no,876,no,no,cellular,20,apr,1,-1,0,unknown,0,young
admin.,married,secondary,no,377,no,no,cellular,16,jul,3,-1,0,unknown,0,older
housemaid,married,secondary,no,748,no,no,cellular,5,oct,2,-1,0,unknown,0,older
management,married,tertiary,no,1349,no,no,cellular,20,aug,1,90,5,success,1,young
management,single,tertiary,no,1193,yes,no,cellular,5,may,1,79,1,failure,0,young
retired,married,secondary,no,797,no,no,cellular,14,may,2,280,2,success,1,older
technician,married,secondary,no,500,yes,no,cellular,15,jul,5,-1,0,unknown,0,older
self-employed,married,tertiary,no,98,no,no,cellular,7,feb,2,-1,0,unknown,1,older
technician,married,secondary,no,909,no,no,cellular,12,aug,1,-1,0,unknown,0,older
management,married,tertiary,no,701,yes,no,cellular,17,apr,1,300,1,failure,0,older
management,married,tertiary,no,493,no,no,cellular,5,jun,1,-1,0,unknown,0,older
blue-collar,married,primary,no,914,no,no,cellular,17,aug,2,-1,0,unknown,0,older
blue-collar,married,secondary,no,263,yes,no,unknown,1,jun,2,-1,0,unknown,0,older
retired,married,tertiary,no,440,no,no,cellular,17,jul,2,-1,0,unknown,0,older
admin.,married,secondary,no,599,yes,no,cellular,21,apr,1,51,1,failure,0,young
management,married,tertiary,no,603,no,no,cellular,5,may,1,268,4,success,1,older
management,married,tertiary,no,571,no,no,cellular,31,aug,2,-1,0,unknown,1,older
technician,single,secondary,no,862,yes,no,cellular,5,apr,1,98,1,failure,1,young
services,married,secondary,no,378,no,no,cellular,5,nov,1,-1,0,unknown,0,older
blue-collar,married,secondary,no,266,yes,no,unknown,15,jun,2,-1,0,unknown,0,young
technician,married,secondary,no,401,no,no,cellular,20,feb,3,-1,0,unknown,0,young
technician,married,secondary,no,391,no,no,cellular,29,aug,1,-1,0,unknown,0,older
blue-collar,married,primary,no,1166,no,no,unknown,9,jun,2,-1,0,unknown,0,older
housemaid,married,secondary,no,1543,no,no,cellular,15,nov,1,-1,0,unknown,0,older
management,single,tertiary,no,991,no,no,cellular,13,aug,4,-1,0,unknown,0,young
blue-collar,married,primary,no,360,yes,no,cellular,7,jul,5,-1,0,unknown,0,young
services,married,secondary,no,705,yes,no,unknown,3,jun,2,-1,0,unknown,0,older
services,single,secondary,no,285,yes,no,cellular,14,may,2,349,6,failure,0,young
management,married,tertiary,no,435,yes,no,unknown,14,jun,2,-1,0,unknown,0,young
management,married,tertiary,no,882,no,no,cellular,13,aug,2,103,3,failure,0,older
management,single,tertiary,no,201,no,no,cellular,7,apr,1,105,1,success,1,young
blue-collar,married,secondary,no,183,yes,no,cellular,18,nov,2,260,2,failure,0,young
blue-collar,married,primary,no,732,yes,no,cellular,11,may,2,-1,0,unknown,1,older
blue-collar,married,secondary,no,720,yes,no,cellular,14,may,2,-1,0,unknown,0,young
blue-collar,married,primary,no,671,yes,no,cellular,13,may,2,-1,0,unknown,0,older
technician,married,secondary,no,821,yes,no,cellular,24,aug,2,-1,0,unknown,0,young
blue-collar,married,primary,no,-233,no,no,cellular,17,jul,2,-1,0,unknown,0,older
technician,married,secondary,no,-48,yes,yes,cellular,20,nov,1,-1,0,unknown,0,young
technician,married,secondary,no,222,no,no,cellular,26,aug,6,-1,0,unknown,0,young
admin.,married,secondary,no,-207,no,no,cellular,17,feb,3,-1,0,unknown,0,young
retired,married,secondary,no,744,yes,no,unknown,15,jun,4,-1,0,unknown,0,older
blue-collar,married,primary,no,101,yes,no,cellular,12,aug,3,-1,0,unknown,0,young
management,married,tertiary,no,34,no,no,cellular,19,aug,2,-1,0,unknown,0,young
services,single,secondary,no,405,yes,no,cellular,4,may,2,-1,0,unknown,0,young
blue-collar,married,primary,no,3,yes,no,cellular,14,may,5,-1,0,unknown,0,older
student,single,tertiary,no,224,no,no,cellular,16,apr,1,-1,0,unknown,0,young
blue-collar,married,primary,no,-65,yes,no,unknown,14,jun,3,-1,0,unknown,0,young
management,married,tertiary,no,-154,no,no,cellular,8,aug,2,-1,0,unknown,0,young
technician,single,tertiary,no,1086,no,no,cellular,5,aug,2,-1,0,unknown,0,young
blue-collar,married,secondary,no,811,no,no,cellular,19,nov,1,-1,0,unknown,0,young
management,single,tertiary,no,229,no,no,cellular,27,jan,1,-1,0,unknown,0,young
admin.,married,secondary,no,583,no,no,cellular,30,aug,1,105,1,unknown,0,young
management,married,tertiary,no,-46,yes,no,unknown,13,jun,2,-1,0,unknown,0,older
management,married,tertiary,no,185,no,no,cellular,9,jul,2,-1,0,unknown,0,older
blue-collar,married,primary,no,34,yes,no,cellular,31,aug,24,-1,0,unknown,0,older
blue-collar,single,secondary,no,-602,yes,no,cellular,15,jul,2,-1,0,unknown,0,young
blue-collar,married,secondary,no,835,no,no,cellular,20,aug,2,-1,0,unknown,0,young
retired,married,secondary,no,552,yes,no,unknown,19,may,2,-1,0,unknown,0,older
housemaid,married,secondary,no,-66,yes,no,cellular,26,jul,1,-1,0,unknown,0,older
technician,single,tertiary,no,1327,no,no,cellular,2,nov,1,-1,0,unknown,0,young
blue-collar,married,secondary,no,-125,no,no,cellular,9,jul,1,-1,0,unknown,0,older
blue-collar,married,secondary,no,234,yes,no,cellular,12,apr,2,-1,0,unknown,0,older
retired,married,primary,no,710,no,no,cellular,25,nov,2,-1,0,unknown,0,older
technician,married,secondary,no,480,yes,no,cellular,15,apr,4,-1,0,unknown,0,older
management,married,tertiary,no,-77,yes,no,unknown,6,may,2,-1,0,unknown,0,older
management,married,tertiary,no,798,yes,no,cellular,12,may,1,324,1,failure,0,young
services,single,secondary,no,421,yes,no,unknown,15,may,4,-1,0,unknown,0,young
management,single,tertiary,no,503,no,no,cellular,3,feb,3,-1,0,unknown,0,young
blue-collar,married,primary,no,255,yes,no,cellular,7,jul,2,-1,0,unknown,0,young
technician,married,tertiary,no,305,no,no,cellular,3,oct,1,-1,0,unknown,1,older
technician,single,tertiary,no,525,no,no,cellular,29,apr,1,-1,0,unknown,1,young
management,single,tertiary,no,323,yes,no,cellular,15,may,5,-1,0,unknown,0,young
blue-collar,married,primary,no,193,no,no,cellular,6,oct,1,136,1,success,1,older
services,single,secondary,no,205,yes,no,cellular,30,jan,1,53,2,failure,0,young
blue-collar,married,primary,no,-373,yes,yes,cellular,7,jul,2,-1,0,unknown,0,older
technician,married,secondary,no,109,no,no,cellular,8,jul,2,-1,0,unknown,0,young
blue-collar,married,primary,no,512,yes,no,unknown,8,may,5,-1,0,unknown,0,young
student,single,secondary,no,135,no,no,cellular,15,jan,2,-1,0,unknown,0,young
management,single,tertiary,no,-98,no,no,cellular,26,aug,2,0,0,unknown,0,young
management,married,tertiary,no,185,yes,no,unknown,3,jun,2,-1,0,unknown,0,older
management,married,secondary,no,999,yes,no,unknown,15,jun,2,-1,0,unknown,0,older
management,married,tertiary,no,446,no,no,cellular,27,aug,4,-1,0,unknown,0,young
services,single,secondary,no,214,yes,no,cellular,30,aug,5,-1,0,unknown,0,young
management,married,tertiary,no,1106,no,no,cellular,26,aug,6,-1,0,unknown,0,older
housemaid,married,secondary,no,154,no,no,cellular,5,oct,1,-1,0,unknown,0,older
management,married,secondary,no,371,yes,no,cellular,18,nov,2,187,3,failure,0,young
retired,married,tertiary,no,-146,no,no,cellular,6,jun,1,-1,0,unknown,1,older
blue-collar,married,primary,no,-277,no,no,cellular,20,aug,5,-1,0,unknown,0,older
blue-collar,married,primary,no,-792,yes,no,cellular,11,may,2,-1,0,unknown,0,young
blue-collar,single,secondary,no,871,no,no,cellular,23,jul,3,-1,0,unknown,0,young
technician,married,secondary,no,1015,yes,no,cellular,15,jul,5,-1,0,unknown,0,older
blue-collar,married,secondary,no,723,yes,no,unknown,11,may,2,-1,0,unknown,0,young
admin.,married,secondary,no,-14,no,no,unknown,14,may,2,-1,0,unknown,0,young
services,married,secondary,no,417,no,no,cellular,18,nov,2,-1,0,unknown,0,older
services,married,secondary,no,1133,yes,no,unknown,4,jun,2,-1,0,unknown,0,young
admin.,married,secondary,no,757,yes,no,cellular,12,apr,2,357,6,failure,0,older
blue-collar,married,primary,no,1128,yes,no,cellular,15,apr,1,160,1,failure,0,young
blue-collar,married,primary,no,722,yes,no,cellular,10,may,2,-1,0,unknown,0,older
technician,married,secondary,no,-30,yes,no,unknown,13,jun,4,-1,0,unknown,0,young
management,single,tertiary,no,590,no,no,cellular,20,nov,1,116,1,failure,1,young
technician,single,tertiary,no,1145,no,no,cellular,26,aug,2,-1,0,unknown,0,young
management,married,tertiary,no,65,yes,no,cellular,6,may,2,-1,0,unknown,0,older
management,married,tertiary,no,455,no,no,cellular,20,aug,4,93,6,success,1,young
services,married,secondary,no,1002,yes,no,unknown,17,may,4,-1,0,unknown,0,older
technician,married,secondary,no,276,yes,no,cellular,28,aug,4,-1,0,unknown,0,young
admin.,married,secondary,no,789,no,no,cellular,26,aug,3,-1,0,unknown,0,older
admin.,married,secondary,no,622,no,no,cellular,16,jun,1,317,1,failure,0,older
admin.,married,secondary,no,373,no,no,cellular,5,aug,4,-1,0,unknown,0,older
technician,married,secondary,no,330,yes,no,cellular,27,jul,2,-1,0,unknown,0,older
management,married,tertiary,no,202,no,no,cellular,29,aug,2,-1,0,unknown,0,young
student,single,tertiary,no,690,no,no,unknown,16,jun,2,-1,0,unknown,0,young
retired,married,secondary,no,533,no,no,cellular,7,feb,2,-1,0,unknown,1,older
blue-collar,married,secondary,no,418,no,no,cellular,20,aug,4,-1,0,unknown,0,young
management,married,tertiary,no,52,no,no,cellular,20,aug,1,-1,0,unknown,0,older
management,married,tertiary,no,215,no,no,cellular,5,feb,1,-1,0,unknown,1,young
management,married,tertiary,no,591,yes,no,cellular,14,may,2,-1,0,unknown,0,older
technician,single,tertiary,no,484,yes,no,unknown,22,jun,5,-1,0,unknown,0,young
technician,married,secondary,no,-250,yes,no,unknown,12,jun,2,-1,0,unknown,0,older
blue-collar,married,secondary,no,-622,yes,no,cellular,14,may,2,-1,0,unknown,0,older
admin.,married,secondary,no,433,no,no,cellular,20,aug,4,98,4,success,1,young
blue-collar,married,secondary,no,1088,no,no,cellular,25,aug,6,-1,0,unknown,0,young
management,married,tertiary,no,-23,yes,no,cellular,17,aug,4,-1,0,unknown,0,older
blue-collar,married,primary,no,515,yes,no,unknown,6,may,2,-1,0,unknown,0,young
admin.,married,secondary,no,667,no,no,cellular,19,aug,4,-1,0,unknown,0,older
blue-collar,married,primary,no,411,yes,no,cellular,15,may,4,382,2,failure,0,young
admin.,married,secondary,no,470,yes,no,cellular,14,may,2,-1,0,unknown,0,older
blue-collar,married,secondary,no,-17,no,no,cellular,20,aug,2,101,4,success,0,young
technician,married,secondary,no,305,yes,no,cellular,17,apr,2,-1,0,unknown,0,older
management,married,tertiary,no,9,no,no,cellular,8,apr,1,-1,0,unknown,1,young
entrepreneur,married,tertiary,no,-441,no,no,cellular,7,jul,4,-1,0,unknown,0,young
blue-collar,single,secondary,no,762,no,no,cellular,28,jul,3,-1,0,unknown,0,young
blue-collar,married,secondary,no,-34,yes,no,cellular,14,may,5,336,7,failure,0,older
management,single,tertiary,no,68,yes,no,cellular,5,may,3,-1,0,unknown,0,young
management,married,primary,no,655,yes,no,unknown,12,may,2,-1,0,unknown,0,older
blue-collar,single,secondary,no,902,no,no,cellular,5,jan,1,179,3,failure,0,young
technician,married,secondary,no,420,yes,no,cellular,20,feb,5,-1,0,unknown,0,young
technician,married,tertiary,no,699,yes,no,cellular,15,apr,1,-1,0,unknown,0,young
retired,married,secondary,no,693,no,no,cellular,28,jan,1,-1,0,unknown,0,older
technician,single,tertiary,no,781,yes,no,cellular,6,may,2,-1,0,unknown,0,young
admin.,married,secondary,no,205,yes,no,cellular,27,jul,3,-1,0,unknown,0,young
technician,married,secondary,no,-357,no,no,cellular,6,aug,2,-1,0,unknown,0,older
services,married,secondary,no,-7,no,no,unknown,6,may,2,-1,0,unknown,0,young
management,married,tertiary,no,44,no,no,cellular,2,jun,2,-1,0,unknown,0,young
blue-collar,married,secondary,no,1189,yes,no,unknown,11,may,2,-1,0,unknown,0,older
blue-collar,married,secondary,no,-77,yes,no,cellular,20,nov,2,175,2,failure,0,older
blue-collar,married,secondary,no,-663,yes,no,cellular,22,nov,1,-1,0,unknown,0,young
blue-collar,married,primary,no,522,no,no,unknown,7,jun,4,-1,0,unknown,0,older
blue-collar,married,secondary,no,745,no,no,cellular,4,jul,1,-1,0,unknown,0,young
technician,single,tertiary,no,581,yes,no,unknown,8,jun,2,-1,0,unknown,0,young
blue-collar,married,secondary,no,584,no,no,cellular,13,aug,3,-1,0,unknown,0,young
retired,married,primary,no,1128,no,no,unknown,16,may,3,-1,0,unknown,0,older
admin.,married,secondary,no,1068,no,no,cellular,27,feb,1,88,2,success,1,older
management,married,tertiary,no,-277,no,no,cellular,19,feb,1,-1,0,unknown,1,older
retired,married,primary,no,344,yes,no,cellular,19,jul,2,-1,0,unknown,0,older
admin.,married,secondary,no,864,yes,no,cellular,20,aug,1,86,0,unknown,0,older
management,single,tertiary,no,1903,no,no,cellular,20,aug,3,190,2,success,1,young
admin.,single,secondary,no,1100,no,no,cellular,17,jul,2,-1,0,unknown,0,young
management,single,tertiary,no,168,yes,no,cellular,14,aug,1,-1,0,unknown,0,young
admin.,single,secondary,no,-16,no,no,cellular,8,nov,2,-1,0,unknown,0,young
self-employed,single,tertiary,no,220,yes,no,cellular,5,apr,1,-1,0,unknown,0,young
management,married,tertiary,no,694,no,no,cellular,17,nov,1,-1,0,unknown,0,young
technician,single,secondary,no,1249,no,no,unknown,6,jun,3,-1,0,unknown,0,young
admin.,married,secondary,no,1005,no,no,cellular,20,oct,1,-1,0,unknown,0,older
services,married,secondary,no,20,no,no,unknown,2,jun,2,-1,0,unknown,0,young
technician,married,secondary,no,339,yes,no,cellular,17,apr,1,168,1,failure,0,older
management,married,tertiary,no,621,yes,no,cellular,17,nov,3,-1,0,unknown,0,older
management,married,tertiary,no,1121,no,no,cellular,20,aug,1,88,5,success,1,older
blue-collar,married,secondary,no,1058,no,no,unknown,3,jun,2,-1,0,unknown,0,young
blue-collar,married,secondary,no,403,yes,no,unknown,17,jun,2,-1,0,unknown,0,older
blue-collar,married,secondary,no,-141,no,no,unknown,6,jun,2,-1,0,unknown,0,young
admin.,single,secondary,no,933,yes,no,unknown,14,may,5,-1,0,unknown,0,young
blue-collar,married,secondary,no,458,yes,no,cellular,3,jul,2,-1,0,unknown,0,older
blue-collar,single,primary,no,324,yes,no,cellular,20,may,4,-1,0,unknown,0,young
management,married,tertiary,no,42,yes,no,cellular,10,jul,2,-1,0,unknown,0,young
entrepreneur,married,tertiary,no,803,yes,no,cellular,3,apr,2,-1,0,unknown,0,older
services,married,secondary,no,650,yes,no,unknown,4,may,2,-1,0,unknown,0,young
technician,single,tertiary,no,292,no,no,cellular,13,jul,2,-1,0,unknown,0,young
blue-collar,married,primary,no,1212,yes,no,unknown,6,jun,2,-1,0,unknown,0,older
management,married,primary,no,775,yes,no,unknown,16,may,2,-1,0,unknown,0,older
management,married,tertiary,no,480,no,no,cellular,1,apr,3,-1,0,unknown,0,older
management,single,tertiary,no,17,yes,no,cellular,2,jun,2,-1,0,unknown,0,young
technician,single,secondary,no,319,yes,no,cellular,14,may,2,-1,0,unknown,1,young
technician,married,secondary,no,679,no,no,cellular,3,feb,4,-1,0,unknown,0,young
technician,married,secondary,no,497,no,no,cellular,13,aug,1,-1,0,unknown,0,older
management,married,tertiary,no,1145,yes,no,cellular,18,aug,5,-1,0,unknown,0,older
admin.,married,secondary,no,933,yes,no,cellular,20,jul,4,-1,0,unknown,0,young
entrepreneur,married,secondary,no,-18,no,no,cellular,2,nov,1,-1,0,unknown,0,older
blue-collar,single,secondary,no,-292,no,no,cellular,12,aug,6,-1,0,unknown,0,young
services,married,secondary,no,833,yes,no,cellular,16,may,1,363,1,failure,0,young
services,married,secondary,no,887,no,no,cellular,23,nov,1,-1,0,unknown,0,young
services,married,secondary,no,1117,yes,no,cellular,18,jul,5,-1,0,unknown,0,older
blue-collar,single,secondary,no,987,no,no,cellular,6,feb,1,89,3,success,0,young
blue-collar,single,primary,no,19,no,no,cellular,6,jul,2,-1,0,unknown,0,young
technician,married,secondary,no,428,yes,no,cellular,16,aug,5,-1,0,unknown,0,older
technician,married,secondary,no,210,yes,no,cellular,15,jan,2,-1,0,unknown,0,older
technician,single,secondary,no,-16,no,no,cellular,24,aug,2,-1,0,unknown,0,young
management,married,tertiary,no,127,no,no,cellular,28,aug,2,-1,0,unknown,0,young
management,married,tertiary,no,91,no,no,cellular,20,aug,6,-1,0,unknown,0,older
management,married,tertiary,no,-20,yes,no,cellular,15,nov,1,-1,0,unknown,0,older
management,married,tertiary,no,144,yes,no,unknown,2,jun,2,-1,0,unknown,0,older
technician,married,secondary,no,174,no,no,cellular,29,aug,1,-1,0,unknown,0,older
services,single,secondary,no,188,yes,no,unknown,2,may,2,-1,0,unknown,0,young
retired,married,secondary,no,5,yes,no,unknown,16,may,2,-1,0,unknown,0,older
admin.,married,secondary,no,537,yes,no,cellular,20,aug,1,81,1,failure,0,older
management,married,tertiary,no,1475,no,no,cellular,28,aug,1,-1,0,unknown,1,older
blue-collar,married,secondary,no,441,yes,no,unknown,2,may,5,-1,0,unknown,0,young
services,married,secondary,no,351,no,no,cellular,27,jan,1,-1,0,unknown,0,young
management,married,tertiary,no,1511,no,no,cellular,20,aug,2,-1,0,unknown,0,young
technician,married,secondary,no,633,no,no,cellular,19,aug,5,-1,0,unknown,0,young
retired,married,secondary,no,1028,yes,no,cellular,19,aug,3,185,0,failure,0,older
services,single,secondary,no,283,yes,no,cellular,14,may,2,-1,0,unknown,0,young
admin.,married,secondary,no,-25,no,no,cellular,10,jul,2,-1,0,unknown,0,older
management,single,tertiary,no,-44,yes,no,cellular,9,may,2,-1,0,unknown,0,young
technician,married,secondary,no,977,yes,no,unknown,19,jun,3,-1,0,unknown,0,young
management,married,tertiary,no,573,yes,no,cellular,19,apr,1,106,1,failure,1,young
admin.,married,secondary,no,377,yes,no,cellular,5,apr,1,185,2,failure,0,older
admin.,married,secondary,no,130,yes,no,unknown,16,jun,4,-1,0,unknown,0,young
technician,married,secondary,no,692,no,no,cellular,28,aug,5,-1,0,unknown,0,older
technician,married,secondary,no,95,yes,no,cellular,23,aug,3,-1,0,unknown,0,young
services,married,secondary,no,210,no,no,cellular,17,aug,5,-1,0,unknown,0,young
admin.,married,secondary,no,957,yes,no,cellular,3,may,2,-1,0,unknown,0,older
technician,married,secondary,no,1089,no,no,cellular,12,aug,2,-1,0,unknown,0,older
blue-collar,married,primary,no,116,yes,no,unknown,3,jun,5,-1,0,unknown,0,older
retired,married,primary,no,2562,no,no,cellular,2,aug,1,-1,0,unknown,0,older
services,married,secondary,no,866,no,no,cellular,29,oct,1,-1,0,unknown,1,young
technician,married,secondary,no,1128,no,no,unknown,8,may,4,-1,0,unknown,0,young
services,married,secondary,no,-98,no,no,cellular,3,jul,2,-1,0,unknown,0,young
blue-collar,married,secondary,no,290,yes,no,cellular,5,may,1,256,2,failure,0,young
services,married,secondary,no,799,no,no,cellular,19,aug,2,-1,0,unknown,0,young
admin.,married,secondary,no,712,yes,no,cellular,20,aug,4,-1,0,success,0,older
blue-collar,married,secondary,no,-98,yes,no,cellular,19,apr,1,352,0,failure,0,older
services,single,secondary,no,757,no,no,cellular,7,jul,3,-1,0,unknown,0,young
technician,married,secondary,no,840,yes,no,cellular,12,aug,4,-1,0,unknown,0,young
admin.,married,secondary,no,7,yes,no,unknown,28,may,2,-1,0,unknown,0,older
services,married,secondary,no,305,yes,no,cellular,16,apr,1,-1,0,unknown,0,young
self-employed,single,tertiary,no,1220,no,no,cellular,31,aug,1,80,1,success,1,young
student,single,tertiary,no,752,no,no,cellular,28,apr,2,-1,0,unknown,1,young
management,married,tertiary,no,-9,yes,no,cellular,21,jul,2,-1,0,unknown,0,young
admin.,married,secondary,no,764,yes,no,unknown,7,may,2,-1,0,unknown,0,older
retired,married,secondary,no,2505,no,no,cellular,29,aug,4,90,0,success,1,older
admin.,married,secondary,no,691,no,no,cellular,13,jul,5,-1,0,unknown,0,older
management,married,tertiary,no,-118,yes,no,cellular,21,aug,3,-1,0,unknown,0,young
admin.,married,secondary,no,439,yes,no,cellular,20,nov,1,90,1,failure,0,older
management,married,tertiary,no,681,no,no,cellular,6,may,1,278,1,failure,1,older
technician,married,secondary,no,352,no,no,cellular,5,feb,4,-1,0,unknown,0,young
retired,married,primary,no,397,no,no,cellular,7,aug,6,-1,0,unknown,0,older
technician,married,secondary,no,685,no,no,cellular,18,aug,5,-1,0,unknown,0,young
technician,married,secondary,no,-166,no,no,cellular,20,aug,3,-1,0,unknown,0,older
technician,married,secondary,no,1167,yes,no,cellular,22,nov,1,189,3,failure,0,older
technician,married,tertiary,no,865,yes,no,cellular,22,nov,1,-1,0,unknown,0,young
blue-collar,married,primary,no,144,yes,no,unknown,11,may,2,-1,0,unknown,0,young
management,married,tertiary,no,2157,no,no,cellular,28,aug,5,90,4,success,1,young
technician,single,secondary,no,317,yes,no,cellular,22,jul,2,-1,0,unknown,0,young
technician,single,secondary,no,171,yes,no,unknown,13,may,2,-1,0,unknown,0,young
technician,single,secondary,no,633,no,no,cellular,20,aug,4,-1,0,unknown,0,young
entrepreneur,married,tertiary,no,72,yes,no,cellular,11,may,2,-1,0,unknown,0,older
technician,married,secondary,no,848,no,no,cellular,18,jul,2,-1,0,unknown,0,older
admin.,single,secondary,no,-9,no,no,cellular,24,nov,1,-1,0,unknown,0,young
admin.,married,secondary,no,390,yes,no,unknown,23,jun,2,-1,0,unknown,0,older
services,married,secondary,no,337,yes,no,cellular,15,may,4,-1,0,unknown,0,young
blue-collar,married,secondary,no,189,yes,no,unknown,16,jun,2,-1,0,unknown,0,young
management,married,tertiary,no,720,no,no,cellular,6,apr,1,108,1,failure,1,older
management,married,tertiary,no,2720,no,no,cellular,27,aug,5,94,4,success,1,older
management,married,tertiary,no,-244,no,no,cellular,20,jul,1,-1,0,unknown,0,young
blue-collar,married,secondary,no,920,yes,no,unknown,14,jun,4,-1,0,unknown,0,young
technician,married,secondary,no,777,yes,no,cellular,15,aug,2,-1,0,unknown,0,young
technician,married,secondary,no,126,yes,no,cellular,18,jul,5,-1,0,unknown,0,older
retired,married,primary,no,656,no,no,cellular,17,jan,1,-1,0,unknown,0,older
management,married,tertiary,no,-158,yes,no,cellular,20,nov,1,-1,0,unknown,0,older
technician,married,secondary,no,234,yes,no,cellular,28,aug,1,-1,0,unknown,0,young
blue-collar,married,secondary,no,466,yes,no,unknown,14,jun,5,-1,0,unknown,0,older
technician,married,secondary,no,1556,no,no,cellular,20,aug,2,-1,0,unknown,0,young
blue-collar,married,primary,no,665,yes,no,unknown,13,may,2,-1,0,unknown,0,older
management,married,tertiary,no,924,yes,no,unknown,5,jun,2,-1,0,unknown,0,young
blue-collar,married,primary,no,704,yes,no,cellular,13,may,5,-1,0,unknown,0,older
technician,married,secondary,no,976,no,no,cellular,11,aug,5,-1,0,unknown,0,older
blue-collar,married,secondary,no,68,yes,no,cellular,17,apr,2,-1,0,unknown,0,young
admin.,single,secondary,no,560,yes,no,cellular,20,nov,1,111,1,failure,0,young
admin.,single,secondary,no,433,yes,no,cellular,2,may,3,-1,0,unknown,0,young
housemaid,married,secondary,no,703,no,no,cellular,20,aug,1,-1,0,unknown,0,older
blue-collar,married,secondary,no,878,yes,no,unknown,10,jun,2,-1,0,unknown,0,older
admin.,single,secondary,no,217,no,no,cellular,27,jul,6,-1,0,unknown,0,young
blue-collar,married,secondary,no,717,yes,no,unknown,6,jun,4,-1,0,unknown,0,young
technician,married,secondary,no,-78,yes,no,cellular,6,jul,2,-1,0,unknown,0,young
management,married,tertiary,no,313,yes,no,unknown,5,may,2,-1,0,unknown,0,older
blue-collar,married,primary,no,524,yes,no,cellular,8,may,3,-1,0,unknown,0,older
blue-collar,married,secondary,no,166,yes,no,unknown,17,may,2,-1,0,unknown,0,young
blue-collar,married,primary,no,1255,yes,no,cellular,26,apr,4,-1,0,unknown,0,young
services,married,secondary,no,731,no,no,cellular,28,jan,1,-1,0,unknown,0,older
blue-collar,married,primary,no,1038,yes,no,cellular,15,may,2,-1,0,unknown,0,older
technician,married,secondary,no,607,no,no,cellular,13,aug,2,100,7,success,0,older
technician,married,secondary,no,416,yes,no,cellular,19,aug,4,182,4,success,0,young
technician,married,secondary,no,485,yes,no,cellular,4,apr,1,131,0,success,1,young
services,married,secondary,no,-595,yes,no,cellular,13,may,4,-1,0,unknown,0,young
admin.,married,secondary,no,533,no,no,cellular,25,jul,2,-1,0,unknown,0,young
retired,married,primary,no,1927,no,no,telephone,30,nov,1,168,2,failure,0,older
management,married,tertiary,no,224,yes,no,cellular,15,apr,4,-1,0,unknown,0,young
admin.,married,secondary,no,793,yes,no,cellular,18,aug,3,-1,0,unknown,0,young
blue-collar,single,primary,no,212,yes,no,unknown,14,may,22,-1,0,unknown,0,young
blue-collar,married,secondary,no,330,yes,no,cellular,18,nov,2,-1,0,unknown,0,older
management,married,tertiary,no,378,no,no,cellular,27,aug,2,-1,0,unknown,1,older
technician,married,secondary,no,177,yes,no,cellular,17,nov,1,153,1,failure,0,young
management,married,tertiary,no,409,yes,no,cellular,24,may,3,-1,0,unknown,0,older
unemployed,married,secondary,no,596,no,no,cellular,1,feb,4,-1,0,unknown,0,older
technician,married,secondary,no,-46,yes,yes,cellular,9,jul,2,-1,0,unknown,0,older
student,single,secondary,no,-924,no,no,cellular,25,jul,2,-1,0,unknown,0,young
management,married,tertiary,no,203,yes,no,cellular,20,nov,1,97,6,failure,0,young
technician,married,secondary,no,523,no,no,cellular,29,aug,3,-1,0,unknown,0,young
admin.,married,secondary,no,35,yes,no,unknown,4,may,5,-1,0,unknown,0,older
blue-collar,married,secondary,no,80,no,no,cellular,20,nov,1,-1,0,unknown,0,young
services,single,secondary,no,-240,no,no,unknown,26,jun,4,-1,0,unknown,0,young
student,single,secondary,no,421,no,no,cellular,18,feb,4,-1,0,unknown,0,young
retired,married,secondary,no,686,no,no,cellular,12,aug,2,-1,0,unknown,0,older
admin.,married,secondary,no,884,no,no,cellular,25,jul,2,-1,0,unknown,0,older
management,married,tertiary,no,-36,yes,no,cellular,15,may,4,-1,0,unknown,0,older
services,married,secondary,no,821,yes,no,cellular,19,nov,1,-1,0,unknown,0,young
management,single,tertiary,no,672,no,no,unknown,19,jun,2,-1,0,unknown,0,young
blue-collar,married,primary,no,387,no,no,cellular,17,jan,1,-1,0,unknown,0,older
services,single,secondary,no,135,yes,no,cellular,13,aug,3,-1,0,unknown,0,young
services,married,secondary,no,1647,yes,no,unknown,16,may,2,-1,0,unknown,0,older
blue-collar,married,secondary,no,294,yes,no,unknown,7,jun,2,-1,0,unknown,0,older
technician,married,tertiary,no,435,no,no,cellular,19,aug,3,-1,0,unknown,0,young
blue-collar,married,primary,no,138,yes,no,cellular,22,jul,4,-1,0,unknown,0,older
admin.,single,secondary,no,326,yes,no,unknown,13,may,2,-1,0,unknown,0,young
admin.,married,secondary,no,-35,yes,no,unknown,4,jun,4,-1,0,unknown,0,young
blue-collar,single,secondary,no,1042,no,no,cellular,8,aug,1,-1,0,unknown,0,young
technician,married,secondary,no,12,no,no,cellular,27,aug,6,-1,0,unknown,0,older
technician,single,secondary,no,-71,yes,no,cellular,19,may,1,362,7,failure,0,young
retired,married,secondary,no,787,yes,no,cellular,14,aug,5,-1,0,unknown,0,older
management,married,tertiary,no,677,yes,no,unknown,4,may,5,-1,0,unknown,0,older
technician,single,secondary,no,-523,yes,no,cellular,14,jul,4,-1,0,unknown,0,young
blue-collar,married,primary,no,1167,yes,no,cellular,13,may,1,346,2,failure,0,older
admin.,married,secondary,no,265,yes,no,cellular,12,jul,3,-1,0,unknown,0,young
services,married,secondary,no,662,no,no,unknown,13,jun,2,-1,0,unknown,0,older
admin.,single,secondary,no,1169,no,no,cellular,8,nov,2,-1,0,unknown,0,young
technician,married,secondary,no,908,no,no,unknown,5,jun,2,-1,0,unknown,0,young
admin.,single,secondary,no,792,yes,no,cellular,19,jul,2,-1,0,unknown,0,young
technician,married,secondary,no,388,no,no,cellular,1,nov,4,-1,0,unknown,0,older
admin.,single,secondary,no,1210,yes,no,cellular,21,jul,2,-1,0,unknown,0,young
retired,married,primary,no,1036,no,no,cellular,18,nov,1,-1,0,unknown,0,older
management,single,tertiary,no,452,no,no,cellular,5,may,5,130,1,success,1,young
blue-collar,single,secondary,no,553,no,no,cellular,8,jul,6,-1,0,unknown,0,young
admin.,married,secondary,no,-409,yes,no,cellular,11,may,2,-1,0,unknown,0,older
blue-collar,married,secondary,no,361,yes,no,cellular,7,may,4,-1,0,unknown,0,young
management,single,tertiary,no,301,yes,no,cellular,3,may,1,134,5,failure,0,young
admin.,married,secondary,no,884,no,no,cellular,6,aug,1,87,0,unknown,0,young
technician,single,secondary,no,310,yes,no,unknown,6,jun,2,-1,0,unknown,0,young
technician,married,tertiary,no,1204,yes,no,unknown,20,may,2,-1,0,unknown,0,young
admin.,married,secondary,no,563,yes,no,cellular,16,nov,2,-1,0,unknown,0,young
blue-collar,married,secondary,no,900,no,no,cellular,29,aug,1,94,1,success,0,older
blue-collar,married,secondary,no,801,yes,no,cellular,2,nov,1,-1,0,unknown,0,older
management,married,tertiary,no,518,no,no,cellular,19,aug,1,-1,0,unknown,0,older
management,single,tertiary,no,453,yes,no,cellular,20,may,5,-1,0,unknown,0,young
housemaid,married,secondary,no,56,no,no,cellular,28,jul,2,-1,0,unknown,0,older
blue-collar,married,primary,no,27,yes,no,cellular,12,may,1,339,1,failure,0,older
admin.,married,secondary,no,203,yes,no,cellular,15,may,2,-1,0,unknown,0,older
technician,married,secondary,no,766,no,no,cellular,23,aug,1,-1,0,unknown,0,older
technician,married,secondary,no,-6,no,no,unknown,27,jun,2,-1,0,unknown,0,young
blue-collar,married,primary,no,65,no,no,cellular,5,jul,2,-1,0,unknown,0,older
blue-collar,single,primary,no,115,yes,no,cellular,24,jul,2,-1,0,unknown,0,young
management,married,tertiary,no,-2,yes,no,cellular,12,may,4,-1,0,unknown,0,older
management,single,tertiary,no,484,no,no,cellular,23,aug,5,-1,0,unknown,0,young
technician,married,secondary,no,453,yes,no,cellular,13,aug,4,-1,0,unknown,0,older
management,married,tertiary,no,58,no,no,unknown,20,jun,2,-1,0,unknown,0,older
blue-collar,married,secondary,no,149,yes,no,unknown,8,may,3,-1,0,unknown,0,young
housemaid,married,secondary,no,342,no,no,cellular,28,jan,1,-1,0,unknown,0,older
blue-collar,married,secondary,no,1272,yes,no,cellular,28,aug,1,-1,0,unknown,0,young
management,married,tertiary,no,-434,no,no,cellular,3,oct,1,125,1,success,1,young
technician,single,secondary,no,858,yes,no,cellular,24,jul,2,-1,0,unknown,0,young
entrepreneur,married,secondary,no,379,yes,no,cellular,16,jul,2,-1,0,unknown,0,older
technician,married,tertiary,no,642,no,no,cellular,21,aug,4,84,4,success,1,older
admin.,married,secondary,no,792,yes,no,cellular,21,nov,1,68,1,failure,0,young
services,single,secondary,no,-84,yes,no,cellular,15,may,2,346,2,failure,0,young
entrepreneur,married,tertiary,no,-121,yes,no,cellular,2,feb,2,-1,0,unknown,0,young
management,married,tertiary,no,85,yes,no,cellular,29,may,2,258,2,failure,0,older
management,single,tertiary,no,-608,no,no,cellular,10,sep,2,-1,0,unknown,0,young
retired,married,primary,no,1202,no,no,unknown,2,jun,2,-1,0,unknown,0,older
management,married,tertiary,no,484,yes,no,cellular,7,feb,2,164,2,failure,0,young
blue-collar,married,primary,no,1331,yes,no,cellular,16,jul,2,-1,0,unknown,0,older
technician,married,secondary,no,269,yes,no,cellular,17,nov,1,119,1,failure,0,young
technician,married,tertiary,no,129,no,no,cellular,19,may,2,-1,0,unknown,0,young
technician,married,secondary,no,705,yes,no,cellular,20,nov,1,-1,0,unknown,0,young
blue-collar,married,secondary,no,126,yes,no,unknown,1,jun,2,-1,0,unknown,0,young
technician,married,tertiary,no,135,no,no,cellular,8,may,2,-1,0,unknown,1,older
blue-collar,married,primary,no,385,yes,no,unknown,12,jun,2,-1,0,unknown,0,older
blue-collar,married,secondary,no,336,yes,no,cellular,19,apr,2,-1,0,unknown,0,older
technician,married,secondary,no,642,yes,no,cellular,20,nov,1,-1,0,unknown,0,young
retired,married,secondary,no,150,yes,no,cellular,18,nov,5,-1,0,unknown,0,older
blue-collar,single,secondary,no,-693,yes,no,cellular,20,nov,1,0,0,unknown,0,young
blue-collar,married,secondary,no,941,yes,no,cellular,4,may,2,265,6,failure,0,young
blue-collar,married,secondary,no,354,no,no,cellular,20,aug,3,189,2,failure,0,young
management,married,tertiary,no,-618,no,no,cellular,25,may,5,-1,0,unknown,0,young
blue-collar,married,secondary,no,-18,yes,no,cellular,21,apr,1,-1,0,unknown,1,young
admin.,single,secondary,no,782,no,no,cellular,9,sep,1,-1,0,unknown,0,young
unknown,married,secondary,no,1264,no,no,cellular,26,aug,1,106,3,success,1,older
management,married,tertiary,no,890,no,no,cellular,20,nov,3,-1,0,unknown,0,older
management,single,tertiary,no,445,no,no,cellular,7,aug,5,-1,0,unknown,0,young
technician,married,secondary,no,346,yes,no,cellular,15,may,21,-1,0,unknown,0,young
entrepreneur,married,tertiary,no,-7,no,no,unknown,20,jun,2,-1,0,unknown,0,young
unknown,married,secondary,no,549,no,no,cellular,29,jul,2,-1,0,unknown,0,older
blue-collar,married,primary,no,703,no,no,cellular,14,jul,4,-1,0,unknown,0,older
management,married,tertiary,no,560,no,no,cellular,5,feb,1,-1,0,unknown,1,young
services,married,secondary,no,-655,no,no,cellular,6,jul,4,-1,0,unknown,0,older
services,married,secondary,no,664,no,no,unknown,14,may,3,-1,0,unknown,0,older
management,single,tertiary,no,422,no,no,cellular,20,aug,3,97,2,success,1,young
services,married,secondary,no,698,no,no,cellular,24,aug,4,-1,0,unknown,0,young
admin.,married,secondary,no,47,no,no,unknown,15,jul,2,-1,0,unknown,0,young
services,single,secondary,no,358,yes,no,cellular,21,apr,4,-1,0,unknown,0,young
blue-collar,single,secondary,no,750,yes,no,cellular,9,jul,2,-1,0,unknown,0,young
services,single,secondary,no,373,no,no,cellular,12,aug,5,-1,0,unknown,0,young
admin.,single,secondary,no,389,no,no,cellular,13,jul,8,-1,0,unknown,0,young
blue-collar,married,secondary,no,282,no,no,cellular,24,aug,6,-1,0,unknown,0,young
technician,married,secondary,no,337,yes,no,cellular,17,may,4,-1,0,unknown,0,young
management,married,tertiary,no,224,yes,no,unknown,23,may,4,-1,0,unknown,0,young
admin.,single,secondary,no,293,no,no,cellular,6,jun,3,-1,0,unknown,0,young
management,married,tertiary,no,509,no,no,cellular,28,aug,4,-1,0,unknown,0,older
management,married,tertiary,no,10,no,no,unknown,15,may,3,-1,0,unknown,0,young
technician,married,secondary,no,33,no,no,cellular,8,may,2,-1,0,unknown,0,young
services,married,secondary,no,322,yes,no,cellular,16,may,2,-1,0,unknown,0,older
services,married,secondary,no,343,yes,no,cellular,29,aug,4,-1,0,unknown,0,older
admin.,single,secondary,no,1109,yes,no,unknown,8,may,2,-1,0,unknown,0,young
management,single,tertiary,no,146,yes,no,cellular,21,nov,2,117,3,failure,0,young
blue-collar,married,secondary,no,44,no,no,cellular,4,may,4,-1,0,unknown,0,older
technician,married,secondary,no,460,yes,no,cellular,14,may,12,-1,0,unknown,0,young
management,single,tertiary,no,849,no,no,cellular,5,nov,1,-1,0,unknown,0,young
management,married,tertiary,no,549,no,no,cellular,10,may,2,-1,0,unknown,0,older
management,married,tertiary,no,-48,yes,no,cellular,21,jul,3,-1,0,unknown,0,older
technician,single,secondary,no,625,yes,no,unknown,16,may,4,-1,0,unknown,0,young
admin.,married,secondary,no,-11,no,no,cellular,8,jul,2,-1,0,unknown,0,young
housemaid,married,secondary,no,679,no,no,cellular,6,nov,1,-1,0,unknown,1,older
management,married,tertiary,no,661,yes,no,unknown,7,jun,3,-1,0,unknown,0,young
technician,married,secondary,no,40,yes,no,cellular,20,jul,2,-1,0,unknown,0,young
blue-collar,single,secondary,no,548,yes,no,unknown,22,jun,18,-1,0,unknown,0,young
self-employed,married,tertiary,no,887,no,no,cellular,8,jun,3,-1,0,unknown,0,young
technician,married,secondary,no,174,no,no,cellular,5,sep,1,92,6,success,1,older
technician,married,secondary,no,36,no,no,cellular,28,jun,3,-1,0,unknown,0,young
management,married,tertiary,no,711,yes,no,unknown,15,may,4,-1,0,unknown,0,young
blue-collar,married,primary,no,448,yes,no,unknown,21,jun,2,-1,0,unknown,0,older
blue-collar,married,secondary,no,-260,no,no,cellular,5,feb,4,-1,0,unknown,0,young
management,married,tertiary,no,728,no,no,cellular,4,feb,1,-1,0,unknown,0,older
technician,married,secondary,no,-141,no,no,cellular,3,feb,7,-1,0,unknown,0,older
admin.,single,secondary,no,986,no,no,cellular,6,feb,3,-1,0,unknown,0,young
technician,single,secondary,no,497,no,no,cellular,28,aug,1,-1,0,unknown,0,young
retired,married,primary,no,1075,yes,no,unknown,6,may,2,-1,0,unknown,0,older
technician,married,tertiary,no,648,no,no,cellular,29,aug,2,-1,0,unknown,0,young
admin.,single,secondary,no,303,no,no,unknown,4,may,4,-1,0,unknown,0,young
technician,married,secondary,no,-352,no,no,cellular,19,nov,1,-1,0,unknown,0,young
technician,married,secondary,no,16,no,no,cellular,27,jul,4,-1,0,unknown,0,older
admin.,married,secondary,no,755,yes,no,cellular,17,aug,3,178,0,failure,0,young
management,married,tertiary,no,1830,no,no,cellular,30,aug,1,103,2,success,1,older
management,married,tertiary,no,610,yes,no,unknown,6,may,2,-1,0,unknown,0,young
admin.,married,secondary,no,2,yes,yes,cellular,24,jul,1,-1,0,unknown,0,young
technician,married,secondary,no,471,yes,no,cellular,8,may,5,-1,0,unknown,0,young
retired,married,secondary,no,316,no,no,cellular,9,may,2,-1,0,unknown,0,older
retired,married,secondary,no,1258,no,no,cellular,13,may,2,-1,0,unknown,1,older
retired,married,secondary,no,702,no,no,cellular,30,jul,2,-1,0,unknown,0,older
blue-collar,married,primary,no,882,yes,no,unknown,22,jun,4,-1,0,unknown,0,older
housemaid,married,secondary,no,-37,no,no,cellular,24,aug,2,0,0,unknown,0,older
retired,married,primary,no,-93,no,no,cellular,20,nov,1,-1,0,unknown,0,older
blue-collar,single,secondary,no,1118,no,no,cellular,5,feb,1,118,4,failure,0,young
management,single,tertiary,no,199,yes,no,cellular,19,may,4,-1,0,unknown,0,young
blue-collar,married,secondary,no,243,no,no,cellular,21,aug,4,-1,0,unknown,0,young
technician,single,secondary,no,806,yes,no,cellular,15,may,2,-1,0,unknown,0,young
technician,single,tertiary,no,394,no,no,cellular,19,nov,1,-1,0,unknown,0,young
technician,single,tertiary,no,324,yes,no,unknown,7,jun,2,-1,0,unknown,0,young
technician,married,secondary,no,257,no,no,unknown,6,jun,3,-1,0,unknown,0,older
services,married,secondary,no,873,yes,no,cellular,14,may,6,-1,0,unknown,0,young
services,married,secondary,no,240,yes,no,unknown,26,may,2,-1,0,unknown,0,young
technician,married,secondary,no,-37,no,no,cellular,8,jul,1,-1,0,unknown,0,older
management,married,tertiary,no,451,no,no,cellular,19,aug,1,55,1,failure,0,older
blue-collar,married,secondary,no,842,no,no,cellular,13,jul,3,-1,0,unknown,0,young
blue-collar,married,primary,no,723,yes,no,cellular,16,aug,4,-1,0,unknown,0,older
admin.,married,secondary,no,1037,yes,no,cellular,16,apr,1,-1,0,unknown,0,young
blue-collar,single,primary,no,33,no,no,cellular,4,jun,3,-1,0,unknown,0,young
admin.,married,secondary,no,454,yes,no,unknown,15,jun,3,-1,0,unknown,0,older
admin.,married,secondary,no,1461,no,no,unknown,2,jun,4,-1,0,unknown,0,young
technician,married,secondary,no,643,no,no,cellular,20,aug,1,90,3,success,0,young
admin.,married,secondary,no,342,yes,no,cellular,18,nov,4,-1,0,unknown,0,young
management,married,tertiary,no,457,no,no,unknown,12,may,2,-1,0,unknown,0,older
admin.,single,secondary,no,884,no,no,cellular,7,feb,2,-1,0,unknown,0,young
technician,married,secondary,no,801,no,no,unknown,12,may,2,-1,0,unknown,0,older
management,single,tertiary,no,435,no,no,cellular,11,feb,3,-1,0,unknown,0,young
technician,married,secondary,no,581,yes,no,unknown,16,may,2,-1,0,unknown,0,older
blue-collar,married,primary,no,805,yes,no,cellular,21,may,6,-1,0,unknown,0,young
admin.,married,secondary,no,-316,yes,no,cellular,15,aug,1,-1,0,unknown,0,young
admin.,married,secondary,no,104,yes,no,cellular,13,may,2,356,5,failure,0,older
technician,married,secondary,no,247,yes,no,cellular,6,may,2,-1,0,unknown,0,young
management,married,tertiary,no,1315,yes,no,cellular,21,aug,4,92,4,success,1,young
blue-collar,married,primary,no,500,yes,no,cellular,17,apr,1,339,1,failure,0,older
technician,married,secondary,no,243,yes,no,cellular,7,nov,3,-1,0,unknown,0,young
blue-collar,married,secondary,no,-286,no,no,cellular,27,aug,2,-1,0,unknown,0,young
management,single,tertiary,no,1216,no,no,unknown,16,jun,4,-1,0,unknown,0,young
services,single,secondary,no,287,no,no,cellular,21,aug,3,-1,0,unknown,1,young
technician,married,secondary,no,496,yes,no,cellular,17,apr,2,333,2,failure,0,young
technician,married,secondary,no,501,yes,no,unknown,20,jun,4,-1,0,unknown,0,young
blue-collar,single,secondary,no,441,yes,no,cellular,21,apr,1,134,1,failure,0,young
management,married,tertiary,no,555,yes,no,cellular,26,jul,2,-1,0,unknown,0,older
retired,married,primary,no,1261,yes,no,cellular,5,may,2,-1,0,unknown,0,older
management,single,tertiary,no,874,no,no,cellular,13,aug,2,-1,0,unknown,0,young
management,single,tertiary,no,252,yes,no,unknown,7,may,2,-1,0,unknown,0,young
blue-collar,married,secondary,no,1077,no,no,cellular,9,jul,2,-1,0,unknown,0,young
technician,married,secondary,no,969,yes,no,unknown,19,may,2,-1,0,unknown,0,older
services,married,secondary,no,-161,yes,no,cellular,27,jul,4,-1,0,unknown,0,young
management,married,tertiary,no,556,no,no,cellular,18,aug,5,-1,0,unknown,0,older
admin.,married,secondary,no,294,yes,no,cellular,8,jul,2,-1,0,unknown,0,young
admin.,single,secondary,no,891,yes,no,unknown,20,jun,2,-1,0,unknown,0,young
management,married,tertiary,no,1663,no,no,cellular,7,oct,2,-1,0,unknown,1,older
admin.,married,secondary,no,233,yes,no,cellular,6,may,2,-1,0,unknown,1,young
blue-collar,married,primary,no,1102,yes,no,cellular,23,jul,2,-1,0,unknown,0,older
blue-collar,married,primary,no,546,yes,no,unknown,15,may,2,-1,0,unknown,0,young
admin.,married,secondary,no,985,no,no,cellular,7,aug,3,-1,0,unknown,0,young
admin.,married,secondary,no,634,no,no,cellular,19,aug,5,-1,0,unknown,0,young
blue-collar,married,secondary,no,715,yes,no,cellular,15,may,2,336,4,failure,0,young
technician,married,secondary,no,498,no,no,cellular,8,oct,1,-1,0,unknown,0,young
management,single,tertiary,no,761,no,no,cellular,5,apr,1,-1,0,unknown,1,young
housemaid,married,primary,no,240,no,no,cellular,17,jul,3,-1,0,unknown,0,older
blue-collar,married,primary,no,345,yes,no,cellular,23,apr,4,-1,0,unknown,0,older
admin.,married,secondary,no,1110,yes,no,unknown,8,jun,2,-1,0,unknown,0,older
services,married,secondary,no,954,no,no,unknown,4,jun,3,-1,0,unknown,0,older
technician,married,secondary,no,618,no,no,cellular,20,aug,3,-1,0,unknown,0,young
retired,married,secondary,no,644,yes,no,cellular,4,feb,2,-1,0,unknown,1,older
technician,married,secondary,no,962,no,no,cellular,3,jan,1,89,2,failure,0,young
student,single,secondary,no,759,no,no,cellular,5,may,1,89,1,success,1,young
blue-collar,married,secondary,no,111,no,no,unknown,12,may,7,-1,0,unknown,0,young
admin.,married,secondary,no,2,no,no,unknown,21,jul,2,-1,0,unknown,0,young
admin.,married,secondary,no,-482,no,no,cellular,26,jul,2,-1,0,unknown,0,older
admin.,married,secondary,no,855,yes,no,unknown,8,may,2,-1,0,unknown,0,older
student,single,tertiary,no,365,no,no,unknown,18,jun,4,-1,0,unknown,0,young
services,married,secondary,no,-41,no,no,cellular,8,jul,1,-1,0,unknown,0,young
technician,married,secondary,no,927,yes,no,cellular,12,aug,2,-1,0,unknown,0,older
technician,married,secondary,no,307,no,no,cellular,9,jul,3,-1,0,unknown,0,older
admin.,married,secondary,no,565,yes,no,unknown,20,jun,4,-1,0,unknown,0,young
admin.,married,secondary,no,349,no,no,cellular,20,nov,4,-1,0,unknown,0,young
technician,married,secondary,no,-684,yes,no,unknown,7,may,2,-1,0,unknown,0,older
technician,married,tertiary,no,1480,no,no,cellular,21,aug,4,-1,0,unknown,0,older
services,single,secondary,no,665,no,no,cellular,5,aug,2,-1,0,unknown,0,young
student,single,secondary,no,-65,yes,no,unknown,21,jun,5,-1,0,unknown,0,young
admin.,married,secondary,no,591,no,no,cellular,25,jul,3,-1,0,unknown,0,young
admin.,married,secondary,no,380,no,no,cellular,3,oct,1,-1,0,unknown,0,young
admin.,married,secondary,no,-344,yes,no,cellular,16,jul,4,-1,0,unknown,0,young
services,married,secondary,no,-366,no,no,unknown,15,jun,3,-1,0,unknown,0,young
housemaid,married,primary,no,390,no,no,unknown,15,may,2,-1,0,unknown,0,older
student,single,tertiary,no,160,yes,no,cellular,16,jul,2,-1,0,unknown,0,young
blue-collar,single,secondary,no,362,no,no,cellular,25,jul,3,-1,0,unknown,0,young
management,single,tertiary,no,57,yes,no,unknown,9,may,2,-1,0,unknown,0,young
technician,married,secondary,no,494,yes,no,cellular,23,jul,2,-1,0,unknown,0,older
technician,married,secondary,no,536,no,no,cellular,28,aug,4,-1,0,unknown,0,older
admin.,single,secondary,no,260,yes,no,unknown,9,jun,2,-1,0,unknown,0,young
technician,married,secondary,no,143,yes,no,unknown,29,jun,2,-1,0,unknown,0,young
services,married,secondary,no,321,yes,no,unknown,2,jun,2,-1,0,unknown,0,young
technician,married,secondary,no,809,yes,no,cellular,1,feb,2,-1,0,unknown,0,older
services,married,secondary,no,-89,yes,no,cellular,18,nov,3,-1,0,unknown,0,older
unknown,married,secondary,no,118,no,no,unknown,15,jun,2,-1,0,unknown,0,older
admin.,married,secondary,no,-38,yes,no,cellular,14,aug,1,-1,0,unknown,0,young
blue-collar,married,secondary,no,491,yes,no,cellular,16,aug,2,155,1,failure,0,older
management,single,tertiary,no,186,yes,no,cellular,31,aug,3,-1,0,unknown,0,young
student,single,secondary,no,433,yes,no,unknown,4,may,2,-1,0,unknown,0,young
blue-collar,single,secondary,no,866,yes,no,cellular,19,may,3,353,4,failure,0,young
blue-collar,married,primary,no,93,yes,no,unknown,19,may,5,-1,0,unknown,0,young
management,married,tertiary,no,410,no,no,unknown,17,jun,2,-1,0,unknown,0,young
admin.,married,secondary,no,268,no,no,unknown,1,jun,4,-1,0,unknown,0,older
blue-collar,married,secondary,no,320,yes,no,unknown,26,may,2,-1,0,unknown,0,young
blue-collar,married,primary,no,739,yes,no,cellular,20,nov,2,297,1,failure,0,older
management,married,primary,no,8,no,no,cellular,26,jul,7,-1,0,unknown,0,older
blue-collar,single,primary,no,569,yes,no,cellular,14,may,2,-1,0,unknown,0,young
management,married,tertiary,no,41,no,no,cellular,6,may,3,-1,0,unknown,0,older
technician,married,tertiary,no,491,yes,no,cellular,27,apr,2,-1,0,unknown,0,young
housemaid,married,secondary,no,855,no,no,unknown,27,jun,4,-1,0,unknown,0,older
services,single,secondary,no,-355,no,no,unknown,9,jun,10,-1,0,unknown,0,young
retired,married,secondary,no,-33,no,no,cellular,5,jul,2,-1,0,unknown,0,older
blue-collar,single,secondary,no,19,yes,no,cellular,12,may,3,-1,0,unknown,0,young
retired,married,primary,no,783,yes,no,cellular,18,may,4,-1,0,unknown,0,older
admin.,married,secondary,no,381,no,no,cellular,26,aug,4,-1,0,unknown,0,older
blue-collar,married,primary,no,358,yes,no,unknown,2,jun,2,-1,0,unknown,0,young
self-employed,single,tertiary,no,1025,no,no,unknown,1,jun,2,-1,0,unknown,0,young
services,single,secondary,no,951,yes,no,cellular,29,nov,1,177,1,failure,0,young
management,single,tertiary,no,579,no,no,cellular,19,aug,1,93,3,success,1,young
blue-collar,married,primary,no,548,no,no,cellular,19,aug,2,-1,0,unknown,0,older
management,single,tertiary,no,-58,yes,no,cellular,12,aug,2,-1,0,unknown,0,young
management,single,tertiary,no,-1,yes,no,cellular,5,apr,2,-1,0,unknown,0,young
technician,married,secondary,no,-42,no,no,cellular,20,aug,4,-1,0,unknown,0,older
management,married,tertiary,no,1508,no,no,cellular,28,oct,2,-1,0,unknown,1,older
services,married,secondary,no,251,yes,no,unknown,12,jun,21,-1,0,unknown,0,young
technician,married,secondary,no,1021,no,no,cellular,18,aug,2,-1,0,unknown,0,young
admin.,married,secondary,no,1048,no,no,unknown,8,jun,2,-1,0,unknown,0,older
entrepreneur,married,secondary,no,669,yes,no,unknown,9,jun,2,-1,0,unknown,0,older
management,married,primary,no,995,no,no,unknown,2,jun,2,-1,0,unknown,0,older
management,single,tertiary,no,2938,no,no,cellular,20,aug,7,71,4,success,1,young
technician,married,secondary,no,96,yes,no,cellular,14,may,2,-1,0,unknown,0,young
blue-collar,married,secondary,no,738,yes,no,unknown,19,jun,3,-1,0,unknown,0,young
technician,married,secondary,no,-27,yes,no,cellular,16,nov,1,-1,0,unknown,0,older
management,married,tertiary,no,156,yes,no,unknown,2,jun,2,-1,0,unknown,0,young
admin.,married,secondary,no,170,no,no,cellular,22,feb,6,-1,0,unknown,0,young
blue-collar,married,primary,no,284,yes,no,unknown,20,may,2,-1,0,unknown,0,older
blue-collar,married,secondary,no,885,no,no,cellular,7,nov,4,-1,0,unknown,0,older
blue-collar,married,primary,no,310,no,no,cellular,2,nov,2,-1,0,unknown,0,young
management,married,tertiary,no,1131,yes,no,cellular,15,aug,4,-1,0,unknown,0,older
technician,married,secondary,no,1029,no,no,cellular,28,sep,1,99,3,success,1,older
technician,married,secondary,no,-176,yes,no,cellular,25,jul,4,-1,0,unknown,0,young
blue-collar,married,secondary,no,1123,no,no,cellular,12,may,1,278,3,failure,0,older
management,single,tertiary,no,239,no,no,cellular,22,aug,1,80,3,failure,0,young
services,married,secondary,no,668,yes,no,cellular,10,jul,4,-1,0,unknown,0,older
blue-collar,married,primary,no,341,no,no,cellular,8,jul,2,-1,0,unknown,0,older
admin.,married,secondary,no,730,yes,no,cellular,29,aug,3,179,0,unknown,0,young
technician,married,secondary,no,451,yes,no,unknown,27,jun,3,-1,0,unknown,0,young
technician,single,tertiary,no,214,yes,no,cellular,6,apr,1,-1,0,unknown,0,young
services,married,secondary,no,-121,yes,no,unknown,20,jun,2,-1,0,unknown,0,older
blue-collar,married,primary,no,-159,yes,no,unknown,3,jun,24,-1,0,unknown,0,young
blue-collar,married,primary,no,582,no,no,unknown,16,may,3,-1,0,unknown,0,older
admin.,married,secondary,no,-358,yes,no,cellular,6,jul,2,-1,0,unknown,0,older
management,married,tertiary,no,-25,yes,no,cellular,13,may,2,-1,0,unknown,0,older
blue-collar,married,secondary,no,866,yes,no,cellular,12,apr,4,-1,0,unknown,0,young
management,married,tertiary,no,213,no,no,cellular,4,nov,2,-1,0,unknown,0,young
housemaid,married,secondary,no,-23,no,no,cellular,12,aug,2,-1,0,unknown,0,older
technician,married,secondary,no,547,no,no,cellular,4,feb,2,-1,0,unknown,0,young
student,single,secondary,no,210,no,no,cellular,14,may,1,271,3,failure,0,young
admin.,married,secondary,no,271,no,no,cellular,10,oct,1,-1,0,unknown,1,older
housemaid,married,secondary,no,-265,no,no,cellular,16,jul,2,-1,0,unknown,0,older
admin.,single,secondary,no,350,no,no,cellular,2,nov,1,-1,0,unknown,0,young
management,single,tertiary,no,843,yes,no,cellular,5,may,1,337,1,failure,0,young
technician,married,secondary,no,27,yes,no,cellular,17,jul,2,-1,0,unknown,0,young
technician,married,secondary,no,-28,yes,no,unknown,14,may,2,-1,0,unknown,0,young
services,married,secondary,no,17,no,no,cellular,12,jan,1,-1,0,unknown,0,older
technician,married,secondary,no,-32,yes,no,cellular,19,jul,2,-1,0,unknown,0,older
retired,married,primary,no,825,no,no,cellular,11,aug,2,-1,0,unknown,0,older
services,single,secondary,no,501,yes,no,cellular,6,jan,1,126,6,failure,0,young
management,married,tertiary,no,2184,yes,no,cellular,20,aug,5,-1,3,success,1,older
technician,single,secondary,no,173,no,no,cellular,18,nov,1,123,1,success,1,young
technician,married,secondary,no,-11,no,no,unknown,14,may,2,-1,0,unknown,0,older
services,married,secondary,no,458,yes,no,cellular,17,jul,2,-1,0,unknown,0,young
technician,married,tertiary,no,5,no,no,cellular,19,aug,1,96,1,success,1,older
blue-collar,married,secondary,no,30,no,no,unknown,26,may,2,-1,0,unknown,0,young
admin.,married,secondary,no,341,yes,no,cellular,3,jul,4,-1,0,unknown,0,older
blue-collar,married,secondary,no,50,yes,no,cellular,13,may,4,-1,0,unknown,0,young
admin.,married,secondary,no,5,no,no,cellular,6,jul,1,-1,0,unknown,0,older
retired,married,secondary,no,1925,no,no,cellular,28,aug,2,-1,0,unknown,1,older
blue-collar,married,primary,no,478,yes,no,cellular,20,aug,2,158,2,failure,0,older
management,married,tertiary,no,1891,no,no,cellular,27,aug,5,99,4,success,1,older
services,married,secondary,no,382,yes,no,cellular,13,may,2,-1,0,unknown,0,older
technician,married,secondary,no,594,yes,no,unknown,16,jun,3,-1,0,unknown,0,older
technician,married,secondary,no,187,yes,no,cellular,7,may,2,297,7,failure,0,young
technician,single,secondary,no,420,yes,no,cellular,15,apr,1,-1,0,unknown,0,young
blue-collar,married,secondary,no,696,no,no,cellular,29,aug,7,0,0,unknown,0,young
management,single,tertiary,no,-51,yes,no,cellular,17,apr,2,392,2,failure,0,young
management,married,tertiary,no,203,yes,no,unknown,4,jun,2,-1,0,unknown,0,older
blue-collar,married,secondary,no,937,yes,no,unknown,16,jun,3,-1,0,unknown,0,older
technician,married,secondary,no,294,yes,no,cellular,8,apr,1,253,1,failure,0,young
student,single,tertiary,no,-215,no,no,cellular,27,apr,1,-1,0,unknown,1,young
entrepreneur,married,secondary,no,181,yes,no,unknown,23,jun,2,-1,0,unknown,0,older
technician,single,secondary,no,746,yes,no,cellular,19,may,2,-1,0,unknown,0,young
technician,single,secondary,no,924,yes,no,unknown,4,jun,2,-1,0,unknown,0,young
technician,single,tertiary,no,364,yes,no,unknown,6,may,5,-1,0,unknown,0,young
technician,married,secondary,no,207,yes,no,cellular,14,jun,1,379,1,failure,0,young
blue-collar,married,primary,no,50,no,no,cellular,19,feb,3,-1,0,unknown,0,older
management,married,tertiary,no,679,no,no,unknown,15,jun,2,-1,0,unknown,0,older
services,single,secondary,no,6,no,no,cellular,6,jul,2,-1,0,unknown,0,young
management,married,tertiary,no,572,no,no,cellular,13,aug,2,-1,0,unknown,0,older
admin.,married,secondary,no,26,yes,no,unknown,8,may,2,-1,0,unknown,0,older
services,married,secondary,no,37,yes,no,cellular,7,nov,3,-1,0,unknown,0,young
technician,single,secondary,no,144,no,no,cellular,28,aug,3,-1,0,unknown,0,young
retired,married,secondary,no,456,yes,no,unknown,3,jun,2,-1,0,unknown,0,older
technician,single,secondary,no,931,no,no,cellular,7,jul,2,-1,0,unknown,0,young
blue-collar,married,secondary,no,14,no,no,cellular,5,may,4,-1,0,unknown,0,young
management,married,tertiary,no,-1,yes,no,unknown,26,may,2,-1,0,unknown,0,young
blue-collar,married,secondary,no,657,yes,no,cellular,18,nov,1,105,1,failure,0,young
admin.,married,secondary,no,59,no,yes,cellular,20,jul,2,-1,0,unknown,0,young
management,married,tertiary,no,690,yes,no,unknown,5,jun,2,-1,0,unknown,0,young
technician,single,secondary,no,345,no,no,cellular,27,aug,1,-1,0,unknown,0,young
blue-collar,single,secondary,no,-329,no,no,cellular,16,jul,3,-1,0,unknown,0,young
blue-collar,single,primary,no,1184,yes,no,cellular,14,may,5,-1,0,unknown,0,young
blue-collar,married,primary,no,493,no,no,cellular,9,jul,2,-1,0,unknown,0,young
management,married,tertiary,no,283,no,no,cellular,8,jul,4,-1,0,unknown,0,young
management,married,secondary,no,136,yes,no,cellular,17,nov,2,187,6,failure,0,young
admin.,married,secondary,no,443,yes,no,cellular,14,may,5,-1,0,unknown,0,older
retired,married,secondary,no,-189,no,no,cellular,23,jul,1,-1,0,unknown,0,older
admin.,married,secondary,no,-132,yes,no,unknown,4,jun,4,-1,0,unknown,0,older
management,married,tertiary,no,-182,no,no,cellular,11,aug,2,-1,0,unknown,0,young
management,married,tertiary,no,155,yes,no,cellular,21,nov,1,75,2,failure,0,young
blue-collar,married,secondary,no,142,no,no,cellular,27,aug,5,-1,0,unknown,0,older
management,married,tertiary,no,933,no,no,cellular,8,jul,2,-1,0,unknown,0,older
admin.,married,secondary,no,-454,yes,no,cellular,15,may,1,315,12,failure,0,young
management,married,tertiary,no,832,yes,no,cellular,8,may,2,350,2,failure,0,young
entrepreneur,married,secondary,no,-905,yes,yes,cellular,20,nov,1,-1,0,unknown,0,older
blue-collar,married,primary,no,999,yes,no,unknown,8,jun,2,-1,0,unknown,0,older
services,single,secondary,no,206,no,no,cellular,21,aug,2,-1,0,unknown,0,young
management,married,tertiary,no,1135,yes,no,cellular,21,nov,2,-1,0,unknown,0,older
management,married,tertiary,no,612,no,no,cellular,12,aug,1,-1,0,unknown,0,older
management,married,tertiary,no,291,yes,no,unknown,15,jun,4,-1,0,unknown,0,young
management,married,tertiary,no,1331,no,no,cellular,9,nov,1,41,2,failure,1,older
technician,married,secondary,no,871,no,no,cellular,8,aug,2,-1,0,unknown,0,young
blue-collar,married,secondary,no,784,yes,no,unknown,22,may,5,-1,0,unknown,0,older
blue-collar,married,secondary,no,-15,no,no,unknown,12,jun,2,-1,0,unknown,0,young
services,single,secondary,no,1171,yes,no,unknown,24,jun,2,-1,0,unknown,0,young
management,married,tertiary,no,521,no,no,cellular,20,aug,2,92,7,failure,0,young
technician,married,secondary,no,-179,no,no,cellular,24,jan,2,-1,0,unknown,0,young
technician,single,tertiary,no,327,yes,no,cellular,20,aug,2,178,2,failure,0,young
management,married,tertiary,no,-232,yes,no,cellular,15,nov,1,-1,0,unknown,0,young
blue-collar,married,primary,no,-267,yes,no,cellular,15,apr,1,-1,0,unknown,1,young
retired,married,secondary,no,615,no,no,unknown,20,jun,2,-1,0,unknown,0,older
blue-collar,married,secondary,no,746,yes,no,cellular,5,may,2,-1,0,unknown,0,young
management,married,tertiary,no,435,no,no,cellular,20,aug,3,-1,0,unknown,1,young
technician,married,secondary,no,645,yes,no,cellular,20,aug,1,-1,0,unknown,0,young
blue-collar,married,primary,no,702,yes,no,unknown,3,may,2,-1,0,unknown,0,older
management,married,tertiary,no,1425,no,no,cellular,30,sep,1,88,2,success,1,older
admin.,married,secondary,no,119,yes,no,cellular,15,jul,2,-1,0,unknown,0,young
housemaid,married,secondary,no,611,no,no,cellular,28,aug,1,-1,1,unknown,0,older
admin.,married,secondary,no,76,yes,no,unknown,2,jun,2,-1,0,unknown,0,young
entrepreneur,married,tertiary,no,726,yes,no,unknown,6,jun,2,-1,0,unknown,0,older
admin.,married,secondary,no,473,yes,no,unknown,21,jun,2,-1,0,unknown,0,young
blue-collar,married,secondary,no,394,yes,no,cellular,14,may,2,-1,0,unknown,0,older
housemaid,married,secondary,no,439,no,no,cellular,27,aug,4,-1,0,success,1,older
services,married,secondary,no,708,yes,no,unknown,13,may,5,-1,0,unknown,0,older
admin.,married,secondary,no,412,yes,no,cellular,14,aug,5,-1,0,unknown,0,older
management,single,tertiary,no,631,yes,no,cellular,6,jul,2,-1,0,unknown,0,young
services,married,secondary,no,523,yes,no,cellular,31,apr,3,-1,0,unknown,0,young
technician,married,secondary,no,879,yes,no,cellular,14,apr,2,-1,0,unknown,0,young
blue-collar,married,secondary,no,644,yes,no,unknown,16,jun,3,-1,0,unknown,0,young
blue-collar,married,primary,no,207,yes,no,unknown,13,jun,2,-1,0,unknown,0,older
technician,single,secondary,no,-56,yes,no,cellular,4,may,1,250,2,failure,0,young
admin.,married,secondary,no,283,yes,no,unknown,11,may,3,-1,0,unknown,0,older
technician,married,secondary,no,108,no,no,cellular,2,nov,1,-1,0,unknown,0,young
blue-collar,married,secondary,no,980,yes,no,cellular,14,may,3,-1,0,unknown,0,older
services,single,secondary,no,-94,yes,no,unknown,7,may,2,-1,0,unknown,0,young
services,married,secondary,no,529,yes,no,cellular,2,apr,2,-1,0,unknown,0,older
technician,married,secondary,no,-95,yes,no,unknown,16,jun,5,-1,0,unknown,0,young
admin.,married,secondary,no,521,yes,no,cellular,18,aug,2,181,0,failure,0,young
technician,married,secondary,no,-3,yes,no,cellular,22,jul,2,-1,0,unknown,0,young
technician,married,secondary,no,315,yes,no,cellular,22,aug,4,-1,0,unknown,0,young
services,married,secondary,no,638,yes,no,unknown,15,may,2,-1,0,unknown,0,young
blue-collar,married,primary,no,837,yes,no,cellular,12,apr,4,-1,0,unknown,0,older
unknown,married,secondary,no,352,no,no,cellular,18,aug,2,-1,0,unknown,0,older
management,single,tertiary,no,740,yes,no,cellular,13,aug,2,-1,0,unknown,0,young
management,single,tertiary,no,1148,yes,no,unknown,14,may,2,-1,0,unknown,0,young
technician,married,secondary,no,-254,yes,no,unknown,12,jun,2,-1,0,unknown,0,young
retired,married,primary,no,635,yes,no,unknown,21,jun,4,-1,0,unknown,0,older
admin.,married,secondary,no,1017,no,no,cellular,22,aug,2,-1,0,unknown,0,young
management,married,tertiary,no,284,yes,no,cellular,21,aug,3,-1,0,unknown,0,older
services,married,secondary,no,-284,yes,no,unknown,24,jun,3,-1,0,unknown,0,older
admin.,married,secondary,no,178,yes,no,unknown,2,jun,2,-1,0,unknown,0,young
management,married,tertiary,no,317,yes,no,unknown,5,jun,2,-1,0,unknown,0,young
technician,married,secondary,no,264,no,no,unknown,16,jun,4,-1,0,unknown,0,young
blue-collar,married,primary,no,312,no,no,cellular,25,aug,2,-1,0,unknown,0,older
blue-collar,married,primary,no,1143,no,no,unknown,2,jun,2,-1,0,unknown,0,older
management,single,tertiary,no,762,yes,no,cellular,14,may,4,368,2,failure,0,young
admin.,married,secondary,no,-423,no,no,cellular,26,aug,5,-1,0,unknown,0,young
technician,married,secondary,no,306,no,no,cellular,6,aug,2,-1,0,unknown,0,older
management,married,tertiary,no,429,no,no,cellular,20,aug,6,-1,4,unknown,1,young
technician,married,secondary,no,446,no,no,unknown,3,jun,2,-1,0,unknown,0,older
technician,married,tertiary,no,746,yes,no,unknown,6,jun,2,-1,0,unknown,0,young
admin.,married,secondary,no,68,yes,no,cellular,14,may,2,-1,0,unknown,0,young
retired,married,primary,no,293,yes,no,unknown,15,jun,3,-1,0,unknown,0,older
entrepreneur,married,secondary,no,805,yes,no,cellular,10,apr,4,-1,0,unknown,0,older
management,married,tertiary,no,291,no,no,cellular,21,nov,3,-1,0,unknown,0,young
admin.,married,secondary,no,-10,yes,no,unknown,9,may,2,-1,0,unknown,0,older
retired,married,secondary,no,755,no,no,cellular,3,jun,4,-1,3,success,1,older
management,married,tertiary,no,407,yes,no,cellular,8,may,1,354,5,failure,1,older
management,married,tertiary,no,460,no,no,cellular,11,aug,3,-1,0,unknown,0,older
management,married,tertiary,no,-88,yes,no,unknown,5,jun,2,-1,0,unknown,0,young
technician,married,secondary,no,593,yes,no,cellular,22,nov,5,-1,0,unknown,0,older
services,married,secondary,no,785,no,no,cellular,28,aug,2,-1,0,unknown,0,young
admin.,married,secondary,no,272,no,no,cellular,31,jan,1,-1,0,unknown,0,young
technician,married,secondary,no,312,yes,no,unknown,14,may,2,-1,0,unknown,0,young
technician,married,tertiary,no,-118,no,no,cellular,28,aug,1,-1,0,unknown,0,older
management,single,tertiary,no,1308,no,no,cellular,20,aug,3,87,2,success,1,young
blue-collar,married,primary,no,458,yes,no,cellular,14,may,1,374,1,failure,0,older
admin.,married,secondary,no,523,yes,no,cellular,13,may,2,-1,0,unknown,0,older
management,married,tertiary,no,356,no,no,cellular,12,aug,5,-1,0,unknown,0,older
technician,married,secondary,no,1063,no,no,cellular,23,feb,5,-1,0,unknown,0,young
admin.,married,secondary,no,708,no,no,cellular,17,feb,2,-1,0,unknown,0,older
student,single,tertiary,no,381,no,no,unknown,14,may,2,-1,0,unknown,0,young
admin.,married,secondary,no,-62,yes,no,unknown,8,may,2,-1,0,unknown,0,young
admin.,married,secondary,no,776,no,no,cellular,26,jul,2,-1,0,unknown,0,older
technician,married,tertiary,no,746,yes,no,cellular,21,aug,1,-1,0,unknown,0,young
management,married,tertiary,no,1141,no,no,cellular,11,aug,2,-1,0,unknown,0,young
admin.,married,secondary,no,1016,no,no,unknown,12,may,3,-1,0,unknown,0,older
blue-collar,single,primary,no,121,no,no,cellular,5,may,2,-1,0,unknown,1,young
management,married,tertiary,no,850,yes,no,unknown,20,jun,3,-1,0,unknown,0,young
admin.,single,secondary,no,666,yes,no,cellular,6,feb,3,-1,0,unknown,0,young
technician,married,secondary,no,261,no,no,cellular,27,oct,1,-1,0,unknown,1,older
admin.,married,secondary,no,536,yes,no,cellular,21,nov,1,171,3,failure,0,older
technician,married,secondary,no,-225,no,no,cellular,7,nov,1,-1,0,unknown,0,young
technician,married,secondary,no,546,yes,no,unknown,14,jun,5,-1,0,unknown,0,older
management,married,tertiary,no,1063,no,no,cellular,1,nov,2,-1,0,unknown,0,young
blue-collar,married,secondary,no,-43,yes,no,cellular,7,may,4,-1,0,unknown,0,young
technician,married,secondary,no,516,yes,no,cellular,15,jul,4,-1,0,unknown,0,older
technician,single,secondary,no,655,yes,no,cellular,11,may,3,-1,0,unknown,0,young
technician,married,secondary,no,878,yes,no,unknown,15,jun,2,-1,0,unknown,0,young
blue-collar,married,secondary,no,591,yes,no,cellular,17,apr,1,-1,0,unknown,0,young
technician,married,secondary,no,144,no,no,cellular,29,aug,4,-1,0,unknown,0,older
blue-collar,married,secondary,no,372,no,no,cellular,5,feb,1,192,1,failure,0,young
admin.,married,secondary,no,576,yes,no,unknown,17,jun,3,-1,0,unknown,0,young
technician,single,secondary,no,577,no,no,cellular,6,may,1,100,3,success,0,young
technician,single,secondary,no,726,no,no,cellular,15,jul,6,-1,0,unknown,0,young
services,married,secondary,no,-344,yes,no,cellular,14,aug,1,-1,0,unknown,0,older
admin.,married,secondary,no,11,no,no,cellular,21,feb,1,-1,0,unknown,0,young
blue-collar,married,primary,no,421,yes,no,unknown,4,jun,4,-1,0,unknown,0,older
technician,married,secondary,no,836,no,no,cellular,8,jul,3,-1,0,unknown,0,older
technician,married,secondary,no,600,no,no,cellular,19,feb,4,-1,0,unknown,0,older
services,single,secondary,no,21,no,no,cellular,19,nov,1,172,1,failure,0,young
technician,married,secondary,no,-388,yes,no,cellular,28,aug,4,-1,0,unknown,0,young
management,single,tertiary,no,362,no,no,cellular,5,jun,1,89,2,success,1,young
technician,married,tertiary,no,357,yes,no,cellular,20,aug,4,-1,9,success,1,young
retired,married,primary,no,826,no,no,cellular,5,oct,1,-1,0,unknown,0,older
housemaid,married,primary,no,941,no,no,unknown,4,jun,2,-1,0,unknown,0,older
admin.,single,secondary,no,71,yes,no,unknown,24,jun,2,-1,0,unknown,0,young
management,married,tertiary,no,977,no,no,cellular,6,feb,2,-1,0,unknown,1,older
blue-collar,married,secondary,no,31,no,no,cellular,29,jul,2,-1,0,unknown,0,young
management,single,tertiary,no,302,yes,no,cellular,15,aug,4,-1,0,unknown,0,young
technician,married,secondary,no,-161,no,no,cellular,3,feb,1,191,1,failure,0,young
services,married,secondary,no,566,yes,no,cellular,16,jul,2,-1,0,unknown,0,older
admin.,married,secondary,no,115,yes,no,unknown,6,jun,4,-1,0,unknown,0,young
services,married,secondary,no,258,yes,no,unknown,16,may,2,-1,0,unknown,0,older
admin.,married,secondary,no,4,no,no,unknown,10,may,2,-1,0,unknown,0,older
technician,married,secondary,no,646,no,no,cellular,6,feb,2,-1,0,unknown,1,young
services,married,secondary,no,-60,no,yes,cellular,17,jul,1,-1,0,unknown,0,older
technician,married,secondary,no,460,no,no,cellular,20,aug,3,-1,0,unknown,0,young
technician,married,secondary,no,671,no,no,cellular,29,oct,1,-1,1,unknown,1,older
technician,married,secondary,no,404,yes,no,cellular,20,nov,1,181,1,failure,0,young
admin.,married,secondary,no,413,no,no,cellular,6,aug,1,109,1,success,1,older
technician,married,tertiary,no,264,no,no,cellular,26,aug,2,-1,0,unknown,0,young
blue-collar,single,secondary,no,-515,yes,no,cellular,15,may,4,-1,0,unknown,0,young
blue-collar,married,secondary,no,523,no,no,cellular,6,oct,1,187,1,success,1,older
technician,married,secondary,no,783,yes,no,cellular,20,aug,2,-1,0,unknown,0,young
management,married,tertiary,no,1042,yes,no,cellular,15,may,5,-1,0,unknown,0,young
admin.,married,secondary,no,566,yes,no,cellular,11,aug,4,-1,0,unknown,0,older
blue-collar,married,secondary,no,359,no,no,cellular,17,aug,4,-1,0,success,0,young
management,married,tertiary,no,82,yes,no,cellular,14,may,1,363,2,failure,0,young
services,married,secondary,no,567,yes,no,cellular,15,may,2,-1,0,unknown,0,young
management,married,primary,no,2979,no,no,telephone,11,jun,1,-1,0,unknown,0,older
technician,married,secondary,no,7,no,no,cellular,11,may,5,-1,0,unknown,0,older
management,married,tertiary,no,1323,no,no,cellular,27,jul,3,-1,0,unknown,0,young
technician,married,secondary,no,-46,yes,no,cellular,26,aug,8,-1,0,unknown,0,older
blue-collar,married,primary,no,1035,yes,no,cellular,12,may,2,-1,0,unknown,0,older
management,single,tertiary,no,-497,yes,no,unknown,16,may,2,-1,0,unknown,0,young
management,married,tertiary,no,-22,yes,no,cellular,16,aug,4,-1,0,unknown,0,older
housemaid,married,primary,no,935,yes,no,unknown,16,may,6,-1,0,unknown,0,older
technician,married,secondary,no,979,yes,no,cellular,17,apr,1,244,1,failure,0,young
technician,married,secondary,no,480,yes,no,cellular,19,nov,2,94,1,failure,0,older
management,single,tertiary,no,489,no,no,cellular,3,aug,1,92,2,success,1,young
management,single,tertiary,no,644,no,no,cellular,15,aug,1,93,5,failure,1,young
services,married,secondary,no,140,no,no,cellular,5,apr,1,-1,0,unknown,1,young
student,single,tertiary,no,254,no,no,cellular,8,aug,1,103,2,success,1,young
management,single,tertiary,no,-19,yes,no,unknown,21,may,2,-1,0,unknown,0,young
self-employed,married,tertiary,no,878,no,no,cellular,21,oct,1,-1,0,unknown,0,young
blue-collar,married,primary,no,881,yes,no,unknown,12,may,2,-1,0,unknown,0,older
technician,married,secondary,no,404,yes,no,cellular,17,apr,2,343,1,failure,0,older
blue-collar,married,secondary,no,552,no,no,cellular,6,jan,1,176,3,failure,0,young
admin.,married,secondary,no,23,no,no,cellular,14,jul,4,-1,0,unknown,0,young
admin.,married,secondary,no,-146,yes,no,unknown,15,jun,2,-1,0,unknown,0,young
management,married,tertiary,no,983,no,no,cellular,4,jun,1,102,3,success,1,young
admin.,married,secondary,no,1405,no,no,cellular,21,aug,1,-1,0,unknown,0,older
blue-collar,married,secondary,no,-19,no,no,cellular,13,jul,2,-1,0,unknown,0,young
student,single,secondary,no,64,no,no,unknown,10,jun,2,-1,0,unknown,0,young
technician,married,secondary,no,407,yes,no,unknown,14,may,3,-1,0,unknown,0,older
admin.,married,secondary,no,-354,yes,no,cellular,12,may,2,-1,0,unknown,0,young
technician,married,secondary,no,231,no,no,cellular,21,nov,1,-1,0,unknown,0,older
blue-collar,married,secondary,no,573,yes,no,cellular,14,nov,2,-1,0,unknown,0,older
unemployed,married,secondary,no,282,no,no,cellular,15,jul,3,-1,0,unknown,0,older
housemaid,married,primary,no,606,no,no,unknown,8,jun,2,-1,0,unknown,0,older
services,single,secondary,no,297,no,no,cellular,5,aug,1,-1,0,unknown,0,young
admin.,married,secondary,no,-51,no,no,cellular,5,jul,2,-1,0,unknown,0,young
retired,married,secondary,no,579,no,no,cellular,10,aug,1,94,6,success,1,older
technician,single,tertiary,no,54,no,no,unknown,6,jun,2,-1,0,unknown,1,young
services,single,secondary,no,152,yes,no,cellular,21,apr,2,-1,0,unknown,0,young
blue-collar,married,secondary,no,844,no,no,cellular,5,feb,1,193,6,failure,0,older
management,married,tertiary,no,78,no,no,cellular,21,aug,4,-1,0,unknown,0,young
admin.,married,secondary,no,403,no,no,cellular,16,jul,21,-1,0,unknown,0,young
blue-collar,married,secondary,no,287,no,no,cellular,17,aug,4,-1,0,unknown,0,young
retired,married,primary,no,523,no,no,unknown,12,jun,2,-1,0,unknown,0,older
management,single,tertiary,no,941,yes,no,cellular,4,may,2,-1,0,unknown,0,young
blue-collar,married,secondary,no,1110,yes,no,cellular,17,apr,2,-1,0,unknown,0,young
technician,married,tertiary,no,765,no,no,cellular,26,aug,1,109,1,success,1,older
technician,married,tertiary,no,841,yes,no,cellular,20,aug,3,193,6,failure,0,young
technician,married,secondary,no,-39,yes,no,cellular,18,apr,1,271,2,failure,0,young
blue-collar,married,secondary,no,930,yes,no,cellular,18,nov,1,-1,0,unknown,0,young
technician,single,secondary,no,-89,no,no,cellular,20,aug,1,-1,0,unknown,0,young
management,married,tertiary,no,1014,yes,no,cellular,16,jul,2,-1,0,unknown,0,older
technician,married,secondary,no,528,yes,no,cellular,28,aug,1,-1,0,unknown,0,young
services,married,secondary,no,127,yes,no,cellular,19,apr,2,-1,0,unknown,0,young
housemaid,married,primary,no,-103,no,no,cellular,15,aug,2,-1,0,unknown,0,older
admin.,married,secondary,no,400,no,no,cellular,21,aug,1,185,2,failure,0,young
services,married,secondary,no,1010,yes,no,cellular,13,jul,2,-1,0,unknown,0,young
technician,married,secondary,no,504,yes,no,unknown,15,jun,3,-1,0,unknown,0,older
technician,married,tertiary,no,443,no,no,cellular,21,nov,1,-1,0,unknown,0,older
services,single,secondary,no,742,no,no,unknown,15,may,2,-1,0,unknown,0,young
blue-collar,married,primary,no,1146,no,no,telephone,8,may,4,-1,0,unknown,0,older
technician,married,secondary,no,681,no,no,cellular,12,aug,7,-1,0,unknown,0,young
management,married,tertiary,no,315,no,no,cellular,5,may,2,-1,0,unknown,0,young
technician,single,secondary,no,522,no,no,cellular,30,jun,1,23,1,failure,0,young
services,married,primary,no,386,yes,no,unknown,2,may,4,-1,0,unknown,0,older
technician,single,secondary,no,656,yes,no,unknown,4,may,2,-1,0,unknown,0,young
services,married,secondary,no,721,yes,no,cellular,20,feb,2,-1,0,unknown,0,older
management,single,tertiary,no,364,no,no,cellular,9,jul,2,-1,0,unknown,0,young
blue-collar,single,secondary,no,912,no,no,cellular,18,jul,2,-1,0,unknown,0,young
management,married,tertiary,no,1973,yes,no,cellular,19,aug,4,182,6,success,0,older
management,married,tertiary,no,-2,no,no,cellular,7,apr,1,178,1,failure,0,older
admin.,married,secondary,no,546,yes,no,cellular,18,nov,1,110,1,failure,0,young
management,married,tertiary,no,1655,no,no,cellular,19,aug,6,97,4,success,1,young
technician,married,secondary,no,708,yes,no,cellular,18,jul,3,-1,0,unknown,0,older
blue-collar,married,primary,no,54,yes,no,cellular,21,apr,1,-1,0,unknown,1,young
technician,married,secondary,no,-17,no,no,cellular,7,jul,3,-1,0,unknown,0,older
technician,married,secondary,no,801,yes,no,cellular,18,nov,1,171,1,failure,0,young
services,single,secondary,no,706,no,no,cellular,3,oct,1,82,1,success,1,young
technician,married,secondary,no,-187,no,no,cellular,25,jul,2,-1,0,unknown,0,older
technician,married,secondary,no,-173,yes,no,cellular,17,nov,1,170,1,failure,0,young
admin.,married,secondary,no,1212,no,no,cellular,9,jul,5,-1,0,unknown,0,older
management,married,tertiary,no,1213,no,no,cellular,22,aug,2,88,6,failure,0,older
technician,married,tertiary,no,83,no,no,cellular,6,jun,1,46,2,failure,0,older
technician,married,secondary,no,637,yes,no,cellular,14,aug,4,-1,0,unknown,0,young
housemaid,married,secondary,no,875,no,no,cellular,3,jul,2,-1,0,unknown,0,older
management,married,tertiary,no,10,yes,no,cellular,13,apr,4,-1,0,unknown,0,older
services,married,secondary,no,116,no,no,cellular,14,may,2,-1,0,unknown,0,older
retired,married,secondary,no,477,yes,no,cellular,17,aug,4,-1,0,unknown,0,older
management,single,tertiary,no,468,yes,no,cellular,4,jul,2,-1,0,unknown,0,young
services,married,secondary,no,43,yes,no,cellular,17,apr,2,333,3,failure,0,older
management,married,tertiary,no,-214,yes,no,cellular,16,jul,3,-1,0,unknown,0,older
management,married,tertiary,no,452,no,no,cellular,29,aug,2,-1,0,unknown,1,older
services,married,secondary,no,175,no,no,unknown,17,jun,5,-1,0,unknown,0,young
unemployed,married,secondary,no,494,no,no,cellular,3,oct,1,-1,0,unknown,1,older
admin.,married,secondary,no,-106,no,no,unknown,9,jun,2,-1,0,unknown,0,older
admin.,single,secondary,no,784,no,no,cellular,24,jul,2,-1,0,unknown,0,young
management,married,tertiary,no,504,no,no,cellular,26,aug,5,92,4,success,1,young
technician,married,secondary,no,0,no,no,cellular,21,aug,1,-1,1,unknown,0,older
blue-collar,single,secondary,no,-189,yes,no,cellular,15,may,3,338,3,failure,0,young
technician,married,secondary,no,138,yes,no,unknown,13,jun,2,-1,0,unknown,0,older
technician,single,secondary,no,203,no,no,cellular,17,aug,4,-1,0,unknown,0,young
technician,single,secondary,no,5,yes,no,cellular,7,jul,2,-1,0,unknown,0,young
management,married,tertiary,no,464,no,no,cellular,20,aug,1,103,1,failure,0,older
entrepreneur,married,tertiary,no,408,no,no,cellular,10,jul,6,-1,0,unknown,0,older
blue-collar,single,primary,no,516,yes,no,unknown,27,jun,2,-1,0,unknown,0,young
admin.,single,secondary,no,140,yes,no,cellular,7,may,2,-1,0,unknown,0,young
blue-collar,married,secondary,no,1326,yes,no,unknown,14,may,2,-1,0,unknown,0,young
management,married,tertiary,no,1466,no,no,cellular,28,aug,7,-1,0,unknown,1,older
retired,married,secondary,no,869,yes,no,unknown,20,jun,2,-1,0,unknown,0,older
blue-collar,married,secondary,no,1355,yes,no,cellular,14,may,2,360,5,failure,0,young
blue-collar,married,secondary,no,276,yes,no,cellular,15,nov,1,-1,0,unknown,0,older
admin.,single,secondary,no,1016,yes,no,cellular,3,feb,5,-1,0,unknown,0,young
admin.,married,secondary,no,365,yes,no,unknown,3,jun,2,-1,0,unknown,0,young
services,married,secondary,no,-68,no,no,cellular,19,nov,4,-1,0,unknown,0,older
technician,single,tertiary,no,-154,yes,no,cellular,14,may,1,333,1,failure,1,young
blue-collar,married,primary,no,336,yes,no,unknown,12,may,2,-1,0,unknown,0,older
blue-collar,married,primary,no,691,yes,no,cellular,28,aug,1,-1,0,failure,0,older
student,single,secondary,no,484,yes,no,unknown,15,jun,5,-1,0,unknown,0,young
technician,married,secondary,no,276,yes,no,unknown,9,jun,2,-1,0,unknown,0,young
admin.,married,secondary,no,357,yes,no,unknown,8,may,3,-1,0,unknown,0,young
admin.,married,secondary,no,257,no,no,cellular,14,aug,1,-1,0,unknown,0,older
technician,married,secondary,no,-69,no,no,cellular,15,jul,2,-1,0,unknown,0,young
services,single,secondary,no,801,yes,no,cellular,28,aug,1,-1,0,unknown,0,young
blue-collar,married,secondary,no,365,no,no,cellular,21,aug,2,-1,0,unknown,0,young
technician,married,secondary,no,28,no,no,unknown,18,may,4,-1,0,unknown,0,older
management,single,tertiary,no,444,no,no,cellular,14,aug,2,-1,0,unknown,0,young
management,married,tertiary,no,227,yes,no,unknown,2,jun,3,-1,0,unknown,0,young
management,married,primary,no,996,yes,no,cellular,29,apr,2,-1,0,unknown,0,older
technician,married,tertiary,no,421,no,no,cellular,27,jul,2,-1,0,unknown,0,young
blue-collar,married,primary,no,1038,yes,no,cellular,18,may,2,-1,0,unknown,0,older
admin.,married,secondary,no,869,yes,no,cellular,27,may,5,-1,0,unknown,0,older
technician,single,tertiary,no,115,yes,no,unknown,12,may,2,-1,0,unknown,0,young
blue-collar,married,secondary,no,25,yes,no,unknown,15,may,3,-1,0,unknown,0,older
management,single,tertiary,no,7,yes,no,cellular,19,nov,2,141,5,failure,0,young
management,single,tertiary,no,942,yes,no,cellular,30,aug,5,-1,0,unknown,0,young
technician,married,secondary,no,-75,no,no,cellular,8,jul,2,-1,0,unknown,0,young
technician,married,secondary,no,881,yes,no,unknown,13,may,5,-1,0,unknown,0,young
blue-collar,single,secondary,no,158,yes,no,unknown,25,jun,4,-1,0,unknown,0,young
blue-collar,married,secondary,no,38,no,no,cellular,7,may,2,-1,0,unknown,0,young
management,married,tertiary,no,181,yes,no,cellular,16,may,2,-1,0,unknown,0,young
management,single,tertiary,no,268,yes,no,unknown,4,may,5,-1,0,unknown,0,young
blue-collar,married,secondary,no,1139,yes,no,unknown,17,may,4,-1,0,unknown,0,young
management,single,tertiary,no,302,no,no,cellular,21,aug,4,-1,2,success,1,young
admin.,married,secondary,no,526,no,no,cellular,21,aug,1,174,2,failure,0,older
blue-collar,single,secondary,no,700,no,no,cellular,26,jan,3,-1,0,unknown,0,young
technician,married,secondary,no,29,yes,no,unknown,16,may,4,-1,0,unknown,0,older
blue-collar,married,primary,no,538,yes,no,unknown,5,jun,2,-1,0,unknown,0,older
technician,married,secondary,no,-12,no,no,cellular,28,jul,5,-1,0,unknown,0,older
management,married,tertiary,no,460,no,no,cellular,5,feb,1,-1,0,unknown,0,older
blue-collar,married,secondary,no,486,no,no,cellular,8,nov,2,-1,0,unknown,0,older
technician,single,secondary,no,548,yes,no,cellular,8,may,2,-1,0,unknown,0,young
technician,married,secondary,no,405,no,no,cellular,18,aug,1,88,1,failure,0,young
management,married,tertiary,no,912,yes,no,cellular,14,aug,4,-1,0,unknown,0,older
services,married,secondary,no,17,no,no,cellular,30,jul,3,-1,0,unknown,0,young
admin.,married,secondary,no,1216,yes,no,unknown,15,may,5,-1,0,unknown,0,older
housemaid,married,secondary,no,792,no,no,cellular,1,feb,1,113,3,success,1,older
blue-collar,married,primary,no,1089,no,no,cellular,30,nov,1,181,1,failure,0,older
admin.,single,secondary,no,19,yes,no,cellular,20,feb,4,-1,0,unknown,0,young
management,married,tertiary,no,27,yes,no,cellular,25,jul,5,-1,0,unknown,0,young
student,single,secondary,no,791,yes,no,cellular,9,may,3,-1,0,unknown,0,young
management,married,tertiary,no,4,no,no,cellular,19,aug,1,-1,0,unknown,0,young
technician,single,secondary,no,1108,yes,no,unknown,17,may,5,-1,0,unknown,0,young
retired,married,tertiary,no,586,no,no,cellular,11,aug,4,-1,0,unknown,0,older
technician,married,secondary,no,-94,yes,no,cellular,28,aug,1,0,0,unknown,0,young
blue-collar,married,secondary,no,1327,yes,no,cellular,13,jul,2,-1,0,unknown,0,young
admin.,married,secondary,no,-263,no,no,cellular,6,jul,4,-1,0,unknown,0,young
admin.,married,secondary,no,559,yes,no,cellular,14,may,2,348,3,failure,0,older
blue-collar,married,primary,no,397,yes,no,cellular,20,aug,2,-1,0,unknown,0,young
management,single,tertiary,no,21,yes,no,unknown,6,may,2,-1,0,unknown,0,young
blue-collar,single,secondary,no,882,yes,no,cellular,21,nov,1,179,1,failure,0,young
student,single,secondary,no,255,no,no,cellular,10,aug,6,-1,0,unknown,0,young
services,married,secondary,no,-413,no,no,cellular,10,aug,3,-1,0,unknown,0,young
technician,married,secondary,no,1381,yes,no,cellular,16,aug,1,-1,0,unknown,0,older
services,single,secondary,no,-260,no,no,unknown,24,jun,3,-1,0,unknown,0,young
management,married,tertiary,no,1026,no,no,cellular,22,aug,3,-1,0,unknown,0,young
technician,married,secondary,no,163,yes,no,cellular,3,may,2,-1,0,unknown,0,older
services,married,secondary,no,1098,no,no,cellular,29,may,2,-1,0,unknown,0,older
entrepreneur,married,secondary,no,774,yes,no,unknown,6,jun,2,-1,0,unknown,0,older
technician,married,secondary,no,645,yes,no,cellular,19,aug,4,-1,0,unknown,0,older
services,married,secondary,no,51,yes,no,unknown,9,may,2,-1,0,unknown,0,older
admin.,married,secondary,no,237,yes,no,cellular,17,jul,4,-1,0,unknown,0,older
admin.,single,secondary,no,568,no,no,unknown,16,jun,2,-1,0,unknown,1,young
blue-collar,single,secondary,no,166,yes,no,cellular,21,aug,2,193,0,failure,0,young
blue-collar,married,secondary,no,172,yes,no,unknown,8,jun,4,-1,0,unknown,0,young
blue-collar,married,secondary,no,-319,yes,no,cellular,4,may,2,282,4,failure,0,older
blue-collar,married,secondary,no,186,yes,no,unknown,14,may,3,-1,0,unknown,0,older
management,married,tertiary,no,151,no,no,cellular,16,apr,2,-1,0,unknown,1,older
unknown,married,primary,no,496,no,no,cellular,21,feb,2,-1,0,unknown,0,older
management,married,tertiary,no,1015,no,no,cellular,30,apr,2,-1,0,unknown,1,older
technician,married,secondary,no,356,yes,no,cellular,17,nov,1,54,1,failure,0,young
management,married,tertiary,no,269,no,no,cellular,2,feb,1,-1,0,unknown,1,young
technician,single,secondary,no,794,no,no,cellular,11,feb,5,-1,0,unknown,0,young
management,married,tertiary,no,925,yes,no,cellular,28,jul,5,-1,0,unknown,0,older
admin.,single,secondary,no,735,no,no,cellular,11,aug,4,-1,0,unknown,0,young
management,married,tertiary,no,527,no,no,cellular,2,nov,6,-1,0,unknown,0,older
management,married,tertiary,no,46,no,no,cellular,5,feb,2,-1,0,unknown,0,young
student,single,secondary,no,1122,no,no,cellular,29,apr,1,-1,0,unknown,1,young
blue-collar,married,primary,no,369,no,no,cellular,13,may,1,351,5,failure,0,older
technician,married,secondary,no,421,no,no,cellular,25,jul,2,-1,0,unknown,0,older
student,single,tertiary,no,281,yes,no,unknown,17,may,4,-1,0,unknown,0,young
management,single,tertiary,no,748,no,no,cellular,27,aug,2,-1,0,unknown,0,young
services,married,secondary,no,79,no,no,cellular,31,jan,1,-1,0,unknown,0,older
management,single,tertiary,no,1015,no,no,cellular,28,aug,2,84,1,success,1,young
admin.,married,secondary,no,76,yes,no,cellular,18,nov,4,-1,0,unknown,0,young
technician,married,secondary,no,723,no,no,cellular,11,aug,3,-1,0,unknown,0,older
blue-collar,married,secondary,no,607,yes,no,unknown,14,jun,3,-1,0,unknown,0,young
blue-collar,married,secondary,no,-402,yes,no,cellular,11,may,2,-1,0,unknown,0,young
blue-collar,married,secondary,no,769,yes,no,cellular,18,may,2,271,3,failure,0,young
admin.,married,secondary,no,-227,yes,no,cellular,19,nov,1,95,1,failure,0,older
retired,married,primary,no,1100,no,no,telephone,21,aug,2,-1,0,unknown,0,older
technician,single,secondary,no,372,yes,no,cellular,18,nov,2,196,3,failure,0,young
management,single,tertiary,no,-225,yes,no,cellular,29,aug,4,-1,0,unknown,0,young
management,married,tertiary,no,-109,yes,no,cellular,7,jul,2,-1,0,unknown,0,young
housemaid,married,secondary,no,1206,no,no,cellular,28,oct,1,-1,0,unknown,1,older
technician,married,tertiary,no,1018,no,no,cellular,15,may,2,-1,0,unknown,0,young
unemployed,single,secondary,no,999,no,no,unknown,13,jun,2,-1,0,unknown,0,young
blue-collar,married,secondary,no,-30,yes,no,cellular,6,may,2,-1,0,unknown,0,young
retired,married,secondary,no,1420,no,no,cellular,20,aug,5,-1,0,unknown,1,older
blue-collar,married,primary,no,421,yes,no,unknown,3,jun,3,-1,0,unknown,0,older
services,married,secondary,no,478,yes,no,unknown,15,jun,5,-1,0,unknown,0,older
management,married,secondary,no,-349,yes,no,cellular,13,jun,4,327,2,failure,0,older
management,single,tertiary,no,880,yes,no,cellular,5,may,2,-1,0,unknown,0,young
blue-collar,married,secondary,no,166,no,no,cellular,9,jul,2,-1,0,unknown,0,young
blue-collar,married,primary,no,1704,yes,no,cellular,17,apr,2,-1,0,unknown,0,young
blue-collar,married,secondary,no,229,no,no,cellular,22,aug,1,-1,0,unknown,0,young
management,single,tertiary,no,1360,no,no,cellular,21,aug,2,89,2,success,1,young
admin.,married,secondary,no,65,yes,no,cellular,13,may,4,-1,0,unknown,0,older
management,married,tertiary,no,601,yes,no,cellular,14,may,2,-1,0,unknown,0,older
student,single,tertiary,no,630,no,no,cellular,15,feb,6,-1,0,unknown,0,young
technician,married,secondary,no,927,yes,no,unknown,3,may,2,-1,0,unknown,0,older
admin.,married,secondary,no,24,no,no,cellular,11,oct,2,-1,0,unknown,0,older
blue-collar,married,primary,no,377,yes,no,cellular,18,may,2,-1,0,unknown,0,older
blue-collar,married,secondary,no,944,yes,no,unknown,26,jun,2,-1,0,unknown,0,older
management,married,tertiary,no,362,no,no,cellular,9,aug,4,-1,0,unknown,0,young
student,single,primary,no,-261,no,no,cellular,25,jan,1,-1,0,unknown,0,young
management,married,tertiary,no,905,yes,no,unknown,15,jun,5,-1,0,unknown,0,young
retired,married,primary,no,990,no,no,cellular,12,aug,1,-1,0,unknown,1,older
technician,married,secondary,no,146,yes,no,cellular,6,may,2,-1,0,unknown,0,older
technician,single,secondary,no,85,yes,no,cellular,3,feb,5,-1,0,unknown,0,young
management,married,tertiary,no,-370,no,no,cellular,21,nov,1,92,1,failure,0,older
blue-collar,married,primary,no,60,no,no,cellular,28,aug,2,-1,0,unknown,0,older
management,married,tertiary,no,1069,no,no,cellular,8,aug,1,-1,0,unknown,0,young
services,married,secondary,no,555,yes,no,cellular,19,aug,3,188,6,failure,0,older
management,single,tertiary,no,761,yes,no,cellular,13,may,4,-1,0,unknown,0,young
blue-collar,married,primary,no,1037,yes,no,cellular,4,nov,1,-1,0,unknown,0,older
technician,married,secondary,no,846,no,no,cellular,26,aug,5,-1,0,unknown,0,older
blue-collar,married,primary,no,420,yes,no,cellular,8,may,2,-1,0,unknown,0,young
technician,married,secondary,no,540,no,no,unknown,11,may,2,-1,0,unknown,0,older
retired,married,primary,no,372,no,no,cellular,8,jul,2,-1,0,unknown,0,older
management,married,tertiary,no,85,yes,no,cellular,16,jul,2,-1,0,unknown,0,older
blue-collar,married,secondary,no,-487,yes,no,unknown,2,jun,4,-1,0,unknown,0,older
technician,married,secondary,no,575,yes,no,cellular,12,apr,3,-1,0,unknown,0,young
admin.,married,secondary,no,43,no,no,cellular,20,aug,2,-1,0,unknown,1,young
technician,married,secondary,no,840,yes,no,unknown,4,jun,5,-1,0,unknown,0,older
technician,married,tertiary,no,738,no,no,cellular,8,oct,2,-1,0,unknown,0,young
student,single,tertiary,no,-17,no,no,cellular,20,aug,3,96,6,success,0,young
technician,married,secondary,no,539,no,no,cellular,26,aug,2,-1,0,unknown,0,young
blue-collar,married,primary,no,641,no,no,cellular,24,aug,1,-1,0,unknown,0,young
services,single,secondary,no,156,yes,no,unknown,9,jun,2,-1,0,unknown,0,young
blue-collar,married,primary,no,-211,yes,no,unknown,16,jun,20,-1,0,unknown,0,older
management,married,tertiary,no,795,yes,no,unknown,1,jun,2,-1,0,unknown,0,young
retired,married,primary,no,836,no,no,cellular,12,jul,4,-1,0,unknown,0,older
services,married,secondary,no,685,yes,no,unknown,26,jun,5,-1,0,unknown,0,older
blue-collar,married,primary,no,-162,yes,no,cellular,18,may,4,-1,0,unknown,0,older
blue-collar,married,secondary,no,-42,yes,no,cellular,9,jul,3,-1,0,unknown,0,young
technician,married,tertiary,no,373,yes,no,cellular,23,aug,4,-1,0,unknown,0,young
technician,married,tertiary,no,719,no,no,cellular,6,jun,2,-1,0,unknown,1,young
housemaid,married,primary,no,608,no,no,unknown,17,jun,6,-1,0,unknown,0,older
blue-collar,married,secondary,no,174,yes,no,cellular,14,apr,3,-1,0,unknown,0,young
blue-collar,married,secondary,no,426,yes,no,cellular,30,aug,5,-1,0,unknown,0,young
services,married,secondary,no,55,no,no,cellular,14,may,4,-1,0,unknown,0,older
blue-collar,single,primary,no,904,no,no,cellular,22,nov,1,-1,0,unknown,1,young
admin.,married,secondary,no,31,no,no,unknown,27,jul,2,-1,0,unknown,0,young
admin.,married,secondary,no,500,yes,no,cellular,14,jul,4,-1,0,unknown,0,older
technician,married,secondary,no,255,no,no,cellular,29,jul,2,-1,0,unknown,0,young
technician,married,secondary,no,-210,no,no,cellular,6,jul,2,-1,0,unknown,0,older
admin.,married,secondary,no,1006,no,no,cellular,3,feb,2,-1,0,unknown,0,older
services,single,secondary,no,843,no,no,cellular,25,aug,3,-1,0,unknown,0,young
services,single,secondary,no,558,yes,no,cellular,14,jul,2,-1,0,unknown,0,young
management,married,tertiary,no,652,no,no,cellular,9,oct,2,-1,0,unknown,0,young
blue-collar,single,primary,no,-7,yes,no,unknown,10,may,2,-1,0,unknown,0,young
services,single,secondary,no,697,no,no,unknown,14,may,2,-1,0,unknown,0,young
admin.,married,secondary,no,602,no,no,cellular,18,aug,1,187,1,failure,0,older
blue-collar,married,secondary,no,269,no,no,unknown,11,jun,2,-1,0,unknown,0,young
services,married,secondary,no,424,no,no,unknown,8,jun,2,-1,0,unknown,0,older
blue-collar,single,primary,no,773,yes,no,unknown,12,may,2,-1,0,unknown,0,young
admin.,married,secondary,no,568,no,no,cellular,5,apr,1,-1,0,unknown,0,older
housemaid,married,secondary,no,122,no,no,cellular,2,oct,1,-1,0,unknown,1,older
technician,married,tertiary,no,390,no,no,cellular,25,aug,6,-1,0,unknown,0,young
retired,married,primary,no,692,no,no,cellular,11,aug,1,97,4,success,1,older
admin.,single,secondary,no,207,yes,no,unknown,5,may,5,-1,0,unknown,0,young
management,married,tertiary,no,-69,yes,no,unknown,16,may,2,-1,0,unknown,0,young
management,married,tertiary,no,110,yes,no,unknown,4,jun,3,-1,0,unknown,0,older
management,married,tertiary,no,724,yes,no,unknown,14,may,2,-1,0,unknown,0,older
management,single,tertiary,no,204,yes,no,cellular,30,may,2,244,2,failure,0,young
management,married,tertiary,no,871,no,no,cellular,12,aug,1,-1,0,unknown,0,older
admin.,married,secondary,no,265,no,no,cellular,3,feb,3,-1,0,unknown,0,young
technician,married,secondary,no,-112,no,no,cellular,22,jul,2,-1,0,unknown,0,older
admin.,married,secondary,no,1021,no,no,cellular,12,aug,3,-1,0,unknown,0,older
retired,married,primary,no,-427,no,no,cellular,19,jul,2,-1,0,unknown,0,older
management,married,tertiary,no,-376,yes,no,cellular,17,jul,2,-1,0,unknown,0,older
admin.,married,secondary,no,1452,no,no,cellular,29,jan,2,-1,0,unknown,0,young
management,married,tertiary,no,1324,yes,no,cellular,2,apr,2,-1,0,unknown,0,young
admin.,single,secondary,no,1274,yes,no,cellular,3,nov,1,-1,0,unknown,0,young
blue-collar,married,secondary,no,650,yes,no,cellular,16,apr,5,-1,0,unknown,0,young
services,married,secondary,no,-494,no,no,cellular,8,aug,1,-1,0,unknown,0,older
admin.,married,secondary,no,1053,yes,no,cellular,6,may,1,340,1,failure,1,older
blue-collar,married,secondary,no,384,yes,no,cellular,20,nov,1,110,1,failure,0,older
technician,married,secondary,no,206,yes,no,unknown,6,jun,2,-1,0,unknown,0,young
blue-collar,single,secondary,no,307,no,no,cellular,4,oct,1,90,1,success,1,young
services,single,secondary,no,1034,no,no,unknown,2,jun,2,-1,0,unknown,0,young
blue-collar,married,primary,no,543,yes,no,cellular,9,jul,2,-1,0,unknown,0,young
management,married,tertiary,no,618,yes,no,unknown,26,jun,5,-1,0,unknown,0,young
technician,married,tertiary,no,786,no,no,cellular,5,aug,3,-1,0,unknown,0,young
technician,married,secondary,no,579,no,no,unknown,7,jun,2,-1,0,unknown,0,older
unemployed,single,secondary,no,60,no,no,cellular,8,jun,2,-1,0,unknown,0,young
services,married,secondary,no,460,yes,no,unknown,15,jun,2,-1,0,unknown,0,older
blue-collar,married,secondary,no,94,yes,no,cellular,29,jan,1,-1,0,unknown,0,older
blue-collar,single,secondary,no,1110,yes,no,unknown,8,may,2,-1,0,unknown,0,young
services,married,secondary,no,111,yes,no,cellular,2,apr,5,-1,0,unknown,0,older
blue-collar,married,primary,no,770,no,no,cellular,4,feb,4,-1,0,unknown,0,young
management,married,tertiary,no,1402,yes,no,cellular,15,apr,1,173,1,failure,0,older
services,single,secondary,no,768,yes,no,unknown,3,jun,4,-1,0,unknown,0,young
technician,married,secondary,no,820,yes,no,unknown,13,jun,4,-1,0,unknown,0,young
management,married,tertiary,no,721,no,no,cellular,6,feb,2,-1,0,unknown,0,young
housemaid,married,primary,no,431,no,no,cellular,10,aug,5,-1,0,unknown,0,older
blue-collar,married,primary,no,2,yes,no,unknown,15,may,2,-1,0,unknown,0,young
management,married,tertiary,no,1209,yes,no,cellular,17,aug,1,163,1,failure,0,older
admin.,married,secondary,no,-6,yes,no,unknown,6,may,2,-1,0,unknown,0,older
blue-collar,married,primary,no,1806,no,no,cellular,19,aug,1,100,1,success,1,older
management,single,tertiary,no,-270,no,no,cellular,12,aug,2,-1,0,unknown,0,young
retired,married,primary,no,169,yes,no,telephone,17,apr,4,-1,0,unknown,0,older
technician,single,secondary,no,196,no,no,cellular,30,oct,1,84,1,success,1,young
admin.,married,secondary,no,658,yes,no,unknown,4,may,2,-1,0,unknown,0,older
technician,single,tertiary,no,767,no,no,cellular,25,oct,2,-1,0,unknown,0,young
management,married,tertiary,no,601,yes,no,unknown,6,may,2,-1,0,unknown,0,young
management,married,tertiary,no,1158,yes,no,cellular,5,may,2,-1,0,unknown,0,young
services,married,secondary,no,10,yes,no,cellular,18,nov,2,169,2,failure,0,older
management,married,tertiary,no,555,no,no,cellular,20,aug,3,109,3,success,1,young
services,single,secondary,no,-73,yes,no,cellular,9,may,2,-1,0,unknown,0,young
student,single,secondary,no,432,yes,no,cellular,13,apr,7,377,3,other,0,young
admin.,married,secondary,no,-172,yes,no,cellular,17,nov,1,-1,0,unknown,0,older
admin.,married,secondary,no,848,yes,no,cellular,17,nov,3,-1,0,unknown,0,older
admin.,married,secondary,no,980,yes,no,unknown,22,jun,5,-1,0,unknown,0,older
technician,married,secondary,no,955,no,no,cellular,28,jul,2,-1,0,unknown,0,older
technician,married,secondary,no,692,yes,no,cellular,7,may,5,-1,0,unknown,0,young
technician,married,secondary,no,131,no,no,unknown,9,may,2,-1,0,unknown,0,young
admin.,married,secondary,no,353,no,no,cellular,3,nov,1,-1,0,unknown,0,older
blue-collar,married,primary,no,99,no,no,unknown,17,jun,2,-1,0,unknown,0,older
services,single,secondary,no,404,no,no,cellular,3,feb,2,-1,0,unknown,0,young
management,single,tertiary,no,594,no,no,cellular,7,may,2,-1,0,unknown,0,young
technician,married,secondary,no,271,yes,no,cellular,5,may,1,342,1,failure,0,young
admin.,married,secondary,no,1115,yes,no,cellular,3,apr,2,-1,0,unknown,0,older
services,single,secondary,no,153,no,no,cellular,8,may,2,-1,0,unknown,0,young
admin.,single,secondary,no,69,yes,no,unknown,15,may,2,-1,0,unknown,0,young
technician,married,secondary,no,417,no,no,unknown,5,jun,2,-1,0,unknown,0,older
admin.,single,secondary,no,610,yes,no,cellular,7,may,2,-1,0,unknown,1,young
student,single,tertiary,no,380,no,no,cellular,18,aug,1,189,1,failure,0,young
unknown,married,tertiary,no,182,no,no,cellular,20,aug,2,-1,0,unknown,0,older
services,married,secondary,no,-177,yes,no,unknown,8,jun,2,-1,0,unknown,0,young
admin.,single,secondary,no,1054,no,no,cellular,7,aug,2,-1,0,unknown,0,young
retired,married,primary,no,36,no,no,cellular,11,jul,4,-1,0,unknown,0,older
technician,married,secondary,no,747,no,no,cellular,17,jan,2,-1,0,unknown,0,older
blue-collar,married,secondary,no,-696,yes,no,cellular,16,aug,2,-1,0,unknown,0,young
blue-collar,married,secondary,no,399,no,no,unknown,15,jun,2,-1,0,unknown,0,young
management,married,tertiary,no,224,no,no,cellular,15,jul,3,-1,0,unknown,0,young
technician,single,tertiary,no,278,no,no,cellular,5,aug,2,-1,0,unknown,0,young
services,married,secondary,no,824,yes,no,cellular,18,aug,4,-1,0,unknown,0,older
blue-collar,single,secondary,no,876,yes,no,cellular,20,aug,6,-1,0,unknown,0,young
entrepreneur,married,tertiary,no,1063,no,no,cellular,17,jun,3,-1,0,unknown,0,older
management,married,tertiary,no,324,yes,no,cellular,9,nov,2,-1,0,unknown,0,young
admin.,single,secondary,no,267,yes,no,cellular,27,jan,2,-1,0,unknown,0,young
management,married,tertiary,no,1245,yes,no,cellular,4,may,2,269,2,failure,0,young
management,married,tertiary,no,452,no,no,cellular,8,jul,3,-1,0,unknown,0,young
services,single,secondary,no,-19,yes,no,cellular,23,apr,1,-1,0,unknown,0,young
management,married,tertiary,no,1315,no,no,cellular,7,feb,2,-1,0,unknown,0,older
admin.,single,secondary,no,220,no,no,cellular,20,nov,1,-1,0,unknown,0,young
admin.,married,secondary,no,6,yes,no,cellular,5,jul,2,-1,0,unknown,0,young
management,married,tertiary,no,-484,yes,no,cellular,21,nov,1,113,1,failure,0,young
technician,married,secondary,no,460,yes,no,unknown,15,jun,2,-1,0,unknown,0,young
blue-collar,married,secondary,no,349,yes,no,cellular,17,may,2,339,2,failure,0,young
management,married,tertiary,no,17,yes,no,unknown,14,jun,2,-1,0,unknown,0,older
retired,married,unknown,no,899,yes,no,unknown,19,jun,3,-1,0,unknown,0,older
blue-collar,married,primary,no,911,no,no,cellular,26,aug,3,-1,0,unknown,0,young
blue-collar,married,secondary,no,276,yes,no,cellular,21,nov,4,-1,0,unknown,0,young
technician,single,tertiary,no,100,no,no,cellular,28,aug,1,-1,0,unknown,0,young
blue-collar,married,primary,no,886,yes,no,cellular,5,may,5,-1,0,unknown,0,older
blue-collar,married,secondary,no,196,no,no,cellular,5,feb,2,-1,0,unknown,0,older
services,married,secondary,no,13,yes,no,unknown,4,may,2,-1,0,unknown,0,young
admin.,married,secondary,no,-228,no,no,unknown,7,jun,2,-1,0,unknown,0,young
blue-collar,married,secondary,no,-5,yes,no,cellular,11,may,5,-1,0,unknown,0,young
technician,married,secondary,no,-80,yes,no,cellular,8,jul,2,-1,0,unknown,0,older
technician,single,secondary,no,1288,yes,no,cellular,17,apr,2,-1,0,unknown,0,young
housemaid,married,secondary,no,76,no,no,cellular,8,feb,1,-1,0,unknown,1,older
blue-collar,married,secondary,no,-150,yes,no,cellular,15,jun,2,350,2,failure,0,young
management,married,tertiary,no,-145,yes,no,cellular,26,jul,5,-1,0,unknown,0,young
blue-collar,married,secondary,no,240,no,no,cellular,8,aug,4,-1,0,unknown,0,young
management,married,tertiary,no,-267,no,no,cellular,28,aug,4,-1,0,unknown,0,young
management,married,tertiary,no,115,yes,no,cellular,22,nov,1,182,3,failure,0,young
management,single,tertiary,no,97,no,no,cellular,9,may,2,-1,0,unknown,0,young
management,married,tertiary,no,870,yes,no,cellular,13,apr,4,-1,0,unknown,0,young
self-employed,married,tertiary,no,1021,no,no,cellular,21,feb,2,-1,0,unknown,0,older
admin.,married,secondary,no,231,no,no,cellular,8,aug,3,-1,0,unknown,0,older
technician,married,tertiary,no,485,no,no,cellular,28,aug,4,-1,2,success,0,young
technician,married,secondary,no,319,yes,no,cellular,7,jul,4,-1,0,unknown,0,young
admin.,married,secondary,no,741,yes,no,unknown,8,may,5,-1,0,unknown,0,older
technician,married,secondary,no,879,yes,no,cellular,8,jul,2,-1,0,unknown,0,young
admin.,married,secondary,no,468,no,no,cellular,7,aug,4,-1,0,unknown,0,young
technician,married,tertiary,no,1125,no,no,cellular,27,aug,2,-1,0,unknown,0,older
management,married,secondary,no,-163,yes,no,unknown,24,jun,2,-1,0,unknown,0,young
housemaid,married,primary,no,278,yes,no,unknown,2,jun,5,-1,0,unknown,0,older
management,married,tertiary,no,180,yes,no,cellular,21,nov,1,-1,0,unknown,0,young
technician,married,secondary,no,386,no,no,cellular,21,nov,1,-1,0,unknown,0,young
management,married,tertiary,no,-85,yes,no,cellular,21,aug,1,-1,0,unknown,0,young
technician,married,secondary,no,371,no,no,cellular,26,aug,5,-1,0,unknown,0,older
retired,married,primary,no,667,no,no,unknown,16,jun,3,-1,0,unknown,0,older
self-employed,married,tertiary,no,207,yes,no,cellular,15,may,2,-1,0,unknown,0,older
blue-collar,married,secondary,no,-37,yes,no,unknown,4,jun,2,-1,0,unknown,0,young
blue-collar,married,secondary,no,687,yes,no,cellular,13,aug,5,-1,0,unknown,0,young
services,married,secondary,no,468,yes,no,cellular,18,nov,1,-1,0,unknown,0,young
blue-collar,single,secondary,no,650,yes,no,unknown,11,may,3,-1,0,unknown,0,young
technician,married,secondary,no,797,yes,no,cellular,19,nov,1,-1,0,unknown,0,older
services,married,secondary,no,529,no,no,unknown,19,jun,3,-1,0,unknown,0,young
blue-collar,married,primary,no,830,yes,no,unknown,7,may,2,-1,0,unknown,0,older
technician,married,secondary,no,1042,no,no,cellular,22,aug,35,-1,4,success,0,older
retired,married,secondary,no,1454,no,no,cellular,10,jul,2,-1,0,unknown,0,older
admin.,married,secondary,no,3,yes,no,cellular,13,aug,3,-1,0,unknown,0,young
management,married,tertiary,no,897,yes,no,cellular,14,apr,1,55,6,failure,0,young
services,married,secondary,no,232,yes,no,unknown,13,jun,2,-1,0,unknown,0,older
admin.,married,secondary,no,1002,yes,no,unknown,8,may,4,-1,0,unknown,0,older
services,single,secondary,no,479,yes,no,cellular,20,aug,1,187,2,failure,0,young
services,married,secondary,no,226,yes,no,cellular,18,nov,2,179,3,failure,0,young
management,single,tertiary,no,353,no,no,cellular,20,aug,5,97,4,success,1,young
services,married,secondary,no,345,yes,no,unknown,6,jun,3,-1,0,unknown,0,young
admin.,married,secondary,no,231,no,no,cellular,19,aug,3,-1,0,unknown,0,young
management,married,tertiary,no,472,no,no,cellular,14,jul,4,-1,0,unknown,0,older
admin.,married,secondary,no,549,yes,no,cellular,13,may,3,-1,0,unknown,0,older
blue-collar,married,primary,no,738,yes,no,cellular,5,may,5,-1,0,unknown,0,young
technician,married,secondary,no,-136,no,no,cellular,16,jan,2,-1,0,unknown,0,young
blue-collar,married,primary,no,807,yes,no,unknown,15,may,5,-1,0,unknown,0,older
blue-collar,married,primary,no,967,yes,no,cellular,17,aug,5,-1,0,unknown,0,older
unknown,married,secondary,no,531,no,no,cellular,25,aug,2,-1,0,unknown,0,older
management,single,tertiary,no,185,no,no,cellular,16,nov,1,106,1,failure,1,young
blue-collar,married,primary,no,844,yes,no,cellular,22,aug,4,-1,0,unknown,0,young
management,married,tertiary,no,773,no,no,cellular,6,jul,3,-1,0,unknown,0,young
management,married,tertiary,no,307,yes,no,unknown,25,jun,4,-1,0,unknown,0,young
management,married,tertiary,no,116,yes,no,unknown,15,jun,2,-1,0,unknown,0,young
technician,married,secondary,no,36,yes,no,unknown,8,may,2,-1,0,unknown,0,older
blue-collar,single,secondary,no,110,yes,no,cellular,18,apr,1,-1,0,unknown,0,young
student,single,tertiary,no,1362,no,no,cellular,21,nov,1,115,1,unknown,1,young
retired,married,primary,no,801,no,no,telephone,2,feb,5,-1,0,unknown,0,older
blue-collar,married,secondary,no,653,no,no,cellular,8,jan,1,-1,0,unknown,0,older
technician,married,secondary,no,300,yes,no,unknown,4,may,2,-1,0,unknown,0,older
admin.,single,secondary,no,6,no,no,cellular,3,jul,3,-1,0,unknown,0,young
blue-collar,married,secondary,no,683,yes,no,cellular,12,may,2,276,2,failure,0,older
housemaid,married,secondary,no,-234,no,yes,cellular,22,jul,1,-1,0,unknown,0,older
admin.,married,secondary,no,564,yes,no,unknown,21,jun,3,-1,0,unknown,0,older
unemployed,married,tertiary,no,718,no,no,cellular,29,oct,1,-1,0,success,1,older
management,married,tertiary,no,686,yes,no,cellular,18,aug,3,-1,0,unknown,0,young
admin.,married,secondary,no,1328,yes,no,cellular,17,apr,2,-1,0,unknown,0,young
management,married,tertiary,no,252,no,no,cellular,19,nov,4,-1,0,unknown,0,older
services,married,secondary,no,-90,no,no,cellular,20,nov,4,-1,0,unknown,0,older
blue-collar,married,secondary,no,442,yes,no,unknown,22,jun,3,-1,0,unknown,0,young
management,married,tertiary,no,1772,no,no,cellular,5,oct,1,95,1,success,1,older
technician,married,secondary,no,1014,yes,no,cellular,14,may,2,-1,0,unknown,0,young
technician,married,secondary,no,105,yes,no,unknown,21,may,2,-1,0,unknown,0,young
admin.,married,secondary,no,867,yes,no,cellular,18,jul,3,-1,0,unknown,0,older
management,married,tertiary,no,-363,no,no,cellular,17,feb,5,-1,0,unknown,0,older
blue-collar,married,secondary,no,165,yes,no,cellular,22,aug,4,-1,0,unknown,0,young
student,single,tertiary,no,818,no,no,cellular,12,jul,2,-1,0,unknown,0,young
technician,married,secondary,no,11,yes,no,unknown,15,jun,3,-1,0,unknown,0,young
management,married,tertiary,no,224,no,no,cellular,4,nov,4,-1,0,unknown,0,young
technician,married,secondary,no,76,yes,no,cellular,14,may,2,-1,0,unknown,0,young
blue-collar,married,primary,no,79,no,no,cellular,9,may,2,-1,0,unknown,0,older
technician,married,secondary,no,823,no,no,cellular,27,aug,6,-1,0,unknown,0,older
unemployed,married,secondary,no,647,no,no,unknown,19,jun,2,-1,0,unknown,0,young
blue-collar,married,secondary,no,591,no,no,cellular,27,jan,1,-1,0,unknown,0,older
technician,married,secondary,no,1138,no,no,cellular,3,nov,1,-1,0,unknown,0,young
blue-collar,married,primary,no,301,no,no,cellular,20,aug,1,104,2,success,1,older
management,married,tertiary,no,-251,yes,no,cellular,18,apr,1,-1,0,unknown,0,young
management,married,tertiary,no,520,no,no,cellular,19,aug,2,-1,0,unknown,0,young
technician,married,tertiary,no,571,no,no,cellular,15,jul,2,-1,0,unknown,0,young
management,married,tertiary,no,303,yes,no,cellular,3,may,2,-1,0,unknown,0,young
management,single,tertiary,no,1006,no,no,cellular,2,feb,2,-1,0,unknown,0,young
blue-collar,married,secondary,no,276,yes,no,unknown,3,jun,2,-1,0,unknown,0,young
blue-collar,married,primary,no,31,no,no,cellular,8,aug,3,-1,0,unknown,0,older
services,single,secondary,no,-23,yes,no,unknown,21,jun,5,-1,0,unknown,0,young
housemaid,married,primary,no,285,no,no,telephone,7,jul,1,-1,0,unknown,0,older
management,single,tertiary,no,219,yes,no,cellular,21,may,5,-1,0,unknown,0,young
management,married,tertiary,no,-202,no,no,cellular,10,aug,2,-1,0,unknown,0,young
management,married,tertiary,no,41,no,no,cellular,6,jun,3,-1,0,unknown,0,young
blue-collar,married,secondary,no,298,yes,no,cellular,18,nov,1,-1,0,unknown,0,older
management,married,tertiary,no,320,no,no,cellular,20,aug,4,168,2,unknown,0,older
blue-collar,married,secondary,no,367,no,no,cellular,27,jul,2,-1,0,unknown,0,young
technician,single,secondary,no,-156,yes,no,unknown,4,jun,5,-1,0,unknown,0,young
retired,married,tertiary,no,-236,yes,no,cellular,15,may,2,-1,0,unknown,1,older
blue-collar,single,secondary,no,5,yes,no,cellular,14,may,3,-1,0,unknown,0,young
services,married,secondary,no,-12,yes,no,unknown,18,may,4,-1,0,unknown,0,older
student,single,secondary,no,754,yes,no,cellular,19,aug,1,169,2,failure,0,young
admin.,married,secondary,no,-546,no,no,cellular,17,nov,1,-1,0,unknown,0,older
blue-collar,single,secondary,no,1006,yes,no,unknown,5,may,4,-1,0,unknown,0,young
technician,married,secondary,no,117,no,no,cellular,13,aug,5,-1,0,unknown,0,young
student,single,secondary,no,-82,no,no,cellular,7,jul,2,-1,0,unknown,0,young
technician,married,tertiary,no,-171,no,no,cellular,21,aug,2,-1,0,unknown,0,young
admin.,single,secondary,no,517,no,no,cellular,27,aug,2,0,1,success,1,young
management,single,tertiary,no,191,yes,no,cellular,16,may,3,-1,0,unknown,0,young
blue-collar,single,secondary,no,1034,yes,no,cellular,6,may,4,-1,0,unknown,0,young
technician,married,secondary,no,695,no,no,cellular,27,jul,4,-1,0,unknown,0,young
technician,married,secondary,no,151,yes,no,cellular,21,aug,1,187,2,failure,0,young
technician,married,secondary,no,1095,no,no,cellular,20,jul,2,-1,0,unknown,0,older
admin.,married,secondary,no,1603,no,no,cellular,28,jul,3,-1,0,unknown,0,older
technician,married,secondary,no,1062,no,no,cellular,21,aug,2,-1,0,unknown,0,young
retired,married,secondary,no,1294,no,no,cellular,24,apr,6,-1,0,unknown,0,older
admin.,married,secondary,no,799,yes,no,cellular,14,apr,4,-1,0,unknown,0,young
housemaid,married,secondary,no,638,no,no,cellular,7,feb,1,186,3,success,0,older
technician,married,secondary,no,-314,yes,no,unknown,17,jun,2,-1,0,unknown,0,young
unknown,married,secondary,no,457,no,no,cellular,8,aug,2,-1,0,unknown,0,young
blue-collar,married,secondary,no,930,yes,no,cellular,17,apr,2,-1,0,unknown,0,older
management,married,tertiary,no,884,no,no,cellular,30,jan,1,70,2,failure,0,older
management,married,tertiary,no,922,no,no,cellular,20,aug,1,87,2,failure,0,older
management,married,tertiary,no,552,no,no,cellular,5,aug,2,95,3,success,1,young
blue-collar,married,primary,no,1124,yes,no,unknown,20,jun,6,-1,0,unknown,0,older
blue-collar,single,primary,no,284,yes,no,unknown,18,jun,14,-1,0,unknown,0,young
blue-collar,married,primary,no,-354,no,no,cellular,9,jul,2,-1,0,unknown,0,older
technician,married,secondary,no,921,no,no,cellular,10,aug,4,-1,0,unknown,1,older
blue-collar,single,secondary,no,1162,no,no,unknown,1,jun,2,-1,0,unknown,0,young
blue-collar,married,primary,no,230,yes,no,unknown,15,may,2,-1,0,unknown,0,young
management,married,tertiary,no,718,yes,no,unknown,15,jun,2,-1,0,unknown,0,older
management,married,tertiary,no,894,no,no,cellular,11,aug,1,-1,0,unknown,0,older
blue-collar,married,secondary,no,218,yes,no,cellular,17,jul,2,-1,0,unknown,0,young
management,married,tertiary,no,544,no,no,cellular,6,aug,4,-1,0,unknown,0,young
technician,married,secondary,no,315,yes,no,unknown,14,jun,12,-1,0,unknown,0,older
management,married,tertiary,no,-35,no,no,cellular,28,aug,3,-1,0,unknown,0,young
blue-collar,married,secondary,no,72,no,no,cellular,6,oct,1,185,1,success,1,young
management,married,tertiary,no,1057,no,no,cellular,30,aug,1,100,4,success,1,young
services,married,secondary,no,-200,yes,no,cellular,17,nov,1,-1,0,unknown,0,older
blue-collar,married,secondary,no,1094,yes,no,unknown,5,may,4,-1,0,unknown,0,older
housemaid,married,primary,no,179,no,no,cellular,6,jul,2,-1,0,unknown,0,older
admin.,married,secondary,no,801,yes,no,cellular,24,nov,1,-1,0,unknown,0,young
blue-collar,married,secondary,no,309,no,no,cellular,13,feb,1,290,1,failure,0,older
management,married,tertiary,no,806,yes,no,cellular,5,feb,4,-1,0,unknown,0,young
management,married,tertiary,no,276,yes,no,cellular,6,may,2,-1,0,unknown,0,older
services,married,secondary,no,392,yes,no,cellular,7,jul,5,-1,0,unknown,0,older
management,married,tertiary,no,53,yes,no,unknown,7,may,2,-1,0,unknown,0,young
technician,married,secondary,no,647,yes,no,cellular,8,jul,2,-1,0,unknown,0,young
services,single,secondary,no,-35,no,no,cellular,2,feb,2,-1,0,unknown,0,young
management,married,tertiary,no,855,no,no,cellular,20,aug,1,103,2,success,1,older
management,single,tertiary,no,1850,no,no,cellular,26,aug,3,97,3,success,1,young
services,married,secondary,no,84,no,no,unknown,8,may,2,-1,0,unknown,0,older
blue-collar,married,secondary,no,153,no,no,cellular,20,nov,1,-1,0,unknown,1,young
admin.,married,secondary,no,-535,yes,no,cellular,15,jan,2,-1,0,unknown,0,older
management,married,tertiary,no,719,yes,no,cellular,17,jul,2,-1,0,unknown,0,young
management,married,tertiary,no,335,no,no,cellular,13,may,3,-1,0,unknown,0,older
management,married,tertiary,no,769,no,no,cellular,29,aug,1,86,6,success,1,older
services,married,secondary,no,-172,yes,no,cellular,17,nov,1,172,1,failure,0,older
blue-collar,married,primary,no,-102,no,no,cellular,6,jul,2,-1,0,unknown,0,older
technician,married,secondary,no,251,no,no,cellular,21,aug,1,190,2,failure,0,young
management,married,tertiary,no,617,yes,no,cellular,3,may,1,257,1,failure,0,young
admin.,married,secondary,no,1066,yes,no,cellular,11,may,4,-1,0,unknown,0,older
management,single,tertiary,no,412,no,no,cellular,27,jan,2,-1,0,unknown,0,young
management,single,tertiary,no,-490,no,no,cellular,11,may,3,-1,0,unknown,0,young
blue-collar,married,secondary,no,-104,yes,no,unknown,16,may,2,-1,0,unknown,0,young
admin.,married,secondary,no,1079,no,no,unknown,15,may,3,-1,0,unknown,0,older
admin.,married,secondary,no,542,yes,no,cellular,6,apr,1,255,1,failure,0,older
management,married,tertiary,no,302,yes,no,cellular,13,aug,3,-1,0,unknown,0,older
services,married,secondary,no,545,no,no,cellular,18,aug,3,-1,0,unknown,0,young
services,married,secondary,no,1128,no,no,unknown,2,jun,2,-1,0,unknown,0,young
blue-collar,married,secondary,no,-86,yes,no,unknown,14,jun,2,-1,0,unknown,0,older
admin.,married,secondary,no,-504,yes,no,cellular,20,aug,1,95,2,failure,0,older
blue-collar,married,secondary,no,24,no,no,cellular,7,jul,2,-1,0,unknown,0,older
student,single,secondary,no,-373,no,no,cellular,14,may,2,-1,0,unknown,0,young
blue-collar,married,secondary,no,507,no,no,cellular,19,aug,2,-1,0,unknown,0,older
technician,single,tertiary,no,590,yes,no,unknown,2,may,2,-1,0,unknown,0,young
admin.,single,secondary,no,323,no,no,cellular,27,may,2,-1,0,unknown,0,young
services,single,secondary,no,696,yes,no,cellular,2,nov,2,-1,0,unknown,0,young
admin.,married,secondary,no,1005,yes,no,unknown,4,may,2,-1,0,unknown,0,older
admin.,married,secondary,no,99,yes,no,cellular,21,nov,1,190,4,failure,0,older
blue-collar,married,secondary,no,464,yes,no,cellular,23,aug,5,-1,0,unknown,0,older
services,married,secondary,no,266,yes,no,cellular,16,apr,4,-1,0,unknown,0,young
entrepreneur,married,secondary,no,376,yes,yes,cellular,6,jul,2,-1,0,unknown,0,older
admin.,married,secondary,no,-180,yes,no,cellular,16,jan,2,-1,0,unknown,0,older
technician,married,secondary,no,294,yes,no,cellular,15,may,4,-1,0,unknown,0,young
technician,married,secondary,no,654,no,no,unknown,3,jun,2,-1,0,unknown,0,young
admin.,married,secondary,no,255,yes,no,unknown,17,jun,4,-1,0,unknown,0,young
technician,married,secondary,no,646,yes,no,unknown,20,jun,2,-1,0,unknown,0,older
services,single,secondary,no,243,yes,no,cellular,15,may,2,341,4,failure,0,young
student,single,unknown,no,-509,no,no,cellular,14,feb,1,224,1,other,1,young
management,married,tertiary,no,227,no,no,cellular,9,aug,3,-1,0,unknown,0,older
management,married,tertiary,no,949,no,no,unknown,15,jun,4,-1,0,unknown,0,older
management,married,tertiary,no,216,yes,no,cellular,15,may,3,-1,0,unknown,0,older
management,married,tertiary,no,209,no,no,cellular,28,aug,2,-1,0,unknown,0,older
entrepreneur,married,tertiary,no,40,no,no,cellular,21,jun,2,-1,0,unknown,0,older
unemployed,married,secondary,no,-467,no,no,unknown,4,jun,2,-1,0,unknown,1,older
blue-collar,married,primary,no,967,yes,no,cellular,14,may,2,-1,0,unknown,0,older
technician,married,tertiary,no,1162,no,no,unknown,26,jun,2,-1,0,unknown,0,young
technician,married,secondary,no,396,yes,no,cellular,1,feb,2,-1,0,unknown,0,older
services,married,secondary,no,746,no,no,cellular,30,jan,1,83,3,success,0,young
services,married,secondary,no,801,yes,no,cellular,29,aug,4,-1,0,unknown,0,older
technician,single,secondary,no,648,no,no,unknown,13,may,3,-1,0,unknown,0,young
blue-collar,single,secondary,no,725,yes,no,unknown,6,jun,2,-1,0,unknown,0,young
admin.,married,secondary,no,623,no,no,cellular,8,nov,2,-1,0,unknown,0,young
blue-collar,single,primary,no,950,no,no,cellular,16,jul,2,-1,0,unknown,0,young
blue-collar,married,secondary,no,-125,no,no,cellular,20,aug,1,-1,0,unknown,0,older
blue-collar,married,primary,no,272,yes,no,unknown,15,may,5,-1,0,unknown,0,older
blue-collar,married,secondary,no,578,no,no,cellular,6,oct,1,88,1,success,1,young
technician,married,secondary,no,178,no,no,cellular,7,feb,1,192,1,failure,1,young
blue-collar,married,primary,no,2237,no,no,cellular,2,oct,1,-1,0,unknown,1,older
technician,married,secondary,no,14,yes,no,cellular,12,may,1,371,1,failure,0,young
management,married,tertiary,no,494,yes,no,cellular,31,aug,1,85,3,failure,0,young
blue-collar,married,secondary,no,869,yes,no,cellular,24,apr,2,-1,0,unknown,0,young
blue-collar,married,secondary,no,97,no,no,unknown,8,may,2,-1,0,unknown,0,older
blue-collar,married,primary,no,-143,yes,no,cellular,15,may,2,-1,0,unknown,0,older
services,married,secondary,no,-6,no,no,cellular,18,nov,1,-1,0,unknown,0,older
admin.,married,secondary,no,905,no,no,unknown,16,jun,4,-1,0,unknown,0,older
retired,married,secondary,no,585,no,no,cellular,11,aug,5,-1,0,unknown,1,older
technician,married,secondary,no,-49,yes,no,unknown,4,may,5,-1,0,unknown,0,older
management,married,tertiary,no,951,yes,no,unknown,5,jun,2,-1,0,unknown,0,older
management,married,tertiary,no,1413,no,no,cellular,21,aug,3,95,2,failure,0,young
blue-collar,married,primary,no,492,yes,no,cellular,16,jul,4,-1,0,unknown,0,young
management,married,tertiary,no,208,no,no,cellular,19,aug,2,-1,0,unknown,1,older
student,single,tertiary,no,531,yes,no,cellular,24,apr,1,-1,0,unknown,1,young
services,married,secondary,no,633,yes,no,cellular,16,aug,2,-1,0,unknown,0,young
housemaid,married,secondary,no,-526,no,no,cellular,9,jul,2,-1,0,unknown,0,older
blue-collar,married,secondary,no,348,yes,no,unknown,15,jun,2,-1,0,unknown,0,young
technician,married,secondary,no,98,no,no,cellular,5,feb,2,-1,0,unknown,0,older
blue-collar,married,primary,no,18,yes,no,unknown,6,may,2,-1,0,unknown,0,older
technician,single,tertiary,no,633,no,no,cellular,29,oct,1,-1,0,unknown,0,young
blue-collar,single,secondary,no,1003,yes,no,unknown,9,jun,2,-1,0,unknown,0,young
blue-collar,single,secondary,no,177,yes,no,cellular,6,jul,5,-1,0,unknown,0,young
services,married,secondary,no,407,yes,no,unknown,15,jun,4,-1,0,unknown,0,young
admin.,married,secondary,no,630,no,no,cellular,4,feb,1,-1,0,unknown,0,older
technician,married,secondary,no,516,yes,no,cellular,14,jul,3,-1,0,unknown,0,young
management,single,tertiary,no,192,no,no,cellular,20,aug,2,-1,2,unknown,0,young
retired,married,primary,no,697,no,no,cellular,15,may,5,188,3,success,1,older
services,married,secondary,no,187,no,no,cellular,22,jul,5,-1,0,unknown,0,older
housemaid,married,primary,no,267,no,no,cellular,29,aug,4,-1,0,success,1,older
technician,single,secondary,no,133,no,no,cellular,14,may,4,-1,0,unknown,0,young
admin.,married,secondary,no,355,yes,no,unknown,7,may,2,-1,0,unknown,0,older
blue-collar,married,secondary,no,833,yes,no,cellular,21,nov,1,122,1,failure,0,young
admin.,married,secondary,no,-25,no,no,cellular,27,aug,2,-1,0,unknown,0,young
blue-collar,married,primary,no,749,no,no,cellular,27,jul,2,-1,0,unknown,0,older
services,single,secondary,no,-57,yes,no,cellular,6,may,2,-1,0,unknown,0,young
management,married,tertiary,no,21,no,no,unknown,5,may,2,-1,0,unknown,0,young
technician,single,secondary,no,-353,no,no,cellular,6,jul,2,-1,0,unknown,0,young
student,single,secondary,no,-501,no,no,cellular,14,aug,3,-1,0,unknown,0,young
technician,married,tertiary,no,452,no,no,cellular,10,aug,2,-1,0,unknown,0,older
technician,married,secondary,no,170,yes,no,cellular,6,may,2,-1,0,unknown,0,young
admin.,married,secondary,no,302,yes,no,unknown,2,feb,2,-1,0,unknown,0,young
technician,single,tertiary,no,1053,yes,no,cellular,14,aug,1,-1,0,unknown,0,young
blue-collar,married,primary,no,505,no,no,cellular,7,jul,2,-1,0,unknown,0,older
admin.,married,secondary,no,680,no,no,cellular,7,feb,3,-1,0,unknown,0,older
admin.,married,secondary,no,848,no,no,cellular,5,jul,4,-1,0,unknown,0,young
management,married,tertiary,no,58,no,no,cellular,27,aug,4,-1,0,unknown,0,older
technician,married,tertiary,no,886,no,no,cellular,2,aug,1,93,2,success,1,older
technician,single,secondary,no,459,yes,no,cellular,10,jul,4,-1,0,unknown,0,young
admin.,married,secondary,no,344,no,no,cellular,7,nov,2,-1,0,unknown,0,young
blue-collar,married,secondary,no,424,yes,no,cellular,22,aug,6,-1,0,unknown,0,young
services,single,secondary,no,582,yes,no,cellular,14,jul,4,-1,0,unknown,0,young
technician,single,secondary,no,1106,no,no,cellular,7,feb,5,-1,0,unknown,0,young
services,married,secondary,no,-10,no,no,cellular,5,jul,2,-1,0,unknown,0,older
unknown,married,primary,no,415,no,no,cellular,17,feb,1,-1,0,unknown,0,older
retired,married,primary,no,853,no,no,telephone,31,jun,2,-1,0,unknown,0,older
blue-collar,married,secondary,no,512,no,no,cellular,12,aug,4,-1,0,unknown,0,older
technician,married,secondary,no,581,yes,no,cellular,24,jul,2,-1,0,unknown,0,young
blue-collar,married,secondary,no,443,no,no,cellular,22,nov,1,-1,0,unknown,0,young
admin.,married,secondary,no,230,yes,no,cellular,18,jul,5,-1,0,unknown,0,older
blue-collar,single,secondary,no,15,no,no,unknown,2,jun,2,-1,0,unknown,0,young
unemployed,married,secondary,no,229,no,no,cellular,2,jun,1,-1,0,unknown,0,older
admin.,married,secondary,no,390,yes,no,cellular,14,jan,2,-1,0,unknown,0,young
services,married,secondary,no,393,yes,no,unknown,17,may,12,-1,0,unknown,0,young
management,single,tertiary,no,397,no,no,cellular,5,aug,5,-1,0,unknown,0,young
management,married,tertiary,no,2377,no,no,cellular,22,aug,5,88,7,success,1,older
services,married,secondary,no,475,yes,no,unknown,15,jun,2,-1,0,unknown,0,young
technician,married,secondary,no,893,no,no,cellular,4,aug,2,-1,0,unknown,0,older
blue-collar,married,secondary,no,259,yes,no,cellular,18,apr,1,329,1,failure,0,older
management,single,tertiary,no,623,yes,no,cellular,16,apr,4,-1,0,unknown,0,young
management,single,tertiary,no,20,no,no,cellular,4,feb,4,-1,0,unknown,0,young
technician,married,secondary,no,822,yes,no,cellular,20,nov,1,-1,0,unknown,0,young
management,married,tertiary,no,778,yes,no,cellular,8,may,1,253,1,failure,0,young
retired,married,secondary,no,1097,no,no,cellular,29,aug,2,-1,0,unknown,0,older
management,married,tertiary,no,291,no,no,cellular,28,oct,1,-1,0,unknown,0,young
services,married,secondary,no,62,no,no,cellular,9,jul,2,-1,0,unknown,0,young
blue-collar,married,secondary,no,-24,no,no,cellular,11,may,3,-1,0,unknown,0,young
management,married,tertiary,no,903,no,no,cellular,26,aug,2,101,7,success,1,older
housemaid,married,secondary,no,-56,no,no,cellular,21,jul,3,-1,0,unknown,0,older
admin.,single,secondary,no,1176,no,no,unknown,7,jun,2,-1,0,unknown,0,young
management,married,tertiary,no,-15,yes,no,cellular,23,may,2,-1,0,unknown,0,young
technician,married,secondary,no,256,yes,no,cellular,12,jul,2,-1,0,unknown,0,young
technician,married,secondary,no,294,no,no,cellular,5,oct,1,-1,0,unknown,1,older
technician,single,secondary,no,522,yes,no,unknown,19,jun,12,-1,0,unknown,0,young
blue-collar,married,secondary,no,884,yes,no,cellular,1,feb,4,-1,0,unknown,0,young
management,single,tertiary,no,150,no,no,cellular,1,nov,1,-1,0,unknown,0,young
retired,married,secondary,no,469,no,no,unknown,20,jun,3,-1,0,unknown,0,older
technician,married,secondary,no,-3,yes,no,cellular,2,feb,3,-1,0,unknown,0,older
services,married,secondary,no,-1,yes,no,unknown,8,may,2,-1,0,unknown,0,young
management,married,tertiary,no,160,no,no,cellular,8,jul,2,-1,0,unknown,0,older
blue-collar,married,primary,no,-242,no,no,cellular,6,feb,1,182,2,failure,0,older
admin.,married,secondary,no,366,yes,no,cellular,7,jul,2,-1,0,unknown,0,older
technician,single,secondary,no,-80,no,no,unknown,7,jun,2,-1,0,unknown,0,young
management,single,tertiary,no,1158,no,no,unknown,7,jun,2,-1,0,unknown,0,young
technician,married,secondary,no,726,yes,no,cellular,19,aug,1,-1,0,unknown,0,young
blue-collar,married,primary,no,930,no,no,unknown,5,jun,6,-1,0,unknown,0,older
blue-collar,married,secondary,no,643,yes,no,cellular,17,nov,2,-1,0,unknown,0,young
blue-collar,married,primary,no,792,yes,no,cellular,21,nov,2,-1,0,unknown,0,older
services,married,secondary,no,346,no,no,cellular,11,may,5,-1,0,unknown,0,young
admin.,married,secondary,no,658,yes,no,cellular,8,jul,2,-1,0,unknown,0,older
admin.,married,secondary,no,803,yes,no,unknown,14,jun,5,-1,0,unknown,0,young
technician,single,secondary,no,686,yes,no,cellular,17,jul,17,-1,0,unknown,0,young
services,single,secondary,no,697,yes,no,cellular,17,nov,1,124,1,failure,0,young
management,single,tertiary,no,666,no,no,cellular,10,sep,3,-1,0,unknown,0,young
management,single,tertiary,no,300,no,no,cellular,19,nov,1,122,1,failure,0,young
blue-collar,married,secondary,no,968,yes,no,unknown,11,jun,2,-1,0,unknown,0,older
blue-collar,single,secondary,no,1061,no,no,cellular,29,oct,1,-1,0,unknown,1,young
management,married,tertiary,no,-344,no,no,cellular,27,aug,1,-1,0,unknown,0,young
admin.,married,secondary,no,-32,yes,no,unknown,7,may,5,-1,0,unknown,0,young
technician,married,secondary,no,40,yes,no,cellular,5,may,4,354,3,failure,0,older
technician,married,secondary,no,496,no,no,cellular,21,aug,2,86,2,success,1,older
services,married,secondary,no,22,yes,no,unknown,12,may,2,-1,0,unknown,0,young
management,married,tertiary,no,28,yes,no,cellular,18,nov,1,-1,0,unknown,0,young
admin.,married,secondary,no,658,yes,no,cellular,21,apr,3,-1,0,unknown,0,older
admin.,married,secondary,no,1129,yes,no,cellular,15,may,5,-1,0,unknown,0,young
management,married,tertiary,no,-287,yes,no,unknown,8,jun,2,-1,0,unknown,0,older
admin.,married,secondary,no,1163,no,no,cellular,5,oct,1,96,6,success,1,young
admin.,married,secondary,no,37,yes,no,cellular,3,jul,4,-1,0,unknown,0,young
unknown,married,secondary,no,1323,no,no,unknown,6,jun,2,-1,0,unknown,0,older
management,single,tertiary,no,139,yes,no,cellular,13,aug,1,-1,0,unknown,0,young
management,married,tertiary,no,722,yes,no,cellular,21,aug,6,-1,0,unknown,0,older
technician,married,tertiary,no,930,no,no,cellular,30,aug,1,-1,0,unknown,0,older
technician,single,tertiary,no,126,no,no,cellular,26,aug,2,-1,0,unknown,0,young
services,married,secondary,no,372,no,no,cellular,14,jul,3,-1,0,unknown,0,older
blue-collar,married,secondary,no,263,yes,no,cellular,21,nov,1,-1,0,unknown,0,older
blue-collar,married,secondary,no,847,yes,no,cellular,4,apr,1,54,1,failure,0,older
management,married,tertiary,no,1411,no,no,cellular,7,nov,1,-1,0,unknown,0,young
management,single,tertiary,no,472,yes,no,unknown,16,jun,5,-1,0,unknown,0,young
blue-collar,married,primary,no,1361,no,no,cellular,19,nov,4,-1,0,unknown,0,older
management,single,tertiary,no,841,yes,no,cellular,6,apr,1,180,1,failure,0,young
admin.,married,secondary,no,-179,yes,no,cellular,14,nov,1,-1,0,unknown,0,older
technician,married,tertiary,no,346,no,no,cellular,20,aug,4,-1,0,unknown,0,older
management,married,tertiary,no,1628,no,no,cellular,29,oct,1,-1,0,unknown,1,older
admin.,married,secondary,no,-47,yes,no,unknown,14,may,2,-1,0,unknown,0,older
management,married,secondary,no,893,yes,no,cellular,4,nov,2,184,7,failure,0,older
technician,married,secondary,no,453,no,no,cellular,5,may,2,-1,0,unknown,0,older
unknown,married,secondary,no,-91,no,no,cellular,23,jul,6,-1,0,unknown,0,older
technician,married,tertiary,no,-691,no,no,cellular,18,feb,1,-1,0,unknown,0,young
services,married,secondary,no,207,no,no,cellular,21,aug,1,177,1,failure,0,young
technician,married,secondary,no,1481,yes,no,unknown,22,jun,10,-1,0,unknown,0,older
management,married,tertiary,no,606,yes,no,cellular,5,may,1,260,4,failure,0,young
technician,married,secondary,no,953,yes,no,cellular,20,aug,4,-1,0,unknown,0,older
admin.,married,secondary,no,712,yes,no,unknown,1,may,2,-1,0,unknown,0,young
blue-collar,single,secondary,no,972,yes,no,cellular,15,apr,6,-1,0,unknown,0,young
technician,married,secondary,no,203,no,no,cellular,6,feb,1,262,1,failure,0,young
technician,single,tertiary,no,777,yes,no,unknown,3,may,2,-1,0,unknown,0,young
student,single,tertiary,no,343,yes,no,cellular,4,may,4,-1,0,unknown,0,young
blue-collar,married,secondary,no,-27,yes,no,unknown,5,may,2,-1,0,unknown,0,older
management,married,tertiary,no,1397,no,no,cellular,20,aug,2,102,2,failure,0,older
retired,married,primary,no,-5,no,no,cellular,11,aug,4,-1,0,unknown,0,older
technician,married,secondary,no,22,no,no,cellular,16,jul,4,-1,0,unknown,0,young
services,married,secondary,no,692,no,no,cellular,21,apr,4,-1,0,unknown,0,older
management,married,secondary,no,401,yes,no,unknown,16,jun,2,-1,0,unknown,0,older
technician,married,secondary,no,332,no,no,cellular,24,aug,2,-1,0,unknown,0,young
blue-collar,married,secondary,no,236,yes,no,cellular,17,jul,2,-1,0,unknown,0,young
technician,married,secondary,no,713,no,no,cellular,11,aug,4,-1,0,unknown,0,young
technician,married,secondary,no,712,yes,no,cellular,7,may,4,-1,0,unknown,0,older
admin.,married,secondary,no,1166,no,no,cellular,18,feb,4,-1,0,unknown,0,young
technician,married,secondary,no,716,yes,no,cellular,20,aug,2,190,2,failure,0,older
services,married,secondary,no,752,yes,no,cellular,29,aug,4,-1,0,unknown,0,young
services,married,secondary,no,755,no,no,unknown,10,may,2,-1,0,unknown,0,older
admin.,single,secondary,no,-329,yes,no,cellular,13,may,1,254,4,failure,0,young
housemaid,married,secondary,no,785,no,no,cellular,7,aug,2,-1,0,unknown,0,older
management,single,tertiary,no,470,no,no,cellular,24,aug,1,97,1,failure,0,young
admin.,married,secondary,no,713,yes,no,cellular,13,apr,1,-1,0,unknown,0,young
technician,single,tertiary,no,779,no,no,cellular,5,aug,1,99,2,success,1,young
blue-collar,married,primary,no,530,no,no,unknown,10,may,2,-1,0,unknown,0,older
admin.,married,secondary,no,500,yes,no,cellular,18,apr,1,197,1,failure,0,young
admin.,married,secondary,no,952,yes,no,cellular,19,jul,2,-1,0,unknown,0,older
technician,single,secondary,no,283,yes,no,cellular,2,feb,2,-1,0,unknown,0,young
blue-collar,married,secondary,no,47,yes,no,cellular,15,jan,4,-1,0,unknown,0,young
services,married,secondary,no,434,yes,no,cellular,24,jul,5,-1,0,unknown,0,young
technician,married,secondary,no,717,yes,no,cellular,13,may,4,-1,0,unknown,0,young
management,married,tertiary,no,1544,no,no,cellular,29,aug,5,0,4,success,1,older
entrepreneur,married,tertiary,no,68,no,no,unknown,7,may,2,-1,0,unknown,0,older
housemaid,married,secondary,no,447,yes,no,cellular,14,apr,2,-1,0,unknown,0,older
technician,single,secondary,no,820,no,no,cellular,13,jan,2,-1,0,unknown,0,young
housemaid,married,primary,no,801,no,no,cellular,20,aug,1,-1,0,unknown,0,older
blue-collar,married,primary,no,377,no,no,cellular,21,aug,1,90,4,success,0,older
management,married,tertiary,no,549,no,no,cellular,20,nov,4,-1,0,unknown,0,young
blue-collar,married,primary,no,553,yes,no,cellular,15,aug,3,-1,0,unknown,0,older
management,married,tertiary,no,1306,no,no,cellular,6,may,4,-1,0,unknown,0,older
services,married,secondary,no,-613,yes,yes,cellular,7,jul,2,-1,0,unknown,0,older
technician,married,secondary,no,527,no,no,cellular,10,jul,5,-1,0,unknown,0,young
services,married,secondary,no,396,yes,no,unknown,2,jun,2,-1,0,unknown,0,older
blue-collar,married,secondary,no,872,yes,no,cellular,10,jul,2,-1,0,unknown,0,young
blue-collar,married,primary,no,447,yes,no,cellular,2,nov,2,-1,0,unknown,0,older
technician,single,tertiary,no,899,no,no,cellular,20,aug,8,107,4,failure,0,young
blue-collar,married,secondary,no,152,no,no,cellular,8,may,2,-1,0,unknown,0,young
housemaid,married,primary,no,99,yes,no,unknown,14,may,3,-1,0,unknown,0,older
blue-collar,married,secondary,no,450,yes,no,cellular,17,apr,1,-1,0,unknown,0,older
admin.,married,secondary,no,46,yes,no,unknown,6,may,2,-1,0,unknown,0,young
management,single,tertiary,no,777,yes,no,unknown,2,jun,4,-1,0,unknown,0,young
services,single,secondary,no,117,yes,no,cellular,7,may,2,-1,0,unknown,1,young
management,married,tertiary,no,175,yes,no,unknown,27,may,2,-1,0,unknown,0,young
services,single,secondary,no,912,no,no,cellular,4,feb,2,-1,0,unknown,0,young
blue-collar,married,secondary,no,108,yes,no,unknown,6,may,2,-1,0,unknown,0,young
services,married,secondary,no,404,yes,no,cellular,16,apr,1,-1,0,unknown,0,older
admin.,married,secondary,no,835,no,no,unknown,2,jun,4,-1,0,unknown,0,young
management,married,tertiary,no,-175,no,no,cellular,11,aug,5,-1,0,unknown,0,young
technician,married,secondary,no,238,yes,no,unknown,5,may,3,-1,0,unknown,0,older
blue-collar,married,secondary,no,219,no,no,cellular,5,feb,2,-1,0,unknown,0,older
admin.,married,secondary,no,103,yes,no,cellular,18,apr,1,357,1,failure,0,young
management,married,tertiary,no,-25,no,no,cellular,3,nov,1,-1,0,unknown,0,older
technician,single,tertiary,no,502,no,no,cellular,11,feb,4,-1,0,unknown,0,young
technician,married,secondary,no,926,yes,no,unknown,16,may,2,-1,0,unknown,0,young
management,married,tertiary,no,406,yes,no,unknown,13,may,3,-1,0,unknown,0,young
management,married,tertiary,no,373,yes,no,unknown,21,may,2,-1,0,unknown,0,young
management,single,tertiary,no,348,no,no,cellular,4,may,2,95,2,success,1,young
admin.,married,secondary,no,384,yes,no,cellular,23,apr,4,-1,0,unknown,0,young
technician,married,secondary,no,-56,yes,no,unknown,14,may,2,-1,0,unknown,0,older
admin.,married,secondary,no,-203,no,no,cellular,20,aug,1,-1,0,unknown,0,older
blue-collar,single,secondary,no,427,no,no,cellular,28,jan,4,-1,0,unknown,0,young
retired,married,primary,no,208,no,no,cellular,10,jul,2,-1,0,unknown,0,older
services,single,secondary,no,507,yes,no,cellular,16,may,4,-1,0,unknown,0,young
admin.,married,secondary,no,1131,no,no,cellular,7,jul,2,-1,0,unknown,0,young
management,married,tertiary,no,80,no,no,cellular,27,jun,2,-1,0,unknown,1,young
technician,married,secondary,no,-487,yes,no,cellular,7,may,3,292,3,failure,0,young
self-employed,married,tertiary,no,1107,no,no,unknown,19,jun,3,-1,0,unknown,0,young
technician,married,secondary,no,-191,yes,no,unknown,14,jun,2,-1,0,unknown,0,older
entrepreneur,married,tertiary,no,-101,yes,no,unknown,4,jun,4,-1,0,unknown,0,older
blue-collar,married,secondary,no,280,yes,no,cellular,16,aug,4,-1,0,unknown,0,older
unknown,married,secondary,no,556,no,no,unknown,4,jun,3,-1,0,unknown,0,older
blue-collar,married,secondary,no,783,yes,no,unknown,14,may,4,-1,0,unknown,0,young
management,married,tertiary,no,282,yes,no,cellular,16,apr,4,-1,0,unknown,0,young
technician,married,secondary,no,273,no,no,cellular,20,aug,2,-1,0,unknown,0,older
technician,married,secondary,no,452,no,no,cellular,21,feb,1,-1,0,unknown,0,young
technician,single,tertiary,no,1078,yes,no,unknown,2,jun,2,-1,0,unknown,0,young
retired,married,primary,no,-228,yes,no,unknown,6,may,2,-1,0,unknown,0,older
admin.,married,secondary,no,867,yes,no,cellular,18,apr,4,-1,0,unknown,0,young
management,married,tertiary,no,156,no,no,cellular,20,nov,1,113,1,failure,0,older
admin.,married,secondary,no,-136,yes,no,cellular,15,jul,4,-1,0,unknown,0,young
management,single,tertiary,no,2710,yes,no,unknown,26,jun,2,-1,0,unknown,0,older
admin.,married,secondary,no,298,yes,no,cellular,8,jun,4,353,7,success,0,young
management,single,tertiary,no,106,yes,no,cellular,8,may,2,-1,0,unknown,0,young
technician,married,secondary,no,557,yes,no,cellular,21,aug,4,184,2,failure,0,older
services,married,secondary,no,670,no,no,cellular,20,aug,2,-1,0,unknown,0,older
services,married,secondary,no,434,yes,no,cellular,20,nov,1,47,1,failure,0,young
admin.,married,secondary,no,-125,no,no,cellular,17,nov,1,177,1,failure,0,older
unknown,married,secondary,no,148,no,no,cellular,20,aug,1,-1,0,unknown,0,young
management,married,tertiary,no,741,no,no,cellular,31,sep,3,93,2,success,1,older
management,married,tertiary,no,932,no,no,cellular,20,aug,3,99,4,success,1,young
blue-collar,married,secondary,no,-731,no,no,cellular,2,apr,2,256,4,failure,0,young
technician,married,secondary,no,811,no,no,unknown,15,jun,4,-1,0,unknown,0,older
management,single,tertiary,no,1012,yes,no,cellular,6,may,4,-1,0,unknown,0,young
technician,single,tertiary,no,-169,no,no,cellular,23,nov,4,-1,0,unknown,0,young
student,single,unknown,no,-30,no,no,cellular,21,apr,1,92,1,success,1,young
student,single,tertiary,no,1070,no,no,cellular,11,aug,1,98,7,success,1,young
technician,married,secondary,no,1057,yes,no,cellular,17,apr,1,329,1,failure,0,young
admin.,married,secondary,no,141,yes,no,cellular,6,may,2,-1,0,unknown,0,older
management,married,tertiary,no,-326,yes,no,cellular,22,nov,2,-1,0,unknown,0,young
management,married,tertiary,no,147,yes,no,cellular,20,aug,5,-1,0,unknown,0,young
technician,single,secondary,no,529,no,no,cellular,2,feb,1,-1,0,unknown,0,young
retired,married,secondary,no,886,no,no,cellular,4,aug,1,16,1,failure,0,older
management,married,tertiary,no,540,yes,no,cellular,3,may,2,-1,0,unknown,0,young
management,married,tertiary,no,434,yes,no,cellular,5,feb,1,304,2,failure,0,young
blue-collar,married,secondary,no,1040,yes,no,unknown,5,may,2,-1,0,unknown,0,young
services,married,secondary,no,28,yes,no,cellular,13,may,2,301,3,failure,0,young
technician,married,secondary,no,516,no,no,cellular,5,feb,2,-1,0,unknown,0,young
blue-collar,married,secondary,no,-19,yes,no,cellular,9,nov,1,-1,0,unknown,0,older
services,single,secondary,no,649,no,no,cellular,18,jul,2,-1,0,unknown,0,young
blue-collar,married,primary,no,429,yes,no,unknown,3,may,2,-1,0,unknown,0,older
technician,married,secondary,no,241,no,no,cellular,8,oct,2,-1,0,unknown,0,young
management,married,tertiary,no,1046,no,no,cellular,20,aug,5,188,4,success,1,older
blue-collar,married,secondary,no,170,no,no,cellular,7,aug,1,-1,0,unknown,0,young
blue-collar,married,primary,no,2,yes,no,cellular,13,apr,2,-1,0,unknown,0,young
technician,married,secondary,no,-275,no,no,cellular,8,aug,2,-1,0,unknown,0,young
admin.,married,secondary,no,459,no,no,cellular,8,apr,1,-1,0,unknown,1,young
student,single,secondary,no,188,yes,no,unknown,5,may,2,-1,0,unknown,0,young
admin.,single,secondary,no,-637,no,no,cellular,3,jan,1,179,2,failure,0,young
management,married,secondary,no,-270,yes,no,cellular,20,aug,2,198,3,failure,0,older
management,single,tertiary,no,533,no,no,cellular,1,feb,5,-1,0,unknown,0,young
blue-collar,married,primary,no,404,no,no,cellular,14,feb,1,197,1,success,1,older
services,married,secondary,no,20,no,no,unknown,14,may,2,-1,0,unknown,0,young
blue-collar,married,secondary,no,996,yes,no,cellular,15,jun,4,344,7,failure,0,young
technician,married,secondary,no,817,no,no,cellular,3,nov,1,-1,0,unknown,0,older
technician,married,secondary,no,795,no,no,cellular,22,aug,1,-1,0,unknown,0,older
retired,married,secondary,no,171,no,no,cellular,7,nov,1,-1,0,unknown,0,older
management,single,tertiary,no,317,no,no,cellular,5,may,2,-1,0,unknown,0,young
blue-collar,married,secondary,no,200,no,no,unknown,2,feb,2,-1,0,unknown,0,young
technician,married,tertiary,no,20,no,no,cellular,26,may,2,-1,0,unknown,0,older
technician,married,secondary,no,826,no,no,cellular,18,feb,2,-1,0,unknown,0,older
management,married,tertiary,no,1138,no,no,unknown,20,jun,2,-1,0,unknown,0,older
services,single,secondary,no,591,no,no,cellular,28,apr,2,-1,0,unknown,1,young
blue-collar,married,secondary,no,503,yes,no,cellular,29,jan,1,-1,0,unknown,0,young
technician,married,tertiary,no,688,no,no,cellular,30,oct,1,-1,0,unknown,1,young
student,single,secondary,no,-220,yes,no,cellular,11,may,2,-1,0,unknown,0,young
management,married,tertiary,no,753,yes,no,unknown,17,may,2,-1,0,unknown,0,young
management,married,tertiary,no,145,yes,no,cellular,14,may,2,-1,0,unknown,0,young
blue-collar,married,secondary,no,254,yes,no,cellular,26,aug,2,-1,0,unknown,0,young
services,married,secondary,no,-203,yes,no,cellular,18,nov,2,-1,0,unknown,0,young
management,married,tertiary,no,183,no,no,cellular,29,aug,25,-1,0,unknown,0,older
management,married,tertiary,no,288,yes,no,cellular,5,may,5,-1,0,unknown,0,young
blue-collar,married,primary,no,659,yes,no,cellular,17,may,5,-1,0,unknown,0,older
technician,married,secondary,no,705,yes,no,unknown,17,may,2,-1,0,unknown,0,young
admin.,married,secondary,no,1148,yes,no,unknown,15,jun,4,-1,0,unknown,0,older
housemaid,married,secondary,no,1,no,no,cellular,11,aug,5,-1,0,unknown,0,older
blue-collar,married,primary,no,-64,yes,no,cellular,26,nov,4,-1,0,unknown,0,young
technician,married,secondary,no,968,yes,no,unknown,19,jun,4,-1,0,unknown,0,older
retired,married,primary,no,938,yes,no,cellular,12,may,2,-1,0,unknown,0,older
management,single,tertiary,no,717,no,no,cellular,27,jan,1,-1,0,unknown,0,young
admin.,married,secondary,no,16,no,no,cellular,26,aug,1,-1,0,unknown,0,young
services,single,secondary,no,431,no,no,cellular,21,nov,1,-1,1,unknown,1,young
retired,married,primary,no,-125,no,no,cellular,4,nov,1,-1,0,unknown,0,older
management,married,tertiary,no,1204,no,no,cellular,29,aug,1,104,4,success,1,older
management,married,tertiary,no,1157,yes,no,cellular,20,nov,1,111,1,failure,0,young
blue-collar,married,primary,no,476,yes,no,cellular,19,nov,2,-1,0,unknown,0,older
management,married,tertiary,no,2091,no,no,cellular,29,aug,8,-1,4,unknown,1,older
retired,married,tertiary,no,897,no,no,cellular,10,aug,1,-1,0,unknown,1,older
admin.,married,secondary,no,263,no,no,cellular,7,aug,4,-1,0,unknown,0,young
blue-collar,married,secondary,no,557,no,no,cellular,14,may,6,-1,0,unknown,0,older
services,single,secondary,no,156,yes,no,cellular,14,may,3,-1,0,unknown,0,young
blue-collar,married,secondary,no,538,yes,no,unknown,8,may,3,-1,0,unknown,0,young
services,single,secondary,no,-1,no,no,unknown,3,jun,2,-1,0,unknown,0,young
student,single,secondary,no,1107,yes,no,cellular,12,aug,3,-1,0,unknown,0,young
technician,married,secondary,no,-402,yes,no,cellular,27,nov,4,-1,0,unknown,0,young
admin.,married,secondary,no,625,no,no,cellular,8,jan,1,-1,0,unknown,0,older
technician,married,secondary,no,408,yes,no,cellular,17,aug,3,-1,0,unknown,0,young
management,married,tertiary,no,-84,no,no,cellular,18,nov,2,-1,0,unknown,0,older
management,married,tertiary,no,471,yes,no,cellular,20,aug,4,-1,0,unknown,0,older
blue-collar,married,primary,no,-833,yes,no,unknown,8,may,3,-1,0,unknown,0,older
admin.,married,secondary,no,172,yes,no,unknown,15,may,2,-1,0,unknown,0,young
blue-collar,married,secondary,no,15,yes,no,unknown,5,jun,2,-1,0,unknown,0,young
blue-collar,married,primary,no,294,no,no,cellular,17,apr,1,177,1,failure,0,older
blue-collar,married,secondary,no,490,yes,no,unknown,2,may,3,-1,0,unknown,0,young
admin.,single,secondary,no,324,no,no,cellular,2,oct,1,-1,0,unknown,0,young
management,married,tertiary,no,696,no,no,cellular,19,jun,3,-1,0,unknown,0,young
services,married,secondary,no,342,yes,no,cellular,20,nov,1,184,1,failure,0,young
blue-collar,married,secondary,no,-125,yes,no,unknown,6,may,2,-1,0,unknown,0,older
admin.,married,secondary,no,267,yes,no,cellular,11,may,2,-1,0,unknown,0,young
services,single,secondary,no,-43,no,no,cellular,5,apr,1,-1,0,unknown,1,young
blue-collar,married,secondary,no,705,no,no,cellular,20,feb,3,-1,0,unknown,0,young
blue-collar,married,secondary,no,922,no,no,unknown,20,may,2,-1,0,unknown,0,young
admin.,single,secondary,no,1190,yes,no,cellular,8,apr,1,71,6,failure,0,young
management,married,tertiary,no,452,no,no,cellular,15,apr,1,-1,0,unknown,1,older
blue-collar,married,secondary,no,392,no,no,unknown,6,jun,4,-1,0,unknown,0,young
admin.,married,secondary,no,-116,no,no,unknown,24,jun,2,-1,0,unknown,0,young
blue-collar,married,primary,no,1351,yes,no,unknown,2,jun,2,-1,0,unknown,0,young
technician,married,secondary,no,1057,no,no,cellular,8,jul,2,-1,0,unknown,0,young
services,married,secondary,no,247,yes,no,unknown,17,jun,2,-1,0,unknown,0,older
management,married,tertiary,no,1032,no,no,cellular,29,aug,1,88,1,success,1,older
admin.,married,secondary,no,169,yes,no,cellular,15,may,2,340,4,failure,0,young
technician,married,secondary,no,213,yes,no,cellular,27,aug,4,-1,0,unknown,0,older
technician,married,secondary,no,582,yes,no,unknown,15,jun,2,-1,0,unknown,0,young
technician,single,secondary,no,705,no,no,unknown,9,may,2,-1,0,unknown,0,young
housemaid,married,primary,no,-2,no,no,unknown,4,jun,3,-1,0,unknown,0,older
unknown,married,secondary,no,825,no,no,cellular,13,jun,3,-1,0,unknown,0,older
technician,married,tertiary,no,81,no,no,cellular,21,aug,4,89,4,success,1,older
student,single,secondary,no,299,no,no,cellular,31,oct,1,-1,0,unknown,1,young
housemaid,married,primary,no,725,no,no,telephone,14,jun,5,-1,0,unknown,0,older
management,single,tertiary,no,1515,no,no,cellular,21,aug,5,-1,4,success,1,young
blue-collar,married,secondary,no,-122,yes,no,unknown,16,jun,3,-1,0,unknown,0,young
admin.,married,secondary,no,753,no,no,cellular,5,may,1,353,1,failure,1,older
management,married,tertiary,no,397,no,no,cellular,14,aug,29,-1,0,unknown,0,older
blue-collar,married,primary,no,1102,yes,no,unknown,6,jun,2,-1,0,unknown,0,young
admin.,married,secondary,no,731,no,no,cellular,6,jul,5,-1,0,unknown,0,older
admin.,married,secondary,no,-204,no,no,unknown,5,may,2,-1,0,unknown,0,older
services,single,secondary,no,393,no,no,cellular,27,aug,3,181,0,unknown,1,young
blue-collar,married,secondary,no,69,no,no,cellular,16,nov,1,-1,0,unknown,0,young
technician,married,tertiary,no,34,no,no,unknown,14,jun,3,-1,0,unknown,0,young
blue-collar,married,secondary,no,-64,no,no,cellular,8,jul,4,-1,0,unknown,0,older
technician,single,secondary,no,562,yes,no,cellular,27,jan,1,-1,0,unknown,0,young
management,married,tertiary,no,356,no,no,cellular,21,aug,1,-1,2,failure,0,older
blue-collar,single,primary,no,400,yes,no,unknown,23,jun,5,-1,0,unknown,0,young
services,married,secondary,no,447,yes,no,unknown,19,jun,3,-1,0,unknown,0,older
management,married,tertiary,no,-427,no,no,cellular,10,aug,4,-1,0,unknown,0,young
management,married,tertiary,no,646,no,no,cellular,21,aug,1,110,7,failure,0,young
blue-collar,married,secondary,no,-418,no,no,cellular,25,aug,2,-1,0,unknown,0,older
management,single,tertiary,no,863,no,no,cellular,5,aug,2,-1,0,unknown,0,young
technician,married,secondary,no,5,yes,no,cellular,23,nov,1,-1,0,unknown,0,young
management,married,tertiary,no,282,yes,no,cellular,9,may,2,-1,0,unknown,0,young
management,married,tertiary,no,-21,no,no,cellular,10,jul,3,-1,0,unknown,0,older
blue-collar,single,secondary,no,1119,no,no,cellular,5,jan,1,84,2,success,0,young
management,married,tertiary,no,-616,yes,no,unknown,20,may,5,-1,0,unknown,0,young
services,married,secondary,no,432,yes,no,cellular,7,jul,2,-1,0,unknown,0,young
blue-collar,married,secondary,no,947,yes,no,cellular,20,nov,1,-1,0,unknown,0,older
management,married,tertiary,no,1033,no,no,cellular,28,aug,1,87,4,success,1,older
services,married,secondary,no,619,no,no,cellular,5,feb,2,-1,0,unknown,1,young
services,married,secondary,no,575,yes,no,cellular,12,may,5,-1,0,unknown,0,young
technician,married,tertiary,no,601,no,no,cellular,8,nov,1,-1,0,unknown,1,young
technician,married,secondary,no,508,no,no,cellular,17,oct,1,-1,0,unknown,0,older
blue-collar,married,primary,no,-21,yes,no,cellular,9,jul,2,-1,0,unknown,0,young
management,single,tertiary,no,242,yes,no,unknown,23,may,2,-1,0,unknown,0,young
entrepreneur,married,tertiary,no,433,no,no,unknown,28,may,3,-1,0,unknown,0,young
technician,married,secondary,no,181,yes,no,unknown,18,jun,6,-1,0,unknown,0,older
technician,single,secondary,no,734,no,no,cellular,23,aug,11,-1,0,unknown,0,young
admin.,married,secondary,no,169,no,no,cellular,3,feb,3,-1,0,unknown,0,young
blue-collar,married,primary,no,348,yes,no,unknown,5,jun,3,-1,0,unknown,0,young
management,single,tertiary,no,477,yes,no,cellular,19,nov,2,189,6,failure,0,young
technician,married,secondary,no,-16,no,no,cellular,6,nov,1,-1,0,unknown,0,older
unknown,married,secondary,no,497,no,no,unknown,19,jun,2,-1,0,unknown,0,young
retired,married,tertiary,no,1309,no,no,cellular,18,aug,5,180,3,success,1,older
services,married,secondary,no,978,no,no,cellular,20,aug,2,-1,0,unknown,0,young
management,married,tertiary,no,-17,yes,no,cellular,15,may,1,353,1,failure,0,young
admin.,single,secondary,no,276,no,no,cellular,27,aug,1,-1,0,unknown,0,young
technician,married,secondary,no,681,yes,no,unknown,23,jun,16,-1,0,unknown,0,older
student,single,secondary,no,390,no,no,cellular,5,aug,7,-1,0,unknown,0,young
services,single,secondary,no,341,yes,no,unknown,4,jun,2,-1,0,unknown,0,young
technician,married,secondary,no,608,yes,no,unknown,13,jun,2,-1,0,unknown,0,older
management,married,tertiary,no,-11,yes,no,cellular,17,jul,2,-1,0,unknown,0,older
admin.,single,secondary,no,500,no,no,cellular,8,nov,1,-1,0,unknown,0,young
services,married,secondary,no,-186,yes,no,unknown,9,may,2,-1,0,unknown,0,older
technician,single,secondary,no,743,no,no,cellular,7,aug,1,-1,0,unknown,0,young
technician,married,secondary,no,33,no,no,cellular,5,nov,1,-1,0,unknown,1,older
services,single,secondary,no,-114,no,no,unknown,14,jun,2,-1,0,unknown,1,young
management,married,tertiary,no,-145,yes,no,cellular,18,may,3,-1,0,unknown,0,young
blue-collar,married,secondary,no,99,yes,no,cellular,17,aug,5,-1,0,unknown,0,older
management,single,tertiary,no,-631,no,no,cellular,5,nov,1,-1,0,unknown,1,young
technician,married,secondary,no,174,yes,no,unknown,13,jun,2,-1,0,unknown,0,older
blue-collar,married,secondary,no,255,yes,no,cellular,25,jul,2,-1,0,unknown,0,young
management,married,tertiary,no,460,yes,no,cellular,23,jul,2,-1,0,unknown,0,older
blue-collar,single,secondary,no,-51,yes,no,unknown,2,may,2,-1,0,unknown,0,young
retired,married,secondary,no,627,no,no,cellular,30,jan,1,181,3,failure,0,older
management,married,tertiary,no,251,no,no,unknown,26,jun,2,-1,0,unknown,0,young
services,married,secondary,no,-204,yes,no,unknown,23,jun,2,-1,0,unknown,0,older
management,married,tertiary,no,1323,no,no,cellular,21,aug,3,-1,0,unknown,1,older
management,single,tertiary,no,495,no,no,cellular,4,aug,1,186,1,failure,1,young
admin.,married,secondary,no,497,no,no,cellular,4,nov,1,141,1,failure,0,older
management,married,tertiary,no,579,no,no,cellular,7,oct,1,98,2,success,1,older
services,married,secondary,no,1534,yes,no,cellular,19,apr,5,-1,0,unknown,0,older
management,married,tertiary,no,512,yes,no,cellular,2,nov,1,-1,0,unknown,0,young
management,married,tertiary,no,108,yes,no,cellular,15,nov,1,-1,1,unknown,0,young
admin.,married,secondary,no,-226,no,no,unknown,4,may,2,-1,0,unknown,0,young
management,single,tertiary,no,835,no,no,cellular,7,jul,3,-1,0,unknown,0,young
management,married,tertiary,no,712,no,no,cellular,17,nov,1,-1,0,unknown,0,older
services,married,secondary,no,1302,yes,no,unknown,24,jun,5,-1,0,unknown,0,older
management,single,tertiary,no,-160,yes,no,cellular,23,aug,3,-1,0,unknown,0,young
blue-collar,married,primary,no,1080,yes,no,cellular,18,apr,2,-1,0,unknown,0,older
retired,married,secondary,no,651,yes,no,cellular,24,aug,5,-1,0,unknown,0,older
management,married,tertiary,no,837,no,no,cellular,4,jun,1,97,4,success,1,young
management,married,tertiary,no,1367,no,no,cellular,29,nov,1,61,1,failure,0,older
technician,single,tertiary,no,460,no,no,cellular,10,jul,2,-1,0,unknown,0,young
blue-collar,married,primary,no,901,no,no,cellular,19,aug,1,97,2,success,0,older
management,married,tertiary,no,-242,yes,no,cellular,17,nov,2,-1,0,unknown,0,older
admin.,married,secondary,no,389,yes,no,cellular,21,jul,2,-1,0,unknown,0,older
management,married,tertiary,no,434,no,no,cellular,11,aug,4,-1,0,unknown,0,older
management,married,tertiary,no,520,yes,no,unknown,7,jun,2,-1,0,unknown,0,young
management,married,primary,no,885,no,no,telephone,11,jun,2,-1,0,unknown,0,older
services,married,secondary,no,127,yes,no,unknown,14,may,2,-1,0,unknown,0,young
services,married,secondary,no,-372,no,yes,cellular,5,jul,1,-1,0,unknown,0,young
blue-collar,married,primary,no,763,yes,no,cellular,15,jan,1,-1,0,unknown,0,young
technician,single,secondary,no,108,yes,no,cellular,17,nov,1,-1,1,unknown,0,young
admin.,married,secondary,no,-188,no,no,cellular,20,aug,1,-1,0,unknown,0,older
management,married,secondary,no,493,yes,no,unknown,13,jun,4,-1,0,unknown,0,older
blue-collar,married,secondary,no,247,no,no,cellular,27,aug,2,-1,0,unknown,0,young
blue-collar,married,secondary,no,597,yes,no,unknown,13,may,2,-1,0,unknown,0,young
technician,single,tertiary,no,915,yes,no,unknown,19,jun,2,-1,0,unknown,0,young
admin.,married,secondary,no,374,yes,no,cellular,11,may,2,-1,0,unknown,0,young
technician,married,secondary,no,-43,no,no,cellular,11,aug,1,-1,0,unknown,0,older
technician,married,secondary,no,871,yes,no,unknown,3,jun,2,-1,0,unknown,0,older
unknown,married,secondary,no,1117,no,no,cellular,5,mar,6,-1,0,unknown,0,older
entrepreneur,married,secondary,no,449,no,no,cellular,8,jul,3,-1,0,unknown,0,older
blue-collar,married,primary,no,405,yes,no,cellular,15,may,2,-1,0,unknown,0,older
services,married,secondary,no,89,no,no,cellular,14,jul,3,-1,0,unknown,0,older
blue-collar,single,secondary,no,-276,yes,no,cellular,16,nov,1,-1,0,unknown,0,young
management,married,tertiary,no,-348,yes,no,cellular,13,apr,1,275,4,failure,0,older
technician,married,secondary,no,497,yes,no,cellular,23,apr,1,-1,0,unknown,1,young
student,single,tertiary,no,1260,no,no,cellular,11,aug,5,-1,0,unknown,0,young
blue-collar,married,primary,no,-237,no,no,cellular,8,jul,2,-1,0,unknown,0,older
services,married,secondary,no,288,no,no,cellular,18,aug,1,-1,0,unknown,0,young
blue-collar,married,primary,no,275,no,no,cellular,26,aug,4,-1,0,unknown,0,young
services,single,secondary,no,180,yes,no,unknown,7,jun,13,-1,0,unknown,0,young
management,married,tertiary,no,954,yes,no,cellular,20,aug,2,96,3,failure,0,young
technician,married,secondary,no,368,no,no,cellular,25,jul,5,-1,0,unknown,0,young
technician,married,secondary,no,595,no,no,cellular,21,aug,2,-1,0,unknown,0,young
admin.,married,secondary,no,1365,yes,no,unknown,14,may,2,-1,0,unknown,0,young
management,married,tertiary,no,-140,no,no,cellular,26,aug,4,-1,0,unknown,0,young
technician,married,secondary,no,580,yes,no,cellular,19,aug,1,116,0,unknown,0,young
admin.,married,secondary,no,130,yes,no,cellular,18,nov,1,140,1,failure,0,young
technician,married,secondary,no,-11,yes,no,cellular,19,nov,1,-1,0,unknown,0,young
admin.,married,secondary,no,-24,yes,no,unknown,3,jun,15,-1,0,unknown,0,older
blue-collar,married,secondary,no,-25,no,no,unknown,9,may,2,-1,0,unknown,0,young
technician,married,tertiary,no,560,no,no,cellular,20,apr,2,-1,0,unknown,0,young
management,single,tertiary,no,264,yes,no,cellular,14,aug,3,-1,0,unknown,0,young
admin.,married,secondary,no,817,no,no,cellular,18,aug,1,184,1,failure,0,young
management,married,tertiary,no,402,yes,no,unknown,4,jun,3,-1,0,unknown,0,older
technician,married,secondary,no,536,yes,no,unknown,4,jun,4,-1,0,unknown,0,young
admin.,married,secondary,no,79,no,no,cellular,8,jan,1,-1,0,unknown,0,older
retired,married,secondary,no,-18,no,no,cellular,5,jul,2,-1,0,unknown,0,older
services,single,secondary,no,24,yes,no,cellular,8,jul,2,-1,0,unknown,0,young
admin.,single,secondary,no,-347,no,no,unknown,12,may,4,-1,0,unknown,0,young
blue-collar,married,secondary,no,715,no,no,unknown,27,jun,2,-1,0,unknown,0,young
technician,single,secondary,no,1089,yes,no,cellular,17,aug,4,174,2,success,0,young
blue-collar,single,secondary,no,740,no,no,cellular,27,jan,1,-1,0,unknown,0,young
blue-collar,married,primary,no,669,yes,no,cellular,18,nov,1,113,1,failure,0,older
services,married,secondary,no,-83,yes,no,cellular,12,jul,2,-1,0,unknown,0,older
retired,married,secondary,no,42,no,no,cellular,13,aug,4,-1,0,unknown,0,older
technician,married,tertiary,no,-13,no,no,cellular,3,aug,2,-1,0,unknown,0,young
technician,single,secondary,no,149,yes,no,cellular,20,nov,2,-1,0,unknown,0,young
blue-collar,married,secondary,no,633,no,no,cellular,28,aug,1,-1,0,unknown,0,young
services,single,secondary,no,-191,no,no,cellular,29,aug,1,-1,0,unknown,0,young
technician,single,tertiary,no,1214,yes,no,cellular,17,aug,2,-1,0,unknown,0,young
management,married,tertiary,no,791,no,no,cellular,12,aug,3,-1,0,unknown,0,older
management,married,tertiary,no,93,yes,no,cellular,15,may,2,336,3,failure,0,older
technician,married,secondary,no,563,yes,no,cellular,22,apr,1,-1,0,unknown,0,young
blue-collar,married,primary,no,761,yes,no,cellular,22,apr,4,-1,0,unknown,0,young
admin.,single,secondary,no,90,no,no,cellular,5,jan,1,180,1,success,1,young
blue-collar,married,primary,no,653,no,no,telephone,1,oct,1,-1,0,unknown,0,older
admin.,married,secondary,no,788,no,no,cellular,3,oct,1,84,1,success,1,young
services,married,secondary,no,835,no,no,unknown,12,may,2,-1,0,unknown,0,older
technician,married,primary,no,293,yes,no,cellular,17,jun,1,349,6,failure,0,young
management,married,tertiary,no,2014,no,no,cellular,19,aug,2,-1,0,unknown,0,older
self-employed,married,tertiary,no,1111,no,no,cellular,9,jul,2,-1,0,unknown,0,young
admin.,married,secondary,no,-81,no,no,cellular,29,jan,1,-1,0,unknown,0,young
management,married,tertiary,no,330,yes,no,cellular,15,aug,2,-1,0,unknown,0,young
blue-collar,married,secondary,no,672,no,no,cellular,26,aug,2,-1,0,unknown,0,young
management,married,tertiary,no,1448,no,no,cellular,21,aug,1,73,3,failure,0,older
management,married,tertiary,no,870,yes,no,cellular,5,may,1,346,1,failure,0,older
technician,single,secondary,no,316,no,no,cellular,20,aug,1,-1,0,unknown,0,young
entrepreneur,married,secondary,no,-330,yes,yes,cellular,14,jul,2,-1,0,unknown,0,young
management,married,tertiary,no,667,yes,no,cellular,18,nov,1,-1,0,unknown,0,older
management,married,tertiary,no,989,yes,no,cellular,7,may,2,-1,0,unknown,0,older
admin.,married,secondary,no,195,no,no,cellular,8,jul,2,-1,0,unknown,0,young
management,married,tertiary,no,-866,yes,no,cellular,3,nov,1,180,1,failure,0,older
technician,single,tertiary,no,265,no,no,cellular,25,aug,1,-1,0,unknown,0,young
services,single,secondary,no,-29,no,no,unknown,6,jun,2,-1,0,unknown,0,young
blue-collar,married,primary,no,185,yes,no,cellular,20,nov,1,188,4,failure,0,older
admin.,married,secondary,no,759,no,no,unknown,15,may,2,-1,0,unknown,0,older
management,married,tertiary,no,553,yes,no,cellular,16,apr,1,277,1,failure,0,older
management,married,tertiary,no,442,no,no,cellular,21,aug,5,95,4,success,1,young
blue-collar,married,secondary,no,1284,no,no,cellular,21,nov,1,174,2,failure,0,older
technician,married,secondary,no,732,yes,no,unknown,7,jun,5,-1,0,unknown,0,older
retired,married,primary,no,1032,no,no,cellular,28,aug,1,-1,1,success,1,older
housemaid,married,primary,no,1235,yes,no,telephone,17,may,4,-1,0,unknown,0,older
services,married,secondary,no,626,yes,no,cellular,15,jul,5,-1,0,unknown,0,young
services,married,secondary,no,405,yes,no,cellular,17,nov,1,-1,0,unknown,0,older
technician,married,secondary,no,343,no,no,cellular,16,may,1,267,2,success,0,young
management,married,tertiary,no,942,no,no,cellular,4,may,2,-1,0,unknown,0,older
blue-collar,married,primary,no,-41,yes,no,cellular,19,nov,1,-1,0,unknown,0,young
management,single,tertiary,no,2207,no,no,cellular,21,aug,4,90,6,success,1,young
management,married,tertiary,no,18,yes,no,cellular,19,aug,4,-1,0,unknown,0,older
blue-collar,married,secondary,no,1101,yes,no,cellular,19,apr,1,63,1,failure,0,older
services,single,secondary,no,185,yes,no,cellular,8,may,2,-1,0,unknown,0,young
services,married,secondary,no,590,yes,no,cellular,13,nov,2,-1,0,unknown,0,young
blue-collar,married,secondary,no,-485,yes,no,cellular,15,nov,2,-1,0,unknown,0,young
management,married,tertiary,no,1151,yes,no,unknown,15,may,4,-1,0,unknown,0,young
technician,single,secondary,no,980,no,no,cellular,26,aug,5,-1,0,unknown,0,young
technician,single,secondary,no,977,yes,no,unknown,5,jun,2,-1,0,unknown,0,young
technician,married,secondary,no,617,yes,no,unknown,16,may,2,-1,0,unknown,0,older
management,married,tertiary,no,-50,no,no,cellular,6,oct,1,127,1,failure,1,older
services,married,secondary,no,-436,yes,no,unknown,14,jun,14,-1,0,unknown,0,older
management,single,tertiary,no,261,yes,no,cellular,5,nov,2,110,2,failure,0,young
management,single,tertiary,no,255,no,no,unknown,7,jun,2,-1,0,unknown,0,young
management,married,primary,no,774,yes,no,cellular,15,apr,2,353,2,failure,0,older
admin.,married,secondary,no,775,yes,no,unknown,5,jun,5,-1,0,unknown,0,older
management,married,tertiary,no,795,no,no,cellular,9,aug,2,-1,0,unknown,0,young
admin.,married,secondary,no,607,yes,no,unknown,16,jun,17,-1,0,unknown,0,older
blue-collar,married,primary,no,740,no,no,unknown,4,jun,4,-1,0,unknown,0,older
blue-collar,married,primary,no,-496,no,no,cellular,2,feb,1,-1,0,unknown,0,young
management,married,tertiary,no,-223,no,no,cellular,12,aug,5,-1,0,unknown,0,young
blue-collar,married,primary,no,1347,yes,no,cellular,31,jul,6,-1,0,unknown,0,older
management,single,tertiary,no,305,yes,no,cellular,18,nov,1,145,1,failure,0,young
technician,single,secondary,no,342,no,no,cellular,14,jan,2,-1,0,unknown,0,young
services,married,secondary,no,367,yes,no,unknown,16,jun,5,-1,0,unknown,0,older
management,married,tertiary,no,891,no,no,cellular,20,aug,1,-1,0,unknown,0,older
technician,single,secondary,no,1203,yes,no,cellular,14,may,2,-1,0,unknown,0,young
technician,married,secondary,no,373,no,no,cellular,30,aug,4,-1,0,unknown,0,young
blue-collar,married,secondary,no,288,no,no,unknown,8,jun,4,-1,0,unknown,0,young
blue-collar,married,secondary,no,-40,yes,yes,cellular,21,jul,2,-1,0,unknown,0,young
management,married,tertiary,no,2590,no,no,cellular,21,aug,8,104,4,success,1,older
blue-collar,married,primary,no,574,yes,no,cellular,15,may,4,346,4,failure,0,young
admin.,married,secondary,no,-724,yes,yes,cellular,9,may,2,-1,0,unknown,0,young
technician,single,tertiary,no,1056,yes,no,cellular,2,apr,1,335,1,failure,1,young
services,married,secondary,no,647,no,no,cellular,5,aug,1,-1,0,unknown,0,young
admin.,married,secondary,no,-203,no,no,cellular,9,aug,2,-1,0,unknown,0,young
management,married,tertiary,no,1245,yes,no,cellular,20,aug,1,81,2,failure,0,young
entrepreneur,married,primary,no,730,no,no,unknown,8,may,4,-1,0,unknown,0,older
admin.,married,secondary,no,-91,yes,no,cellular,16,may,2,333,3,failure,0,older
services,single,secondary,no,412,no,no,cellular,13,aug,4,-1,0,unknown,0,young
technician,married,tertiary,no,1076,no,no,cellular,28,nov,1,-1,0,unknown,1,young
management,married,tertiary,no,1640,no,no,cellular,28,aug,1,-1,0,unknown,0,young
housemaid,married,secondary,no,942,no,no,cellular,8,aug,3,-1,0,unknown,0,older
blue-collar,married,secondary,no,237,yes,no,cellular,23,aug,4,-1,0,unknown,0,young
blue-collar,married,secondary,no,-43,yes,no,unknown,6,may,2,-1,0,unknown,0,young
technician,married,secondary,no,-127,no,no,cellular,17,aug,5,-1,0,unknown,0,older
blue-collar,married,primary,no,866,no,no,unknown,4,may,2,-1,0,unknown,0,older
admin.,married,secondary,no,558,no,no,cellular,18,aug,1,1,1,failure,0,young
technician,single,tertiary,no,1231,no,no,cellular,19,aug,3,109,6,failure,0,young
blue-collar,married,secondary,no,1241,yes,no,unknown,25,jun,2,-1,0,unknown,0,young
management,married,tertiary,no,1212,yes,no,unknown,21,jun,5,-1,0,unknown,0,older
technician,married,secondary,no,882,yes,no,unknown,2,jun,4,-1,0,unknown,0,older
management,single,tertiary,no,336,no,no,cellular,8,may,1,92,7,success,1,young
admin.,married,secondary,no,463,no,no,cellular,22,aug,2,-1,0,unknown,0,young
technician,married,secondary,no,28,no,no,cellular,8,jul,1,-1,0,unknown,0,older
services,married,secondary,no,1169,no,no,cellular,1,feb,3,-1,0,unknown,0,older
management,married,tertiary,no,-235,yes,no,cellular,2,nov,1,84,1,failure,0,older
technician,single,secondary,no,-119,yes,no,cellular,19,aug,2,194,3,failure,0,young
retired,married,tertiary,no,763,no,no,cellular,14,aug,2,-1,0,unknown,0,older
retired,married,primary,no,626,yes,no,cellular,7,jul,2,-1,0,unknown,0,older
admin.,married,secondary,no,-564,yes,no,cellular,8,feb,2,-1,0,unknown,1,young
management,single,tertiary,no,427,no,no,cellular,14,may,2,-1,0,unknown,1,young
self-employed,married,tertiary,no,387,no,no,unknown,6,jun,3,-1,0,unknown,0,older
technician,married,secondary,no,632,yes,no,cellular,18,aug,3,-1,0,unknown,0,older
management,married,tertiary,no,349,no,no,unknown,20,jun,2,-1,0,unknown,0,older
blue-collar,married,primary,no,-299,no,no,cellular,1,nov,2,-1,0,unknown,0,older
retired,married,secondary,no,951,yes,no,cellular,14,aug,4,-1,0,unknown,0,older
technician,married,secondary,no,480,yes,no,cellular,20,may,5,-1,0,unknown,0,young
management,married,tertiary,no,491,yes,no,cellular,21,nov,1,131,4,failure,0,young
self-employed,married,tertiary,no,908,no,no,cellular,21,sep,3,-1,0,unknown,0,young
admin.,single,secondary,no,464,no,no,cellular,26,oct,1,-1,0,unknown,0,young
blue-collar,married,secondary,no,113,no,no,cellular,11,aug,4,-1,0,unknown,1,young
technician,married,secondary,no,145,no,no,cellular,3,nov,6,-1,0,unknown,0,older
management,married,secondary,no,993,yes,no,cellular,29,aug,1,-1,0,unknown,0,older
technician,single,tertiary,no,948,no,no,unknown,20,jun,2,-1,0,unknown,0,young
management,married,tertiary,no,1631,yes,no,cellular,9,jul,2,-1,0,unknown,0,older
admin.,married,secondary,no,625,yes,no,unknown,3,jun,4,-1,0,unknown,0,older
services,single,secondary,no,282,no,no,unknown,4,jun,3,-1,0,unknown,0,young
management,married,tertiary,no,482,yes,no,cellular,4,may,4,-1,0,unknown,0,young
blue-collar,single,primary,no,-27,no,no,unknown,7,may,2,-1,0,unknown,0,young
technician,married,secondary,no,316,yes,no,unknown,1,jun,4,-1,0,unknown,0,older
technician,married,tertiary,no,752,no,no,cellular,11,aug,2,-1,0,unknown,0,older
admin.,married,secondary,no,-252,yes,yes,cellular,7,jul,2,-1,0,unknown,0,older
management,single,tertiary,no,601,yes,no,cellular,12,aug,1,104,1,failure,0,young
management,married,tertiary,no,-268,yes,no,unknown,6,jun,4,-1,0,unknown,0,young
admin.,single,secondary,no,463,yes,no,cellular,18,apr,1,328,6,failure,0,young
management,married,tertiary,no,1032,no,no,cellular,11,aug,4,-1,0,unknown,0,older
technician,married,secondary,no,515,yes,no,unknown,2,jun,2,-1,0,unknown,0,young
services,married,secondary,no,636,yes,no,cellular,16,aug,2,-1,0,unknown,0,older
blue-collar,married,secondary,no,340,no,no,cellular,18,aug,4,-1,0,unknown,0,young
technician,married,secondary,no,661,yes,no,cellular,3,nov,5,-1,0,unknown,0,young
management,single,tertiary,no,-14,yes,no,cellular,20,nov,1,-1,1,unknown,0,young
housemaid,married,secondary,no,483,no,no,cellular,12,aug,4,179,2,success,1,older
technician,married,secondary,no,1241,yes,no,cellular,28,jan,1,-1,0,unknown,0,young
technician,married,secondary,no,275,yes,no,unknown,17,may,2,-1,0,unknown,0,older
services,married,secondary,no,1030,no,no,cellular,23,jul,4,-1,0,unknown,0,young
technician,single,secondary,no,265,yes,no,unknown,29,jun,5,-1,0,unknown,0,young
blue-collar,single,secondary,no,83,no,no,cellular,4,jul,2,-1,0,unknown,0,young
management,married,tertiary,no,906,yes,no,cellular,14,aug,1,-1,0,unknown,0,young
technician,single,tertiary,no,383,yes,no,cellular,17,nov,1,163,6,failure,0,young
technician,married,secondary,no,867,no,no,cellular,2,aug,4,-1,0,unknown,0,young
retired,married,primary,no,2937,no,no,cellular,13,aug,1,89,4,failure,0,older
technician,married,secondary,no,218,yes,no,unknown,25,may,3,-1,0,unknown,0,young
blue-collar,married,primary,no,470,no,no,unknown,5,jun,2,-1,0,unknown,0,older
blue-collar,married,primary,no,263,yes,no,cellular,14,jul,3,-1,0,unknown,0,older
services,married,secondary,no,-196,yes,no,cellular,18,jul,1,-1,0,unknown,0,young
housemaid,married,primary,no,1001,no,no,cellular,14,jul,3,-1,0,unknown,0,older
blue-collar,married,primary,no,495,no,no,unknown,5,jun,2,-1,0,unknown,0,older
services,married,secondary,no,362,no,no,unknown,9,jun,2,-1,0,unknown,0,young
admin.,married,secondary,no,349,no,no,cellular,28,may,2,-1,0,unknown,0,young
services,married,secondary,no,1061,yes,no,cellular,15,may,4,-1,0,unknown,0,older
services,married,secondary,no,114,yes,no,cellular,27,may,2,-1,0,unknown,0,young
services,married,secondary,no,882,yes,no,unknown,4,may,3,-1,0,unknown,0,older
management,married,tertiary,no,122,yes,no,cellular,13,nov,1,-1,0,unknown,0,older
technician,single,secondary,no,231,yes,no,cellular,17,nov,1,-1,0,unknown,0,young
blue-collar,married,secondary,no,481,no,no,cellular,19,nov,2,173,3,failure,0,young
blue-collar,married,primary,no,475,no,no,unknown,10,jun,3,-1,0,unknown,0,older
management,married,secondary,no,130,yes,no,cellular,18,apr,1,267,1,failure,0,older
management,married,tertiary,no,-18,no,no,cellular,5,feb,2,-1,0,unknown,0,older
blue-collar,single,secondary,no,-114,no,no,cellular,21,aug,5,-1,0,unknown,0,young
blue-collar,single,primary,no,424,yes,no,cellular,18,nov,1,188,1,failure,0,young
admin.,married,secondary,no,409,yes,no,cellular,21,nov,1,-1,0,unknown,0,young
technician,married,secondary,no,-106,no,no,cellular,4,nov,1,188,6,failure,0,older
retired,married,primary,no,245,yes,no,cellular,11,jul,2,-1,0,unknown,0,older
blue-collar,single,secondary,no,917,yes,no,unknown,1,may,2,-1,0,unknown,0,young
technician,married,secondary,no,849,yes,no,cellular,12,may,2,363,2,failure,0,young
blue-collar,married,primary,no,541,yes,no,unknown,23,jun,3,-1,0,unknown,0,older
blue-collar,married,primary,no,26,yes,no,unknown,6,may,2,-1,0,unknown,0,young
management,single,tertiary,no,721,no,no,cellular,25,jan,1,-1,0,unknown,1,young
technician,married,secondary,no,486,no,no,cellular,7,oct,1,-1,0,unknown,0,older
blue-collar,married,secondary,no,803,yes,no,unknown,22,may,5,-1,0,unknown,0,older
blue-collar,married,primary,no,812,no,no,cellular,9,oct,2,-1,0,unknown,0,older
technician,single,secondary,no,1126,yes,no,unknown,18,jun,13,-1,0,unknown,0,young
services,married,secondary,no,-38,no,no,cellular,1,jul,2,-1,0,unknown,0,older
technician,married,secondary,no,-21,yes,yes,cellular,9,jul,2,-1,0,unknown,0,young
blue-collar,married,primary,no,817,no,no,cellular,14,may,1,249,2,failure,0,older
housemaid,married,secondary,no,1078,no,no,cellular,27,aug,2,-1,0,unknown,0,young
technician,married,secondary,no,-258,yes,no,unknown,20,jun,2,-1,0,unknown,0,older
blue-collar,single,primary,no,-510,yes,no,cellular,15,jul,5,-1,0,unknown,0,young
blue-collar,married,primary,no,107,no,no,cellular,3,nov,2,-1,0,unknown,0,older
retired,married,secondary,no,497,yes,no,unknown,2,jun,5,-1,0,unknown,0,older
technician,married,secondary,no,516,no,no,cellular,6,jan,1,88,6,failure,0,young
admin.,single,secondary,no,271,no,no,unknown,4,may,2,-1,0,unknown,0,young
blue-collar,married,secondary,no,345,yes,no,unknown,7,jun,2,-1,0,unknown,0,older
management,married,tertiary,no,418,no,no,unknown,15,jun,4,-1,0,unknown,0,young
student,single,tertiary,no,441,no,no,cellular,30,aug,1,-1,1,unknown,1,young
management,married,tertiary,no,1026,yes,no,unknown,8,jun,2,-1,0,unknown,0,young
services,married,secondary,no,701,no,no,cellular,19,feb,4,-1,0,unknown,0,older
entrepreneur,married,secondary,no,425,yes,no,unknown,16,jun,3,-1,0,unknown,0,older
admin.,married,secondary,no,258,no,no,cellular,20,nov,1,148,1,failure,0,young
technician,married,secondary,no,446,yes,no,cellular,14,jul,5,-1,0,unknown,0,older
retired,married,primary,no,841,yes,no,cellular,11,may,5,-1,0,unknown,0,older
blue-collar,married,secondary,no,628,yes,no,cellular,18,apr,1,-1,0,unknown,0,older
technician,married,secondary,no,969,yes,no,unknown,2,jun,2,-1,0,unknown,0,older
blue-collar,single,secondary,no,777,no,no,cellular,19,aug,4,-1,0,unknown,0,young
technician,married,secondary,no,-11,yes,no,cellular,18,nov,2,-1,0,unknown,0,young
services,married,secondary,no,176,yes,no,cellular,18,apr,2,358,2,failure,0,young
student,single,secondary,no,497,yes,no,cellular,15,may,5,-1,0,unknown,0,young
blue-collar,single,secondary,no,1279,yes,no,unknown,22,may,5,-1,0,unknown,0,young
retired,married,secondary,no,638,no,no,cellular,13,sep,1,190,6,success,1,older
blue-collar,married,secondary,no,608,no,no,cellular,9,jul,3,-1,0,unknown,0,young
services,married,secondary,no,982,yes,no,unknown,20,jun,5,-1,0,unknown,0,young
admin.,married,secondary,no,-27,no,no,cellular,9,jul,2,-1,0,unknown,0,older
technician,married,secondary,no,107,yes,no,unknown,9,may,2,-1,0,unknown,0,young
housemaid,married,secondary,no,-106,no,no,cellular,23,jul,3,-1,0,unknown,0,older
blue-collar,married,secondary,no,1088,yes,no,cellular,11,may,2,-1,0,unknown,0,older
services,married,secondary,no,961,no,no,unknown,16,jun,3,-1,0,unknown,0,young
admin.,married,secondary,no,247,yes,no,cellular,20,nov,1,-1,0,unknown,0,young
admin.,married,secondary,no,1261,yes,no,unknown,11,may,2,-1,0,unknown,0,young
admin.,married,secondary,no,-117,yes,no,unknown,7,may,2,-1,0,unknown,0,older
blue-collar,married,secondary,no,648,no,no,cellular,18,aug,1,-1,0,unknown,0,young
retired,married,secondary,no,1476,no,no,cellular,4,aug,2,-1,0,unknown,1,older
management,married,tertiary,no,2256,no,no,cellular,19,aug,3,-1,0,unknown,1,older
admin.,married,secondary,no,-53,no,no,cellular,8,jul,2,-1,0,unknown,0,older
admin.,single,secondary,no,358,yes,no,unknown,1,may,2,-1,0,unknown,0,young
management,married,tertiary,no,-172,yes,no,unknown,15,jun,3,-1,0,unknown,0,young
blue-collar,married,secondary,no,261,no,no,cellular,5,aug,3,-1,0,unknown,0,young
services,married,secondary,no,479,yes,no,unknown,16,jun,2,-1,0,unknown,0,older
blue-collar,married,primary,no,139,yes,no,cellular,8,may,2,-1,0,unknown,0,older
technician,single,secondary,no,802,no,no,cellular,30,aug,2,-1,0,unknown,0,young
management,married,tertiary,no,-15,no,no,cellular,8,aug,1,-1,0,unknown,0,older
self-employed,married,tertiary,no,329,no,no,cellular,10,jul,3,-1,0,unknown,0,young
technician,married,secondary,no,-108,no,no,unknown,8,jun,2,-1,0,unknown,0,young
admin.,married,secondary,no,126,yes,no,unknown,15,may,2,-1,0,unknown,0,older
management,married,tertiary,no,565,yes,no,cellular,5,may,1,334,9,failure,0,young
blue-collar,single,primary,no,-220,no,no,cellular,24,aug,4,-1,0,unknown,0,young
blue-collar,married,secondary,no,850,yes,no,cellular,2,feb,5,-1,0,unknown,0,young
technician,married,secondary,no,355,no,no,cellular,22,jul,3,-1,0,unknown,0,older
technician,married,secondary,no,-258,yes,no,cellular,25,aug,4,-1,0,unknown,0,older
technician,married,secondary,no,278,yes,no,cellular,3,nov,1,-1,0,unknown,0,older
management,married,tertiary,no,1601,no,no,cellular,27,aug,6,-1,4,success,1,older
technician,single,tertiary,no,238,no,no,cellular,10,jul,2,-1,0,unknown,0,young
management,married,tertiary,no,839,yes,no,cellular,18,nov,2,159,3,failure,0,young
services,single,secondary,no,586,no,no,cellular,31,aug,3,-1,0,unknown,0,young
admin.,married,secondary,no,474,no,no,cellular,15,jul,4,-1,0,unknown,0,older
technician,married,secondary,no,97,no,no,cellular,27,jul,5,-1,0,unknown,0,young
technician,married,tertiary,no,191,no,no,cellular,21,aug,3,92,2,success,1,young
admin.,married,secondary,no,753,no,no,cellular,19,aug,5,87,4,success,1,older
blue-collar,married,primary,no,-65,no,no,unknown,8,may,3,-1,0,unknown,0,older
technician,married,secondary,no,8,yes,no,cellular,14,apr,1,-1,0,unknown,0,young
technician,single,secondary,no,1061,yes,no,cellular,19,jul,4,-1,0,unknown,0,young
admin.,married,secondary,no,1101,yes,no,cellular,17,jul,2,-1,0,unknown,0,older
management,married,tertiary,no,1221,yes,no,cellular,20,nov,1,72,2,failure,0,young
blue-collar,single,primary,no,415,no,no,cellular,17,aug,1,104,1,success,1,young
technician,married,secondary,no,696,yes,no,cellular,13,may,2,-1,0,unknown,0,older
management,married,tertiary,no,873,yes,no,cellular,17,nov,1,148,1,failure,1,older
admin.,married,secondary,no,281,no,no,cellular,18,aug,4,94,4,success,1,older
services,married,secondary,no,813,no,no,cellular,5,feb,3,-1,0,unknown,0,young
management,married,tertiary,no,486,yes,no,cellular,28,jul,4,-1,0,unknown,0,young
admin.,married,secondary,no,261,yes,no,unknown,14,may,2,-1,0,unknown,0,older
management,married,tertiary,no,-544,yes,no,cellular,15,may,2,-1,0,unknown,0,older
blue-collar,married,secondary,no,277,yes,no,cellular,27,aug,5,-1,0,unknown,0,young
admin.,married,secondary,no,1276,yes,no,unknown,15,jun,2,-1,0,unknown,0,older
management,married,tertiary,no,-51,no,no,cellular,29,aug,1,-1,0,unknown,0,young
blue-collar,married,secondary,no,408,yes,no,unknown,5,jun,4,-1,0,unknown,0,young
retired,married,tertiary,no,1325,no,no,cellular,20,aug,3,-1,0,success,1,older
blue-collar,married,primary,no,-341,no,no,cellular,12,aug,4,-1,0,unknown,0,older
blue-collar,married,primary,no,91,yes,no,cellular,21,nov,1,-1,0,unknown,0,young
management,married,tertiary,no,388,yes,no,cellular,12,nov,1,181,4,failure,0,older
technician,single,secondary,no,1024,yes,no,unknown,10,may,2,-1,0,unknown,0,young
retired,married,primary,no,227,no,no,telephone,19,jul,5,-1,0,unknown,0,older
admin.,single,secondary,no,474,yes,no,cellular,5,may,1,276,1,failure,0,young
management,married,tertiary,no,-184,no,no,cellular,21,aug,13,-1,0,unknown,0,older
services,married,secondary,no,53,no,no,cellular,18,may,4,-1,0,unknown,0,older
blue-collar,married,primary,no,278,yes,no,unknown,7,may,3,-1,0,unknown,0,older
blue-collar,married,secondary,no,955,no,no,unknown,5,jun,4,-1,0,unknown,0,older
admin.,married,secondary,no,621,no,no,cellular,31,apr,1,-1,0,unknown,1,young
technician,married,secondary,no,796,no,no,cellular,8,jul,2,-1,0,unknown,0,older
management,married,tertiary,no,438,yes,no,unknown,1,jun,2,-1,0,unknown,0,young
admin.,single,secondary,no,231,no,no,cellular,29,jul,2,-1,0,unknown,0,young
management,married,tertiary,no,281,no,no,cellular,25,aug,3,-1,0,unknown,0,older
blue-collar,married,secondary,no,64,yes,no,unknown,15,jun,2,-1,0,unknown,0,young
admin.,married,secondary,no,-197,no,no,cellular,4,feb,1,183,1,failure,0,young
services,married,secondary,no,29,no,no,unknown,3,feb,2,-1,0,unknown,0,young
admin.,married,secondary,no,83,no,no,cellular,20,aug,3,165,6,success,0,older
management,married,tertiary,no,993,no,no,cellular,8,aug,1,-1,0,unknown,0,older
blue-collar,married,primary,no,966,no,no,cellular,14,jul,2,-1,0,unknown,0,older
technician,married,secondary,no,145,yes,no,cellular,22,nov,1,-1,0,unknown,0,older
admin.,married,secondary,no,697,no,no,cellular,1,feb,3,-1,0,unknown,0,older
technician,single,tertiary,no,142,no,no,cellular,2,oct,1,79,3,success,0,young
technician,single,secondary,no,309,no,no,cellular,4,aug,4,-1,0,unknown,0,young
admin.,single,secondary,no,176,no,no,cellular,20,aug,2,-1,0,unknown,0,young
management,married,tertiary,no,1581,no,no,cellular,29,aug,1,85,4,success,1,older
admin.,married,secondary,no,474,yes,no,unknown,15,jun,3,-1,0,unknown,0,older
technician,married,secondary,no,787,yes,no,unknown,4,jun,2,-1,0,unknown,0,young
management,single,tertiary,no,989,no,no,cellular,7,may,5,-1,0,unknown,0,young
technician,married,secondary,no,-3,yes,no,cellular,21,apr,1,37,5,failure,0,older
technician,married,secondary,no,1290,no,no,unknown,24,jun,6,-1,0,unknown,0,older
services,single,secondary,no,708,yes,no,unknown,3,jun,3,-1,0,unknown,0,young
management,married,tertiary,no,1030,no,no,cellular,26,aug,1,-1,0,unknown,0,older
technician,married,secondary,no,225,yes,no,cellular,26,aug,6,-1,0,unknown,0,older
blue-collar,married,primary,no,273,no,no,telephone,11,jul,4,-1,0,unknown,0,older
services,married,secondary,no,315,yes,no,unknown,7,jun,2,-1,0,unknown,0,older
blue-collar,married,secondary,no,127,yes,no,cellular,24,jul,5,-1,0,unknown,0,young
management,married,tertiary,no,417,no,no,cellular,24,oct,1,95,4,success,1,older
management,single,tertiary,no,9,no,no,cellular,26,oct,1,-1,0,unknown,1,young
technician,married,tertiary,no,781,yes,no,cellular,4,feb,2,253,2,failure,0,young
management,married,tertiary,no,338,yes,no,cellular,18,jul,5,-1,0,unknown,0,young
technician,single,secondary,no,130,yes,no,cellular,19,nov,1,193,1,failure,0,young
management,married,tertiary,no,1083,no,no,cellular,4,sep,1,106,2,success,1,older
blue-collar,married,primary,no,476,yes,no,cellular,16,apr,3,-1,0,unknown,0,older
retired,married,primary,no,366,no,no,cellular,22,jul,3,-1,0,unknown,0,older
admin.,married,secondary,no,-73,yes,no,cellular,15,apr,5,-1,0,unknown,0,older
management,married,tertiary,no,3274,no,no,cellular,22,aug,5,-1,0,unknown,1,older
blue-collar,married,primary,no,854,yes,no,unknown,13,jun,19,-1,0,unknown,0,young
management,single,tertiary,no,376,no,no,cellular,11,aug,2,-1,0,unknown,0,young
services,married,secondary,no,889,yes,no,unknown,15,jun,2,-1,0,unknown,0,older
blue-collar,married,secondary,no,289,yes,no,cellular,14,apr,2,-1,0,unknown,0,older
blue-collar,married,primary,no,299,yes,no,cellular,16,may,4,-1,0,unknown,0,young
management,single,tertiary,no,-495,yes,no,unknown,6,jun,2,-1,0,unknown,0,young
technician,married,secondary,no,919,yes,no,cellular,10,may,2,-1,0,unknown,0,older
admin.,married,secondary,no,110,yes,yes,cellular,8,jul,2,-1,0,unknown,0,young
management,single,tertiary,no,1642,no,no,cellular,27,aug,6,0,4,success,1,young
management,single,tertiary,no,1228,yes,no,cellular,18,nov,1,96,3,failure,0,young
blue-collar,married,secondary,no,811,no,no,cellular,9,jul,2,-1,0,unknown,0,young
management,married,tertiary,no,404,yes,no,cellular,16,apr,2,-1,0,unknown,0,young
management,married,tertiary,no,-4,no,no,cellular,8,jul,3,-1,0,unknown,0,older
admin.,married,secondary,no,36,yes,no,unknown,12,may,2,-1,0,unknown,0,young
entrepreneur,married,tertiary,no,1012,yes,no,unknown,2,jun,4,-1,0,unknown,0,older
admin.,married,secondary,no,-40,no,no,cellular,6,jul,1,-1,0,unknown,0,older
retired,married,primary,no,924,no,no,cellular,5,may,2,-1,0,unknown,0,older
blue-collar,married,primary,no,226,no,no,cellular,6,may,2,-1,0,unknown,0,young
blue-collar,married,primary,no,416,yes,no,cellular,22,may,5,-1,0,unknown,0,older
admin.,married,secondary,no,362,yes,no,cellular,5,feb,5,-1,0,unknown,0,older
blue-collar,married,primary,no,1429,yes,no,unknown,14,may,3,-1,0,unknown,0,young
management,married,tertiary,no,-166,no,no,cellular,29,jan,2,94,3,failure,0,older
blue-collar,single,primary,no,24,yes,no,cellular,10,may,5,-1,0,unknown,0,young
services,married,secondary,no,457,yes,no,cellular,15,may,2,336,2,failure,0,young
management,married,tertiary,no,266,no,no,cellular,9,jul,2,-1,0,unknown,0,young
technician,married,secondary,no,509,yes,no,cellular,8,may,2,283,7,failure,0,young
housemaid,married,primary,no,-88,no,no,cellular,4,jun,3,-1,0,unknown,0,older
services,single,secondary,no,50,yes,no,cellular,14,apr,2,-1,0,unknown,0,young
management,married,secondary,no,372,yes,no,cellular,18,apr,2,255,3,failure,0,young
entrepreneur,married,secondary,no,599,yes,no,cellular,21,jul,12,-1,0,unknown,0,young
technician,married,secondary,no,420,no,no,cellular,3,aug,1,88,2,success,0,older
admin.,married,secondary,no,483,no,no,cellular,26,jul,5,-1,0,unknown,0,young
blue-collar,married,secondary,no,937,yes,no,cellular,17,aug,2,-1,0,unknown,0,young
admin.,married,secondary,no,-251,no,no,cellular,3,nov,2,-1,0,unknown,0,young
management,single,tertiary,no,954,yes,no,cellular,4,may,2,-1,0,unknown,0,young
blue-collar,married,secondary,no,-371,yes,no,unknown,13,may,3,-1,0,unknown,0,young
blue-collar,married,secondary,no,837,yes,no,unknown,13,jun,5,-1,0,unknown,0,young
blue-collar,married,secondary,no,-292,no,no,cellular,21,aug,4,-1,0,unknown,0,young
management,married,tertiary,no,1114,yes,no,cellular,9,aug,2,-1,0,unknown,0,young
technician,married,secondary,no,598,no,no,cellular,20,nov,3,-1,0,unknown,0,young
management,married,tertiary,no,105,no,no,cellular,24,aug,1,-1,0,unknown,0,young
technician,married,secondary,no,357,no,no,unknown,10,jun,2,-1,0,unknown,0,older
retired,married,primary,no,1273,yes,no,cellular,16,may,2,-1,0,unknown,0,older
technician,married,secondary,no,901,no,no,cellular,18,nov,1,-1,0,unknown,0,older
technician,single,tertiary,no,755,no,no,cellular,21,jul,2,-1,0,unknown,0,young
technician,married,secondary,no,456,no,no,cellular,20,aug,2,173,2,failure,0,young
blue-collar,married,primary,no,323,yes,no,cellular,2,feb,2,-1,0,unknown,0,young
blue-collar,married,secondary,no,735,no,no,cellular,5,feb,1,179,1,failure,0,older
blue-collar,married,secondary,no,415,yes,no,unknown,8,jun,2,-1,0,unknown,0,young
technician,married,secondary,no,-58,yes,no,cellular,13,may,2,-1,0,unknown,0,young
blue-collar,single,secondary,no,534,no,no,cellular,20,aug,3,190,2,success,0,young
technician,married,secondary,no,1030,yes,no,cellular,24,jul,2,-1,0,unknown,0,older
management,married,tertiary,no,1308,no,no,cellular,30,aug,4,0,2,success,1,older
blue-collar,married,secondary,no,-89,no,no,cellular,10,jul,1,-1,0,unknown,0,young
technician,single,secondary,no,739,yes,no,unknown,27,may,2,-1,0,unknown,0,young
admin.,married,secondary,no,698,no,no,cellular,17,apr,1,-1,0,unknown,0,older
technician,married,secondary,no,985,no,no,cellular,18,nov,2,-1,0,unknown,0,older
blue-collar,married,secondary,no,433,yes,no,cellular,21,nov,1,104,2,failure,0,young
technician,single,tertiary,no,639,yes,no,unknown,7,may,2,-1,0,unknown,0,young
admin.,single,secondary,no,1045,no,no,cellular,15,sep,1,104,2,success,1,young
management,married,tertiary,no,942,yes,no,unknown,15,jun,5,-1,0,unknown,0,older
services,single,secondary,no,214,yes,no,cellular,15,jul,3,-1,0,unknown,0,young
technician,married,secondary,no,89,yes,no,cellular,18,jan,2,184,3,failure,0,young
student,single,secondary,no,-367,yes,no,cellular,15,jan,2,-1,0,unknown,0,young
technician,single,secondary,no,326,no,no,cellular,21,nov,1,-1,0,unknown,1,young
management,married,tertiary,no,1922,no,no,cellular,30,aug,4,92,3,success,1,older
admin.,married,secondary,no,241,yes,no,cellular,26,jul,2,-1,0,unknown,0,young
blue-collar,married,secondary,no,930,yes,no,cellular,16,may,2,-1,0,unknown,0,older
technician,single,secondary,no,745,no,no,cellular,15,may,3,-1,0,unknown,0,young
services,married,secondary,no,263,no,no,cellular,4,jul,4,-1,0,unknown,0,young
blue-collar,married,secondary,no,-62,no,no,cellular,18,nov,1,186,1,failure,0,older
blue-collar,married,primary,no,312,no,no,cellular,21,aug,1,-1,0,unknown,0,young
technician,married,secondary,no,207,no,no,cellular,12,aug,5,-1,0,unknown,0,older
blue-collar,married,primary,no,923,yes,no,cellular,14,may,3,-1,0,unknown,0,young
technician,married,secondary,no,375,no,no,cellular,4,jul,3,-1,0,unknown,0,young
self-employed,single,tertiary,no,466,yes,no,cellular,9,may,5,-1,0,unknown,0,young
technician,married,secondary,no,867,yes,no,cellular,21,apr,4,-1,0,unknown,0,young
management,married,tertiary,no,105,yes,no,cellular,19,nov,1,129,1,failure,0,older
technician,married,tertiary,no,1426,no,no,cellular,19,aug,5,0,4,success,1,older
blue-collar,married,secondary,no,526,yes,no,cellular,12,may,1,298,4,failure,0,older
services,married,secondary,no,11,no,no,unknown,8,may,2,-1,0,unknown,0,older
technician,married,secondary,no,552,yes,no,cellular,6,apr,1,351,0,failure,1,young
blue-collar,married,primary,no,-64,yes,no,cellular,13,aug,4,-1,0,unknown,0,older
blue-collar,married,secondary,no,720,no,no,unknown,8,may,2,-1,0,unknown,0,young
technician,married,tertiary,no,-520,no,no,cellular,7,aug,1,-1,0,unknown,0,young
technician,married,secondary,no,-95,yes,no,cellular,14,nov,2,-1,0,unknown,0,young
student,single,tertiary,no,767,yes,no,cellular,11,apr,1,32,6,other,0,young
blue-collar,married,secondary,no,769,no,no,cellular,30,aug,1,94,1,success,0,young
technician,married,secondary,no,1458,yes,no,unknown,16,may,5,-1,0,unknown,0,older
technician,married,secondary,no,442,yes,no,cellular,3,may,2,262,3,failure,0,young
management,married,tertiary,no,536,yes,no,cellular,12,may,2,-1,0,unknown,0,young
management,married,tertiary,no,441,no,no,cellular,20,aug,4,-1,0,unknown,0,young
blue-collar,single,secondary,no,668,no,no,cellular,7,jun,2,-1,0,unknown,0,young
blue-collar,married,primary,no,854,no,no,cellular,21,nov,1,83,0,success,1,older
management,married,tertiary,no,1099,no,no,cellular,19,feb,3,-1,0,unknown,0,young
management,married,tertiary,no,1210,yes,no,unknown,21,may,3,-1,0,unknown,0,older
technician,married,secondary,no,365,no,no,cellular,21,aug,5,-1,0,unknown,0,older
management,married,tertiary,no,36,no,no,cellular,13,aug,2,-1,0,unknown,0,young
technician,married,secondary,no,59,yes,no,unknown,5,may,2,-1,0,unknown,0,young
services,single,secondary,no,335,no,no,cellular,2,nov,1,-1,0,unknown,0,young
technician,married,secondary,no,740,yes,no,cellular,16,jul,5,-1,0,unknown,0,older
admin.,married,secondary,no,128,no,no,cellular,7,aug,1,98,5,success,1,older
blue-collar,married,primary,no,446,yes,no,cellular,10,jul,2,-1,0,unknown,0,older
retired,married,primary,no,-7,yes,no,unknown,15,jun,4,-1,0,unknown,0,older
technician,married,secondary,no,651,yes,no,unknown,10,may,4,-1,0,unknown,0,older
services,married,secondary,no,468,yes,no,unknown,19,jun,2,-1,0,unknown,0,older
management,married,tertiary,no,486,yes,no,cellular,15,may,4,-1,0,unknown,0,older
blue-collar,married,primary,no,798,yes,no,cellular,15,apr,1,383,1,failure,0,older
management,married,tertiary,no,640,no,no,cellular,6,nov,1,193,2,failure,0,young
management,married,tertiary,no,236,no,no,unknown,5,jun,4,-1,0,unknown,0,older
services,married,secondary,no,-12,yes,no,unknown,13,may,3,-1,0,unknown,0,older
management,married,tertiary,no,556,no,no,cellular,12,jun,1,105,4,success,1,older
management,single,tertiary,no,843,yes,no,cellular,18,nov,2,159,7,failure,0,young
blue-collar,married,primary,no,1070,no,no,cellular,18,aug,6,-1,0,unknown,0,older
technician,married,secondary,no,-913,yes,no,unknown,8,may,2,-1,0,unknown,0,older
services,married,secondary,no,318,yes,no,cellular,28,aug,4,-1,0,unknown,0,young
technician,married,secondary,no,545,no,no,cellular,2,nov,5,-1,0,unknown,0,young
management,married,tertiary,no,-395,yes,no,unknown,2,feb,2,-1,0,unknown,0,older
blue-collar,married,primary,no,282,yes,no,cellular,14,apr,2,-1,0,unknown,0,older
services,married,secondary,no,1121,yes,no,unknown,15,may,3,-1,0,unknown,0,young
entrepreneur,married,secondary,no,-211,no,no,cellular,16,feb,5,-1,0,unknown,0,older
retired,married,tertiary,no,167,no,no,cellular,11,aug,4,-1,0,unknown,0,older
retired,married,primary,no,841,no,no,cellular,18,nov,4,-1,0,unknown,0,older
management,married,tertiary,no,352,no,no,cellular,27,aug,3,-1,0,unknown,1,young
services,married,secondary,no,-119,yes,no,cellular,18,jul,4,-1,0,unknown,0,older
blue-collar,single,secondary,no,1124,no,no,cellular,19,aug,1,-1,0,unknown,0,young
technician,married,secondary,no,-157,no,no,cellular,6,aug,3,-1,0,unknown,0,young
admin.,single,secondary,no,343,yes,no,cellular,17,aug,2,185,0,failure,0,young
management,single,tertiary,no,4981,no,no,cellular,29,aug,5,96,5,success,1,young
admin.,married,secondary,no,1128,yes,no,cellular,17,may,1,331,1,failure,0,older
unemployed,single,secondary,no,370,no,no,cellular,8,feb,2,-1,0,unknown,0,young
management,married,tertiary,no,237,yes,no,cellular,19,aug,4,-1,0,unknown,0,young
management,married,tertiary,no,-223,no,no,cellular,15,jul,4,-1,0,unknown,0,young
blue-collar,married,secondary,no,415,yes,no,unknown,8,may,3,-1,0,unknown,0,young
blue-collar,married,primary,no,863,no,no,cellular,15,jul,2,-1,0,unknown,0,young
blue-collar,married,primary,no,229,yes,no,cellular,17,apr,2,-1,0,unknown,0,young
blue-collar,married,secondary,no,-97,yes,no,cellular,15,aug,2,-1,0,unknown,0,older
blue-collar,married,secondary,no,210,no,no,cellular,21,jul,2,-1,0,unknown,0,young
technician,married,secondary,no,661,no,no,cellular,21,aug,7,-1,0,unknown,0,young
management,married,tertiary,no,858,no,no,cellular,27,aug,1,105,3,success,1,older
admin.,married,secondary,no,1009,no,no,cellular,4,may,1,184,4,success,1,older
management,married,tertiary,no,781,yes,no,cellular,15,jul,5,-1,0,unknown,0,older
admin.,married,secondary,no,1228,yes,no,cellular,15,apr,2,-1,0,unknown,1,young
management,single,tertiary,no,313,no,no,cellular,8,may,2,-1,0,unknown,1,young
blue-collar,married,primary,no,528,yes,no,cellular,16,may,2,354,1,failure,0,young
management,single,tertiary,no,-140,no,no,cellular,19,aug,1,-1,0,unknown,0,young
admin.,married,secondary,no,936,yes,no,unknown,2,may,2,-1,0,unknown,0,young
admin.,married,secondary,no,890,yes,no,cellular,15,jun,1,342,1,failure,0,young
blue-collar,married,primary,no,736,no,no,cellular,6,may,4,-1,0,unknown,0,older
blue-collar,married,primary,no,-281,no,no,unknown,19,jun,2,-1,0,unknown,0,older
management,married,tertiary,no,814,yes,no,cellular,21,aug,5,-1,2,unknown,1,young
technician,married,secondary,no,189,yes,no,unknown,15,jun,3,-1,0,unknown,0,older
admin.,married,secondary,no,113,yes,no,cellular,8,may,2,-1,0,unknown,0,young
management,single,tertiary,no,482,no,no,cellular,20,nov,1,156,1,failure,1,young
management,married,tertiary,no,236,yes,no,cellular,21,jul,2,-1,0,unknown,0,older
technician,married,secondary,no,307,yes,no,cellular,15,jun,1,327,1,failure,0,young
blue-collar,married,secondary,no,17,yes,no,cellular,3,may,3,-1,0,unknown,0,older
admin.,single,secondary,no,1282,no,no,unknown,9,jun,2,-1,0,unknown,0,young
blue-collar,married,primary,no,145,no,no,cellular,20,feb,2,-1,0,unknown,0,older
technician,married,secondary,no,184,no,no,cellular,24,aug,4,-1,0,unknown,0,older
retired,married,primary,no,673,yes,no,cellular,16,jul,4,-1,0,unknown,0,older
blue-collar,single,primary,no,-144,no,no,cellular,31,aug,2,-1,0,unknown,0,young
housemaid,married,secondary,no,988,yes,no,cellular,15,aug,1,-1,0,unknown,0,older
technician,married,secondary,no,836,yes,no,cellular,14,jul,4,-1,0,unknown,0,older
technician,married,secondary,no,931,no,no,cellular,29,aug,3,176,2,success,0,young
technician,married,secondary,no,47,no,no,cellular,18,feb,2,-1,0,unknown,0,young
technician,married,secondary,no,841,yes,no,cellular,14,may,2,-1,0,unknown,0,older
management,married,tertiary,no,294,yes,no,unknown,3,jun,2,-1,0,unknown,0,young
technician,married,secondary,no,662,yes,no,cellular,20,aug,5,-1,0,unknown,0,young
technician,single,tertiary,no,257,no,no,cellular,26,apr,1,-1,0,unknown,1,young
services,married,secondary,no,-13,yes,no,unknown,12,may,2,-1,0,unknown,0,older
admin.,married,secondary,no,601,no,no,cellular,8,aug,1,-1,0,unknown,0,young
blue-collar,married,primary,no,225,no,no,cellular,28,aug,1,-1,0,unknown,0,young
management,married,tertiary,no,733,yes,no,unknown,6,jun,2,-1,0,unknown,0,older
technician,married,secondary,no,745,yes,no,cellular,19,aug,4,180,2,failure,0,young
admin.,married,secondary,no,47,no,no,cellular,3,jan,1,236,3,failure,0,older
technician,married,secondary,no,303,yes,no,cellular,19,aug,2,-1,0,unknown,0,young
blue-collar,married,primary,no,564,yes,no,telephone,4,may,5,-1,0,unknown,0,older
technician,single,secondary,no,149,no,no,cellular,21,nov,1,-1,0,unknown,1,young
technician,married,secondary,no,613,yes,no,unknown,15,jun,5,-1,0,unknown,0,older
blue-collar,married,secondary,no,293,no,no,cellular,4,aug,1,111,1,success,1,young
technician,married,secondary,no,-27,no,no,cellular,7,aug,4,-1,0,unknown,0,older
services,single,secondary,no,32,no,no,cellular,30,jan,2,-1,0,unknown,0,young
technician,single,secondary,no,909,no,no,cellular,22,jul,3,-1,0,unknown,0,young
technician,married,secondary,no,144,yes,no,cellular,4,nov,1,-1,0,unknown,0,young
technician,married,tertiary,no,946,no,no,unknown,12,may,2,-1,0,unknown,0,young
management,married,tertiary,no,577,no,no,cellular,12,aug,3,-1,0,unknown,0,young
services,single,secondary,no,62,no,no,unknown,3,may,3,-1,0,unknown,0,young
management,married,tertiary,no,-41,no,no,unknown,6,jun,2,-1,0,unknown,0,young
management,married,tertiary,no,758,no,no,cellular,18,aug,2,-1,0,unknown,0,older
entrepreneur,married,tertiary,no,158,yes,no,unknown,15,jun,4,-1,0,unknown,0,young
blue-collar,single,secondary,no,-37,yes,no,cellular,15,nov,2,-1,0,unknown,0,young
admin.,married,secondary,no,1000,yes,no,cellular,13,may,4,-1,0,unknown,0,older
blue-collar,married,primary,no,605,yes,no,unknown,18,may,2,-1,0,unknown,0,young
retired,married,secondary,no,114,yes,no,unknown,10,jun,2,-1,0,unknown,0,older
management,married,tertiary,no,-126,no,no,cellular,26,aug,4,-1,0,unknown,0,older
admin.,married,secondary,no,577,yes,no,cellular,18,apr,1,346,1,failure,0,older
admin.,single,secondary,no,-385,yes,no,cellular,16,may,4,-1,0,unknown,0,young
management,married,tertiary,no,110,yes,no,cellular,15,jul,2,-1,0,unknown,0,young
services,married,secondary,no,815,yes,no,unknown,14,may,2,-1,0,unknown,0,older
services,married,secondary,no,298,yes,no,unknown,15,jun,2,-1,0,unknown,0,older
management,single,secondary,no,800,yes,no,cellular,20,nov,1,124,3,failure,0,young
services,married,secondary,no,133,yes,no,cellular,6,may,4,-1,0,unknown,0,young
admin.,married,secondary,no,54,yes,no,cellular,18,apr,1,-1,0,unknown,0,older
technician,married,secondary,no,1203,no,no,cellular,8,aug,2,-1,0,unknown,0,older
technician,married,secondary,no,464,no,no,cellular,4,feb,2,-1,0,unknown,0,older
unknown,married,secondary,no,223,no,no,cellular,7,aug,3,-1,0,unknown,0,older
technician,married,secondary,no,383,no,no,cellular,5,aug,3,-1,0,unknown,0,older
management,married,tertiary,no,247,yes,no,cellular,15,jul,2,-1,0,unknown,0,older
technician,married,secondary,no,397,yes,no,cellular,18,nov,3,-1,0,unknown,0,older
services,married,secondary,no,19,yes,no,cellular,24,jul,5,-1,0,unknown,0,young
management,married,tertiary,no,611,yes,no,cellular,14,may,5,-1,0,unknown,0,young
management,married,tertiary,no,921,yes,no,cellular,19,aug,1,42,6,failure,0,young
services,married,secondary,no,495,yes,no,cellular,21,aug,3,181,4,failure,0,older
technician,married,secondary,no,397,yes,no,unknown,20,jun,2,-1,0,unknown,0,older
retired,married,primary,no,553,no,no,telephone,16,jul,5,-1,0,unknown,0,older
retired,married,tertiary,no,599,no,no,cellular,28,aug,1,-1,0,unknown,0,older
management,single,tertiary,no,-189,no,no,unknown,13,jun,3,-1,0,unknown,0,young
blue-collar,married,primary,no,-100,yes,no,unknown,15,jun,3,-1,0,unknown,0,young
technician,single,tertiary,no,444,no,no,cellular,4,may,1,160,6,success,1,young
blue-collar,married,secondary,no,-96,yes,no,cellular,11,apr,2,-1,0,unknown,0,young
technician,single,tertiary,no,58,no,no,cellular,15,jul,2,-1,0,unknown,0,young
admin.,married,secondary,no,496,yes,no,cellular,6,may,1,389,1,failure,0,young
technician,single,tertiary,no,359,no,no,unknown,3,jun,2,-1,0,unknown,0,young
technician,married,secondary,no,306,yes,no,cellular,6,jan,1,179,2,failure,0,older
retired,married,secondary,no,433,no,no,cellular,4,apr,4,-1,0,unknown,0,older
technician,married,secondary,no,442,yes,no,unknown,27,may,5,-1,0,unknown,0,older
blue-collar,married,secondary,no,414,yes,no,cellular,24,nov,4,-1,0,unknown,0,young
admin.,married,secondary,no,510,no,no,cellular,6,apr,1,-1,0,unknown,0,older
management,single,tertiary,no,-142,no,no,cellular,18,aug,2,-1,0,unknown,0,young
management,married,secondary,no,214,yes,no,cellular,17,nov,1,-1,0,unknown,0,older
blue-collar,married,primary,no,619,yes,no,cellular,20,nov,1,67,2,failure,0,older
technician,married,secondary,no,519,no,no,cellular,13,aug,7,-1,0,unknown,0,older
admin.,married,secondary,no,280,no,no,cellular,26,aug,2,-1,0,unknown,0,older
blue-collar,single,secondary,no,151,yes,no,cellular,21,aug,4,-1,0,unknown,0,young
blue-collar,married,primary,no,253,no,no,unknown,8,may,2,-1,0,unknown,0,older
blue-collar,married,secondary,no,-9,yes,no,cellular,15,jul,2,-1,0,unknown,0,young
management,married,tertiary,no,861,no,no,cellular,5,may,4,-1,0,unknown,0,older
management,married,tertiary,no,444,no,no,unknown,18,may,2,-1,0,unknown,0,young
blue-collar,married,secondary,no,433,no,no,unknown,7,jun,4,-1,0,unknown,0,young
technician,married,secondary,no,-36,no,no,cellular,7,nov,1,-1,0,unknown,0,older
management,married,tertiary,no,552,no,no,cellular,4,nov,2,-1,0,unknown,0,young
management,married,tertiary,no,487,no,no,cellular,2,feb,2,-1,0,unknown,0,older
management,married,tertiary,no,16,no,no,cellular,17,nov,4,-1,0,unknown,0,older
technician,single,secondary,no,-193,no,no,cellular,5,feb,2,-1,0,unknown,1,young
management,married,tertiary,no,54,yes,no,cellular,22,may,2,-1,0,unknown,0,older
retired,married,primary,no,1231,no,no,telephone,29,jul,6,-1,0,unknown,0,older
management,married,tertiary,no,444,yes,no,cellular,2,apr,1,-1,0,unknown,0,young
retired,married,primary,no,-221,no,no,cellular,19,nov,1,-1,0,unknown,0,older
student,single,secondary,no,84,no,no,cellular,20,aug,1,229,2,failure,0,young
blue-collar,married,primary,no,937,yes,no,unknown,18,jun,2,-1,0,unknown,0,older
blue-collar,married,primary,no,491,yes,no,cellular,14,feb,2,274,2,failure,0,older
blue-collar,married,primary,no,610,no,no,unknown,18,jun,1,-1,0,unknown,0,older
management,married,tertiary,no,-173,no,no,cellular,25,aug,5,-1,0,unknown,0,young
technician,married,secondary,no,659,yes,no,cellular,18,jan,1,76,2,failure,0,young
management,married,tertiary,no,-183,no,no,cellular,28,aug,2,-1,0,unknown,0,young
management,married,tertiary,no,-139,yes,no,cellular,7,jan,1,98,2,failure,0,young
blue-collar,married,secondary,no,307,yes,no,unknown,23,jun,3,-1,0,unknown,0,young
services,married,secondary,no,501,no,no,cellular,19,aug,3,175,2,failure,0,young
services,single,secondary,no,978,yes,no,cellular,18,nov,1,-1,0,unknown,0,young
blue-collar,married,primary,no,1032,no,no,cellular,8,aug,6,-1,0,unknown,0,older
student,single,tertiary,no,455,no,no,cellular,15,jan,2,-1,0,unknown,0,young
technician,married,secondary,no,496,no,no,cellular,25,aug,2,-1,0,unknown,0,young
technician,married,secondary,no,181,yes,no,cellular,15,aug,3,-1,0,unknown,0,young
technician,married,secondary,no,640,no,no,cellular,20,aug,2,-1,0,unknown,0,young
management,married,tertiary,no,157,yes,no,cellular,21,aug,2,170,4,failure,0,young
technician,married,secondary,no,33,no,no,unknown,5,may,2,-1,0,unknown,0,older
services,married,secondary,no,526,no,no,cellular,6,jul,3,-1,0,unknown,0,older
services,married,secondary,no,558,yes,no,unknown,14,jun,5,-1,0,unknown,0,young
technician,single,tertiary,no,683,yes,no,cellular,12,apr,1,194,6,failure,0,young
blue-collar,married,primary,no,916,no,no,cellular,7,nov,1,-1,0,unknown,1,older
student,single,tertiary,no,-122,no,no,cellular,16,may,2,-1,0,unknown,0,young
technician,married,tertiary,no,1603,no,no,cellular,28,aug,1,86,0,unknown,0,older
technician,married,secondary,no,1001,no,no,cellular,6,aug,4,-1,0,unknown,1,young
management,married,tertiary,no,-50,yes,no,cellular,20,aug,1,96,2,failure,0,young
management,single,tertiary,no,626,yes,no,cellular,24,aug,1,-1,0,unknown,0,young
unknown,married,secondary,no,1175,no,no,cellular,26,aug,2,-1,0,unknown,0,older
management,married,tertiary,no,1041,no,no,cellular,6,feb,2,-1,0,unknown,0,older
services,single,secondary,no,219,yes,no,unknown,18,may,2,-1,0,unknown,0,young
unknown,married,secondary,no,3064,no,no,cellular,4,aug,2,-1,0,unknown,0,older
blue-collar,married,primary,no,15,yes,no,unknown,6,may,3,-1,0,unknown,0,young
retired,married,secondary,no,465,yes,no,unknown,2,jun,2,-1,0,unknown,0,older
technician,single,tertiary,no,266,no,no,cellular,29,jan,2,-1,0,unknown,0,young
technician,married,secondary,no,609,yes,no,cellular,6,nov,2,-1,0,unknown,0,older
blue-collar,married,secondary,no,282,no,no,cellular,12,aug,2,-1,0,unknown,0,older
admin.,married,secondary,no,-392,no,no,cellular,3,jul,2,-1,0,unknown,0,young
technician,single,secondary,no,-34,no,no,cellular,28,jul,4,-1,0,unknown,0,young
blue-collar,married,primary,no,228,yes,no,cellular,13,jul,2,-1,0,unknown,0,older
admin.,single,secondary,no,53,yes,no,unknown,14,may,3,-1,0,unknown,0,young
technician,married,secondary,no,177,no,no,unknown,15,may,2,-1,0,unknown,0,older
management,married,tertiary,no,822,no,no,cellular,2,oct,1,91,1,success,1,older
student,single,tertiary,no,526,no,no,cellular,14,sep,3,97,3,success,1,young
entrepreneur,married,tertiary,no,-20,no,no,cellular,1,jul,2,-1,0,unknown,0,older
blue-collar,married,primary,no,623,no,no,cellular,11,jul,3,-1,0,unknown,0,older
services,married,secondary,no,817,yes,no,unknown,17,jun,2,-1,0,unknown,0,older
technician,married,secondary,no,966,yes,no,cellular,19,aug,4,-1,0,unknown,0,older
blue-collar,married,secondary,no,1222,yes,no,cellular,18,nov,4,-1,0,unknown,0,older
retired,married,secondary,no,146,no,no,cellular,4,nov,1,188,2,failure,0,older
technician,married,secondary,no,134,no,no,cellular,27,aug,4,-1,0,unknown,0,older
management,married,secondary,no,277,yes,no,cellular,2,nov,1,-1,0,unknown,0,older
management,married,tertiary,no,42,no,no,cellular,7,feb,1,93,3,success,0,young
technician,married,secondary,no,-22,no,no,cellular,17,aug,1,-1,0,unknown,0,older
housemaid,married,primary,no,1266,no,no,cellular,13,aug,7,-1,0,unknown,0,older
unknown,married,tertiary,no,325,no,no,cellular,19,oct,3,-1,0,unknown,0,older
admin.,married,secondary,no,360,yes,no,cellular,21,nov,1,121,1,failure,0,older
technician,married,secondary,no,35,no,no,unknown,12,may,2,-1,0,unknown,0,older
blue-collar,married,secondary,no,15,no,no,unknown,9,may,2,-1,0,unknown,0,older
technician,married,tertiary,no,916,no,no,cellular,4,aug,4,-1,0,unknown,0,older
management,married,tertiary,no,603,yes,no,unknown,6,may,5,-1,0,unknown,0,older
housemaid,married,secondary,no,847,no,no,cellular,3,feb,2,-1,0,unknown,0,older
retired,married,secondary,no,73,yes,no,cellular,17,jul,2,-1,0,unknown,0,older
management,married,tertiary,no,237,no,no,cellular,25,aug,3,-1,0,unknown,0,older
management,married,tertiary,no,546,yes,no,cellular,27,aug,2,-1,0,unknown,0,older
technician,married,secondary,no,505,yes,no,unknown,20,may,2,-1,0,unknown,0,young
management,married,tertiary,no,367,no,no,cellular,27,aug,5,-1,0,unknown,0,young
admin.,single,secondary,no,-20,no,no,unknown,6,may,2,-1,0,unknown,0,young
admin.,married,secondary,no,285,no,no,cellular,11,aug,4,-1,0,success,1,older
management,married,tertiary,no,721,yes,no,cellular,11,aug,3,-1,0,unknown,0,older
student,single,secondary,no,319,no,no,cellular,4,sep,1,93,3,success,1,young
admin.,married,secondary,no,-615,yes,no,cellular,13,aug,4,-1,0,unknown,0,older
admin.,married,secondary,no,776,no,no,cellular,2,apr,1,42,1,failure,1,older
admin.,married,secondary,no,-432,no,no,cellular,24,aug,6,-1,0,unknown,0,older
blue-collar,married,secondary,no,661,yes,no,cellular,18,aug,4,175,2,success,0,older
services,married,secondary,no,15,yes,no,cellular,21,jul,4,-1,0,unknown,0,older
services,married,secondary,no,-674,no,no,cellular,28,aug,5,-1,0,unknown,0,older
management,married,tertiary,no,431,no,no,cellular,19,nov,1,151,1,failure,1,older
unknown,married,secondary,no,239,no,no,cellular,28,aug,7,-1,0,unknown,0,older
blue-collar,married,primary,no,-90,yes,no,cellular,13,may,2,-1,0,unknown,0,young
management,single,tertiary,no,773,no,no,cellular,5,nov,2,-1,0,unknown,0,young
technician,married,secondary,no,1049,yes,no,cellular,4,nov,4,-1,0,unknown,0,older
retired,married,primary,no,758,no,no,cellular,20,aug,3,-1,2,success,1,older
technician,married,secondary,no,1364,yes,no,cellular,12,may,2,-1,0,unknown,0,older
management,single,tertiary,no,-27,yes,no,unknown,4,jun,2,-1,0,unknown,0,young
management,single,tertiary,no,1329,no,no,cellular,22,aug,1,-1,0,unknown,0,young
technician,married,secondary,no,126,yes,no,unknown,16,may,2,-1,0,unknown,0,older
admin.,married,secondary,no,186,no,no,cellular,8,oct,1,-1,0,unknown,1,young
management,married,tertiary,no,-638,yes,no,unknown,5,jun,3,-1,0,unknown,0,older
retired,married,primary,no,321,yes,no,cellular,13,may,2,252,6,failure,0,older
blue-collar,married,secondary,no,526,yes,no,unknown,14,may,2,-1,0,unknown,0,young
admin.,married,secondary,no,401,no,no,cellular,15,jan,1,-1,0,unknown,0,young
technician,married,secondary,no,522,yes,no,unknown,9,may,2,-1,0,unknown,0,older
technician,married,secondary,no,-39,no,no,cellular,31,aug,1,-1,0,unknown,0,older
management,married,tertiary,no,872,yes,no,cellular,12,aug,2,-1,0,unknown,0,older
management,married,tertiary,no,491,yes,no,cellular,5,jul,2,-1,0,unknown,0,young
blue-collar,married,secondary,no,438,yes,no,cellular,19,aug,4,185,0,failure,0,young
blue-collar,married,primary,no,450,no,no,cellular,13,aug,2,-1,0,unknown,0,older
management,married,tertiary,no,2480,no,no,cellular,29,aug,1,92,4,success,1,older
management,married,tertiary,no,86,yes,no,cellular,19,nov,1,-1,1,failure,0,young
retired,married,primary,no,1278,yes,no,cellular,17,nov,2,189,7,failure,0,older
services,married,secondary,no,6,no,no,cellular,3,jul,1,-1,0,unknown,0,older
admin.,married,secondary,no,193,yes,no,cellular,3,jul,5,-1,0,unknown,0,young
management,married,tertiary,no,721,yes,no,cellular,20,aug,3,87,6,failure,0,older
admin.,married,secondary,no,478,yes,no,cellular,14,may,5,-1,0,unknown,0,older
entrepreneur,married,tertiary,no,1153,no,no,cellular,2,nov,2,-1,0,unknown,0,young
retired,married,tertiary,no,805,no,no,cellular,4,feb,2,194,3,failure,0,older
self-employed,married,tertiary,no,-5,no,no,cellular,11,jun,2,-1,0,unknown,0,older
technician,single,secondary,no,744,no,no,cellular,30,aug,1,-1,0,unknown,0,young
blue-collar,single,secondary,no,38,yes,no,cellular,4,jul,2,-1,0,unknown,0,young
retired,married,tertiary,no,988,no,no,cellular,6,aug,1,-1,0,unknown,1,older
unknown,married,secondary,no,-469,no,no,cellular,29,oct,1,-1,0,unknown,1,older
management,married,tertiary,no,479,yes,no,unknown,17,may,2,-1,0,unknown,0,young
management,married,secondary,no,-83,yes,no,cellular,18,jul,2,-1,0,unknown,0,older
technician,married,secondary,no,1313,yes,no,unknown,15,jun,2,-1,0,unknown,0,older
technician,single,tertiary,no,53,no,no,cellular,26,aug,6,-1,0,unknown,0,young
admin.,married,secondary,no,1476,no,no,cellular,2,nov,3,-1,0,unknown,0,older
services,single,secondary,no,1493,yes,no,unknown,15,may,2,-1,0,unknown,0,young
services,single,secondary,no,248,yes,no,cellular,4,feb,1,277,1,failure,0,young
management,single,tertiary,no,846,yes,no,cellular,19,aug,5,-1,0,unknown,0,young
services,married,secondary,no,427,no,no,cellular,18,nov,1,90,1,success,1,young
technician,married,secondary,no,430,yes,no,cellular,18,nov,1,181,3,failure,0,young
admin.,single,secondary,no,791,yes,no,cellular,15,may,2,-1,0,unknown,1,young
admin.,married,secondary,no,-79,yes,no,cellular,29,apr,1,-1,0,unknown,0,young
housemaid,married,primary,no,-62,no,no,cellular,8,jul,2,-1,0,unknown,0,older
blue-collar,married,secondary,no,879,no,no,cellular,18,nov,4,-1,0,unknown,0,older
admin.,married,secondary,no,546,no,no,unknown,9,jun,11,-1,0,unknown,0,young
services,married,secondary,no,819,yes,no,cellular,1,feb,2,-1,0,unknown,0,young
services,married,secondary,no,1084,no,no,cellular,2,feb,2,-1,0,unknown,0,young
technician,married,secondary,no,462,no,no,cellular,13,jul,2,-1,0,unknown,0,older
management,married,tertiary,no,58,no,no,unknown,8,may,2,-1,0,unknown,0,older
services,married,secondary,no,802,yes,no,unknown,13,may,2,-1,0,unknown,0,young
housemaid,married,primary,no,1426,no,no,unknown,11,may,5,-1,0,unknown,0,older
admin.,single,secondary,no,515,yes,no,cellular,20,apr,1,-1,0,unknown,0,young
services,single,secondary,no,-7,no,no,cellular,24,jul,4,-1,0,unknown,0,young
management,married,tertiary,no,721,no,no,cellular,6,aug,5,-1,0,unknown,0,older
blue-collar,married,primary,no,112,yes,no,cellular,6,may,3,-1,0,unknown,0,older
technician,married,tertiary,no,253,yes,no,cellular,4,apr,1,-1,0,unknown,1,older
management,married,tertiary,no,267,no,no,cellular,10,aug,2,-1,0,unknown,0,older
technician,married,secondary,no,226,yes,no,unknown,5,may,2,-1,0,unknown,0,young
retired,married,primary,no,-316,no,no,cellular,4,jul,3,-1,0,unknown,0,older
management,married,tertiary,no,-212,yes,no,cellular,25,aug,3,-1,0,unknown,0,young
services,married,secondary,no,355,yes,no,cellular,20,jul,3,-1,0,unknown,0,older
technician,single,secondary,no,907,no,no,cellular,20,feb,2,-1,0,unknown,0,young
entrepreneur,married,secondary,no,418,yes,no,cellular,21,jul,2,-1,0,unknown,0,older
unknown,married,secondary,no,734,no,no,cellular,7,feb,2,-1,0,unknown,0,older
technician,married,secondary,no,557,no,no,cellular,26,jul,2,-1,0,unknown,0,older
admin.,married,secondary,no,7,yes,no,unknown,4,may,2,-1,0,unknown,0,older
admin.,married,secondary,no,914,no,no,cellular,4,feb,2,-1,0,unknown,0,older
blue-collar,married,primary,no,340,yes,no,cellular,3,jul,4,-1,0,unknown,0,older
technician,married,tertiary,no,934,no,no,cellular,20,aug,4,100,6,success,1,older
unemployed,single,secondary,no,1146,no,no,cellular,29,jul,3,-1,0,unknown,1,young
technician,single,secondary,no,266,no,no,cellular,5,aug,2,-1,0,unknown,0,young
blue-collar,married,primary,no,378,no,no,cellular,7,aug,2,-1,0,unknown,0,young
management,single,tertiary,no,191,no,no,cellular,3,mar,2,-1,0,unknown,0,young
retired,married,tertiary,no,1321,yes,no,cellular,29,nov,1,173,1,failure,0,older
services,married,secondary,no,412,no,no,cellular,8,nov,1,-1,0,unknown,0,young
student,single,tertiary,no,777,no,no,cellular,30,apr,2,-1,0,unknown,0,young
technician,married,primary,no,365,yes,no,cellular,7,may,2,263,5,failure,0,older
technician,married,tertiary,no,691,yes,no,cellular,6,apr,1,-1,0,unknown,1,young
unknown,married,secondary,no,643,no,no,unknown,7,jun,2,-1,0,unknown,0,older
unemployed,single,secondary,no,822,no,no,unknown,1,jun,2,-1,0,unknown,0,young
admin.,married,secondary,no,798,no,no,cellular,23,jul,5,-1,0,unknown,0,young
management,married,tertiary,no,711,no,no,cellular,6,feb,3,-1,0,unknown,0,young
management,married,tertiary,no,835,no,no,cellular,7,aug,1,-1,0,unknown,0,young
admin.,married,secondary,no,525,yes,no,unknown,14,may,4,-1,0,unknown,0,young
self-employed,married,tertiary,no,1245,no,no,unknown,9,jun,3,-1,0,unknown,0,young
admin.,married,secondary,no,161,no,no,cellular,4,nov,1,-1,0,unknown,0,older
admin.,single,secondary,no,1081,yes,no,unknown,15,jun,4,-1,0,unknown,0,young
housemaid,married,primary,no,613,no,no,telephone,11,jun,3,-1,0,unknown,0,older
admin.,single,secondary,no,511,yes,no,unknown,21,jun,2,-1,0,unknown,0,young
management,single,tertiary,no,-153,yes,no,cellular,1,jul,3,-1,0,unknown,0,young
technician,married,secondary,no,651,no,no,cellular,19,aug,5,-1,0,unknown,0,older
services,married,secondary,no,-143,no,no,cellular,28,jul,11,-1,0,unknown,0,older
services,married,secondary,no,728,yes,no,cellular,16,aug,4,-1,0,unknown,0,older
management,married,tertiary,no,874,no,no,cellular,3,oct,2,92,3,success,1,older
blue-collar,married,secondary,no,1117,no,no,cellular,2,feb,3,-1,0,unknown,0,young
admin.,married,secondary,no,194,yes,no,cellular,19,nov,5,-1,0,unknown,0,young
housemaid,married,secondary,no,-183,yes,no,cellular,16,jul,2,-1,0,unknown,0,older
management,married,primary,no,-106,no,no,unknown,3,jun,2,-1,0,unknown,0,older
admin.,single,secondary,no,317,yes,no,unknown,6,jun,3,-1,0,unknown,0,young
admin.,married,secondary,no,-297,yes,no,cellular,8,jul,3,-1,0,unknown,0,young
student,single,secondary,no,818,yes,no,unknown,6,may,5,-1,0,unknown,0,young
management,single,tertiary,no,389,no,no,cellular,21,nov,1,-1,0,unknown,1,young
blue-collar,married,secondary,no,37,yes,no,unknown,9,may,2,-1,0,unknown,0,older
blue-collar,married,secondary,no,-135,yes,no,cellular,19,apr,1,191,1,failure,0,young
technician,married,secondary,no,419,no,no,cellular,23,aug,6,-1,0,unknown,0,older
blue-collar,married,primary,no,637,yes,no,unknown,14,jun,4,-1,0,unknown,0,older
blue-collar,married,primary,no,-223,no,no,cellular,27,jan,1,-1,0,unknown,0,older
management,married,tertiary,no,666,no,no,unknown,15,jun,2,-1,0,unknown,0,older
blue-collar,single,secondary,no,728,no,no,unknown,7,may,2,-1,0,unknown,0,young
management,married,tertiary,no,1237,yes,no,cellular,16,may,2,-1,0,unknown,0,young
admin.,married,secondary,no,73,yes,no,unknown,22,jun,2,-1,0,unknown,0,young
technician,married,secondary,no,3,no,no,unknown,5,may,4,-1,0,unknown,0,older
entrepreneur,married,secondary,no,-501,yes,no,cellular,21,aug,4,-1,0,unknown,0,older
retired,married,primary,no,757,no,no,cellular,11,jul,4,-1,0,unknown,0,older
technician,married,secondary,no,-294,yes,no,cellular,20,aug,5,-1,0,unknown,0,older
admin.,married,secondary,no,6,yes,no,cellular,18,apr,1,334,1,failure,0,older
admin.,married,secondary,no,542,yes,no,cellular,19,nov,5,-1,0,unknown,0,young
student,single,tertiary,no,550,no,no,cellular,12,aug,2,-1,0,unknown,0,young
services,married,secondary,no,639,yes,no,cellular,18,apr,1,173,1,failure,0,young
technician,married,tertiary,no,136,no,no,cellular,30,aug,4,-1,0,unknown,0,older
admin.,married,secondary,no,375,yes,no,cellular,21,nov,2,-1,0,unknown,0,older
blue-collar,married,primary,no,413,yes,no,cellular,14,may,3,-1,0,unknown,0,older
technician,single,tertiary,no,778,yes,no,unknown,21,may,2,-1,0,unknown,0,young
blue-collar,married,secondary,no,-62,yes,no,cellular,21,aug,3,-1,0,unknown,0,young
technician,married,secondary,no,380,yes,no,cellular,15,jul,3,-1,0,unknown,0,young
management,single,tertiary,no,495,yes,no,unknown,6,may,4,-1,0,unknown,0,young
management,single,tertiary,no,-5,no,no,cellular,6,may,2,-1,0,unknown,0,young
admin.,single,secondary,no,61,yes,no,cellular,6,jul,2,-1,0,unknown,0,young
admin.,single,secondary,no,180,yes,no,cellular,18,apr,1,342,1,failure,0,young
technician,single,secondary,no,389,yes,no,cellular,21,jul,4,-1,0,unknown,0,young
services,married,secondary,no,998,yes,no,unknown,5,jun,2,-1,0,unknown,0,young
technician,married,secondary,no,376,yes,no,unknown,14,may,2,-1,0,unknown,0,young
technician,married,secondary,no,629,yes,no,cellular,20,aug,4,179,0,unknown,0,young
admin.,single,secondary,no,265,yes,no,cellular,16,may,2,-1,0,unknown,1,young
unknown,married,secondary,no,1007,no,no,cellular,6,oct,1,-1,0,unknown,0,older
management,married,tertiary,no,482,yes,no,unknown,26,jun,2,-1,0,unknown,0,young
services,married,secondary,no,1163,no,no,cellular,21,aug,1,-1,0,unknown,0,young
admin.,married,secondary,no,1275,no,no,unknown,7,jun,4,-1,0,unknown,0,older
blue-collar,married,primary,no,119,no,no,cellular,6,aug,2,-1,0,unknown,0,older
entrepreneur,married,secondary,no,354,yes,no,cellular,17,may,2,-1,0,unknown,0,young
blue-collar,married,secondary,no,-21,yes,no,cellular,22,jul,2,-1,0,unknown,0,young
technician,married,secondary,no,1486,yes,no,unknown,22,may,3,-1,0,unknown,0,young
housemaid,married,secondary,no,375,no,no,cellular,29,aug,1,84,2,failure,0,older
blue-collar,single,secondary,no,241,yes,no,unknown,15,jun,3,-1,0,unknown,0,young
management,married,tertiary,no,659,no,no,cellular,12,aug,4,-1,0,unknown,0,young
technician,married,secondary,no,738,yes,no,cellular,22,jul,2,-1,0,unknown,0,young
management,single,tertiary,no,1777,yes,no,cellular,20,aug,3,81,6,failure,0,young
management,married,tertiary,no,723,no,no,cellular,16,jul,5,-1,0,unknown,0,older
technician,married,secondary,no,290,no,no,cellular,29,jul,4,-1,0,unknown,0,older
management,single,tertiary,no,1275,no,no,unknown,6,jun,4,-1,0,unknown,0,young
management,married,tertiary,no,726,no,no,cellular,2,aug,1,-1,0,unknown,0,older
blue-collar,married,primary,no,296,yes,no,unknown,14,may,3,-1,0,unknown,0,older
management,married,tertiary,no,117,no,no,cellular,27,may,3,-1,0,unknown,0,older
technician,married,secondary,no,893,yes,no,cellular,19,aug,4,-1,0,unknown,0,older
housemaid,married,secondary,no,22,no,no,cellular,10,jul,2,-1,0,unknown,0,older
unemployed,married,secondary,no,268,no,no,cellular,20,oct,3,-1,0,unknown,0,older
technician,married,secondary,no,270,no,no,cellular,10,aug,5,-1,0,unknown,0,young
blue-collar,married,primary,no,29,no,no,cellular,20,nov,2,-1,0,unknown,0,older
admin.,married,secondary,no,338,yes,no,cellular,29,jan,1,-1,0,unknown,0,young
retired,married,secondary,no,11,yes,no,unknown,5,may,2,-1,0,unknown,0,older
technician,married,secondary,no,230,no,no,cellular,20,feb,6,-1,0,unknown,0,young
blue-collar,married,primary,no,-74,yes,no,unknown,6,may,2,-1,0,unknown,0,older
management,married,tertiary,no,459,yes,no,unknown,13,may,2,-1,0,unknown,0,older
technician,single,secondary,no,470,yes,no,unknown,19,jun,2,-1,0,unknown,0,young
management,married,tertiary,no,-274,no,no,unknown,7,jun,2,-1,0,unknown,0,young
technician,married,secondary,no,573,yes,no,cellular,11,nov,2,183,3,failure,0,older
management,married,tertiary,no,807,no,no,cellular,21,aug,1,101,5,failure,0,young
admin.,married,secondary,no,541,yes,no,cellular,13,jul,2,-1,0,unknown,0,older
admin.,single,secondary,no,647,yes,no,cellular,19,apr,1,147,1,failure,0,young
services,married,secondary,no,-209,no,no,cellular,24,aug,7,-1,0,unknown,0,young
technician,married,tertiary,no,980,no,no,unknown,15,jun,3,-1,0,unknown,0,young
blue-collar,married,primary,no,1115,no,no,cellular,19,aug,1,170,1,success,0,older
technician,married,secondary,no,1152,yes,no,cellular,3,jul,3,-1,0,unknown,0,young
technician,married,tertiary,no,767,no,no,cellular,4,may,5,244,2,failure,0,young
blue-collar,single,secondary,no,202,yes,no,cellular,22,aug,4,182,5,failure,0,young
technician,married,secondary,no,1125,yes,no,cellular,14,aug,6,-1,0,unknown,0,older
admin.,married,secondary,no,780,yes,no,unknown,12,may,2,-1,0,unknown,0,young
unemployed,married,secondary,no,-248,no,no,cellular,5,jun,2,-1,0,unknown,0,older
technician,married,secondary,no,808,no,no,cellular,9,aug,2,-1,0,unknown,0,older
technician,married,secondary,no,34,yes,no,cellular,11,may,5,-1,0,unknown,0,older
technician,single,secondary,no,781,yes,no,cellular,17,jul,2,-1,0,unknown,0,young
technician,single,secondary,no,-54,yes,no,cellular,14,may,3,-1,0,unknown,0,young
management,married,tertiary,no,1433,no,no,cellular,29,aug,1,0,4,success,1,young
technician,single,secondary,no,110,yes,no,cellular,15,jul,3,-1,0,unknown,0,young
technician,married,secondary,no,16,no,no,unknown,7,jun,2,-1,0,unknown,0,older
retired,married,primary,no,1623,no,no,cellular,29,aug,1,81,2,success,1,older
entrepreneur,married,tertiary,no,622,yes,no,unknown,19,jun,4,-1,0,unknown,0,older
management,single,tertiary,no,1441,no,no,cellular,20,aug,2,-1,0,unknown,1,young
blue-collar,married,secondary,no,-80,yes,no,cellular,17,jul,2,-1,0,unknown,0,older
management,married,tertiary,no,1047,no,no,cellular,27,aug,2,-1,0,unknown,0,older
admin.,married,secondary,no,2,yes,no,cellular,21,nov,1,-1,0,unknown,0,older
management,married,tertiary,no,1086,yes,no,cellular,13,jul,3,-1,0,unknown,0,older
admin.,single,secondary,no,1146,no,no,cellular,7,feb,2,-1,0,unknown,0,young
technician,married,secondary,no,1620,yes,no,cellular,19,aug,5,-1,0,success,0,older
blue-collar,married,primary,no,352,no,no,cellular,5,oct,1,89,2,success,1,older
management,single,tertiary,no,156,no,no,unknown,12,jun,3,-1,0,unknown,0,young
management,married,tertiary,no,-74,yes,no,cellular,17,apr,1,253,1,failure,0,young
technician,single,tertiary,no,850,yes,no,cellular,20,aug,2,194,2,failure,0,young
services,married,secondary,no,414,yes,no,cellular,26,aug,1,-1,0,unknown,0,young
technician,married,secondary,no,552,yes,no,cellular,4,may,2,-1,0,unknown,0,older
technician,single,tertiary,no,16,no,no,cellular,30,aug,1,-1,0,unknown,0,young
services,married,secondary,no,644,no,no,cellular,27,jan,1,-1,0,unknown,0,young
admin.,married,secondary,no,771,yes,no,cellular,16,nov,1,161,1,failure,0,young
management,married,tertiary,no,507,no,no,cellular,17,aug,2,-1,0,unknown,0,older
admin.,married,secondary,no,312,yes,no,cellular,20,nov,1,-1,0,unknown,0,young
admin.,married,secondary,no,2,no,no,cellular,17,jul,2,-1,0,unknown,0,older
technician,married,secondary,no,982,no,no,cellular,21,aug,1,-1,0,unknown,0,older
management,married,tertiary,no,804,no,no,cellular,19,aug,5,-1,0,unknown,0,young
blue-collar,married,secondary,no,679,yes,no,unknown,17,jun,3,-1,0,unknown,0,young
blue-collar,married,secondary,no,166,yes,no,unknown,4,jun,2,-1,0,unknown,0,young
services,married,secondary,no,658,yes,no,cellular,21,apr,4,-1,0,unknown,0,older
blue-collar,married,primary,no,568,yes,no,unknown,9,jun,2,-1,0,unknown,0,older
management,married,tertiary,no,836,yes,no,cellular,4,apr,1,339,1,failure,0,older
technician,married,secondary,no,-148,no,no,cellular,15,aug,2,-1,0,unknown,0,older
services,married,secondary,no,738,no,no,cellular,7,jul,4,-1,0,unknown,0,older
admin.,single,secondary,no,658,no,no,cellular,22,aug,2,-1,0,unknown,0,young
technician,single,tertiary,no,466,yes,no,cellular,5,apr,1,-1,0,unknown,1,young
management,single,tertiary,no,-71,yes,no,unknown,15,may,5,-1,0,unknown,0,young
entrepreneur,married,tertiary,no,-94,yes,no,cellular,4,may,2,-1,0,unknown,0,older
blue-collar,married,secondary,no,520,no,no,cellular,15,jan,2,-1,0,unknown,0,older
admin.,married,secondary,no,787,yes,no,cellular,30,nov,1,-1,0,unknown,0,young
management,married,tertiary,no,1270,no,no,unknown,16,jun,2,-1,0,unknown,0,young
technician,married,tertiary,no,493,no,no,cellular,6,aug,4,-1,0,unknown,1,older
entrepreneur,married,tertiary,no,261,yes,no,cellular,5,jul,2,-1,0,unknown,0,young
services,married,secondary,no,379,yes,no,cellular,3,may,2,-1,0,unknown,0,young
blue-collar,married,primary,no,450,no,no,telephone,12,jul,3,-1,0,unknown,0,older
technician,single,secondary,no,150,yes,no,cellular,20,aug,2,182,0,unknown,0,young
technician,married,tertiary,no,437,yes,no,cellular,7,feb,2,-1,0,unknown,1,older
management,married,tertiary,no,-11,yes,no,cellular,8,may,2,-1,0,unknown,0,young
admin.,married,secondary,no,62,no,no,cellular,12,jan,4,-1,0,unknown,0,young
management,married,tertiary,no,593,yes,no,cellular,22,apr,5,-1,0,unknown,0,older
blue-collar,married,primary,no,-179,yes,no,unknown,17,may,2,-1,0,unknown,0,older
blue-collar,married,primary,no,349,no,no,cellular,18,aug,1,-1,0,unknown,0,older
management,married,tertiary,no,-433,no,no,cellular,21,nov,1,-1,0,unknown,0,older
services,married,secondary,no,-18,yes,no,unknown,9,jun,3,-1,0,unknown,0,young
blue-collar,married,secondary,no,452,yes,no,cellular,7,apr,3,-1,0,unknown,0,young
management,married,tertiary,no,692,no,no,cellular,26,aug,5,-1,0,unknown,0,older
technician,married,tertiary,no,1005,no,no,cellular,3,aug,3,-1,0,unknown,0,older
blue-collar,married,primary,no,224,no,no,cellular,1,nov,1,-1,0,unknown,0,older
admin.,married,secondary,no,253,no,no,cellular,18,aug,1,0,1,failure,0,older
management,married,tertiary,no,927,yes,no,cellular,18,aug,5,-1,0,unknown,0,young
services,single,secondary,no,-114,no,no,cellular,14,jul,4,-1,0,unknown,0,young
services,married,secondary,no,395,yes,no,unknown,3,may,2,-1,0,unknown,0,older
blue-collar,married,secondary,no,743,no,no,cellular,8,jan,1,3,3,failure,0,older
technician,married,secondary,no,147,yes,no,unknown,18,jun,5,-1,0,unknown,0,older
blue-collar,married,primary,no,1186,no,no,cellular,5,aug,2,-1,0,unknown,0,older
admin.,married,secondary,no,1254,yes,no,cellular,13,apr,1,-1,0,unknown,1,older
management,married,tertiary,no,2240,yes,no,cellular,19,aug,1,84,6,failure,0,older
blue-collar,married,primary,no,897,no,no,telephone,15,jul,7,-1,0,unknown,0,older
management,single,tertiary,no,508,yes,no,cellular,18,aug,3,-1,0,unknown,0,young
entrepreneur,married,tertiary,no,674,yes,no,cellular,23,jul,2,-1,0,unknown,0,young
management,married,tertiary,no,-110,yes,no,cellular,19,nov,2,263,2,failure,0,older
blue-collar,married,secondary,no,867,yes,no,cellular,10,may,4,-1,0,unknown,0,young
housemaid,married,secondary,no,898,no,no,cellular,1,nov,4,-1,0,unknown,0,older
retired,married,primary,no,77,no,no,cellular,16,jul,3,-1,0,unknown,0,older
services,married,secondary,no,217,no,no,cellular,8,jul,2,-1,0,unknown,0,young
blue-collar,single,secondary,no,58,no,no,unknown,8,may,3,-1,0,unknown,0,young
technician,married,secondary,no,850,no,no,cellular,7,aug,3,-1,0,unknown,0,older
services,single,secondary,no,117,yes,no,unknown,29,may,2,-1,0,unknown,0,young
blue-collar,married,secondary,no,423,yes,no,cellular,19,apr,2,352,3,failure,0,young
self-employed,single,tertiary,no,661,no,no,unknown,7,jun,3,-1,0,unknown,0,young
management,married,tertiary,no,-6,no,no,cellular,8,feb,2,-1,0,unknown,1,older
services,married,secondary,no,782,no,no,cellular,28,jul,4,-1,0,unknown,0,older
blue-collar,married,secondary,no,518,no,no,cellular,30,aug,1,-1,0,unknown,0,older
student,single,tertiary,no,3245,no,no,cellular,19,aug,5,-1,2,unknown,1,young
technician,married,secondary,no,861,yes,no,cellular,16,nov,2,-1,0,unknown,0,young
admin.,married,secondary,no,1082,yes,no,unknown,5,jun,17,-1,0,unknown,0,older
blue-collar,married,secondary,no,-9,no,no,cellular,5,jul,3,-1,0,unknown,0,older
technician,married,secondary,no,-162,yes,no,cellular,21,aug,2,-1,0,unknown,0,young
management,married,tertiary,no,288,yes,no,unknown,15,may,6,-1,0,unknown,0,young
management,married,tertiary,no,547,yes,no,unknown,8,jun,3,-1,0,unknown,0,young
services,married,secondary,no,115,no,no,unknown,9,jun,3,-1,0,unknown,0,young
technician,married,tertiary,no,0,no,no,unknown,3,jun,2,-1,0,unknown,0,young
technician,married,secondary,no,393,no,no,cellular,26,aug,4,-1,0,unknown,0,young
technician,married,secondary,no,865,yes,no,cellular,4,aug,5,-1,0,unknown,0,older
management,married,tertiary,no,1572,no,no,cellular,4,nov,1,179,1,failure,1,older
blue-collar,married,secondary,no,-735,yes,no,unknown,20,may,5,-1,0,unknown,0,older
blue-collar,married,secondary,no,-9,no,no,cellular,6,feb,13,-1,0,unknown,0,young
blue-collar,married,primary,no,452,yes,no,unknown,2,may,3,-1,0,unknown,0,older
management,single,tertiary,no,19,no,no,cellular,2,aug,1,-1,0,unknown,0,young
management,married,tertiary,no,190,yes,no,unknown,27,may,2,-1,0,unknown,0,young
technician,married,secondary,no,594,yes,no,cellular,7,may,4,344,3,failure,0,young
blue-collar,married,secondary,no,619,yes,no,cellular,16,apr,1,-1,0,unknown,0,older
blue-collar,married,primary,no,204,yes,no,unknown,25,jun,2,-1,0,unknown,0,older
services,married,secondary,no,311,yes,no,cellular,19,aug,2,97,0,failure,0,older
retired,married,secondary,no,216,yes,no,unknown,5,may,4,-1,0,unknown,0,older
technician,married,secondary,no,212,yes,no,unknown,9,may,4,-1,0,unknown,0,young
housemaid,married,primary,no,752,no,no,cellular,13,oct,3,-1,0,unknown,0,older
management,married,tertiary,no,1789,no,no,cellular,11,aug,7,-1,0,unknown,1,older
retired,married,primary,no,2165,no,no,unknown,1,jun,2,-1,0,unknown,0,older
technician,married,secondary,no,-206,yes,no,unknown,15,may,3,-1,0,unknown,0,young
retired,married,secondary,no,575,yes,no,unknown,11,jun,2,-1,0,unknown,0,older
services,married,secondary,no,694,yes,no,unknown,18,jun,5,-1,0,unknown,0,young
management,married,tertiary,no,251,no,no,unknown,10,jun,3,-1,0,unknown,0,older
services,married,secondary,no,3,yes,yes,cellular,18,nov,2,-1,0,unknown,0,young
management,single,tertiary,no,2791,yes,no,cellular,19,aug,5,81,6,success,0,young
management,married,tertiary,no,132,yes,no,cellular,18,jul,5,-1,0,unknown,0,older
management,married,tertiary,no,785,yes,no,cellular,20,aug,3,-1,0,unknown,0,older
management,married,tertiary,no,105,yes,no,unknown,5,may,2,-1,0,unknown,0,older
blue-collar,married,secondary,no,-84,no,no,unknown,14,may,3,-1,0,unknown,0,young
management,married,tertiary,no,791,no,no,cellular,5,aug,2,-1,0,unknown,0,young
blue-collar,married,primary,no,554,no,no,cellular,4,feb,2,-1,0,unknown,0,young
admin.,married,secondary,no,258,yes,no,unknown,20,jun,2,-1,0,unknown,0,young
retired,married,secondary,no,351,no,no,cellular,18,nov,5,-1,0,unknown,0,older
technician,married,secondary,no,280,no,no,unknown,2,jun,4,-1,0,unknown,0,young
technician,single,tertiary,no,447,no,no,cellular,16,jul,1,-1,0,unknown,0,young
management,married,tertiary,no,80,no,no,cellular,5,aug,2,-1,0,unknown,0,young
management,married,tertiary,no,450,no,no,cellular,7,aug,2,-1,0,unknown,0,young
blue-collar,married,secondary,no,-14,yes,no,unknown,2,jun,2,-1,0,unknown,0,young
management,married,tertiary,no,1108,no,no,cellular,12,aug,4,-1,0,unknown,0,older
blue-collar,married,secondary,no,280,yes,no,unknown,9,may,5,-1,0,unknown,0,young
management,married,primary,no,-32,yes,no,cellular,21,nov,1,-1,0,unknown,0,older
blue-collar,married,secondary,no,30,no,no,unknown,18,jun,1,-1,0,unknown,0,young
admin.,married,secondary,no,145,yes,no,cellular,8,may,2,-1,0,unknown,0,young
technician,single,secondary,no,53,no,no,cellular,5,aug,1,-1,0,unknown,0,young
technician,married,secondary,no,341,no,no,cellular,22,aug,2,-1,0,unknown,0,young
admin.,married,secondary,no,-33,no,no,cellular,22,aug,2,-1,0,unknown,0,young
blue-collar,married,secondary,no,400,yes,no,cellular,16,jul,5,-1,0,unknown,0,young
blue-collar,married,primary,no,265,yes,no,unknown,12,may,2,-1,0,unknown,0,young
admin.,married,secondary,no,-14,no,no,cellular,18,aug,1,-1,0,unknown,0,older
management,married,tertiary,no,436,no,no,cellular,7,sep,1,96,1,success,1,young
management,married,tertiary,no,-351,yes,no,cellular,3,jul,3,-1,0,unknown,0,older
services,married,secondary,no,493,no,no,cellular,1,nov,3,-1,0,unknown,0,young
blue-collar,single,secondary,no,-90,yes,no,cellular,7,may,2,-1,0,unknown,0,young
services,married,secondary,no,816,yes,no,unknown,19,may,5,-1,0,unknown,0,older
admin.,married,secondary,no,149,no,no,cellular,30,aug,1,0,1,success,1,young
blue-collar,married,secondary,no,639,no,no,cellular,20,nov,1,-1,0,unknown,0,young
management,single,tertiary,no,-260,no,no,cellular,28,aug,1,-1,0,unknown,0,young
admin.,married,secondary,no,959,yes,no,unknown,21,jun,4,-1,0,unknown,0,older
blue-collar,married,secondary,no,745,no,no,cellular,21,jul,5,-1,0,unknown,0,young
management,single,tertiary,no,302,yes,no,cellular,14,may,4,362,3,failure,0,young
management,married,tertiary,no,470,no,no,cellular,19,aug,3,-1,0,unknown,0,young
management,married,tertiary,no,32,no,no,cellular,5,feb,2,-1,0,unknown,0,older
admin.,married,secondary,no,-91,yes,no,cellular,20,nov,2,-1,0,unknown,0,young
blue-collar,married,secondary,no,22,yes,no,unknown,13,jun,2,-1,0,unknown,0,older
blue-collar,married,secondary,no,1247,no,no,cellular,29,apr,1,55,0,unknown,1,young
technician,married,secondary,no,532,yes,no,cellular,18,may,1,365,1,failure,0,young
management,single,tertiary,no,416,yes,no,cellular,16,jul,2,-1,0,unknown,0,young
blue-collar,married,secondary,no,157,yes,no,unknown,5,may,2,402,3,failure,0,young
technician,single,secondary,no,1044,yes,no,cellular,20,aug,1,-1,0,unknown,0,young
blue-collar,married,secondary,no,1089,no,no,cellular,11,aug,3,-1,0,unknown,0,older
blue-collar,married,secondary,no,-44,no,no,cellular,3,oct,1,-1,0,unknown,0,young
management,married,tertiary,no,401,yes,no,cellular,19,aug,4,-1,0,unknown,0,young
management,married,tertiary,no,635,yes,no,unknown,15,jun,2,-1,0,unknown,0,older
technician,married,tertiary,no,1059,no,no,cellular,29,aug,1,-1,0,unknown,0,young
blue-collar,married,primary,no,246,no,no,cellular,4,apr,1,237,1,success,1,older
services,married,secondary,no,-527,yes,no,unknown,6,may,2,-1,0,unknown,0,young
management,married,tertiary,no,661,no,no,cellular,11,aug,1,-1,0,unknown,0,older
blue-collar,married,secondary,no,24,yes,no,cellular,22,nov,1,-1,0,unknown,0,young
blue-collar,married,primary,no,913,yes,no,unknown,22,jun,6,-1,0,unknown,0,young
management,married,tertiary,no,1067,no,no,cellular,25,nov,2,-1,0,unknown,0,older
admin.,single,secondary,no,257,no,no,cellular,5,oct,1,97,1,success,1,young
technician,single,secondary,no,360,no,no,cellular,26,aug,5,-1,0,unknown,0,young
blue-collar,single,secondary,no,424,yes,no,unknown,4,feb,2,-1,0,unknown,0,young
retired,married,primary,no,29,no,no,unknown,8,may,2,-1,0,unknown,0,older
admin.,married,secondary,no,65,no,no,cellular,5,jul,2,-1,0,unknown,0,older
technician,married,secondary,no,93,no,no,cellular,25,aug,4,-1,0,unknown,0,older
technician,married,secondary,no,-13,no,no,unknown,4,jun,2,-1,0,unknown,0,older
management,single,tertiary,no,340,no,no,cellular,30,aug,2,-1,0,unknown,0,young
management,single,secondary,no,75,yes,no,cellular,14,may,1,363,10,failure,0,young
management,married,tertiary,no,1,no,no,cellular,3,jun,2,-1,0,unknown,0,older
blue-collar,married,secondary,no,609,yes,no,unknown,5,may,2,-1,0,unknown,0,young
services,married,secondary,no,386,yes,no,cellular,19,nov,1,151,1,failure,0,young
blue-collar,married,primary,no,1082,yes,no,cellular,13,may,2,344,3,failure,0,older
management,single,tertiary,no,941,yes,no,cellular,20,aug,2,83,2,failure,0,young
services,married,secondary,no,91,yes,yes,cellular,19,jul,2,-1,0,unknown,0,young
admin.,married,secondary,no,299,no,no,unknown,9,jun,3,-1,0,unknown,0,young
services,married,secondary,no,421,yes,no,cellular,12,aug,4,-1,0,unknown,0,older
blue-collar,married,secondary,yes,-1088,yes,yes,cellular,18,jul,4,-1,0,unknown,0,young
services,married,secondary,no,399,yes,no,cellular,21,aug,1,218,1,failure,0,older
services,single,secondary,no,448,yes,no,unknown,14,may,3,-1,0,unknown,0,young
admin.,single,secondary,no,497,yes,no,cellular,19,nov,1,177,2,failure,0,young
services,married,secondary,no,876,yes,no,unknown,6,may,3,-1,0,unknown,0,older
management,single,tertiary,no,532,yes,no,unknown,8,may,2,-1,0,unknown,0,young
technician,married,tertiary,no,1050,no,no,cellular,27,jul,2,-1,0,unknown,0,older
blue-collar,married,secondary,no,-536,yes,no,cellular,10,aug,2,-1,0,unknown,0,young
technician,married,tertiary,no,244,no,no,cellular,28,apr,1,-1,0,unknown,1,young
blue-collar,married,primary,no,-240,yes,no,cellular,18,apr,3,-1,0,unknown,0,older
technician,married,secondary,no,1123,yes,no,cellular,6,apr,2,-1,0,unknown,1,older
admin.,married,secondary,no,458,yes,no,cellular,15,aug,3,-1,0,unknown,0,young
technician,married,secondary,no,723,yes,no,cellular,18,aug,1,103,1,failure,0,young
retired,married,secondary,no,-7,no,no,unknown,9,may,2,-1,0,unknown,0,older
technician,married,secondary,no,728,yes,no,unknown,5,jun,3,-1,0,unknown,0,older
admin.,married,secondary,no,10,yes,no,cellular,8,jul,2,-1,0,unknown,0,young
management,single,tertiary,no,792,no,no,cellular,28,aug,1,93,1,success,1,young
technician,married,secondary,no,764,no,no,unknown,3,jun,2,-1,0,unknown,0,young
management,married,tertiary,no,607,yes,no,cellular,19,nov,2,144,2,failure,0,young
blue-collar,single,secondary,no,375,no,no,cellular,15,apr,1,-1,0,unknown,0,young
housemaid,married,secondary,no,145,no,no,cellular,25,jan,1,-1,0,unknown,0,older
blue-collar,married,secondary,no,477,no,no,cellular,20,aug,2,98,4,success,1,young
services,married,secondary,no,790,no,no,unknown,6,jun,2,-1,0,unknown,0,older
blue-collar,married,primary,no,977,yes,no,unknown,8,may,2,-1,0,unknown,0,older
blue-collar,married,secondary,no,191,no,no,cellular,27,aug,2,-1,0,unknown,0,young
management,married,tertiary,no,-362,yes,no,unknown,5,may,4,-1,0,unknown,0,young
technician,married,tertiary,no,386,no,no,cellular,22,aug,11,-1,0,unknown,0,young
blue-collar,single,secondary,no,130,no,no,cellular,2,may,3,-1,0,unknown,0,young
technician,married,tertiary,no,1113,no,no,cellular,7,apr,3,-1,0,unknown,0,older
technician,married,secondary,no,816,no,no,unknown,1,jun,2,-1,0,unknown,0,older
blue-collar,married,primary,no,82,yes,no,cellular,16,apr,2,223,4,failure,0,older
management,married,tertiary,no,623,yes,no,cellular,22,aug,3,-1,0,unknown,0,young
technician,married,secondary,no,582,no,no,cellular,3,oct,1,107,1,failure,0,young
admin.,married,secondary,no,146,yes,no,cellular,12,apr,1,-1,0,unknown,0,older
services,single,secondary,no,-16,yes,no,cellular,19,aug,1,-1,0,unknown,0,young
management,married,tertiary,no,-21,yes,no,cellular,4,feb,1,284,2,failure,0,young
management,married,tertiary,no,439,yes,no,cellular,21,jul,2,-1,0,unknown,0,young
technician,single,secondary,no,1016,yes,no,cellular,13,may,2,376,5,failure,0,young
technician,married,tertiary,no,283,no,no,cellular,27,aug,3,-1,0,unknown,0,young
housemaid,married,primary,no,328,no,no,cellular,15,may,1,199,2,success,1,older
admin.,married,secondary,no,567,no,no,unknown,8,jun,4,-1,0,unknown,0,young
blue-collar,married,primary,no,263,yes,no,cellular,9,feb,2,148,1,failure,0,young
blue-collar,married,primary,no,268,yes,no,cellular,14,nov,1,-1,0,unknown,0,young
retired,married,secondary,no,-322,no,no,cellular,12,aug,2,-1,0,unknown,0,older
admin.,married,secondary,no,1476,yes,no,cellular,15,may,2,-1,0,unknown,1,young
technician,married,secondary,no,786,yes,no,cellular,30,may,5,-1,0,unknown,0,young
services,single,secondary,no,456,no,no,cellular,24,oct,1,-1,0,unknown,0,young
housemaid,married,primary,no,525,no,no,cellular,17,aug,1,-1,0,unknown,0,older
admin.,single,secondary,no,740,yes,no,unknown,8,may,2,-1,0,unknown,0,young
admin.,married,secondary,no,915,no,no,cellular,13,jul,2,-1,0,unknown,0,older
retired,married,tertiary,no,339,no,no,cellular,20,aug,5,-1,0,unknown,0,older
management,married,tertiary,no,2404,no,no,cellular,29,aug,5,99,4,success,1,young
admin.,married,secondary,no,952,no,no,cellular,4,aug,3,-1,0,unknown,0,older
management,married,tertiary,no,873,no,no,cellular,26,aug,4,-1,0,unknown,0,older
technician,married,secondary,no,-54,no,no,unknown,26,may,2,-1,0,unknown,0,older
technician,married,tertiary,no,138,no,no,cellular,28,jul,5,-1,0,unknown,0,older
technician,married,secondary,no,109,no,no,cellular,22,aug,2,-1,0,unknown,0,young
blue-collar,married,primary,no,442,yes,no,unknown,9,jun,3,-1,0,unknown,0,older
technician,single,secondary,no,14,yes,no,cellular,4,jul,2,-1,0,unknown,0,young
management,married,tertiary,no,863,no,no,unknown,14,jun,2,-1,0,unknown,0,young
blue-collar,married,secondary,no,222,yes,no,cellular,21,nov,2,84,2,failure,0,older
admin.,married,secondary,no,996,no,no,cellular,9,feb,2,-1,0,unknown,1,older
technician,single,tertiary,no,592,yes,no,cellular,18,nov,1,175,2,failure,0,young
blue-collar,married,secondary,no,701,no,no,cellular,20,nov,2,-1,0,unknown,0,young
management,married,tertiary,no,1071,no,no,cellular,13,aug,5,-1,0,unknown,0,young
technician,married,secondary,no,427,yes,no,cellular,1,jul,2,-1,0,unknown,0,older
blue-collar,married,secondary,no,276,yes,no,cellular,14,jul,4,-1,0,unknown,0,young
unknown,married,secondary,no,481,no,no,cellular,6,aug,2,-1,0,unknown,0,older
management,married,tertiary,no,776,yes,no,unknown,15,jun,2,-1,0,unknown,0,young
management,single,tertiary,no,846,yes,no,cellular,16,may,2,-1,0,unknown,0,young
admin.,married,secondary,no,-450,yes,no,cellular,7,may,2,287,5,failure,0,young
technician,single,secondary,no,1039,yes,no,cellular,7,may,1,339,2,failure,0,young
management,single,tertiary,no,69,no,no,cellular,28,oct,1,-1,0,unknown,0,young
services,married,secondary,no,44,no,no,cellular,16,aug,31,-1,0,unknown,0,older
housemaid,married,primary,no,195,no,no,unknown,20,jun,2,-1,0,unknown,0,older
technician,single,secondary,no,647,no,no,cellular,20,apr,1,-1,0,unknown,1,young
technician,married,secondary,no,1603,yes,no,unknown,14,jun,2,-1,0,unknown,0,young
housemaid,married,primary,no,265,no,no,unknown,11,may,2,-1,0,unknown,0,older
retired,married,primary,no,401,no,no,unknown,15,may,2,-1,0,unknown,0,older
technician,married,secondary,no,1245,yes,no,unknown,5,jun,2,-1,0,unknown,0,older
entrepreneur,married,secondary,no,1260,yes,no,unknown,15,may,2,-1,0,unknown,0,young
services,married,secondary,no,129,no,no,cellular,11,jul,2,-1,0,unknown,0,older
retired,married,secondary,no,905,no,no,cellular,29,aug,2,-1,0,unknown,0,older
technician,married,secondary,no,192,no,no,cellular,30,aug,2,-1,0,unknown,0,young
technician,married,secondary,no,-109,no,no,cellular,30,aug,6,-1,0,unknown,0,young
technician,married,secondary,no,551,no,no,cellular,2,nov,1,-1,0,unknown,0,older
services,married,secondary,no,-476,no,no,cellular,25,aug,3,-1,0,unknown,0,young
admin.,single,secondary,no,-268,yes,no,unknown,24,may,2,-1,0,unknown,0,young
admin.,married,secondary,no,406,yes,no,cellular,17,may,4,-1,0,unknown,0,older
technician,single,secondary,no,770,yes,no,unknown,18,jun,3,-1,0,unknown,0,young
entrepreneur,married,tertiary,no,376,no,no,cellular,17,apr,3,-1,0,unknown,0,older
blue-collar,married,secondary,no,351,yes,no,cellular,11,aug,4,-1,0,unknown,0,older
housemaid,married,secondary,no,160,no,no,cellular,4,aug,4,-1,0,unknown,0,older
technician,married,secondary,no,662,no,no,cellular,28,oct,3,-1,0,unknown,0,older
unknown,married,secondary,no,641,no,no,cellular,6,aug,2,-1,0,unknown,0,older
blue-collar,married,primary,no,1316,yes,no,unknown,5,may,2,-1,0,unknown,0,older
retired,married,tertiary,no,658,no,no,cellular,16,nov,1,188,1,failure,0,older
technician,single,secondary,no,315,no,no,unknown,26,may,2,-1,0,unknown,0,young
services,married,secondary,no,187,yes,no,cellular,17,apr,2,-1,0,unknown,0,older
management,married,tertiary,no,-90,yes,no,unknown,3,jun,7,-1,0,unknown,0,young
retired,married,secondary,no,455,no,no,cellular,5,feb,1,184,1,failure,1,older
services,married,secondary,no,308,yes,no,cellular,29,aug,3,-1,0,unknown,0,older
technician,single,secondary,no,27,no,no,cellular,8,may,2,-1,0,unknown,0,young
admin.,married,secondary,no,794,no,no,cellular,13,aug,31,-1,0,unknown,0,young
services,married,secondary,no,530,yes,no,cellular,5,jul,3,-1,0,unknown,0,older
blue-collar,married,secondary,no,934,yes,no,unknown,6,jun,2,-1,0,unknown,0,young
admin.,single,secondary,no,239,no,no,cellular,27,jul,2,-1,0,unknown,0,young
management,married,tertiary,no,-154,yes,no,cellular,28,aug,2,-1,0,unknown,0,young
admin.,married,secondary,no,852,yes,no,cellular,18,nov,1,64,1,failure,0,older
housemaid,married,secondary,no,578,no,no,cellular,28,apr,2,-1,0,unknown,0,older
management,married,tertiary,no,887,no,no,cellular,24,aug,7,-1,0,unknown,0,young
blue-collar,married,secondary,no,699,no,no,cellular,7,may,5,-1,0,unknown,0,young
retired,married,primary,no,890,no,no,cellular,29,oct,1,-1,0,unknown,1,older
housemaid,married,secondary,no,-132,no,no,cellular,12,aug,2,-1,0,unknown,0,older
blue-collar,married,primary,no,398,no,no,cellular,7,aug,2,-1,0,unknown,0,older
management,married,tertiary,no,31,no,no,cellular,8,jul,2,-1,0,unknown,0,older
blue-collar,married,secondary,no,81,no,no,cellular,18,aug,1,1,1,success,1,young
blue-collar,married,secondary,no,890,yes,no,unknown,15,may,4,-1,0,unknown,0,older
admin.,married,secondary,no,906,no,no,unknown,16,jun,3,-1,0,unknown,0,older
management,married,tertiary,no,852,no,no,cellular,2,jun,1,260,1,success,1,older
student,single,secondary,no,678,no,no,cellular,31,aug,2,189,2,failure,0,young
admin.,married,secondary,no,554,yes,no,cellular,7,may,2,-1,0,unknown,0,young
technician,married,secondary,no,438,no,no,cellular,23,aug,2,-1,0,unknown,0,young
management,married,tertiary,no,506,yes,no,unknown,7,jun,2,-1,0,unknown,0,older
admin.,single,secondary,no,-164,yes,no,cellular,20,aug,4,-1,0,unknown,0,young
technician,married,secondary,no,475,no,no,cellular,20,jul,1,-1,0,unknown,0,older
blue-collar,married,primary,no,274,yes,no,cellular,20,apr,2,-1,0,unknown,0,older
services,married,secondary,no,0,no,no,cellular,8,jul,2,-1,0,unknown,0,young
student,single,secondary,no,1442,no,no,cellular,11,dec,1,189,2,success,1,young
technician,married,secondary,no,528,no,no,cellular,6,nov,1,133,1,failure,0,young
admin.,married,secondary,no,-536,yes,no,cellular,14,jul,2,-1,0,unknown,0,young
management,married,tertiary,no,585,yes,no,cellular,5,may,2,264,2,failure,0,young
technician,married,secondary,no,502,yes,no,cellular,18,aug,1,182,1,failure,0,older
management,married,tertiary,no,1583,no,no,cellular,29,aug,1,107,2,failure,0,young
student,single,secondary,no,545,yes,no,unknown,7,may,5,-1,0,unknown,0,young
technician,single,tertiary,no,48,yes,no,unknown,7,jun,2,-1,0,unknown,0,young
technician,married,secondary,no,607,no,no,cellular,31,aug,1,-1,0,unknown,0,young
technician,married,secondary,no,365,yes,no,unknown,21,jun,4,-1,0,unknown,0,older
admin.,single,secondary,no,894,yes,no,cellular,3,may,2,-1,0,unknown,1,young
blue-collar,married,primary,no,595,no,no,cellular,9,jun,2,-1,0,unknown,0,older
management,married,tertiary,no,1426,no,no,cellular,6,aug,1,-1,0,unknown,0,older
blue-collar,married,primary,no,376,yes,no,unknown,6,jun,2,-1,0,unknown,0,older
technician,married,secondary,no,324,yes,no,unknown,6,may,2,-1,0,unknown,0,young
services,married,secondary,no,631,yes,no,cellular,19,nov,1,113,0,unknown,0,young
management,single,tertiary,no,734,no,no,cellular,22,aug,4,-1,0,unknown,0,young
management,married,tertiary,no,-445,no,no,unknown,28,may,2,-1,0,unknown,0,older
management,married,tertiary,no,1028,yes,no,unknown,15,jun,2,-1,0,unknown,0,young
admin.,married,secondary,no,33,no,no,cellular,2,aug,1,96,6,failure,0,young
technician,married,secondary,no,153,yes,no,cellular,20,nov,1,0,0,unknown,0,young
services,married,secondary,no,748,no,no,unknown,16,jun,3,-1,0,unknown,0,young
blue-collar,married,secondary,no,-426,yes,no,cellular,17,nov,1,-1,0,unknown,0,young
technician,married,secondary,no,337,yes,no,unknown,16,may,4,-1,0,unknown,0,young
management,married,tertiary,no,1109,no,no,cellular,20,aug,3,106,4,failure,1,older
technician,single,secondary,no,737,no,no,cellular,30,aug,1,-1,0,unknown,0,young
blue-collar,married,secondary,no,1358,yes,no,cellular,7,may,2,-1,0,unknown,0,older
technician,married,secondary,no,541,no,no,cellular,8,nov,1,25,2,failure,0,young
management,married,tertiary,no,129,no,no,cellular,15,may,8,-1,0,unknown,0,older
technician,married,secondary,no,575,yes,no,unknown,24,jun,2,-1,0,unknown,0,older
management,married,secondary,no,168,yes,no,cellular,18,nov,2,182,3,failure,0,older
management,married,secondary,no,115,yes,no,cellular,12,may,4,369,3,failure,0,older
blue-collar,married,secondary,no,458,yes,no,cellular,16,nov,1,-1,0,unknown,0,young
technician,married,secondary,no,18,yes,no,unknown,9,may,2,-1,0,unknown,0,older
technician,married,secondary,no,592,no,no,cellular,8,aug,7,-1,0,unknown,0,young
technician,married,tertiary,no,841,no,no,unknown,4,jun,2,-1,0,unknown,0,young
technician,married,secondary,no,273,no,no,cellular,4,feb,1,279,1,failure,0,young
technician,married,secondary,no,1132,no,no,cellular,19,nov,5,-1,0,unknown,0,older
technician,married,tertiary,no,676,no,no,cellular,8,aug,1,-1,0,unknown,0,young
blue-collar,single,secondary,no,559,yes,no,unknown,8,jun,2,-1,0,unknown,0,young
admin.,married,secondary,no,35,yes,no,unknown,15,jun,2,-1,0,unknown,0,older
management,married,tertiary,no,494,yes,no,cellular,15,apr,1,-1,0,unknown,1,young
management,married,tertiary,no,443,no,no,cellular,21,nov,1,-1,0,unknown,0,older
technician,married,secondary,no,265,yes,no,cellular,20,nov,1,-1,0,unknown,0,young
management,married,tertiary,no,582,yes,no,unknown,2,jun,14,-1,0,unknown,0,older
technician,married,secondary,no,1014,no,no,cellular,27,jan,4,-1,0,unknown,0,young
blue-collar,married,primary,no,-292,no,no,cellular,21,aug,2,-1,0,unknown,0,older
unknown,married,secondary,no,-122,no,no,cellular,7,aug,3,-1,0,unknown,0,young
management,married,tertiary,no,675,yes,no,cellular,15,jan,2,-1,0,unknown,0,young
management,married,tertiary,no,622,yes,no,unknown,13,jun,4,-1,0,unknown,0,young
blue-collar,married,primary,no,485,yes,no,unknown,16,may,3,-1,0,unknown,0,older
technician,married,secondary,no,1192,no,no,cellular,5,aug,4,-1,0,unknown,1,young
technician,single,tertiary,no,541,no,no,cellular,4,may,2,-1,0,unknown,0,young
management,married,tertiary,no,749,yes,no,cellular,7,jul,4,-1,0,unknown,0,young
management,married,tertiary,no,90,no,no,cellular,6,oct,1,207,6,failure,1,older
technician,married,secondary,no,-47,no,no,cellular,16,jul,2,-1,0,unknown,0,older
housemaid,married,secondary,no,458,no,no,unknown,16,jun,2,-1,0,unknown,0,older
management,single,tertiary,no,-157,yes,no,cellular,20,nov,2,143,2,failure,0,young
services,single,secondary,no,-376,yes,no,unknown,6,jun,3,-1,0,unknown,0,young
services,married,secondary,no,306,no,no,cellular,26,aug,4,-1,0,unknown,0,young
technician,single,tertiary,no,-40,no,no,cellular,18,aug,2,-1,0,unknown,0,young
services,married,secondary,no,431,yes,no,cellular,11,may,2,-1,0,unknown,0,young
admin.,married,secondary,no,-873,yes,no,cellular,16,jul,2,-1,0,unknown,0,young
blue-collar,single,primary,no,286,no,no,unknown,6,jun,2,-1,0,unknown,0,young
management,single,tertiary,no,288,yes,no,cellular,19,nov,1,-1,0,unknown,0,young
management,married,tertiary,no,-93,no,no,cellular,6,jul,1,-1,0,unknown,0,young
blue-collar,married,secondary,no,266,yes,no,cellular,21,nov,1,-1,0,unknown,0,older
blue-collar,married,secondary,no,66,yes,no,cellular,1,apr,2,-1,0,unknown,0,young
technician,married,secondary,no,-839,no,no,cellular,29,aug,2,-1,0,unknown,0,older
services,married,secondary,no,606,yes,no,cellular,18,nov,2,-1,0,unknown,0,older
management,married,secondary,no,-57,yes,no,unknown,16,jun,2,-1,0,unknown,0,young
admin.,single,secondary,no,890,yes,no,cellular,6,may,2,-1,0,unknown,0,young
management,married,tertiary,no,882,no,no,cellular,29,aug,2,183,2,unknown,0,young
blue-collar,married,primary,no,228,no,no,cellular,9,aug,4,-1,0,unknown,0,older
blue-collar,married,primary,no,482,yes,no,cellular,20,apr,1,-1,0,unknown,0,young
management,single,tertiary,no,1114,yes,no,unknown,5,may,2,-1,0,unknown,0,young
technician,married,tertiary,no,317,yes,no,unknown,13,may,4,-1,0,unknown,0,young
management,single,tertiary,no,272,no,no,cellular,30,aug,1,90,7,success,1,young
management,married,tertiary,no,352,yes,no,unknown,15,jun,5,-1,0,unknown,0,older
blue-collar,married,secondary,no,256,yes,no,unknown,1,jun,2,-1,0,unknown,0,older
retired,married,primary,no,615,no,no,telephone,10,aug,4,-1,0,unknown,0,older
blue-collar,married,secondary,no,220,yes,no,cellular,14,may,2,359,2,failure,0,young
technician,single,secondary,no,793,no,no,cellular,6,aug,2,-1,0,unknown,0,young
technician,married,secondary,no,-223,yes,no,unknown,20,may,4,-1,0,unknown,0,young
management,single,tertiary,no,104,no,no,cellular,24,aug,2,-1,0,unknown,0,young
blue-collar,single,secondary,no,255,no,no,cellular,19,aug,1,95,1,success,1,young
technician,married,secondary,no,-340,yes,no,unknown,7,jun,5,-1,0,unknown,0,older
management,married,tertiary,no,114,yes,no,cellular,15,jul,2,-1,0,unknown,0,young
management,married,tertiary,no,1229,no,no,cellular,30,aug,1,-1,0,unknown,0,older
blue-collar,married,primary,no,228,no,no,cellular,5,oct,1,-1,0,unknown,0,older
technician,married,secondary,no,18,no,no,cellular,30,jan,1,83,3,failure,0,young
blue-collar,married,secondary,no,838,yes,no,unknown,5,may,5,-1,0,unknown,0,young
technician,single,tertiary,no,732,no,no,cellular,30,oct,1,110,1,success,1,young
technician,married,secondary,no,1532,yes,no,cellular,30,apr,1,83,1,failure,0,older
management,married,tertiary,no,119,yes,no,unknown,16,may,2,-1,0,unknown,0,older
services,married,secondary,no,981,no,no,cellular,4,feb,3,-1,0,unknown,0,older
admin.,married,secondary,no,781,yes,no,unknown,15,may,5,-1,0,unknown,0,older
technician,married,secondary,no,683,yes,no,cellular,14,apr,2,-1,0,unknown,0,older
blue-collar,married,primary,no,10,no,no,unknown,2,jun,2,-1,0,unknown,0,older
management,married,tertiary,no,519,no,no,cellular,27,oct,3,-1,0,unknown,0,older
technician,single,tertiary,no,991,no,no,cellular,20,aug,5,0,6,success,1,young
management,married,tertiary,no,53,no,no,cellular,25,jul,4,-1,0,unknown,0,older
technician,married,secondary,no,-340,no,no,cellular,6,feb,2,-1,0,unknown,0,young
blue-collar,married,secondary,no,739,yes,no,unknown,15,jun,5,-1,0,unknown,0,young
blue-collar,single,secondary,no,879,no,no,cellular,6,feb,1,-1,0,unknown,1,young
management,single,tertiary,no,715,no,no,cellular,6,oct,2,-1,0,unknown,0,young
management,married,tertiary,no,961,yes,no,cellular,19,apr,2,147,5,failure,0,older
retired,married,tertiary,no,1660,no,no,cellular,21,aug,4,178,2,success,1,older
management,married,tertiary,no,171,yes,no,cellular,18,aug,6,-1,0,unknown,0,older
blue-collar,married,secondary,no,267,yes,no,cellular,8,jul,2,-1,0,unknown,0,older
technician,married,secondary,no,16,no,no,cellular,7,jul,6,-1,0,unknown,0,young
services,married,secondary,no,-150,no,no,cellular,9,jul,2,-1,0,unknown,0,young
technician,married,secondary,no,-108,yes,yes,cellular,20,nov,1,-1,0,unknown,0,young
technician,married,secondary,no,145,yes,no,cellular,15,apr,5,-1,0,unknown,0,young
technician,married,tertiary,no,1087,no,no,cellular,5,aug,1,-1,0,unknown,0,older
services,married,secondary,no,463,yes,no,cellular,15,may,2,334,6,failure,0,older
technician,married,secondary,no,780,no,no,cellular,27,jan,2,-1,0,unknown,0,older
technician,single,secondary,no,933,no,no,cellular,14,may,4,-1,0,unknown,0,young
blue-collar,married,secondary,no,1107,yes,no,cellular,28,apr,1,-1,0,unknown,1,young
management,married,tertiary,no,739,no,no,cellular,13,sep,1,200,6,failure,1,older
blue-collar,married,primary,no,400,no,no,unknown,3,jun,3,-1,0,unknown,0,older
admin.,married,secondary,no,-52,no,no,unknown,13,may,3,-1,0,unknown,0,older
management,married,tertiary,no,658,yes,no,cellular,18,nov,4,-1,0,unknown,0,older
blue-collar,married,primary,no,624,no,no,unknown,20,jun,2,-1,0,unknown,0,older
management,married,tertiary,no,935,yes,no,cellular,18,apr,1,329,1,failure,0,young
technician,married,secondary,no,71,yes,no,unknown,9,may,2,-1,0,unknown,0,young
management,married,tertiary,no,896,no,no,cellular,30,aug,1,-1,0,unknown,0,older
blue-collar,married,secondary,no,1184,no,no,cellular,21,aug,1,-1,0,unknown,0,young
technician,married,tertiary,no,492,no,no,cellular,28,aug,1,-1,0,unknown,1,older
technician,married,tertiary,no,-381,yes,no,cellular,25,jul,4,-1,0,unknown,0,young
technician,married,secondary,no,56,yes,no,unknown,29,may,2,-1,0,unknown,0,young
services,married,secondary,no,868,yes,no,cellular,29,jan,1,-1,0,unknown,0,young
student,single,secondary,no,584,no,no,cellular,6,oct,1,92,1,success,1,young
admin.,married,secondary,no,332,yes,no,cellular,14,jun,4,340,2,failure,0,older
technician,single,secondary,no,1358,yes,no,unknown,16,may,2,-1,0,unknown,0,young
management,married,tertiary,no,252,yes,no,cellular,4,may,5,-1,0,unknown,0,young
blue-collar,married,secondary,no,816,yes,no,cellular,7,may,2,-1,0,unknown,1,young
blue-collar,married,primary,no,-138,yes,no,unknown,16,may,3,-1,0,unknown,0,young
blue-collar,married,secondary,no,293,yes,no,cellular,15,aug,4,-1,0,unknown,0,older
admin.,married,secondary,no,911,no,no,cellular,26,aug,2,-1,0,unknown,0,young
management,married,tertiary,no,678,yes,no,cellular,19,jul,5,-1,0,unknown,0,older
management,married,tertiary,no,633,yes,no,cellular,16,jul,3,-1,0,unknown,0,older
technician,married,secondary,no,151,yes,no,cellular,30,jul,2,-1,0,unknown,0,young
admin.,married,secondary,no,558,no,no,cellular,9,feb,2,-1,0,unknown,1,older
technician,single,secondary,no,452,yes,no,cellular,16,apr,2,-1,0,unknown,0,young
retired,married,primary,no,566,yes,no,unknown,5,jun,4,-1,0,unknown,0,older
blue-collar,married,secondary,no,111,no,no,cellular,6,apr,1,174,1,failure,0,young
blue-collar,married,secondary,no,29,yes,no,cellular,9,jul,1,-1,0,unknown,0,older
admin.,married,secondary,no,638,no,no,cellular,29,aug,1,105,4,success,1,older
technician,single,tertiary,no,10,no,no,cellular,2,feb,2,-1,0,unknown,0,young
student,single,secondary,no,746,no,no,cellular,3,aug,3,-1,0,unknown,0,young
blue-collar,married,secondary,no,846,yes,no,unknown,12,jun,3,-1,0,unknown,0,older
student,single,secondary,no,-157,no,no,cellular,2,sep,2,-1,0,unknown,0,young
blue-collar,married,primary,no,639,no,no,cellular,19,aug,1,95,1,success,1,older
technician,married,tertiary,no,75,no,no,cellular,10,aug,3,-1,0,unknown,0,older
admin.,married,secondary,no,970,yes,no,cellular,17,jul,2,-1,0,unknown,0,older
student,single,secondary,no,278,no,no,cellular,7,jun,3,-1,0,unknown,0,young
technician,married,secondary,no,420,no,no,cellular,5,oct,3,-1,0,unknown,0,older
blue-collar,married,secondary,no,722,no,no,cellular,19,aug,2,-1,0,unknown,0,young
technician,married,secondary,no,-187,yes,no,cellular,21,nov,1,-1,0,unknown,0,young
blue-collar,single,secondary,no,519,no,no,cellular,4,aug,1,179,1,success,1,young
blue-collar,married,secondary,no,-33,yes,no,unknown,3,jun,4,-1,0,unknown,0,young
technician,single,secondary,no,1069,yes,no,unknown,20,may,2,-1,0,unknown,0,young
admin.,married,secondary,no,-532,no,no,cellular,7,jul,2,-1,0,unknown,0,young
management,married,tertiary,no,1848,no,no,cellular,28,aug,1,88,3,success,1,older
blue-collar,married,secondary,no,-218,yes,no,cellular,20,nov,1,-1,0,unknown,0,young
blue-collar,single,secondary,no,94,no,no,cellular,19,aug,1,94,2,success,1,young
blue-collar,married,secondary,no,293,yes,no,cellular,11,may,5,353,6,failure,0,young
blue-collar,married,secondary,no,1205,yes,no,unknown,13,jun,2,-1,0,unknown,0,young
blue-collar,married,primary,no,-373,yes,no,cellular,14,may,5,301,3,failure,0,young
management,married,tertiary,no,-50,no,no,cellular,20,aug,1,94,2,success,0,young
services,married,secondary,no,614,no,no,cellular,27,jul,2,-1,0,unknown,0,young
housemaid,married,primary,no,1265,no,no,unknown,6,jun,3,-1,0,unknown,0,older
blue-collar,married,primary,no,1376,yes,no,cellular,17,may,4,-1,0,unknown,0,young
management,married,tertiary,no,323,no,no,cellular,14,may,2,-1,0,unknown,0,older
management,married,tertiary,no,717,yes,no,cellular,12,aug,5,-1,0,unknown,0,young
entrepreneur,married,secondary,no,-92,yes,no,cellular,14,jul,2,-1,0,unknown,0,young
blue-collar,single,secondary,no,92,yes,no,unknown,7,may,5,-1,0,unknown,0,young
blue-collar,married,primary,no,104,yes,no,unknown,14,may,4,-1,0,unknown,0,older
blue-collar,married,primary,no,478,yes,no,cellular,20,jul,4,-1,0,unknown,0,young
technician,married,secondary,no,885,yes,no,unknown,5,jun,3,-1,0,unknown,0,older
management,married,secondary,no,670,yes,no,cellular,15,jul,4,-1,0,unknown,0,older
technician,married,secondary,no,947,no,no,unknown,17,jun,2,-1,0,unknown,0,young
blue-collar,married,secondary,no,147,yes,no,cellular,20,nov,1,-1,0,unknown,0,young
technician,married,secondary,no,638,yes,no,cellular,15,may,6,-1,0,unknown,0,young
management,married,tertiary,no,245,no,no,cellular,21,aug,2,-1,0,unknown,0,older
technician,married,secondary,no,-300,yes,no,cellular,21,nov,4,-1,0,unknown,0,young
housemaid,married,secondary,no,-213,no,no,cellular,7,aug,1,-1,0,unknown,0,older
blue-collar,married,secondary,no,652,yes,no,cellular,13,may,2,-1,0,unknown,0,young
management,married,tertiary,no,28,yes,no,cellular,8,jul,2,-1,0,unknown,0,older
technician,single,tertiary,no,-47,yes,no,cellular,10,may,2,-1,0,unknown,0,young
management,married,secondary,no,725,yes,no,cellular,19,nov,2,160,3,failure,0,older
management,married,tertiary,no,392,no,no,cellular,5,feb,1,-1,0,unknown,0,young
management,married,tertiary,no,657,no,no,cellular,2,feb,2,-1,0,unknown,0,older
technician,married,secondary,no,776,no,no,cellular,19,aug,2,-1,0,unknown,0,young
technician,married,secondary,no,406,yes,no,unknown,15,may,2,-1,0,unknown,0,older
technician,single,secondary,no,-526,no,no,cellular,22,aug,1,-1,0,unknown,0,young
technician,married,secondary,no,898,yes,no,cellular,26,aug,5,-1,0,unknown,0,older
admin.,single,secondary,no,83,yes,no,cellular,9,may,1,261,7,failure,0,young
admin.,married,secondary,no,1109,yes,no,unknown,6,jun,2,-1,0,unknown,1,young
services,married,secondary,no,179,yes,no,unknown,11,may,2,-1,0,unknown,0,older
technician,married,secondary,no,498,yes,no,cellular,19,aug,1,185,2,failure,0,young
management,married,tertiary,no,-106,yes,no,cellular,21,nov,4,-1,0,unknown,0,older
management,married,tertiary,no,-236,yes,no,cellular,4,may,2,-1,0,unknown,1,young
admin.,single,secondary,no,530,yes,no,cellular,17,apr,1,363,1,failure,0,young
technician,married,secondary,no,211,yes,no,cellular,17,nov,1,-1,0,unknown,0,older
student,single,secondary,no,594,no,no,cellular,12,aug,1,108,1,success,1,young
blue-collar,married,primary,no,715,yes,no,unknown,25,jun,3,-1,0,unknown,0,young
blue-collar,married,secondary,no,782,yes,no,cellular,15,jul,5,-1,0,unknown,0,older
admin.,married,secondary,no,-199,yes,no,unknown,15,may,4,-1,0,unknown,0,older
technician,married,secondary,no,382,yes,no,unknown,12,may,2,-1,0,unknown,0,young
admin.,married,secondary,no,49,yes,no,cellular,8,may,2,-1,0,unknown,0,young
unknown,married,tertiary,no,131,no,no,cellular,21,oct,1,-1,0,unknown,1,young
technician,married,secondary,no,539,yes,no,unknown,25,jun,3,-1,0,unknown,0,young
technician,married,secondary,no,583,yes,no,unknown,4,jun,3,-1,0,unknown,0,young
retired,married,primary,no,949,no,no,cellular,13,may,1,189,4,success,1,older
services,married,secondary,no,-291,yes,yes,cellular,8,jul,2,-1,0,unknown,0,older
retired,married,secondary,no,220,no,no,cellular,18,apr,1,219,1,failure,1,older
admin.,single,secondary,no,507,no,no,cellular,22,nov,1,-1,0,unknown,0,young
management,married,tertiary,no,909,no,no,cellular,28,aug,6,-1,0,unknown,0,young
services,married,secondary,no,1261,yes,no,cellular,14,aug,5,-1,0,unknown,0,young
blue-collar,married,primary,no,442,no,no,cellular,21,jul,6,-1,0,unknown,0,older
services,married,secondary,no,-69,yes,no,cellular,4,may,2,-1,0,unknown,1,young
blue-collar,married,secondary,no,685,yes,no,cellular,7,may,2,-1,0,unknown,0,young
blue-collar,married,primary,no,-4,yes,no,unknown,13,may,2,-1,0,unknown,0,older
admin.,married,secondary,no,-13,yes,no,cellular,17,nov,1,-1,0,unknown,0,older
blue-collar,married,secondary,no,-237,no,no,cellular,14,jul,3,-1,0,unknown,0,young
technician,single,tertiary,no,1560,no,no,cellular,26,aug,3,-1,0,unknown,0,young
student,single,secondary,no,556,no,no,cellular,9,sep,1,-1,0,unknown,0,young
technician,married,secondary,no,332,yes,no,cellular,18,nov,2,182,6,failure,0,older
unknown,married,secondary,no,621,no,no,cellular,3,oct,2,-1,0,unknown,0,older
management,married,secondary,no,463,yes,no,cellular,18,nov,1,182,1,failure,0,young
services,married,secondary,no,-36,yes,no,unknown,8,may,2,-1,0,unknown,0,older
blue-collar,married,primary,no,1384,yes,no,cellular,21,jul,2,-1,0,unknown,0,older
blue-collar,married,secondary,no,835,yes,no,cellular,5,apr,1,-1,0,unknown,1,young
management,married,tertiary,no,343,no,no,cellular,9,may,4,-1,0,unknown,0,young
management,married,tertiary,no,77,no,no,cellular,11,aug,4,-1,0,unknown,0,older
entrepreneur,married,secondary,no,465,no,no,cellular,8,jul,4,-1,0,unknown,0,older
blue-collar,married,secondary,no,259,yes,no,cellular,17,apr,2,-1,0,unknown,0,young
blue-collar,married,primary,no,142,yes,no,unknown,28,jun,2,-1,0,unknown,0,young
blue-collar,married,primary,no,-7,yes,no,cellular,8,jul,4,-1,0,unknown,0,young
services,married,secondary,no,-108,yes,no,cellular,28,aug,3,-1,0,unknown,0,young
management,single,tertiary,no,-335,yes,no,cellular,5,apr,1,262,2,failure,0,young
student,single,secondary,no,534,yes,no,cellular,9,may,2,-1,0,unknown,0,young
technician,married,secondary,no,-155,yes,no,cellular,15,jul,2,-1,0,unknown,0,young
blue-collar,single,secondary,no,225,yes,no,cellular,20,apr,4,-1,0,unknown,0,young
admin.,single,secondary,no,607,no,no,cellular,21,may,5,-1,0,unknown,0,young
management,married,tertiary,no,-364,no,no,unknown,30,jun,2,-1,0,unknown,0,young
technician,married,secondary,no,285,yes,no,cellular,21,nov,1,100,1,failure,0,older
retired,married,secondary,no,546,no,no,cellular,21,may,4,-1,0,unknown,0,older
management,single,tertiary,no,877,yes,no,cellular,14,may,5,-1,0,unknown,0,young
services,single,secondary,no,408,no,no,cellular,4,nov,3,-1,0,unknown,0,young
technician,married,secondary,no,-141,no,no,cellular,19,aug,3,85,6,success,1,older
services,married,secondary,no,240,yes,no,unknown,14,may,2,-1,0,unknown,0,older
management,married,tertiary,no,860,no,no,cellular,4,oct,1,90,1,failure,1,older
technician,married,secondary,no,666,yes,no,unknown,16,jun,2,-1,0,unknown,0,older
services,married,secondary,no,511,yes,no,cellular,4,may,4,-1,0,unknown,0,young
retired,married,secondary,no,464,no,no,cellular,23,aug,5,-1,0,unknown,0,older
management,single,tertiary,no,614,yes,no,cellular,12,may,2,-1,0,unknown,0,young
technician,married,secondary,no,-105,no,no,cellular,20,nov,1,-1,0,unknown,0,older
technician,married,tertiary,no,-8,no,no,unknown,17,jun,4,-1,0,unknown,0,young
blue-collar,married,secondary,no,700,no,no,cellular,14,jan,2,-1,0,unknown,0,young
technician,married,tertiary,no,432,yes,no,cellular,29,aug,4,-1,0,unknown,0,young
admin.,married,secondary,no,-91,no,no,cellular,7,feb,1,193,1,failure,0,older
services,single,secondary,no,-418,yes,no,cellular,22,apr,4,-1,0,unknown,0,young
technician,married,secondary,no,155,no,no,cellular,14,jan,2,-1,0,unknown,0,young
technician,married,secondary,no,-127,yes,no,cellular,18,nov,1,176,1,failure,0,older
management,married,tertiary,no,41,no,no,cellular,1,jul,4,-1,0,unknown,0,older
student,single,secondary,no,328,yes,no,unknown,18,may,5,-1,0,unknown,0,young
housemaid,married,secondary,no,150,no,no,cellular,8,jul,1,-1,0,unknown,0,older
admin.,married,secondary,no,1191,no,no,cellular,7,aug,2,-1,0,unknown,0,older
blue-collar,married,secondary,no,-107,yes,no,unknown,7,may,2,-1,0,unknown,0,older
management,married,secondary,no,176,yes,no,cellular,19,nov,4,-1,0,unknown,0,young
management,single,tertiary,no,421,yes,no,unknown,13,may,2,-1,0,unknown,0,young
management,single,tertiary,no,455,yes,no,cellular,3,jul,2,-1,0,unknown,0,young
admin.,married,secondary,no,911,no,no,cellular,28,aug,1,-1,0,unknown,0,older
retired,married,primary,no,516,no,no,unknown,6,jun,2,-1,0,unknown,0,older
admin.,married,secondary,no,1035,yes,no,cellular,14,apr,1,-1,0,unknown,1,older
management,single,tertiary,no,525,no,no,cellular,6,feb,2,-1,0,unknown,0,young
technician,married,secondary,no,873,no,no,cellular,29,jan,2,-1,0,unknown,0,young
blue-collar,married,secondary,no,619,no,no,cellular,3,nov,1,-1,0,unknown,0,young
admin.,single,secondary,no,731,yes,no,cellular,5,jul,2,-1,0,unknown,0,young
blue-collar,married,secondary,no,319,no,no,unknown,5,jun,5,-1,0,unknown,0,older
housemaid,married,secondary,no,612,no,no,cellular,10,aug,1,-1,0,unknown,0,older
admin.,married,secondary,no,1385,yes,no,cellular,19,aug,3,171,0,unknown,0,young
blue-collar,married,primary,no,589,yes,no,unknown,18,may,2,-1,0,unknown,0,young
admin.,married,secondary,no,344,yes,no,cellular,13,apr,2,-1,0,unknown,0,older
management,married,tertiary,no,405,no,no,cellular,21,aug,5,-1,4,success,1,older
management,married,tertiary,no,442,yes,no,unknown,23,jun,2,-1,0,unknown,0,young
technician,married,secondary,no,537,yes,no,cellular,12,may,3,-1,0,unknown,0,young
services,married,secondary,no,12,no,no,cellular,2,mar,12,-1,0,unknown,0,young
technician,married,secondary,no,202,no,no,cellular,6,jul,4,-1,0,unknown,0,older
blue-collar,married,secondary,no,83,no,no,cellular,24,aug,2,-1,0,unknown,0,older
services,married,secondary,no,295,no,no,cellular,12,aug,2,-1,0,unknown,0,young
management,married,tertiary,no,339,no,no,cellular,16,apr,3,-1,0,unknown,0,older
retired,married,primary,no,401,no,no,telephone,28,jul,5,-1,0,unknown,0,older
technician,single,secondary,no,709,yes,no,unknown,2,jun,2,-1,0,unknown,0,young
technician,married,secondary,no,624,yes,no,cellular,19,aug,4,172,2,success,0,older
technician,married,secondary,no,277,yes,no,unknown,5,jun,10,-1,0,unknown,0,young
technician,married,secondary,no,546,no,no,cellular,20,nov,1,-1,0,unknown,0,older
entrepreneur,married,secondary,no,539,yes,no,unknown,12,jun,2,-1,0,unknown,0,older
blue-collar,married,secondary,no,482,yes,no,cellular,15,jul,5,-1,0,unknown,0,young
blue-collar,married,secondary,no,219,yes,no,unknown,8,may,2,-1,0,unknown,0,young
technician,married,secondary,no,741,yes,no,unknown,15,jun,3,-1,0,unknown,0,older
housemaid,married,secondary,no,7,no,no,unknown,17,jun,3,-1,0,unknown,0,older
retired,married,primary,no,985,no,no,cellular,16,jul,4,-1,0,unknown,0,older
management,married,tertiary,no,732,no,no,cellular,7,oct,1,-1,0,unknown,1,older
management,married,tertiary,no,391,yes,no,unknown,13,jun,5,-1,0,unknown,0,older
blue-collar,married,secondary,no,-268,no,no,cellular,20,aug,1,-1,0,unknown,0,older
management,single,tertiary,no,538,no,no,unknown,7,jun,2,-1,0,unknown,0,young
technician,married,secondary,no,714,no,no,cellular,12,aug,2,-1,0,unknown,0,young
blue-collar,single,secondary,no,47,yes,no,unknown,3,jun,11,-1,0,unknown,0,young
blue-collar,married,primary,no,1001,yes,no,cellular,18,aug,4,-1,0,unknown,0,older
management,married,tertiary,no,-260,no,no,cellular,11,aug,2,-1,0,unknown,0,older
blue-collar,single,primary,no,-23,no,no,cellular,13,may,3,-1,0,unknown,0,young
blue-collar,married,secondary,no,913,no,no,unknown,4,jun,2,-1,0,unknown,0,young
admin.,married,secondary,no,370,yes,no,cellular,7,may,2,-1,0,unknown,0,young
blue-collar,married,primary,no,-10,no,no,cellular,11,may,3,-1,0,unknown,0,older
services,married,secondary,no,270,yes,no,unknown,13,may,2,-1,0,unknown,0,young
self-employed,married,tertiary,no,279,no,no,cellular,25,oct,1,-1,0,unknown,0,older
housemaid,married,secondary,no,671,no,no,cellular,7,jul,2,-1,0,unknown,0,older
retired,married,secondary,no,9,yes,no,unknown,6,may,2,-1,0,unknown,0,older
retired,married,primary,no,1708,no,no,telephone,17,aug,1,184,1,success,1,older
services,married,secondary,no,1116,no,no,cellular,1,aug,4,-1,0,unknown,0,young
management,married,tertiary,no,1102,yes,no,cellular,18,apr,2,98,3,failure,0,young
admin.,married,secondary,no,1002,no,no,cellular,31,aug,3,86,6,success,1,older
admin.,married,secondary,no,206,yes,no,unknown,22,jun,3,-1,0,unknown,0,older
technician,married,secondary,no,579,yes,no,cellular,29,jul,2,-1,0,unknown,0,older
retired,married,primary,no,443,no,no,unknown,15,may,5,-1,0,unknown,0,older
blue-collar,married,secondary,no,-77,yes,no,cellular,15,jun,4,335,6,failure,0,young
management,married,tertiary,no,380,yes,no,cellular,19,aug,5,-1,0,unknown,0,older
services,married,secondary,no,367,yes,no,unknown,15,may,5,-1,0,unknown,0,young
admin.,married,secondary,no,572,yes,no,cellular,3,feb,4,-1,0,unknown,0,older
technician,single,tertiary,no,427,yes,no,cellular,20,apr,2,-1,0,unknown,0,young
retired,married,tertiary,no,2935,no,no,cellular,21,aug,4,-1,0,unknown,1,older
technician,married,secondary,no,-194,yes,no,unknown,3,jun,3,-1,0,unknown,0,older
blue-collar,married,secondary,no,-238,yes,no,cellular,15,apr,2,-1,0,unknown,0,young
technician,married,secondary,no,433,yes,no,cellular,14,jul,2,-1,0,unknown,0,older
admin.,married,secondary,no,529,yes,no,unknown,6,may,3,-1,0,unknown,0,young
technician,married,secondary,no,560,no,no,cellular,7,aug,2,-1,0,unknown,0,young
blue-collar,married,secondary,no,159,yes,no,cellular,21,nov,1,-1,0,unknown,0,young
admin.,married,secondary,no,84,yes,no,unknown,15,may,5,-1,0,unknown,0,older
blue-collar,single,secondary,no,840,yes,no,unknown,16,may,2,-1,0,unknown,0,young
admin.,single,secondary,no,100,yes,no,cellular,21,jul,4,-1,0,unknown,0,young
technician,married,secondary,no,26,no,no,cellular,28,aug,4,-1,0,unknown,0,older
blue-collar,married,secondary,no,475,yes,no,unknown,13,jun,2,-1,0,unknown,0,young
admin.,married,secondary,no,779,yes,no,cellular,14,may,1,367,1,failure,0,young
management,single,tertiary,no,521,yes,no,unknown,17,may,2,-1,0,unknown,0,young
management,single,tertiary,no,457,no,no,unknown,7,jun,2,-1,0,unknown,0,young
blue-collar,married,secondary,no,937,no,no,cellular,30,aug,1,-1,0,unknown,1,older
services,married,secondary,no,48,yes,no,unknown,9,may,2,-1,0,unknown,0,older
blue-collar,married,secondary,no,386,yes,no,cellular,17,may,2,-1,0,unknown,0,young
blue-collar,married,secondary,no,71,no,no,unknown,27,jun,4,-1,0,unknown,0,young
blue-collar,married,primary,no,385,yes,no,cellular,18,nov,1,151,1,failure,1,older
admin.,single,secondary,no,-101,yes,no,cellular,3,may,2,-1,0,unknown,0,young
technician,single,secondary,no,180,yes,no,cellular,20,jul,3,-1,0,unknown,0,young
blue-collar,single,secondary,no,1083,yes,no,cellular,7,jul,2,-1,0,unknown,0,young
admin.,single,secondary,no,218,yes,no,cellular,18,nov,2,-1,0,unknown,0,young
blue-collar,married,secondary,no,432,yes,no,unknown,5,jun,2,-1,0,unknown,0,older
services,married,secondary,no,44,yes,no,cellular,17,jul,3,-1,0,unknown,0,older
blue-collar,married,secondary,no,265,no,no,cellular,8,jul,2,-1,0,unknown,0,young
blue-collar,married,secondary,no,925,yes,no,unknown,2,jun,2,-1,0,unknown,0,older
technician,single,secondary,no,597,no,no,cellular,5,aug,1,-1,1,unknown,1,young
management,single,tertiary,no,310,no,no,unknown,9,jun,2,-1,0,unknown,0,young
blue-collar,married,primary,no,249,yes,no,unknown,16,may,3,-1,0,unknown,0,older
admin.,single,secondary,no,274,no,no,cellular,22,nov,1,-1,0,unknown,0,young
technician,married,secondary,no,-63,yes,no,cellular,19,nov,5,-1,0,unknown,0,young
admin.,married,secondary,no,854,no,no,cellular,24,nov,1,-1,0,unknown,0,young
services,single,secondary,no,-18,yes,no,unknown,9,may,2,-1,0,unknown,0,young
management,married,tertiary,no,-20,no,no,cellular,29,aug,4,-1,0,unknown,0,older
management,married,tertiary,no,1224,no,no,unknown,3,jun,2,-1,0,unknown,0,older
services,married,secondary,no,640,yes,no,cellular,16,nov,1,207,1,failure,0,young
services,married,secondary,no,570,no,no,cellular,9,jul,3,-1,0,unknown,0,young
housemaid,married,secondary,no,1243,no,no,cellular,2,nov,2,-1,0,unknown,0,older
services,married,secondary,no,973,yes,no,unknown,15,may,2,-1,0,unknown,0,young
blue-collar,married,secondary,no,230,yes,no,unknown,6,jun,2,-1,0,unknown,0,young
admin.,married,secondary,no,94,no,no,unknown,6,jun,2,-1,0,unknown,0,young
retired,married,secondary,no,-286,no,no,cellular,28,aug,4,-1,0,unknown,0,older
blue-collar,married,secondary,no,322,yes,no,cellular,19,may,6,-1,0,unknown,0,young
technician,married,secondary,no,152,no,no,cellular,8,jul,2,-1,0,unknown,0,young
technician,married,secondary,no,1144,no,no,cellular,7,aug,3,-1,0,unknown,0,older
services,married,secondary,no,383,yes,no,cellular,29,aug,3,-1,0,unknown,0,older
blue-collar,married,secondary,no,1000,yes,no,cellular,18,may,3,-1,0,unknown,0,young
retired,married,primary,no,1135,yes,no,cellular,18,jul,3,-1,0,unknown,0,older
housemaid,married,primary,no,1701,no,no,cellular,19,aug,4,87,4,success,1,older
admin.,married,secondary,no,842,yes,no,cellular,8,may,2,-1,0,unknown,0,older
admin.,single,secondary,no,910,yes,no,unknown,14,may,2,-1,0,unknown,0,young
blue-collar,married,secondary,no,206,no,no,unknown,9,may,2,-1,0,unknown,0,young
retired,married,secondary,no,40,no,no,cellular,9,jul,2,-1,0,unknown,0,older
services,married,secondary,no,495,no,no,cellular,8,aug,5,-1,0,unknown,0,young
management,married,tertiary,no,799,yes,no,cellular,23,aug,1,-1,0,unknown,0,young
management,married,tertiary,no,-642,yes,no,unknown,8,may,3,-1,0,unknown,0,young
management,married,tertiary,no,62,no,no,unknown,14,may,2,-1,0,unknown,0,young
technician,single,tertiary,no,508,yes,no,cellular,6,may,2,-1,0,unknown,0,young
admin.,married,secondary,no,118,yes,no,unknown,13,may,2,-1,0,unknown,0,older
technician,married,tertiary,no,650,yes,no,cellular,12,nov,2,-1,0,unknown,0,older
management,single,tertiary,no,1256,no,no,cellular,15,jun,2,-1,0,unknown,0,young
technician,married,secondary,no,584,yes,no,unknown,7,may,3,-1,0,unknown,0,young
technician,married,secondary,no,167,yes,no,cellular,7,may,2,-1,0,unknown,0,young
blue-collar,married,secondary,no,-207,no,no,cellular,3,aug,2,-1,0,unknown,0,older
admin.,married,secondary,no,370,yes,no,cellular,17,jul,2,-1,0,unknown,0,young
blue-collar,married,primary,no,641,yes,no,cellular,13,jul,2,-1,0,unknown,0,older
blue-collar,single,secondary,no,50,yes,no,cellular,19,apr,1,-1,0,unknown,0,young
housemaid,married,secondary,no,-318,no,no,cellular,9,nov,1,-1,0,unknown,1,older
services,married,secondary,no,-387,yes,no,cellular,20,nov,1,79,1,failure,0,young
blue-collar,married,secondary,no,532,no,no,cellular,5,jan,1,88,2,success,0,young
blue-collar,married,secondary,no,602,yes,no,cellular,17,apr,1,250,1,failure,0,young
blue-collar,married,primary,no,469,no,no,unknown,15,may,3,-1,0,unknown,0,older
technician,married,secondary,no,483,no,no,cellular,25,aug,3,-1,0,unknown,0,older
technician,married,secondary,no,575,no,no,cellular,2,nov,2,-1,0,unknown,0,older
blue-collar,married,secondary,no,798,yes,no,cellular,6,may,5,324,4,failure,0,young
services,single,secondary,no,57,yes,no,unknown,3,may,2,-1,0,unknown,0,young
management,married,tertiary,no,-726,no,no,cellular,17,jul,2,-1,0,unknown,0,older
services,married,secondary,no,396,yes,no,cellular,15,nov,1,-1,0,unknown,0,young
blue-collar,married,secondary,no,483,no,no,cellular,7,nov,2,94,4,success,0,young
blue-collar,single,secondary,no,246,yes,no,cellular,14,may,2,-1,0,unknown,0,young
management,married,tertiary,no,848,yes,no,cellular,20,aug,5,85,5,success,0,young
blue-collar,married,primary,no,-67,no,no,cellular,27,aug,7,-1,0,unknown,0,older
management,married,tertiary,no,-30,no,no,cellular,27,jul,10,-1,0,unknown,0,older
technician,married,secondary,no,803,yes,no,cellular,15,may,4,-1,0,unknown,0,older
blue-collar,married,primary,no,297,yes,no,unknown,3,jun,4,-1,0,unknown,0,young
management,single,tertiary,no,301,yes,no,cellular,13,may,2,-1,0,unknown,1,young
blue-collar,married,secondary,no,1290,yes,no,unknown,15,may,5,-1,0,unknown,0,young
blue-collar,single,secondary,no,195,yes,no,cellular,11,nov,2,-1,0,unknown,0,young
technician,married,secondary,no,1223,yes,no,cellular,15,jul,3,-1,0,unknown,0,older
technician,married,secondary,no,527,yes,no,unknown,3,feb,2,-1,0,unknown,0,older
retired,married,secondary,no,-67,no,no,cellular,23,jul,7,-1,0,unknown,0,older
retired,married,primary,no,1277,yes,no,unknown,14,jun,3,-1,0,unknown,0,older
blue-collar,married,secondary,no,846,yes,no,cellular,11,may,4,-1,0,unknown,0,older
technician,married,tertiary,no,988,yes,no,cellular,1,nov,2,-1,0,unknown,0,young
blue-collar,married,primary,no,489,no,no,cellular,14,jul,2,-1,0,unknown,0,older
admin.,single,secondary,no,274,yes,no,cellular,18,apr,3,209,6,failure,0,young
admin.,married,secondary,no,72,yes,no,cellular,17,aug,2,-1,0,unknown,0,older
technician,single,tertiary,no,29,no,no,cellular,18,nov,1,155,1,failure,0,young
blue-collar,married,primary,no,796,no,no,cellular,6,aug,1,-1,0,unknown,0,young
management,married,tertiary,no,315,yes,no,cellular,6,may,2,265,3,failure,0,older
management,married,tertiary,no,473,no,no,cellular,23,jul,5,-1,0,unknown,0,older
unknown,single,tertiary,no,201,no,no,unknown,9,jun,2,-1,0,unknown,0,young
technician,single,secondary,no,41,yes,no,cellular,9,may,3,-1,0,unknown,0,young
admin.,single,secondary,no,1251,no,no,cellular,13,aug,5,-1,0,unknown,0,young
services,married,secondary,no,1213,yes,no,unknown,5,jun,3,-1,0,unknown,0,older
technician,married,secondary,no,240,yes,no,cellular,21,aug,1,100,5,failure,0,older
technician,married,secondary,no,233,no,no,unknown,7,jun,2,-1,0,unknown,0,older
self-employed,single,tertiary,no,562,no,no,cellular,4,feb,2,-1,0,unknown,0,young
blue-collar,married,secondary,no,1118,yes,no,cellular,14,may,2,-1,0,unknown,1,young
blue-collar,married,primary,no,541,no,no,cellular,4,nov,1,-1,0,unknown,0,young
admin.,single,secondary,no,478,yes,no,cellular,18,aug,3,-1,0,unknown,0,young
management,married,tertiary,no,429,no,no,cellular,26,aug,6,-1,0,unknown,0,young
services,married,secondary,no,921,no,no,unknown,15,jun,2,-1,0,unknown,0,older
admin.,married,secondary,no,404,no,no,cellular,14,jul,4,-1,0,unknown,0,older
services,married,secondary,no,970,yes,no,cellular,18,nov,1,185,2,failure,0,older
blue-collar,married,primary,no,149,no,no,cellular,25,aug,3,-1,0,unknown,0,older
housemaid,married,primary,no,208,no,no,cellular,7,jul,2,-1,0,unknown,0,older
technician,married,secondary,no,356,yes,no,cellular,8,jul,6,-1,0,unknown,0,older
housemaid,married,primary,no,620,yes,no,unknown,5,jun,2,-1,0,unknown,0,older
management,single,tertiary,no,1084,yes,no,cellular,15,apr,3,-1,0,unknown,0,young
technician,married,tertiary,no,1059,yes,no,cellular,17,aug,2,-1,0,unknown,0,young
admin.,married,secondary,no,446,yes,no,cellular,5,apr,2,-1,0,unknown,0,young
blue-collar,married,secondary,no,634,no,no,cellular,23,aug,1,93,1,success,1,young
technician,married,secondary,no,233,no,no,cellular,4,aug,1,91,2,failure,0,young
management,married,tertiary,no,281,no,no,cellular,12,sep,1,-1,0,unknown,0,older
technician,single,secondary,no,872,yes,no,cellular,18,nov,1,82,1,failure,0,young
management,single,tertiary,no,603,yes,no,cellular,6,may,5,-1,0,unknown,0,young
admin.,married,secondary,no,-327,yes,no,cellular,6,may,5,-1,0,unknown,0,young
blue-collar,married,secondary,no,68,no,no,unknown,2,jun,2,-1,0,unknown,0,young
services,single,secondary,no,-248,yes,no,unknown,16,may,3,-1,0,unknown,0,young
admin.,married,secondary,no,1,no,no,unknown,7,jun,2,-1,0,unknown,0,young
management,married,tertiary,no,479,yes,no,unknown,14,jun,2,-1,0,unknown,0,older
management,single,tertiary,no,502,no,no,cellular,1,jun,2,-1,0,unknown,0,young
management,married,tertiary,no,1762,yes,no,cellular,19,aug,2,178,2,failure,0,young
services,married,secondary,no,539,yes,no,unknown,22,may,2,-1,0,unknown,0,young
student,single,tertiary,no,404,no,no,cellular,21,aug,1,101,2,success,1,young
admin.,married,secondary,no,857,no,no,cellular,11,aug,5,-1,0,unknown,0,older
services,single,secondary,no,5,yes,no,unknown,26,jun,2,-1,0,unknown,0,young
admin.,single,secondary,no,459,no,no,cellular,14,aug,1,-1,0,unknown,0,young
student,single,secondary,no,551,no,no,unknown,8,jun,2,-1,0,unknown,0,young
blue-collar,married,secondary,no,193,yes,no,unknown,16,may,2,-1,0,unknown,0,young
services,married,secondary,no,422,yes,no,cellular,13,jul,2,-1,0,unknown,0,older
technician,married,secondary,no,706,no,no,cellular,20,aug,1,88,2,failure,0,older
technician,married,secondary,no,160,yes,no,unknown,19,may,2,-1,0,unknown,0,young
blue-collar,married,primary,no,638,yes,no,cellular,15,may,2,352,3,failure,0,older
services,single,secondary,no,791,no,no,cellular,15,jul,4,-1,0,unknown,0,young
technician,married,secondary,no,396,yes,no,cellular,20,aug,5,-1,4,success,0,young
technician,single,tertiary,no,173,yes,no,cellular,3,jul,5,-1,0,unknown,0,young
services,single,secondary,no,-30,no,no,cellular,27,jul,2,-1,0,unknown,0,young
blue-collar,married,secondary,no,1095,yes,no,unknown,23,jun,4,-1,0,unknown,0,young
technician,married,secondary,no,901,no,no,cellular,24,jul,2,-1,0,unknown,0,young
student,single,secondary,no,486,no,no,unknown,4,jun,2,-1,0,unknown,0,young
admin.,married,secondary,no,1061,no,no,cellular,20,nov,4,-1,0,unknown,0,older
retired,married,secondary,no,337,no,no,cellular,11,aug,2,-1,0,unknown,0,older
technician,single,tertiary,no,319,yes,no,cellular,14,may,4,-1,0,unknown,0,young
admin.,married,secondary,no,556,no,no,cellular,21,jul,5,-1,0,unknown,0,older
blue-collar,married,primary,no,1336,yes,no,unknown,14,may,5,-1,0,unknown,0,older
blue-collar,married,primary,no,-187,no,no,unknown,6,jun,12,-1,0,unknown,0,older
management,married,tertiary,no,-10,yes,no,unknown,3,jun,5,-1,0,unknown,0,young
technician,married,secondary,no,-288,no,no,cellular,19,jul,1,-1,0,unknown,0,young
housemaid,married,secondary,no,1122,no,no,cellular,20,feb,4,-1,0,unknown,0,older
admin.,married,secondary,no,519,yes,no,unknown,7,jun,5,-1,0,unknown,0,young
admin.,married,secondary,no,701,no,no,cellular,18,nov,3,-1,0,unknown,0,young
blue-collar,married,primary,no,155,yes,no,unknown,21,may,2,-1,0,unknown,0,older
blue-collar,married,secondary,no,-265,yes,no,cellular,13,jul,3,-1,0,unknown,0,young
technician,married,tertiary,no,-213,no,no,cellular,27,aug,2,-1,0,unknown,0,young
management,married,tertiary,no,538,yes,no,cellular,22,jul,4,-1,0,unknown,0,young
student,single,primary,no,610,yes,no,unknown,16,may,2,-1,0,unknown,0,young
services,married,secondary,no,-162,no,no,cellular,2,nov,6,-1,0,unknown,0,older
admin.,married,secondary,no,464,no,no,cellular,27,aug,2,-1,0,unknown,1,young
retired,married,secondary,no,417,no,no,cellular,8,aug,5,-1,0,unknown,0,older
services,married,secondary,no,847,yes,no,unknown,2,jun,2,-1,0,unknown,0,young
blue-collar,married,primary,no,826,yes,no,cellular,18,nov,1,-1,0,unknown,0,older
technician,married,secondary,no,784,yes,no,cellular,8,apr,2,-1,0,unknown,0,young
technician,married,tertiary,no,471,no,no,cellular,31,jan,1,91,1,failure,0,young
admin.,single,secondary,no,911,yes,no,cellular,5,may,2,279,5,failure,0,young
services,married,secondary,no,1,no,no,cellular,8,jul,1,-1,0,unknown,0,young
admin.,single,secondary,no,305,yes,no,cellular,14,may,2,-1,0,unknown,0,young
admin.,married,secondary,no,1290,yes,no,cellular,10,apr,2,-1,0,unknown,0,young
technician,married,secondary,no,779,yes,no,unknown,20,may,2,-1,0,unknown,0,older
services,married,secondary,no,-242,no,no,cellular,8,jul,4,-1,0,unknown,0,young
admin.,married,secondary,no,456,no,no,cellular,21,aug,5,-1,0,unknown,0,older
technician,married,secondary,no,-322,yes,no,unknown,9,may,4,-1,0,unknown,0,young
admin.,married,secondary,no,-198,yes,no,cellular,6,may,1,327,1,failure,0,young
management,married,tertiary,no,362,no,no,unknown,10,jun,4,-1,0,unknown,0,older
blue-collar,married,secondary,no,521,no,no,unknown,3,jun,2,-1,0,unknown,0,older
blue-collar,married,secondary,no,977,no,no,cellular,11,aug,1,-1,0,unknown,0,young
blue-collar,married,primary,no,-2,yes,no,cellular,16,may,4,-1,0,unknown,0,young
technician,married,secondary,no,20,no,no,unknown,1,jun,2,-1,0,unknown,0,older
admin.,married,secondary,no,-250,no,no,cellular,3,jul,1,-1,0,unknown,0,young
retired,married,secondary,no,1530,yes,no,cellular,18,may,2,-1,0,unknown,0,older
management,married,tertiary,no,338,yes,no,cellular,5,may,2,-1,0,unknown,1,older
admin.,married,secondary,no,155,yes,no,cellular,27,jan,1,-1,0,unknown,0,young
admin.,married,secondary,no,25,no,no,unknown,21,jun,2,-1,0,unknown,0,young
management,married,tertiary,no,749,no,no,cellular,20,aug,5,89,3,success,1,young
management,married,tertiary,no,242,yes,no,cellular,18,jul,2,-1,0,unknown,0,older
admin.,married,secondary,no,64,yes,no,unknown,3,jun,3,-1,0,unknown,0,older
admin.,married,secondary,no,-451,yes,no,unknown,7,may,2,-1,0,unknown,0,older
blue-collar,married,secondary,no,-73,yes,no,cellular,17,nov,2,174,2,failure,0,older
unknown,married,secondary,no,547,no,no,cellular,6,jun,2,-1,0,unknown,1,older
management,married,tertiary,no,-621,no,no,cellular,21,aug,2,124,2,failure,0,older
management,married,tertiary,no,143,yes,no,cellular,20,aug,3,175,2,failure,0,older
admin.,married,secondary,no,297,yes,no,cellular,14,aug,4,-1,0,unknown,0,young
admin.,married,secondary,no,-149,no,no,cellular,7,jul,4,-1,0,unknown,0,young
management,single,tertiary,no,142,no,no,cellular,30,aug,5,88,6,failure,0,young
management,married,tertiary,no,-369,yes,no,cellular,5,jan,1,141,2,failure,0,young
technician,married,secondary,no,213,yes,no,cellular,13,aug,4,-1,0,unknown,0,young
admin.,single,secondary,no,531,no,no,cellular,4,aug,2,96,3,success,1,young
blue-collar,married,primary,no,-304,no,no,cellular,19,aug,1,173,2,failure,0,older
admin.,married,secondary,no,-37,yes,no,cellular,13,aug,1,-1,0,unknown,0,young
management,single,tertiary,no,1390,yes,no,unknown,15,jun,2,-1,0,unknown,0,young
services,married,secondary,no,249,yes,no,cellular,20,jul,6,-1,0,unknown,0,older
management,married,tertiary,no,213,no,no,cellular,20,aug,1,95,1,success,1,young
management,married,tertiary,no,433,no,no,unknown,2,jun,3,-1,0,unknown,0,older
management,married,secondary,no,125,yes,no,cellular,16,may,2,356,3,failure,0,young
management,single,tertiary,no,571,yes,no,cellular,18,nov,1,-1,0,unknown,0,young
housemaid,married,primary,no,102,no,no,unknown,5,jun,2,-1,0,unknown,0,older
blue-collar,married,primary,no,264,no,no,cellular,14,jul,4,-1,0,unknown,0,older
technician,single,tertiary,no,623,yes,no,unknown,14,jun,4,-1,0,unknown,0,young
services,married,secondary,no,311,no,no,cellular,26,jan,1,-1,0,unknown,0,older
blue-collar,married,secondary,no,399,yes,no,unknown,24,jun,2,-1,0,unknown,0,young
blue-collar,married,primary,no,119,yes,no,unknown,13,may,2,-1,0,unknown,0,older
blue-collar,married,primary,no,923,no,no,cellular,20,aug,2,-1,0,unknown,0,older
services,married,secondary,no,709,yes,no,cellular,20,nov,1,-1,0,unknown,0,young
blue-collar,married,primary,no,247,yes,no,unknown,4,jun,2,-1,0,unknown,0,young
housemaid,married,primary,no,1276,no,no,cellular,3,jun,2,-1,0,unknown,0,older
technician,married,secondary,no,477,no,no,cellular,12,aug,4,-1,0,unknown,0,young
housemaid,married,secondary,no,406,no,no,cellular,30,aug,4,-1,0,unknown,0,older
retired,married,tertiary,no,818,no,no,cellular,29,aug,5,89,7,success,1,older
services,married,secondary,no,925,no,no,cellular,29,aug,2,-1,0,unknown,0,young
blue-collar,married,secondary,no,394,yes,no,cellular,5,jul,2,-1,0,unknown,0,young
entrepreneur,married,tertiary,no,255,no,no,cellular,24,jul,12,-1,0,unknown,0,young
management,married,tertiary,no,12,no,no,cellular,9,jul,2,-1,0,unknown,0,young
blue-collar,married,secondary,no,423,yes,no,unknown,3,jun,2,-1,0,unknown,0,older
admin.,married,secondary,no,-1,no,no,unknown,20,jun,2,-1,0,unknown,0,older
unknown,married,tertiary,no,599,no,no,unknown,13,jun,2,-1,0,unknown,0,older
technician,married,tertiary,no,641,no,no,cellular,30,aug,22,-1,4,unknown,1,young
blue-collar,married,secondary,no,315,no,no,cellular,21,aug,5,-1,0,unknown,0,older
management,married,tertiary,no,536,yes,no,cellular,13,apr,4,-1,0,unknown,0,older
management,married,tertiary,no,841,yes,no,unknown,5,may,3,-1,0,unknown,0,young
admin.,married,secondary,no,471,yes,no,cellular,7,may,1,333,2,failure,0,older
blue-collar,married,secondary,no,128,yes,no,cellular,30,aug,4,-1,0,unknown,0,young
unemployed,married,secondary,no,1304,no,no,cellular,12,feb,2,-1,0,unknown,0,older
technician,single,tertiary,no,115,no,no,cellular,29,jul,2,-1,0,unknown,0,young
services,married,secondary,no,1120,yes,no,cellular,19,aug,4,-1,0,unknown,0,young
management,married,tertiary,no,538,yes,no,cellular,12,may,2,-1,0,unknown,0,young
management,married,tertiary,no,1019,no,no,cellular,27,aug,6,-1,4,success,1,older
blue-collar,married,primary,no,-199,no,no,unknown,6,jun,2,-1,0,unknown,0,older
services,single,secondary,no,1069,yes,no,unknown,5,jun,3,-1,0,unknown,0,young
services,married,secondary,no,1300,yes,no,unknown,5,jun,4,-1,0,unknown,0,young
admin.,married,secondary,no,-35,no,no,unknown,2,jun,2,-1,0,unknown,0,young
retired,married,secondary,no,-390,yes,no,unknown,4,jun,2,-1,0,unknown,1,older
management,married,tertiary,no,151,yes,no,unknown,14,may,2,-1,0,unknown,0,young
retired,married,secondary,no,678,no,no,unknown,6,may,2,-1,0,unknown,0,older
management,married,tertiary,no,236,yes,no,cellular,6,may,2,371,2,failure,0,young
technician,single,tertiary,no,868,no,no,cellular,13,aug,4,-1,0,unknown,0,young
technician,married,secondary,no,-12,no,no,cellular,19,aug,3,-1,0,unknown,0,older
technician,married,secondary,no,1063,yes,no,cellular,4,feb,2,299,5,failure,0,older
admin.,married,secondary,no,608,no,no,unknown,4,jun,4,-1,0,unknown,0,young
blue-collar,single,secondary,no,514,yes,no,unknown,23,may,4,-1,0,unknown,0,young
admin.,single,secondary,no,782,no,no,cellular,28,apr,3,-1,0,unknown,0,young
technician,married,tertiary,no,1047,no,no,cellular,13,aug,2,-1,0,unknown,1,young
blue-collar,married,secondary,no,-536,no,no,cellular,27,aug,1,-1,0,unknown,0,young
unknown,married,secondary,no,826,no,no,unknown,12,jun,2,-1,0,unknown,0,young
management,married,tertiary,no,-105,no,no,cellular,19,jul,6,-1,0,unknown,0,young
blue-collar,single,secondary,no,232,yes,no,unknown,14,may,5,-1,0,unknown,0,young
blue-collar,married,secondary,no,199,yes,no,cellular,14,may,2,366,7,failure,0,young
self-employed,married,tertiary,no,849,no,no,cellular,30,sep,2,-1,0,unknown,1,young
admin.,married,secondary,no,265,yes,no,cellular,18,nov,1,190,2,failure,0,older
technician,married,secondary,no,1087,yes,no,cellular,18,nov,2,-1,0,unknown,0,young
management,married,tertiary,no,147,no,no,cellular,22,aug,2,90,6,failure,0,young
management,single,tertiary,no,-84,yes,no,cellular,19,nov,2,183,6,failure,0,young
technician,single,tertiary,no,1005,no,no,cellular,30,aug,1,89,0,unknown,1,young
technician,single,tertiary,no,-167,no,no,cellular,23,aug,2,-1,0,unknown,0,young
blue-collar,married,secondary,no,375,yes,no,unknown,18,may,11,-1,0,unknown,0,older
technician,married,secondary,no,-12,yes,no,unknown,2,may,2,-1,0,unknown,0,older
housemaid,married,secondary,no,698,no,no,cellular,29,jun,1,87,3,success,1,older
blue-collar,married,primary,no,858,yes,no,cellular,6,may,5,-1,0,unknown,0,young
technician,married,secondary,no,999,yes,no,unknown,7,jun,3,-1,0,unknown,0,older
services,married,secondary,no,835,yes,no,cellular,18,apr,2,-1,0,unknown,0,older
blue-collar,married,secondary,no,43,yes,no,unknown,7,jun,2,-1,0,unknown,0,young
blue-collar,married,secondary,no,646,yes,no,unknown,21,jun,2,-1,0,unknown,0,young
management,married,tertiary,no,453,yes,no,cellular,7,may,2,-1,0,unknown,0,young
admin.,married,secondary,no,656,yes,no,cellular,18,nov,1,161,1,failure,0,older
technician,married,secondary,no,193,yes,no,cellular,20,aug,2,-1,0,unknown,0,young
technician,married,secondary,no,492,yes,no,unknown,14,may,12,-1,0,unknown,0,young
technician,married,secondary,no,100,yes,no,unknown,19,jun,5,-1,0,unknown,0,older
admin.,married,secondary,no,-548,yes,no,unknown,5,may,4,-1,0,unknown,0,young
management,married,tertiary,no,790,no,no,cellular,29,aug,1,-1,1,failure,0,older
management,single,tertiary,no,-169,yes,no,cellular,13,may,2,-1,0,unknown,0,young
technician,married,secondary,no,636,no,no,cellular,16,apr,4,-1,0,unknown,0,young
management,single,tertiary,no,1165,no,no,cellular,20,aug,2,94,3,failure,0,young
management,married,tertiary,no,184,no,no,cellular,8,jun,1,-1,0,unknown,1,young
technician,single,secondary,no,322,no,no,unknown,11,jun,2,-1,0,unknown,0,young
services,single,secondary,no,341,no,no,cellular,9,jul,4,-1,0,unknown,0,young
management,single,tertiary,no,1549,no,no,cellular,25,aug,1,100,2,success,1,young
management,single,tertiary,no,392,no,no,cellular,4,nov,2,-1,0,unknown,0,young
blue-collar,married,secondary,no,606,yes,no,cellular,16,jul,4,-1,0,unknown,0,older
entrepreneur,married,tertiary,no,-34,yes,no,cellular,14,jul,3,-1,0,unknown,0,young
blue-collar,married,secondary,no,596,no,no,cellular,7,jul,2,-1,0,unknown,0,older
admin.,single,secondary,no,709,yes,no,cellular,14,apr,2,-1,0,unknown,0,young
management,married,tertiary,no,131,no,no,cellular,21,nov,1,95,1,failure,0,older
blue-collar,married,primary,no,1078,yes,no,cellular,13,nov,1,-1,0,unknown,0,young
management,married,tertiary,no,412,yes,no,cellular,13,jul,5,-1,0,unknown,0,older
self-employed,married,tertiary,no,355,no,no,cellular,17,jun,2,-1,0,unknown,1,older
blue-collar,single,secondary,no,422,no,no,unknown,1,jun,4,-1,0,unknown,0,young
services,married,secondary,no,32,no,no,cellular,8,jul,1,-1,0,unknown,0,young
technician,married,secondary,no,576,no,no,unknown,13,jun,6,-1,0,unknown,0,older
blue-collar,single,primary,no,6,no,no,cellular,19,nov,1,184,1,success,1,young
blue-collar,married,primary,no,-102,yes,no,unknown,15,may,2,-1,0,unknown,0,older
management,married,tertiary,no,17,yes,no,unknown,9,may,2,-1,0,unknown,0,young
management,married,tertiary,no,485,no,no,cellular,6,jul,2,-1,0,unknown,0,older
admin.,married,secondary,no,446,yes,no,unknown,20,may,2,-1,0,unknown,0,older
services,married,secondary,no,570,yes,no,cellular,15,may,2,269,2,failure,0,older
student,single,secondary,no,454,yes,no,cellular,12,may,2,-1,0,unknown,0,young
services,single,secondary,no,411,yes,no,unknown,9,may,2,-1,0,unknown,0,young
admin.,married,secondary,no,-9,no,no,cellular,19,nov,2,-1,0,unknown,0,young
admin.,married,secondary,no,85,no,no,cellular,26,jul,2,-1,0,unknown,0,young
management,married,tertiary,no,46,no,no,unknown,1,jun,2,-1,0,unknown,0,young
management,married,tertiary,no,413,no,no,cellular,29,oct,1,100,5,success,1,young
management,single,tertiary,no,755,yes,no,unknown,14,may,2,-1,0,unknown,0,young
blue-collar,married,secondary,no,795,yes,no,unknown,20,jun,4,-1,0,unknown,0,young
management,married,tertiary,no,-135,no,no,cellular,6,jan,2,189,3,failure,0,older
student,single,secondary,no,288,no,no,cellular,21,aug,5,-1,0,unknown,0,young
technician,single,secondary,no,448,yes,no,unknown,23,jun,2,-1,0,unknown,0,young
services,married,secondary,no,1395,yes,no,unknown,16,jun,2,-1,0,unknown,0,older
admin.,single,secondary,no,518,yes,no,unknown,2,jun,2,-1,0,unknown,0,young
management,married,tertiary,no,15,no,no,cellular,15,may,4,-1,0,unknown,0,young
technician,married,secondary,no,227,yes,no,unknown,14,jun,2,-1,0,unknown,0,older
blue-collar,married,secondary,no,714,yes,no,unknown,16,may,2,-1,0,unknown,0,older
management,married,tertiary,no,1276,no,no,unknown,5,jun,2,-1,0,unknown,0,young
technician,married,secondary,no,-16,no,no,cellular,7,feb,13,-1,0,unknown,0,young
housemaid,married,secondary,no,8,no,no,unknown,8,jun,2,-1,0,unknown,0,older
technician,married,secondary,no,-25,no,no,cellular,11,jul,2,-1,0,unknown,0,older
admin.,single,secondary,no,1201,yes,no,cellular,16,aug,3,-1,0,unknown,0,young
management,married,tertiary,no,171,no,no,cellular,6,aug,3,-1,0,unknown,0,older
services,married,secondary,no,-28,no,no,cellular,28,jul,1,-1,0,unknown,0,young
management,married,tertiary,no,992,no,no,cellular,26,aug,1,-1,0,unknown,0,older
technician,married,secondary,no,339,no,no,cellular,19,nov,1,176,1,failure,0,older
retired,married,primary,no,2172,no,no,cellular,11,oct,1,177,6,success,1,older
technician,married,secondary,no,-188,yes,no,cellular,19,nov,2,-1,0,unknown,0,older
technician,single,secondary,no,606,no,no,cellular,22,jul,2,-1,0,unknown,0,young
technician,single,secondary,no,465,yes,no,cellular,22,jul,3,-1,0,unknown,0,young
technician,married,secondary,no,583,no,no,cellular,20,aug,1,162,2,failure,0,older
blue-collar,married,primary,no,656,yes,no,unknown,1,jun,5,-1,0,unknown,0,older
management,married,tertiary,no,875,no,no,cellular,28,jul,2,-1,0,unknown,0,older
services,married,secondary,no,390,yes,no,cellular,13,apr,3,-1,0,unknown,0,older
student,single,secondary,no,437,no,no,cellular,20,aug,1,79,4,success,1,young
blue-collar,married,primary,no,719,yes,no,cellular,2,may,2,-1,0,unknown,0,young
management,married,tertiary,no,593,yes,no,cellular,4,nov,1,-1,0,unknown,0,older
management,married,tertiary,no,259,yes,no,cellular,4,apr,1,61,1,failure,0,older
management,married,tertiary,no,248,no,no,cellular,21,jul,4,-1,0,unknown,0,older
admin.,married,secondary,no,-50,no,no,unknown,22,may,2,-1,0,unknown,0,older
technician,married,secondary,no,941,yes,no,cellular,18,apr,2,197,7,failure,0,older
student,single,primary,no,285,no,no,cellular,9,may,2,-1,0,unknown,1,young
technician,single,secondary,no,733,no,no,cellular,19,jun,3,-1,0,unknown,0,young
retired,married,primary,no,939,no,no,cellular,15,feb,1,190,1,success,1,older
technician,single,tertiary,no,870,no,no,cellular,27,aug,4,92,0,success,1,young
management,single,tertiary,no,548,no,no,cellular,21,nov,2,95,3,failure,0,young
housemaid,married,primary,no,638,no,no,unknown,11,jun,2,-1,0,unknown,0,older
technician,married,tertiary,no,630,no,no,cellular,2,nov,2,-1,0,unknown,0,older
management,married,tertiary,no,58,no,no,cellular,17,nov,1,-1,0,unknown,0,young
blue-collar,married,primary,no,834,no,no,unknown,2,jun,2,-1,0,unknown,0,older
technician,married,secondary,no,196,no,no,cellular,16,jul,2,-1,0,unknown,0,young
technician,married,secondary,no,1125,yes,no,unknown,16,jun,2,-1,0,unknown,0,older
services,married,secondary,no,88,yes,no,cellular,10,may,4,-1,0,unknown,0,older
services,married,secondary,no,416,yes,no,cellular,17,may,2,347,2,failure,0,young
blue-collar,married,secondary,no,685,yes,no,unknown,17,may,2,-1,0,unknown,0,older
blue-collar,married,secondary,no,-100,yes,no,cellular,15,may,2,-1,0,unknown,0,young
management,single,tertiary,no,238,no,no,cellular,21,aug,2,-1,0,unknown,0,young
retired,married,tertiary,no,265,no,no,cellular,22,aug,4,-1,0,unknown,1,older
retired,married,tertiary,no,631,no,no,cellular,20,aug,1,93,1,success,1,older
technician,married,secondary,no,713,no,no,cellular,9,jul,1,-1,0,unknown,0,older
retired,married,secondary,no,759,no,no,cellular,21,aug,5,-1,0,unknown,0,older
blue-collar,married,secondary,no,-26,yes,no,cellular,12,may,4,-1,0,unknown,0,young
blue-collar,married,secondary,no,-59,yes,no,cellular,5,feb,2,241,4,failure,0,young
services,single,secondary,no,560,yes,no,unknown,2,may,2,-1,0,unknown,0,young
student,single,secondary,no,516,yes,no,cellular,14,apr,4,-1,0,unknown,0,young
admin.,married,secondary,no,960,yes,no,cellular,16,apr,2,-1,0,unknown,0,older
blue-collar,married,primary,no,550,yes,no,unknown,25,jun,2,-1,0,unknown,0,older
blue-collar,married,secondary,no,1011,yes,no,unknown,2,may,2,-1,0,unknown,0,young
admin.,married,secondary,no,229,no,no,cellular,3,oct,1,96,1,success,1,young
blue-collar,married,secondary,no,839,no,no,cellular,24,aug,4,-1,0,unknown,0,young
services,married,secondary,no,188,no,no,cellular,11,aug,4,-1,0,unknown,0,young
housemaid,married,secondary,no,843,no,no,unknown,6,jun,3,-1,0,unknown,0,older
technician,married,secondary,no,485,no,no,cellular,28,may,4,-1,0,unknown,0,older
management,single,tertiary,no,769,yes,no,cellular,19,aug,1,50,1,failure,0,young
blue-collar,married,secondary,no,1290,no,no,cellular,17,aug,1,-1,0,unknown,0,young
management,married,tertiary,no,570,yes,no,cellular,20,nov,2,-1,0,unknown,0,young
blue-collar,married,secondary,no,321,no,no,cellular,4,nov,1,-1,0,unknown,0,young
services,married,secondary,no,724,yes,no,cellular,20,jul,2,-1,0,unknown,0,older
technician,married,secondary,no,-25,no,no,unknown,20,jun,5,-1,0,unknown,0,young
management,married,tertiary,no,757,no,no,cellular,26,aug,5,-1,0,unknown,0,older
blue-collar,married,secondary,no,146,no,no,cellular,20,aug,1,156,1,success,1,older
services,married,secondary,no,-240,yes,no,cellular,3,jul,5,-1,0,unknown,0,older
management,married,tertiary,no,1346,yes,no,unknown,22,jun,3,-1,0,unknown,0,young
blue-collar,single,primary,no,-50,no,no,cellular,20,aug,2,186,2,success,0,young
management,married,tertiary,no,-587,yes,no,cellular,21,aug,4,-1,0,unknown,0,young
blue-collar,single,secondary,no,785,yes,no,cellular,20,nov,1,-1,0,unknown,0,young
student,single,secondary,no,448,no,no,cellular,20,aug,2,177,2,failure,0,young
blue-collar,married,primary,no,648,yes,no,cellular,18,apr,3,-1,0,unknown,0,young
blue-collar,married,secondary,no,676,no,no,cellular,20,aug,3,81,2,success,1,young
technician,married,secondary,no,702,yes,no,cellular,8,may,3,-1,0,unknown,0,older
housemaid,married,primary,no,150,no,no,cellular,28,aug,2,-1,0,unknown,0,older
management,married,tertiary,no,-459,no,no,cellular,1,nov,1,-1,0,unknown,0,young
entrepreneur,married,tertiary,no,300,no,no,cellular,7,feb,2,-1,0,unknown,1,young
blue-collar,married,primary,no,-96,yes,no,unknown,21,may,4,-1,0,unknown,0,young
management,single,tertiary,no,106,no,no,cellular,4,aug,1,98,2,success,1,young
management,single,tertiary,no,287,no,no,cellular,9,may,2,-1,0,unknown,0,young
blue-collar,single,primary,no,847,no,no,cellular,20,nov,2,-1,0,unknown,0,young
blue-collar,married,primary,no,928,no,no,cellular,26,jul,6,-1,0,unknown,0,older
admin.,married,secondary,no,251,yes,no,cellular,28,apr,1,-1,0,unknown,0,young
blue-collar,married,primary,no,545,yes,no,cellular,18,may,2,-1,0,unknown,0,older
management,married,tertiary,no,411,no,no,cellular,26,aug,6,-1,0,unknown,0,young
technician,married,tertiary,no,779,yes,no,cellular,20,aug,5,-1,9,success,1,young
admin.,single,secondary,no,819,no,no,cellular,6,nov,1,-1,0,unknown,1,young
blue-collar,married,primary,no,981,no,no,cellular,4,mar,4,-1,0,unknown,0,older
self-employed,married,tertiary,no,-43,no,no,unknown,15,jun,2,-1,0,unknown,0,young
blue-collar,single,primary,no,431,no,no,unknown,12,jun,3,-1,0,unknown,0,young
blue-collar,married,primary,no,-270,yes,no,cellular,25,jul,2,-1,0,unknown,0,older
technician,single,tertiary,no,601,no,no,cellular,4,aug,1,94,2,success,1,young
technician,single,secondary,no,793,yes,no,cellular,14,may,2,360,5,failure,0,young
blue-collar,married,secondary,no,324,yes,no,unknown,14,may,2,-1,0,unknown,0,older
services,single,secondary,no,310,no,no,cellular,5,apr,1,165,1,failure,1,young
blue-collar,single,primary,no,537,yes,no,unknown,16,may,2,-1,0,unknown,0,young
management,married,tertiary,no,923,yes,no,cellular,18,nov,1,-1,0,unknown,0,young
entrepreneur,married,tertiary,no,1348,no,no,cellular,5,jul,4,-1,0,unknown,0,young
services,married,secondary,no,813,yes,no,cellular,24,aug,5,-1,0,unknown,0,young
technician,married,secondary,no,875,no,no,unknown,7,jun,2,-1,0,unknown,0,older
entrepreneur,married,secondary,no,704,yes,no,cellular,20,apr,2,-1,0,unknown,0,young
blue-collar,married,primary,no,325,yes,no,unknown,14,may,2,-1,0,unknown,0,older
blue-collar,married,secondary,no,679,yes,no,unknown,22,jun,2,-1,0,unknown,0,young
management,married,tertiary,no,183,no,no,cellular,18,aug,1,-1,0,unknown,0,young
housemaid,married,secondary,no,971,no,no,cellular,29,aug,4,85,4,success,1,older
technician,married,tertiary,no,287,yes,no,unknown,9,jun,3,-1,0,unknown,0,young
management,married,tertiary,no,-45,yes,yes,cellular,17,jul,2,-1,0,unknown,0,older
management,married,tertiary,no,1104,no,no,cellular,10,oct,2,-1,0,unknown,0,older
admin.,married,secondary,no,88,no,no,cellular,8,feb,1,93,6,success,0,young
technician,married,secondary,no,385,yes,no,unknown,6,may,2,-1,0,unknown,0,young
admin.,married,secondary,no,-343,no,no,cellular,12,may,5,-1,0,unknown,0,young
blue-collar,single,primary,no,331,no,no,cellular,18,oct,1,-1,0,unknown,0,young
management,single,tertiary,no,813,no,no,cellular,8,jun,2,-1,0,unknown,1,young
management,single,tertiary,no,82,yes,no,cellular,3,may,1,273,4,failure,1,young
admin.,single,secondary,no,616,yes,no,cellular,15,may,2,-1,0,unknown,0,young
retired,married,primary,no,1143,yes,no,cellular,18,may,4,-1,0,unknown,0,older
blue-collar,married,secondary,no,-217,no,yes,cellular,25,jul,1,-1,0,unknown,0,young
services,married,secondary,no,588,yes,no,unknown,5,jun,2,-1,0,unknown,0,young
technician,married,tertiary,no,465,no,no,cellular,4,oct,1,96,1,success,1,young
blue-collar,married,secondary,no,-127,yes,no,cellular,23,aug,4,-1,0,unknown,0,older
technician,married,secondary,no,306,no,no,unknown,12,jun,4,-1,0,unknown,0,older
retired,married,primary,no,510,no,no,cellular,19,jun,3,-1,0,unknown,0,older
blue-collar,married,secondary,no,46,no,yes,cellular,7,jul,1,-1,0,unknown,0,young
technician,married,secondary,no,680,yes,no,unknown,7,jun,5,-1,0,unknown,0,older
management,married,tertiary,no,957,no,no,cellular,13,aug,4,-1,0,unknown,0,young
management,married,tertiary,no,333,yes,no,cellular,14,apr,2,-1,0,unknown,1,young
admin.,married,secondary,no,62,yes,no,unknown,12,may,2,-1,0,unknown,0,older
blue-collar,married,secondary,no,1103,no,no,cellular,10,aug,4,-1,0,unknown,0,older
management,single,tertiary,no,-369,no,no,cellular,21,nov,1,117,1,unknown,1,young
blue-collar,single,primary,no,-349,yes,no,cellular,18,nov,1,-1,0,unknown,0,young
management,married,tertiary,no,595,yes,no,unknown,5,jun,2,-1,0,unknown,0,older
housemaid,married,primary,no,568,no,no,telephone,11,feb,6,-1,0,unknown,0,older
technician,married,secondary,no,620,yes,no,unknown,16,jun,5,-1,0,unknown,0,young
services,single,secondary,no,68,yes,no,cellular,20,jul,1,-1,0,unknown,0,young
management,married,tertiary,no,-195,no,no,cellular,11,aug,3,-1,0,unknown,0,young
management,married,tertiary,no,-381,yes,no,cellular,18,aug,3,-1,0,unknown,0,older
technician,single,secondary,no,436,yes,no,cellular,9,jul,3,-1,0,unknown,0,young
management,married,tertiary,no,1136,yes,no,unknown,14,jun,5,-1,0,unknown,0,young
retired,married,primary,no,103,no,no,cellular,3,jul,2,-1,0,unknown,0,older
admin.,married,secondary,no,-4,yes,no,cellular,17,nov,2,195,3,failure,0,older
blue-collar,single,secondary,no,166,yes,no,unknown,14,jun,4,-1,0,unknown,0,young
housemaid,married,primary,no,309,yes,no,cellular,21,apr,5,-1,0,unknown,0,older
blue-collar,married,secondary,no,-696,yes,no,cellular,27,aug,5,-1,0,unknown,0,young
management,married,tertiary,no,302,no,no,cellular,15,aug,3,-1,0,unknown,0,older
management,married,tertiary,no,262,no,no,cellular,27,apr,1,-1,0,unknown,0,young
unknown,married,secondary,no,2822,no,no,unknown,19,jun,3,-1,0,unknown,0,older
management,married,tertiary,no,224,no,no,cellular,21,aug,1,103,1,success,1,older
technician,married,secondary,no,802,yes,no,cellular,18,aug,2,-1,0,unknown,0,young
technician,single,secondary,no,592,no,no,cellular,19,feb,3,-1,0,unknown,0,young
blue-collar,married,secondary,no,-332,yes,no,cellular,2,nov,2,-1,0,unknown,0,young
management,married,tertiary,no,1033,yes,no,unknown,3,jun,5,-1,0,unknown,0,young
services,married,secondary,no,-479,no,no,cellular,3,nov,1,-1,0,unknown,0,young
management,married,tertiary,no,281,yes,no,cellular,18,nov,1,95,1,failure,0,older
admin.,married,secondary,no,696,no,no,cellular,8,apr,1,-1,0,unknown,1,young
admin.,single,secondary,no,818,yes,no,cellular,13,aug,2,-1,0,unknown,0,young
blue-collar,married,primary,no,176,no,no,unknown,7,jun,4,-1,0,unknown,0,young
services,single,secondary,no,630,no,no,cellular,29,aug,1,-1,0,unknown,0,young
services,married,secondary,no,266,no,no,unknown,17,may,2,-1,0,unknown,0,young
technician,single,secondary,no,-538,yes,no,cellular,21,apr,1,130,1,failure,0,young
management,married,tertiary,no,53,yes,no,unknown,9,jun,5,-1,0,unknown,0,young
technician,married,secondary,no,722,yes,no,cellular,20,nov,4,-1,0,unknown,0,older
services,married,secondary,no,225,no,no,cellular,6,apr,1,82,0,success,1,young
student,single,secondary,no,-112,yes,no,cellular,15,may,1,333,6,failure,0,young
blue-collar,married,primary,no,383,no,no,telephone,3,nov,1,-1,0,unknown,0,older
blue-collar,married,secondary,no,639,no,no,cellular,5,nov,2,-1,0,unknown,0,older
entrepreneur,married,secondary,no,-637,yes,no,cellular,7,may,4,-1,0,unknown,0,older
technician,married,secondary,no,293,no,no,cellular,10,nov,1,-1,0,unknown,0,young
technician,married,secondary,no,680,no,no,cellular,16,aug,5,-1,0,unknown,0,older
blue-collar,married,primary,no,-31,no,no,cellular,3,jul,1,-1,0,unknown,0,older
blue-collar,married,secondary,no,458,no,no,cellular,3,feb,2,-1,0,unknown,0,young
technician,married,secondary,no,450,yes,no,cellular,6,jul,5,-1,0,unknown,0,young
technician,married,secondary,no,758,yes,no,cellular,18,apr,1,178,1,failure,0,young
admin.,married,secondary,no,747,yes,no,cellular,20,nov,1,134,1,failure,0,young
services,single,secondary,no,84,yes,no,cellular,14,may,2,-1,0,unknown,0,young
management,single,tertiary,no,525,yes,no,cellular,20,nov,2,177,2,failure,0,young
management,married,tertiary,no,404,yes,no,cellular,12,aug,4,-1,0,unknown,0,young
management,married,secondary,no,899,yes,no,unknown,23,may,2,-1,0,unknown,0,older
management,married,tertiary,no,789,yes,no,cellular,9,jul,2,-1,0,unknown,0,older
housemaid,married,secondary,no,1420,no,no,cellular,20,aug,3,94,2,success,1,older
admin.,married,secondary,no,223,no,no,cellular,24,aug,1,-1,0,unknown,1,young
technician,married,secondary,no,193,yes,no,cellular,20,nov,1,-1,0,unknown,0,young
technician,married,secondary,no,346,yes,no,cellular,7,nov,1,-1,0,unknown,0,young
services,married,secondary,no,-487,yes,yes,cellular,26,jul,2,-1,0,unknown,0,young
admin.,single,secondary,no,1170,yes,no,unknown,8,may,3,-1,0,unknown,0,young
admin.,single,secondary,no,744,yes,no,cellular,16,nov,2,-1,0,unknown,0,young
blue-collar,married,secondary,no,969,no,no,cellular,28,aug,2,-1,0,unknown,0,young
admin.,married,secondary,no,537,yes,no,cellular,19,nov,1,-1,0,unknown,0,older
management,single,tertiary,no,1088,yes,no,cellular,14,may,4,350,2,failure,0,young
admin.,single,secondary,no,637,no,no,cellular,8,aug,2,-1,0,unknown,0,young
blue-collar,married,primary,no,124,yes,no,cellular,17,jul,1,-1,0,unknown,0,young
management,married,tertiary,no,19,no,no,cellular,2,jun,3,-1,0,unknown,0,young
blue-collar,married,primary,no,176,no,no,cellular,30,aug,1,-1,0,unknown,0,young
blue-collar,married,secondary,no,92,yes,no,cellular,26,may,3,-1,0,unknown,0,young
technician,married,secondary,no,183,yes,no,cellular,20,nov,1,-1,0,unknown,0,young
blue-collar,married,primary,no,838,yes,no,unknown,2,may,2,-1,0,unknown,0,young
blue-collar,married,secondary,no,61,yes,no,cellular,21,nov,1,108,1,failure,0,young
admin.,married,secondary,no,-612,yes,no,unknown,15,may,2,-1,0,unknown,0,older
technician,married,secondary,no,-237,yes,no,unknown,20,jun,4,-1,0,unknown,0,older
management,single,tertiary,no,542,no,no,cellular,15,may,1,104,1,failure,1,young
management,married,tertiary,no,165,yes,no,cellular,18,jul,4,-1,0,unknown,0,young
management,married,tertiary,no,505,no,no,cellular,31,aug,5,94,2,success,1,older
blue-collar,married,secondary,no,559,yes,no,cellular,5,may,1,345,5,failure,0,young
admin.,married,secondary,no,51,no,no,unknown,3,feb,2,-1,0,unknown,0,older
retired,married,tertiary,no,330,no,no,cellular,8,oct,1,-1,0,unknown,0,older
self-employed,single,tertiary,no,-30,no,no,cellular,7,feb,3,-1,0,unknown,0,young
technician,married,secondary,no,640,no,no,cellular,21,aug,1,106,1,success,1,older
blue-collar,married,primary,no,-2,no,no,cellular,17,jul,2,-1,0,unknown,0,young
unemployed,single,secondary,no,-371,no,no,unknown,16,jul,2,-1,0,unknown,0,young
technician,single,secondary,no,-339,yes,no,cellular,21,aug,1,108,2,failure,0,young
blue-collar,married,primary,no,-17,yes,no,unknown,4,may,4,-1,0,unknown,0,young
blue-collar,married,secondary,no,-24,no,no,cellular,6,jul,3,-1,0,unknown,0,older
unknown,married,secondary,no,584,no,no,unknown,10,jun,2,-1,0,unknown,0,older
blue-collar,married,secondary,no,1082,yes,no,unknown,13,may,5,-1,0,unknown,0,young
management,married,tertiary,no,337,no,no,cellular,6,nov,1,-1,0,unknown,1,older
technician,married,secondary,no,960,yes,no,cellular,14,may,1,357,1,failure,0,young
blue-collar,single,secondary,no,309,yes,no,unknown,9,jun,2,-1,0,unknown,0,young
blue-collar,married,secondary,no,477,yes,no,cellular,5,may,2,-1,0,unknown,1,older
blue-collar,married,secondary,no,254,yes,no,cellular,18,nov,4,-1,0,unknown,0,young
services,married,secondary,no,408,yes,no,unknown,14,may,2,-1,0,unknown,0,young
admin.,married,secondary,no,742,yes,no,cellular,18,apr,1,114,0,failure,0,young
management,married,tertiary,no,49,yes,no,cellular,4,feb,1,264,2,failure,0,young
management,married,tertiary,no,367,yes,no,cellular,13,aug,5,-1,0,unknown,0,older
blue-collar,married,secondary,no,747,yes,no,cellular,17,apr,2,350,2,failure,0,young
management,single,tertiary,no,243,no,no,cellular,10,oct,1,-1,0,unknown,1,young
technician,single,secondary,no,-114,yes,no,cellular,16,aug,3,-1,0,unknown,0,young
technician,single,tertiary,no,419,no,no,cellular,25,aug,4,-1,0,unknown,1,young
blue-collar,married,secondary,no,-313,no,no,cellular,8,aug,1,-1,0,unknown,0,older
management,married,tertiary,no,44,no,no,cellular,18,aug,4,-1,0,unknown,0,young
technician,single,tertiary,no,662,no,no,cellular,29,aug,1,92,8,success,1,young
technician,married,secondary,no,544,no,no,cellular,20,nov,1,157,1,failure,0,older
retired,married,secondary,no,1295,yes,no,unknown,16,jun,2,-1,0,unknown,0,older
services,married,secondary,no,-48,yes,no,unknown,20,jun,3,-1,0,unknown,0,older
housemaid,married,primary,no,402,no,no,cellular,28,aug,4,-1,0,unknown,0,older
services,married,secondary,no,655,yes,no,cellular,20,nov,1,74,4,failure,0,older
management,married,tertiary,no,168,yes,no,cellular,15,jul,2,-1,0,unknown,0,young
retired,married,primary,no,1727,no,no,unknown,12,jun,2,-1,0,unknown,0,older
technician,married,secondary,no,1327,yes,no,cellular,20,aug,3,176,4,failure,0,older
services,married,secondary,no,309,yes,no,cellular,19,aug,4,183,2,failure,0,young
blue-collar,married,secondary,no,171,no,no,cellular,19,aug,1,-1,0,unknown,0,older
entrepreneur,married,secondary,no,515,yes,no,cellular,17,apr,1,365,1,failure,0,older
technician,married,secondary,no,102,yes,no,cellular,10,jul,2,-1,0,unknown,0,young
technician,married,secondary,no,-27,yes,no,cellular,9,jul,3,-1,0,unknown,0,young
blue-collar,married,primary,no,646,yes,no,cellular,17,apr,2,319,3,failure,0,older
services,single,secondary,no,-14,no,no,cellular,24,jul,2,-1,0,unknown,0,young
management,married,tertiary,no,99,yes,no,cellular,18,nov,2,180,3,failure,0,older
admin.,married,secondary,no,548,yes,no,cellular,16,nov,1,126,1,failure,1,older
management,married,tertiary,no,610,no,no,cellular,16,jul,4,-1,0,unknown,0,young
blue-collar,married,primary,no,248,yes,no,cellular,15,may,4,-1,0,unknown,0,young
services,married,secondary,no,499,yes,no,unknown,15,jun,5,-1,0,unknown,0,young
technician,married,secondary,no,159,yes,no,cellular,4,nov,5,-1,0,unknown,0,young
technician,single,secondary,no,213,yes,no,cellular,15,may,4,-1,0,unknown,0,young
admin.,single,secondary,no,258,no,no,unknown,14,jun,2,-1,0,unknown,0,young
admin.,married,secondary,no,699,no,no,cellular,5,nov,1,-1,0,unknown,0,young
retired,married,secondary,no,831,no,no,cellular,7,jul,2,-1,0,unknown,0,older
blue-collar,married,secondary,no,643,yes,no,cellular,5,feb,2,-1,0,unknown,0,older
blue-collar,married,primary,no,721,yes,no,unknown,12,may,2,-1,0,unknown,0,older
management,married,tertiary,no,1541,no,no,cellular,19,aug,1,96,5,success,1,older
services,single,secondary,no,-165,yes,no,cellular,17,apr,1,350,1,failure,0,young
student,single,tertiary,no,795,no,no,cellular,20,aug,3,96,3,success,1,young
admin.,married,secondary,no,69,yes,no,unknown,8,jun,3,-1,0,unknown,0,older
technician,single,secondary,no,554,no,no,cellular,26,oct,1,-1,0,unknown,0,young
technician,married,secondary,no,-476,no,yes,cellular,3,jul,2,-1,0,unknown,0,young
technician,married,secondary,no,217,yes,no,unknown,15,jun,2,-1,0,unknown,0,young
technician,married,secondary,no,362,no,no,cellular,20,nov,1,-1,0,unknown,0,older
admin.,married,secondary,no,81,yes,no,cellular,5,jun,1,338,2,failure,0,young
admin.,married,secondary,no,241,yes,no,unknown,5,may,2,-1,0,unknown,0,older
services,married,secondary,no,287,no,no,cellular,24,jul,2,-1,0,unknown,0,older
management,married,tertiary,no,132,no,no,unknown,15,may,4,-1,0,unknown,0,young
technician,married,secondary,no,533,yes,no,cellular,14,jul,14,-1,0,unknown,0,young
technician,married,secondary,no,414,no,no,cellular,7,jul,5,-1,0,unknown,0,young
management,married,tertiary,no,167,yes,no,cellular,29,may,1,303,1,failure,0,young
services,married,secondary,no,907,yes,no,cellular,15,apr,2,-1,0,unknown,0,young
housemaid,married,secondary,no,-48,no,no,cellular,21,aug,2,88,4,success,0,older
blue-collar,married,secondary,no,1,no,no,unknown,26,may,2,-1,0,unknown,0,older
technician,married,secondary,no,1165,no,no,cellular,10,jul,4,-1,0,unknown,0,older
services,married,secondary,no,976,yes,no,cellular,20,jul,4,-1,0,unknown,0,older
blue-collar,married,primary,no,78,no,no,cellular,20,aug,1,169,1,failure,0,young
management,married,tertiary,no,525,yes,no,cellular,17,nov,2,33,3,failure,0,older
retired,married,primary,no,2177,no,no,telephone,3,oct,1,89,1,success,1,older
technician,single,secondary,no,1469,yes,no,cellular,14,may,2,-1,0,unknown,0,young
admin.,married,secondary,no,264,no,no,cellular,13,may,1,354,1,failure,0,older
technician,married,secondary,no,132,yes,no,unknown,8,jun,2,-1,0,unknown,0,young
blue-collar,married,secondary,no,440,yes,no,cellular,13,jul,5,-1,0,unknown,0,young
management,married,tertiary,no,384,no,no,cellular,7,jul,5,-1,0,unknown,0,older
technician,married,secondary,no,-48,yes,no,unknown,2,may,2,-1,0,unknown,0,young
technician,married,secondary,no,168,yes,no,cellular,9,may,2,-1,0,unknown,0,young
services,married,secondary,no,-28,yes,no,cellular,5,may,3,-1,0,unknown,0,older
blue-collar,married,secondary,no,310,yes,no,cellular,24,aug,5,-1,0,unknown,0,young
blue-collar,married,primary,no,173,no,no,cellular,18,aug,1,-1,0,unknown,0,older
blue-collar,married,secondary,no,154,no,no,cellular,5,nov,1,-1,0,unknown,0,young
blue-collar,married,secondary,no,66,yes,no,cellular,18,nov,1,181,1,failure,0,young
services,married,secondary,no,507,yes,no,cellular,17,nov,3,-1,0,unknown,0,young
technician,married,secondary,no,930,yes,no,unknown,10,may,2,-1,0,unknown,0,young
management,single,tertiary,no,304,yes,no,cellular,19,jul,2,-1,0,unknown,0,young
management,single,tertiary,no,473,no,no,cellular,1,aug,6,-1,0,unknown,0,young
management,married,tertiary,no,334,yes,no,cellular,19,nov,1,-1,0,unknown,0,young
blue-collar,single,secondary,no,-16,yes,no,unknown,16,may,2,-1,0,unknown,0,young
technician,married,secondary,no,326,yes,no,unknown,13,may,3,-1,0,unknown,0,young
blue-collar,married,secondary,no,-14,yes,no,unknown,5,jun,2,-1,0,unknown,0,young
services,married,secondary,no,1303,yes,no,cellular,18,nov,1,43,0,unknown,0,young
retired,married,secondary,no,616,no,no,cellular,18,nov,1,-1,0,unknown,0,older
admin.,married,secondary,no,563,no,no,cellular,4,nov,1,192,3,failure,0,young
admin.,married,secondary,no,623,yes,no,unknown,4,jun,2,-1,0,unknown,0,young
management,married,tertiary,no,-280,no,no,cellular,9,jul,1,-1,0,unknown,0,young
management,single,tertiary,no,1325,no,no,cellular,28,oct,1,-1,0,unknown,1,young
services,married,secondary,no,599,yes,no,cellular,22,apr,3,-1,0,unknown,0,young
blue-collar,married,primary,no,711,no,no,cellular,7,aug,2,-1,0,unknown,0,older
management,married,tertiary,no,947,no,no,cellular,5,nov,1,137,2,failure,0,older
technician,married,secondary,no,453,no,no,cellular,20,aug,3,-1,0,unknown,0,young
management,single,tertiary,no,1045,yes,no,cellular,20,aug,1,101,6,failure,0,young
blue-collar,married,secondary,no,-474,no,no,cellular,18,jan,2,183,2,failure,0,young
blue-collar,married,primary,no,-693,no,no,cellular,15,may,1,315,1,failure,0,older
admin.,married,secondary,no,424,yes,no,unknown,15,jun,11,-1,0,unknown,0,young
services,married,secondary,no,476,yes,no,unknown,15,jun,3,-1,0,unknown,0,young
management,married,tertiary,no,-8,yes,no,cellular,30,apr,2,-1,0,unknown,0,young
technician,married,secondary,no,-73,yes,no,unknown,5,may,2,-1,0,unknown,0,older
technician,married,secondary,no,130,yes,no,cellular,18,aug,4,-1,0,unknown,0,young
blue-collar,married,primary,no,-159,yes,no,unknown,2,may,2,-1,0,unknown,0,young
management,married,tertiary,no,545,yes,no,cellular,18,nov,1,83,1,failure,0,older
blue-collar,married,secondary,no,517,no,no,cellular,8,aug,2,-1,0,unknown,0,young
admin.,married,secondary,no,53,yes,no,cellular,17,jul,2,-1,0,unknown,0,young
entrepreneur,married,secondary,no,69,yes,no,cellular,18,jul,2,-1,0,unknown,0,young
blue-collar,married,primary,no,407,yes,no,cellular,16,may,3,-1,0,unknown,0,young
technician,married,secondary,no,165,yes,no,cellular,21,nov,1,-1,0,unknown,0,young
technician,married,secondary,no,60,no,no,unknown,11,jun,2,-1,0,unknown,0,older
admin.,married,secondary,no,-487,no,no,cellular,5,may,2,-1,0,unknown,0,older
blue-collar,married,secondary,no,443,yes,no,cellular,29,aug,1,-1,0,unknown,0,young
technician,married,secondary,no,83,yes,no,unknown,15,may,2,-1,0,unknown,0,older
blue-collar,married,secondary,no,287,yes,no,unknown,15,jun,11,-1,0,unknown,0,young
admin.,married,secondary,no,220,yes,no,cellular,18,apr,1,222,1,failure,0,young
retired,married,secondary,no,341,yes,no,cellular,14,may,2,-1,0,unknown,0,older
technician,single,secondary,no,232,yes,no,cellular,19,may,2,-1,0,unknown,0,young
management,married,tertiary,no,455,yes,no,cellular,13,aug,1,-1,0,unknown,0,young
blue-collar,single,secondary,no,604,no,no,unknown,4,jun,4,-1,0,unknown,0,young
entrepreneur,married,tertiary,no,-378,yes,no,cellular,27,jul,4,-1,0,unknown,0,older
management,married,tertiary,no,64,yes,no,cellular,16,nov,1,93,1,failure,0,young
technician,married,secondary,no,268,yes,no,cellular,12,may,2,-1,0,unknown,0,older
technician,single,secondary,no,553,no,no,cellular,27,jan,1,-1,0,unknown,0,young
services,married,secondary,no,495,yes,no,unknown,19,jun,2,-1,0,unknown,0,young
technician,married,secondary,no,750,yes,no,cellular,18,may,2,-1,0,unknown,0,older
management,married,tertiary,no,659,no,no,cellular,29,aug,6,93,4,success,1,older
management,married,tertiary,no,649,no,no,cellular,26,aug,5,-1,0,unknown,0,older
admin.,married,secondary,no,-4,yes,no,cellular,4,may,2,-1,0,unknown,0,older
management,married,tertiary,no,692,no,no,unknown,7,may,2,-1,0,unknown,0,older
entrepreneur,married,tertiary,no,1200,yes,no,unknown,6,jun,4,-1,0,unknown,0,older
entrepreneur,married,tertiary,no,194,yes,no,cellular,6,jul,2,-1,0,unknown,0,older
unknown,single,secondary,no,924,no,no,cellular,9,sep,1,-1,0,unknown,0,young
blue-collar,married,primary,no,369,yes,no,cellular,21,jul,2,-1,0,unknown,0,older
retired,married,secondary,no,666,no,no,cellular,27,aug,1,-1,0,unknown,0,older
technician,married,secondary,no,456,no,no,cellular,25,aug,3,-1,0,unknown,0,older
management,single,tertiary,no,670,no,no,cellular,26,jul,2,-1,0,unknown,0,young
services,married,secondary,no,-772,yes,no,unknown,7,may,2,-1,0,unknown,0,older
technician,married,secondary,no,-134,yes,no,cellular,17,apr,3,-1,0,unknown,0,young
management,married,tertiary,no,806,no,no,unknown,6,jun,4,-1,0,unknown,0,older
management,married,tertiary,no,46,no,no,cellular,5,aug,2,-1,0,unknown,0,older
admin.,single,secondary,no,-27,yes,no,cellular,14,may,2,-1,0,unknown,0,young
blue-collar,married,secondary,no,871,yes,no,cellular,14,may,4,-1,0,unknown,0,young
management,single,tertiary,no,-203,no,no,unknown,13,jun,2,-1,0,unknown,0,young
management,married,tertiary,no,358,no,no,cellular,6,nov,4,-1,0,unknown,0,young
management,married,tertiary,no,-365,yes,no,cellular,22,jul,5,-1,0,unknown,0,young
management,married,tertiary,no,622,no,no,unknown,7,jun,2,-1,0,unknown,0,young
admin.,married,secondary,no,-539,yes,no,unknown,23,jun,2,-1,0,unknown,0,young
technician,married,secondary,no,17,no,no,cellular,8,aug,1,-1,0,unknown,0,older
blue-collar,married,secondary,no,901,yes,no,unknown,14,jun,4,-1,0,unknown,0,young
admin.,single,secondary,no,333,no,no,cellular,15,may,4,-1,0,unknown,0,young
services,married,secondary,no,-364,yes,no,cellular,13,aug,2,-1,0,unknown,0,older
management,married,tertiary,no,1623,no,no,cellular,20,aug,6,94,4,success,1,older
admin.,married,secondary,no,227,yes,no,cellular,16,nov,2,-1,0,unknown,0,older
student,single,secondary,no,345,no,no,cellular,4,apr,1,81,3,other,1,young
management,single,tertiary,no,1121,yes,no,cellular,16,aug,1,-1,0,unknown,0,young
technician,single,tertiary,no,1308,no,no,cellular,8,apr,2,-1,0,unknown,0,young
retired,married,secondary,no,1315,no,no,cellular,20,aug,5,-1,0,unknown,1,older
management,single,tertiary,no,704,yes,no,unknown,21,jun,2,-1,0,unknown,0,young
blue-collar,married,secondary,no,453,no,no,cellular,8,jul,2,-1,0,unknown,0,young
management,single,tertiary,no,2,yes,no,unknown,2,jun,4,-1,0,unknown,0,young
blue-collar,married,primary,no,388,no,no,unknown,15,jun,2,-1,0,unknown,0,older
management,married,tertiary,no,686,no,no,cellular,6,jul,2,-1,0,unknown,0,young
technician,married,secondary,no,456,yes,no,unknown,27,jun,2,-1,0,unknown,0,older
technician,married,secondary,no,940,yes,no,unknown,20,jun,2,-1,0,unknown,0,young
admin.,married,secondary,no,678,yes,no,cellular,27,apr,2,-1,0,unknown,0,young
services,married,secondary,no,771,no,no,cellular,17,feb,2,-1,0,unknown,0,older
management,married,tertiary,no,549,no,no,cellular,9,jul,2,-1,0,unknown,0,young
admin.,married,secondary,no,449,yes,no,cellular,6,jan,1,200,2,failure,0,older
admin.,married,secondary,no,257,no,no,cellular,5,aug,1,93,5,success,1,older
management,married,tertiary,no,207,yes,no,cellular,27,jul,5,-1,0,unknown,0,older
admin.,single,secondary,no,128,yes,no,cellular,12,may,2,-1,0,unknown,0,young
blue-collar,married,secondary,no,712,yes,no,cellular,15,may,2,-1,0,unknown,0,young
admin.,married,secondary,no,967,no,no,cellular,7,apr,1,86,0,unknown,1,young
admin.,married,secondary,no,491,yes,no,unknown,5,jun,2,-1,0,unknown,0,young
blue-collar,married,secondary,no,653,yes,no,cellular,11,may,2,-1,0,unknown,0,young
management,single,tertiary,no,359,no,no,cellular,28,aug,1,-1,0,unknown,0,young
technician,married,secondary,no,285,no,no,unknown,14,may,2,-1,0,unknown,0,older
technician,single,secondary,no,510,yes,no,cellular,13,jul,3,-1,0,unknown,0,young
technician,single,secondary,no,568,no,no,cellular,26,aug,2,-1,0,unknown,0,young
technician,married,secondary,no,-12,yes,no,unknown,10,may,5,-1,0,unknown,0,young
management,married,tertiary,no,1501,yes,no,cellular,2,jul,2,-1,0,unknown,0,older
admin.,single,secondary,no,933,yes,no,unknown,13,may,2,-1,0,unknown,0,young
management,married,tertiary,no,56,no,no,cellular,27,aug,1,-1,0,unknown,0,young
technician,married,tertiary,no,1032,yes,no,unknown,3,jun,3,-1,0,unknown,0,young
blue-collar,married,primary,no,759,no,no,cellular,13,jul,2,-1,0,unknown,0,older
management,married,tertiary,no,509,no,no,cellular,29,aug,1,106,7,success,1,young
technician,married,secondary,no,431,no,no,cellular,18,nov,4,-1,0,unknown,0,young
blue-collar,married,primary,no,376,yes,no,cellular,18,nov,1,156,1,failure,0,young
management,married,tertiary,no,1545,yes,no,cellular,19,aug,5,-1,3,success,0,older
blue-collar,single,secondary,no,729,yes,no,cellular,12,nov,2,-1,0,unknown,0,young
management,single,tertiary,no,-869,no,no,cellular,16,aug,1,-1,0,unknown,0,young
services,married,secondary,no,117,yes,no,cellular,5,may,2,-1,0,unknown,0,young
services,married,secondary,no,316,yes,no,cellular,14,apr,3,-1,0,unknown,0,older
blue-collar,married,secondary,no,110,no,no,cellular,22,aug,1,107,1,success,1,young
technician,married,secondary,no,172,no,no,cellular,31,aug,4,-1,0,unknown,0,young
management,married,tertiary,no,-9,yes,no,unknown,27,may,2,-1,0,unknown,0,young
retired,married,secondary,no,1100,no,no,cellular,20,aug,2,-1,0,unknown,0,older
blue-collar,married,primary,no,1025,no,no,unknown,8,jun,2,-1,0,unknown,0,older
retired,married,secondary,no,-25,no,no,cellular,22,jul,5,-1,0,unknown,0,older
unknown,married,secondary,no,-134,no,no,cellular,3,aug,2,-1,0,unknown,0,young
blue-collar,single,secondary,no,1122,no,no,unknown,15,jun,3,-1,0,unknown,0,young
services,married,secondary,no,1339,yes,no,cellular,17,apr,2,-1,0,unknown,0,older
blue-collar,married,secondary,no,-220,no,no,cellular,7,jun,2,-1,0,unknown,0,young
blue-collar,single,primary,no,-397,yes,no,unknown,5,may,2,-1,0,unknown,0,young
services,married,secondary,no,129,yes,no,unknown,23,jun,2,-1,0,unknown,0,young
technician,married,secondary,no,491,no,no,cellular,13,aug,1,-1,0,unknown,0,young
management,married,tertiary,no,1348,yes,no,cellular,19,aug,2,0,0,unknown,0,young
blue-collar,single,secondary,no,622,yes,no,cellular,18,nov,5,-1,0,unknown,0,young
management,married,tertiary,no,1041,no,no,cellular,21,aug,2,168,0,unknown,0,young
technician,single,tertiary,no,106,yes,no,cellular,6,may,2,-1,0,unknown,0,young
admin.,single,secondary,no,149,yes,no,cellular,12,nov,2,-1,0,unknown,0,young
blue-collar,single,primary,no,-159,no,no,cellular,10,oct,1,-1,0,unknown,0,young
blue-collar,single,secondary,no,870,yes,no,unknown,11,may,2,-1,0,unknown,0,young
blue-collar,married,secondary,no,1302,yes,no,cellular,17,jul,1,-1,0,unknown,0,young
services,married,secondary,no,739,yes,no,unknown,15,may,5,-1,0,unknown,0,young
admin.,married,secondary,no,873,no,no,cellular,28,aug,1,92,6,success,0,older
blue-collar,married,primary,no,361,no,no,cellular,18,nov,1,-1,0,unknown,0,older
blue-collar,married,secondary,no,819,yes,no,cellular,14,may,1,344,2,failure,0,young
housemaid,married,secondary,no,508,no,no,unknown,6,jun,2,-1,0,unknown,0,older
management,married,primary,no,20381,no,no,telephone,22,mar,11,-1,0,unknown,0,older
admin.,single,secondary,no,429,no,no,cellular,5,may,1,178,6,success,1,young
management,married,tertiary,no,1723,no,no,cellular,21,aug,4,103,2,success,1,young
self-employed,married,tertiary,no,374,no,no,cellular,9,sep,1,-1,0,unknown,0,older
admin.,married,secondary,no,49,yes,no,cellular,16,jul,4,-1,0,unknown,0,older
blue-collar,married,primary,no,897,no,no,telephone,27,jul,1,-1,0,unknown,0,older
management,married,tertiary,no,387,no,no,cellular,8,feb,2,-1,0,unknown,0,young
management,married,tertiary,no,65,yes,no,unknown,15,may,4,-1,0,unknown,0,young
technician,married,secondary,no,45,no,no,cellular,27,jul,2,-1,0,unknown,0,young
technician,single,tertiary,no,438,yes,no,unknown,8,jun,2,-1,0,unknown,0,young
management,married,tertiary,no,349,no,no,cellular,11,aug,4,-1,0,unknown,0,older
services,single,secondary,no,-471,no,no,cellular,19,aug,2,-1,0,unknown,0,young
admin.,single,secondary,no,956,yes,no,cellular,15,apr,4,-1,0,unknown,0,young
services,married,secondary,no,43,no,no,cellular,5,jul,1,-1,0,unknown,0,young
blue-collar,married,primary,no,905,yes,no,cellular,7,may,2,-1,0,unknown,0,older
technician,married,secondary,no,-71,no,yes,cellular,7,jul,2,-1,0,unknown,0,young
management,married,tertiary,no,187,no,no,cellular,4,nov,1,86,1,failure,0,older
management,married,tertiary,no,2260,no,no,cellular,20,aug,4,90,7,success,1,young
services,married,secondary,no,652,no,no,cellular,23,aug,1,-1,0,unknown,0,young
management,married,tertiary,no,289,yes,no,cellular,2,feb,2,-1,0,unknown,0,young
blue-collar,married,secondary,no,-261,no,no,cellular,12,jul,2,-1,0,unknown,0,older
blue-collar,married,secondary,no,496,yes,no,cellular,8,may,2,-1,0,unknown,0,young
blue-collar,married,primary,no,605,yes,no,cellular,17,apr,4,-1,0,unknown,0,older
blue-collar,married,secondary,no,782,yes,no,unknown,11,may,4,-1,0,unknown,0,young
self-employed,married,tertiary,no,344,no,no,unknown,16,jun,2,-1,0,unknown,0,older
technician,married,secondary,no,888,no,no,cellular,6,aug,4,-1,0,unknown,0,older
management,married,tertiary,no,-230,yes,no,unknown,3,may,2,-1,0,unknown,0,young
technician,single,secondary,no,597,yes,no,cellular,13,aug,5,-1,0,unknown,0,young
admin.,married,secondary,no,146,no,no,cellular,22,nov,1,-1,0,unknown,0,young
admin.,married,secondary,no,137,yes,no,cellular,12,may,2,-1,0,unknown,0,older
technician,married,secondary,no,123,no,no,cellular,6,oct,1,99,1,success,1,young
entrepreneur,married,tertiary,no,714,no,no,cellular,22,jul,2,-1,0,unknown,0,older
housemaid,married,secondary,no,1108,no,no,cellular,4,aug,2,-1,0,unknown,0,older
technician,married,secondary,no,-185,yes,no,cellular,20,nov,1,-1,0,unknown,0,young
technician,single,tertiary,no,771,no,no,cellular,3,aug,4,-1,0,unknown,0,young
management,married,tertiary,no,-411,no,no,cellular,18,aug,1,-1,0,unknown,0,young
management,married,tertiary,no,133,no,no,cellular,28,jan,1,-1,0,unknown,0,young
blue-collar,married,secondary,no,106,yes,no,unknown,9,may,5,-1,0,unknown,0,young
management,married,tertiary,no,713,no,no,cellular,19,aug,4,93,3,success,1,young
retired,married,tertiary,no,914,no,no,cellular,14,may,2,-1,0,unknown,0,older
blue-collar,married,secondary,no,-69,yes,no,unknown,8,jun,4,-1,0,unknown,0,young
technician,single,secondary,no,-521,yes,no,cellular,21,aug,2,-1,0,unknown,0,young
management,married,tertiary,no,649,yes,no,unknown,12,may,2,-1,0,unknown,0,young
housemaid,married,secondary,no,-3,no,no,cellular,14,jul,3,-1,0,unknown,0,older
technician,single,secondary,no,1103,no,no,cellular,7,jul,7,-1,0,unknown,0,young
technician,married,secondary,no,108,no,no,cellular,15,jun,1,276,1,success,1,young
admin.,married,secondary,no,420,yes,no,cellular,15,jul,2,-1,0,unknown,0,young
retired,married,tertiary,no,388,no,no,cellular,11,jul,2,-1,0,unknown,0,older
technician,married,tertiary,no,977,no,no,cellular,13,aug,2,-1,0,unknown,0,young
management,married,tertiary,no,29,no,no,cellular,7,jul,3,-1,0,unknown,0,young
technician,married,secondary,no,393,no,no,cellular,20,nov,1,-1,0,unknown,0,older
management,single,tertiary,no,7,no,no,cellular,13,may,1,292,1,failure,0,young
services,married,secondary,no,709,yes,no,cellular,18,nov,1,153,1,failure,0,young
admin.,married,secondary,no,283,yes,no,cellular,6,may,1,268,6,failure,0,older
management,married,tertiary,no,680,yes,no,unknown,5,jun,2,-1,0,unknown,0,young
blue-collar,married,secondary,no,48,yes,no,cellular,18,nov,1,156,1,failure,0,young
management,married,tertiary,no,723,no,no,cellular,29,aug,4,-1,0,unknown,0,older
management,single,tertiary,no,1260,yes,no,cellular,21,nov,3,167,5,failure,0,young
admin.,married,secondary,no,-69,yes,no,unknown,15,jun,2,-1,0,unknown,0,young
retired,married,secondary,no,-3,no,no,cellular,11,may,3,-1,0,unknown,0,older
admin.,single,secondary,no,1118,no,no,cellular,18,feb,5,-1,0,unknown,0,young
technician,married,secondary,no,462,yes,no,cellular,14,apr,1,-1,0,unknown,0,older
blue-collar,married,primary,no,-201,no,no,cellular,26,aug,3,-1,0,unknown,0,young
technician,single,secondary,no,348,yes,no,cellular,27,jan,1,-1,0,unknown,0,young
technician,married,secondary,no,408,no,no,cellular,19,aug,1,93,1,success,1,young
management,married,tertiary,no,2257,no,no,cellular,20,aug,1,99,6,success,1,young
management,married,tertiary,no,186,yes,no,cellular,14,may,4,-1,0,unknown,0,young
technician,married,tertiary,no,348,no,no,unknown,5,jun,2,-1,0,unknown,0,young
blue-collar,single,primary,no,503,no,no,cellular,28,aug,1,93,1,success,1,young
technician,single,tertiary,no,417,no,no,cellular,20,aug,1,90,1,success,1,young
technician,married,secondary,no,-205,yes,no,unknown,11,may,2,-1,0,unknown,0,young
management,married,tertiary,no,528,no,no,cellular,22,nov,3,-1,0,unknown,0,young
technician,single,tertiary,no,303,no,no,cellular,19,aug,2,93,1,success,0,young
management,married,tertiary,no,-285,yes,no,cellular,13,aug,2,-1,0,unknown,0,older
blue-collar,married,primary,no,335,yes,no,unknown,15,jun,3,-1,0,unknown,0,older
services,married,secondary,no,449,yes,no,cellular,14,may,4,-1,0,unknown,0,young
services,married,secondary,no,71,yes,no,unknown,8,may,2,-1,0,unknown,0,young
management,single,tertiary,no,-238,no,no,cellular,12,aug,1,-1,0,unknown,0,young
admin.,single,secondary,no,206,no,no,cellular,5,jul,2,-1,0,unknown,0,young
management,single,tertiary,no,91,yes,no,cellular,16,jun,4,360,2,failure,0,young
management,married,tertiary,no,-252,yes,no,unknown,14,jun,2,-1,0,unknown,0,young
management,married,tertiary,no,310,yes,no,cellular,16,jul,4,-1,0,unknown,0,older
admin.,married,secondary,no,41,no,no,cellular,13,jul,2,-1,0,unknown,0,older
technician,married,secondary,no,1029,yes,no,cellular,20,nov,1,71,1,failure,0,young
blue-collar,married,secondary,no,511,no,no,cellular,2,nov,1,-1,0,unknown,0,older
technician,single,secondary,no,483,yes,no,cellular,6,jul,3,-1,0,unknown,0,young
services,married,secondary,no,210,yes,no,cellular,19,nov,1,126,1,failure,0,young
blue-collar,single,primary,no,586,no,no,cellular,5,jun,1,-1,0,unknown,1,young
blue-collar,married,secondary,no,65,yes,no,cellular,18,apr,2,303,2,failure,0,young
blue-collar,married,primary,no,756,yes,no,unknown,20,may,4,-1,0,unknown,0,older
admin.,married,secondary,no,260,yes,no,unknown,16,may,2,-1,0,unknown,0,young
blue-collar,single,secondary,no,-79,no,no,cellular,5,may,2,-1,0,unknown,0,young
management,married,tertiary,no,131,yes,no,unknown,15,jun,2,-1,0,unknown,0,older
technician,single,tertiary,no,401,no,no,cellular,12,oct,1,-1,0,unknown,0,young
blue-collar,married,secondary,no,18,yes,no,cellular,17,nov,1,-1,0,unknown,0,young
admin.,single,secondary,no,794,yes,no,unknown,15,may,2,-1,0,unknown,0,young
technician,married,secondary,no,461,yes,no,cellular,16,apr,3,-1,0,unknown,0,young
management,single,tertiary,no,90,yes,no,cellular,1,nov,4,-1,0,unknown,0,young
management,married,tertiary,no,923,yes,no,unknown,1,jun,5,-1,0,unknown,0,young
admin.,married,secondary,no,629,yes,no,unknown,8,jun,3,-1,0,unknown,0,young
blue-collar,single,secondary,no,543,no,no,cellular,15,may,5,-1,0,unknown,0,young
admin.,married,secondary,no,-245,no,no,cellular,20,jul,2,-1,0,unknown,0,young
technician,married,tertiary,no,-239,yes,no,cellular,9,apr,3,-1,0,unknown,0,young
blue-collar,married,secondary,no,-77,yes,no,unknown,15,jun,2,-1,0,unknown,0,young
blue-collar,married,primary,no,4,yes,no,unknown,6,may,2,-1,0,unknown,0,older
management,married,tertiary,no,614,no,no,cellular,5,feb,1,275,1,failure,1,older
blue-collar,married,primary,no,1262,yes,no,unknown,2,may,5,-1,0,unknown,0,older
admin.,married,secondary,no,603,yes,no,unknown,2,jun,4,-1,0,unknown,0,young
blue-collar,married,secondary,no,741,yes,no,cellular,14,apr,1,-1,0,unknown,0,older
admin.,married,secondary,no,-146,no,no,cellular,21,aug,2,176,4,failure,0,young
management,single,tertiary,no,809,yes,no,cellular,15,may,1,340,1,failure,1,young
blue-collar,married,primary,no,141,yes,no,cellular,8,nov,4,-1,0,unknown,0,older
management,married,tertiary,no,934,yes,no,unknown,15,jun,3,-1,0,unknown,0,older
management,married,tertiary,no,1076,yes,no,cellular,8,may,2,-1,0,unknown,0,older
technician,married,secondary,no,-263,yes,no,cellular,5,may,3,-1,0,unknown,0,young
technician,single,tertiary,no,1112,no,no,cellular,18,jul,2,-1,0,unknown,0,young
admin.,single,secondary,no,1072,no,no,cellular,26,aug,2,-1,0,unknown,0,young
management,married,tertiary,no,978,no,no,cellular,12,aug,3,-1,0,unknown,0,older
management,married,tertiary,no,990,no,no,cellular,6,aug,1,-1,0,unknown,1,young
management,married,tertiary,no,676,no,no,cellular,5,aug,1,99,1,success,1,older
blue-collar,married,secondary,no,-31,no,no,cellular,8,jul,1,-1,0,unknown,0,young
technician,single,secondary,no,506,no,no,cellular,7,feb,6,-1,0,unknown,0,young
management,married,tertiary,no,621,no,no,unknown,9,may,7,-1,0,unknown,0,older
blue-collar,married,primary,no,466,no,no,cellular,24,aug,5,-1,0,unknown,0,young
management,married,tertiary,no,1141,yes,no,cellular,16,nov,1,172,1,failure,0,older
blue-collar,married,primary,no,-215,yes,no,cellular,17,apr,1,0,0,unknown,1,young
technician,single,secondary,no,899,yes,no,unknown,17,jun,3,-1,0,unknown,0,young
blue-collar,married,secondary,no,493,yes,no,cellular,5,feb,2,-1,0,unknown,1,young
technician,married,secondary,no,14,no,no,cellular,20,nov,1,-1,1,unknown,0,older
services,married,secondary,no,614,no,no,cellular,24,aug,1,-1,0,unknown,0,young
blue-collar,married,secondary,no,452,yes,no,cellular,8,nov,1,-1,0,unknown,0,older
admin.,married,secondary,no,868,yes,no,cellular,17,jul,2,-1,0,unknown,0,young
management,married,tertiary,no,877,yes,no,unknown,16,may,2,-1,0,unknown,0,older
blue-collar,married,secondary,no,469,no,no,cellular,19,nov,2,184,3,failure,0,older
technician,married,secondary,no,-5,no,no,cellular,11,aug,2,-1,0,unknown,0,older
student,single,secondary,no,15,yes,no,cellular,2,apr,1,-1,0,unknown,0,young
blue-collar,married,secondary,no,974,no,no,cellular,18,aug,1,-1,0,unknown,0,young
blue-collar,married,secondary,no,142,yes,no,unknown,10,may,2,-1,0,unknown,0,older
housemaid,married,primary,no,782,no,no,cellular,5,feb,3,-1,0,unknown,0,older
student,single,secondary,no,21,yes,no,cellular,10,may,2,-1,0,unknown,0,young
management,married,tertiary,no,217,yes,no,cellular,6,apr,1,157,6,failure,0,older
retired,married,primary,no,93,no,no,cellular,14,oct,4,-1,0,unknown,0,older
admin.,married,secondary,no,30,yes,no,unknown,13,may,2,-1,0,unknown,0,older
blue-collar,single,secondary,no,108,yes,no,cellular,5,may,4,-1,0,unknown,0,young
management,married,tertiary,no,556,yes,no,cellular,20,nov,1,-1,0,unknown,0,young
services,married,secondary,no,1538,yes,no,unknown,17,jun,10,-1,0,unknown,0,older
management,married,tertiary,no,52,no,no,cellular,21,jul,3,-1,0,unknown,0,young
admin.,married,secondary,no,1307,yes,no,cellular,20,nov,3,-1,0,unknown,0,older
retired,married,tertiary,no,1805,no,no,cellular,21,aug,4,182,3,success,1,older
technician,married,secondary,no,200,yes,no,unknown,5,may,2,-1,0,unknown,0,older
admin.,married,secondary,no,76,no,no,cellular,3,feb,1,90,1,failure,0,older
blue-collar,married,primary,no,341,yes,no,cellular,15,apr,3,-1,0,unknown,0,older
technician,married,secondary,no,840,yes,no,cellular,23,jul,2,-1,0,unknown,0,older
services,married,secondary,no,95,no,no,cellular,6,feb,3,-1,0,unknown,0,young
technician,married,secondary,no,656,no,no,cellular,12,aug,5,-1,0,unknown,0,young
admin.,married,secondary,no,1507,yes,no,cellular,13,apr,2,-1,0,unknown,0,older
services,married,secondary,no,-181,yes,no,cellular,19,apr,1,169,1,failure,0,young
services,single,secondary,no,473,yes,no,cellular,15,may,4,-1,0,unknown,0,young
entrepreneur,married,tertiary,no,-192,yes,no,unknown,7,may,4,-1,0,unknown,0,young
management,married,tertiary,no,511,no,no,cellular,21,aug,2,-1,0,unknown,0,older
services,married,secondary,no,432,yes,no,cellular,16,jul,4,-1,0,unknown,0,older
management,married,tertiary,no,-234,yes,no,cellular,18,jul,5,-1,0,unknown,0,young
admin.,married,secondary,no,1337,no,no,unknown,2,jun,6,-1,0,unknown,0,older
blue-collar,married,primary,no,1032,yes,no,unknown,14,jun,2,-1,0,unknown,0,older
retired,married,secondary,no,556,no,no,cellular,8,aug,14,-1,0,unknown,0,older
management,married,tertiary,no,548,no,no,cellular,6,aug,3,-1,0,unknown,1,older
technician,single,secondary,no,258,yes,no,unknown,8,jun,2,-1,0,unknown,0,young
self-employed,married,tertiary,no,964,no,no,cellular,7,jul,1,-1,0,unknown,0,young
management,single,tertiary,no,809,no,no,cellular,28,sep,1,93,3,success,1,young
admin.,married,secondary,no,-76,yes,no,cellular,15,may,2,-1,0,unknown,0,young
blue-collar,single,secondary,no,1039,yes,no,cellular,12,may,4,-1,0,unknown,0,young
management,single,tertiary,no,606,yes,no,cellular,15,may,1,347,1,failure,0,young
management,married,tertiary,no,629,yes,no,unknown,7,jun,2,-1,0,unknown,0,young
retired,married,secondary,no,213,no,no,cellular,8,aug,6,-1,0,unknown,0,older
technician,single,secondary,no,131,yes,no,cellular,16,aug,1,-1,0,unknown,0,young
blue-collar,married,primary,no,450,yes,no,cellular,14,may,2,360,1,failure,0,young
admin.,single,secondary,no,-48,yes,no,cellular,15,may,6,-1,0,unknown,0,young
technician,married,secondary,no,-9,no,no,unknown,9,may,2,-1,0,unknown,0,older
management,married,tertiary,no,665,yes,no,cellular,13,apr,2,-1,0,unknown,0,older
blue-collar,married,primary,no,686,yes,no,telephone,4,may,4,-1,0,unknown,0,older
blue-collar,married,primary,no,770,yes,no,unknown,5,may,2,-1,0,unknown,0,older
technician,married,secondary,no,-328,yes,no,unknown,17,may,2,-1,0,unknown,0,older
management,married,secondary,no,-523,yes,no,cellular,16,may,2,330,3,failure,0,young
blue-collar,married,secondary,no,818,no,no,cellular,3,feb,1,-1,0,unknown,0,young
management,married,tertiary,no,761,no,no,cellular,2,feb,2,-1,0,unknown,0,older
blue-collar,married,secondary,no,691,yes,no,cellular,13,aug,3,-1,0,unknown,0,older
management,married,secondary,no,1015,yes,no,cellular,17,nov,2,191,3,failure,0,older
entrepreneur,married,tertiary,no,-23,yes,no,unknown,7,may,2,-1,0,unknown,0,young
technician,married,secondary,no,170,yes,no,unknown,15,jun,3,-1,0,unknown,0,young
technician,married,secondary,no,-48,no,no,unknown,5,jun,2,-1,0,unknown,0,older
blue-collar,married,secondary,no,50,yes,no,cellular,14,aug,2,-1,0,unknown,0,older
admin.,married,secondary,no,1210,no,no,cellular,30,aug,1,85,1,success,0,young
blue-collar,single,secondary,no,57,yes,no,unknown,7,may,2,-1,0,unknown,0,young
blue-collar,single,secondary,no,467,yes,no,cellular,13,apr,1,-1,0,unknown,0,young
technician,married,secondary,no,975,yes,no,unknown,4,jun,2,-1,0,unknown,0,older
management,single,tertiary,no,1009,no,no,cellular,14,aug,3,-1,0,unknown,0,young
technician,married,secondary,no,1451,yes,no,unknown,13,jun,2,-1,0,unknown,0,young
blue-collar,married,primary,no,-477,yes,no,unknown,13,may,2,-1,0,unknown,0,older
management,single,tertiary,no,913,no,no,cellular,17,may,2,-1,0,unknown,0,young
management,married,tertiary,no,182,yes,no,cellular,18,nov,3,-1,0,unknown,0,young
retired,married,secondary,no,677,no,no,cellular,18,aug,2,-1,0,unknown,0,older
entrepreneur,married,secondary,no,507,yes,no,unknown,12,may,4,-1,0,unknown,0,older
retired,married,secondary,no,878,yes,no,cellular,17,aug,5,-1,0,unknown,0,older
management,married,tertiary,no,641,no,no,cellular,19,aug,1,-1,0,unknown,0,young
management,married,tertiary,no,1506,no,no,cellular,8,oct,2,-1,0,unknown,0,older
retired,married,primary,no,356,no,no,cellular,20,aug,2,-1,0,unknown,0,older
management,married,tertiary,no,1295,no,no,cellular,21,aug,5,90,3,success,1,young
management,single,tertiary,no,836,no,no,unknown,28,jun,2,-1,0,unknown,0,young
admin.,married,secondary,no,728,no,no,cellular,21,nov,1,-1,0,unknown,0,young
entrepreneur,married,tertiary,no,1115,yes,no,unknown,4,may,2,-1,0,unknown,0,older
technician,married,secondary,no,-232,yes,no,cellular,4,nov,1,-1,0,unknown,0,young
management,married,tertiary,no,-36,no,no,cellular,21,feb,2,-1,0,unknown,0,young
technician,married,secondary,no,1057,yes,no,unknown,2,may,2,-1,0,unknown,0,older
blue-collar,married,secondary,no,-164,yes,no,unknown,15,jun,3,-1,0,unknown,0,older
unemployed,married,secondary,no,-799,no,no,cellular,24,jul,3,-1,0,unknown,0,older
technician,married,secondary,no,568,no,no,cellular,26,aug,3,-1,0,unknown,0,older
admin.,married,secondary,no,-41,no,no,unknown,8,may,2,-1,0,unknown,0,young
housemaid,married,secondary,no,493,yes,no,cellular,16,jul,3,-1,0,unknown,0,older
blue-collar,married,primary,no,266,yes,no,cellular,14,apr,4,-1,0,unknown,0,young
blue-collar,married,secondary,no,864,yes,no,unknown,9,may,3,-1,0,unknown,0,young
admin.,married,secondary,no,-35,no,no,unknown,15,may,2,-1,0,unknown,0,older
management,married,tertiary,no,-185,yes,no,cellular,18,apr,2,-1,0,unknown,0,young
technician,married,secondary,no,2355,yes,no,cellular,22,aug,3,175,9,failure,0,older
technician,married,secondary,no,-173,no,no,cellular,7,aug,1,119,1,success,0,older
technician,single,secondary,no,83,no,no,cellular,20,aug,5,-1,0,unknown,0,young
admin.,single,secondary,no,-106,no,no,cellular,5,nov,1,190,3,failure,0,young
housemaid,married,primary,no,-10,no,no,cellular,6,may,2,-1,0,unknown,0,older
management,married,tertiary,no,598,yes,no,cellular,15,jan,2,284,3,failure,0,young
technician,married,secondary,no,692,yes,no,cellular,17,nov,1,-1,0,unknown,0,young
technician,single,secondary,no,718,no,no,cellular,12,jun,3,-1,0,unknown,0,young
admin.,married,secondary,no,-89,yes,no,cellular,24,jul,3,-1,0,unknown,0,older
admin.,married,secondary,no,11,no,no,cellular,26,jul,2,-1,0,unknown,0,young
services,single,secondary,no,198,yes,no,cellular,16,apr,1,-1,0,unknown,0,young
management,married,tertiary,no,282,yes,no,cellular,17,nov,3,-1,0,unknown,0,young
retired,married,primary,no,332,no,no,cellular,13,oct,1,-1,0,unknown,1,older
services,single,secondary,no,367,no,no,cellular,11,aug,2,-1,0,unknown,0,young
management,married,tertiary,no,663,no,no,unknown,7,jun,2,-1,0,unknown,0,young
blue-collar,married,primary,no,768,yes,no,cellular,19,nov,1,-1,0,unknown,0,young
management,single,tertiary,no,519,yes,no,cellular,21,aug,3,169,2,failure,0,young
management,married,tertiary,no,932,yes,no,unknown,15,may,2,-1,0,unknown,0,young
management,married,tertiary,no,828,yes,no,cellular,15,jul,2,-1,0,unknown,0,older
technician,married,secondary,no,-123,no,no,cellular,26,jan,1,-1,0,unknown,0,young
blue-collar,single,primary,no,-327,yes,no,cellular,14,may,1,353,1,failure,0,young
management,single,tertiary,no,738,yes,no,cellular,15,apr,2,-1,0,unknown,0,young
blue-collar,single,secondary,no,-108,no,no,cellular,30,jan,1,-1,0,unknown,0,young
management,married,tertiary,no,429,yes,no,cellular,15,aug,2,-1,0,unknown,0,young
admin.,married,secondary,no,1067,yes,no,cellular,10,jul,2,-1,0,unknown,1,young
entrepreneur,married,tertiary,no,64,yes,no,cellular,7,jul,2,-1,0,unknown,0,young
retired,married,secondary,no,620,no,no,unknown,4,jun,2,-1,0,unknown,0,older
technician,married,secondary,no,40,yes,no,unknown,13,may,3,-1,0,unknown,0,older
blue-collar,married,secondary,no,324,no,no,cellular,13,may,2,-1,0,unknown,0,older
services,married,secondary,no,-260,no,no,cellular,9,jul,3,-1,0,unknown,0,older
blue-collar,married,secondary,no,474,no,no,cellular,8,jul,1,-1,0,unknown,0,older
management,single,tertiary,no,22,yes,no,unknown,2,may,2,-1,0,unknown,0,young
management,married,tertiary,no,4559,no,no,cellular,20,aug,3,90,1,success,1,older
technician,married,secondary,no,-178,no,no,cellular,21,aug,5,-1,4,unknown,1,young
management,married,tertiary,no,1480,no,no,cellular,29,aug,4,76,4,success,0,older
technician,single,secondary,no,74,yes,no,cellular,20,aug,1,171,1,failure,0,young
blue-collar,married,secondary,no,151,yes,no,unknown,5,jun,2,-1,0,unknown,0,young
blue-collar,married,secondary,no,408,no,no,cellular,7,jul,12,-1,0,unknown,0,older
admin.,married,secondary,no,686,no,no,cellular,16,apr,1,-1,0,unknown,1,older
blue-collar,married,secondary,no,9,yes,no,cellular,24,may,2,-1,0,unknown,0,young
services,married,secondary,no,403,no,no,cellular,31,apr,1,56,1,failure,0,older
blue-collar,married,secondary,no,1172,yes,no,cellular,8,jul,2,-1,0,unknown,0,older
management,married,tertiary,no,573,no,no,unknown,3,jun,2,-1,0,unknown,0,older
blue-collar,single,secondary,no,438,yes,no,cellular,20,aug,4,-1,0,unknown,0,young
management,married,tertiary,no,1078,yes,no,unknown,2,may,2,-1,0,unknown,0,young
management,married,tertiary,no,631,yes,no,cellular,17,nov,1,144,1,failure,0,older
services,married,secondary,no,579,yes,no,cellular,28,jul,2,-1,0,unknown,0,older
housemaid,married,primary,no,-51,no,no,unknown,4,may,2,-1,0,unknown,0,older
technician,married,secondary,no,756,no,no,cellular,4,oct,1,180,7,failure,0,older
management,married,tertiary,no,735,yes,no,cellular,17,apr,2,-1,0,unknown,0,young
services,married,secondary,no,118,yes,no,cellular,22,jul,2,-1,0,unknown,0,young
technician,married,secondary,no,767,yes,no,unknown,11,may,13,-1,0,unknown,0,older
technician,married,secondary,no,-772,yes,no,unknown,16,may,2,-1,0,unknown,0,older
blue-collar,married,primary,no,-91,no,no,cellular,19,aug,4,-1,0,unknown,0,older
blue-collar,married,primary,no,1213,yes,no,unknown,15,may,4,-1,0,unknown,0,older
technician,married,secondary,no,776,yes,no,cellular,4,may,4,-1,0,unknown,0,older
technician,single,secondary,no,341,yes,no,cellular,17,apr,4,-1,0,unknown,0,young
admin.,married,secondary,no,-662,yes,no,cellular,20,jul,4,-1,0,unknown,0,older
services,married,secondary,no,-823,no,no,cellular,16,jul,2,-1,0,unknown,0,older
technician,married,secondary,no,309,yes,no,unknown,20,jun,2,-1,0,unknown,0,young
unknown,married,secondary,no,330,no,no,cellular,4,feb,2,-1,0,unknown,0,older
blue-collar,single,secondary,no,-610,yes,no,cellular,21,nov,2,189,4,failure,0,young
retired,married,secondary,no,-491,no,no,cellular,20,nov,1,136,1,failure,0,older
housemaid,married,secondary,no,253,no,no,cellular,13,aug,5,-1,0,unknown,0,older
blue-collar,married,primary,no,493,yes,no,cellular,18,jul,19,-1,0,unknown,0,older
technician,married,secondary,no,306,no,no,cellular,6,aug,2,-1,0,unknown,0,young
admin.,single,secondary,no,445,no,no,cellular,27,aug,1,-1,0,unknown,0,young
admin.,married,secondary,no,266,yes,no,cellular,8,may,2,-1,0,unknown,0,young
management,married,tertiary,no,534,no,no,cellular,30,aug,1,90,1,success,1,older
blue-collar,married,primary,no,1075,no,no,cellular,28,jul,2,-1,0,unknown,0,young
student,single,secondary,no,911,no,no,unknown,5,jun,2,-1,0,unknown,0,young
management,married,tertiary,no,201,yes,no,cellular,18,nov,1,-1,0,unknown,0,young
admin.,married,secondary,no,12,no,no,cellular,9,jul,2,-1,0,unknown,0,young
management,married,tertiary,no,62,yes,no,cellular,21,aug,3,61,3,failure,0,older
technician,married,secondary,no,673,yes,no,unknown,15,may,2,-1,0,unknown,0,young
management,married,tertiary,no,296,no,no,unknown,16,jun,2,-1,0,unknown,0,young
management,married,tertiary,no,262,yes,no,unknown,15,may,2,-1,0,unknown,0,older
admin.,married,secondary,no,-208,yes,no,unknown,6,jun,3,-1,0,unknown,0,young
technician,married,secondary,no,728,yes,no,cellular,22,aug,5,-1,0,unknown,0,older
retired,married,secondary,no,574,no,no,cellular,19,nov,1,-1,0,unknown,0,older
retired,married,secondary,no,354,no,no,cellular,27,jul,2,-1,0,unknown,0,older
entrepreneur,married,tertiary,no,252,yes,no,cellular,12,may,2,-1,0,unknown,0,older
technician,married,secondary,no,-251,yes,no,cellular,18,may,3,-1,0,unknown,0,young
services,single,secondary,no,40,no,no,cellular,12,may,3,-1,0,unknown,0,young
management,married,tertiary,no,598,yes,no,cellular,11,aug,4,-1,0,unknown,0,older
technician,married,tertiary,no,1218,no,no,cellular,29,aug,4,88,0,unknown,1,young
services,single,secondary,no,99,yes,no,unknown,7,may,2,-1,0,unknown,0,young
blue-collar,married,secondary,no,-394,yes,no,cellular,12,may,2,374,7,failure,0,older
blue-collar,married,primary,no,158,no,no,cellular,27,aug,4,-1,0,unknown,0,young
management,married,tertiary,no,515,no,no,cellular,10,jun,4,-1,0,unknown,0,older
blue-collar,married,secondary,no,872,yes,no,unknown,21,jun,2,-1,0,unknown,0,older
admin.,married,secondary,no,18,yes,no,unknown,28,may,2,-1,0,unknown,0,young
student,single,secondary,no,894,no,no,cellular,12,aug,2,-1,0,unknown,0,young
admin.,married,secondary,no,17,no,no,cellular,22,jul,2,-1,0,unknown,0,older
technician,married,secondary,no,-100,yes,no,unknown,2,may,2,-1,0,unknown,0,young
blue-collar,single,secondary,no,771,yes,no,cellular,14,may,2,-1,0,unknown,1,young
blue-collar,married,primary,no,554,no,no,cellular,20,aug,1,102,4,success,1,older
technician,married,secondary,no,537,no,no,cellular,29,aug,3,-1,0,unknown,0,young
admin.,married,secondary,no,30,yes,no,cellular,26,jul,2,-1,0,unknown,0,older
management,single,tertiary,no,315,yes,no,cellular,26,aug,4,-1,0,unknown,0,young
management,married,secondary,no,477,yes,no,cellular,21,nov,1,99,4,failure,0,older
services,married,secondary,no,-559,no,no,cellular,2,apr,2,91,4,failure,0,young
management,married,tertiary,no,329,yes,no,cellular,29,jul,5,-1,0,unknown,0,older
services,married,secondary,no,949,no,no,cellular,2,feb,5,-1,0,unknown,0,young
services,married,secondary,no,641,yes,no,unknown,15,jun,2,-1,0,unknown,0,older
retired,married,tertiary,no,1638,no,no,cellular,27,aug,1,84,3,success,1,older
technician,married,secondary,no,84,yes,no,cellular,14,apr,2,-1,0,unknown,0,young
retired,married,secondary,no,425,yes,no,cellular,23,apr,4,-1,0,unknown,0,older
blue-collar,married,secondary,no,145,no,no,unknown,6,jun,2,-1,0,unknown,0,young
technician,married,secondary,no,717,yes,no,cellular,15,apr,2,-1,0,unknown,0,young
management,married,tertiary,no,1408,no,no,cellular,29,aug,6,101,4,success,1,young
technician,married,secondary,no,-158,no,no,cellular,28,jan,2,-1,0,unknown,0,older
admin.,married,secondary,no,386,yes,no,unknown,5,jun,2,-1,0,unknown,0,young
management,married,secondary,no,-90,no,no,cellular,6,may,5,184,6,failure,0,older
services,married,secondary,no,1132,no,no,cellular,12,aug,5,-1,0,unknown,0,older
management,married,tertiary,no,-143,yes,no,cellular,2,jul,2,-1,0,unknown,0,older
management,married,tertiary,no,2241,no,no,cellular,2,oct,1,-1,0,unknown,0,young
admin.,single,secondary,no,463,yes,no,cellular,13,jan,2,-1,0,unknown,0,young
technician,married,secondary,no,-300,yes,no,cellular,2,may,2,-1,0,unknown,0,older
technician,single,secondary,no,805,yes,no,cellular,16,jan,2,-1,0,unknown,0,young
housemaid,married,secondary,no,-21,no,no,cellular,24,aug,2,-1,0,unknown,0,older
management,single,tertiary,no,-28,no,no,cellular,20,jun,1,-1,0,unknown,0,young
management,married,tertiary,no,156,yes,no,cellular,16,jul,3,-1,0,unknown,0,young
admin.,single,secondary,no,-37,yes,no,unknown,6,may,2,-1,0,unknown,0,young
services,married,secondary,no,-300,yes,no,cellular,18,aug,1,-1,0,unknown,0,older
technician,married,secondary,no,49,no,no,cellular,9,jul,1,-1,0,unknown,0,older
management,single,tertiary,no,372,yes,no,cellular,30,aug,3,-1,0,unknown,0,young
blue-collar,married,secondary,no,472,yes,no,cellular,7,jul,5,-1,0,unknown,0,older
blue-collar,married,primary,no,147,yes,no,unknown,8,jun,2,-1,0,unknown,0,older
blue-collar,married,secondary,no,-66,yes,no,cellular,20,nov,1,-1,0,unknown,0,young
services,single,secondary,no,383,yes,no,cellular,4,feb,1,279,2,failure,0,young
blue-collar,married,secondary,no,1128,no,no,unknown,17,jun,2,-1,0,unknown,0,older
admin.,married,secondary,no,508,yes,no,cellular,17,may,2,388,2,failure,0,older
entrepreneur,married,tertiary,no,814,yes,no,cellular,26,jul,2,-1,0,unknown,0,older
management,single,tertiary,no,420,no,no,cellular,15,jul,3,-1,0,unknown,0,young
student,single,secondary,no,8,yes,no,cellular,27,aug,4,-1,0,unknown,0,young
blue-collar,married,secondary,no,-308,no,no,cellular,19,nov,1,183,2,failure,0,young
admin.,married,secondary,no,-43,yes,yes,cellular,7,jul,2,-1,0,unknown,0,young
management,married,tertiary,no,-313,no,no,unknown,26,jun,2,-1,0,unknown,0,older
services,married,secondary,no,492,yes,no,unknown,15,may,4,-1,0,unknown,0,young
management,married,tertiary,no,118,no,no,cellular,6,jun,1,84,3,success,1,young
blue-collar,married,primary,no,225,yes,no,cellular,21,nov,1,67,0,failure,0,older
technician,married,tertiary,no,2918,no,no,cellular,31,aug,4,89,9,success,1,older
technician,single,secondary,no,712,no,no,unknown,3,jun,2,-1,0,unknown,0,young
management,married,tertiary,no,465,yes,no,unknown,15,may,2,-1,0,unknown,0,older
management,married,tertiary,no,7,no,no,cellular,18,aug,4,-1,0,unknown,0,older
technician,single,tertiary,no,757,no,no,cellular,6,jan,2,12,3,failure,0,young
services,married,secondary,no,269,yes,no,cellular,19,nov,1,-1,0,unknown,0,older
technician,married,secondary,no,-281,yes,no,cellular,15,apr,2,-1,0,unknown,0,older
unknown,married,secondary,no,143,no,no,cellular,12,oct,2,-1,0,unknown,0,older
management,married,tertiary,no,817,no,no,cellular,27,jul,6,-1,0,unknown,0,older
admin.,married,secondary,no,626,no,no,cellular,16,aug,1,-1,0,unknown,0,young
retired,married,secondary,no,17,yes,no,cellular,19,nov,1,190,1,failure,0,older
admin.,married,secondary,no,646,no,no,cellular,7,feb,2,-1,0,unknown,0,young
admin.,single,secondary,no,50,no,no,unknown,17,may,2,-1,0,unknown,0,young
services,single,secondary,no,539,yes,no,cellular,15,jun,1,362,1,failure,0,young
services,married,secondary,no,1127,no,no,cellular,28,aug,2,-1,0,unknown,0,young
technician,single,secondary,no,458,no,no,cellular,6,aug,1,-1,0,unknown,0,young
technician,married,secondary,no,1415,no,no,cellular,16,jan,2,-1,0,unknown,1,young
blue-collar,married,primary,no,119,no,no,cellular,8,aug,1,-1,0,unknown,0,young
student,single,secondary,no,247,no,no,cellular,7,aug,2,-1,0,unknown,0,young
technician,married,secondary,no,-365,yes,no,unknown,6,may,2,-1,0,unknown,0,young
management,married,tertiary,no,3593,no,no,cellular,19,aug,4,-1,2,unknown,1,older
management,married,tertiary,no,6,yes,no,unknown,15,jun,2,-1,0,unknown,0,young
technician,married,secondary,no,267,yes,no,cellular,30,aug,4,-1,0,unknown,0,older
retired,married,primary,no,548,no,no,telephone,1,jul,2,-1,0,unknown,0,older
management,married,tertiary,no,-89,no,no,cellular,5,feb,2,-1,0,unknown,0,young
blue-collar,married,secondary,no,477,no,no,unknown,10,jun,2,-1,0,unknown,0,young
management,single,tertiary,no,881,yes,no,cellular,26,jul,2,-1,0,unknown,0,young
blue-collar,married,primary,no,650,no,no,cellular,27,jan,3,-1,0,unknown,0,older
services,married,secondary,no,1213,yes,no,unknown,14,jun,3,-1,0,unknown,0,older
management,single,tertiary,no,475,yes,no,unknown,9,jun,2,-1,0,unknown,0,young
management,married,tertiary,no,-13,no,no,cellular,11,aug,2,-1,0,unknown,0,young
technician,married,secondary,no,-10,yes,yes,cellular,22,jul,2,-1,0,unknown,0,older
blue-collar,single,secondary,no,-114,no,no,cellular,20,aug,2,194,2,failure,0,young
services,single,secondary,no,242,no,no,cellular,4,sep,1,-1,0,unknown,0,young
admin.,married,secondary,no,1122,yes,no,cellular,3,apr,2,-1,0,unknown,0,young
services,married,secondary,no,-198,yes,no,cellular,23,jul,3,-1,0,unknown,0,older
blue-collar,single,secondary,no,1244,yes,no,unknown,14,may,8,-1,0,unknown,0,young
management,married,tertiary,no,446,no,no,cellular,20,aug,1,-1,1,unknown,1,young
admin.,married,secondary,no,858,yes,no,unknown,15,may,2,-1,0,unknown,0,young
technician,married,secondary,no,588,yes,no,cellular,20,aug,3,187,2,failure,0,older
blue-collar,married,secondary,no,1298,yes,no,cellular,28,nov,1,189,1,failure,0,young
admin.,single,secondary,no,910,no,no,cellular,30,aug,2,92,0,unknown,0,young
blue-collar,married,secondary,no,151,yes,no,unknown,6,may,2,-1,0,unknown,0,young
admin.,married,secondary,no,1157,yes,no,unknown,16,jun,2,-1,0,unknown,0,older
technician,married,secondary,no,-284,yes,yes,unknown,10,may,2,-1,0,unknown,0,older
blue-collar,married,secondary,no,83,yes,no,cellular,14,jul,6,-1,0,unknown,0,older
management,married,tertiary,no,602,yes,no,unknown,3,may,2,-1,0,unknown,0,older
technician,single,secondary,no,441,no,no,cellular,26,jan,2,-1,0,unknown,0,young
management,married,tertiary,no,1060,yes,no,cellular,3,apr,3,-1,0,unknown,0,older
admin.,married,secondary,no,84,yes,no,unknown,2,jun,2,-1,0,unknown,0,young
management,married,tertiary,no,350,yes,no,cellular,5,jan,2,8,3,failure,0,young
blue-collar,married,secondary,no,473,no,no,cellular,8,jul,2,-1,0,unknown,0,young
admin.,married,secondary,no,471,yes,no,cellular,13,may,2,-1,0,unknown,0,young
management,single,tertiary,no,501,yes,no,unknown,13,may,4,-1,0,unknown,0,young
blue-collar,married,primary,no,512,yes,no,unknown,3,jun,2,-1,0,unknown,0,young
technician,married,secondary,no,918,yes,no,unknown,26,may,2,-1,0,unknown,0,young
admin.,married,secondary,no,-201,no,no,cellular,20,nov,1,-1,0,unknown,1,older
technician,married,secondary,no,426,yes,no,cellular,3,nov,1,-1,0,unknown,0,young
services,married,secondary,no,755,no,no,cellular,7,aug,1,-1,0,unknown,0,young
management,single,tertiary,no,-161,yes,no,cellular,20,nov,1,95,1,failure,0,young
technician,married,secondary,no,1114,yes,no,cellular,18,aug,6,-1,0,unknown,0,older
management,married,tertiary,no,1010,no,no,cellular,20,aug,1,101,1,failure,0,older
management,single,tertiary,no,976,yes,no,unknown,8,jun,2,-1,0,unknown,0,young
blue-collar,married,primary,no,750,no,no,cellular,19,aug,4,-1,0,unknown,0,older
technician,single,secondary,no,708,no,no,unknown,9,jun,2,-1,0,unknown,0,young
technician,single,secondary,no,438,no,no,cellular,21,aug,1,129,1,failure,0,young
management,married,tertiary,no,4,yes,no,cellular,4,may,2,312,3,failure,0,young
management,married,tertiary,no,614,no,no,cellular,21,aug,2,102,2,failure,0,young
management,married,tertiary,no,-4,no,no,cellular,8,sep,2,-1,0,unknown,0,young
technician,married,secondary,no,281,no,no,cellular,29,aug,28,-1,0,unknown,0,young
management,married,tertiary,no,2594,no,no,cellular,28,aug,6,93,4,success,1,older
management,married,tertiary,no,-1,no,no,cellular,4,feb,1,186,1,failure,1,older
technician,married,secondary,no,194,no,no,cellular,3,oct,1,89,1,success,1,young
technician,married,secondary,no,650,yes,no,cellular,14,apr,2,-1,0,unknown,0,young
management,single,tertiary,no,743,yes,no,unknown,16,jun,3,-1,0,unknown,0,young
blue-collar,married,secondary,no,574,no,no,cellular,6,oct,1,91,3,success,1,older
services,married,secondary,no,211,yes,no,unknown,17,may,4,-1,0,unknown,0,older
blue-collar,married,primary,no,494,yes,no,cellular,25,aug,4,-1,0,unknown,0,older
blue-collar,married,secondary,no,135,yes,no,cellular,7,jul,3,-1,0,unknown,0,young
blue-collar,married,primary,no,565,no,no,unknown,14,may,3,-1,0,unknown,0,older
housemaid,married,primary,no,578,no,no,telephone,17,jun,2,-1,0,unknown,0,older
blue-collar,married,secondary,no,679,no,no,cellular,2,feb,1,-1,0,unknown,1,older
management,married,tertiary,no,747,yes,no,cellular,11,may,3,-1,0,unknown,0,young
management,single,tertiary,no,881,yes,no,cellular,17,apr,1,130,1,failure,0,young
technician,married,tertiary,no,693,yes,no,cellular,6,jan,1,97,4,failure,0,young
blue-collar,married,primary,no,827,yes,no,cellular,20,nov,2,-1,0,unknown,0,older
technician,single,tertiary,no,468,no,no,cellular,3,aug,5,-1,0,unknown,0,young
admin.,married,secondary,no,279,no,no,cellular,10,aug,1,-1,0,unknown,0,older
retired,married,primary,no,2277,no,no,cellular,20,aug,1,-1,0,unknown,0,older
blue-collar,married,primary,no,108,yes,no,unknown,7,jun,2,-1,0,unknown,0,older
admin.,married,secondary,no,671,yes,no,unknown,19,jun,2,-1,0,unknown,0,older
admin.,married,secondary,no,757,no,no,cellular,21,jul,2,-1,0,unknown,0,young
management,married,tertiary,no,654,yes,no,cellular,21,aug,5,-1,2,unknown,0,young
blue-collar,married,secondary,no,508,yes,no,cellular,7,jun,4,344,7,failure,0,young
management,married,tertiary,no,331,no,no,cellular,20,nov,1,-1,0,unknown,1,young
services,married,secondary,no,114,yes,no,cellular,29,jan,2,-1,0,unknown,0,young
unknown,married,secondary,no,1121,no,no,cellular,2,aug,1,-1,0,unknown,0,older
technician,single,secondary,no,229,no,no,cellular,26,aug,3,-1,0,unknown,0,young
retired,married,primary,no,470,yes,no,cellular,16,apr,2,188,6,failure,0,older
blue-collar,single,primary,no,14,yes,no,cellular,3,apr,2,-1,0,unknown,0,young
technician,married,secondary,no,718,yes,no,unknown,9,jun,2,-1,0,unknown,0,older
blue-collar,married,primary,no,-30,yes,no,cellular,16,may,4,-1,0,unknown,0,older
technician,married,secondary,no,233,no,no,cellular,6,apr,1,-1,0,unknown,1,young
admin.,single,secondary,no,1453,yes,no,cellular,13,may,4,-1,0,unknown,0,young
management,single,tertiary,no,508,yes,no,cellular,4,jul,3,-1,0,unknown,0,young
entrepreneur,married,tertiary,no,813,yes,no,unknown,4,may,3,-1,0,unknown,0,older
technician,married,secondary,no,-371,yes,no,cellular,20,nov,2,163,3,failure,0,older
blue-collar,married,secondary,no,247,yes,no,cellular,14,jul,2,-1,0,unknown,0,young
management,married,tertiary,no,330,no,no,cellular,13,nov,1,110,5,failure,0,young
blue-collar,single,secondary,no,-257,no,no,cellular,6,aug,5,-1,0,unknown,0,young
management,married,tertiary,no,1053,yes,no,cellular,17,nov,2,200,3,failure,0,older
blue-collar,married,primary,no,629,no,no,cellular,12,jul,3,-1,0,unknown,0,older
admin.,married,secondary,no,778,yes,no,cellular,24,jul,2,-1,0,unknown,0,older
technician,married,secondary,no,449,no,no,cellular,8,jul,2,-1,0,unknown,0,young
technician,married,secondary,no,549,yes,no,cellular,5,apr,1,168,1,failure,0,young
retired,married,secondary,no,224,no,no,cellular,20,aug,3,-1,0,unknown,0,older
blue-collar,married,primary,no,1006,yes,no,unknown,15,may,2,-1,0,unknown,0,older
management,single,tertiary,no,395,yes,no,unknown,16,jun,2,-1,0,unknown,0,young
blue-collar,married,secondary,no,4,yes,no,cellular,15,apr,1,-1,0,unknown,1,young
blue-collar,married,secondary,no,175,yes,no,unknown,8,may,2,-1,0,unknown,0,older
technician,married,secondary,no,-246,yes,no,cellular,10,may,2,-1,0,unknown,0,older
technician,married,secondary,no,299,yes,no,cellular,11,nov,1,-1,0,unknown,0,young
technician,married,secondary,no,343,no,no,cellular,28,aug,4,-1,0,unknown,0,older
services,single,secondary,no,548,yes,no,cellular,7,jun,4,332,3,failure,0,young
blue-collar,married,primary,no,263,no,no,cellular,25,aug,1,0,1,unknown,0,older
services,married,secondary,no,457,yes,no,unknown,10,may,2,-1,0,unknown,0,older
management,married,tertiary,no,272,yes,no,unknown,6,jun,2,-1,0,unknown,0,older
technician,married,secondary,no,561,no,no,cellular,22,aug,5,-1,0,unknown,0,young
management,married,tertiary,no,82,yes,no,cellular,23,aug,2,-1,0,unknown,0,young
technician,single,tertiary,no,1199,yes,no,cellular,6,may,2,-1,0,unknown,1,young
services,married,secondary,no,251,no,no,cellular,16,jul,3,-1,0,unknown,0,young
admin.,married,secondary,no,-8,yes,no,cellular,6,may,2,346,6,failure,0,older
services,married,secondary,no,-302,yes,yes,cellular,17,jul,2,-1,0,unknown,0,older
retired,married,primary,no,159,no,no,cellular,29,aug,1,-1,0,unknown,0,older
unemployed,married,secondary,no,1312,no,no,unknown,5,jun,2,-1,0,unknown,0,young
blue-collar,married,primary,no,645,yes,no,cellular,17,nov,1,-1,0,unknown,0,older
services,married,secondary,no,558,yes,no,unknown,11,jun,11,-1,0,unknown,0,older
blue-collar,married,secondary,no,-124,yes,no,cellular,21,nov,1,154,1,failure,0,young
technician,married,secondary,no,679,no,no,cellular,21,aug,1,72,1,failure,0,older
admin.,married,secondary,no,15,yes,no,unknown,6,may,4,-1,0,unknown,0,young
technician,married,secondary,no,164,yes,no,cellular,18,aug,1,58,2,failure,0,young
blue-collar,single,primary,no,5,yes,no,cellular,12,jul,5,-1,0,unknown,0,young
management,married,tertiary,no,1683,no,no,cellular,21,aug,4,104,3,success,1,older
blue-collar,single,primary,no,-119,yes,no,cellular,15,nov,3,-1,0,unknown,0,young
admin.,married,secondary,no,571,yes,no,cellular,9,may,2,-1,0,unknown,0,older
admin.,single,secondary,no,293,yes,no,cellular,6,may,2,-1,0,unknown,1,young
technician,single,secondary,no,953,no,no,cellular,11,aug,1,-1,0,unknown,0,young
technician,married,secondary,no,652,yes,no,cellular,21,aug,4,177,2,success,0,young
management,single,tertiary,no,245,no,no,cellular,20,nov,1,-1,0,unknown,0,young
technician,married,secondary,no,184,yes,no,unknown,15,jun,2,-1,0,unknown,0,older
technician,married,tertiary,no,644,no,no,cellular,26,jul,2,-1,0,unknown,0,older
blue-collar,single,primary,no,753,no,no,cellular,8,jul,2,-1,0,unknown,0,young
management,married,tertiary,no,424,yes,no,cellular,21,aug,2,186,6,failure,0,older
housemaid,married,secondary,no,934,no,no,cellular,21,aug,4,-1,0,unknown,0,older
retired,married,primary,no,13,no,no,cellular,6,aug,2,-1,0,unknown,0,older
blue-collar,single,secondary,no,297,yes,no,cellular,2,may,2,-1,0,unknown,1,young
services,single,secondary,no,330,no,no,unknown,5,jun,2,-1,0,unknown,0,young
services,married,secondary,no,671,yes,no,cellular,18,nov,1,133,1,failure,0,older
management,married,tertiary,no,439,no,no,cellular,7,jul,3,-1,0,unknown,0,older
blue-collar,married,secondary,no,1064,no,no,unknown,10,jun,3,-1,0,unknown,0,older
blue-collar,married,primary,no,781,no,no,cellular,5,jul,2,-1,0,unknown,0,older
blue-collar,married,secondary,no,-13,yes,no,cellular,14,jul,2,-1,0,unknown,0,young
blue-collar,married,secondary,no,822,no,no,cellular,5,feb,3,-1,0,unknown,0,young
student,single,tertiary,no,352,yes,no,cellular,14,may,5,-1,0,unknown,0,young
management,single,tertiary,no,999,yes,no,unknown,5,may,2,-1,0,unknown,0,young
technician,single,secondary,no,1053,yes,no,unknown,25,jun,2,-1,0,unknown,0,young
management,married,tertiary,no,1122,yes,no,cellular,19,jul,2,-1,0,unknown,0,older
retired,married,primary,no,427,yes,no,cellular,12,may,4,-1,0,unknown,0,older
blue-collar,married,secondary,no,287,yes,no,unknown,19,may,2,-1,0,unknown,0,older
technician,single,secondary,no,799,no,no,cellular,4,nov,1,-1,0,unknown,0,young
technician,married,tertiary,no,240,yes,no,unknown,27,may,2,-1,0,unknown,0,young
admin.,married,secondary,no,-30,no,no,cellular,25,jan,1,-1,0,unknown,0,young
management,married,tertiary,no,1220,no,no,cellular,23,nov,2,-1,0,unknown,0,young
blue-collar,married,primary,no,810,no,no,cellular,15,feb,1,194,1,failure,0,older
management,married,tertiary,no,43,yes,no,cellular,11,aug,2,-1,0,unknown,0,older
management,married,tertiary,no,358,yes,no,cellular,20,aug,3,87,3,failure,0,young
technician,married,secondary,no,-541,yes,no,unknown,14,jun,3,-1,0,unknown,0,older
technician,married,secondary,no,560,no,no,cellular,26,aug,4,-1,0,unknown,0,young
blue-collar,married,secondary,no,45,yes,no,cellular,12,may,5,-1,0,unknown,0,young
admin.,married,secondary,no,339,yes,no,cellular,22,nov,1,131,1,failure,0,older
technician,married,secondary,no,316,no,no,cellular,29,aug,4,-1,0,unknown,0,older
blue-collar,married,primary,no,302,no,no,telephone,17,jun,4,-1,0,unknown,0,older
management,married,tertiary,no,780,yes,no,cellular,17,apr,1,102,4,failure,0,older
technician,married,secondary,no,781,yes,no,unknown,28,jun,4,-1,0,unknown,0,older
technician,married,secondary,no,870,no,no,cellular,6,jul,1,-1,0,unknown,0,older
housemaid,married,secondary,no,-149,no,no,cellular,18,aug,2,-1,0,unknown,0,older
management,single,tertiary,no,-23,no,no,cellular,27,aug,2,-1,0,unknown,0,young
services,married,secondary,no,1307,no,no,cellular,4,aug,2,-1,0,unknown,0,young
admin.,single,secondary,no,795,no,no,cellular,25,aug,2,-1,0,unknown,0,young
blue-collar,married,primary,no,25,no,no,cellular,3,jul,2,-1,0,unknown,0,older
blue-collar,married,primary,no,692,no,no,cellular,21,aug,1,-1,0,unknown,0,older
technician,married,secondary,no,-69,no,no,cellular,29,jul,4,-1,0,unknown,0,young
admin.,married,secondary,no,1050,no,no,cellular,8,jun,2,-1,0,unknown,0,young
admin.,married,secondary,no,729,yes,no,unknown,20,jun,4,-1,0,unknown,0,young
services,married,secondary,no,729,yes,no,cellular,18,aug,2,-1,0,unknown,0,young
admin.,single,secondary,no,120,yes,no,cellular,15,jul,2,-1,0,unknown,0,young
admin.,married,secondary,no,8,yes,no,unknown,17,may,2,-1,0,unknown,0,older
management,married,tertiary,no,313,no,no,cellular,8,aug,4,-1,0,unknown,0,older
management,married,tertiary,no,177,yes,no,cellular,5,may,1,255,6,failure,0,young
technician,married,secondary,no,1076,yes,no,unknown,13,jun,2,-1,0,unknown,0,young
housemaid,married,secondary,no,664,no,no,cellular,20,aug,1,86,1,success,1,older
technician,married,secondary,no,1395,no,no,cellular,25,aug,2,-1,0,unknown,0,young
admin.,married,secondary,no,876,no,no,unknown,4,jun,2,-1,0,unknown,0,young
technician,single,secondary,no,152,yes,no,cellular,10,aug,2,-1,0,unknown,0,young
student,single,tertiary,no,779,no,no,cellular,4,apr,1,83,1,success,1,young
management,married,tertiary,no,1571,no,no,cellular,19,aug,4,-1,0,unknown,1,older
blue-collar,married,primary,no,707,no,no,unknown,7,jun,7,-1,0,unknown,0,older
management,single,tertiary,no,215,yes,no,cellular,16,aug,4,-1,0,unknown,0,young
management,married,secondary,no,83,yes,no,cellular,5,may,1,267,4,failure,0,young
admin.,married,secondary,no,-5,no,no,unknown,11,jun,2,-1,0,unknown,0,older
management,single,tertiary,no,705,no,no,cellular,15,may,2,-1,0,unknown,0,young
entrepreneur,married,secondary,no,786,yes,no,unknown,12,may,2,-1,0,unknown,0,older
blue-collar,married,secondary,no,-884,no,yes,cellular,3,nov,1,-1,0,unknown,0,older
admin.,married,secondary,no,877,yes,no,unknown,21,jun,2,-1,0,unknown,0,older
unknown,married,secondary,no,1032,no,no,cellular,21,oct,1,-1,0,unknown,1,older
blue-collar,married,secondary,no,936,yes,no,cellular,22,aug,6,-1,0,unknown,0,young
management,married,tertiary,no,-68,no,no,cellular,6,feb,3,-1,0,unknown,0,young
blue-collar,married,secondary,no,516,no,no,unknown,4,jun,4,-1,0,unknown,0,young
blue-collar,married,secondary,no,30,yes,no,cellular,2,jul,3,-1,0,unknown,0,young
management,married,tertiary,no,-41,yes,no,cellular,28,jan,2,-1,0,unknown,0,young
housemaid,married,primary,no,1568,no,no,cellular,2,feb,3,-1,0,unknown,0,older
retired,married,tertiary,no,817,yes,no,cellular,17,nov,1,-1,0,unknown,1,older
management,married,tertiary,no,356,no,no,cellular,4,feb,1,184,1,failure,1,older
unemployed,single,secondary,no,875,no,no,cellular,16,jul,2,-1,0,unknown,0,older
management,married,tertiary,no,1111,no,no,cellular,26,aug,5,-1,0,unknown,0,older
management,single,tertiary,no,675,no,no,cellular,29,aug,1,-1,1,failure,1,young
technician,married,secondary,no,1150,no,no,unknown,4,jun,3,-1,0,unknown,0,young
admin.,married,secondary,no,184,yes,no,unknown,13,may,3,-1,0,unknown,0,older
technician,married,secondary,no,562,no,no,cellular,28,aug,14,-1,0,unknown,0,young
technician,married,secondary,no,789,yes,no,cellular,4,nov,2,187,3,failure,0,older
housemaid,married,primary,no,748,yes,no,unknown,4,jun,4,-1,0,unknown,0,older
blue-collar,married,primary,no,39,yes,no,cellular,17,jul,3,-1,0,unknown,0,older
admin.,married,secondary,no,-832,no,no,cellular,1,feb,1,-1,0,unknown,0,older
blue-collar,married,secondary,no,1002,yes,no,cellular,14,may,2,-1,0,unknown,0,young
blue-collar,single,secondary,no,1561,no,no,cellular,29,aug,1,98,2,success,0,young
management,single,tertiary,no,-9,no,no,cellular,13,may,2,-1,0,unknown,0,young
technician,single,secondary,no,-139,yes,no,unknown,15,jun,21,-1,0,unknown,0,young
management,single,tertiary,no,1255,no,no,cellular,27,jan,2,-1,0,unknown,0,young
technician,single,secondary,no,1160,yes,no,unknown,8,jun,2,-1,0,unknown,0,young
admin.,married,secondary,no,-31,no,no,cellular,2,jul,3,-1,0,unknown,0,older
management,married,tertiary,no,6,no,no,cellular,6,aug,1,-1,0,unknown,0,young
admin.,married,secondary,no,518,no,no,cellular,27,oct,1,107,1,success,1,young
blue-collar,single,secondary,no,454,no,no,cellular,26,aug,4,-1,0,unknown,0,young
services,married,secondary,no,1011,no,no,cellular,19,aug,2,-1,0,unknown,0,young
blue-collar,married,secondary,no,1000,yes,no,unknown,24,jun,2,-1,0,unknown,0,young
services,married,secondary,no,506,yes,no,cellular,13,jul,4,-1,0,unknown,0,older
blue-collar,single,secondary,no,509,yes,no,cellular,14,aug,5,-1,0,unknown,0,young
technician,married,tertiary,no,1542,no,no,cellular,11,aug,1,92,4,success,1,young
blue-collar,single,secondary,no,537,no,no,cellular,20,aug,7,188,6,success,1,young
retired,married,primary,no,78,no,no,cellular,12,aug,2,-1,0,unknown,0,older
technician,married,secondary,no,366,no,no,cellular,5,may,1,270,3,success,0,young
blue-collar,married,secondary,no,-672,no,no,cellular,6,jul,5,-1,0,unknown,0,older
services,married,secondary,no,6,yes,no,unknown,7,may,3,-1,0,unknown,0,young
technician,married,secondary,no,262,yes,no,cellular,25,aug,2,-1,0,unknown,0,young
technician,married,secondary,no,600,no,no,cellular,1,feb,3,-1,0,unknown,0,young
management,married,tertiary,no,660,no,no,cellular,7,feb,3,-1,0,unknown,0,older
services,married,secondary,no,-89,no,no,cellular,29,aug,3,-1,0,unknown,0,older
management,married,tertiary,no,515,yes,no,cellular,2,nov,1,-1,0,unknown,0,older
technician,married,tertiary,no,506,no,no,cellular,4,sep,1,98,2,success,1,young
blue-collar,married,secondary,no,812,no,no,cellular,9,aug,3,-1,0,unknown,0,young
services,married,secondary,no,104,yes,no,cellular,9,jul,2,-1,0,unknown,0,young
blue-collar,married,secondary,no,-24,yes,no,cellular,7,may,2,-1,0,unknown,0,older
technician,single,secondary,no,-24,no,no,unknown,8,may,3,-1,0,unknown,0,young
blue-collar,married,secondary,no,414,no,no,cellular,13,jan,2,-1,0,unknown,0,young
admin.,single,secondary,no,487,no,no,cellular,7,jul,2,-1,0,unknown,0,young
blue-collar,married,secondary,no,289,yes,no,cellular,6,feb,2,283,3,failure,0,young
management,married,tertiary,no,311,no,no,cellular,8,jul,3,-1,0,unknown,0,older
services,married,secondary,no,433,yes,no,unknown,27,jun,3,-1,0,unknown,0,older
blue-collar,married,secondary,no,702,no,no,cellular,20,aug,1,87,4,success,0,older
management,single,tertiary,no,-30,yes,no,unknown,13,may,2,-1,0,unknown,0,young
management,single,tertiary,no,733,no,no,cellular,19,feb,2,-1,0,unknown,0,young
services,single,secondary,no,890,yes,no,unknown,23,jun,2,-1,0,unknown,0,young
entrepreneur,married,secondary,no,805,yes,no,unknown,7,jun,12,-1,0,unknown,0,older
technician,single,secondary,no,886,yes,no,cellular,22,aug,3,195,6,failure,0,young
retired,married,primary,no,231,no,no,cellular,28,aug,7,-1,0,unknown,0,older
management,single,tertiary,no,1325,no,no,cellular,18,nov,1,-1,0,unknown,0,young
retired,married,primary,no,-77,no,no,unknown,10,jun,2,-1,0,unknown,0,older
technician,single,tertiary,no,510,no,no,cellular,5,nov,1,-1,0,unknown,1,young
blue-collar,married,primary,no,-225,yes,no,cellular,22,jul,1,-1,0,unknown,0,older
admin.,married,secondary,no,49,yes,no,unknown,13,may,3,-1,0,unknown,0,older
services,married,secondary,no,42,yes,no,unknown,13,may,2,-1,0,unknown,0,older
technician,single,secondary,no,639,yes,no,cellular,18,apr,2,290,3,failure,0,young
services,married,secondary,no,445,yes,no,unknown,7,jun,2,-1,0,unknown,0,older
management,married,tertiary,no,400,yes,no,cellular,22,may,4,-1,0,unknown,0,young
management,single,tertiary,no,392,yes,no,cellular,20,aug,3,199,3,failure,0,young
blue-collar,married,primary,no,128,yes,no,unknown,21,jun,7,-1,0,unknown,0,older
admin.,married,secondary,no,316,yes,no,cellular,17,may,3,-1,0,unknown,0,older
management,married,tertiary,no,166,yes,no,cellular,12,may,2,-1,0,unknown,0,young
management,married,tertiary,no,21,no,no,cellular,26,jul,1,-1,0,unknown,0,young
blue-collar,single,secondary,no,495,yes,no,cellular,10,may,4,-1,0,unknown,0,young
management,married,tertiary,no,392,no,no,cellular,7,apr,1,-1,0,unknown,0,young
admin.,married,secondary,no,636,yes,no,unknown,3,may,2,-1,0,unknown,0,young
management,married,tertiary,no,1359,no,no,cellular,2,nov,1,-1,0,unknown,1,older
technician,married,secondary,no,1067,yes,no,unknown,22,jun,2,-1,0,unknown,0,older
technician,married,secondary,no,225,yes,no,unknown,6,jun,2,-1,0,unknown,0,older
blue-collar,married,secondary,no,1100,yes,no,cellular,18,may,1,346,13,failure,0,older
management,married,tertiary,no,283,no,no,cellular,7,feb,2,-1,0,unknown,1,young
blue-collar,married,secondary,no,1090,yes,no,unknown,12,may,2,-1,0,unknown,0,young
technician,single,secondary,no,205,yes,no,unknown,17,may,6,-1,0,unknown,0,young
management,single,tertiary,no,305,yes,no,unknown,12,may,4,-1,0,unknown,0,young
management,married,tertiary,no,233,yes,no,cellular,14,apr,2,-1,0,unknown,0,older
services,married,secondary,no,210,no,no,cellular,5,feb,2,-1,0,unknown,0,young
admin.,married,secondary,no,792,yes,no,cellular,13,nov,1,-1,0,unknown,0,young
blue-collar,married,secondary,no,794,yes,no,cellular,22,aug,2,-1,0,unknown,0,young
management,married,tertiary,no,216,yes,no,cellular,7,jul,2,-1,0,unknown,0,young
services,married,secondary,no,596,yes,no,cellular,20,nov,5,-1,0,unknown,0,older
blue-collar,married,secondary,no,341,no,no,cellular,20,aug,1,-1,0,unknown,0,young
blue-collar,married,primary,no,305,no,no,cellular,20,aug,1,94,1,success,1,older
admin.,single,secondary,no,-468,yes,no,cellular,11,may,4,-1,0,unknown,0,young
admin.,single,secondary,no,161,yes,no,unknown,21,may,2,-1,0,unknown,0,young
admin.,married,secondary,no,420,yes,no,cellular,22,apr,1,-1,0,unknown,1,older
services,single,secondary,no,-1,no,no,cellular,11,may,2,-1,0,unknown,0,young
admin.,married,secondary,no,367,no,no,cellular,27,oct,1,-1,0,unknown,0,older
blue-collar,married,secondary,no,-493,no,no,unknown,8,jun,2,-1,0,unknown,0,young
admin.,married,secondary,no,-65,yes,no,cellular,18,nov,1,-1,0,unknown,0,young
blue-collar,married,primary,no,893,yes,no,unknown,18,may,2,-1,0,unknown,0,older
management,married,primary,no,507,yes,no,unknown,22,jun,2,-1,0,unknown,0,older
admin.,single,secondary,no,-99,no,no,unknown,9,may,2,-1,0,unknown,0,young
technician,single,tertiary,no,937,no,no,cellular,20,aug,3,87,6,success,1,young
technician,married,secondary,no,426,no,no,cellular,6,nov,1,-1,0,unknown,0,young
technician,single,tertiary,no,1713,yes,no,unknown,29,jun,21,-1,0,unknown,0,young
self-employed,single,tertiary,no,-314,no,no,cellular,6,apr,1,-1,0,unknown,0,young
management,married,tertiary,no,684,no,no,cellular,30,aug,1,110,1,failure,1,young
admin.,married,secondary,no,625,yes,no,cellular,6,feb,2,280,6,failure,0,young
blue-collar,married,secondary,no,429,yes,no,cellular,20,nov,2,28,2,failure,0,young
entrepreneur,married,tertiary,no,327,yes,no,unknown,6,may,2,-1,0,unknown,0,young
unemployed,single,secondary,no,590,no,no,cellular,13,jul,4,-1,0,unknown,0,young
services,married,secondary,no,978,yes,no,cellular,14,nov,1,-1,0,unknown,0,young
blue-collar,married,primary,no,1209,yes,no,cellular,13,may,3,-1,0,unknown,0,older
blue-collar,married,secondary,no,3,yes,no,cellular,7,may,2,-1,0,unknown,0,young
services,married,secondary,no,711,yes,no,unknown,8,jun,2,-1,0,unknown,0,older
technician,single,secondary,no,511,no,no,cellular,27,sep,1,100,1,success,1,young
admin.,married,secondary,no,230,no,no,unknown,16,jun,4,-1,0,unknown,0,young
blue-collar,married,secondary,no,527,yes,no,unknown,17,may,3,-1,0,unknown,0,older
blue-collar,married,secondary,no,43,yes,no,unknown,17,may,2,-1,0,unknown,0,older
services,single,secondary,no,641,yes,no,cellular,18,apr,1,-1,0,unknown,0,young
blue-collar,married,secondary,no,633,yes,no,cellular,20,aug,1,-1,0,unknown,0,young
management,married,tertiary,no,547,yes,no,unknown,4,may,4,-1,0,unknown,0,young
admin.,married,secondary,no,107,no,no,cellular,18,nov,1,133,1,failure,0,older
services,single,secondary,no,508,yes,no,cellular,21,jul,2,-1,0,unknown,0,young
blue-collar,married,secondary,no,203,no,no,cellular,20,aug,4,-1,0,unknown,0,young
blue-collar,married,primary,no,706,yes,no,unknown,6,jun,2,-1,0,unknown,0,young
entrepreneur,married,tertiary,no,57,no,no,unknown,8,may,2,-1,0,unknown,0,young
blue-collar,single,secondary,no,1228,yes,no,cellular,11,aug,5,-1,0,unknown,0,young
blue-collar,married,secondary,no,-99,no,no,cellular,19,aug,4,-1,0,unknown,0,young
technician,married,secondary,no,362,yes,no,unknown,3,jun,2,-1,0,unknown,0,young
management,married,tertiary,no,779,no,no,cellular,29,aug,1,-1,1,unknown,0,young
blue-collar,married,secondary,no,537,yes,no,cellular,7,may,2,341,6,failure,0,young
blue-collar,married,secondary,no,950,yes,no,cellular,15,may,4,-1,0,unknown,0,young
services,married,secondary,no,462,yes,no,cellular,20,jul,3,-1,0,unknown,0,young
management,single,tertiary,no,911,no,no,cellular,4,feb,2,-1,0,unknown,0,young
technician,married,secondary,no,32,no,no,cellular,19,aug,5,-1,0,unknown,1,older
technician,single,secondary,no,1471,yes,no,unknown,16,may,3,-1,0,unknown,0,young
retired,married,primary,no,685,yes,no,unknown,11,may,2,-1,0,unknown,0,older
management,married,tertiary,no,441,no,no,cellular,28,jul,4,-1,0,unknown,0,young
blue-collar,married,secondary,no,-18,yes,no,unknown,15,may,3,-1,0,unknown,0,young
blue-collar,married,primary,no,154,yes,no,unknown,1,jun,2,-1,0,unknown,0,young
management,married,tertiary,no,-96,no,no,cellular,25,aug,5,-1,0,unknown,0,young
management,married,tertiary,no,319,no,no,cellular,8,jul,2,-1,0,unknown,0,young
technician,married,tertiary,no,1,no,no,cellular,12,aug,2,-1,0,unknown,0,older
blue-collar,married,secondary,no,364,yes,no,cellular,7,may,2,347,7,failure,0,older
services,married,secondary,no,18,no,no,cellular,20,feb,6,-1,0,unknown,0,older
entrepreneur,married,secondary,no,-320,yes,no,cellular,20,nov,4,-1,0,unknown,0,older
blue-collar,married,secondary,no,609,no,no,unknown,9,jun,2,-1,0,unknown,0,older
technician,married,secondary,no,-607,yes,no,unknown,15,may,3,-1,0,unknown,0,young
technician,married,secondary,no,198,yes,no,cellular,19,nov,1,166,3,failure,0,older
housemaid,married,secondary,no,224,yes,no,cellular,16,jul,5,-1,0,unknown,0,older
blue-collar,married,secondary,no,618,yes,no,cellular,28,jan,2,-1,0,unknown,0,young
admin.,married,secondary,no,748,no,no,cellular,7,jul,2,-1,0,unknown,0,older
blue-collar,married,secondary,no,-42,yes,no,cellular,9,may,3,-1,0,unknown,0,young
admin.,married,secondary,no,89,yes,no,cellular,5,apr,1,-1,0,unknown,1,young
blue-collar,married,primary,no,269,no,no,cellular,24,jul,2,-1,0,unknown,0,older
technician,married,secondary,no,977,yes,no,cellular,4,feb,2,208,3,failure,0,young
unknown,single,tertiary,no,725,no,no,unknown,14,jun,2,-1,0,unknown,0,young
admin.,married,secondary,no,771,no,no,unknown,6,may,3,-1,0,unknown,0,young
admin.,married,secondary,no,110,yes,no,unknown,8,jun,2,-1,0,unknown,0,older
management,single,tertiary,no,654,yes,no,cellular,5,may,1,253,1,failure,0,young
student,single,secondary,no,594,no,no,cellular,2,sep,2,-1,0,unknown,0,young
services,married,secondary,no,-29,no,no,cellular,9,jul,3,-1,0,unknown,0,young
student,single,tertiary,no,400,yes,no,cellular,21,jul,3,-1,0,unknown,0,young
blue-collar,single,secondary,no,614,no,no,cellular,20,aug,1,103,2,success,1,young
services,married,secondary,no,366,yes,no,unknown,14,may,5,-1,0,unknown,0,older
management,married,secondary,no,-325,yes,no,cellular,12,may,2,-1,0,unknown,0,young
blue-collar,married,secondary,no,1533,yes,no,unknown,14,may,4,-1,0,unknown,0,older
admin.,married,secondary,no,455,no,no,cellular,6,jan,1,180,2,failure,0,older
services,married,secondary,no,695,yes,no,cellular,7,apr,1,182,1,failure,0,older
management,married,tertiary,no,394,no,no,unknown,4,jun,7,-1,0,unknown,0,young
technician,single,secondary,no,949,yes,no,cellular,27,aug,13,-1,0,unknown,0,young
admin.,married,secondary,no,842,no,no,cellular,6,nov,3,-1,0,unknown,0,older
blue-collar,married,primary,no,290,no,no,cellular,3,aug,2,-1,0,unknown,0,older
admin.,married,secondary,no,29,yes,no,cellular,21,apr,1,-1,0,unknown,0,young
blue-collar,married,primary,no,82,no,no,cellular,15,may,2,-1,0,unknown,0,older
technician,married,secondary,no,-263,yes,no,unknown,15,may,2,-1,0,unknown,0,older
management,married,tertiary,no,-371,yes,no,cellular,6,apr,1,-1,0,unknown,1,young
technician,married,secondary,no,781,yes,no,cellular,20,nov,1,188,2,failure,0,young
blue-collar,married,secondary,no,668,no,no,cellular,11,aug,5,-1,0,unknown,0,young
technician,married,secondary,no,296,yes,no,cellular,14,aug,5,-1,0,unknown,0,young
technician,married,secondary,no,644,yes,no,unknown,16,may,2,-1,0,unknown,0,older
housemaid,married,primary,no,273,no,no,cellular,20,aug,2,-1,0,unknown,1,older
admin.,married,secondary,no,15,yes,no,cellular,12,may,5,-1,0,unknown,0,young
technician,married,secondary,no,111,yes,no,cellular,20,nov,1,165,3,failure,0,older
technician,married,secondary,no,975,no,no,cellular,19,nov,1,-1,0,unknown,0,older
management,married,tertiary,no,-34,yes,no,cellular,29,jan,1,-1,0,unknown,0,young
blue-collar,married,secondary,no,-313,no,no,cellular,8,jun,4,-1,0,unknown,0,young
blue-collar,married,primary,no,592,yes,no,cellular,12,may,4,351,3,failure,0,older
technician,married,tertiary,no,-399,no,no,cellular,12,aug,4,-1,0,unknown,0,young
blue-collar,married,secondary,no,131,yes,no,cellular,18,may,2,355,3,failure,0,young
services,married,secondary,no,252,yes,no,cellular,15,jul,2,-1,0,unknown,0,young
management,single,tertiary,no,623,yes,no,cellular,14,may,2,367,2,failure,0,young
retired,married,primary,no,725,no,no,cellular,29,aug,1,0,1,failure,0,older
admin.,married,secondary,no,220,no,no,cellular,23,nov,1,-1,0,unknown,0,young
blue-collar,single,primary,no,258,no,no,cellular,8,jul,2,-1,0,unknown,0,young
blue-collar,married,primary,no,870,yes,no,cellular,7,may,2,-1,0,unknown,0,older
housemaid,married,secondary,no,86,no,no,cellular,11,aug,4,-1,0,unknown,0,older
retired,married,secondary,no,104,no,no,cellular,14,jul,2,-1,0,unknown,0,older
technician,married,tertiary,no,86,no,no,cellular,10,aug,4,-1,0,unknown,0,young
admin.,married,secondary,no,316,no,no,cellular,3,aug,1,-1,0,unknown,0,young
management,single,tertiary,no,391,yes,no,cellular,17,jul,3,-1,0,unknown,0,young
retired,married,secondary,no,-29,no,no,cellular,7,may,2,-1,0,unknown,0,older
technician,married,secondary,no,-437,yes,no,cellular,14,may,2,-1,0,unknown,0,young
technician,married,secondary,no,32,no,no,cellular,4,aug,4,-1,0,unknown,0,young
housemaid,married,secondary,no,-399,no,no,cellular,23,aug,2,-1,0,unknown,0,older
blue-collar,married,primary,no,65,yes,no,cellular,13,feb,5,289,6,failure,0,older
entrepreneur,married,tertiary,no,-25,no,no,cellular,10,jul,2,-1,0,unknown,0,young
admin.,married,secondary,no,630,no,no,cellular,4,may,1,257,3,failure,0,older
technician,married,secondary,no,556,no,no,cellular,6,feb,4,-1,0,unknown,0,young
management,single,tertiary,no,954,no,no,cellular,19,aug,1,86,7,success,1,young
management,single,tertiary,no,691,no,no,cellular,30,aug,1,95,1,success,1,young
admin.,married,secondary,no,714,no,no,cellular,4,aug,1,109,1,success,1,older
services,married,secondary,no,218,yes,no,cellular,5,feb,2,-1,0,unknown,0,young
management,single,tertiary,no,918,yes,no,unknown,21,jun,2,-1,0,unknown,0,young
admin.,married,secondary,no,1091,yes,no,unknown,2,jun,2,-1,0,unknown,0,older
management,married,tertiary,no,866,yes,no,unknown,16,jun,18,-1,0,unknown,0,older
blue-collar,married,primary,no,274,yes,no,unknown,21,may,3,-1,0,unknown,0,young
management,married,primary,no,324,yes,no,unknown,15,jun,2,-1,0,unknown,0,older
entrepreneur,married,tertiary,no,90,no,no,cellular,23,jul,2,-1,0,unknown,0,older
management,single,tertiary,no,1909,no,no,cellular,20,aug,4,94,2,success,1,young
management,married,tertiary,no,-50,no,no,cellular,7,aug,1,-1,0,unknown,0,young
admin.,single,secondary,no,192,yes,no,unknown,18,jun,2,-1,0,unknown,0,young
admin.,single,secondary,no,1225,yes,no,cellular,18,apr,1,331,1,failure,0,young
blue-collar,married,secondary,no,1056,yes,no,cellular,13,may,1,351,12,failure,0,young
admin.,single,secondary,no,467,yes,no,cellular,19,may,2,-1,0,unknown,0,young
management,married,tertiary,no,1485,yes,no,cellular,21,nov,2,-1,0,unknown,0,young
blue-collar,single,secondary,no,766,yes,no,unknown,18,jun,4,-1,0,unknown,0,young
technician,married,secondary,no,24,yes,no,unknown,28,may,2,-1,0,unknown,0,young
technician,married,secondary,no,75,no,no,cellular,3,jul,2,-1,0,unknown,0,young
admin.,married,secondary,no,86,yes,no,cellular,6,may,1,264,2,failure,0,young
blue-collar,married,secondary,no,663,yes,no,unknown,16,jun,2,-1,0,unknown,0,young
technician,married,secondary,no,632,yes,no,cellular,21,aug,4,-1,0,unknown,0,young
technician,married,secondary,no,-265,yes,no,cellular,16,jul,3,-1,0,unknown,0,older
admin.,married,secondary,no,806,no,no,cellular,6,feb,2,-1,0,unknown,0,older
self-employed,single,tertiary,no,-58,no,no,cellular,6,oct,1,-1,0,unknown,0,young
admin.,single,secondary,no,392,yes,no,unknown,14,jun,2,-1,0,unknown,0,young
services,married,secondary,no,428,yes,yes,cellular,3,jul,2,-1,0,unknown,0,older
admin.,married,secondary,no,-344,yes,no,unknown,2,may,4,-1,0,unknown,0,older
management,single,tertiary,no,216,yes,no,cellular,6,may,5,-1,0,unknown,0,young
admin.,married,secondary,no,2,yes,no,cellular,5,may,2,-1,0,unknown,0,older
services,married,secondary,no,-3,no,no,unknown,2,feb,2,-1,0,unknown,0,young
housemaid,married,primary,no,-82,yes,no,cellular,14,may,2,273,3,failure,0,older
housemaid,married,primary,no,737,no,no,cellular,18,feb,5,-1,0,unknown,0,older
services,single,secondary,no,121,yes,no,unknown,8,may,2,-1,0,unknown,0,young
technician,married,secondary,no,201,yes,no,cellular,19,aug,4,-1,0,unknown,0,young
management,married,tertiary,no,330,no,no,unknown,26,jun,2,-1,0,unknown,0,young
management,married,tertiary,no,797,no,no,cellular,21,aug,1,170,7,failure,0,older
management,married,tertiary,no,2166,yes,no,cellular,18,nov,1,94,1,failure,0,older
blue-collar,married,secondary,no,-94,no,no,cellular,28,jul,4,-1,0,unknown,0,young
admin.,married,secondary,no,-134,no,no,cellular,20,aug,1,-1,0,unknown,0,older
management,married,tertiary,no,1474,yes,no,cellular,17,apr,1,339,1,failure,0,older
services,married,secondary,no,533,yes,no,unknown,3,may,2,-1,0,unknown,0,young
blue-collar,married,primary,no,1149,yes,no,cellular,26,jul,3,-1,0,unknown,0,older
admin.,single,secondary,no,644,yes,no,cellular,18,aug,4,-1,0,unknown,0,young
management,married,tertiary,no,205,no,no,cellular,21,aug,1,65,2,failure,0,older
blue-collar,married,secondary,no,1014,no,no,cellular,4,nov,1,-1,0,unknown,0,older
technician,married,secondary,no,1156,yes,no,unknown,15,may,2,-1,0,unknown,0,older
technician,married,secondary,no,634,yes,no,cellular,13,may,2,348,3,failure,0,older
services,single,secondary,no,406,no,no,cellular,4,jul,4,-1,0,unknown,0,young
technician,single,secondary,no,306,yes,no,unknown,14,jun,2,-1,0,unknown,0,young
management,married,tertiary,no,957,yes,no,unknown,15,jun,3,-1,0,unknown,0,young
entrepreneur,married,secondary,no,686,yes,no,unknown,13,may,3,-1,0,unknown,0,older
technician,married,secondary,no,1586,yes,no,unknown,19,may,2,-1,0,unknown,0,young
retired,married,tertiary,no,1106,no,no,cellular,18,oct,1,185,1,success,1,older
management,single,tertiary,no,407,yes,no,cellular,21,nov,1,-1,0,failure,0,young
entrepreneur,married,secondary,no,-588,yes,no,unknown,16,may,2,-1,0,unknown,0,young
technician,married,secondary,no,45,no,no,unknown,14,may,2,-1,0,unknown,0,young
blue-collar,married,primary,no,964,no,no,cellular,5,oct,1,-1,0,unknown,0,young
management,married,tertiary,no,203,yes,no,cellular,17,apr,4,-1,0,unknown,0,older
blue-collar,married,secondary,no,548,yes,no,cellular,17,feb,2,-1,0,unknown,0,older
admin.,married,secondary,no,597,yes,no,unknown,8,jun,2,-1,0,unknown,0,older
admin.,married,secondary,no,742,yes,no,cellular,30,nov,1,-1,0,unknown,0,young
admin.,married,secondary,no,519,no,no,unknown,10,jun,4,-1,0,unknown,0,young
management,married,tertiary,no,307,no,no,cellular,21,aug,1,-1,1,unknown,1,young
management,single,tertiary,no,966,no,no,cellular,5,aug,1,89,3,success,1,young
admin.,married,secondary,no,1143,yes,no,cellular,3,feb,2,-1,0,unknown,1,older
blue-collar,married,primary,no,90,yes,no,cellular,14,may,2,-1,0,unknown,0,older
management,single,tertiary,no,479,yes,no,cellular,19,apr,2,360,5,failure,0,young
self-employed,single,tertiary,no,-179,yes,no,cellular,8,may,2,-1,0,unknown,0,young
blue-collar,married,secondary,no,946,yes,no,unknown,21,jun,3,-1,0,unknown,0,young
technician,married,secondary,no,236,no,no,cellular,13,aug,3,-1,0,unknown,0,older
retired,married,primary,no,1028,no,no,cellular,14,aug,1,-1,0,unknown,0,older
self-employed,single,tertiary,no,513,no,no,cellular,15,jul,3,-1,0,unknown,0,young
technician,married,secondary,no,172,yes,no,cellular,22,aug,4,182,4,success,0,older
blue-collar,married,secondary,no,91,no,no,cellular,6,jul,3,-1,0,unknown,0,older
blue-collar,married,secondary,no,-326,yes,yes,cellular,19,jul,1,-1,0,unknown,0,young
blue-collar,married,secondary,no,309,no,no,cellular,14,jul,6,-1,0,unknown,0,young
technician,single,tertiary,no,-199,no,no,cellular,14,apr,1,-1,0,unknown,0,young
management,married,tertiary,no,1292,yes,no,unknown,28,jun,4,-1,0,unknown,0,young
blue-collar,married,secondary,no,64,yes,no,unknown,24,may,2,-1,0,unknown,0,young
technician,married,secondary,no,-197,yes,no,unknown,4,jun,4,-1,0,unknown,0,young
blue-collar,married,primary,no,281,yes,no,cellular,11,may,2,-1,0,unknown,0,older
technician,single,secondary,no,1135,yes,no,cellular,16,feb,2,-1,0,unknown,0,young
blue-collar,married,primary,no,195,yes,no,unknown,23,jun,2,-1,0,unknown,0,older
services,married,secondary,no,278,yes,no,cellular,15,jul,3,-1,0,unknown,0,young
blue-collar,married,primary,no,655,no,no,unknown,18,jun,3,-1,0,unknown,0,young
blue-collar,married,secondary,no,-511,yes,no,cellular,19,apr,2,186,2,failure,0,young
services,married,secondary,no,-83,yes,no,unknown,15,jun,2,-1,0,unknown,0,young
blue-collar,married,primary,no,83,yes,no,cellular,17,apr,1,339,1,failure,0,young
technician,single,secondary,no,621,no,no,cellular,14,aug,2,-1,0,unknown,0,young
blue-collar,married,secondary,no,-25,no,no,unknown,7,jun,2,-1,0,unknown,0,young
management,married,tertiary,no,1004,no,no,cellular,20,aug,5,-1,0,unknown,0,older
student,single,secondary,no,-65,yes,no,unknown,14,may,2,-1,0,unknown,0,young
technician,married,secondary,no,-166,yes,no,cellular,17,apr,2,190,7,failure,0,older
technician,married,tertiary,no,-230,yes,no,cellular,5,may,2,-1,0,unknown,1,older
management,married,tertiary,no,556,yes,no,cellular,15,may,2,-1,0,unknown,0,older
blue-collar,married,secondary,no,449,no,no,cellular,21,nov,1,-1,0,unknown,0,young
admin.,single,secondary,no,201,yes,no,cellular,23,aug,4,-1,0,unknown,0,young
management,single,tertiary,no,546,no,no,cellular,22,aug,5,98,4,success,1,young
blue-collar,married,secondary,no,47,yes,no,unknown,18,may,3,-1,0,unknown,0,young
technician,married,secondary,no,-16,yes,no,cellular,20,aug,2,-1,0,unknown,0,young
entrepreneur,married,tertiary,no,33,no,no,cellular,3,jun,2,-1,0,unknown,0,young
technician,married,secondary,no,1044,no,no,cellular,20,nov,1,-1,0,unknown,1,older
blue-collar,married,secondary,no,547,yes,no,unknown,1,feb,2,-1,0,unknown,0,young
admin.,married,secondary,no,39,yes,no,cellular,20,may,2,-1,0,unknown,0,young
technician,married,secondary,no,216,yes,no,cellular,17,nov,1,133,0,failure,1,young
services,married,secondary,no,627,yes,no,cellular,31,apr,2,-1,0,unknown,0,young
management,married,tertiary,no,925,yes,no,unknown,15,may,2,-1,0,unknown,0,young
technician,married,secondary,no,275,no,no,cellular,4,feb,1,199,3,failure,0,older
blue-collar,married,primary,no,395,yes,no,unknown,8,jun,2,-1,0,unknown,0,young
unknown,married,secondary,no,829,no,no,unknown,14,jun,2,-1,0,unknown,0,young
technician,married,secondary,no,1,yes,no,cellular,4,nov,2,180,3,failure,0,older
management,single,tertiary,no,323,yes,no,cellular,20,aug,1,-1,6,failure,0,young
admin.,single,secondary,no,815,yes,no,unknown,2,jun,2,-1,0,unknown,0,young
blue-collar,married,secondary,no,338,yes,no,unknown,14,jun,2,-1,0,unknown,0,older
admin.,married,primary,no,1324,yes,no,cellular,18,apr,1,327,1,failure,0,older
technician,married,secondary,no,-89,no,no,cellular,3,nov,2,-1,0,unknown,0,older
entrepreneur,married,secondary,no,734,yes,no,cellular,20,may,2,-1,0,unknown,0,young
retired,married,primary,no,-27,yes,no,cellular,1,jul,2,-1,0,unknown,0,older
housemaid,married,secondary,no,699,no,no,cellular,19,aug,1,0,1,unknown,1,older
management,married,tertiary,no,518,yes,no,unknown,5,jun,2,-1,0,unknown,0,older
blue-collar,married,secondary,no,49,yes,no,cellular,15,may,2,-1,0,unknown,0,young
admin.,single,secondary,no,-20,no,no,unknown,3,jun,2,-1,0,unknown,0,young
admin.,married,secondary,no,187,yes,no,cellular,14,may,5,-1,0,unknown,0,older
student,single,secondary,no,26,no,no,cellular,23,aug,3,-1,0,unknown,0,young
retired,married,primary,no,515,no,no,unknown,2,jun,3,-1,0,unknown,0,older
technician,married,secondary,no,699,yes,no,cellular,10,jul,2,-1,0,unknown,0,older
services,single,secondary,no,509,yes,no,cellular,15,may,2,361,2,failure,0,young
technician,married,secondary,no,480,yes,no,cellular,19,aug,1,92,1,failure,0,older
services,married,secondary,no,253,yes,no,cellular,19,jul,11,-1,0,unknown,0,young
entrepreneur,married,secondary,no,1050,yes,no,unknown,20,jun,2,-1,0,unknown,0,older
admin.,married,secondary,no,-232,yes,no,cellular,24,aug,5,-1,0,unknown,0,older
services,married,secondary,no,-160,no,no,cellular,21,aug,2,-1,0,unknown,0,young
blue-collar,married,primary,no,-146,no,no,cellular,13,aug,2,-1,0,unknown,0,older
services,married,secondary,no,-111,no,no,cellular,8,may,6,-1,0,unknown,0,young
management,married,tertiary,no,464,yes,no,cellular,8,jul,2,-1,0,unknown,0,young
technician,married,secondary,no,575,no,no,cellular,28,aug,4,-1,0,unknown,0,older
technician,single,secondary,no,391,no,no,cellular,2,feb,2,-1,0,unknown,0,young
services,married,secondary,no,1474,yes,no,cellular,15,may,3,-1,0,unknown,0,young
blue-collar,married,secondary,no,469,yes,no,cellular,13,nov,1,-1,0,unknown,0,older
student,single,secondary,no,997,yes,no,unknown,16,jun,4,-1,0,unknown,0,young
unknown,single,secondary,no,-244,no,no,unknown,3,aug,1,-1,0,unknown,0,young
technician,married,secondary,no,675,yes,no,cellular,20,aug,6,92,4,success,0,older
admin.,married,secondary,no,1191,yes,no,cellular,4,nov,1,81,3,failure,0,young
technician,married,secondary,no,-329,yes,no,cellular,13,may,2,255,3,failure,0,young
technician,married,secondary,no,721,yes,no,cellular,10,aug,2,-1,0,unknown,0,young
management,married,tertiary,no,-185,no,no,cellular,20,aug,2,-1,0,unknown,0,young
blue-collar,married,primary,no,1103,no,no,cellular,27,jul,2,-1,0,unknown,0,young
technician,married,secondary,no,528,yes,no,unknown,3,jun,4,-1,0,unknown,0,older
blue-collar,married,primary,no,294,yes,no,cellular,13,apr,2,-1,0,unknown,0,older
admin.,married,secondary,no,403,yes,no,unknown,14,may,3,-1,0,unknown,0,young
services,married,secondary,no,8,yes,no,unknown,16,may,2,-1,0,unknown,0,older
technician,married,secondary,no,-694,yes,no,cellular,24,aug,4,-1,0,unknown,0,young
technician,single,secondary,no,-102,yes,no,cellular,6,feb,1,291,1,failure,0,young
blue-collar,single,primary,no,103,yes,no,cellular,25,nov,5,-1,0,unknown,0,young
services,married,secondary,no,122,yes,no,unknown,9,may,2,-1,0,unknown,0,young
technician,married,secondary,no,1098,yes,no,cellular,22,jul,4,-1,0,unknown,0,young
admin.,married,secondary,no,640,yes,no,cellular,16,nov,1,-1,0,unknown,0,young
blue-collar,married,primary,no,890,no,no,unknown,7,may,2,-1,0,unknown,0,young
blue-collar,married,secondary,no,737,yes,no,unknown,15,may,5,-1,0,unknown,0,young
technician,married,secondary,no,247,no,no,cellular,21,aug,5,-1,4,success,1,older
admin.,single,secondary,no,-137,yes,no,cellular,14,apr,1,-1,0,unknown,0,young
management,married,tertiary,no,674,no,no,cellular,7,apr,1,-1,0,unknown,1,older
admin.,married,secondary,no,639,no,no,cellular,30,aug,1,93,0,unknown,1,older
admin.,married,secondary,no,1183,yes,no,cellular,6,jul,4,-1,0,unknown,0,young
blue-collar,married,primary,no,976,yes,no,cellular,17,apr,2,-1,0,unknown,0,young
blue-collar,married,secondary,no,1023,no,no,cellular,8,aug,2,-1,0,unknown,0,older
blue-collar,single,secondary,no,-189,yes,no,unknown,15,may,2,-1,0,unknown,0,young
management,married,tertiary,no,467,no,no,cellular,20,aug,6,-1,0,unknown,1,young
retired,married,secondary,no,-156,yes,no,unknown,6,may,2,-1,0,unknown,0,older
entrepreneur,married,tertiary,no,303,no,no,cellular,20,apr,4,-1,0,unknown,0,older
management,married,primary,no,492,yes,no,unknown,15,jun,5,-1,0,unknown,0,older
management,single,tertiary,no,405,no,no,unknown,9,may,2,-1,0,unknown,0,young
retired,married,primary,no,1606,yes,no,unknown,3,jun,16,-1,0,unknown,0,older
blue-collar,married,primary,no,161,no,no,telephone,8,jul,5,-1,0,unknown,0,older
management,married,tertiary,no,-123,yes,no,unknown,15,may,4,-1,0,unknown,0,young
admin.,married,secondary,no,1689,yes,no,cellular,18,jul,2,-1,0,unknown,0,young
unknown,married,secondary,no,555,no,no,cellular,26,feb,2,-1,0,unknown,0,young
management,single,tertiary,no,376,yes,no,cellular,13,jul,2,-1,0,unknown,0,young
admin.,married,secondary,no,37,no,no,cellular,8,jul,3,-1,0,unknown,0,young
blue-collar,married,secondary,no,815,yes,no,cellular,20,apr,4,-1,0,unknown,0,older
blue-collar,married,primary,no,-382,no,no,cellular,4,jul,3,-1,0,unknown,0,young
services,single,secondary,no,-11,no,no,unknown,4,jun,2,-1,0,unknown,0,young
admin.,married,secondary,no,401,yes,no,unknown,27,jun,3,-1,0,unknown,0,young
services,married,secondary,no,1054,yes,no,unknown,8,jun,3,-1,0,unknown,0,young
services,married,secondary,no,18,yes,no,cellular,8,jul,2,-1,0,unknown,0,older
technician,married,secondary,no,938,no,no,cellular,1,feb,1,338,1,success,1,young
management,single,tertiary,no,-382,yes,no,cellular,14,may,1,350,1,failure,0,young
technician,married,secondary,no,-398,no,no,cellular,24,jul,2,-1,0,unknown,0,young
management,married,tertiary,no,904,no,no,cellular,13,may,5,-1,0,unknown,0,older
admin.,married,secondary,no,840,no,no,cellular,4,feb,1,101,1,success,1,older
retired,married,secondary,no,484,yes,no,cellular,5,nov,3,-1,0,unknown,0,older
retired,married,secondary,no,-7,yes,no,unknown,9,jun,2,-1,0,unknown,0,older
technician,married,tertiary,no,529,no,no,cellular,7,jul,4,-1,0,unknown,0,young
technician,married,secondary,no,371,yes,no,unknown,9,jun,2,-1,0,unknown,0,older
blue-collar,married,primary,no,240,no,no,cellular,9,may,2,-1,0,unknown,0,older
management,married,tertiary,no,582,no,no,cellular,10,aug,4,-1,0,unknown,0,older
blue-collar,single,secondary,no,790,no,no,cellular,3,feb,3,-1,0,unknown,0,young
technician,married,tertiary,no,176,yes,no,cellular,7,aug,5,-1,0,unknown,0,young
admin.,single,secondary,no,28,no,no,cellular,10,jul,2,-1,0,unknown,0,young
technician,single,secondary,no,639,yes,no,cellular,12,aug,3,-1,0,unknown,0,young
technician,married,secondary,no,793,yes,no,unknown,3,jun,2,-1,0,unknown,0,young
management,married,tertiary,no,405,no,no,cellular,2,nov,1,-1,0,unknown,0,young
retired,married,primary,no,-213,no,no,cellular,31,apr,1,-1,0,unknown,1,older
services,married,secondary,no,937,yes,no,cellular,25,aug,5,-1,0,unknown,0,older
management,single,tertiary,no,1410,no,no,cellular,20,aug,1,95,6,failure,1,young
management,single,tertiary,no,670,no,no,cellular,20,aug,1,-1,0,unknown,0,young
blue-collar,single,secondary,no,-40,yes,no,unknown,27,may,2,-1,0,unknown,0,young
technician,married,secondary,no,-114,no,no,cellular,2,nov,2,-1,0,unknown,0,young
management,married,tertiary,no,412,no,no,cellular,24,oct,1,106,7,failure,0,older
blue-collar,married,secondary,no,276,yes,no,cellular,21,apr,2,-1,0,unknown,1,young
blue-collar,married,secondary,no,433,yes,no,unknown,6,may,2,-1,0,unknown,0,young
blue-collar,married,primary,no,-72,yes,no,cellular,7,may,2,-1,0,unknown,0,older
management,married,tertiary,no,658,no,no,cellular,18,nov,1,-1,0,unknown,0,young
housemaid,married,primary,no,986,no,no,unknown,13,jun,2,-1,0,unknown,0,older
blue-collar,married,secondary,no,21,yes,no,cellular,14,may,2,334,6,failure,0,older
housemaid,married,secondary,no,637,no,no,cellular,6,aug,1,-1,0,unknown,0,older
management,married,tertiary,no,611,yes,no,cellular,21,nov,5,-1,0,unknown,0,older
services,married,secondary,no,649,yes,no,cellular,3,nov,4,-1,0,unknown,0,older
management,married,tertiary,no,151,yes,no,cellular,18,nov,1,-1,0,unknown,0,young
housemaid,married,primary,no,1014,yes,no,cellular,17,nov,5,-1,0,unknown,0,older
management,single,tertiary,no,383,no,no,cellular,31,jan,1,-1,0,unknown,0,young
technician,married,secondary,no,809,yes,no,unknown,20,jun,2,-1,0,unknown,0,young
management,married,tertiary,no,190,no,no,cellular,5,oct,1,85,1,failure,1,older
technician,single,secondary,no,-154,no,no,cellular,6,may,1,90,4,failure,1,young
housemaid,married,secondary,no,804,no,no,cellular,4,apr,1,-1,0,unknown,1,older
blue-collar,married,secondary,no,211,yes,no,cellular,17,aug,2,-1,0,unknown,0,young
admin.,married,secondary,no,523,yes,no,cellular,7,jul,4,-1,0,unknown,0,young
admin.,single,secondary,no,1028,yes,no,unknown,21,jun,10,-1,0,unknown,0,young
management,single,tertiary,no,820,yes,no,cellular,16,may,2,-1,0,unknown,0,young
admin.,married,secondary,no,391,yes,no,cellular,18,nov,1,-1,0,unknown,0,older
services,married,secondary,no,-8,yes,no,unknown,25,may,2,-1,0,unknown,0,young
technician,married,tertiary,no,863,no,no,cellular,19,aug,6,-1,0,unknown,0,older
management,married,primary,no,409,no,no,telephone,17,jul,5,-1,0,unknown,0,older
technician,single,secondary,no,-250,no,no,cellular,5,aug,1,-1,0,unknown,0,young
housemaid,married,secondary,no,494,no,no,cellular,19,aug,3,94,6,success,1,older
blue-collar,married,secondary,no,552,yes,no,cellular,21,aug,5,-1,0,unknown,0,young
self-employed,single,tertiary,no,1109,yes,no,unknown,3,jun,2,-1,0,unknown,0,young
admin.,single,secondary,no,77,no,no,cellular,4,feb,2,-1,0,unknown,0,young
technician,married,tertiary,no,155,no,no,cellular,19,nov,1,-1,1,unknown,1,young
management,married,tertiary,no,654,no,no,cellular,12,aug,3,-1,0,unknown,0,older
blue-collar,married,secondary,no,838,yes,no,cellular,16,jul,3,-1,0,unknown,0,young
retired,married,primary,no,1250,no,no,telephone,2,oct,1,-1,0,unknown,0,older
services,married,secondary,no,42,no,no,unknown,1,jun,2,-1,0,unknown,0,older
blue-collar,married,secondary,no,763,yes,no,unknown,24,may,4,-1,0,unknown,0,young
admin.,married,secondary,no,1074,no,no,cellular,19,aug,1,83,3,success,1,older
retired,married,secondary,no,1069,yes,no,cellular,14,apr,2,-1,0,unknown,0,older
blue-collar,married,secondary,no,501,yes,no,unknown,16,may,4,-1,0,unknown,0,young
technician,married,secondary,no,494,yes,no,unknown,14,may,4,-1,0,unknown,0,young
management,married,tertiary,no,2039,no,no,cellular,22,aug,5,91,4,success,1,older
admin.,married,secondary,no,-137,yes,no,cellular,1,jul,4,-1,0,unknown,0,older
housemaid,married,primary,no,1182,yes,no,unknown,17,jun,2,-1,0,unknown,0,older
management,married,tertiary,no,933,no,no,cellular,23,jul,2,-1,0,unknown,0,young
services,married,secondary,no,940,yes,no,unknown,12,jun,2,-1,0,unknown,0,older
technician,married,secondary,no,485,no,no,cellular,11,aug,2,-1,0,unknown,0,older
management,married,tertiary,no,-321,yes,no,cellular,20,aug,3,-1,0,unknown,0,young
retired,married,primary,no,424,yes,no,unknown,5,may,3,-1,0,unknown,0,older
technician,married,secondary,no,1020,yes,no,unknown,14,may,2,-1,0,unknown,0,young
management,single,tertiary,no,410,no,no,cellular,23,aug,5,-1,0,unknown,0,young
student,single,secondary,no,420,no,no,cellular,20,aug,5,182,3,failure,0,young
entrepreneur,married,tertiary,no,381,yes,no,cellular,13,may,2,-1,0,unknown,0,older
technician,single,secondary,no,-52,no,no,unknown,27,may,2,-1,0,unknown,0,young
admin.,single,secondary,no,966,no,no,cellular,7,sep,2,-1,0,unknown,0,young
admin.,married,secondary,no,1091,yes,no,unknown,17,jun,4,-1,0,unknown,0,young
technician,married,secondary,no,396,no,no,cellular,26,aug,4,-1,0,unknown,1,young
management,single,tertiary,no,514,yes,no,unknown,6,may,4,-1,0,unknown,0,young
technician,married,tertiary,no,1032,no,no,cellular,7,aug,3,-1,0,unknown,0,young
management,married,tertiary,no,805,yes,no,cellular,20,may,2,-1,0,unknown,0,older
technician,married,secondary,no,-488,no,no,unknown,7,jun,2,-1,0,unknown,0,young
management,married,tertiary,no,1318,no,no,cellular,21,aug,4,99,3,success,1,older
technician,single,tertiary,no,908,no,no,unknown,9,jun,2,-1,0,unknown,0,young
services,single,secondary,no,387,yes,no,cellular,21,nov,4,-1,0,unknown,0,young
blue-collar,married,secondary,no,1414,yes,no,unknown,16,may,3,-1,0,unknown,0,older
technician,married,secondary,no,453,no,no,cellular,7,oct,1,-1,0,unknown,0,older
blue-collar,married,primary,no,1246,yes,no,unknown,21,may,4,-1,0,unknown,0,older
blue-collar,married,primary,no,1615,no,no,cellular,29,apr,1,0,0,failure,0,older
technician,married,secondary,no,34,no,no,cellular,27,jan,2,-1,0,unknown,0,young
services,single,secondary,no,724,yes,no,unknown,16,may,2,-1,0,unknown,0,young
blue-collar,married,primary,no,623,yes,no,cellular,14,jul,2,-1,0,unknown,0,older
retired,married,primary,no,-218,yes,no,cellular,12,may,3,-1,0,unknown,0,older
services,married,secondary,no,338,yes,no,unknown,8,jun,3,-1,0,unknown,0,young
admin.,single,tertiary,no,791,yes,no,cellular,5,may,1,350,10,failure,1,young
housemaid,married,secondary,no,151,no,no,cellular,5,aug,2,-1,0,unknown,0,older
self-employed,married,tertiary,no,671,no,no,cellular,7,jul,3,-1,0,unknown,0,young
management,married,tertiary,no,483,yes,no,cellular,21,nov,1,103,2,failure,0,older
admin.,married,secondary,no,76,no,no,cellular,20,nov,1,86,1,failure,0,young
management,married,tertiary,no,522,no,no,cellular,20,aug,3,101,3,success,0,young
admin.,married,secondary,no,29,no,no,unknown,7,may,2,-1,0,unknown,0,young
student,single,secondary,no,705,no,no,cellular,4,oct,1,-1,0,unknown,0,young
technician,married,secondary,no,248,yes,no,cellular,15,aug,12,-1,0,unknown,0,older
technician,married,secondary,no,68,no,no,cellular,20,aug,1,229,6,failure,0,older
retired,married,tertiary,no,658,no,no,cellular,27,aug,1,-1,0,unknown,0,older
services,married,secondary,no,221,no,no,cellular,30,jan,1,26,1,failure,0,young
management,married,tertiary,no,155,yes,no,cellular,20,nov,5,-1,0,unknown,0,older
technician,married,secondary,no,61,no,no,cellular,29,aug,6,-1,0,unknown,0,young
services,married,secondary,no,48,yes,no,cellular,6,may,3,-1,0,unknown,0,young
blue-collar,married,primary,no,444,yes,no,cellular,13,may,2,-1,0,unknown,0,older
management,single,tertiary,no,665,yes,no,cellular,13,may,2,-1,0,unknown,0,young
admin.,married,secondary,no,469,yes,no,unknown,15,jun,3,-1,0,unknown,0,older
services,married,secondary,no,933,yes,no,cellular,26,jan,2,-1,0,unknown,0,older
blue-collar,married,secondary,no,105,yes,no,cellular,22,nov,2,-1,0,unknown,0,young
services,married,secondary,no,1225,yes,no,unknown,6,jun,4,-1,0,unknown,0,older
blue-collar,married,secondary,no,-215,yes,no,cellular,15,apr,3,-1,0,unknown,0,young
management,single,tertiary,no,1110,no,no,cellular,27,aug,1,-1,0,unknown,0,young
management,single,tertiary,no,793,no,no,cellular,21,jul,2,-1,0,unknown,0,young
technician,married,secondary,no,793,no,no,cellular,8,aug,1,-1,0,unknown,0,older
admin.,married,secondary,no,-529,no,no,cellular,16,jul,4,-1,0,unknown,0,young
admin.,married,secondary,no,3105,yes,no,unknown,18,jun,2,-1,0,unknown,0,older
blue-collar,single,secondary,no,351,no,no,cellular,20,aug,1,90,1,success,1,young
services,married,secondary,no,969,no,no,cellular,28,jul,3,-1,0,unknown,0,older
blue-collar,married,primary,no,389,no,no,unknown,5,jun,2,-1,0,unknown,0,older
technician,single,secondary,no,559,yes,no,cellular,20,nov,1,78,6,failure,0,young
admin.,married,secondary,no,553,yes,no,cellular,16,jul,4,-1,0,unknown,0,young
blue-collar,married,primary,no,-245,no,no,cellular,19,aug,1,202,2,failure,0,older
management,married,tertiary,no,500,no,no,cellular,20,aug,2,89,2,success,1,young
admin.,married,secondary,no,505,yes,no,unknown,16,jun,2,-1,0,unknown,0,older
technician,married,secondary,no,860,no,no,cellular,6,jul,3,-1,0,unknown,0,older
technician,married,tertiary,no,647,yes,no,cellular,21,aug,4,94,4,success,1,young
admin.,married,secondary,no,272,yes,no,cellular,21,may,4,-1,0,unknown,0,young
blue-collar,married,primary,no,1126,no,no,cellular,12,aug,2,-1,0,unknown,0,young
technician,married,secondary,no,34,no,no,cellular,8,feb,3,-1,0,unknown,0,older
blue-collar,single,primary,no,809,no,no,unknown,18,jun,2,-1,0,unknown,0,young
technician,single,secondary,no,545,no,no,cellular,3,aug,4,-1,0,unknown,0,young
blue-collar,married,secondary,no,612,no,no,cellular,22,aug,2,-1,0,unknown,0,older
technician,married,tertiary,no,5,no,no,cellular,9,aug,3,-1,0,unknown,0,young
management,married,tertiary,no,326,no,no,cellular,21,aug,4,90,4,success,1,young
technician,married,secondary,no,206,yes,no,cellular,17,nov,1,146,1,failure,0,older
admin.,married,secondary,no,-317,yes,no,cellular,15,apr,1,-1,0,unknown,0,older
blue-collar,married,secondary,no,-204,yes,no,unknown,15,jun,3,-1,0,unknown,0,older
admin.,married,secondary,no,771,no,no,cellular,29,jul,4,-1,0,unknown,0,older
technician,single,secondary,no,662,no,no,cellular,16,jul,2,-1,0,unknown,0,young
management,married,tertiary,no,-324,yes,no,cellular,8,jan,2,163,3,failure,0,young
blue-collar,single,primary,no,437,yes,no,unknown,14,may,3,-1,0,unknown,0,young
housemaid,married,primary,no,802,no,no,unknown,20,jun,2,-1,0,unknown,0,older
technician,married,secondary,no,980,yes,no,cellular,11,aug,5,-1,0,unknown,0,young
admin.,married,secondary,no,644,yes,no,cellular,5,jun,5,357,5,failure,0,young
entrepreneur,married,tertiary,no,601,yes,no,unknown,6,may,2,-1,0,unknown,0,young
student,single,secondary,no,196,yes,no,cellular,15,apr,1,-1,0,unknown,0,young
blue-collar,married,secondary,no,372,yes,no,unknown,15,may,2,-1,0,unknown,0,young
management,single,tertiary,no,383,yes,no,cellular,17,apr,3,-1,0,unknown,0,young
blue-collar,married,secondary,no,1590,yes,no,cellular,16,may,2,-1,0,unknown,0,older
blue-collar,married,primary,no,365,yes,no,unknown,16,may,2,-1,0,unknown,0,young
management,married,tertiary,no,614,yes,no,unknown,14,may,2,-1,0,unknown,0,young
student,single,secondary,no,470,no,no,unknown,4,jun,2,-1,0,unknown,0,young
technician,single,tertiary,no,-11,no,no,cellular,14,jan,2,-1,0,unknown,0,young
retired,married,secondary,no,579,no,no,unknown,14,may,2,-1,0,unknown,0,older
management,married,tertiary,no,-4,yes,no,cellular,8,jul,2,-1,0,unknown,0,older
management,married,tertiary,no,-27,no,no,cellular,27,aug,4,-1,0,unknown,0,older
management,single,tertiary,no,-832,yes,no,cellular,27,jul,2,-1,0,unknown,0,young
technician,married,tertiary,no,-3,no,no,cellular,25,aug,2,-1,0,unknown,0,young
technician,married,tertiary,no,1749,no,no,cellular,28,aug,6,0,4,success,1,young
management,single,tertiary,no,744,no,no,cellular,30,apr,1,105,1,success,1,young
technician,single,tertiary,no,-4,no,no,cellular,25,aug,2,-1,0,unknown,0,young
admin.,married,secondary,no,608,yes,no,cellular,18,nov,1,-1,0,unknown,0,older
blue-collar,married,primary,no,354,yes,no,unknown,7,jun,2,-1,0,unknown,0,older
technician,married,secondary,no,50,yes,no,cellular,19,aug,1,-1,0,unknown,0,young
admin.,married,secondary,no,417,yes,no,cellular,17,nov,1,123,1,failure,1,young
student,single,secondary,no,242,no,no,unknown,16,may,2,-1,0,unknown,0,young
admin.,married,secondary,no,-60,yes,no,cellular,14,may,5,-1,0,unknown,0,young
blue-collar,married,secondary,no,852,no,no,cellular,28,aug,1,-1,0,unknown,1,young
services,married,secondary,no,-228,yes,no,cellular,17,jul,2,-1,0,unknown,0,young
technician,married,tertiary,no,1144,no,no,cellular,1,nov,2,-1,0,unknown,0,young
management,married,tertiary,no,204,no,no,cellular,17,aug,2,-1,0,unknown,0,young
services,married,secondary,no,346,yes,no,cellular,21,aug,2,184,2,failure,0,young
services,married,secondary,no,173,no,no,cellular,4,may,2,-1,0,unknown,0,older
admin.,married,secondary,no,1120,no,no,cellular,8,aug,2,-1,0,unknown,0,older
management,married,tertiary,no,974,no,no,cellular,11,aug,4,-1,0,unknown,0,young
management,married,tertiary,no,239,no,no,unknown,28,jun,4,-1,0,unknown,0,young
retired,married,secondary,no,985,no,no,cellular,21,aug,4,-1,0,unknown,0,older
blue-collar,married,secondary,no,849,no,no,unknown,3,jun,2,-1,0,unknown,0,young
management,single,tertiary,no,564,yes,no,cellular,14,aug,3,-1,0,unknown,0,young
housemaid,married,secondary,no,275,no,no,cellular,20,aug,1,-1,0,unknown,0,older
management,married,tertiary,no,1268,yes,no,unknown,2,jun,4,-1,0,unknown,0,young
blue-collar,married,secondary,no,572,yes,no,cellular,18,aug,3,180,0,failure,0,older
management,married,tertiary,no,147,yes,no,cellular,27,jul,2,-1,0,unknown,0,older
technician,married,secondary,no,1150,yes,no,unknown,23,jun,13,-1,0,unknown,0,young
student,single,secondary,no,551,no,no,cellular,4,aug,2,-1,0,unknown,0,young
admin.,married,secondary,no,566,no,no,cellular,20,aug,1,96,2,failure,0,older
blue-collar,married,primary,no,1325,yes,no,cellular,4,may,4,-1,0,unknown,0,older
services,married,secondary,no,7,yes,no,cellular,16,jan,2,-1,0,unknown,0,young
unknown,married,primary,no,190,no,no,unknown,15,jun,3,-1,0,unknown,0,older
retired,married,secondary,no,284,no,no,cellular,8,jul,2,-1,0,unknown,0,older
technician,married,secondary,no,291,no,no,cellular,6,aug,2,-1,0,unknown,0,older
admin.,married,secondary,no,247,no,no,cellular,28,jul,2,-1,0,unknown,0,young
admin.,married,secondary,no,140,no,no,unknown,5,jun,2,-1,0,unknown,0,young
management,married,tertiary,no,1381,no,no,cellular,6,mar,5,-1,0,unknown,0,older
management,married,tertiary,no,1282,no,no,cellular,20,aug,3,-1,2,success,1,older
technician,single,secondary,no,411,yes,no,cellular,14,jul,2,-1,0,unknown,0,young
technician,married,secondary,no,308,yes,no,cellular,16,jul,2,-1,0,unknown,0,older
blue-collar,married,primary,no,232,yes,no,cellular,17,jul,2,-1,0,unknown,0,older
admin.,married,secondary,no,-11,yes,no,unknown,2,jun,2,-1,0,unknown,0,young
technician,married,secondary,no,484,yes,no,unknown,19,jun,5,-1,0,unknown,0,older
blue-collar,married,secondary,no,778,yes,no,cellular,20,nov,1,181,2,failure,0,older
technician,single,tertiary,no,139,yes,no,cellular,20,apr,2,-1,0,unknown,0,young
technician,married,secondary,no,-276,yes,no,cellular,20,aug,4,-1,0,unknown,0,young
technician,married,secondary,no,458,no,no,cellular,26,aug,7,-1,4,success,1,young
admin.,married,secondary,no,444,yes,no,unknown,20,may,2,-1,0,unknown,0,young
admin.,single,secondary,no,30,yes,no,cellular,25,jul,3,-1,0,unknown,0,young
blue-collar,married,secondary,no,720,no,no,cellular,7,aug,1,-1,0,unknown,0,young
admin.,married,secondary,no,5,yes,no,cellular,22,jul,5,-1,0,unknown,0,older
admin.,married,secondary,no,207,no,no,cellular,20,aug,1,-1,0,unknown,0,older
blue-collar,married,primary,no,634,yes,no,cellular,28,jul,2,-1,0,unknown,0,young
blue-collar,married,secondary,no,743,yes,no,cellular,19,apr,1,22,1,failure,0,young
technician,single,tertiary,no,972,yes,no,unknown,12,jun,4,-1,0,unknown,0,young
admin.,single,secondary,no,445,no,no,cellular,16,apr,1,-1,0,unknown,0,young
admin.,married,secondary,no,-58,yes,no,cellular,14,may,2,-1,0,unknown,0,older
technician,married,secondary,no,1175,yes,no,cellular,10,may,5,-1,0,unknown,0,older
technician,married,secondary,no,-319,no,no,unknown,6,may,2,-1,0,unknown,0,older
self-employed,married,tertiary,no,-18,no,no,cellular,29,jul,2,-1,0,unknown,1,young
management,married,tertiary,no,346,yes,no,cellular,18,nov,1,128,1,failure,0,young
management,married,tertiary,no,701,no,no,cellular,29,aug,1,89,4,success,1,young
management,married,tertiary,no,433,yes,no,unknown,15,may,2,-1,0,unknown,0,older
management,married,tertiary,no,337,yes,no,cellular,17,nov,1,126,1,failure,0,young
technician,married,secondary,no,1093,no,no,unknown,1,jun,2,-1,0,unknown,0,young
management,married,tertiary,no,294,no,no,cellular,8,jul,3,-1,0,unknown,0,young
management,married,tertiary,no,-15,no,no,cellular,23,jul,1,-1,0,unknown,0,young
blue-collar,married,primary,no,545,no,no,cellular,6,feb,1,178,1,success,1,older
blue-collar,married,secondary,no,469,no,no,cellular,19,aug,4,88,2,success,1,young
management,married,tertiary,no,551,no,no,cellular,20,aug,2,86,3,success,1,older
technician,married,secondary,no,744,yes,no,unknown,14,jun,3,-1,0,unknown,0,older
management,married,tertiary,no,1602,no,no,cellular,26,aug,3,105,3,success,1,young
student,single,secondary,no,-237,no,no,cellular,28,jan,1,-1,0,unknown,0,young
blue-collar,married,primary,no,-297,no,no,cellular,19,aug,7,-1,0,unknown,0,older
unknown,married,secondary,no,382,no,no,cellular,28,aug,2,-1,0,unknown,0,older
technician,married,secondary,no,608,yes,no,unknown,8,may,2,-1,0,unknown,0,young
blue-collar,married,primary,no,851,yes,no,unknown,15,jun,19,-1,0,unknown,0,young
blue-collar,single,secondary,no,804,yes,no,cellular,11,may,7,335,3,failure,0,young
technician,single,tertiary,no,136,no,no,cellular,21,aug,2,-1,0,unknown,0,young
management,married,tertiary,no,501,no,no,cellular,21,aug,2,-1,0,unknown,0,older
entrepreneur,married,tertiary,no,861,yes,no,unknown,6,jun,4,-1,0,unknown,0,older
management,married,tertiary,no,-162,no,no,cellular,21,aug,3,0,2,unknown,1,young
management,married,tertiary,no,-399,yes,no,cellular,20,apr,2,-1,0,unknown,1,older
blue-collar,married,secondary,no,317,yes,no,unknown,20,jun,2,-1,0,unknown,0,young
admin.,married,secondary,no,861,yes,no,unknown,9,may,5,-1,0,unknown,0,older
admin.,married,secondary,no,156,no,no,cellular,17,aug,4,-1,0,unknown,0,young
admin.,married,secondary,no,1102,yes,no,cellular,17,may,2,-1,0,unknown,0,young
technician,married,secondary,no,414,yes,no,cellular,12,aug,4,-1,0,unknown,0,young
technician,married,secondary,no,266,no,no,cellular,21,aug,1,95,1,success,1,older
blue-collar,married,primary,no,563,yes,no,cellular,13,may,2,370,2,failure,0,older
admin.,married,secondary,no,587,yes,no,cellular,23,aug,5,-1,0,unknown,0,older
technician,married,secondary,no,98,no,no,unknown,26,may,2,-1,0,unknown,0,young
admin.,married,secondary,no,331,no,no,unknown,5,jun,3,-1,0,unknown,0,young
admin.,married,secondary,no,-3,no,no,unknown,2,jun,1,-1,0,unknown,0,young
services,married,secondary,no,718,yes,no,unknown,15,jun,4,-1,0,unknown,0,older
management,married,tertiary,no,143,no,no,cellular,6,aug,3,-1,0,unknown,0,young
management,married,tertiary,no,-257,no,no,cellular,25,aug,6,-1,0,unknown,1,young
blue-collar,married,secondary,no,-89,yes,no,cellular,16,jul,4,-1,0,unknown,0,older
blue-collar,married,primary,no,352,yes,no,cellular,14,may,4,-1,0,unknown,0,older
management,married,secondary,no,-51,yes,no,cellular,21,aug,4,-1,0,unknown,0,older
admin.,married,secondary,no,57,yes,no,unknown,7,may,4,-1,0,unknown,0,older
blue-collar,married,secondary,no,282,yes,no,unknown,19,jun,11,-1,0,unknown,0,older
entrepreneur,married,tertiary,no,-219,yes,no,cellular,15,jul,4,-1,0,unknown,0,young
blue-collar,married,secondary,no,1151,no,no,cellular,20,aug,3,-1,0,unknown,0,older
unemployed,married,secondary,no,766,no,no,cellular,13,jul,2,-1,0,unknown,0,older
management,married,secondary,no,-150,yes,no,unknown,14,may,2,-1,0,unknown,0,young
retired,married,primary,no,348,no,no,cellular,4,oct,2,-1,0,unknown,0,older
services,married,primary,no,244,yes,no,cellular,11,apr,2,-1,0,unknown,0,older
unknown,married,secondary,no,236,no,no,cellular,12,aug,4,-1,0,unknown,0,young
self-employed,single,tertiary,no,63,yes,no,unknown,5,may,4,-1,0,unknown,0,young
technician,married,secondary,no,841,no,no,cellular,28,apr,3,-1,0,unknown,0,older
blue-collar,married,primary,no,844,no,no,unknown,3,jun,2,-1,0,unknown,0,older
technician,married,secondary,no,104,yes,no,cellular,27,jul,2,-1,0,unknown,0,young
blue-collar,single,secondary,no,490,no,no,cellular,20,feb,12,-1,0,unknown,0,young
management,married,tertiary,no,780,no,no,cellular,5,aug,2,-1,0,unknown,0,young
admin.,married,secondary,no,368,yes,no,cellular,23,nov,1,-1,0,unknown,0,young
admin.,single,secondary,no,171,yes,no,cellular,5,feb,1,191,2,failure,0,young
technician,married,tertiary,no,318,no,no,cellular,9,sep,2,-1,0,unknown,0,young
services,married,secondary,no,521,no,no,cellular,27,aug,6,-1,0,unknown,0,older
blue-collar,married,primary,no,1074,no,no,cellular,5,feb,2,-1,0,unknown,1,older
technician,married,tertiary,no,1360,no,no,cellular,29,aug,5,88,4,success,1,older
blue-collar,single,secondary,no,-261,no,no,cellular,21,aug,2,-1,0,unknown,0,young
management,married,tertiary,no,295,no,no,cellular,14,jul,3,-1,0,unknown,0,young
retired,married,secondary,no,576,no,no,cellular,11,aug,1,195,4,failure,0,older
blue-collar,married,secondary,no,30,yes,no,unknown,14,may,2,-1,0,unknown,0,young
services,married,secondary,no,487,yes,no,cellular,21,nov,1,127,6,failure,0,older
technician,married,secondary,no,-429,yes,no,cellular,17,aug,3,-1,0,unknown,0,older
blue-collar,married,secondary,no,164,yes,no,cellular,8,may,2,-1,0,unknown,0,older
admin.,married,secondary,no,382,no,no,unknown,9,jun,2,-1,0,unknown,0,young
admin.,single,secondary,no,457,yes,no,cellular,14,may,2,-1,0,unknown,0,young
technician,married,secondary,no,1191,no,no,cellular,20,aug,1,96,4,success,1,young
admin.,single,secondary,no,417,yes,no,unknown,11,may,2,-1,0,unknown,0,young
technician,married,secondary,no,-182,no,no,cellular,1,nov,1,-1,0,unknown,0,young
blue-collar,married,primary,no,-3,no,no,cellular,8,jul,2,-1,0,unknown,0,young
admin.,married,secondary,no,1131,no,no,cellular,2,nov,1,164,1,unknown,0,older
management,married,tertiary,no,-307,no,no,cellular,2,aug,2,184,6,failure,0,older
admin.,single,secondary,no,743,no,no,cellular,21,aug,1,-1,0,unknown,0,young
technician,married,secondary,no,-67,yes,no,unknown,21,jun,12,-1,0,unknown,0,young
technician,married,secondary,no,528,no,no,cellular,21,jul,3,-1,0,unknown,0,young
technician,married,secondary,no,128,yes,no,cellular,21,nov,1,75,1,failure,0,young
blue-collar,married,primary,no,53,no,no,cellular,7,jul,2,-1,0,unknown,0,young
retired,married,primary,no,451,no,no,cellular,12,aug,1,-1,0,unknown,0,older
blue-collar,married,secondary,no,54,yes,no,unknown,5,jun,2,-1,0,unknown,0,young
technician,single,secondary,no,-234,no,no,cellular,7,aug,4,-1,0,unknown,0,young
blue-collar,single,secondary,no,618,yes,no,cellular,17,nov,2,183,2,failure,0,young
admin.,married,secondary,no,1052,no,no,cellular,5,feb,1,117,6,success,0,young
management,married,tertiary,no,89,no,no,unknown,25,may,2,-1,0,unknown,0,young
blue-collar,married,secondary,no,703,no,no,cellular,7,jan,1,89,2,success,0,young
blue-collar,married,secondary,no,93,yes,no,cellular,21,jul,3,-1,0,unknown,0,older
blue-collar,married,secondary,no,-456,yes,no,cellular,20,nov,2,149,5,failure,0,older
management,married,tertiary,no,1442,yes,no,unknown,16,may,5,-1,0,unknown,0,older
management,married,tertiary,no,443,no,no,cellular,23,aug,3,-1,0,unknown,0,older
admin.,married,secondary,no,998,yes,no,cellular,16,jul,2,-1,0,unknown,0,older
housemaid,married,secondary,no,368,no,no,cellular,21,aug,1,101,6,success,1,older
services,married,secondary,no,17,no,no,cellular,9,jul,1,-1,0,unknown,0,young
management,married,tertiary,no,464,yes,no,cellular,18,nov,1,181,2,failure,0,older
blue-collar,single,secondary,no,-1,yes,no,cellular,8,may,3,-1,0,unknown,0,young
admin.,married,secondary,no,375,yes,no,cellular,12,may,2,-1,0,unknown,0,young
technician,married,secondary,no,174,yes,no,unknown,5,may,2,-1,0,unknown,0,older
technician,married,secondary,no,25,no,no,cellular,7,jul,2,-1,0,unknown,0,older
technician,married,secondary,no,318,no,no,cellular,20,aug,12,-1,0,unknown,0,older
technician,married,secondary,no,513,yes,no,cellular,12,may,2,-1,0,unknown,0,young
entrepreneur,married,secondary,no,362,yes,no,cellular,18,apr,4,-1,0,unknown,0,older
retired,married,primary,no,37,no,no,telephone,16,jul,2,-1,0,unknown,0,older
management,married,tertiary,no,1214,yes,no,cellular,20,nov,1,114,1,failure,0,older
retired,married,primary,no,685,yes,no,unknown,9,may,5,-1,0,unknown,0,older
retired,married,secondary,no,921,no,no,cellular,20,aug,1,88,2,failure,0,older
blue-collar,married,primary,no,9,yes,no,cellular,17,jul,3,-1,0,unknown,0,young
technician,married,secondary,no,-236,yes,no,unknown,7,jun,2,-1,0,unknown,0,older
management,married,tertiary,no,-364,no,no,cellular,28,jul,4,-1,0,unknown,0,older
technician,married,tertiary,no,1117,no,no,cellular,30,aug,5,-1,0,success,1,older
services,married,secondary,no,1157,yes,no,unknown,6,may,2,-1,0,unknown,0,young
management,married,tertiary,no,84,yes,no,cellular,17,nov,1,-1,0,unknown,0,young
services,single,secondary,no,627,yes,no,unknown,5,may,4,-1,0,unknown,0,young
technician,single,tertiary,no,562,no,no,cellular,4,aug,2,-1,0,unknown,0,young
blue-collar,married,primary,no,302,yes,no,cellular,17,apr,4,-1,0,unknown,0,older
management,married,tertiary,no,434,yes,no,cellular,5,jan,1,82,2,failure,0,young
technician,married,secondary,no,375,no,no,cellular,26,aug,5,-1,0,unknown,0,young
technician,married,secondary,no,1160,no,no,cellular,12,aug,5,-1,0,unknown,0,young
admin.,married,secondary,no,-48,no,no,cellular,17,aug,1,-1,0,unknown,0,young
management,single,tertiary,no,1431,no,no,cellular,21,aug,5,98,4,success,1,young
retired,married,tertiary,no,2134,no,no,cellular,30,aug,8,-1,4,success,1,older
management,married,tertiary,no,-114,yes,no,cellular,3,may,2,-1,0,unknown,0,young
admin.,married,secondary,no,373,yes,no,cellular,5,may,2,-1,0,unknown,0,young
technician,single,tertiary,no,223,no,no,cellular,8,jul,4,-1,0,unknown,0,young
blue-collar,married,primary,no,-82,no,no,unknown,5,jun,5,-1,0,unknown,0,older
technician,married,secondary,no,-429,yes,no,cellular,20,aug,3,-1,0,unknown,0,young
admin.,married,secondary,no,-287,no,no,cellular,21,aug,4,-1,0,unknown,0,older
unemployed,single,secondary,no,1702,no,no,cellular,1,feb,2,-1,0,unknown,0,young
technician,married,secondary,no,756,no,no,cellular,8,jul,4,-1,0,unknown,0,young
retired,married,primary,no,-84,no,no,cellular,26,aug,2,-1,0,unknown,0,older
management,married,tertiary,no,669,yes,no,cellular,19,apr,1,364,1,failure,0,young
blue-collar,married,primary,no,-12,no,no,cellular,28,jul,4,-1,0,unknown,0,older
management,married,tertiary,no,491,no,no,cellular,20,aug,2,186,2,failure,0,older
blue-collar,single,secondary,no,267,yes,no,cellular,21,nov,1,131,1,failure,0,young
services,married,secondary,no,-40,yes,no,unknown,25,jun,4,-1,0,unknown,0,young
housemaid,married,secondary,no,631,no,no,cellular,24,aug,3,-1,0,unknown,0,older
management,single,tertiary,no,370,yes,no,unknown,9,may,2,-1,0,unknown,0,young
technician,single,secondary,no,880,yes,no,cellular,13,nov,1,184,7,failure,0,young
blue-collar,married,primary,no,929,no,no,cellular,19,nov,2,151,2,failure,0,older
technician,married,secondary,no,219,yes,no,unknown,14,may,2,-1,0,unknown,0,older
blue-collar,single,primary,no,375,yes,no,cellular,16,apr,2,-1,0,unknown,0,young
blue-collar,single,primary,no,-351,no,no,cellular,11,aug,3,-1,0,unknown,0,young
admin.,married,secondary,no,813,no,no,cellular,8,oct,1,-1,0,unknown,1,older
blue-collar,married,secondary,no,-477,yes,no,cellular,26,aug,4,0,0,unknown,0,older
unknown,married,secondary,no,1011,no,no,cellular,29,aug,1,103,1,success,1,older
blue-collar,married,primary,no,487,no,no,cellular,4,may,2,-1,0,unknown,0,older
management,married,tertiary,no,64,yes,no,cellular,4,may,2,349,3,failure,0,young
technician,single,secondary,no,659,yes,no,unknown,6,may,2,-1,0,unknown,0,young
blue-collar,married,primary,no,280,yes,no,cellular,21,aug,4,-1,0,success,0,older
technician,married,tertiary,no,-3,no,no,cellular,7,aug,2,-1,0,unknown,0,young
technician,single,secondary,no,16,no,no,unknown,11,jun,2,-1,0,unknown,0,young
technician,married,secondary,no,-57,yes,yes,cellular,4,jul,2,-1,0,unknown,0,older
technician,married,secondary,no,1330,yes,no,unknown,14,may,2,-1,0,unknown,0,young
admin.,married,secondary,no,1027,yes,no,cellular,21,nov,1,-1,0,unknown,0,older
retired,married,primary,no,313,yes,no,unknown,4,jun,4,-1,0,unknown,0,older
technician,married,tertiary,no,1048,yes,no,cellular,7,jul,4,-1,0,unknown,0,young
technician,married,secondary,no,-4,yes,no,cellular,19,nov,1,-1,0,unknown,0,older
management,married,tertiary,no,120,no,no,cellular,26,aug,6,-1,0,unknown,0,young
blue-collar,married,primary,no,797,no,no,cellular,5,aug,7,-1,0,unknown,0,older
blue-collar,married,secondary,no,730,no,no,cellular,4,nov,1,-1,0,unknown,0,young
admin.,married,secondary,no,505,yes,no,cellular,19,aug,4,-1,4,success,1,older
admin.,married,secondary,no,57,yes,no,cellular,17,apr,1,-1,0,unknown,0,young
blue-collar,married,primary,no,-209,yes,no,cellular,14,may,2,-1,0,unknown,0,older
blue-collar,married,primary,no,819,yes,no,cellular,19,apr,1,-1,0,unknown,0,older
management,married,tertiary,no,796,no,no,cellular,21,aug,2,190,3,failure,0,older
services,married,secondary,no,-97,yes,no,cellular,3,nov,4,-1,0,unknown,0,young
retired,married,primary,no,692,yes,no,cellular,12,may,2,347,5,failure,0,older
technician,married,secondary,no,2326,yes,no,unknown,14,jun,2,-1,0,unknown,0,older
management,married,tertiary,no,964,yes,no,unknown,2,jun,2,-1,0,unknown,0,young
technician,single,secondary,no,600,yes,no,cellular,14,may,2,280,3,failure,0,young
blue-collar,married,primary,no,290,yes,no,cellular,25,aug,4,-1,0,unknown,0,young
blue-collar,married,primary,no,805,no,no,unknown,4,jun,2,-1,0,unknown,0,older
admin.,married,secondary,no,1566,yes,no,unknown,3,may,5,-1,0,unknown,0,young
services,married,secondary,no,583,yes,no,cellular,22,nov,3,-1,0,unknown,0,young
admin.,married,secondary,no,628,no,no,cellular,12,may,1,188,6,failure,1,older
admin.,married,secondary,no,899,yes,no,cellular,13,aug,2,-1,0,unknown,0,older
blue-collar,married,primary,no,951,yes,no,cellular,21,jul,2,-1,0,unknown,0,older
blue-collar,married,secondary,no,103,yes,no,cellular,17,apr,1,371,1,failure,0,young
technician,married,secondary,no,-5,yes,yes,cellular,9,jul,2,-1,0,unknown,0,young
management,married,tertiary,no,3086,no,no,cellular,20,aug,1,99,7,success,1,older
management,single,tertiary,no,534,yes,no,cellular,25,aug,5,-1,0,unknown,0,young
management,married,tertiary,no,205,no,no,cellular,10,aug,4,-1,0,unknown,0,older
blue-collar,single,primary,no,-40,yes,no,cellular,21,nov,5,-1,0,unknown,0,young
blue-collar,married,secondary,no,485,yes,no,cellular,20,nov,1,118,1,failure,0,older
technician,single,tertiary,no,862,yes,no,cellular,14,may,1,106,6,failure,0,young
admin.,married,secondary,no,214,yes,no,cellular,2,nov,1,-1,0,unknown,0,young
management,married,primary,no,-126,yes,no,cellular,20,jul,4,-1,0,unknown,0,older
management,single,tertiary,no,59,yes,no,cellular,18,may,6,-1,0,unknown,0,young
technician,married,secondary,no,-59,no,no,cellular,27,jan,1,-1,0,unknown,0,young
blue-collar,married,primary,no,-20,yes,no,cellular,21,nov,1,-1,1,failure,1,older
blue-collar,married,primary,no,606,no,no,unknown,12,jun,2,-1,0,unknown,0,older
retired,married,secondary,no,950,no,no,cellular,21,nov,1,179,3,failure,0,older
technician,married,secondary,no,1622,yes,no,unknown,18,may,2,-1,0,unknown,0,older
technician,married,secondary,no,616,no,no,cellular,7,aug,1,-1,0,unknown,0,older
admin.,married,secondary,no,119,yes,no,cellular,13,jul,4,-1,0,unknown,0,young
technician,single,tertiary,no,504,no,no,cellular,7,may,2,-1,0,unknown,0,young
admin.,married,secondary,no,433,yes,no,unknown,16,may,2,-1,0,unknown,0,young
technician,single,secondary,no,-170,yes,no,unknown,2,jun,21,-1,0,unknown,0,young
technician,single,secondary,no,-60,yes,no,unknown,12,may,2,-1,0,unknown,0,young
blue-collar,married,secondary,no,-329,no,no,cellular,12,aug,3,-1,0,unknown,0,older
technician,married,secondary,no,58,no,no,cellular,21,aug,3,174,2,success,0,young
technician,married,secondary,no,1102,yes,no,cellular,19,jul,5,-1,0,unknown,0,young
blue-collar,married,secondary,no,775,yes,no,cellular,7,may,2,-1,0,unknown,0,young
technician,married,secondary,no,494,no,no,cellular,7,jul,2,-1,0,unknown,0,older
blue-collar,single,primary,no,8,no,no,cellular,8,jul,2,-1,0,unknown,0,young
technician,married,tertiary,no,87,no,no,cellular,7,aug,1,101,1,success,1,young
services,married,secondary,no,451,yes,no,unknown,15,jun,2,-1,0,unknown,0,older
technician,married,tertiary,no,311,no,no,cellular,20,aug,4,-1,0,unknown,0,young
management,single,tertiary,no,-84,no,no,cellular,29,aug,5,128,4,success,1,young
admin.,married,secondary,no,-144,no,no,cellular,8,aug,2,-1,0,unknown,0,young
management,single,tertiary,no,60,yes,no,cellular,18,aug,2,0,0,unknown,0,young
blue-collar,married,primary,no,251,yes,no,cellular,15,may,3,-1,0,unknown,0,older
blue-collar,single,primary,no,655,yes,no,cellular,19,nov,2,162,2,failure,0,young
blue-collar,married,primary,no,381,yes,no,cellular,12,aug,2,-1,0,unknown,0,older
technician,married,secondary,no,455,no,no,cellular,9,jul,2,-1,0,unknown,0,young
services,married,secondary,no,606,no,no,cellular,21,nov,1,-1,0,unknown,0,older
blue-collar,married,primary,no,777,no,no,unknown,8,jun,4,-1,0,unknown,0,young
blue-collar,married,secondary,no,342,no,no,cellular,6,aug,4,-1,0,unknown,0,young
blue-collar,married,primary,no,-77,no,no,cellular,8,jul,4,-1,0,unknown,0,young
services,single,secondary,no,560,yes,no,cellular,13,jul,1,-1,0,unknown,0,young
technician,married,secondary,no,108,yes,no,cellular,17,aug,2,-1,0,unknown,0,older
housemaid,married,secondary,no,85,no,no,cellular,26,aug,3,-1,0,unknown,0,older
management,married,tertiary,no,572,no,no,cellular,8,may,2,-1,0,unknown,0,older
blue-collar,married,secondary,no,617,no,no,cellular,26,aug,4,-1,0,unknown,0,older
services,married,secondary,no,75,yes,no,unknown,8,may,2,-1,0,unknown,0,older
blue-collar,married,secondary,no,260,yes,no,cellular,25,jan,2,-1,0,unknown,0,older
management,married,tertiary,no,354,yes,no,unknown,6,may,2,-1,0,unknown,0,young
management,married,tertiary,no,1252,no,no,cellular,20,aug,4,93,2,success,1,older
blue-collar,married,secondary,no,136,yes,no,cellular,20,nov,1,-1,0,unknown,0,older
technician,married,secondary,no,1045,yes,no,cellular,17,nov,1,-1,0,unknown,0,young
admin.,married,secondary,no,-256,yes,no,cellular,15,may,2,-1,0,unknown,0,older
technician,married,secondary,no,1154,yes,no,cellular,20,aug,3,86,6,failure,0,young
services,single,secondary,no,547,yes,no,cellular,19,apr,2,280,6,failure,0,young
admin.,married,secondary,no,1071,yes,no,cellular,18,aug,2,-1,0,unknown,0,older
management,married,tertiary,no,-32,yes,no,cellular,8,may,2,-1,0,unknown,1,older
admin.,married,secondary,no,413,no,no,cellular,4,feb,1,90,1,success,0,older
management,single,tertiary,no,663,yes,no,cellular,19,nov,1,-1,0,unknown,0,young
admin.,married,secondary,no,680,yes,no,cellular,18,apr,1,154,1,failure,0,young
blue-collar,married,primary,no,735,no,no,cellular,7,aug,3,-1,0,unknown,0,young
retired,married,primary,no,54,no,no,unknown,15,jun,3,-1,0,unknown,0,older
technician,single,tertiary,no,305,no,no,cellular,15,aug,3,-1,0,unknown,0,young
technician,married,secondary,no,790,yes,no,cellular,17,nov,1,185,1,failure,0,older
technician,married,tertiary,no,-413,no,no,cellular,23,aug,1,-1,0,unknown,0,young
technician,married,secondary,no,272,yes,no,cellular,18,nov,1,-1,0,unknown,0,older
technician,married,secondary,no,-71,yes,no,unknown,11,jun,4,-1,0,unknown,0,older
housemaid,married,primary,no,315,no,no,unknown,17,jun,4,-1,0,unknown,0,older
admin.,single,secondary,no,630,no,no,cellular,19,nov,1,-1,0,unknown,0,young
management,single,tertiary,no,366,yes,no,cellular,26,jul,4,-1,0,unknown,0,young
blue-collar,married,primary,no,129,no,no,cellular,25,jul,2,-1,0,unknown,0,young
admin.,married,secondary,no,-2,yes,no,cellular,22,aug,4,-1,0,unknown,0,older
blue-collar,married,secondary,no,83,no,no,unknown,14,jun,2,-1,0,unknown,0,young
management,married,tertiary,no,-10,yes,no,unknown,15,may,3,-1,0,unknown,0,older
entrepreneur,married,secondary,no,433,yes,no,cellular,17,apr,3,-1,0,unknown,0,older
admin.,married,secondary,no,262,no,no,unknown,1,jun,2,-1,0,unknown,0,older
management,married,tertiary,no,574,no,no,cellular,8,nov,1,146,1,failure,0,young
admin.,married,secondary,no,528,yes,no,unknown,4,may,2,-1,0,unknown,0,young
blue-collar,married,primary,no,106,no,no,unknown,18,may,2,-1,0,unknown,0,older
management,single,tertiary,no,991,yes,no,unknown,12,may,4,-1,0,unknown,0,young
blue-collar,married,primary,no,553,no,no,cellular,19,aug,1,-1,0,unknown,0,older
admin.,single,secondary,no,-13,yes,no,cellular,23,jul,2,-1,0,unknown,0,young
technician,married,secondary,no,422,yes,no,unknown,16,jun,2,-1,0,unknown,0,older
admin.,married,secondary,no,328,yes,no,cellular,18,jul,3,-1,0,unknown,0,older
management,married,tertiary,no,276,yes,no,cellular,15,aug,1,-1,0,unknown,0,young
technician,single,tertiary,no,144,no,no,cellular,16,apr,1,153,1,success,1,young
technician,married,secondary,no,504,no,no,cellular,22,aug,6,-1,0,unknown,0,older
management,married,tertiary,no,279,no,no,cellular,27,jul,1,-1,0,unknown,0,young
technician,married,secondary,no,-37,yes,no,unknown,20,jun,13,-1,0,unknown,0,young
blue-collar,single,secondary,no,163,yes,no,cellular,14,apr,2,-1,0,unknown,0,young
student,single,unknown,no,561,no,no,cellular,18,feb,3,-1,0,unknown,1,young
management,married,tertiary,no,608,no,no,cellular,19,aug,1,80,2,success,1,young
management,single,tertiary,no,1114,yes,no,unknown,14,may,4,-1,0,unknown,0,young
admin.,married,secondary,no,16,yes,no,cellular,20,jul,4,-1,0,unknown,0,older
technician,married,secondary,no,190,no,no,cellular,29,aug,1,-1,0,unknown,1,older
housemaid,married,primary,no,409,no,no,cellular,20,aug,1,172,2,failure,0,older
services,married,secondary,no,577,no,no,cellular,24,aug,2,185,2,success,0,young
management,married,tertiary,no,963,yes,no,cellular,13,aug,4,-1,0,unknown,0,older
services,married,secondary,no,143,yes,no,cellular,16,jul,4,-1,0,unknown,0,older
technician,married,secondary,no,619,no,no,cellular,29,aug,4,89,4,success,1,older
management,married,tertiary,no,-19,yes,no,cellular,21,nov,1,-1,0,unknown,0,young
management,married,tertiary,no,77,no,no,unknown,7,may,2,-1,0,unknown,0,young
services,married,secondary,no,467,yes,no,cellular,15,jul,3,-1,0,unknown,0,older
admin.,married,secondary,no,749,no,no,cellular,6,jul,2,-1,0,unknown,0,older
blue-collar,single,secondary,no,108,no,no,cellular,28,jan,1,-1,0,unknown,0,young
blue-collar,married,secondary,no,361,yes,no,cellular,21,aug,1,-1,0,unknown,0,older
technician,married,tertiary,no,630,no,no,cellular,27,apr,1,-1,0,unknown,0,older
management,single,tertiary,no,426,yes,no,cellular,18,jul,2,-1,0,unknown,0,young
technician,married,tertiary,no,589,no,no,cellular,20,aug,3,-1,0,unknown,0,older
retired,married,secondary,no,-107,no,no,cellular,19,jul,1,-1,0,unknown,0,older
technician,married,secondary,no,-434,yes,no,unknown,8,jun,2,-1,0,unknown,0,older
blue-collar,single,secondary,no,276,yes,no,cellular,18,jul,2,-1,0,unknown,0,young
management,married,tertiary,no,958,yes,no,cellular,30,apr,1,-1,0,unknown,0,young
student,single,secondary,no,658,no,no,cellular,18,aug,5,176,3,failure,0,young
services,married,secondary,no,412,yes,no,cellular,29,may,1,325,2,failure,0,older
unknown,married,secondary,no,392,no,no,cellular,17,oct,2,-1,0,unknown,0,older
blue-collar,married,secondary,no,66,no,no,cellular,9,jul,2,-1,0,unknown,0,older
admin.,married,secondary,no,111,yes,no,unknown,8,may,2,-1,0,unknown,0,young
technician,married,secondary,no,489,no,no,cellular,23,aug,2,-1,0,unknown,0,young
technician,married,secondary,no,872,yes,no,cellular,18,feb,2,-1,0,unknown,0,young
technician,married,secondary,no,305,yes,no,cellular,18,nov,1,-1,0,unknown,0,young
technician,single,secondary,no,948,no,no,cellular,6,aug,2,-1,0,unknown,0,young
technician,married,secondary,no,-18,yes,no,cellular,22,jul,2,-1,0,unknown,0,young
management,single,tertiary,no,320,yes,no,unknown,14,may,2,-1,0,unknown,0,young
retired,married,primary,no,1039,no,no,cellular,20,feb,2,-1,0,unknown,0,older
blue-collar,married,primary,no,1787,yes,no,unknown,2,jun,19,-1,0,unknown,0,older
management,married,tertiary,no,18,yes,no,cellular,24,jul,2,-1,0,unknown,0,older
management,single,tertiary,no,550,no,no,cellular,9,jul,2,-1,0,unknown,0,young
management,married,tertiary,no,456,no,no,cellular,6,oct,1,-1,0,unknown,1,older
services,single,secondary,no,273,no,no,cellular,28,apr,1,-1,0,unknown,1,young
management,married,tertiary,no,-272,yes,no,unknown,8,may,2,-1,0,unknown,0,young
management,married,tertiary,no,1467,no,no,cellular,1,nov,1,-1,1,success,1,older
management,married,tertiary,no,996,no,no,cellular,14,jul,8,-1,0,unknown,0,older
technician,married,tertiary,no,-83,no,no,cellular,14,jul,1,-1,0,unknown,0,older
management,married,tertiary,no,-396,yes,no,cellular,9,may,2,-1,0,unknown,0,young
blue-collar,married,primary,no,-914,yes,no,unknown,20,may,2,-1,0,unknown,0,older
management,married,tertiary,no,-12,no,no,cellular,20,aug,2,-1,0,unknown,0,older
retired,married,primary,no,604,yes,no,unknown,20,jun,4,-1,0,unknown,0,older
blue-collar,married,primary,no,634,yes,no,unknown,16,may,4,-1,0,unknown,0,older
admin.,married,secondary,no,222,yes,no,unknown,14,may,4,-1,0,unknown,0,young
entrepreneur,married,tertiary,no,689,no,no,cellular,2,feb,2,-1,0,unknown,0,older
management,married,tertiary,no,756,yes,no,unknown,15,may,2,-1,0,unknown,0,older
blue-collar,single,primary,no,843,yes,no,cellular,17,may,2,-1,0,unknown,0,young
management,married,tertiary,no,1934,no,no,cellular,21,aug,1,100,5,success,1,young
admin.,married,secondary,no,-309,yes,no,cellular,14,may,4,-1,0,unknown,0,young
services,single,secondary,no,621,yes,no,cellular,21,aug,1,73,2,failure,0,young
technician,married,tertiary,no,438,no,no,cellular,29,jan,1,-1,0,unknown,0,young
blue-collar,married,secondary,no,777,yes,no,unknown,17,jun,2,-1,0,unknown,0,older
management,married,tertiary,no,469,no,no,cellular,18,aug,1,-1,0,unknown,0,young
blue-collar,married,secondary,no,-238,yes,no,unknown,14,jun,3,-1,0,unknown,0,young
retired,married,secondary,no,503,no,no,cellular,7,nov,1,168,1,failure,1,older
management,married,tertiary,no,149,yes,no,cellular,19,aug,2,-1,0,unknown,0,older
management,single,tertiary,no,600,yes,no,cellular,19,nov,2,45,3,failure,0,young
blue-collar,single,secondary,no,23,yes,no,cellular,18,may,5,-1,0,unknown,0,young
technician,married,secondary,no,937,yes,no,cellular,7,may,2,-1,0,unknown,0,young
admin.,married,secondary,no,551,yes,no,unknown,14,may,4,-1,0,unknown,0,older
technician,married,secondary,no,-27,yes,no,cellular,21,aug,1,181,1,failure,0,older
management,married,tertiary,no,496,no,no,cellular,17,oct,1,-1,0,unknown,0,older
technician,married,secondary,no,356,yes,no,unknown,15,may,4,-1,0,unknown,0,young
housemaid,married,secondary,no,56,no,no,cellular,8,jul,2,-1,0,unknown,0,older
blue-collar,married,secondary,no,159,no,no,unknown,9,jun,2,-1,0,unknown,0,young
blue-collar,single,primary,no,-269,yes,no,cellular,15,aug,4,-1,0,unknown,0,young
housemaid,married,primary,no,756,yes,no,cellular,18,aug,5,-1,0,unknown,0,older
services,single,secondary,no,336,yes,no,unknown,7,jun,4,-1,0,unknown,0,young
blue-collar,married,secondary,no,262,no,no,cellular,14,jul,3,-1,0,unknown,0,older
admin.,single,secondary,no,524,yes,no,cellular,17,nov,1,185,2,failure,0,young
housemaid,married,secondary,no,605,no,no,cellular,7,nov,1,187,3,success,0,older
technician,married,secondary,no,580,yes,no,cellular,14,apr,2,-1,0,unknown,0,young
technician,married,secondary,no,138,no,no,cellular,27,aug,3,-1,0,unknown,1,older
management,married,secondary,no,1202,yes,no,cellular,18,aug,2,187,6,failure,0,older
admin.,single,secondary,no,-483,yes,no,cellular,7,jul,2,-1,0,unknown,0,young
technician,single,tertiary,no,770,no,no,cellular,7,feb,2,-1,0,unknown,0,young
technician,married,secondary,no,350,no,no,unknown,14,jun,3,-1,0,unknown,0,older
admin.,married,secondary,no,-460,no,no,cellular,28,aug,1,-1,0,unknown,0,older
technician,married,secondary,no,788,yes,no,unknown,15,may,2,-1,0,unknown,0,older
services,married,secondary,no,1516,yes,no,cellular,21,nov,4,-1,0,unknown,0,young
management,married,tertiary,no,1634,no,no,cellular,21,aug,5,90,6,success,1,older
management,married,tertiary,no,231,yes,no,cellular,2,aug,4,-1,0,unknown,0,young
housemaid,married,primary,no,49,yes,no,cellular,13,may,1,261,6,failure,0,older
technician,married,secondary,no,596,no,no,cellular,6,aug,6,-1,0,unknown,0,young
technician,married,secondary,no,59,yes,no,cellular,21,nov,2,184,2,failure,0,older
admin.,married,secondary,no,42,yes,no,cellular,8,jul,1,-1,0,unknown,0,older
blue-collar,married,secondary,no,53,yes,no,cellular,16,nov,3,-1,0,unknown,0,young
retired,married,primary,no,1468,no,no,cellular,3,aug,1,-1,0,unknown,0,older
management,married,tertiary,no,119,no,no,unknown,5,jun,3,-1,0,unknown,0,older
management,married,secondary,no,1187,yes,no,unknown,13,jun,2,-1,0,unknown,0,older
admin.,married,secondary,no,340,yes,no,unknown,15,jun,5,-1,0,unknown,0,young
blue-collar,married,primary,no,-918,no,yes,cellular,28,jul,1,-1,0,unknown,0,older
self-employed,married,tertiary,no,1138,no,no,cellular,8,jul,2,-1,0,unknown,0,older
blue-collar,married,primary,no,212,yes,no,cellular,14,may,2,334,2,failure,0,older
blue-collar,married,primary,no,-344,yes,no,cellular,21,nov,1,-1,0,unknown,0,older
technician,married,secondary,no,32,yes,no,unknown,27,jun,2,-1,0,unknown,0,young
admin.,married,secondary,no,33,yes,no,unknown,18,may,2,-1,0,unknown,0,young
admin.,married,secondary,no,-6,no,no,cellular,16,jul,3,-1,0,unknown,0,older
technician,married,secondary,no,562,no,no,cellular,22,nov,1,134,1,failure,0,young
management,married,tertiary,no,105,no,no,cellular,19,aug,1,-1,1,unknown,1,young
services,single,secondary,no,101,no,no,cellular,9,jul,1,-1,0,unknown,0,young
technician,married,tertiary,no,1553,no,no,cellular,6,aug,1,-1,0,unknown,0,young
management,married,tertiary,no,1811,no,no,cellular,21,aug,5,-1,4,success,1,older
management,married,tertiary,no,67,no,no,cellular,4,oct,1,85,1,success,1,young
admin.,married,secondary,no,449,no,no,cellular,23,aug,2,-1,0,unknown,0,older
management,single,tertiary,no,968,yes,no,unknown,6,jun,2,-1,0,unknown,0,young
admin.,single,secondary,no,771,no,no,cellular,8,jul,2,-1,0,unknown,0,young
technician,married,secondary,no,1331,no,no,unknown,12,jun,4,-1,0,unknown,0,older
management,married,tertiary,no,949,no,no,unknown,13,jun,2,-1,0,unknown,0,older
technician,married,secondary,no,12,yes,no,unknown,13,may,2,-1,0,unknown,0,older
admin.,single,secondary,no,-571,no,no,cellular,8,jun,2,-1,0,unknown,0,young
management,married,tertiary,no,523,no,no,cellular,7,jun,2,-1,0,unknown,0,young
blue-collar,married,primary,no,637,yes,no,cellular,16,aug,4,-1,0,unknown,0,young
admin.,married,secondary,no,1043,no,no,cellular,7,feb,3,-1,0,unknown,0,young
technician,single,secondary,no,-379,no,no,cellular,13,aug,2,-1,0,unknown,0,young
blue-collar,married,primary,no,609,yes,no,cellular,13,feb,2,318,4,failure,0,young
admin.,married,secondary,no,-634,yes,no,cellular,3,apr,1,236,1,failure,0,young
management,single,tertiary,no,1056,no,no,cellular,28,aug,5,104,4,success,1,older
management,married,tertiary,no,3098,yes,no,unknown,18,jun,2,-1,0,unknown,0,older
admin.,single,secondary,no,0,no,no,unknown,12,jun,3,-1,0,unknown,0,young
management,married,tertiary,no,136,no,no,cellular,19,aug,1,99,7,failure,0,young
blue-collar,married,secondary,no,547,no,no,unknown,11,jun,2,-1,0,unknown,0,older
technician,married,secondary,no,155,yes,no,cellular,29,nov,1,-1,0,unknown,0,young
management,married,secondary,no,-25,yes,no,cellular,3,apr,2,-1,0,unknown,0,older
technician,married,secondary,no,1136,yes,no,cellular,4,may,2,-1,0,unknown,0,older
management,married,tertiary,no,-25,no,no,cellular,21,feb,2,-1,0,unknown,0,young
admin.,single,secondary,no,190,yes,no,cellular,15,may,2,358,3,failure,0,young
management,married,tertiary,no,778,no,no,cellular,9,may,2,-1,0,unknown,1,older
management,single,tertiary,no,249,yes,no,cellular,14,jul,4,-1,0,unknown,0,young
technician,married,secondary,no,667,no,no,cellular,28,jul,2,-1,0,unknown,0,young
blue-collar,married,secondary,no,892,yes,no,cellular,23,aug,1,-1,0,unknown,0,young
blue-collar,married,secondary,no,98,no,no,cellular,3,aug,6,-1,0,unknown,0,young
management,married,tertiary,no,2860,yes,no,cellular,20,aug,4,90,6,success,0,young
management,married,tertiary,no,221,no,no,cellular,6,jul,3,-1,0,unknown,0,older
blue-collar,single,secondary,no,-458,no,no,cellular,26,aug,1,-1,0,unknown,0,young
management,married,tertiary,no,-331,no,no,cellular,19,aug,1,91,1,failure,0,older
management,married,tertiary,no,1454,no,no,cellular,21,aug,4,-1,2,success,1,older
management,married,tertiary,no,-200,yes,no,cellular,4,feb,2,-1,0,unknown,0,young
admin.,married,secondary,no,300,yes,no,cellular,14,may,2,355,2,failure,0,older
technician,married,secondary,no,976,yes,no,cellular,13,nov,2,-1,0,unknown,0,young
blue-collar,married,primary,no,237,yes,no,cellular,26,jul,3,-1,0,unknown,0,young
services,married,secondary,no,1035,no,no,cellular,14,jul,2,-1,0,unknown,0,young
technician,married,secondary,no,307,yes,no,cellular,17,apr,1,-1,0,unknown,0,young
housemaid,married,primary,no,-47,no,no,cellular,6,jul,1,-1,0,unknown,0,older
blue-collar,married,secondary,no,-362,no,no,unknown,22,jun,2,-1,0,unknown,0,young
admin.,single,secondary,no,233,no,no,unknown,9,may,2,-1,0,unknown,0,young
technician,married,secondary,no,484,no,no,cellular,5,jun,3,-1,0,unknown,0,young
blue-collar,married,secondary,no,429,yes,no,unknown,19,jun,2,-1,0,unknown,0,young
blue-collar,married,secondary,no,337,yes,no,cellular,15,may,2,-1,0,unknown,0,young
technician,single,secondary,no,-11,yes,no,cellular,13,apr,1,-1,0,unknown,0,young
blue-collar,married,primary,no,1349,no,no,cellular,14,feb,1,188,1,success,0,older
blue-collar,single,secondary,no,209,no,no,cellular,9,jul,2,-1,0,unknown,0,young
retired,married,primary,no,1969,no,no,cellular,12,aug,6,-1,0,unknown,0,older
blue-collar,married,secondary,no,46,yes,no,cellular,15,jan,1,-1,0,unknown,0,older
blue-collar,married,primary,no,-317,yes,no,unknown,5,jun,2,-1,0,unknown,0,older
admin.,married,secondary,no,1208,no,no,cellular,17,nov,2,-1,0,unknown,0,young
blue-collar,married,secondary,no,1302,yes,no,unknown,7,may,2,-1,0,unknown,0,young
technician,married,secondary,no,696,no,no,unknown,17,jun,4,-1,0,unknown,0,young
management,married,tertiary,no,314,no,no,unknown,20,jun,2,-1,0,unknown,0,young
technician,married,secondary,no,12,yes,no,unknown,3,feb,2,-1,0,unknown,0,older
technician,single,secondary,no,-107,no,no,cellular,6,aug,5,-1,0,unknown,0,young
blue-collar,married,primary,no,802,yes,no,cellular,15,jun,4,375,4,failure,0,older
blue-collar,married,secondary,no,262,yes,no,cellular,21,aug,2,-1,0,unknown,0,older
admin.,married,secondary,no,1379,no,no,cellular,28,jul,4,-1,0,unknown,0,older
management,married,tertiary,no,1155,yes,no,unknown,5,jun,3,-1,0,unknown,0,young
technician,single,tertiary,no,160,no,no,cellular,26,jan,2,-1,0,unknown,0,young
blue-collar,single,secondary,no,589,yes,no,cellular,18,apr,1,-1,0,unknown,0,young
housemaid,married,primary,no,636,no,no,cellular,30,aug,19,-1,0,unknown,0,older
technician,single,tertiary,no,284,no,no,cellular,4,aug,2,-1,0,unknown,0,young
blue-collar,married,primary,no,63,yes,no,unknown,25,may,2,-1,0,unknown,0,young
admin.,married,secondary,no,1611,yes,no,cellular,21,aug,1,-1,0,unknown,0,young
technician,single,tertiary,no,-425,yes,no,cellular,18,aug,4,-1,0,unknown,0,young
retired,married,primary,no,758,no,no,cellular,6,aug,1,-1,0,unknown,0,older
admin.,married,secondary,no,977,yes,no,unknown,14,jun,6,-1,0,unknown,0,young
management,married,tertiary,no,-61,no,no,cellular,3,aug,1,97,1,success,1,young
technician,married,secondary,no,13,no,no,cellular,7,jul,4,-1,0,unknown,0,young
blue-collar,married,primary,no,480,no,no,cellular,7,feb,2,-1,0,unknown,0,older
blue-collar,married,primary,no,-293,no,no,cellular,22,jul,5,-1,0,unknown,0,young
admin.,married,secondary,no,10,no,no,cellular,28,aug,3,-1,0,unknown,0,young
management,married,tertiary,no,855,no,no,cellular,6,may,3,-1,0,unknown,0,older
blue-collar,married,secondary,no,-423,yes,no,cellular,7,may,2,-1,0,unknown,1,young
housemaid,married,secondary,no,66,yes,no,cellular,19,aug,6,-1,0,unknown,0,older
student,single,secondary,no,487,yes,no,cellular,18,apr,3,236,3,other,0,young
technician,married,secondary,no,799,yes,no,unknown,27,jun,3,-1,0,unknown,0,young
management,married,tertiary,no,752,no,no,cellular,3,may,2,-1,0,unknown,0,older
management,single,tertiary,no,321,no,no,unknown,3,jun,3,-1,0,unknown,0,young
management,single,tertiary,no,458,yes,no,cellular,14,may,2,-1,0,unknown,0,young
admin.,single,secondary,no,428,yes,no,cellular,17,nov,1,206,1,failure,0,young
student,single,secondary,no,353,no,no,cellular,28,jul,2,-1,0,unknown,0,young
technician,married,secondary,no,-463,yes,no,cellular,27,aug,5,-1,0,unknown,0,older
management,married,tertiary,no,347,yes,no,cellular,18,nov,1,123,1,failure,0,young
admin.,married,secondary,no,113,yes,no,cellular,7,may,1,274,7,failure,0,young
retired,married,primary,no,892,no,no,telephone,4,aug,5,-1,0,unknown,0,older
technician,married,secondary,no,940,no,no,cellular,19,aug,1,186,6,failure,0,older
blue-collar,married,primary,no,255,yes,no,unknown,13,may,4,-1,0,unknown,0,older
management,married,tertiary,no,308,yes,no,cellular,15,aug,3,-1,0,unknown,0,young
retired,married,primary,no,1273,no,no,cellular,12,may,2,194,3,success,1,older
blue-collar,married,secondary,no,62,no,no,unknown,9,may,2,-1,0,unknown,0,young
self-employed,married,tertiary,no,391,no,no,unknown,29,jun,2,-1,0,unknown,0,older
blue-collar,married,secondary,no,758,yes,no,unknown,3,jun,2,-1,0,unknown,0,young
blue-collar,married,secondary,no,827,yes,no,cellular,12,may,2,-1,0,unknown,0,young
technician,married,tertiary,no,171,no,no,cellular,27,aug,5,-1,0,unknown,0,older
technician,married,secondary,no,523,no,no,cellular,5,jul,2,-1,0,unknown,0,older
blue-collar,single,primary,no,682,no,no,cellular,4,oct,1,-1,0,unknown,0,young
technician,married,primary,no,460,no,no,cellular,14,may,7,-1,0,unknown,0,older
management,married,tertiary,no,539,no,no,cellular,31,aug,1,181,1,failure,0,older
management,married,tertiary,no,846,no,no,cellular,18,nov,1,-1,0,unknown,0,young
management,married,tertiary,no,479,yes,no,cellular,18,nov,5,-1,0,unknown,0,older
management,single,tertiary,no,305,no,no,cellular,24,aug,2,-1,0,unknown,0,young
blue-collar,married,secondary,no,-235,yes,no,cellular,19,apr,2,292,6,failure,0,older
admin.,single,secondary,no,717,yes,no,cellular,18,nov,2,-1,0,unknown,0,young
technician,married,secondary,no,8,no,no,cellular,22,feb,4,-1,0,unknown,0,young
technician,married,secondary,no,706,yes,no,unknown,3,jun,2,-1,0,unknown,0,older
blue-collar,married,secondary,no,618,no,no,cellular,13,aug,1,-1,0,unknown,0,older
technician,married,secondary,no,62,yes,yes,cellular,24,jul,1,-1,0,unknown,0,young
services,married,secondary,no,-431,yes,no,cellular,16,nov,1,-1,0,unknown,0,young
technician,single,secondary,no,601,no,no,cellular,20,nov,1,-1,0,unknown,0,young
retired,married,secondary,no,616,no,no,cellular,11,aug,3,-1,0,unknown,0,older
unknown,married,secondary,no,1432,no,no,cellular,5,aug,1,83,2,success,1,older
management,single,tertiary,no,415,yes,no,cellular,11,aug,5,-1,0,unknown,0,young
management,married,tertiary,no,1359,yes,no,cellular,8,may,4,-1,0,unknown,0,young
management,married,tertiary,no,408,no,no,cellular,10,mar,4,-1,0,unknown,0,young
technician,married,secondary,no,1030,yes,no,unknown,6,may,2,-1,0,unknown,0,older
management,single,tertiary,no,1074,no,no,cellular,12,aug,1,97,1,success,1,young
services,single,secondary,no,22,yes,no,cellular,15,jan,2,-1,0,unknown,0,young
technician,married,tertiary,no,703,no,no,cellular,30,aug,1,-1,0,unknown,0,older
management,married,tertiary,no,387,no,no,cellular,5,may,2,99,3,success,1,young
admin.,married,secondary,no,-338,no,no,cellular,12,jun,2,-1,0,unknown,0,older
technician,single,tertiary,no,748,no,no,cellular,20,nov,1,145,1,failure,0,young
admin.,married,secondary,no,640,yes,no,unknown,14,may,2,-1,0,unknown,0,older
management,married,tertiary,no,831,no,no,unknown,11,jun,2,-1,0,unknown,0,older
entrepreneur,married,tertiary,no,384,no,no,cellular,21,jul,3,-1,0,unknown,0,older
technician,married,secondary,no,-68,no,no,cellular,19,aug,4,-1,0,unknown,0,young
retired,married,primary,no,751,no,no,cellular,16,aug,1,-1,0,unknown,0,older
technician,married,secondary,no,1027,yes,no,cellular,24,jul,2,-1,0,unknown,0,young
technician,married,tertiary,no,908,no,no,cellular,29,aug,4,95,2,success,1,older
management,married,tertiary,no,354,no,no,cellular,21,aug,2,102,7,failure,0,young
blue-collar,married,primary,no,-564,yes,no,unknown,2,may,3,-1,0,unknown,0,older
blue-collar,married,secondary,no,-174,yes,no,cellular,16,may,2,-1,0,unknown,1,older
management,married,tertiary,no,58,yes,no,cellular,8,jul,3,-1,0,unknown,0,older
blue-collar,married,primary,no,873,no,no,cellular,8,jul,1,-1,0,unknown,0,older
admin.,single,secondary,no,334,yes,no,cellular,19,may,4,-1,0,unknown,0,young
technician,married,secondary,no,632,yes,no,cellular,17,nov,1,87,1,failure,0,young
blue-collar,single,secondary,no,-1,no,no,cellular,25,jan,1,-1,0,unknown,0,young
management,married,tertiary,no,1686,no,no,cellular,21,aug,5,-1,6,success,1,young
blue-collar,married,primary,no,218,no,no,telephone,9,may,2,-1,0,unknown,0,older
unknown,married,secondary,no,128,no,no,unknown,15,jun,2,-1,0,unknown,0,older
management,single,tertiary,no,438,no,no,cellular,24,aug,2,-1,0,unknown,0,young
technician,married,secondary,no,491,no,no,cellular,23,nov,1,-1,0,unknown,0,young
management,married,secondary,no,854,yes,no,unknown,4,jun,2,-1,0,unknown,0,older
retired,married,tertiary,no,3161,no,no,cellular,29,aug,1,-1,0,unknown,1,older
blue-collar,married,secondary,no,240,yes,no,cellular,21,aug,4,177,0,failure,0,older
management,married,tertiary,no,523,no,no,cellular,29,oct,1,-1,0,unknown,1,older
management,married,primary,no,985,yes,no,cellular,12,may,4,-1,0,unknown,0,older
technician,married,secondary,no,1020,yes,no,cellular,12,nov,2,-1,0,unknown,0,older
technician,married,secondary,no,144,yes,no,cellular,20,nov,1,-1,0,unknown,0,young
blue-collar,married,secondary,no,71,no,no,cellular,8,jul,2,-1,0,unknown,0,young
technician,married,secondary,no,1169,no,no,cellular,23,aug,5,-1,0,unknown,0,older
management,married,tertiary,no,117,no,no,cellular,20,aug,1,105,2,failure,0,young
management,married,tertiary,no,431,yes,no,cellular,14,jul,2,-1,0,unknown,0,young
management,married,tertiary,no,1505,no,no,cellular,20,aug,2,93,2,success,1,young
blue-collar,married,primary,no,992,no,no,cellular,25,jul,3,-1,0,unknown,0,older
blue-collar,married,secondary,no,1576,yes,no,cellular,28,aug,4,-1,0,unknown,0,young
services,married,secondary,no,903,no,no,cellular,18,nov,3,-1,0,unknown,0,young
blue-collar,single,primary,no,378,yes,no,cellular,12,nov,2,-1,0,unknown,0,young
management,married,tertiary,no,290,yes,no,cellular,7,may,2,280,2,failure,0,young
admin.,married,secondary,no,4,no,no,cellular,8,jul,2,-1,0,unknown,0,young
technician,single,secondary,no,64,yes,no,cellular,27,aug,2,-1,0,unknown,0,young
blue-collar,single,secondary,no,51,no,no,cellular,8,may,2,-1,0,unknown,0,young
technician,married,tertiary,no,811,no,no,cellular,26,oct,1,-1,0,unknown,1,young
technician,married,secondary,no,613,no,no,cellular,6,aug,4,-1,0,unknown,0,young
management,married,tertiary,no,-112,yes,no,cellular,20,nov,1,-1,0,unknown,0,young
admin.,married,secondary,no,149,yes,no,cellular,2,feb,2,-1,0,unknown,0,older
management,married,tertiary,no,1078,no,no,unknown,7,jun,2,-1,0,unknown,0,young
services,married,secondary,no,349,yes,no,unknown,2,jun,4,-1,0,unknown,0,older
management,single,tertiary,no,491,no,no,cellular,21,aug,4,88,3,success,1,young
management,married,tertiary,no,620,no,no,cellular,14,apr,3,-1,0,unknown,0,young
blue-collar,married,secondary,no,443,no,no,cellular,15,jan,3,-1,0,unknown,0,young
technician,married,secondary,no,462,yes,no,cellular,17,jul,4,-1,0,unknown,0,young
technician,single,secondary,no,509,yes,no,cellular,20,aug,3,-1,0,unknown,0,young
technician,married,secondary,no,263,yes,no,cellular,11,nov,1,-1,0,unknown,0,older
services,single,secondary,no,712,yes,no,cellular,20,apr,1,-1,0,unknown,0,young
management,single,tertiary,no,1543,yes,no,cellular,11,nov,2,-1,0,unknown,0,young
admin.,married,secondary,no,-323,no,no,cellular,21,nov,1,-1,1,unknown,0,older
management,married,tertiary,no,701,no,no,unknown,7,jun,2,-1,0,unknown,0,older
technician,single,secondary,no,1382,no,no,cellular,12,aug,4,-1,0,unknown,0,young
housemaid,married,secondary,no,-320,no,no,cellular,29,aug,4,-1,0,unknown,0,older
services,single,secondary,no,196,no,no,unknown,8,may,2,-1,0,unknown,0,young
technician,married,tertiary,no,92,yes,no,cellular,8,may,2,-1,0,unknown,0,young
technician,married,secondary,no,562,yes,no,cellular,11,may,13,-1,0,unknown,0,older
blue-collar,married,primary,no,433,no,no,unknown,18,jun,2,-1,0,unknown,0,older
blue-collar,married,primary,no,56,yes,no,cellular,19,nov,2,175,2,failure,0,older
management,married,tertiary,no,-42,yes,no,cellular,14,may,4,-1,0,unknown,0,older
admin.,married,secondary,no,396,yes,no,unknown,4,jun,5,-1,0,unknown,0,young
management,married,tertiary,no,1365,yes,no,unknown,22,may,2,-1,0,unknown,0,young
blue-collar,married,secondary,no,405,yes,no,cellular,23,nov,4,-1,0,unknown,0,young
retired,married,primary,no,157,no,no,telephone,17,jul,2,-1,0,unknown,0,older
services,single,secondary,no,414,no,no,cellular,15,jul,2,-1,0,unknown,0,young
blue-collar,married,secondary,no,192,yes,no,cellular,16,nov,1,-1,0,unknown,0,young
services,married,secondary,no,1210,yes,no,cellular,10,may,2,-1,0,unknown,0,young
management,single,tertiary,no,-318,no,no,cellular,28,aug,5,-1,0,unknown,0,young
blue-collar,single,secondary,no,-6,no,no,cellular,21,aug,1,94,2,success,0,young
technician,married,secondary,no,1003,yes,no,cellular,21,apr,2,-1,0,unknown,0,young
student,single,secondary,no,676,no,no,cellular,13,may,2,-1,0,unknown,0,young
technician,married,secondary,no,350,no,no,cellular,20,aug,4,-1,0,unknown,0,older
admin.,married,secondary,no,661,yes,no,cellular,5,apr,2,-1,0,unknown,0,young
services,married,secondary,no,-174,yes,yes,cellular,17,apr,2,376,3,failure,0,young
technician,married,secondary,no,731,yes,no,cellular,24,aug,1,-1,0,unknown,0,young
admin.,married,secondary,no,1109,yes,no,unknown,14,may,4,-1,0,unknown,0,young
technician,married,secondary,no,-39,no,no,cellular,29,aug,2,-1,0,unknown,0,older
blue-collar,married,primary,no,826,yes,no,cellular,18,apr,1,194,1,failure,0,young
blue-collar,married,secondary,no,686,yes,no,cellular,19,nov,1,-1,0,unknown,0,young
services,married,secondary,no,425,yes,no,unknown,19,jun,2,-1,0,unknown,0,young
management,single,tertiary,no,532,no,no,cellular,11,aug,4,-1,0,unknown,0,young
management,married,tertiary,no,213,yes,no,cellular,20,aug,4,-1,0,unknown,0,older
self-employed,married,tertiary,no,878,no,no,cellular,7,jul,2,-1,0,unknown,0,older
blue-collar,married,secondary,no,-376,yes,no,cellular,16,jul,2,-1,0,unknown,0,older
technician,married,tertiary,no,379,no,no,cellular,25,aug,4,-1,0,unknown,0,young
blue-collar,married,secondary,no,-197,no,no,cellular,19,aug,6,-1,0,unknown,0,older
blue-collar,single,primary,no,460,yes,no,unknown,14,may,2,-1,0,unknown,0,young
services,married,secondary,no,1037,yes,no,unknown,15,may,5,-1,0,unknown,0,older
admin.,married,secondary,no,818,yes,no,unknown,3,may,4,-1,0,unknown,0,older
services,married,secondary,no,678,yes,no,unknown,6,may,2,-1,0,unknown,0,young
management,single,tertiary,no,101,yes,no,cellular,6,apr,2,253,7,failure,0,young
blue-collar,married,secondary,no,678,yes,no,cellular,6,may,4,341,3,failure,0,older
management,married,tertiary,no,520,yes,no,unknown,5,may,2,-1,0,unknown,0,young
blue-collar,married,secondary,no,217,yes,no,cellular,13,nov,1,-1,0,unknown,0,older
blue-collar,married,secondary,no,893,no,no,cellular,18,aug,1,181,1,failure,0,older
technician,single,secondary,no,554,yes,no,unknown,14,may,2,-1,0,unknown,0,young
housemaid,married,primary,no,1551,no,no,cellular,21,aug,4,-1,0,unknown,0,older
blue-collar,married,secondary,no,-287,no,no,cellular,28,aug,2,-1,0,unknown,0,older
blue-collar,married,secondary,no,582,yes,no,cellular,17,nov,2,-1,0,unknown,0,older
admin.,married,secondary,no,379,yes,no,unknown,6,jun,2,-1,0,unknown,0,young
services,married,secondary,no,66,no,no,cellular,5,jul,2,-1,0,unknown,0,young
services,married,secondary,no,412,yes,no,cellular,14,nov,1,-1,0,unknown,0,older
technician,married,secondary,no,596,yes,no,cellular,19,feb,2,-1,0,unknown,0,young
management,single,tertiary,no,932,no,no,cellular,12,aug,4,-1,0,unknown,0,young
services,married,secondary,no,366,no,no,cellular,4,jun,5,-1,0,unknown,0,young
blue-collar,married,secondary,no,686,yes,no,cellular,20,nov,1,202,1,failure,0,young
blue-collar,married,primary,no,863,no,no,cellular,30,aug,2,182,1,failure,0,young
admin.,married,secondary,no,-224,yes,yes,cellular,12,jul,2,-1,0,unknown,0,older
management,married,tertiary,no,911,no,no,cellular,31,aug,5,-1,0,unknown,0,young
technician,married,tertiary,no,114,yes,no,cellular,2,nov,5,-1,0,unknown,0,young
blue-collar,married,primary,no,159,no,no,cellular,26,may,2,-1,0,unknown,0,young
technician,married,tertiary,no,2185,no,no,cellular,20,aug,2,88,1,success,1,young
management,married,tertiary,no,241,yes,no,cellular,15,jul,2,-1,0,unknown,0,older
management,married,tertiary,no,-186,yes,no,cellular,18,may,5,-1,0,unknown,0,older
technician,married,secondary,no,517,yes,no,unknown,14,may,2,-1,0,unknown,0,older
technician,married,secondary,no,1229,no,no,cellular,5,aug,1,-1,0,unknown,0,young
management,married,tertiary,no,1322,no,no,cellular,14,aug,1,-1,0,unknown,0,older
technician,married,secondary,no,-18,no,no,unknown,8,jun,2,-1,0,unknown,0,young
blue-collar,married,primary,no,129,no,no,cellular,26,jul,2,-1,0,unknown,0,young
blue-collar,single,secondary,no,-256,no,no,cellular,11,apr,1,-1,0,unknown,1,young
services,single,secondary,no,-278,yes,no,cellular,15,may,2,341,6,failure,0,young
retired,married,primary,no,-661,no,no,cellular,27,aug,1,-1,0,unknown,0,older
admin.,married,secondary,no,882,no,no,cellular,22,aug,4,-1,0,unknown,0,young
admin.,married,secondary,no,-382,yes,no,cellular,28,jan,2,-1,0,unknown,0,young
retired,married,secondary,no,-396,yes,no,unknown,22,jun,5,-1,0,unknown,0,older
retired,married,secondary,no,1376,no,no,cellular,19,aug,4,-1,0,unknown,0,older
blue-collar,single,secondary,no,-25,no,no,cellular,27,aug,4,-1,0,unknown,0,young
blue-collar,married,secondary,no,-109,yes,no,cellular,13,jul,5,-1,0,unknown,0,young
admin.,married,secondary,no,-421,yes,no,cellular,29,may,4,-1,0,unknown,0,young
technician,married,secondary,no,272,yes,no,unknown,13,may,4,-1,0,unknown,0,young
admin.,married,secondary,no,235,yes,no,cellular,2,nov,1,-1,0,unknown,0,young
admin.,married,secondary,no,-10,no,no,cellular,9,aug,2,-1,0,unknown,0,older
technician,married,secondary,no,258,yes,no,cellular,21,nov,1,-1,0,unknown,0,older
student,single,tertiary,no,799,no,no,cellular,4,aug,1,90,1,success,1,young
blue-collar,married,secondary,no,201,no,no,unknown,2,feb,2,-1,0,unknown,0,young
technician,married,secondary,no,392,no,no,unknown,6,jun,3,-1,0,unknown,0,older
management,married,secondary,no,447,yes,no,cellular,18,nov,8,192,6,failure,0,older
unknown,married,primary,no,162,no,no,unknown,3,jun,2,-1,0,unknown,0,older
blue-collar,single,secondary,no,973,yes,no,cellular,16,may,1,361,1,failure,0,young
services,married,secondary,no,-15,no,no,unknown,7,may,2,-1,0,unknown,0,older
blue-collar,married,secondary,no,484,yes,no,unknown,15,jun,2,-1,0,unknown,0,young
services,married,secondary,no,351,no,no,cellular,26,aug,13,-1,0,unknown,0,young
management,married,tertiary,no,419,no,no,unknown,15,jun,2,-1,0,unknown,0,young
management,single,tertiary,no,970,no,no,cellular,25,aug,1,103,6,success,1,young
management,married,tertiary,no,623,no,no,cellular,6,jun,1,95,5,success,1,young
technician,single,secondary,no,627,no,no,unknown,14,may,2,-1,0,unknown,0,young
technician,single,secondary,no,370,yes,no,cellular,22,nov,1,150,3,failure,0,young
blue-collar,married,secondary,no,145,yes,no,unknown,15,may,2,-1,0,unknown,0,young
technician,married,secondary,no,160,yes,no,unknown,24,jun,2,-1,0,unknown,0,older
technician,married,secondary,no,681,yes,no,cellular,22,jul,2,-1,0,unknown,0,young
management,married,tertiary,no,1130,yes,no,unknown,4,jun,2,-1,0,unknown,0,young
admin.,married,secondary,no,544,yes,no,cellular,19,nov,1,-1,0,unknown,0,young
technician,married,secondary,no,27,no,no,cellular,6,feb,3,-1,0,unknown,0,older
technician,married,tertiary,no,185,no,no,cellular,29,aug,1,80,6,success,1,older
blue-collar,married,secondary,no,216,yes,no,unknown,13,may,4,-1,0,unknown,0,older
technician,married,secondary,no,1001,no,no,unknown,5,may,2,-1,0,unknown,0,young
admin.,married,secondary,no,70,yes,no,unknown,27,may,2,-1,0,unknown,0,young
management,married,tertiary,no,-53,no,no,unknown,15,may,2,-1,0,unknown,0,older
blue-collar,married,primary,no,-180,no,no,cellular,6,aug,2,-1,0,unknown,0,older
admin.,married,secondary,no,846,yes,no,unknown,20,jun,3,-1,0,unknown,0,older
admin.,married,secondary,no,409,yes,no,unknown,15,jun,2,-1,0,unknown,0,older
services,married,secondary,no,138,no,no,cellular,16,feb,6,-1,0,unknown,0,young
management,married,tertiary,no,136,yes,no,cellular,16,jul,4,-1,0,unknown,0,young
entrepreneur,married,tertiary,no,389,yes,no,unknown,6,jun,3,-1,0,unknown,0,young
blue-collar,single,secondary,no,81,no,no,cellular,20,aug,1,96,4,success,1,young
blue-collar,married,primary,no,-16,no,no,unknown,8,may,2,-1,0,unknown,0,older
blue-collar,married,primary,no,574,no,no,cellular,6,oct,1,-1,0,unknown,0,older
technician,married,secondary,no,841,yes,no,cellular,3,jul,3,-1,0,unknown,0,young
management,married,tertiary,no,630,yes,no,unknown,16,jun,4,-1,0,unknown,0,young
blue-collar,married,primary,no,1027,yes,no,cellular,13,jan,1,-1,0,unknown,0,young
services,married,secondary,no,-26,no,no,cellular,19,jul,5,-1,0,unknown,0,older
technician,married,secondary,no,1077,no,no,cellular,6,nov,1,-1,0,unknown,1,young
blue-collar,married,primary,no,756,yes,no,cellular,6,feb,1,260,4,failure,0,older
admin.,married,secondary,no,1047,yes,no,cellular,19,nov,1,223,1,failure,0,older
technician,married,secondary,no,136,yes,no,cellular,8,may,2,-1,0,unknown,0,young
technician,married,secondary,no,-650,no,no,cellular,4,sep,3,109,3,failure,0,young
blue-collar,married,secondary,no,0,yes,no,cellular,14,aug,6,-1,0,unknown,0,older
management,married,tertiary,no,134,no,no,cellular,6,oct,1,183,1,success,1,older
blue-collar,married,primary,no,239,no,no,cellular,9,jul,2,-1,0,unknown,0,young
blue-collar,single,primary,no,610,yes,no,unknown,22,jun,7,-1,0,unknown,0,young
admin.,married,secondary,no,784,yes,no,cellular,13,may,1,341,1,failure,0,young
services,married,secondary,no,161,yes,no,unknown,24,jun,2,-1,0,unknown,0,young
management,single,tertiary,no,-47,no,no,unknown,8,jun,2,-1,0,unknown,0,young
management,married,tertiary,no,242,yes,no,cellular,21,jul,2,-1,0,unknown,0,older
technician,married,secondary,no,892,no,no,cellular,30,aug,5,-1,0,unknown,0,older
technician,married,tertiary,no,42,no,no,cellular,1,jun,1,89,1,success,1,young
blue-collar,single,secondary,no,256,no,no,cellular,6,jan,1,60,3,failure,0,young
management,married,tertiary,no,1786,yes,no,cellular,20,aug,5,93,4,success,1,young
entrepreneur,married,tertiary,no,657,yes,no,cellular,18,jul,4,-1,0,unknown,0,young
blue-collar,married,secondary,no,801,no,no,cellular,23,jul,1,-1,0,unknown,0,young
unknown,married,secondary,no,809,no,no,unknown,3,jun,3,-1,0,unknown,0,older
blue-collar,married,secondary,no,-808,yes,no,unknown,14,jun,2,-1,0,unknown,0,young
services,married,secondary,no,217,yes,no,unknown,18,jun,4,-1,0,unknown,0,older
technician,married,secondary,no,517,yes,no,cellular,20,aug,4,171,6,failure,0,older
blue-collar,married,primary,no,631,yes,no,unknown,22,jun,11,-1,0,unknown,0,young
admin.,married,secondary,no,650,no,no,cellular,20,jul,2,-1,0,unknown,0,older
admin.,married,secondary,no,356,yes,no,cellular,16,may,2,-1,0,unknown,0,young
admin.,married,secondary,no,785,yes,no,unknown,7,jun,2,-1,0,unknown,0,older
technician,married,secondary,no,461,no,no,cellular,16,aug,2,-1,0,unknown,0,young
admin.,married,secondary,no,729,yes,no,cellular,11,aug,4,-1,0,unknown,0,young
unknown,married,secondary,no,-178,no,no,unknown,13,jun,2,-1,0,unknown,0,older
housemaid,married,secondary,no,479,no,no,cellular,20,aug,4,-1,0,unknown,0,older
management,married,tertiary,no,1040,no,no,cellular,20,aug,1,64,1,failure,0,young
blue-collar,married,secondary,no,-89,yes,no,cellular,20,feb,1,-1,0,unknown,0,older
housemaid,married,secondary,no,866,no,no,cellular,28,aug,1,-1,0,unknown,1,young
technician,married,secondary,no,-317,no,no,cellular,25,aug,6,-1,0,unknown,0,older
blue-collar,single,secondary,no,103,yes,no,unknown,15,may,2,-1,0,unknown,0,young
services,married,secondary,no,280,yes,no,cellular,18,nov,1,110,1,failure,0,young
management,single,tertiary,no,605,no,no,cellular,28,may,2,219,2,failure,0,young
technician,married,secondary,no,1091,yes,no,unknown,13,may,2,-1,0,unknown,0,young
technician,married,secondary,no,419,yes,no,cellular,15,may,6,-1,0,unknown,0,young
blue-collar,married,secondary,no,516,yes,no,cellular,17,aug,2,-1,0,unknown,0,older
admin.,single,secondary,no,383,no,no,cellular,19,aug,1,-1,1,unknown,0,young
admin.,married,secondary,no,1058,yes,no,cellular,1,feb,4,-1,0,unknown,0,young
student,single,secondary,no,783,no,no,cellular,15,feb,1,200,3,failure,0,young
management,single,tertiary,no,328,yes,no,unknown,21,jun,4,-1,0,unknown,0,young
services,single,secondary,no,650,yes,no,cellular,29,aug,1,0,0,unknown,0,young
management,married,tertiary,no,750,yes,no,cellular,7,nov,2,-1,0,unknown,0,older
technician,single,secondary,no,293,yes,no,cellular,19,may,5,-1,0,unknown,0,young
admin.,married,secondary,no,142,yes,no,cellular,18,nov,1,-1,0,unknown,0,young
management,married,tertiary,no,226,yes,no,cellular,1,may,4,-1,0,unknown,0,young
management,married,tertiary,no,231,yes,no,cellular,20,nov,1,135,1,failure,0,older
technician,married,secondary,no,130,yes,no,cellular,20,aug,1,157,1,failure,0,older
admin.,single,secondary,no,-244,yes,no,unknown,15,may,2,-1,0,unknown,0,young
technician,single,secondary,no,790,no,no,cellular,1,feb,2,-1,0,unknown,0,young
blue-collar,married,primary,no,803,no,no,cellular,29,aug,1,91,0,success,1,young
management,married,tertiary,no,876,yes,no,cellular,19,aug,2,-1,0,unknown,0,older
management,married,tertiary,no,-207,yes,no,cellular,3,nov,6,-1,0,unknown,0,older
management,married,tertiary,no,218,yes,no,cellular,14,aug,2,-1,0,unknown,0,young
admin.,single,secondary,no,987,no,no,cellular,29,jul,4,-1,0,unknown,0,young
admin.,married,secondary,no,696,yes,no,unknown,22,jun,4,-1,0,unknown,0,older
management,married,tertiary,no,-52,yes,no,cellular,21,nov,1,125,2,failure,0,young
blue-collar,married,primary,no,598,yes,no,cellular,14,aug,5,-1,0,unknown,0,older
admin.,married,secondary,no,9,no,no,cellular,6,feb,2,-1,0,unknown,0,young
blue-collar,married,secondary,no,71,yes,no,unknown,3,jun,2,-1,0,unknown,0,young
blue-collar,married,secondary,no,-152,no,no,cellular,21,aug,4,-1,0,unknown,0,young
management,married,tertiary,no,1841,no,no,cellular,21,aug,4,93,4,success,1,older
blue-collar,married,primary,no,548,yes,no,cellular,21,nov,1,-1,0,unknown,0,older
services,married,secondary,no,1677,yes,no,unknown,16,jun,3,-1,0,unknown,0,young
management,married,secondary,no,792,yes,no,cellular,15,may,2,-1,0,unknown,0,young
housemaid,married,secondary,no,473,no,no,unknown,12,may,2,-1,0,unknown,0,older
management,married,tertiary,no,154,yes,no,cellular,29,jan,2,-1,0,unknown,0,older
entrepreneur,married,secondary,no,633,yes,no,cellular,20,jul,2,-1,0,unknown,0,older
admin.,married,secondary,no,925,yes,no,cellular,16,nov,5,-1,0,unknown,0,older
technician,married,secondary,no,398,yes,no,cellular,1,nov,3,-1,0,unknown,0,young
management,married,secondary,no,675,yes,no,cellular,18,apr,2,267,6,failure,0,older
blue-collar,married,primary,no,80,yes,no,unknown,6,jun,3,-1,0,unknown,0,older
entrepreneur,married,tertiary,no,659,no,no,unknown,8,may,3,-1,0,unknown,0,young
blue-collar,married,primary,no,664,yes,no,cellular,18,apr,2,369,4,failure,0,older
admin.,married,secondary,no,1048,no,no,cellular,3,nov,1,-1,0,unknown,0,older
management,married,tertiary,no,648,no,no,cellular,25,aug,3,-1,0,unknown,0,older
blue-collar,single,secondary,no,39,no,no,cellular,17,nov,1,195,1,failure,0,young
admin.,married,secondary,no,563,yes,no,cellular,2,may,2,-1,0,unknown,0,older
blue-collar,married,secondary,no,-477,no,no,unknown,20,jun,2,-1,0,unknown,0,older
blue-collar,married,secondary,no,104,yes,no,unknown,18,may,2,-1,0,unknown,0,older
technician,single,tertiary,no,-1,yes,no,cellular,14,may,2,358,3,failure,0,young
management,married,tertiary,no,937,no,no,telephone,1,feb,6,-1,0,unknown,0,older
admin.,married,secondary,no,133,yes,no,cellular,16,apr,2,-1,0,unknown,0,older
management,married,tertiary,no,217,yes,no,cellular,12,aug,4,-1,0,unknown,0,older
admin.,married,secondary,no,720,no,no,cellular,24,aug,1,99,3,success,1,young
management,married,tertiary,no,750,yes,no,cellular,16,aug,3,-1,0,unknown,0,young
management,married,tertiary,no,771,no,no,cellular,9,jun,2,-1,0,unknown,1,young
blue-collar,single,secondary,no,668,yes,no,unknown,17,may,4,-1,0,unknown,0,young
admin.,married,secondary,no,175,no,no,cellular,2,nov,1,-1,0,unknown,0,older
technician,married,secondary,no,654,no,no,cellular,14,aug,4,-1,0,unknown,0,young
technician,single,secondary,no,-2,no,no,cellular,5,feb,2,-1,0,unknown,0,young
blue-collar,married,primary,no,505,yes,no,cellular,6,may,4,-1,0,unknown,0,older
admin.,married,secondary,no,566,no,no,unknown,5,jun,2,-1,0,unknown,0,young
blue-collar,married,primary,no,-315,yes,no,unknown,16,jun,3,-1,0,unknown,0,older
services,married,secondary,no,1261,yes,no,unknown,2,may,2,-1,0,unknown,0,older
management,single,tertiary,no,264,no,no,cellular,24,feb,6,-1,0,unknown,0,young
self-employed,single,tertiary,no,21,no,no,cellular,5,jul,3,-1,0,unknown,0,young
technician,single,secondary,no,1027,yes,no,cellular,17,nov,1,193,6,failure,0,young
services,married,secondary,no,758,yes,no,cellular,1,apr,2,-1,0,unknown,0,older
admin.,married,secondary,no,544,yes,no,cellular,21,jul,1,-1,0,unknown,0,older
technician,married,secondary,no,284,yes,no,unknown,9,may,4,-1,0,unknown,0,older
retired,married,primary,no,800,yes,no,unknown,14,may,2,-1,0,unknown,0,older
admin.,married,secondary,no,428,no,no,unknown,2,jun,2,-1,0,unknown,0,older
technician,married,tertiary,no,-90,no,no,cellular,7,apr,1,-1,0,unknown,1,young
management,married,tertiary,no,690,yes,no,cellular,18,nov,1,188,6,failure,0,young
management,married,tertiary,no,173,no,no,cellular,7,aug,1,95,6,success,1,older
blue-collar,married,secondary,no,872,yes,no,cellular,9,may,3,-1,0,unknown,0,older
admin.,married,secondary,no,116,yes,no,unknown,26,may,2,-1,0,unknown,0,young
retired,married,tertiary,no,1695,yes,no,cellular,16,aug,4,-1,0,unknown,0,older
technician,single,secondary,no,516,no,no,cellular,26,aug,4,-1,0,unknown,0,young
technician,single,tertiary,no,395,yes,no,cellular,5,jan,1,185,6,failure,0,young
management,married,tertiary,no,289,yes,no,cellular,17,aug,5,-1,0,unknown,0,older
technician,married,secondary,no,752,no,no,cellular,26,aug,3,-1,0,unknown,0,older
admin.,married,secondary,no,-52,yes,no,cellular,12,apr,3,-1,0,unknown,0,young
management,married,tertiary,no,464,yes,no,cellular,19,aug,5,90,6,success,0,young
technician,married,secondary,no,324,yes,no,unknown,18,jun,14,-1,0,unknown,0,young
management,married,tertiary,no,8,yes,no,unknown,4,may,2,-1,0,unknown,0,young
technician,single,secondary,no,456,yes,no,unknown,22,jun,4,-1,0,unknown,0,young
management,married,tertiary,no,446,no,no,unknown,16,jun,2,-1,0,unknown,1,older
services,single,secondary,no,758,yes,no,cellular,16,nov,5,-1,0,unknown,0,young
management,married,tertiary,no,-3,yes,no,cellular,18,nov,2,188,3,failure,0,older
admin.,married,secondary,no,43,yes,no,cellular,17,nov,1,130,1,failure,0,young
admin.,married,secondary,no,1100,yes,no,cellular,6,may,2,-1,0,unknown,0,young
management,married,tertiary,no,1312,yes,no,cellular,14,nov,2,-1,0,unknown,0,young
retired,married,secondary,no,1512,yes,no,cellular,6,may,5,-1,0,unknown,0,older
technician,married,secondary,no,2019,yes,no,unknown,21,jun,2,-1,0,unknown,0,older
blue-collar,single,primary,no,11,yes,no,unknown,14,may,4,-1,0,unknown,0,young
technician,single,tertiary,no,591,no,no,cellular,4,apr,1,172,1,success,1,young
retired,married,primary,no,1862,no,no,cellular,29,oct,1,92,2,success,1,older
management,married,tertiary,no,187,yes,no,cellular,17,nov,2,181,2,failure,0,older
blue-collar,married,secondary,no,893,no,no,cellular,3,nov,1,-1,0,unknown,0,older
management,married,tertiary,no,391,yes,no,cellular,13,may,1,346,4,failure,0,older
student,single,secondary,no,609,yes,no,cellular,16,jul,3,-1,0,unknown,0,young
services,married,secondary,no,274,no,no,cellular,3,feb,3,-1,0,unknown,0,older
management,married,tertiary,no,826,yes,no,cellular,13,aug,5,-1,0,unknown,0,older
technician,married,secondary,no,-16,no,yes,cellular,8,jul,1,-1,0,unknown,0,older
management,married,tertiary,no,1301,no,no,cellular,20,aug,5,-1,4,success,1,young
blue-collar,married,primary,no,408,yes,no,cellular,18,aug,5,-1,0,unknown,0,older
blue-collar,married,secondary,no,466,yes,no,cellular,17,aug,3,0,2,failure,0,older
blue-collar,married,secondary,no,952,yes,no,cellular,8,may,2,330,4,failure,0,young
management,single,tertiary,no,619,no,no,cellular,21,aug,3,100,4,success,1,young
technician,married,secondary,no,50,no,no,cellular,11,may,4,-1,0,unknown,0,young
management,single,tertiary,no,36,no,no,cellular,20,aug,5,-1,0,unknown,0,young
technician,married,secondary,no,275,yes,no,cellular,24,nov,3,-1,0,unknown,0,young
management,married,tertiary,no,498,no,no,cellular,5,may,2,274,2,failure,0,young
services,married,secondary,no,1023,yes,no,cellular,11,aug,2,-1,0,unknown,0,older
technician,married,secondary,no,522,yes,no,cellular,17,nov,1,-1,0,unknown,0,young
technician,single,secondary,no,280,no,no,cellular,6,aug,2,-1,0,unknown,0,young
technician,married,secondary,no,1151,yes,no,cellular,27,aug,5,-1,0,unknown,0,older
admin.,married,secondary,no,940,no,no,cellular,22,aug,5,-1,0,unknown,0,older
blue-collar,married,primary,no,26,yes,no,cellular,14,jul,2,-1,0,unknown,0,young
admin.,single,secondary,no,530,yes,no,cellular,16,jul,6,-1,0,unknown,0,young
blue-collar,married,secondary,no,2,no,no,cellular,20,aug,4,-1,0,unknown,0,older
blue-collar,married,primary,no,93,yes,no,cellular,30,jan,1,-1,0,unknown,0,young
blue-collar,married,primary,no,800,yes,no,cellular,2,nov,2,-1,0,unknown,0,older
technician,single,secondary,no,869,yes,no,cellular,9,jul,2,-1,0,unknown,0,young
technician,married,secondary,no,88,yes,no,unknown,15,may,5,-1,0,unknown,0,older
blue-collar,married,secondary,no,493,yes,no,unknown,22,jun,2,-1,0,unknown,0,young
blue-collar,married,secondary,no,736,yes,no,cellular,13,apr,5,-1,0,unknown,0,older
blue-collar,married,secondary,no,-128,yes,no,cellular,1,jul,2,-1,0,unknown,0,older
services,married,secondary,no,765,yes,no,cellular,16,may,2,283,6,failure,0,older
blue-collar,married,secondary,no,-8,no,no,cellular,21,aug,2,181,4,success,0,older
management,married,tertiary,no,327,no,no,cellular,29,aug,2,100,3,failure,0,young
management,married,tertiary,no,86,yes,no,unknown,10,jun,2,-1,0,unknown,0,older
technician,single,secondary,no,1258,yes,no,unknown,12,jun,2,-1,0,unknown,0,young
technician,married,secondary,no,699,yes,no,cellular,29,aug,1,-1,0,unknown,0,older
management,single,tertiary,no,3,no,no,cellular,20,may,2,-1,0,unknown,0,young
services,single,secondary,no,18,no,no,cellular,9,jul,1,-1,0,unknown,0,young
technician,married,tertiary,no,223,no,no,cellular,12,aug,1,-1,0,unknown,0,young
retired,married,primary,no,85,no,no,telephone,15,jun,4,-1,0,unknown,0,older
admin.,single,secondary,no,774,yes,no,unknown,6,may,2,-1,0,unknown,0,young
technician,married,secondary,no,-11,no,no,cellular,14,jul,5,-1,0,unknown,0,young
admin.,married,secondary,no,244,no,no,cellular,20,aug,4,-1,0,unknown,0,young
blue-collar,married,secondary,no,707,yes,no,cellular,6,may,2,-1,0,unknown,0,young
management,married,tertiary,no,634,no,no,unknown,6,jun,3,-1,0,unknown,0,older
management,married,tertiary,no,-56,no,no,cellular,5,jul,2,-1,0,unknown,0,young
management,married,tertiary,no,395,yes,no,unknown,6,jun,3,-1,0,unknown,0,young
services,married,secondary,no,6,yes,no,unknown,7,may,4,-1,0,unknown,0,young
services,married,secondary,no,435,no,no,cellular,9,jul,2,-1,0,unknown,0,older
services,single,secondary,no,-11,yes,no,cellular,3,may,1,266,2,failure,0,young
management,married,tertiary,no,132,no,no,cellular,20,aug,2,-1,0,unknown,0,older
blue-collar,married,secondary,no,240,yes,no,cellular,1,apr,2,-1,0,unknown,0,older
management,married,tertiary,no,362,yes,no,cellular,17,apr,1,264,1,failure,0,young
student,single,secondary,no,790,no,no,cellular,16,aug,4,-1,0,unknown,0,young
management,married,tertiary,no,1175,no,no,cellular,15,jul,6,-1,0,unknown,0,older
technician,married,secondary,no,-356,yes,no,cellular,30,jan,1,-1,0,unknown,0,young
technician,married,secondary,no,86,yes,no,cellular,22,nov,1,-1,0,unknown,0,young
admin.,married,secondary,no,792,no,no,unknown,16,may,3,-1,0,unknown,0,older
retired,married,primary,no,657,yes,no,cellular,18,nov,2,183,2,failure,0,older
management,married,tertiary,no,-176,yes,no,cellular,26,apr,2,-1,0,unknown,0,young
blue-collar,married,primary,no,-282,no,no,cellular,21,nov,1,-1,0,unknown,0,older
retired,married,secondary,no,320,yes,no,unknown,15,jun,4,-1,0,unknown,0,older
blue-collar,married,secondary,no,813,yes,no,cellular,5,jul,2,-1,0,unknown,0,young
technician,married,secondary,no,556,yes,no,unknown,26,jun,3,-1,0,unknown,0,young
technician,married,secondary,no,240,yes,no,cellular,17,nov,2,183,8,failure,0,older
blue-collar,married,secondary,no,59,no,no,cellular,8,jul,1,-1,0,unknown,0,young
blue-collar,married,secondary,no,942,no,no,cellular,29,aug,1,-1,0,unknown,1,young
technician,married,secondary,no,1398,yes,no,cellular,19,jul,4,-1,0,unknown,0,young
admin.,married,secondary,no,469,yes,no,cellular,13,aug,4,-1,0,unknown,0,young
technician,single,secondary,no,874,yes,no,cellular,22,nov,1,166,3,failure,0,young
management,single,tertiary,no,-626,yes,no,cellular,16,apr,3,-1,0,unknown,0,young
management,single,tertiary,no,581,yes,no,unknown,14,may,2,-1,0,unknown,0,young
entrepreneur,married,secondary,no,790,yes,no,cellular,2,apr,4,-1,0,unknown,0,older
technician,single,secondary,no,1162,yes,no,cellular,14,aug,5,-1,0,unknown,0,young
management,married,tertiary,no,75,yes,no,cellular,17,nov,2,116,6,failure,0,young
student,single,tertiary,no,1006,no,no,unknown,3,jun,2,-1,0,unknown,1,young
management,married,tertiary,no,875,no,no,cellular,14,jul,2,-1,0,unknown,0,older
technician,single,tertiary,no,-157,yes,no,unknown,15,jun,2,-1,0,unknown,0,young
management,married,tertiary,no,3347,no,no,cellular,21,aug,1,-1,0,unknown,0,older
student,single,tertiary,no,666,no,no,cellular,28,aug,1,-1,0,unknown,0,young
blue-collar,married,primary,no,-69,yes,no,unknown,9,jun,3,-1,0,unknown,0,young
services,married,secondary,no,54,no,no,cellular,24,jul,5,-1,0,unknown,0,young
management,married,tertiary,no,679,no,no,cellular,20,aug,3,-1,0,unknown,0,young
blue-collar,married,secondary,no,268,yes,no,unknown,4,may,2,-1,0,unknown,0,older
management,married,tertiary,no,381,no,no,cellular,12,aug,3,-1,0,unknown,0,older
admin.,married,secondary,no,-213,yes,no,cellular,16,jul,4,-1,0,unknown,0,young
management,married,tertiary,no,708,yes,no,cellular,13,aug,2,-1,0,unknown,0,older
admin.,married,secondary,no,702,yes,no,cellular,28,may,1,264,2,failure,0,young
admin.,single,secondary,no,557,yes,no,cellular,15,may,5,-1,0,unknown,0,young
admin.,married,secondary,no,-214,yes,no,cellular,13,jul,3,-1,0,unknown,0,young
management,married,tertiary,no,940,no,no,cellular,9,oct,2,-1,0,unknown,0,older
technician,married,secondary,no,850,yes,no,cellular,12,may,5,-1,0,unknown,0,young
blue-collar,single,secondary,no,925,yes,no,unknown,1,jun,2,-1,0,unknown,0,young
technician,married,secondary,no,481,no,no,cellular,9,aug,1,-1,0,unknown,0,older
management,married,tertiary,no,957,yes,no,unknown,17,jun,2,-1,0,unknown,0,young
admin.,married,secondary,no,244,no,no,cellular,29,aug,1,-1,0,unknown,0,young
technician,married,secondary,no,366,yes,no,unknown,20,jun,2,-1,0,unknown,0,older
management,single,tertiary,no,1210,no,no,cellular,20,aug,5,97,6,success,1,young
blue-collar,married,primary,no,-172,no,no,cellular,2,nov,4,-1,0,unknown,0,older
admin.,married,secondary,no,849,yes,no,unknown,14,may,2,-1,0,unknown,0,older
technician,married,secondary,no,377,yes,no,cellular,7,jul,2,-1,0,unknown,0,older
management,married,tertiary,no,-298,no,no,cellular,14,jan,1,-1,0,unknown,0,young
management,married,tertiary,no,869,no,no,cellular,25,may,2,-1,0,unknown,0,older
technician,married,secondary,no,1014,yes,no,cellular,15,nov,2,-1,0,unknown,0,older
technician,married,secondary,no,447,yes,no,cellular,22,aug,5,-1,0,unknown,0,young
blue-collar,married,secondary,no,195,yes,no,cellular,4,may,2,-1,0,unknown,0,young
admin.,married,secondary,no,606,no,no,cellular,29,aug,4,-1,6,success,1,young
blue-collar,married,secondary,no,150,no,no,cellular,4,feb,1,90,4,success,0,older
blue-collar,married,secondary,no,-312,yes,no,cellular,15,may,4,-1,0,unknown,0,young
blue-collar,married,secondary,no,-71,yes,no,unknown,15,may,2,-1,0,unknown,0,young
services,married,secondary,no,-370,yes,no,unknown,19,jun,2,-1,0,unknown,0,older
technician,married,secondary,no,-176,yes,no,cellular,14,nov,2,-1,0,unknown,0,older
management,married,tertiary,no,430,yes,no,cellular,14,may,1,350,1,failure,0,older
services,married,secondary,no,1212,no,no,unknown,4,jun,4,-1,0,unknown,0,young
admin.,married,secondary,no,1202,no,no,cellular,19,jul,1,-1,0,unknown,0,young
technician,single,secondary,no,1235,yes,no,unknown,17,may,5,-1,0,unknown,0,young
blue-collar,married,secondary,no,-27,no,no,unknown,3,jun,2,-1,0,unknown,0,young
technician,married,secondary,no,697,yes,no,unknown,5,may,2,-1,0,unknown,0,older
retired,married,secondary,no,681,no,no,cellular,18,nov,1,-1,0,unknown,0,older
blue-collar,single,secondary,no,1110,no,no,cellular,28,jan,2,-1,0,unknown,0,young
services,married,secondary,no,-512,yes,no,cellular,14,jan,2,-1,0,unknown,0,young
services,married,secondary,no,-47,no,no,cellular,20,aug,1,-1,1,unknown,0,older
student,single,secondary,no,284,no,no,cellular,7,oct,1,-1,0,unknown,1,young
admin.,married,secondary,no,479,yes,no,cellular,21,apr,2,291,4,failure,0,young
management,married,tertiary,no,813,no,no,cellular,28,aug,2,-1,0,unknown,1,young
technician,married,secondary,no,-458,yes,no,cellular,16,nov,1,-1,0,unknown,0,young
services,married,secondary,no,361,yes,no,unknown,15,may,2,-1,0,unknown,0,young
management,married,tertiary,no,78,yes,no,cellular,13,may,4,-1,0,unknown,0,older
technician,single,tertiary,no,93,no,no,cellular,21,jun,2,-1,0,unknown,0,young
management,married,tertiary,no,370,yes,no,cellular,18,apr,1,340,1,failure,0,young
blue-collar,married,primary,no,932,no,no,telephone,7,jun,2,-1,0,unknown,1,older
technician,married,secondary,no,703,yes,no,unknown,27,jun,2,-1,0,unknown,0,older
blue-collar,married,secondary,no,-552,yes,no,cellular,7,jul,5,-1,0,unknown,0,older
admin.,married,secondary,no,253,no,no,cellular,17,jul,2,-1,0,unknown,0,older
technician,married,secondary,no,165,yes,no,cellular,3,apr,1,-1,0,unknown,0,young
blue-collar,married,primary,no,715,yes,no,cellular,22,nov,1,-1,0,failure,0,young
student,single,secondary,no,637,yes,no,cellular,13,apr,2,190,3,failure,0,young
management,married,tertiary,no,-448,no,no,cellular,5,feb,12,-1,0,unknown,0,young
retired,married,primary,no,367,no,no,cellular,12,may,1,146,5,success,1,older
management,single,tertiary,no,846,yes,no,cellular,13,may,4,-1,0,unknown,0,young
admin.,married,secondary,no,246,yes,no,cellular,13,may,2,-1,0,unknown,0,older
technician,married,secondary,no,-48,no,no,cellular,29,jul,2,-1,0,unknown,0,young
blue-collar,married,primary,no,6,yes,no,unknown,4,may,5,-1,0,unknown,0,older
management,married,tertiary,no,20,no,no,cellular,9,jul,1,-1,0,unknown,0,young
services,married,secondary,no,-277,no,no,cellular,25,aug,6,-1,0,unknown,0,older
retired,married,primary,no,761,no,no,cellular,2,apr,1,7,1,failure,1,older
technician,married,secondary,no,1296,yes,no,unknown,19,jun,2,-1,0,unknown,0,young
technician,single,secondary,no,622,yes,no,cellular,17,apr,1,-1,0,unknown,0,young
management,single,tertiary,no,469,yes,no,cellular,22,nov,1,-1,0,unknown,0,young
blue-collar,married,primary,no,-89,yes,no,cellular,20,nov,1,-1,0,unknown,0,young
blue-collar,married,primary,no,91,yes,no,cellular,20,apr,1,-1,0,unknown,0,older
admin.,married,secondary,no,798,no,no,cellular,29,aug,1,87,1,success,1,young
student,single,tertiary,no,355,yes,no,cellular,19,aug,5,90,4,success,1,young
blue-collar,single,primary,no,-104,yes,no,cellular,17,apr,1,-1,0,unknown,0,young
blue-collar,married,primary,no,520,yes,no,cellular,16,nov,4,-1,0,unknown,0,older
management,married,tertiary,no,23,yes,no,cellular,5,jan,1,191,1,failure,0,young
management,married,tertiary,no,973,yes,no,unknown,8,jun,2,-1,0,unknown,0,young
retired,married,primary,no,738,no,no,cellular,4,feb,1,175,2,failure,0,older
retired,married,secondary,no,98,no,no,unknown,28,jun,2,-1,0,unknown,0,older
management,married,tertiary,no,-92,no,no,cellular,8,jul,5,-1,0,unknown,0,older
housemaid,married,primary,no,743,no,no,unknown,2,jun,2,-1,0,unknown,0,older
technician,single,tertiary,no,-377,yes,no,cellular,15,apr,2,-1,0,unknown,0,young
management,married,tertiary,no,479,yes,no,unknown,27,jun,2,-1,0,unknown,0,young
admin.,married,secondary,no,534,yes,no,unknown,6,may,2,-1,0,unknown,0,older
services,single,secondary,no,153,no,no,cellular,19,aug,5,-1,0,unknown,1,young
services,married,secondary,no,67,no,no,cellular,30,aug,2,-1,0,unknown,0,young
management,single,tertiary,no,76,yes,no,cellular,27,jan,1,-1,0,unknown,0,young
services,married,secondary,no,984,yes,no,cellular,5,may,2,342,5,failure,0,older
management,single,tertiary,no,679,yes,no,cellular,20,aug,4,182,3,success,1,young
technician,married,secondary,no,463,no,no,cellular,8,jul,3,-1,0,unknown,0,older
technician,married,secondary,no,-163,no,no,unknown,5,jun,2,-1,0,unknown,0,young
admin.,single,secondary,no,-63,yes,no,cellular,17,jul,3,-1,0,unknown,0,young
management,married,tertiary,no,18,no,no,cellular,19,aug,1,-1,0,unknown,0,older
management,single,tertiary,no,242,yes,no,cellular,20,jul,2,-1,0,unknown,0,young
management,married,tertiary,no,-276,yes,no,cellular,21,jul,2,-1,0,unknown,0,young
blue-collar,married,secondary,no,642,yes,no,cellular,19,aug,5,-1,0,unknown,0,young
technician,married,secondary,no,1599,no,no,unknown,26,may,3,-1,0,unknown,0,young
retired,married,primary,no,209,no,no,cellular,3,nov,1,-1,0,unknown,0,older
services,single,secondary,no,378,yes,no,unknown,24,jun,5,-1,0,unknown,0,young
blue-collar,married,primary,no,685,no,no,cellular,27,aug,16,-1,0,unknown,0,young
technician,married,secondary,no,764,yes,no,cellular,17,may,5,-1,0,unknown,0,young
blue-collar,married,primary,no,385,no,no,cellular,25,jul,4,-1,0,unknown,0,young
blue-collar,married,secondary,no,526,no,no,unknown,27,jun,2,-1,0,unknown,0,young
management,married,tertiary,no,-330,no,no,cellular,26,aug,2,-1,0,unknown,0,older
management,married,tertiary,no,421,no,no,cellular,16,jul,5,-1,0,unknown,0,older
housemaid,married,secondary,no,681,no,no,cellular,28,jan,1,-1,0,unknown,0,older
admin.,married,secondary,no,1073,no,no,cellular,8,aug,3,-1,0,unknown,0,young
technician,married,secondary,no,789,yes,no,cellular,29,jul,4,-1,0,unknown,0,young
blue-collar,married,primary,no,734,no,no,unknown,10,jun,2,-1,0,unknown,0,older
technician,married,secondary,no,1077,yes,no,unknown,16,may,3,-1,0,unknown,0,young
blue-collar,single,secondary,no,-103,yes,no,unknown,17,jun,5,-1,0,unknown,0,young
management,married,tertiary,no,982,yes,no,unknown,16,jun,2,-1,0,unknown,1,older
retired,married,secondary,no,-473,no,no,cellular,8,may,2,-1,0,unknown,0,older
management,single,tertiary,no,403,yes,no,unknown,5,jun,2,-1,0,unknown,0,young
management,single,tertiary,no,472,yes,no,unknown,3,jun,5,-1,0,unknown,0,young
technician,married,secondary,no,969,no,no,cellular,24,nov,1,-1,0,unknown,0,older
management,single,tertiary,no,627,yes,no,cellular,19,nov,2,41,3,failure,0,young
technician,single,tertiary,no,407,no,no,cellular,7,nov,1,-1,0,unknown,0,young
admin.,married,secondary,no,150,no,no,cellular,6,aug,1,-1,0,unknown,0,older
management,married,tertiary,no,729,no,no,cellular,31,oct,5,83,3,success,1,older
admin.,married,secondary,no,371,yes,no,cellular,5,apr,1,-1,0,unknown,1,young
services,married,secondary,no,464,yes,no,cellular,17,may,2,-1,0,unknown,0,young
blue-collar,married,primary,no,981,yes,no,cellular,17,nov,1,139,1,failure,0,older
admin.,married,secondary,no,31,no,no,cellular,24,aug,4,-1,0,unknown,0,young
management,married,tertiary,no,1938,no,no,cellular,26,aug,5,0,4,success,1,older
blue-collar,married,secondary,no,-40,yes,no,unknown,8,may,5,-1,0,unknown,0,young
student,single,tertiary,no,-551,no,no,cellular,22,mar,2,-1,0,unknown,0,young
technician,married,secondary,no,-302,yes,no,cellular,16,may,2,336,3,failure,0,young
blue-collar,married,primary,no,-182,yes,no,cellular,8,jul,2,-1,0,unknown,0,young
management,single,tertiary,no,146,no,no,cellular,5,feb,2,-1,0,unknown,0,young
housemaid,married,primary,no,391,yes,no,cellular,18,nov,1,126,1,failure,0,older
self-employed,single,tertiary,no,660,no,no,cellular,20,feb,3,-1,0,unknown,1,young
admin.,married,secondary,no,169,yes,no,unknown,16,may,3,-1,0,unknown,0,older
services,married,secondary,no,-130,no,no,cellular,5,feb,1,261,3,failure,0,young
blue-collar,married,secondary,no,225,yes,no,cellular,20,nov,1,-1,0,unknown,0,older
admin.,married,secondary,no,-22,no,no,cellular,29,jul,2,-1,0,unknown,0,young
admin.,single,secondary,no,232,no,no,unknown,3,jun,4,-1,0,unknown,0,young
services,married,secondary,no,1718,yes,no,unknown,12,jun,2,-1,0,unknown,0,older
management,single,tertiary,no,-64,yes,no,cellular,21,feb,4,-1,0,unknown,0,young
technician,single,secondary,no,211,no,no,cellular,29,jul,2,-1,0,unknown,0,young
technician,married,secondary,no,-207,yes,no,cellular,18,aug,4,-1,0,unknown,0,young
blue-collar,married,primary,no,131,yes,no,cellular,11,apr,4,-1,0,unknown,0,older
management,married,tertiary,no,43,no,no,cellular,8,aug,1,-1,0,unknown,0,older
management,married,primary,no,-127,no,no,cellular,8,may,2,-1,0,unknown,0,older
management,single,tertiary,no,391,no,no,cellular,20,aug,4,100,2,success,1,young
management,married,tertiary,no,134,no,no,cellular,20,aug,1,115,1,failure,1,young
management,married,tertiary,no,482,no,no,cellular,29,aug,1,94,4,failure,0,older
blue-collar,married,primary,no,175,no,no,cellular,6,aug,3,-1,0,unknown,0,older
blue-collar,single,secondary,no,512,yes,no,cellular,14,may,8,361,4,failure,0,young
technician,married,secondary,no,804,yes,no,unknown,3,may,2,-1,0,unknown,0,young
housemaid,married,primary,no,-363,yes,no,cellular,3,feb,1,-1,0,unknown,0,older
blue-collar,married,secondary,no,1114,yes,no,cellular,14,jul,5,-1,0,unknown,0,young
services,married,secondary,no,-274,yes,no,cellular,28,jan,2,-1,0,unknown,0,young
management,married,tertiary,no,430,yes,no,cellular,15,jul,4,-1,0,unknown,0,young
student,single,tertiary,no,285,no,no,cellular,3,sep,2,-1,0,unknown,0,young
management,married,tertiary,no,754,no,no,cellular,22,aug,6,-1,0,unknown,0,older
management,single,tertiary,no,2512,no,no,cellular,26,aug,6,186,4,success,1,young
unknown,married,secondary,no,908,no,no,cellular,26,aug,4,95,4,success,1,older
management,married,tertiary,no,2288,no,no,cellular,20,aug,4,97,4,success,1,older
management,single,tertiary,no,818,yes,no,unknown,2,jun,5,-1,0,unknown,0,young
blue-collar,married,primary,no,540,no,no,cellular,4,may,1,242,1,failure,0,young
technician,single,tertiary,no,738,no,no,cellular,7,feb,3,-1,0,unknown,0,young
technician,married,secondary,no,420,yes,no,cellular,17,nov,3,-1,0,unknown,0,older
management,married,tertiary,no,523,yes,no,unknown,6,jun,5,-1,0,unknown,0,older
blue-collar,single,primary,no,-24,yes,no,cellular,12,apr,2,-1,0,unknown,0,young
technician,single,tertiary,no,678,yes,no,cellular,6,feb,5,-1,0,unknown,0,young
management,married,tertiary,no,624,no,no,cellular,17,nov,2,-1,0,unknown,0,older
management,married,tertiary,no,594,no,no,unknown,5,jun,2,-1,0,unknown,0,young
blue-collar,single,secondary,no,466,yes,no,unknown,17,may,2,-1,0,unknown,0,young
management,married,tertiary,no,1131,no,no,cellular,17,aug,1,179,2,failure,0,older
technician,married,secondary,no,593,no,no,cellular,20,aug,4,-1,0,unknown,0,older
blue-collar,single,primary,no,784,yes,no,cellular,15,jul,2,-1,0,unknown,0,young
management,married,tertiary,no,352,no,no,cellular,18,aug,2,-1,0,unknown,0,older
admin.,single,secondary,no,1199,yes,no,unknown,15,may,5,-1,0,unknown,0,young
management,married,tertiary,no,632,yes,no,cellular,21,nov,2,181,7,failure,0,older
blue-collar,married,primary,no,817,no,no,cellular,2,jun,2,-1,0,unknown,0,older
management,married,tertiary,no,50,yes,no,cellular,20,nov,1,-1,0,unknown,0,young
technician,married,secondary,no,370,yes,no,unknown,2,jun,3,-1,0,unknown,0,young
technician,married,secondary,no,861,no,no,unknown,13,may,4,-1,0,unknown,0,older
technician,married,secondary,no,339,yes,no,unknown,15,may,2,-1,0,unknown,0,older
management,married,tertiary,no,400,yes,no,unknown,19,jun,3,-1,0,unknown,0,older
services,married,secondary,no,762,no,no,unknown,16,jun,3,-1,0,unknown,0,young
blue-collar,married,secondary,no,235,yes,no,cellular,13,may,2,-1,0,unknown,0,young
blue-collar,married,primary,no,314,no,no,cellular,7,nov,1,153,1,failure,0,older
management,married,tertiary,no,66,no,no,cellular,13,may,3,-1,0,unknown,0,young
management,married,tertiary,no,271,yes,no,cellular,29,jul,2,-1,0,unknown,0,young
retired,married,primary,no,1209,no,no,cellular,24,apr,4,-1,0,unknown,0,older
management,married,tertiary,no,417,no,no,cellular,5,sep,3,-1,0,unknown,0,young
management,single,tertiary,no,439,yes,no,cellular,1,jun,5,-1,0,unknown,0,young
blue-collar,married,secondary,no,412,yes,no,unknown,8,jun,2,-1,0,unknown,0,older
technician,married,secondary,no,465,no,no,cellular,21,nov,1,180,1,failure,0,older
technician,married,secondary,no,829,no,no,cellular,31,apr,1,0,1,failure,0,older
services,married,secondary,no,-6,yes,no,cellular,9,nov,1,-1,0,unknown,0,young
technician,married,secondary,no,660,no,no,cellular,5,feb,3,-1,0,unknown,0,young
blue-collar,married,secondary,no,912,yes,no,cellular,16,may,1,354,1,failure,0,young
blue-collar,married,secondary,no,75,yes,no,unknown,13,may,5,-1,0,unknown,0,older
retired,married,primary,no,257,no,no,cellular,12,oct,3,99,3,success,1,older
blue-collar,married,secondary,no,1077,no,no,cellular,20,nov,1,-1,0,unknown,0,young
blue-collar,married,primary,no,697,no,no,cellular,8,jan,1,-1,0,unknown,0,older
technician,married,tertiary,no,266,no,no,cellular,14,aug,5,-1,0,unknown,0,older
management,single,tertiary,no,378,no,no,cellular,6,may,2,-1,0,unknown,0,young
admin.,married,secondary,no,116,yes,no,cellular,17,jul,2,-1,0,unknown,0,older
management,single,tertiary,no,332,no,no,cellular,21,may,3,-1,0,unknown,0,young
blue-collar,married,primary,no,563,no,no,cellular,5,feb,1,-1,0,unknown,0,older
services,single,secondary,no,1582,yes,no,cellular,18,may,2,-1,0,unknown,0,young
blue-collar,married,secondary,no,894,yes,no,cellular,19,aug,2,48,2,failure,0,older
technician,married,secondary,no,-381,no,no,unknown,5,jun,3,-1,0,unknown,0,older
management,married,tertiary,no,-154,yes,no,cellular,6,may,6,-1,0,unknown,0,young
technician,married,secondary,no,403,yes,no,unknown,13,may,2,-1,0,unknown,0,older
housemaid,married,secondary,no,28,no,no,unknown,2,jun,2,-1,0,unknown,0,older
technician,married,tertiary,no,-236,no,no,cellular,13,jul,2,-1,0,unknown,0,older
services,married,secondary,no,841,yes,no,cellular,15,may,4,-1,0,unknown,0,young
technician,married,secondary,no,1012,yes,no,cellular,2,feb,3,-1,0,unknown,0,older
technician,married,secondary,no,82,yes,no,unknown,5,may,2,-1,0,unknown,0,young
housemaid,married,secondary,no,-9,yes,no,cellular,20,nov,1,-1,0,unknown,0,older
blue-collar,single,secondary,no,-180,no,no,cellular,13,aug,3,200,2,failure,0,young
housemaid,married,secondary,no,518,no,no,cellular,3,jun,2,-1,0,unknown,0,young
admin.,married,secondary,no,697,yes,no,unknown,4,jun,2,-1,0,unknown,0,older
management,single,tertiary,no,1502,yes,no,unknown,6,jun,4,-1,0,unknown,0,young
blue-collar,married,secondary,no,931,yes,no,cellular,16,feb,3,-1,0,unknown,0,older
self-employed,married,tertiary,no,622,no,no,cellular,18,nov,1,-1,0,unknown,0,young
student,single,tertiary,no,2315,yes,no,cellular,21,aug,4,182,3,success,1,young
management,married,tertiary,no,726,yes,no,unknown,20,jun,2,-1,0,unknown,0,young
admin.,single,secondary,no,296,yes,no,cellular,1,feb,2,-1,0,unknown,0,young
management,married,tertiary,no,344,yes,no,unknown,19,jun,5,-1,0,unknown,0,older
technician,married,secondary,no,-293,yes,no,unknown,21,may,2,-1,0,unknown,0,young
technician,married,secondary,no,255,yes,no,unknown,7,jun,4,-1,0,unknown,0,older
blue-collar,married,primary,no,481,yes,no,cellular,8,apr,2,-1,0,unknown,0,older
blue-collar,married,secondary,no,362,yes,no,cellular,19,nov,2,174,3,failure,0,young
services,married,secondary,no,399,yes,no,unknown,8,jun,2,-1,0,unknown,0,young
admin.,married,secondary,no,783,yes,no,cellular,18,apr,2,-1,0,unknown,0,older
blue-collar,married,secondary,no,577,yes,no,cellular,30,aug,3,-1,0,unknown,0,older
technician,single,secondary,no,39,yes,no,cellular,14,may,2,-1,0,unknown,0,young
admin.,married,secondary,no,350,no,no,cellular,3,jul,2,-1,0,unknown,0,older
admin.,married,secondary,no,374,yes,no,cellular,20,nov,2,190,6,failure,0,older
blue-collar,married,secondary,no,325,yes,no,cellular,12,nov,2,-1,0,unknown,0,young
admin.,married,secondary,no,-454,yes,no,cellular,17,aug,4,-1,0,unknown,0,older
management,married,tertiary,no,574,yes,no,cellular,19,nov,1,80,1,failure,0,young
retired,married,secondary,no,658,no,no,cellular,10,aug,3,-1,0,unknown,0,older
technician,married,tertiary,no,761,no,no,cellular,28,aug,2,-1,0,unknown,0,young
admin.,married,secondary,no,1397,no,no,cellular,20,nov,1,-1,0,unknown,0,young
admin.,married,secondary,no,432,yes,no,cellular,18,may,2,-1,0,unknown,0,young
services,married,secondary,no,426,yes,no,cellular,16,nov,1,-1,0,unknown,0,older
retired,married,secondary,no,994,no,no,cellular,26,aug,14,-1,0,unknown,0,older
technician,married,secondary,no,1333,yes,no,unknown,16,jun,2,-1,0,unknown,0,older
services,married,secondary,no,425,yes,no,unknown,2,jun,2,-1,0,unknown,0,older
management,single,tertiary,no,215,no,no,cellular,21,aug,1,122,1,failure,0,young
management,married,tertiary,no,772,yes,no,unknown,4,jun,16,-1,0,unknown,0,young
blue-collar,married,primary,no,31,yes,no,cellular,15,aug,5,-1,0,unknown,0,older
services,married,secondary,no,475,no,no,cellular,5,aug,1,-1,0,unknown,0,young
blue-collar,single,secondary,no,576,no,no,cellular,19,nov,1,-1,0,unknown,0,young
technician,single,secondary,no,359,yes,no,cellular,21,nov,4,-1,0,unknown,0,young
retired,married,tertiary,no,61,no,no,cellular,3,aug,2,-1,0,unknown,0,older
services,married,secondary,no,193,no,no,cellular,9,jul,2,-1,0,unknown,0,young
management,married,tertiary,no,436,no,no,cellular,5,apr,1,-1,0,unknown,1,young
technician,married,secondary,no,294,no,no,unknown,8,may,2,-1,0,unknown,0,young
blue-collar,married,primary,no,83,yes,no,cellular,6,may,4,-1,0,unknown,0,young
management,married,tertiary,no,851,yes,no,unknown,5,jun,4,-1,0,unknown,0,young
management,married,tertiary,no,909,no,no,cellular,2,feb,2,-1,0,unknown,0,older
self-employed,married,tertiary,no,589,no,no,unknown,18,jun,3,-1,0,unknown,0,young
blue-collar,married,secondary,no,-58,no,no,cellular,5,feb,11,-1,0,unknown,0,young
technician,married,secondary,no,125,yes,no,cellular,19,aug,4,-1,0,unknown,0,young
technician,married,secondary,no,687,yes,no,cellular,21,nov,1,-1,0,unknown,0,older
management,single,tertiary,no,1554,no,no,cellular,1,aug,2,-1,0,unknown,0,young
technician,married,secondary,no,859,yes,no,unknown,22,jun,4,-1,0,unknown,0,young
management,married,tertiary,no,364,yes,no,cellular,1,jul,3,-1,0,unknown,0,older
student,single,secondary,no,754,no,no,unknown,21,jun,2,-1,0,unknown,0,young
admin.,married,secondary,no,-106,yes,no,cellular,11,may,2,-1,0,unknown,0,young
technician,married,secondary,no,1113,no,no,cellular,20,aug,5,100,4,success,1,young
technician,married,secondary,no,-83,no,no,cellular,28,aug,1,-1,0,unknown,0,young
services,single,secondary,no,111,yes,no,cellular,7,may,2,-1,0,unknown,0,young
entrepreneur,married,tertiary,no,432,no,no,cellular,21,apr,4,-1,0,unknown,0,young
admin.,married,secondary,no,179,no,no,cellular,18,aug,5,95,4,success,1,young
technician,married,secondary,no,-238,yes,no,cellular,14,jan,3,-1,0,unknown,0,older
self-employed,married,tertiary,no,-289,no,no,cellular,6,feb,2,-1,0,unknown,0,young
entrepreneur,married,tertiary,no,28,no,no,cellular,17,feb,12,-1,0,unknown,0,older
management,married,tertiary,no,332,yes,no,cellular,5,apr,1,190,2,failure,0,older
admin.,single,secondary,no,1435,yes,no,unknown,5,may,2,-1,0,unknown,0,young
retired,married,primary,no,-260,yes,no,cellular,18,apr,1,359,1,failure,0,older
blue-collar,married,secondary,no,711,yes,no,unknown,23,jun,3,-1,0,unknown,0,young
technician,married,secondary,no,-82,no,no,cellular,24,jul,3,-1,0,unknown,0,young
management,single,tertiary,no,512,no,no,cellular,6,aug,2,-1,0,unknown,0,young
admin.,married,secondary,no,1203,no,no,cellular,8,jul,3,-1,0,unknown,0,older
technician,single,secondary,no,436,yes,no,unknown,6,jun,4,-1,0,unknown,0,young
blue-collar,married,secondary,no,995,no,no,cellular,6,nov,4,-1,0,unknown,0,older
management,married,tertiary,no,-135,yes,no,cellular,24,jul,5,-1,0,unknown,0,young
technician,single,tertiary,no,262,yes,no,cellular,19,nov,1,161,1,failure,0,young
blue-collar,single,secondary,no,673,yes,no,cellular,2,feb,2,-1,0,unknown,0,young
technician,married,secondary,no,371,yes,no,unknown,4,jun,2,-1,0,unknown,0,young
technician,married,secondary,no,993,no,no,cellular,26,feb,2,-1,0,unknown,1,older
blue-collar,married,primary,no,-34,yes,no,unknown,14,may,2,-1,0,unknown,0,older
admin.,married,secondary,no,980,no,no,cellular,5,may,5,71,7,success,0,young
management,married,tertiary,no,433,no,no,cellular,4,oct,1,86,3,success,1,older
blue-collar,married,secondary,no,770,yes,no,cellular,16,apr,2,257,3,failure,0,older
technician,married,secondary,no,-483,yes,no,cellular,21,apr,3,-1,0,unknown,0,young
technician,single,secondary,no,755,yes,no,unknown,2,jun,3,-1,0,unknown,0,young
admin.,married,secondary,no,698,no,no,cellular,18,aug,1,-1,0,unknown,0,older
retired,married,tertiary,no,1372,no,no,cellular,20,aug,5,98,4,success,1,older
technician,single,secondary,no,670,yes,no,cellular,2,apr,1,-1,0,unknown,0,young
blue-collar,married,primary,no,-91,no,no,unknown,5,jun,2,-1,0,unknown,0,older
management,married,tertiary,no,4,yes,no,cellular,23,nov,2,-1,0,unknown,0,young
management,married,tertiary,no,299,yes,no,cellular,20,nov,4,-1,0,unknown,0,young
retired,married,secondary,no,505,no,no,cellular,18,feb,4,-1,0,unknown,0,older
technician,married,secondary,no,159,no,no,cellular,21,aug,4,-1,0,unknown,0,young
technician,married,secondary,no,479,no,no,cellular,30,aug,4,-1,0,unknown,0,young
technician,married,secondary,no,383,no,no,cellular,28,jul,4,-1,0,unknown,0,older
technician,married,secondary,no,531,no,no,cellular,13,jan,2,-1,0,unknown,0,older
technician,single,secondary,no,499,no,no,cellular,5,jan,1,88,3,failure,0,young
technician,married,secondary,no,149,yes,no,cellular,19,nov,2,189,2,failure,0,older
unknown,married,secondary,no,877,no,no,cellular,26,aug,1,-1,0,unknown,0,young
