job,marital,education,default,balance,housing,loan,contact,day_of_week,month,campaign,pdays,previous,poutcome,target,age_group
management,married,secondary,no,-464,yes,no,cellular,8,may,1,-1,0,unknown,0,young
management,single,tertiary,no,110,no,no,cellular,27,aug,2,-1,0,unknown,0,young
admin.,single,secondary,no,1616,yes,no,cellular,8,jul,2,-1,0,unknown,0,young
management,single,tertiary,no,3831,yes,no,cellular,8,may,2,-1,0,unknown,0,young
admin.,married,secondary,no,0,no,yes,cellular,13,aug,1,-1,0,unknown,0,older
management,single,tertiary,no,7935,no,no,cellular,9,dec,2,-1,0,unknown,0,young
management,married,secondary,no,0,yes,no,cellular,6,jan,1,-1,0,unknown,0,older
technician,divorced,secondary,no,2,no,no,cellular,23,aug,3,-1,0,unknown,0,young
management,single,tertiary,no,64,yes,no,cellular,12,may,1,-1,0,unknown,0,young
unknown,married,tertiary,no,59649,no,no,unknown,31,apr,1,850,55,failure,1,older
blue-collar,married,secondary,no,0,yes,no,unknown,23,may,3,-1,0,unknown,0,young
management,married,secondary,no,-383,yes,no,unknown,4,may,2,-1,0,unknown,0,young
management,single,tertiary,no,914,no,no,telephone,16,may,2,-1,0,unknown,0,young
blue-collar,married,secondary,no,-427,yes,no,unknown,4,may,1,-1,0,unknown,0,young
management,married,secondary,no,311,no,no,cellular,22,aug,10,-1,0,unknown,0,older
retired,married,secondary,no,369,yes,no,unknown,14,may,2,-1,0,unknown,0,older
technician,married,secondary,no,915,yes,no,unknown,9,jul,2,-1,0,unknown,0,older
services,single,secondary,no,10421,yes,no,cellular,5,sep,1,-1,0,unknown,1,young
admin.,single,secondary,no,237,no,no,cellular,6,sep,2,167,2,failure,0,young
blue-collar,married,secondary,no,413,yes,no,cellular,11,jul,2,-1,0,unknown,0,young
technician,divorced,tertiary,no,124,yes,yes,unknown,29,may,1,-1,0,unknown,0,young
technician,married,tertiary,no,1113,yes,yes,cellular,21,aug,2,-1,0,unknown,0,young
admin.,married,secondary,no,86,no,yes,cellular,19,apr,4,-1,0,unknown,0,young
technician,single,tertiary,no,1349,no,no,cellular,8,aug,2,-1,0,unknown,1,young
technician,married,secondary,no,655,yes,yes,cellular,18,aug,4,-1,0,unknown,0,older
management,married,tertiary,no,3045,yes,yes,cellular,14,feb,3,175,5,other,0,young
management,married,secondary,no,0,yes,yes,cellular,11,aug,6,-1,0,unknown,0,older
admin.,married,secondary,no,0,yes,no,cellular,15,may,9,-1,0,unknown,0,young
self-employed,single,secondary,no,265,yes,no,cellular,28,may,1,352,1,failure,0,young
management,married,secondary,no,2619,no,no,telephone,15,jul,2,252,6,failure,0,older
services,married,primary,no,439,no,no,cellular,9,aug,6,-1,0,unknown,0,older
blue-collar,married,secondary,no,75,no,no,cellular,7,jan,3,-1,0,unknown,0,young
admin.,married,secondary,no,15,yes,no,unknown,6,may,1,-1,0,unknown,1,young
unknown,single,secondary,no,59649,yes,no,unknown,31,sep,44,850,55,unknown,0,young
blue-collar,married,primary,no,-908,yes,yes,unknown,31,jun,1,-1,0,unknown,0,older
management,single,tertiary,no,1130,no,no,cellular,5,aug,1,-1,0,unknown,0,young
technician,single,tertiary,no,0,yes,no,cellular,7,feb,2,-1,0,unknown,0,young
blue-collar,single,secondary,no,425,no,no,unknown,1,may,1,-1,0,unknown,0,young
management,single,tertiary,no,459,no,no,unknown,3,jul,3,-1,0,unknown,0,young
admin.,married,secondary,no,890,yes,no,cellular,21,may,2,-1,0,unknown,1,young
blue-collar,divorced,secondary,no,1080,yes,no,unknown,5,may,4,-1,0,unknown,0,older
blue-collar,married,secondary,yes,-257,yes,no,cellular,29,jul,4,-1,0,unknown,0,older
management,single,tertiary,no,2147,no,no,telephone,9,feb,2,-1,0,unknown,0,young
admin.,married,secondary,no,2277,no,yes,cellular,30,jun,8,-1,0,unknown,0,older
student,married,secondary,no,0,yes,yes,cellular,30,aug,2,237,3,success,1,young
blue-collar,divorced,secondary,no,46,yes,no,cellular,17,may,1,370,1,failure,0,young
blue-collar,married,primary,no,204,no,no,cellular,4,feb,5,-1,0,unknown,0,older
blue-collar,married,secondary,no,5,no,no,cellular,21,jul,1,178,1,failure,0,older
blue-collar,married,primary,no,2370,yes,no,cellular,19,apr,2,-1,0,unknown,0,older
housemaid,married,secondary,no,120,no,yes,unknown,28,may,2,-1,0,unknown,0,older
services,married,tertiary,no,6762,no,no,telephone,20,nov,1,-1,0,unknown,0,young
services,married,secondary,no,5303,no,no,cellular,8,aug,2,-1,0,unknown,0,older
technician,single,secondary,no,917,no,yes,cellular,6,feb,3,169,2,success,1,young
blue-collar,married,secondary,yes,132,yes,no,unknown,8,may,4,-1,0,unknown,0,older
technician,divorced,secondary,no,1434,yes,no,cellular,15,may,1,-1,0,unknown,0,older
admin.,single,secondary,no,45,no,no,cellular,18,jul,5,-1,0,unknown,0,older
retired,married,secondary,no,309,no,yes,cellular,20,aug,3,-1,0,unknown,1,young
blue-collar,married,secondary,no,193,yes,no,telephone,6,jul,2,-1,0,unknown,0,older
blue-collar,married,primary,no,326,yes,no,unknown,2,jun,1,-1,0,unknown,0,young
admin.,married,secondary,no,4011,yes,yes,telephone,17,nov,2,-1,0,unknown,0,older
blue-collar,married,secondary,no,6596,no,no,cellular,21,aug,1,-1,3,success,0,older
technician,married,primary,no,1623,no,no,cellular,30,feb,1,104,3,success,1,older
admin.,divorced,secondary,no,1242,yes,no,unknown,3,mar,3,-1,0,unknown,0,young
unknown,married,secondary,no,740,no,no,cellular,19,aug,2,-1,0,unknown,1,older
blue-collar,single,secondary,no,598,yes,no,cellular,11,may,4,-1,0,unknown,1,older
retired,married,tertiary,no,297,no,yes,unknown,3,jun,2,-1,0,unknown,0,older
unemployed,single,tertiary,no,476,no,no,cellular,28,aug,2,-1,0,unknown,1,young
admin.,married,tertiary,no,-36,yes,no,cellular,20,aug,4,-1,0,unknown,0,older
management,married,secondary,no,334,yes,yes,cellular,9,may,1,-1,0,unknown,0,young
blue-collar,married,primary,no,114,yes,yes,cellular,7,may,4,351,3,other,0,older
technician,divorced,secondary,no,1673,yes,no,unknown,18,may,3,-1,0,unknown,0,young
services,single,secondary,no,34,yes,no,unknown,8,may,3,-1,0,unknown,0,young
management,divorced,secondary,no,279,yes,no,cellular,5,jan,6,-1,0,unknown,0,young
technician,married,unknown,no,482,yes,no,unknown,18,may,2,-1,0,unknown,0,young
management,single,secondary,no,0,yes,no,cellular,8,apr,2,-1,0,unknown,0,young
management,married,secondary,no,625,yes,yes,unknown,2,jun,1,-1,0,unknown,1,older
admin.,married,secondary,no,-431,no,no,cellular,20,sep,2,-1,0,unknown,0,older
retired,divorced,tertiary,no,-123,yes,no,cellular,6,may,6,267,0,failure,0,older
blue-collar,married,primary,no,675,yes,yes,unknown,19,may,8,-1,0,unknown,0,older
admin.,divorced,secondary,no,0,yes,yes,cellular,11,jul,1,-1,0,unknown,0,older
blue-collar,married,primary,no,1316,yes,no,unknown,28,may,1,-1,0,unknown,0,older
admin.,married,secondary,yes,158,yes,no,cellular,16,aug,6,-1,0,unknown,0,older
management,divorced,tertiary,yes,8,yes,no,unknown,28,may,2,-1,0,unknown,0,older
management,divorced,tertiary,no,-253,yes,no,unknown,29,may,6,-1,0,unknown,0,young
admin.,married,secondary,no,2679,yes,yes,cellular,19,jul,18,-1,0,unknown,0,young
technician,married,secondary,no,749,no,no,cellular,17,jun,2,-1,0,unknown,1,older
blue-collar,married,secondary,no,272,yes,no,unknown,30,may,1,-1,0,unknown,0,young
technician,married,secondary,no,0,yes,no,cellular,15,may,2,350,1,failure,0,older
unknown,married,tertiary,no,59649,no,no,cellular,1,apr,44,850,55,unknown,1,young
management,divorced,tertiary,no,320,no,yes,unknown,25,may,5,-1,0,unknown,0,young
entrepreneur,married,primary,no,0,no,no,cellular,7,aug,4,-1,0,unknown,0,older
admin.,single,secondary,no,704,yes,no,cellular,12,feb,2,-1,0,unknown,1,young
admin.,married,unknown,yes,0,no,no,cellular,7,jul,2,-1,0,unknown,0,older
blue-collar,single,secondary,no,-448,yes,no,unknown,4,may,2,-1,0,unknown,0,young
management,married,tertiary,no,2348,yes,no,cellular,27,jul,2,-1,0,unknown,0,older
services,married,secondary,no,64,yes,no,unknown,29,may,3,-1,0,unknown,0,older
management,married,tertiary,no,854,yes,no,cellular,4,may,1,181,2,failure,0,young
blue-collar,married,unknown,no,0,no,no,cellular,21,aug,7,-1,0,unknown,0,older
blue-collar,married,primary,no,2463,yes,no,cellular,12,jul,1,-1,0,unknown,0,young
technician,married,tertiary,no,6435,yes,no,cellular,9,aug,4,-1,0,unknown,0,older
blue-collar,single,primary,no,428,yes,no,unknown,13,may,1,-1,0,unknown,0,young
admin.,divorced,secondary,no,310,no,no,cellular,13,feb,2,-1,0,unknown,0,older
management,married,unknown,yes,0,no,no,unknown,14,jun,2,-1,0,unknown,0,young
unknown,married,primary,no,11818,no,no,unknown,13,may,1,-1,0,unknown,0,young
management,married,tertiary,no,8388,yes,no,cellular,5,feb,2,-1,0,unknown,0,older
technician,single,tertiary,no,3262,no,no,cellular,3,aug,2,-1,3,success,1,young
admin.,single,secondary,no,246,yes,no,cellular,27,jul,2,-1,0,unknown,0,young
management,married,tertiary,no,504,yes,no,cellular,28,jul,2,227,6,failure,0,young
technician,married,tertiary,no,314,yes,yes,cellular,18,feb,3,-1,1,failure,0,older
technician,single,tertiary,no,1126,yes,no,unknown,29,may,1,-1,0,unknown,0,young
admin.,married,secondary,no,1246,no,no,cellular,8,feb,3,126,2,other,0,older
management,single,primary,yes,74,yes,yes,cellular,23,jul,1,-1,0,unknown,0,young
management,single,tertiary,no,461,yes,no,cellular,27,nov,3,-1,0,unknown,0,young
technician,married,secondary,no,1719,no,no,cellular,17,aug,9,-1,0,unknown,0,older
technician,single,secondary,no,937,no,no,telephone,11,aug,1,-1,0,unknown,0,young
management,married,secondary,no,0,no,no,cellular,28,jul,1,97,1,other,0,older
admin.,married,secondary,no,1193,no,no,cellular,26,feb,2,-1,0,unknown,0,young
self-employed,married,tertiary,no,5082,no,no,cellular,29,feb,4,-1,0,unknown,0,young
blue-collar,married,primary,no,1409,yes,no,unknown,16,may,10,-1,0,unknown,0,young
technician,married,secondary,no,355,yes,no,cellular,8,may,1,-1,0,unknown,0,young
management,single,tertiary,no,-51,no,no,cellular,7,aug,2,-1,0,unknown,0,young
management,single,tertiary,no,15700,yes,no,unknown,3,may,1,-1,0,unknown,0,young
blue-collar,married,primary,no,343,yes,no,cellular,20,may,1,-1,0,unknown,0,young
blue-collar,married,secondary,no,0,yes,no,unknown,11,may,3,-1,0,unknown,0,young
technician,married,primary,no,5094,no,no,unknown,8,jun,2,-1,0,unknown,0,older
management,single,tertiary,no,161,no,no,cellular,22,may,2,346,2,success,1,young
services,married,primary,no,51,no,no,cellular,14,nov,1,-1,0,unknown,0,older
services,single,secondary,no,23,yes,no,unknown,28,may,1,-1,0,unknown,0,older
services,married,tertiary,no,207,no,no,cellular,28,apr,1,-1,0,unknown,1,young
management,married,primary,no,76,no,no,cellular,25,aug,8,-1,0,unknown,0,older
blue-collar,single,secondary,no,-111,no,no,unknown,8,may,1,-1,0,unknown,0,young
blue-collar,married,primary,no,-154,yes,no,telephone,31,jun,10,-1,0,unknown,0,older
management,married,tertiary,no,1428,yes,no,unknown,7,may,1,-1,0,unknown,0,older
technician,married,unknown,no,580,no,no,telephone,11,may,3,-1,0,unknown,0,older
technician,single,secondary,no,261,no,no,unknown,16,may,1,-1,0,unknown,0,young
management,single,tertiary,no,1089,yes,no,cellular,12,apr,1,-1,0,unknown,0,young
technician,married,secondary,no,0,no,no,unknown,15,may,1,-1,0,unknown,0,young
blue-collar,divorced,primary,no,2751,no,no,unknown,5,may,1,-1,0,unknown,0,young
technician,single,secondary,no,123,yes,no,cellular,12,mar,1,316,2,other,0,young
services,single,secondary,no,0,no,no,telephone,15,aug,1,-1,0,unknown,0,older
technician,divorced,secondary,no,137,yes,no,cellular,3,jul,2,-1,0,unknown,0,young
management,married,secondary,no,4199,yes,no,cellular,28,oct,1,167,5,other,0,older
blue-collar,married,secondary,no,-2,yes,yes,telephone,8,may,3,-1,0,unknown,1,older
blue-collar,married,secondary,no,1178,yes,no,cellular,8,aug,4,-1,0,unknown,0,young
management,divorced,tertiary,no,97,yes,no,unknown,22,may,1,-1,0,unknown,0,young
technician,divorced,secondary,no,222,no,no,cellular,1,aug,1,336,5,failure,0,young
blue-collar,married,primary,no,1328,no,no,cellular,25,nov,4,178,2,failure,0,older
self-employed,single,secondary,no,-203,no,no,cellular,31,jun,1,-1,0,unknown,0,young
management,married,tertiary,no,937,no,yes,cellular,11,aug,4,-1,0,unknown,0,young
services,single,tertiary,no,681,yes,no,unknown,22,may,2,-1,0,unknown,0,young
management,married,secondary,no,306,yes,no,unknown,11,may,2,-1,0,unknown,0,older
management,married,tertiary,no,2,yes,no,cellular,9,may,1,270,3,failure,0,young
technician,divorced,secondary,no,0,yes,no,cellular,12,feb,1,-1,0,unknown,0,older
student,single,secondary,no,726,yes,no,unknown,8,may,1,-1,0,unknown,0,young
services,married,secondary,no,828,no,no,cellular,18,aug,2,-1,0,unknown,1,older
technician,married,tertiary,no,2541,no,no,cellular,22,aug,3,-1,0,unknown,0,young
management,married,secondary,no,21191,yes,no,cellular,9,may,1,-1,0,unknown,0,young
management,married,tertiary,no,953,yes,no,cellular,7,may,1,-1,0,unknown,0,young
management,married,tertiary,no,2197,yes,no,cellular,17,nov,1,-1,0,unknown,0,older
management,divorced,secondary,no,46,no,no,cellular,27,feb,3,-1,0,unknown,0,older
services,single,tertiary,yes,-232,yes,no,cellular,29,jun,3,264,5,failure,0,young
management,married,tertiary,no,242,yes,no,cellular,5,may,6,187,2,failure,0,young
management,married,secondary,no,2463,yes,no,cellular,18,nov,1,193,1,failure,0,young
admin.,single,tertiary,no,800,no,no,unknown,21,may,4,-1,0,unknown,0,young
admin.,married,secondary,no,10868,yes,yes,cellular,14,may,1,-1,0,unknown,0,young
management,single,tertiary,no,2371,no,no,cellular,13,nov,1,273,1,failure,1,young
student,married,secondary,no,15,no,no,cellular,26,aug,2,-1,0,unknown,0,older
services,married,primary,no,852,yes,yes,cellular,9,aug,1,-1,0,unknown,0,older
management,married,tertiary,no,630,no,no,cellular,4,aug,3,-1,0,unknown,0,young
technician,married,secondary,no,-24,yes,no,telephone,31,jun,2,-1,0,unknown,0,older
blue-collar,married,secondary,no,-281,yes,no,cellular,22,jul,3,-1,0,unknown,0,young
admin.,single,secondary,no,652,no,no,cellular,1,jan,1,-1,0,unknown,0,older
unknown,single,secondary,no,59649,yes,no,unknown,31,sep,44,850,55,unknown,0,older
retired,married,primary,no,10297,no,no,cellular,5,aug,1,-1,0,unknown,0,older
admin.,married,secondary,no,18,yes,no,cellular,11,may,1,-1,0,unknown,0,young
management,married,tertiary,no,145,no,no,unknown,18,may,1,-1,0,unknown,1,older
technician,married,tertiary,no,2,yes,no,cellular,6,may,1,-1,0,unknown,0,older
blue-collar,married,secondary,no,1692,no,no,cellular,22,aug,7,-1,0,unknown,0,young
services,single,secondary,no,3088,no,no,cellular,13,aug,2,-1,0,unknown,0,young
services,divorced,secondary,no,47,no,no,cellular,28,jul,5,-1,0,unknown,0,older
blue-collar,divorced,secondary,no,1,no,no,cellular,18,aug,2,-1,0,unknown,0,older
management,single,tertiary,no,176,yes,yes,unknown,12,may,2,-1,0,unknown,0,young
blue-collar,married,secondary,no,1226,yes,no,unknown,28,may,1,-1,0,unknown,1,young
technician,married,secondary,no,-10,yes,no,cellular,13,feb,2,-1,0,unknown,0,older
technician,married,secondary,no,2301,yes,no,unknown,12,may,4,-1,0,unknown,0,young
admin.,single,secondary,no,461,no,no,cellular,21,apr,1,-1,0,unknown,0,young
blue-collar,married,secondary,no,988,yes,no,cellular,14,nov,2,-1,0,unknown,0,young
blue-collar,single,unknown,no,1794,yes,no,cellular,9,may,1,154,3,success,1,young
management,single,tertiary,no,0,yes,no,cellular,6,may,1,335,4,failure,0,young
self-employed,married,primary,no,2942,no,no,telephone,4,feb,1,-1,0,unknown,1,older
services,married,secondary,no,4533,no,no,cellular,18,aug,1,-1,0,unknown,0,older
management,single,tertiary,no,142,yes,no,cellular,9,may,1,255,5,failure,0,older
admin.,married,secondary,no,0,yes,no,cellular,12,jan,7,-1,0,unknown,0,older
blue-collar,single,secondary,no,-289,yes,no,telephone,4,feb,2,-1,0,unknown,0,young
management,married,tertiary,no,469,yes,no,cellular,21,may,1,409,3,failure,0,young
student,single,unknown,no,1610,yes,no,cellular,13,jun,1,189,4,failure,0,young
technician,married,secondary,no,1136,no,no,unknown,2,jun,1,-1,0,unknown,0,older
management,married,tertiary,no,771,yes,no,unknown,17,may,7,-1,0,unknown,0,older
management,divorced,secondary,no,1678,no,no,cellular,29,feb,1,-1,0,unknown,0,older
blue-collar,married,primary,no,0,yes,no,cellular,18,nov,2,-1,0,unknown,0,older
technician,divorced,unknown,no,272,no,yes,cellular,15,may,3,-1,0,unknown,0,older
blue-collar,single,primary,no,356,yes,no,cellular,14,may,1,-1,0,unknown,0,young
blue-collar,married,secondary,no,5073,yes,no,cellular,29,jul,2,-1,0,unknown,0,older
technician,married,secondary,no,1042,no,yes,cellular,29,jul,3,-1,0,unknown,0,older
student,married,primary,no,2955,no,no,cellular,6,feb,1,-1,0,unknown,1,older
admin.,married,secondary,no,681,yes,no,cellular,2,aug,1,-1,0,unknown,0,older
technician,married,tertiary,no,1204,yes,no,cellular,23,aug,1,-1,0,unknown,0,young
technician,divorced,tertiary,no,69,yes,no,cellular,9,may,3,91,0,other,1,young
management,married,tertiary,no,249,yes,no,cellular,15,may,5,-1,0,unknown,0,young
management,single,tertiary,yes,-3,no,no,cellular,12,aug,1,-1,0,unknown,0,young
services,single,secondary,no,-329,yes,no,unknown,29,may,3,-1,0,unknown,0,young
blue-collar,married,primary,no,1796,no,no,unknown,12,may,3,-1,0,unknown,0,older
technician,single,tertiary,no,-183,no,no,cellular,28,aug,9,-1,0,unknown,0,young
services,married,secondary,no,700,no,no,cellular,22,aug,3,-1,0,unknown,1,older
admin.,married,secondary,no,1262,yes,no,cellular,7,jun,5,-1,0,unknown,0,older
retired,married,secondary,no,1598,no,no,unknown,19,may,1,-1,0,unknown,1,young
services,married,secondary,no,227,no,no,cellular,27,aug,8,-1,0,unknown,0,older
blue-collar,married,primary,no,1938,yes,no,cellular,19,aug,2,-1,0,unknown,0,older
blue-collar,single,secondary,no,1230,yes,no,unknown,11,may,2,-1,0,unknown,0,young
management,married,tertiary,no,14,yes,no,unknown,12,may,2,-1,0,unknown,0,young
technician,married,tertiary,no,1399,yes,no,unknown,26,may,2,-1,0,unknown,0,young
management,single,tertiary,no,3861,yes,no,cellular,28,jun,1,-1,0,unknown,0,young
admin.,married,secondary,no,12607,yes,yes,cellular,14,may,2,-1,0,unknown,0,older
services,single,tertiary,no,1951,no,no,cellular,27,feb,3,-1,0,unknown,0,young
services,single,secondary,no,1179,no,no,cellular,23,apr,1,175,9,other,1,older
blue-collar,single,secondary,no,754,yes,no,cellular,14,may,2,-1,0,unknown,0,young
technician,single,tertiary,no,1376,yes,no,cellular,8,may,2,126,2,other,0,young
management,married,tertiary,no,191,yes,no,cellular,21,aug,2,-1,0,unknown,0,older
entrepreneur,single,secondary,no,851,no,yes,cellular,29,feb,3,-1,0,unknown,0,young
management,single,primary,no,0,yes,yes,unknown,21,jun,1,-1,0,unknown,0,young
blue-collar,married,secondary,no,3,yes,no,unknown,3,jun,2,-1,0,unknown,0,older
management,divorced,tertiary,no,495,yes,no,unknown,9,may,2,-1,0,unknown,0,older
technician,married,secondary,no,1276,yes,no,cellular,11,may,2,-1,0,unknown,0,young
services,married,secondary,no,2921,no,no,unknown,21,mar,2,-1,0,unknown,0,older
blue-collar,married,secondary,no,1552,yes,no,unknown,17,may,1,-1,0,unknown,0,older
blue-collar,married,primary,no,110,yes,no,unknown,12,jun,1,-1,0,unknown,0,older
management,divorced,tertiary,no,8385,yes,no,cellular,13,nov,2,271,2,failure,0,older
management,single,tertiary,no,942,no,no,cellular,29,aug,2,-1,0,unknown,0,young
unemployed,married,secondary,yes,0,no,no,cellular,20,jul,1,-1,0,unknown,0,older
admin.,married,tertiary,no,-689,yes,no,cellular,14,nov,2,-1,0,unknown,0,young
retired,married,tertiary,no,1856,yes,no,cellular,18,nov,2,350,2,failure,0,young
blue-collar,married,secondary,no,583,yes,no,cellular,18,jul,12,-1,0,unknown,0,older
services,single,tertiary,no,-40,no,no,cellular,2,aug,1,180,6,failure,1,young
student,married,secondary,no,-340,no,no,cellular,9,feb,1,-1,0,unknown,0,older
blue-collar,married,secondary,no,2,no,yes,cellular,26,jul,4,-1,0,unknown,0,young
services,married,tertiary,no,610,no,no,cellular,20,aug,6,-1,0,unknown,0,older
management,married,secondary,no,180,no,no,cellular,20,aug,3,-1,0,unknown,0,young
self-employed,married,secondary,no,135,yes,no,cellular,26,jul,10,-1,0,unknown,0,older
admin.,married,secondary,no,171,yes,yes,cellular,16,aug,3,344,2,failure,0,older
management,married,tertiary,no,537,no,no,cellular,15,may,1,-1,0,unknown,0,young
blue-collar,married,primary,no,10506,yes,no,telephone,9,sep,1,-1,0,unknown,0,older
blue-collar,married,secondary,no,0,yes,yes,unknown,17,jun,5,-1,0,unknown,0,young
admin.,married,secondary,no,16,yes,no,cellular,14,apr,6,297,1,other,0,young
technician,married,tertiary,no,24,yes,no,unknown,5,may,4,-1,0,unknown,0,young
entrepreneur,married,secondary,no,-361,yes,no,unknown,9,may,1,-1,0,unknown,0,young
management,married,unknown,no,145,no,no,cellular,17,aug,2,-1,0,unknown,0,older
unknown,married,tertiary,no,441,no,no,cellular,27,sep,1,-1,0,unknown,0,young
management,married,tertiary,no,56,yes,no,cellular,20,apr,2,-1,0,unknown,0,young
blue-collar,married,secondary,no,3914,yes,no,cellular,13,may,3,187,4,success,1,young
technician,married,secondary,no,2525,no,no,cellular,30,apr,2,-1,0,unknown,1,older
unknown,married,secondary,no,390,yes,no,unknown,29,may,23,-1,0,unknown,0,older
entrepreneur,married,unknown,no,7883,yes,no,cellular,8,may,2,-1,0,unknown,0,older
unemployed,married,secondary,no,4416,no,no,cellular,29,aug,5,-1,0,unknown,0,older
technician,single,primary,no,0,yes,no,unknown,14,may,6,-1,0,unknown,0,young
blue-collar,married,primary,no,479,no,no,telephone,13,may,1,-1,0,unknown,0,young
admin.,single,secondary,no,22,yes,no,cellular,4,may,2,197,6,failure,0,young
entrepreneur,married,secondary,yes,3,yes,no,cellular,6,may,1,350,2,other,0,older
services,married,secondary,no,629,yes,no,cellular,21,sep,1,-1,0,unknown,0,young
blue-collar,married,primary,no,1815,yes,no,telephone,18,apr,2,-1,0,unknown,0,older
admin.,single,secondary,no,113,no,no,cellular,5,may,4,-1,0,unknown,0,young
management,married,tertiary,no,482,yes,no,cellular,10,aug,25,-1,0,unknown,0,young
blue-collar,married,secondary,no,3144,yes,no,cellular,19,may,5,-1,0,unknown,0,young
blue-collar,married,primary,no,1440,yes,no,cellular,20,aug,2,275,1,failure,0,older
housemaid,single,tertiary,no,740,yes,no,cellular,19,apr,2,-1,0,unknown,1,young
technician,single,secondary,no,2067,yes,no,cellular,23,feb,3,-1,0,unknown,0,older
admin.,single,secondary,no,1451,yes,no,cellular,27,may,1,-1,0,unknown,0,young
management,married,tertiary,no,8526,no,no,cellular,28,aug,1,175,1,other,0,young
admin.,married,secondary,no,59629,yes,no,unknown,31,apr,1,850,55,failure,1,young
blue-collar,single,unknown,no,89,yes,no,cellular,14,may,1,-1,0,unknown,0,young
technician,married,secondary,no,180,yes,no,cellular,28,aug,3,-1,0,unknown,0,young
management,married,tertiary,no,22,yes,yes,cellular,13,jul,2,-1,0,unknown,0,older
blue-collar,single,secondary,no,335,yes,no,unknown,12,may,2,-1,0,unknown,0,young
admin.,single,secondary,no,0,yes,no,unknown,8,may,2,-1,0,unknown,0,young
student,married,secondary,no,15303,yes,no,unknown,8,jun,4,-1,0,unknown,0,older
services,married,secondary,no,6235,yes,yes,cellular,12,may,1,-1,0,unknown,0,older
blue-collar,married,secondary,no,543,yes,no,cellular,18,may,6,-1,0,unknown,0,older
blue-collar,single,secondary,no,144,no,no,telephone,20,sep,6,130,8,other,1,young
services,single,secondary,no,798,no,no,unknown,8,jun,1,-1,0,unknown,0,young
housemaid,divorced,secondary,no,601,yes,no,cellular,21,apr,1,198,1,failure,0,young
management,divorced,tertiary,no,206,no,no,cellular,20,aug,4,-1,0,unknown,0,young
management,married,tertiary,no,102,no,no,cellular,28,aug,3,-1,0,unknown,0,older
blue-collar,married,secondary,no,643,yes,no,unknown,14,may,4,-1,0,unknown,0,older
admin.,single,secondary,no,328,yes,no,telephone,19,may,2,-1,0,unknown,0,young
management,married,primary,no,2480,no,yes,cellular,28,aug,4,-1,0,unknown,0,older
retired,married,primary,no,-60,yes,no,unknown,9,may,2,-1,0,unknown,0,young
blue-collar,married,primary,no,1971,yes,no,telephone,22,apr,5,-1,0,unknown,0,older
management,married,secondary,no,785,no,no,telephone,12,aug,3,-1,0,unknown,0,older
technician,single,secondary,no,419,no,no,cellular,5,feb,14,251,2,failure,0,young
blue-collar,married,secondary,no,0,no,no,cellular,23,aug,6,-1,0,unknown,0,young
technician,single,tertiary,no,191,no,no,cellular,27,feb,12,-1,0,unknown,0,young
admin.,married,secondary,no,3435,yes,no,unknown,8,may,6,-1,0,unknown,0,young
student,divorced,secondary,no,633,no,no,cellular,4,may,1,308,1,other,0,young
management,single,tertiary,no,2167,no,no,cellular,5,may,2,346,5,success,1,older
management,married,secondary,no,2071,no,no,cellular,11,aug,7,-1,0,unknown,0,older
management,married,tertiary,no,3932,no,no,cellular,30,aug,3,101,3,failure,1,older
management,married,tertiary,no,1681,no,no,cellular,18,aug,3,172,4,other,0,older
blue-collar,married,primary,no,1553,yes,no,cellular,3,jul,2,172,4,failure,0,older
blue-collar,married,primary,no,99,no,no,unknown,20,may,2,-1,0,unknown,0,older
technician,divorced,secondary,no,0,no,no,cellular,26,feb,4,-1,0,unknown,0,young
management,married,tertiary,no,2590,yes,no,cellular,23,apr,3,-1,0,unknown,0,older
student,married,secondary,no,708,yes,no,cellular,8,jul,1,-1,0,unknown,0,young
housemaid,married,tertiary,no,11240,yes,no,cellular,27,aug,1,182,2,failure,0,older
technician,married,secondary,no,842,yes,no,cellular,5,may,2,-1,0,unknown,0,older
management,married,primary,no,1123,no,yes,unknown,19,may,5,-1,0,unknown,0,older
admin.,married,tertiary,no,24,no,no,cellular,7,may,1,-1,0,unknown,0,young
services,married,tertiary,no,6311,no,no,unknown,9,jul,1,-1,0,unknown,0,older
management,married,tertiary,no,656,no,no,cellular,7,feb,4,-1,0,unknown,0,older
technician,single,primary,no,792,no,no,unknown,4,jul,1,-1,0,unknown,1,young
management,married,secondary,no,2415,no,yes,unknown,9,may,2,-1,0,unknown,1,young
technician,married,secondary,no,973,yes,no,cellular,4,feb,1,6,1,unknown,0,young
admin.,married,tertiary,no,75,yes,yes,unknown,28,jun,1,-1,0,unknown,0,older
blue-collar,married,primary,no,2,no,no,telephone,6,aug,1,-1,0,unknown,0,older
blue-collar,divorced,primary,no,277,yes,no,cellular,8,apr,1,-1,0,unknown,0,older
blue-collar,married,primary,no,4284,no,no,cellular,4,aug,2,-1,0,unknown,0,older
retired,married,secondary,no,1451,yes,no,unknown,15,may,2,-1,0,unknown,0,older
blue-collar,married,secondary,no,69,yes,no,cellular,13,may,2,-1,0,unknown,0,young
management,single,tertiary,no,300,no,no,cellular,15,apr,2,-1,0,unknown,1,young
technician,married,secondary,no,-1202,yes,no,cellular,2,dec,1,310,6,failure,0,young
housemaid,married,tertiary,no,-56,yes,no,unknown,9,may,2,-1,0,unknown,0,older
blue-collar,married,secondary,no,5,yes,no,cellular,29,feb,2,-1,0,unknown,0,older
management,married,tertiary,no,4307,no,no,cellular,16,may,2,-1,0,unknown,0,older
technician,married,tertiary,no,432,no,yes,telephone,21,nov,2,-1,0,unknown,0,young
technician,married,secondary,no,2762,yes,no,cellular,20,aug,1,-1,4,failure,0,older
blue-collar,single,secondary,no,241,yes,yes,unknown,30,may,4,-1,0,unknown,0,young
admin.,married,secondary,no,247,yes,no,unknown,30,may,1,-1,0,unknown,0,young
management,single,tertiary,no,2407,yes,no,cellular,31,jul,6,-1,0,unknown,0,young
technician,married,secondary,no,797,no,no,cellular,14,dec,1,368,2,failure,0,older
technician,married,tertiary,no,505,yes,no,cellular,15,jul,1,-1,0,unknown,0,older
unemployed,single,secondary,no,0,yes,no,unknown,21,may,3,-1,0,unknown,0,young
services,divorced,secondary,no,91,no,no,cellular,28,nov,4,162,2,success,0,older
management,divorced,tertiary,no,476,no,no,cellular,15,aug,2,-1,0,unknown,0,older
admin.,married,secondary,no,236,yes,yes,cellular,11,may,2,-1,0,unknown,0,older
blue-collar,single,secondary,no,67,yes,no,unknown,17,may,4,-1,0,unknown,0,young
management,divorced,primary,no,143,yes,no,cellular,14,apr,1,-1,0,unknown,0,older
blue-collar,married,secondary,no,67,no,no,cellular,23,aug,3,-1,0,unknown,0,young
blue-collar,married,secondary,no,-28,yes,yes,cellular,16,may,2,296,1,failure,0,older
entrepreneur,single,tertiary,no,641,yes,no,unknown,28,may,1,-1,0,unknown,0,young
blue-collar,married,primary,no,2,yes,no,cellular,27,jul,2,-1,0,unknown,0,older
entrepreneur,married,secondary,no,233,yes,no,unknown,5,jun,1,-1,0,unknown,0,young
management,married,tertiary,yes,-618,no,no,cellular,27,feb,3,-1,0,unknown,0,young
self-employed,single,secondary,no,0,no,no,cellular,19,jul,1,-1,0,unknown,1,young
self-employed,single,tertiary,no,2133,no,no,cellular,17,apr,2,-1,0,unknown,0,older
blue-collar,divorced,primary,no,-318,yes,yes,unknown,10,may,2,-1,0,unknown,0,older
unemployed,married,secondary,no,129,no,no,cellular,6,aug,4,-1,0,unknown,0,young
services,married,secondary,no,0,yes,no,cellular,12,may,5,-1,10,failure,0,young
admin.,married,tertiary,no,457,yes,no,cellular,15,may,2,356,5,other,0,young
management,married,tertiary,no,6974,no,no,cellular,7,aug,5,-1,0,unknown,0,older
technician,married,secondary,no,12,yes,no,unknown,6,may,2,-1,0,unknown,0,older
management,divorced,secondary,no,0,no,no,cellular,14,sep,1,-1,0,unknown,1,older
admin.,married,secondary,no,0,yes,yes,cellular,3,may,2,-1,0,unknown,0,young
management,married,primary,no,0,yes,no,unknown,7,may,1,-1,0,unknown,0,older
blue-collar,single,secondary,no,281,yes,no,unknown,7,may,1,-1,0,unknown,0,young
services,married,secondary,no,1465,yes,no,unknown,3,jun,5,-1,0,unknown,0,young
management,married,secondary,no,243,no,no,cellular,5,aug,2,-1,0,unknown,0,young
technician,married,tertiary,no,53717,yes,no,cellular,6,aug,4,-1,0,unknown,0,young
technician,single,secondary,no,725,no,no,telephone,28,jul,2,-1,0,unknown,0,young
technician,single,tertiary,no,140,no,no,cellular,28,feb,3,-1,0,unknown,0,young
technician,married,secondary,no,305,no,no,cellular,29,may,2,-1,0,unknown,0,older
admin.,single,tertiary,no,0,no,yes,telephone,1,may,1,-1,0,unknown,0,young
blue-collar,single,secondary,no,11845,yes,yes,cellular,23,apr,1,348,2,failure,0,young
management,married,tertiary,no,1820,yes,no,cellular,12,may,2,191,5,failure,0,young
management,married,tertiary,no,983,no,no,cellular,20,feb,3,-1,0,unknown,1,older
unemployed,single,secondary,no,69,no,yes,cellular,7,jul,1,92,2,failure,0,young
blue-collar,divorced,secondary,no,194,yes,no,cellular,19,nov,1,-1,0,unknown,0,young
blue-collar,married,primary,no,248,yes,no,unknown,10,may,2,-1,0,unknown,0,older
management,married,tertiary,no,944,no,yes,cellular,18,apr,3,184,13,other,0,older
blue-collar,married,primary,no,0,yes,yes,cellular,3,may,1,-1,0,unknown,1,young
admin.,married,secondary,no,0,yes,no,unknown,6,mar,4,-1,0,unknown,0,young
technician,married,secondary,no,170,no,yes,cellular,5,aug,1,-1,0,unknown,0,young
blue-collar,married,secondary,no,33,yes,no,unknown,12,may,2,-1,0,unknown,0,young
blue-collar,divorced,secondary,no,151,yes,no,cellular,19,may,2,335,1,other,0,young
technician,single,secondary,no,2760,yes,no,cellular,16,may,1,318,0,failure,0,young
blue-collar,married,secondary,no,92,no,no,cellular,28,aug,6,-1,0,unknown,0,young
management,married,tertiary,no,12904,yes,no,cellular,13,may,2,352,2,failure,0,young
technician,single,secondary,no,134,no,no,cellular,2,feb,1,91,7,success,0,young
services,married,secondary,no,273,no,no,unknown,16,may,2,-1,0,unknown,0,young
admin.,single,secondary,no,192,yes,yes,unknown,20,may,1,-1,0,unknown,0,young
admin.,married,secondary,no,423,yes,yes,unknown,19,may,17,-1,0,unknown,0,older
management,single,tertiary,no,81,yes,yes,cellular,11,may,4,-1,0,unknown,0,young
technician,divorced,secondary,no,742,yes,yes,unknown,7,may,2,-1,0,unknown,0,older
blue-collar,married,primary,no,0,yes,no,unknown,26,may,2,-1,0,unknown,0,older
retired,married,unknown,no,0,no,yes,cellular,17,apr,1,-1,0,unknown,1,older
admin.,divorced,secondary,no,142,yes,no,cellular,9,may,2,-1,0,unknown,0,older
technician,single,tertiary,no,19152,no,no,telephone,27,aug,2,-1,0,unknown,1,young
unemployed,married,primary,no,577,no,no,cellular,21,feb,2,-1,0,other,0,older
services,single,secondary,no,-29,yes,no,cellular,29,may,1,-1,0,unknown,0,young
admin.,married,secondary,no,3034,yes,no,unknown,20,may,1,-1,0,unknown,0,older
admin.,married,tertiary,no,127,yes,no,cellular,9,may,2,-1,0,unknown,0,older
retired,married,tertiary,no,816,no,yes,cellular,11,aug,6,-1,0,unknown,0,older
management,married,tertiary,no,3162,yes,no,unknown,15,may,1,-1,0,unknown,0,older
blue-collar,married,primary,no,733,no,no,cellular,17,jul,1,-1,0,unknown,0,older
blue-collar,married,primary,no,554,yes,no,unknown,16,may,1,-1,0,unknown,0,young
technician,married,secondary,no,416,yes,no,unknown,28,may,3,-1,0,unknown,0,older
services,divorced,secondary,no,64,yes,no,cellular,6,may,2,-1,0,unknown,0,young
blue-collar,married,secondary,no,687,no,yes,cellular,28,aug,1,-1,0,unknown,0,young
blue-collar,married,secondary,no,12,yes,no,unknown,17,may,2,-1,0,unknown,0,young
management,married,primary,no,55601,yes,no,unknown,18,may,1,-1,0,unknown,0,older
blue-collar,married,primary,no,370,yes,no,telephone,1,aug,2,169,2,failure,0,older
admin.,single,primary,no,631,yes,yes,unknown,18,may,1,-1,0,unknown,0,young
management,married,tertiary,no,-118,yes,no,telephone,12,jun,5,184,1,other,0,older
blue-collar,married,secondary,no,222,yes,no,cellular,8,apr,1,-1,0,unknown,0,older
management,married,secondary,no,618,yes,no,unknown,28,may,1,-1,0,unknown,0,older
blue-collar,married,secondary,no,8438,yes,no,cellular,16,may,1,184,2,other,0,older
management,married,tertiary,no,813,yes,no,unknown,5,jun,1,-1,0,unknown,0,older
student,divorced,secondary,no,849,no,no,cellular,12,feb,1,-1,0,unknown,0,older
blue-collar,married,secondary,no,340,yes,no,cellular,18,may,2,-1,0,unknown,0,older
services,married,secondary,no,470,yes,no,unknown,18,may,8,-1,0,unknown,0,older
management,married,tertiary,no,883,no,no,cellular,30,aug,2,-1,0,unknown,0,older
management,married,secondary,no,1219,no,no,cellular,28,jul,3,-1,0,unknown,0,older
blue-collar,married,secondary,no,133,yes,no,cellular,8,may,1,-1,0,unknown,0,young
services,divorced,tertiary,no,-2,yes,no,cellular,21,may,3,-1,0,unknown,0,young
retired,married,tertiary,no,1335,no,no,cellular,23,sep,3,189,7,other,0,young
management,married,tertiary,no,494,yes,no,cellular,18,may,1,175,1,failure,1,older
student,divorced,secondary,no,1960,yes,no,cellular,19,nov,2,419,2,success,0,older
blue-collar,married,primary,no,-93,yes,no,cellular,5,jul,2,-1,0,unknown,0,young
blue-collar,married,secondary,no,1466,yes,yes,unknown,28,may,6,-1,0,unknown,0,young
technician,single,tertiary,no,616,no,no,cellular,18,may,1,-1,1,success,1,young
technician,married,tertiary,no,94,no,no,cellular,3,aug,5,179,4,success,1,older
technician,married,secondary,no,-843,no,no,cellular,23,aug,2,-1,0,unknown,0,young
admin.,married,primary,no,93,no,no,cellular,20,may,2,-1,0,unknown,0,older
admin.,single,secondary,no,2885,no,yes,cellular,26,jun,2,-1,0,unknown,0,older
admin.,single,secondary,no,-103,yes,no,unknown,5,may,3,-1,0,unknown,0,young
management,married,secondary,no,752,yes,no,unknown,10,may,4,-1,0,unknown,0,older
management,single,tertiary,no,979,no,no,cellular,30,jan,1,-1,0,unknown,0,young
blue-collar,married,secondary,no,122,no,no,cellular,31,jul,6,-1,0,unknown,0,young
blue-collar,single,primary,no,8582,yes,no,telephone,13,apr,1,-1,0,unknown,0,older
blue-collar,married,secondary,no,1365,yes,no,unknown,20,may,4,-1,0,unknown,1,young
services,married,secondary,no,268,yes,no,cellular,15,may,3,366,1,failure,0,older
blue-collar,married,secondary,no,0,yes,no,unknown,18,may,2,-1,0,unknown,0,young
blue-collar,married,secondary,no,1303,no,yes,cellular,12,may,2,255,13,failure,0,older
retired,married,tertiary,no,403,yes,no,cellular,12,may,2,-1,0,unknown,1,older
management,single,tertiary,no,913,no,no,cellular,25,aug,5,-1,0,unknown,0,young
unknown,single,secondary,no,5140,no,no,unknown,21,jun,1,-1,0,unknown,0,young
management,married,tertiary,no,4676,yes,no,cellular,25,jul,3,208,1,failure,0,older
blue-collar,married,secondary,no,307,yes,no,cellular,12,may,1,-1,0,unknown,0,older
technician,married,secondary,no,2835,yes,no,cellular,7,may,1,206,5,failure,0,older
blue-collar,single,secondary,no,1116,no,no,cellular,18,feb,1,-1,2,failure,0,young
admin.,married,secondary,no,239,yes,yes,cellular,17,apr,3,263,2,failure,0,young
student,single,secondary,no,0,no,no,cellular,31,aug,4,-1,0,unknown,0,young
retired,single,tertiary,no,10766,no,no,unknown,26,may,1,-1,0,unknown,0,young
blue-collar,divorced,secondary,no,7887,yes,no,telephone,8,aug,5,-1,0,unknown,0,older
management,married,secondary,no,5190,yes,no,cellular,11,apr,3,226,2,failure,0,young
management,single,tertiary,no,5023,no,no,cellular,23,sep,1,106,1,failure,0,older
admin.,married,secondary,no,230,no,yes,cellular,28,feb,1,-1,0,unknown,1,older
blue-collar,married,secondary,no,1538,yes,no,cellular,21,jul,6,-1,0,unknown,0,young
technician,married,tertiary,no,2533,yes,no,cellular,10,nov,2,-1,0,unknown,1,older
unknown,married,tertiary,no,-480,no,no,cellular,20,aug,5,-1,0,unknown,0,young
services,married,secondary,no,34,yes,yes,cellular,13,apr,1,-1,0,unknown,0,older
blue-collar,married,secondary,no,77,yes,no,unknown,6,may,4,-1,0,unknown,0,young
management,single,tertiary,no,89,no,no,cellular,5,aug,2,-1,0,unknown,0,young
admin.,married,secondary,no,-63,yes,no,unknown,28,may,2,-1,0,unknown,0,older
retired,married,tertiary,no,41,yes,no,cellular,12,aug,16,-1,0,unknown,0,older
management,married,tertiary,no,88,yes,no,unknown,23,jun,2,-1,0,unknown,1,older
technician,married,secondary,no,151,yes,yes,unknown,30,may,4,-1,0,unknown,0,young
blue-collar,married,primary,no,1,yes,no,unknown,8,may,1,-1,0,unknown,1,older
blue-collar,divorced,secondary,no,311,no,no,cellular,26,jun,1,386,1,failure,0,older
student,married,secondary,no,-201,yes,no,unknown,12,may,2,-1,0,unknown,0,older
blue-collar,single,primary,no,83,yes,no,cellular,10,apr,2,331,3,failure,0,older
technician,married,secondary,yes,-19,yes,no,cellular,9,may,2,-1,0,unknown,0,young
admin.,single,secondary,no,186,no,yes,telephone,14,may,3,-1,0,unknown,0,older
blue-collar,married,secondary,no,866,no,no,cellular,18,jun,1,-1,0,unknown,0,young
blue-collar,married,secondary,no,-206,yes,no,cellular,17,nov,1,-1,0,unknown,0,young
technician,married,secondary,no,542,yes,no,cellular,9,nov,1,-1,0,unknown,0,young
management,divorced,tertiary,no,69,yes,no,unknown,29,may,4,-1,0,unknown,0,young
management,single,tertiary,no,2064,no,no,cellular,7,aug,2,-1,0,unknown,0,young
blue-collar,divorced,secondary,no,2329,yes,no,cellular,18,may,1,285,1,failure,0,young
management,single,tertiary,no,5180,yes,no,unknown,11,mar,1,-1,0,unknown,0,young
blue-collar,single,secondary,no,2143,yes,no,cellular,6,jul,4,-1,0,unknown,0,young
technician,divorced,secondary,no,69,yes,no,telephone,16,may,1,-1,0,unknown,0,young
blue-collar,single,secondary,no,121,yes,yes,unknown,18,mar,2,-1,0,unknown,0,young
management,married,tertiary,no,288,no,no,cellular,7,may,1,-1,0,unknown,0,older
blue-collar,married,primary,no,421,no,yes,cellular,24,nov,1,-1,0,unknown,0,older
services,married,tertiary,no,215,yes,no,cellular,3,sep,2,341,2,failure,0,older
blue-collar,married,unknown,no,-469,yes,no,cellular,7,jun,5,-1,0,unknown,0,older
management,married,tertiary,no,636,yes,no,unknown,6,may,2,-1,0,unknown,0,older
management,married,tertiary,no,0,yes,no,cellular,28,feb,1,338,1,other,0,young
management,married,secondary,no,2147,no,no,telephone,18,may,2,-1,0,unknown,0,older
self-employed,single,tertiary,no,580,no,no,cellular,19,aug,1,-1,0,unknown,0,young
admin.,married,secondary,no,-93,yes,no,cellular,8,jul,6,-1,0,unknown,0,young
services,single,secondary,no,0,no,no,cellular,6,jul,1,-1,0,unknown,0,young
technician,married,primary,no,5549,no,no,cellular,20,sep,1,-1,0,unknown,0,older
technician,single,secondary,no,43,no,yes,cellular,13,jul,1,-1,0,unknown,0,young
services,single,secondary,no,0,no,no,telephone,12,jul,2,-1,0,unknown,0,young
admin.,divorced,secondary,no,2258,yes,no,unknown,6,may,1,-1,0,unknown,0,older
technician,married,secondary,no,10193,yes,no,unknown,6,jun,1,-1,0,unknown,0,young
admin.,single,secondary,no,35,no,no,cellular,19,apr,1,-1,0,unknown,0,older
admin.,married,secondary,no,174,yes,no,unknown,25,may,5,-1,0,unknown,0,young
services,married,secondary,no,228,no,no,cellular,24,mar,2,-1,0,unknown,0,older
self-employed,married,tertiary,no,388,no,no,cellular,21,aug,4,-1,0,unknown,0,older
management,single,tertiary,no,318,yes,no,telephone,26,aug,4,-1,0,unknown,0,young
blue-collar,married,primary,no,605,no,no,cellular,21,may,1,252,1,failure,0,older
blue-collar,married,primary,no,120,no,no,unknown,20,may,2,-1,0,unknown,0,older
admin.,married,secondary,no,598,no,no,cellular,22,jul,2,-1,0,unknown,0,young
self-employed,single,secondary,yes,17,yes,no,cellular,18,may,1,461,1,failure,0,young
self-employed,married,secondary,no,904,yes,no,unknown,4,feb,3,-1,0,unknown,0,older
management,single,secondary,no,48,no,no,cellular,12,feb,1,-1,0,unknown,0,young
technician,divorced,secondary,no,113,yes,no,cellular,17,may,1,-1,0,unknown,0,young
management,married,secondary,no,320,no,no,cellular,6,aug,5,-1,0,unknown,0,older
services,married,secondary,no,755,no,no,unknown,7,may,2,-1,0,unknown,0,older
admin.,married,tertiary,no,966,yes,yes,cellular,20,sep,1,347,0,failure,1,older
blue-collar,divorced,unknown,no,3087,yes,no,cellular,28,jul,2,175,2,failure,0,older
services,married,tertiary,no,853,no,no,cellular,6,aug,2,-1,0,unknown,0,older
technician,single,tertiary,no,1387,yes,no,cellular,3,may,3,188,1,failure,0,young
blue-collar,single,secondary,no,148,yes,no,cellular,20,apr,1,-1,0,unknown,0,young
technician,married,tertiary,no,315,yes,yes,cellular,21,jul,1,-1,0,unknown,0,young
blue-collar,single,secondary,no,340,yes,yes,cellular,12,jun,2,-1,0,unknown,0,young
technician,married,secondary,no,297,yes,no,cellular,8,apr,4,-1,0,unknown,0,older
blue-collar,married,primary,no,2826,yes,no,cellular,18,apr,1,-1,0,unknown,0,older
technician,married,secondary,no,297,no,no,cellular,5,sep,1,-1,0,unknown,0,young
blue-collar,married,primary,no,0,yes,yes,cellular,14,jun,2,318,3,failure,0,young
blue-collar,married,primary,yes,143,yes,no,cellular,16,may,1,-1,0,unknown,0,young
admin.,married,secondary,no,261,no,yes,telephone,14,jun,2,249,8,success,0,older
housemaid,single,secondary,no,2501,no,no,cellular,19,nov,1,-1,0,unknown,0,older
services,married,secondary,yes,87,no,yes,cellular,27,may,4,-1,0,unknown,0,young
services,married,unknown,no,490,no,no,unknown,6,may,1,-1,0,unknown,0,older
management,married,tertiary,no,-299,yes,no,unknown,20,may,1,-1,0,unknown,0,older
management,single,secondary,yes,118,yes,no,cellular,18,jul,2,263,3,failure,0,young
management,single,tertiary,no,2029,yes,no,cellular,8,may,1,-1,0,unknown,1,young
blue-collar,married,primary,no,442,yes,no,unknown,11,may,1,-1,0,unknown,0,older
services,married,secondary,no,1127,no,no,telephone,20,nov,3,-1,0,unknown,0,older
technician,divorced,secondary,no,88,yes,yes,unknown,12,may,1,-1,0,unknown,0,older
management,single,unknown,no,1077,yes,yes,unknown,15,jun,6,-1,0,unknown,0,older
management,single,secondary,no,230,yes,no,cellular,17,may,1,365,1,failure,0,young
management,married,secondary,no,2808,no,no,unknown,5,jul,2,-1,0,unknown,0,older
technician,single,secondary,no,0,no,no,unknown,20,may,3,-1,0,unknown,0,older
admin.,married,secondary,no,0,yes,no,unknown,4,may,1,-1,0,unknown,0,older
retired,single,secondary,no,881,yes,no,cellular,22,aug,5,183,2,other,0,young
technician,married,secondary,no,0,no,no,unknown,9,jun,2,-1,0,unknown,0,young
technician,married,secondary,no,828,no,yes,cellular,24,jul,1,-1,0,unknown,0,young
admin.,single,secondary,no,-676,no,no,cellular,13,oct,1,-1,0,unknown,0,young
blue-collar,married,secondary,no,590,no,no,cellular,4,aug,1,323,1,failure,0,older
admin.,single,secondary,no,1693,yes,yes,cellular,2,jan,1,-1,0,unknown,1,young
blue-collar,married,secondary,no,0,yes,no,cellular,21,apr,1,245,1,other,0,young
management,married,tertiary,no,177,no,no,cellular,25,aug,4,-1,0,unknown,0,young
housemaid,divorced,secondary,no,-624,yes,no,telephone,17,may,3,364,1,failure,0,young
admin.,married,secondary,no,-1,no,yes,telephone,19,nov,3,262,6,success,1,older
management,single,tertiary,no,99,no,yes,cellular,26,aug,4,-1,0,unknown,0,young
services,married,secondary,no,101,yes,no,telephone,6,jul,7,260,3,failure,0,young
blue-collar,married,secondary,no,190,yes,no,cellular,29,jul,2,339,2,failure,0,young
management,married,unknown,no,288,no,no,telephone,27,feb,6,-1,0,unknown,0,older
management,single,secondary,no,1359,yes,yes,cellular,30,jan,1,-1,0,unknown,0,young
blue-collar,married,secondary,no,1373,yes,no,cellular,4,may,2,189,1,failure,0,older
admin.,single,secondary,no,627,no,no,cellular,6,aug,10,92,2,success,0,older
self-employed,single,tertiary,no,1721,yes,yes,unknown,6,may,1,-1,0,unknown,0,young
management,single,secondary,no,208,yes,no,cellular,12,may,4,332,3,failure,0,young
blue-collar,divorced,secondary,no,4679,yes,no,cellular,19,nov,1,-1,0,unknown,0,older
admin.,married,secondary,no,2320,no,no,cellular,3,dec,1,-1,0,unknown,0,older
technician,married,tertiary,no,2076,yes,no,cellular,14,nov,1,-1,0,unknown,0,older
services,married,primary,no,557,no,yes,cellular,15,feb,2,-1,0,failure,1,young
admin.,married,secondary,no,79,yes,yes,cellular,15,may,3,335,5,failure,0,young
technician,single,secondary,no,4848,yes,no,cellular,12,may,1,-1,0,unknown,0,young
retired,married,primary,no,681,no,no,unknown,21,jul,3,-1,0,unknown,0,older
blue-collar,married,secondary,no,1034,no,no,cellular,31,jul,4,-1,0,unknown,0,young
unknown,married,tertiary,no,1524,no,no,cellular,14,apr,2,-1,0,unknown,1,young
blue-collar,divorced,unknown,no,68,yes,no,cellular,17,may,2,362,2,failure,0,young
management,married,secondary,no,500,no,no,unknown,17,may,2,-1,0,unknown,0,young
unknown,single,tertiary,no,505,no,no,cellular,16,feb,1,-1,0,unknown,0,young
services,single,secondary,no,190,no,no,cellular,14,may,1,350,1,other,0,young
technician,married,secondary,no,0,no,no,cellular,2,aug,1,-1,0,unknown,0,young
technician,single,unknown,no,409,yes,no,cellular,21,nov,2,-1,0,unknown,0,young
technician,married,tertiary,no,0,yes,no,unknown,9,sep,1,-1,0,unknown,0,young
blue-collar,married,unknown,no,0,yes,no,cellular,9,may,1,-1,0,unknown,0,older
technician,married,primary,yes,158,no,no,cellular,5,aug,1,-1,0,unknown,0,older
management,divorced,tertiary,no,846,no,no,cellular,13,aug,1,-1,0,unknown,0,older
blue-collar,divorced,secondary,no,163,yes,no,unknown,23,may,1,-1,0,unknown,0,young
management,married,tertiary,no,419,no,no,cellular,29,may,2,-1,0,unknown,0,older
blue-collar,divorced,secondary,no,208,yes,no,unknown,28,may,4,-1,0,unknown,0,older
retired,married,unknown,no,4291,no,no,cellular,14,aug,3,-1,0,unknown,1,young
services,married,unknown,no,4878,no,no,cellular,28,aug,2,-1,0,unknown,0,older
self-employed,single,secondary,no,1104,yes,no,unknown,11,may,1,-1,0,unknown,0,young
blue-collar,married,primary,no,0,no,yes,unknown,21,jul,2,-1,0,unknown,0,older
technician,married,secondary,no,300,no,yes,cellular,26,nov,2,-1,0,unknown,0,young
services,married,tertiary,no,0,yes,yes,cellular,31,jul,4,-1,0,unknown,1,older
admin.,divorced,secondary,no,0,yes,no,cellular,22,nov,2,181,1,success,1,older
entrepreneur,married,secondary,no,9,no,no,cellular,17,feb,10,-1,0,unknown,0,young
admin.,married,primary,no,43,yes,no,unknown,5,jun,10,-1,0,unknown,0,older
management,married,tertiary,no,2053,yes,no,unknown,27,may,2,-1,0,unknown,0,older
blue-collar,married,secondary,no,1955,yes,no,cellular,24,jul,1,351,3,failure,0,older
blue-collar,married,primary,no,5826,yes,no,cellular,31,jul,1,-1,0,unknown,0,older
technician,married,secondary,no,927,no,no,cellular,3,aug,2,-1,0,unknown,1,young
services,married,tertiary,no,4973,no,no,cellular,30,aug,15,-1,0,unknown,0,young
retired,single,tertiary,no,313,no,no,cellular,18,may,3,-1,0,unknown,0,young
technician,married,secondary,no,1,yes,no,unknown,8,may,3,-1,0,unknown,0,young
student,single,tertiary,no,77,no,no,cellular,26,aug,2,-1,0,unknown,0,young
services,married,secondary,no,6406,no,no,cellular,2,jul,1,189,5,success,1,older
management,single,tertiary,no,404,no,no,cellular,20,aug,3,-1,0,unknown,0,young
technician,married,tertiary,no,66,no,no,cellular,29,aug,3,-1,0,unknown,0,older
blue-collar,married,secondary,no,70,yes,no,cellular,7,may,2,-1,0,unknown,0,young
admin.,married,secondary,yes,258,no,no,cellular,14,oct,1,153,12,success,0,older
blue-collar,married,secondary,no,328,no,no,unknown,31,jul,1,-1,0,unknown,0,young
technician,married,secondary,no,4173,no,no,cellular,5,aug,1,-1,0,unknown,0,older
services,married,tertiary,no,1358,no,no,cellular,20,aug,2,181,3,success,1,older
management,married,tertiary,no,420,yes,no,cellular,20,jul,1,252,3,failure,0,young
entrepreneur,married,primary,no,168,no,no,unknown,1,mar,3,-1,0,unknown,0,older
management,married,tertiary,no,77,yes,no,cellular,19,apr,2,-1,0,unknown,0,young
housemaid,single,primary,no,0,no,no,unknown,21,may,2,-1,0,unknown,0,young
admin.,divorced,primary,no,1743,yes,no,unknown,13,may,2,-1,0,unknown,0,older
management,married,tertiary,no,2182,yes,no,cellular,14,may,2,-1,0,unknown,0,older
admin.,single,secondary,no,3585,yes,no,cellular,14,aug,5,-1,0,unknown,0,young
admin.,divorced,secondary,no,4920,yes,no,cellular,20,may,1,-1,0,unknown,0,older
management,single,tertiary,no,591,yes,no,cellular,16,may,2,-1,0,unknown,0,young
technician,married,primary,no,60,no,no,cellular,21,jan,1,-1,0,unknown,0,older
management,single,tertiary,no,2772,yes,no,unknown,8,may,1,-1,0,unknown,0,young
technician,married,primary,no,3417,no,no,telephone,18,aug,3,-1,0,unknown,0,older
management,married,tertiary,no,36,yes,no,cellular,16,may,2,297,1,success,1,older
technician,divorced,secondary,no,2716,yes,yes,cellular,30,jan,3,-1,0,unknown,0,older
management,married,secondary,no,1438,no,no,cellular,11,sep,4,-1,0,unknown,0,young
blue-collar,married,secondary,no,1235,yes,no,unknown,11,may,1,-1,0,unknown,0,young
technician,married,tertiary,no,1525,no,no,cellular,28,dec,6,-1,0,unknown,0,older
services,married,secondary,no,0,yes,no,unknown,9,may,1,-1,0,unknown,0,young
technician,married,secondary,no,356,no,no,cellular,21,jul,1,-1,0,unknown,0,older
student,married,secondary,no,8,no,no,cellular,17,feb,1,-1,0,unknown,0,young
retired,married,secondary,no,859,yes,no,cellular,7,apr,2,-1,0,unknown,0,young
technician,single,secondary,no,1268,yes,no,unknown,28,may,2,-1,0,unknown,0,young
services,single,secondary,no,224,yes,no,unknown,16,may,1,-1,0,unknown,0,young
entrepreneur,single,tertiary,no,815,yes,no,unknown,15,may,1,-1,0,unknown,0,young
management,married,tertiary,no,1883,no,no,unknown,3,jul,1,-1,0,unknown,0,young
management,single,tertiary,no,206,no,no,cellular,17,apr,4,-1,0,unknown,1,young
retired,married,secondary,no,-302,yes,no,unknown,26,may,7,-1,0,unknown,0,older
technician,married,secondary,no,1296,no,yes,cellular,3,jan,1,186,2,failure,0,older
technician,married,secondary,no,784,yes,no,cellular,3,jul,2,-1,0,unknown,0,older
blue-collar,single,primary,no,2979,no,no,telephone,7,jan,4,-1,0,unknown,0,older
technician,married,primary,no,6021,yes,no,unknown,8,jun,2,-1,0,unknown,0,older
management,single,secondary,no,118,no,yes,cellular,31,jul,1,-1,0,unknown,0,young
services,single,tertiary,no,32,yes,no,cellular,18,may,3,-1,0,unknown,1,young
management,married,tertiary,no,-309,yes,no,cellular,21,feb,1,-1,0,unknown,0,young
technician,married,secondary,no,17,yes,no,cellular,12,may,6,-1,0,unknown,0,older
blue-collar,married,secondary,no,2282,yes,no,unknown,9,may,1,-1,0,unknown,0,older
self-employed,married,secondary,no,1326,yes,yes,cellular,3,apr,1,297,0,failure,0,young
blue-collar,married,unknown,no,393,yes,yes,cellular,16,may,3,162,5,failure,0,young
retired,married,secondary,no,334,yes,no,cellular,31,jul,4,-1,0,unknown,0,young
blue-collar,single,secondary,no,224,yes,no,cellular,14,may,9,-1,0,unknown,0,young
retired,single,secondary,no,1112,yes,yes,unknown,4,may,4,-1,0,unknown,0,young
blue-collar,married,primary,no,2799,yes,no,cellular,13,may,3,-1,0,unknown,0,older
management,married,tertiary,no,2530,no,no,cellular,13,may,2,-1,0,unknown,0,older
admin.,married,primary,no,0,no,yes,telephone,11,may,4,-1,0,unknown,0,older
blue-collar,married,secondary,no,-327,yes,no,telephone,22,jun,1,-1,0,unknown,0,young
student,married,secondary,no,4919,yes,no,cellular,13,may,2,-1,0,unknown,1,young
blue-collar,married,primary,no,-549,yes,yes,unknown,21,may,10,-1,0,unknown,0,young
management,married,secondary,no,5,no,no,telephone,3,feb,1,-1,0,unknown,0,older
services,single,secondary,no,144,no,no,cellular,11,aug,3,-1,0,unknown,1,young
blue-collar,single,secondary,no,1218,yes,no,cellular,8,may,2,367,2,failure,0,young
admin.,married,secondary,no,1269,yes,yes,cellular,14,apr,2,-1,0,unknown,0,older
services,married,primary,no,0,no,no,cellular,22,may,3,-1,0,unknown,0,older
self-employed,single,secondary,no,164,yes,no,cellular,19,feb,6,-1,0,unknown,0,young
management,married,tertiary,no,3568,yes,yes,telephone,23,jul,2,-1,0,unknown,0,older
technician,single,secondary,no,933,yes,no,cellular,3,feb,2,189,1,failure,0,young
management,married,tertiary,no,955,no,no,cellular,15,nov,5,-1,4,failure,0,older
management,single,tertiary,no,13,no,no,cellular,12,aug,3,-1,0,unknown,0,young
blue-collar,single,primary,no,5,yes,no,unknown,19,may,3,-1,0,unknown,0,young
blue-collar,married,secondary,no,722,yes,yes,cellular,16,aug,1,181,1,failure,0,older
services,married,secondary,no,-177,yes,no,unknown,14,may,1,-1,0,unknown,0,young
blue-collar,married,secondary,no,825,no,no,cellular,9,apr,1,189,2,failure,0,older
admin.,divorced,secondary,no,875,no,no,unknown,6,may,1,-1,0,unknown,0,older
management,single,tertiary,no,306,yes,no,unknown,8,may,4,-1,0,unknown,0,older
management,married,tertiary,no,166,no,no,telephone,6,may,2,-1,0,unknown,1,older
technician,single,tertiary,no,4268,no,no,cellular,27,jul,2,-1,0,unknown,0,young
management,married,primary,no,751,no,no,unknown,17,may,2,-1,0,unknown,0,older
student,married,secondary,no,222,yes,no,cellular,18,may,2,-1,0,unknown,0,young
technician,married,tertiary,no,184,yes,no,cellular,17,jul,1,-1,0,unknown,0,young
unknown,single,primary,no,1347,no,no,unknown,12,jun,1,-1,0,unknown,1,older
services,single,secondary,no,1691,no,no,cellular,12,aug,2,-1,0,unknown,0,older
blue-collar,single,secondary,no,615,no,no,cellular,17,may,2,180,2,failure,0,young
blue-collar,married,primary,no,77,yes,no,telephone,12,may,3,-1,0,unknown,0,older
blue-collar,married,secondary,no,1757,yes,no,cellular,5,may,1,-1,0,unknown,0,young
technician,married,tertiary,no,87,no,no,cellular,20,aug,2,-1,0,unknown,0,young
management,single,tertiary,no,-197,no,no,cellular,9,may,5,-1,0,unknown,0,young
blue-collar,married,secondary,no,274,yes,no,cellular,7,jul,1,-1,0,unknown,0,young
management,married,tertiary,no,0,no,no,cellular,8,feb,3,-1,0,unknown,0,older
blue-collar,married,primary,no,886,yes,no,cellular,9,may,2,-1,0,unknown,0,older
admin.,married,secondary,yes,-388,no,yes,cellular,29,aug,13,-1,0,unknown,0,older
technician,married,secondary,no,1945,yes,no,unknown,21,jun,8,-1,0,unknown,0,older
management,married,tertiary,no,1794,no,no,cellular,26,aug,2,-1,0,unknown,0,older
blue-collar,single,secondary,no,1405,yes,no,cellular,28,jul,1,260,6,other,0,young
self-employed,married,tertiary,no,336,yes,no,unknown,16,may,1,-1,0,unknown,0,older
services,divorced,secondary,no,1030,no,no,cellular,18,aug,10,181,2,other,0,young
blue-collar,married,primary,no,319,yes,no,unknown,9,may,3,-1,0,unknown,0,young
services,single,secondary,no,627,yes,no,unknown,27,may,2,-1,0,unknown,0,young
technician,single,tertiary,no,66,yes,no,cellular,1,jan,5,297,1,failure,0,young
admin.,single,secondary,no,822,yes,no,unknown,12,may,1,-1,0,unknown,0,older
services,married,tertiary,no,2122,no,yes,cellular,31,jul,3,-1,0,unknown,1,young
technician,married,secondary,no,-323,yes,no,cellular,8,may,3,354,4,failure,0,older
retired,married,secondary,no,359,no,no,cellular,17,aug,6,-1,0,unknown,0,young
services,married,secondary,no,539,yes,yes,telephone,14,may,10,-1,0,unknown,0,older
technician,married,secondary,no,625,yes,no,unknown,16,may,1,-1,0,unknown,0,young
management,divorced,tertiary,no,0,yes,no,cellular,3,jul,1,-1,0,unknown,0,older
technician,divorced,secondary,no,22,no,yes,cellular,27,feb,2,-1,0,unknown,0,older
entrepreneur,married,primary,no,-40,yes,yes,unknown,30,jun,1,-1,0,unknown,0,older
management,married,tertiary,no,10107,yes,no,unknown,9,may,2,-1,0,unknown,0,young
technician,single,tertiary,no,1227,yes,no,cellular,15,may,1,-1,0,unknown,0,young
management,married,primary,no,467,yes,no,unknown,19,may,1,-1,0,unknown,0,older
management,married,unknown,no,3334,no,no,cellular,9,jul,4,-1,0,unknown,0,older
blue-collar,married,secondary,no,-122,no,yes,cellular,20,aug,3,-1,0,unknown,0,older
management,married,tertiary,no,343,no,no,cellular,18,nov,2,59,2,failure,0,older
management,married,tertiary,no,1768,no,no,unknown,5,jun,1,-1,0,unknown,1,older
blue-collar,married,primary,no,14881,yes,no,cellular,25,nov,3,-1,0,unknown,0,older
blue-collar,divorced,secondary,no,14,yes,no,cellular,24,jan,1,-1,0,unknown,0,older
admin.,married,secondary,no,974,yes,no,cellular,18,apr,2,204,1,failure,1,older
blue-collar,married,primary,no,992,no,no,unknown,6,jun,6,-1,0,unknown,0,older
blue-collar,married,primary,no,62,yes,no,cellular,8,feb,1,-1,0,unknown,0,young
technician,married,secondary,yes,0,no,yes,cellular,28,dec,2,-1,0,unknown,0,older
services,single,tertiary,no,3816,yes,no,unknown,30,may,5,-1,0,unknown,0,young
admin.,divorced,secondary,no,575,yes,no,unknown,27,may,2,-1,0,unknown,0,young
student,single,tertiary,no,3,no,no,cellular,28,feb,1,-1,0,unknown,0,young
blue-collar,married,primary,no,0,no,yes,unknown,4,jun,1,-1,0,unknown,0,older
management,married,tertiary,no,-536,no,yes,cellular,20,aug,6,-1,0,unknown,0,older
student,divorced,primary,no,276,yes,no,unknown,30,may,1,-1,0,unknown,0,older
entrepreneur,married,tertiary,no,0,yes,no,unknown,6,may,4,-1,0,unknown,0,young
blue-collar,divorced,secondary,no,1010,yes,yes,cellular,15,may,5,352,3,success,1,older
blue-collar,married,primary,no,79,no,no,unknown,20,jun,6,-1,0,unknown,0,young
management,single,tertiary,no,2550,no,no,cellular,5,aug,2,-1,0,unknown,1,young
management,single,tertiary,no,1430,no,no,cellular,13,sep,1,-1,0,unknown,0,young
blue-collar,married,primary,no,2138,no,no,cellular,18,nov,2,-1,0,unknown,0,older
blue-collar,single,secondary,no,282,yes,no,cellular,3,jul,2,324,3,failure,0,young
management,married,tertiary,no,195,yes,no,cellular,23,feb,1,-1,0,unknown,0,older
technician,single,tertiary,no,116,no,no,cellular,26,aug,6,-1,0,unknown,0,young
blue-collar,single,primary,no,0,yes,no,cellular,18,apr,1,-1,0,unknown,0,young
admin.,single,secondary,no,2,yes,yes,cellular,20,may,2,318,1,other,0,young
technician,married,secondary,no,1566,no,no,cellular,1,aug,1,-1,0,unknown,0,young
services,married,secondary,no,4348,yes,no,unknown,16,may,1,-1,0,unknown,0,older
management,single,tertiary,no,4333,no,no,cellular,7,aug,8,-1,0,unknown,0,young
management,married,tertiary,no,3530,yes,no,cellular,4,jul,1,325,2,success,1,older
management,married,tertiary,no,2473,yes,no,cellular,19,aug,5,-1,0,unknown,0,older
services,married,secondary,no,-486,no,no,cellular,23,feb,6,-1,0,unknown,0,older
management,single,tertiary,no,255,yes,no,cellular,9,may,1,-1,0,unknown,1,young
student,single,tertiary,no,1334,no,no,cellular,3,aug,2,-1,0,unknown,0,young
technician,divorced,secondary,no,127,yes,no,unknown,2,jun,2,-1,0,unknown,0,older
entrepreneur,married,secondary,no,1315,yes,no,cellular,24,jul,1,-1,0,unknown,0,young
services,married,secondary,no,22,no,no,cellular,19,aug,4,-1,0,unknown,0,older
blue-collar,divorced,primary,no,921,no,no,cellular,19,jul,2,169,6,other,0,older
management,married,tertiary,no,223,yes,no,cellular,11,nov,1,-1,7,failure,0,older
management,married,secondary,no,1405,no,no,unknown,5,jun,2,-1,0,unknown,0,young
technician,married,secondary,no,3766,no,no,cellular,30,jul,5,-1,0,unknown,0,older
technician,married,secondary,no,456,no,no,cellular,28,aug,2,-1,0,unknown,0,older
retired,married,tertiary,no,5296,yes,no,telephone,22,nov,2,195,3,other,0,young
retired,married,tertiary,no,-158,yes,yes,cellular,13,nov,1,-1,0,unknown,1,older
management,single,tertiary,no,-724,yes,yes,cellular,13,may,2,-1,0,unknown,0,young
management,divorced,secondary,no,0,yes,no,unknown,27,may,2,-1,0,unknown,0,young
blue-collar,single,unknown,no,-842,yes,no,unknown,30,may,7,-1,0,unknown,0,young
blue-collar,single,secondary,no,-39,no,no,cellular,29,jun,16,-1,0,unknown,0,young
technician,married,secondary,no,1003,no,no,cellular,18,aug,2,-1,0,unknown,0,older
technician,single,secondary,no,169,no,no,cellular,11,feb,1,-1,0,unknown,1,young
management,single,tertiary,no,5,yes,yes,unknown,1,jun,3,-1,0,unknown,0,young
self-employed,single,tertiary,no,34,yes,no,cellular,20,jun,4,342,1,other,0,young
blue-collar,divorced,primary,no,93,yes,yes,cellular,15,may,3,352,2,other,0,older
self-employed,divorced,primary,no,111,yes,no,telephone,18,may,2,-1,0,unknown,0,young
services,single,secondary,no,1756,yes,no,telephone,2,aug,2,-1,0,unknown,0,older
admin.,married,secondary,no,5292,yes,yes,cellular,16,may,3,-1,0,unknown,0,older
management,married,tertiary,no,408,yes,no,cellular,17,may,5,-1,0,unknown,0,older
admin.,divorced,secondary,no,1475,yes,no,cellular,3,feb,2,-1,6,success,1,older
admin.,divorced,secondary,no,0,yes,no,cellular,16,may,1,314,2,failure,0,young
management,single,secondary,yes,-17,yes,no,cellular,18,may,1,-1,0,unknown,0,young
self-employed,single,tertiary,no,505,no,no,cellular,23,feb,1,-1,0,unknown,0,older
management,married,tertiary,no,30,no,no,cellular,20,aug,1,-1,0,unknown,0,older
blue-collar,married,primary,no,132,no,no,cellular,21,nov,1,184,6,failure,0,young
admin.,single,secondary,no,244,yes,no,cellular,20,jul,3,-1,0,unknown,1,young
admin.,single,secondary,no,1561,yes,no,cellular,20,may,1,-1,0,unknown,1,young
unemployed,married,tertiary,no,132,no,no,cellular,22,aug,5,-1,0,unknown,0,older
admin.,married,secondary,no,153,yes,no,unknown,21,may,3,-1,0,unknown,0,young
services,married,tertiary,no,154,yes,no,cellular,18,nov,1,-1,0,unknown,1,young
admin.,single,secondary,no,686,yes,no,unknown,26,may,2,-1,0,unknown,0,young
retired,married,primary,no,262,no,no,unknown,9,jun,2,-1,0,unknown,0,older
technician,single,unknown,no,22183,no,no,telephone,23,aug,14,-1,0,unknown,0,older
blue-collar,married,unknown,no,0,no,no,cellular,16,aug,6,-1,0,unknown,0,older
management,single,tertiary,no,260,no,no,cellular,12,aug,3,-1,0,unknown,0,young
technician,married,secondary,no,4333,no,no,cellular,19,nov,4,149,1,success,1,older
self-employed,married,secondary,no,-129,yes,no,cellular,16,may,1,234,8,other,0,young
management,married,tertiary,no,336,yes,yes,cellular,19,apr,2,-1,0,unknown,0,young
services,married,primary,no,5,yes,no,unknown,1,jun,2,-1,0,unknown,1,young
self-employed,single,primary,no,639,no,no,cellular,13,jul,1,-1,0,unknown,0,young
management,married,tertiary,no,7857,no,yes,unknown,19,jul,3,-1,0,unknown,0,older
unemployed,married,secondary,no,350,no,no,cellular,29,aug,2,-1,0,unknown,1,older
management,married,tertiary,no,3624,no,no,cellular,5,jul,2,-1,0,unknown,0,young
services,married,tertiary,no,-74,no,no,cellular,18,aug,7,-1,0,unknown,0,young
management,divorced,secondary,no,702,no,no,cellular,21,jan,5,-1,0,unknown,0,older
technician,single,secondary,no,2,no,no,cellular,20,nov,1,184,3,failure,0,older
retired,married,primary,no,5224,yes,no,unknown,13,may,23,-1,0,unknown,0,older
management,divorced,tertiary,no,396,no,no,unknown,20,may,6,-1,0,unknown,0,older
management,married,tertiary,no,3391,no,no,cellular,20,nov,2,-1,0,unknown,0,older
self-employed,married,secondary,no,4186,no,no,cellular,30,feb,1,-1,0,unknown,0,older
retired,single,secondary,no,4098,yes,no,cellular,19,nov,1,-1,0,unknown,0,young
services,single,secondary,no,498,no,no,cellular,27,aug,18,-1,0,unknown,0,older
admin.,single,secondary,no,2062,yes,yes,unknown,2,jul,1,-1,0,unknown,0,young
management,married,tertiary,no,129,no,no,cellular,8,feb,1,-1,0,unknown,0,older
management,married,tertiary,no,1056,no,no,unknown,21,may,2,-1,0,unknown,0,young
blue-collar,single,secondary,no,129,yes,no,unknown,6,may,2,-1,0,unknown,0,young
student,divorced,secondary,no,0,yes,no,unknown,6,jun,4,-1,0,unknown,0,older
blue-collar,married,primary,no,3381,yes,no,cellular,15,may,4,-1,0,unknown,0,older
admin.,married,secondary,no,11,yes,no,cellular,22,apr,2,177,5,failure,0,older
blue-collar,married,secondary,no,-1,yes,no,cellular,13,may,1,-1,0,unknown,0,young
management,married,tertiary,no,455,no,no,cellular,29,apr,3,-1,0,unknown,0,older
admin.,married,secondary,no,393,no,no,cellular,21,apr,2,-1,0,unknown,0,young
unemployed,married,secondary,no,1576,no,no,cellular,4,nov,2,-1,0,unknown,0,older
unemployed,married,secondary,no,7089,yes,no,cellular,13,nov,4,-1,0,unknown,0,older
services,single,secondary,no,156,yes,no,cellular,21,apr,1,-1,0,unknown,0,young
management,married,secondary,no,0,no,no,telephone,14,feb,1,-1,0,unknown,0,young
technician,single,tertiary,no,66,yes,no,unknown,17,may,3,-1,0,unknown,0,young
admin.,divorced,secondary,no,105,no,no,cellular,17,may,1,-1,0,unknown,0,older
management,married,tertiary,no,331,no,no,cellular,10,aug,2,-1,0,unknown,1,young
blue-collar,married,primary,no,2572,yes,no,cellular,18,may,6,-1,0,unknown,0,young
management,married,tertiary,no,1948,no,no,unknown,14,may,3,-1,0,unknown,0,older
student,married,secondary,no,443,no,no,cellular,1,jun,1,-1,0,unknown,1,young
services,single,secondary,no,0,yes,no,cellular,2,aug,1,-1,0,unknown,0,older
technician,single,secondary,no,-38,no,no,cellular,13,dec,1,-1,0,unknown,0,young
admin.,married,secondary,no,760,no,no,cellular,29,jul,3,-1,0,unknown,0,older
admin.,divorced,secondary,no,2197,yes,no,unknown,28,may,4,-1,0,unknown,0,older
retired,divorced,tertiary,no,824,yes,no,cellular,20,nov,1,-1,0,unknown,0,older
services,married,tertiary,no,-173,yes,no,telephone,15,may,3,-1,0,unknown,0,older
services,married,secondary,no,144,yes,no,unknown,21,may,9,-1,0,unknown,0,young
management,married,primary,no,934,yes,no,unknown,7,may,1,-1,0,unknown,0,young
unknown,married,unknown,no,2,no,no,cellular,31,sep,1,197,1,success,1,young
admin.,married,secondary,no,755,yes,no,cellular,9,feb,4,-1,0,unknown,0,older
management,married,secondary,no,244,yes,no,unknown,11,may,1,-1,0,unknown,0,older
admin.,married,secondary,no,0,yes,yes,cellular,20,nov,3,-1,0,unknown,0,older
management,married,tertiary,no,1292,yes,no,cellular,17,aug,4,-1,0,unknown,0,older
technician,married,tertiary,no,726,yes,no,cellular,14,may,3,-1,0,unknown,0,young
admin.,married,unknown,no,822,yes,no,cellular,16,apr,3,294,2,failure,0,older
self-employed,married,tertiary,no,-451,yes,no,unknown,27,may,1,-1,0,unknown,0,young
management,married,secondary,no,0,yes,no,cellular,15,jun,1,-1,0,unknown,0,young
technician,married,secondary,no,4207,no,no,unknown,20,may,3,-1,0,unknown,0,older
admin.,married,secondary,no,-31,yes,no,cellular,4,may,1,-1,0,unknown,0,young
management,married,tertiary,no,2234,no,no,cellular,17,nov,1,-1,0,unknown,0,older
unknown,married,secondary,no,59649,yes,no,unknown,31,sep,44,850,55,unknown,0,young
retired,married,tertiary,no,47,no,no,cellular,17,aug,6,-1,0,unknown,0,young
blue-collar,single,secondary,no,291,yes,yes,unknown,27,may,5,-1,0,unknown,0,young
services,married,secondary,no,-230,yes,yes,cellular,18,jun,1,-1,0,unknown,0,young
retired,single,secondary,no,755,yes,no,unknown,18,may,2,-1,0,unknown,0,young
management,married,tertiary,no,1092,yes,no,telephone,2,apr,2,264,2,failure,0,older
technician,married,secondary,no,1228,no,no,cellular,19,jun,2,-1,0,unknown,0,older
admin.,single,tertiary,no,579,no,no,cellular,31,jul,4,-1,0,unknown,1,young
services,married,tertiary,no,157,no,no,cellular,27,may,3,-1,0,unknown,0,older
technician,single,secondary,no,691,yes,no,cellular,31,jul,7,-1,0,unknown,0,older
blue-collar,married,secondary,no,4313,no,no,cellular,7,aug,2,-1,0,unknown,0,older
unknown,single,secondary,no,-166,no,no,cellular,19,jul,3,-1,0,unknown,0,young
technician,single,secondary,no,1079,no,no,cellular,29,apr,1,-1,0,unknown,1,young
admin.,married,secondary,no,898,yes,no,unknown,5,may,2,-1,0,unknown,0,young
technician,married,secondary,no,4,no,no,unknown,14,may,1,-1,0,unknown,0,young
unknown,married,tertiary,no,-8019,no,no,unknown,31,apr,1,850,55,failure,1,older
blue-collar,married,secondary,no,948,no,no,cellular,26,apr,4,-1,0,unknown,0,older
management,married,tertiary,no,5316,yes,no,cellular,20,sep,3,366,5,success,1,young
technician,married,secondary,no,1128,no,no,cellular,9,may,1,8,4,failure,0,young
admin.,single,secondary,no,152,no,no,unknown,5,jun,2,-1,0,unknown,0,young
management,married,primary,no,345,yes,no,unknown,14,jun,24,-1,0,unknown,0,older
technician,single,tertiary,no,86,no,no,cellular,2,jul,1,-1,0,unknown,1,young
admin.,married,secondary,no,236,yes,no,cellular,16,jul,7,-1,0,unknown,0,young
technician,single,primary,no,0,yes,yes,cellular,29,jul,1,94,5,failure,0,young
technician,married,secondary,no,939,yes,no,cellular,20,nov,1,-1,0,unknown,0,older
management,married,tertiary,no,-7,yes,no,cellular,23,jul,3,-1,0,unknown,0,young
services,married,tertiary,no,2779,no,no,telephone,19,jan,2,178,11,success,1,older
management,married,secondary,no,657,no,no,cellular,7,may,2,-1,3,failure,0,older
blue-collar,married,secondary,no,436,yes,yes,unknown,16,may,1,-1,0,unknown,0,young
technician,married,unknown,no,528,yes,no,unknown,26,may,2,-1,0,unknown,0,young
services,married,tertiary,no,7873,no,no,cellular,21,aug,2,-1,0,unknown,0,older
retired,married,secondary,no,1167,yes,no,cellular,16,nov,1,106,1,success,0,older
admin.,single,secondary,no,484,yes,yes,cellular,6,mar,1,-1,0,unknown,0,young
services,married,tertiary,no,4962,no,no,cellular,19,aug,3,129,2,success,1,young
management,divorced,tertiary,no,291,yes,no,cellular,1,may,2,-1,3,other,0,older
management,married,tertiary,no,1591,no,yes,telephone,28,jul,2,-1,0,unknown,0,older
management,married,secondary,no,12,no,no,cellular,20,apr,1,167,2,other,0,young
management,single,secondary,no,17,no,no,unknown,21,may,2,-1,0,unknown,0,young
blue-collar,married,secondary,no,5887,yes,yes,cellular,8,jun,1,-1,0,unknown,0,young
management,married,secondary,no,4274,yes,no,unknown,5,jul,5,-1,0,unknown,0,older
management,married,tertiary,no,490,yes,no,cellular,21,jan,4,-1,0,unknown,1,young
services,married,secondary,no,0,no,yes,cellular,20,feb,2,-1,0,unknown,0,older
technician,divorced,primary,no,10448,no,no,telephone,8,jan,1,-1,0,unknown,1,older
services,married,primary,no,25,yes,yes,cellular,21,apr,1,-1,0,unknown,0,older
technician,divorced,secondary,no,1,no,no,cellular,19,nov,1,-1,0,unknown,0,older
management,married,tertiary,no,2612,no,no,unknown,12,jun,3,-1,0,unknown,0,older
technician,married,secondary,no,3271,yes,no,cellular,22,nov,2,-1,0,unknown,0,young
technician,single,tertiary,no,819,no,no,cellular,28,feb,4,-1,0,unknown,0,young
self-employed,married,tertiary,no,-378,yes,no,cellular,15,aug,6,-1,0,unknown,0,young
management,married,tertiary,no,461,no,no,cellular,11,aug,5,-1,0,unknown,0,older
services,single,secondary,no,180,no,no,cellular,11,may,1,193,2,failure,0,young
admin.,married,secondary,no,2841,no,no,cellular,25,jul,1,-1,0,unknown,0,young
management,married,primary,no,1165,yes,yes,unknown,22,may,4,-1,0,unknown,0,young
blue-collar,married,primary,no,2868,yes,yes,unknown,14,may,1,-1,0,unknown,0,older
blue-collar,married,secondary,no,-49,no,no,unknown,28,may,2,-1,0,unknown,0,young
technician,single,secondary,no,2367,no,yes,cellular,6,may,2,-1,2,other,1,young
blue-collar,married,secondary,no,2965,no,no,unknown,15,jun,3,-1,0,unknown,0,older
blue-collar,married,primary,no,1480,no,no,unknown,3,jul,1,-1,0,unknown,0,young
blue-collar,married,secondary,no,1154,no,no,telephone,15,jul,7,-1,0,unknown,0,older
services,married,secondary,no,947,no,no,cellular,15,nov,2,-1,0,unknown,1,young
management,married,secondary,no,503,no,no,cellular,15,may,1,-1,0,unknown,0,older
management,divorced,tertiary,no,1848,yes,no,cellular,13,jul,3,-1,0,unknown,0,young
self-employed,married,tertiary,no,7,yes,yes,cellular,19,apr,2,328,5,failure,0,young
technician,married,secondary,no,29,yes,no,unknown,5,may,1,-1,0,unknown,0,young
technician,single,secondary,no,296,yes,no,cellular,19,nov,1,-1,0,unknown,0,young
management,single,tertiary,no,191,yes,no,unknown,14,may,10,-1,0,unknown,0,young
blue-collar,married,primary,no,869,yes,yes,unknown,29,may,8,-1,0,unknown,0,older
self-employed,married,tertiary,no,379,no,no,cellular,12,aug,3,-1,0,unknown,0,older
student,married,secondary,no,490,yes,no,cellular,20,may,1,342,0,failure,0,young
technician,married,secondary,no,352,no,no,cellular,27,feb,2,-1,0,unknown,0,older
retired,divorced,secondary,no,668,yes,no,cellular,8,jan,2,321,5,failure,0,older
blue-collar,single,primary,no,991,yes,no,telephone,23,mar,2,-1,0,unknown,0,older
student,married,tertiary,no,3457,no,no,unknown,23,jun,15,-1,0,unknown,0,young
blue-collar,single,unknown,no,34,yes,no,cellular,17,apr,2,-1,0,unknown,0,young
blue-collar,married,primary,no,0,yes,no,cellular,9,may,4,346,1,failure,0,older
blue-collar,married,primary,no,30,no,yes,unknown,16,may,6,-1,0,unknown,0,older
blue-collar,married,unknown,no,15761,no,no,telephone,20,may,1,-1,0,unknown,1,older
admin.,married,secondary,no,490,yes,no,cellular,21,apr,4,268,5,failure,0,older
management,married,tertiary,no,3230,yes,no,unknown,21,may,1,-1,0,unknown,0,young
management,divorced,primary,no,1160,no,no,cellular,16,jul,1,-1,0,unknown,0,older
blue-collar,single,secondary,no,0,yes,no,cellular,14,may,1,-1,0,unknown,1,young
admin.,single,secondary,no,1579,yes,no,unknown,30,may,3,-1,0,unknown,0,older
admin.,single,secondary,no,322,no,yes,cellular,18,nov,1,-1,0,unknown,1,young
blue-collar,married,secondary,no,1567,yes,no,cellular,30,jul,1,184,4,other,1,young
blue-collar,married,secondary,no,12958,yes,no,telephone,6,feb,3,184,1,success,1,older
blue-collar,married,tertiary,no,214,yes,no,unknown,21,may,2,-1,0,unknown,0,older
technician,married,tertiary,no,635,yes,yes,cellular,18,may,1,-1,0,unknown,0,young
admin.,married,tertiary,no,-35,yes,yes,cellular,18,aug,2,-1,0,unknown,1,older
retired,married,secondary,no,682,yes,no,cellular,30,apr,1,312,4,other,1,young
management,single,tertiary,no,2822,no,no,unknown,1,jul,1,-1,0,unknown,0,young
management,married,tertiary,no,579,no,no,cellular,21,nov,1,-1,0,unknown,1,young
retired,married,tertiary,no,178,no,no,cellular,29,may,2,-1,0,unknown,0,young
self-employed,divorced,secondary,no,1242,no,no,unknown,20,may,1,371,7,failure,0,young
admin.,married,secondary,no,1404,yes,no,cellular,6,may,5,-1,0,unknown,0,young
retired,married,secondary,no,2390,yes,yes,unknown,20,may,2,-1,0,unknown,0,young
admin.,married,secondary,no,59649,yes,no,cellular,14,apr,1,-1,0,unknown,0,older
blue-collar,married,primary,no,0,yes,no,unknown,24,may,5,-1,0,unknown,0,young
technician,married,secondary,no,-222,yes,no,telephone,6,jan,3,-1,0,unknown,0,older
management,married,tertiary,no,1593,no,no,cellular,20,sep,1,-1,0,unknown,1,young
blue-collar,married,secondary,no,-405,no,no,unknown,5,jun,1,-1,0,unknown,0,older
management,married,tertiary,yes,-749,yes,yes,cellular,1,jan,3,-1,0,unknown,0,older
blue-collar,married,primary,no,1330,yes,no,cellular,9,jul,3,-1,0,unknown,0,older
blue-collar,married,secondary,no,720,no,no,cellular,9,aug,5,-1,0,unknown,0,young
blue-collar,single,secondary,no,10958,yes,no,cellular,11,may,3,168,4,other,0,young
retired,married,primary,no,1712,yes,no,cellular,18,apr,2,-1,0,unknown,0,older
blue-collar,married,primary,no,291,no,yes,cellular,27,may,1,-1,0,unknown,0,older
blue-collar,married,secondary,no,2568,yes,no,cellular,14,apr,1,-1,0,unknown,0,older
unemployed,divorced,primary,no,1448,yes,no,unknown,11,jun,6,-1,0,unknown,0,young
management,married,tertiary,no,0,no,no,cellular,28,aug,12,-1,0,unknown,0,older
blue-collar,married,secondary,no,598,yes,no,cellular,6,may,1,-1,0,unknown,0,older
blue-collar,single,primary,no,205,yes,no,unknown,6,mar,2,-1,0,unknown,0,older
services,divorced,tertiary,no,627,no,no,cellular,1,aug,1,0,2,other,0,young
blue-collar,divorced,primary,no,1148,no,no,unknown,4,jun,1,-1,0,unknown,0,older
management,married,tertiary,no,3031,no,no,cellular,16,aug,2,-1,0,unknown,0,older
technician,married,secondary,no,1,yes,no,cellular,19,jan,14,-1,0,unknown,0,young
blue-collar,married,secondary,no,157,no,no,unknown,11,jun,2,-1,0,unknown,0,older
technician,single,secondary,no,0,no,no,cellular,5,may,1,-1,0,unknown,0,young
admin.,single,tertiary,no,4687,no,no,cellular,3,aug,13,-1,0,unknown,0,young
blue-collar,married,secondary,no,840,yes,no,unknown,16,may,4,-1,0,unknown,0,older
blue-collar,married,secondary,no,-31,yes,no,unknown,21,may,6,-1,0,unknown,0,young
housemaid,married,primary,no,882,no,no,telephone,14,may,1,-1,0,unknown,0,older
admin.,married,primary,no,294,no,no,telephone,8,aug,1,-1,0,unknown,0,older
admin.,divorced,secondary,no,861,yes,yes,unknown,29,may,2,-1,0,unknown,0,older
admin.,married,secondary,no,632,no,no,unknown,21,mar,3,-1,0,unknown,0,older
unknown,single,secondary,no,59649,yes,no,unknown,29,oct,44,-1,54,unknown,0,young
blue-collar,married,secondary,no,-770,yes,no,cellular,28,apr,1,324,3,failure,0,young
technician,divorced,secondary,no,20,no,no,cellular,6,may,1,-1,0,unknown,0,young
blue-collar,married,secondary,no,-97,yes,no,unknown,11,may,1,-1,0,unknown,0,young
management,married,primary,no,0,no,no,unknown,26,may,2,-1,0,unknown,0,older
blue-collar,married,secondary,no,177,no,no,unknown,3,feb,3,-1,0,unknown,0,young
admin.,married,secondary,no,1444,no,no,cellular,21,apr,1,-1,0,unknown,0,older
management,single,tertiary,no,641,yes,no,cellular,13,may,1,276,0,failure,0,young
blue-collar,married,secondary,yes,-483,no,no,cellular,13,aug,1,-1,0,unknown,0,older
blue-collar,married,secondary,no,5920,no,no,telephone,22,may,2,-1,0,unknown,0,older
services,single,tertiary,no,693,yes,no,telephone,8,may,3,322,5,failure,0,young
blue-collar,single,secondary,no,127,no,no,cellular,12,jan,1,-1,0,unknown,0,young
technician,married,tertiary,no,36526,no,no,cellular,21,sep,2,98,6,other,0,older
management,single,tertiary,no,4,yes,no,cellular,12,may,2,43,4,other,0,young
blue-collar,single,secondary,no,1187,yes,no,unknown,20,may,2,-1,0,unknown,0,young
technician,married,secondary,no,2915,no,no,cellular,9,jul,1,-1,0,unknown,0,older
admin.,single,secondary,no,344,no,no,telephone,18,jul,2,-1,0,unknown,0,young
blue-collar,married,secondary,no,1765,yes,no,cellular,13,jul,5,-1,0,unknown,0,young
admin.,married,secondary,no,283,yes,yes,cellular,28,apr,2,-1,0,unknown,0,young
technician,single,secondary,no,49,yes,no,cellular,20,apr,2,347,1,failure,0,older
blue-collar,single,secondary,no,46,yes,no,cellular,18,jul,2,184,2,other,0,young
blue-collar,married,secondary,no,54,no,no,cellular,12,may,5,-1,0,unknown,0,older
technician,married,secondary,no,6,yes,no,cellular,12,feb,12,-1,0,unknown,0,older
self-employed,married,tertiary,no,470,no,yes,cellular,15,may,3,-1,0,unknown,0,young
student,married,secondary,no,1803,no,no,cellular,29,aug,2,-1,0,unknown,0,young
technician,married,secondary,no,70,no,no,unknown,8,jul,2,-1,0,unknown,0,young
management,married,tertiary,no,15972,yes,no,cellular,14,apr,2,246,2,other,0,young
technician,married,secondary,no,565,yes,yes,cellular,19,may,2,335,2,failure,0,young
technician,single,secondary,no,779,yes,no,cellular,21,nov,2,-1,0,unknown,0,young
management,single,tertiary,no,477,yes,no,cellular,20,may,3,-1,0,unknown,0,young
management,single,tertiary,no,496,no,no,telephone,5,sep,2,-1,0,unknown,0,young
blue-collar,married,secondary,no,2441,yes,yes,unknown,12,may,2,-1,0,unknown,0,young
unemployed,single,primary,no,1253,no,no,unknown,18,may,3,-1,0,unknown,0,older
management,divorced,tertiary,no,1348,yes,no,cellular,21,jul,1,184,1,failure,0,young
technician,married,secondary,no,144,no,no,unknown,26,may,1,-1,0,unknown,1,older
blue-collar,married,primary,no,-608,yes,no,unknown,15,may,2,-1,0,unknown,0,older
technician,single,secondary,no,4786,no,no,cellular,12,aug,1,91,5,failure,0,older
blue-collar,single,secondary,no,110,yes,no,cellular,18,may,1,-1,0,unknown,0,young
admin.,married,secondary,no,21,no,yes,cellular,28,jun,5,-1,0,unknown,0,young
management,married,tertiary,no,664,no,no,unknown,13,may,3,-1,0,unknown,0,older
management,married,tertiary,no,1320,no,no,cellular,17,apr,2,182,3,failure,0,young
retired,single,secondary,no,0,no,yes,cellular,28,aug,2,-1,0,unknown,0,young
management,divorced,secondary,no,2566,yes,no,cellular,5,jul,2,152,0,success,1,older
blue-collar,single,secondary,no,800,no,no,cellular,21,apr,1,-1,0,unknown,1,young
admin.,single,secondary,no,161,yes,no,unknown,22,may,1,-1,0,unknown,0,young
blue-collar,married,primary,no,512,yes,no,cellular,20,apr,2,-1,0,unknown,0,older
services,married,secondary,no,35,yes,no,cellular,6,aug,3,201,1,other,1,young
management,married,tertiary,no,1341,yes,no,cellular,15,may,2,-1,0,unknown,0,young
management,married,tertiary,no,6,no,no,cellular,13,jul,1,-1,0,unknown,0,older
blue-collar,single,secondary,no,514,yes,no,cellular,23,aug,4,-1,0,unknown,0,young
management,single,tertiary,no,92,yes,no,telephone,20,sep,1,273,1,failure,0,young
management,married,tertiary,no,458,no,no,cellular,19,aug,1,-1,0,unknown,1,older
blue-collar,single,secondary,no,1661,yes,no,cellular,12,may,2,338,3,failure,0,older
self-employed,married,tertiary,no,0,yes,yes,telephone,13,jul,1,-1,0,unknown,0,young
student,married,tertiary,no,0,yes,no,unknown,17,may,1,-1,0,unknown,0,young
management,divorced,tertiary,no,51,no,no,cellular,13,aug,6,-1,0,unknown,0,older
blue-collar,married,unknown,no,332,yes,no,cellular,22,nov,1,182,3,other,0,older
blue-collar,married,primary,no,2449,yes,no,unknown,18,may,1,-1,0,unknown,0,young
unknown,married,tertiary,no,2764,no,no,unknown,21,jun,1,-1,0,unknown,0,older
management,divorced,tertiary,no,925,yes,no,cellular,23,jul,1,-1,0,unknown,0,older
blue-collar,married,primary,no,1239,yes,yes,unknown,28,may,3,-1,0,unknown,0,young
services,married,tertiary,no,0,no,no,cellular,16,aug,2,-1,0,unknown,0,older
management,married,tertiary,no,437,yes,yes,cellular,18,may,1,-1,0,unknown,0,young
services,single,secondary,no,1524,no,no,cellular,3,sep,1,-1,0,unknown,0,young
technician,married,secondary,no,714,no,yes,cellular,11,aug,2,-1,0,unknown,0,older
blue-collar,married,secondary,no,366,yes,no,cellular,5,feb,3,169,5,other,0,young
blue-collar,single,secondary,no,3884,yes,no,unknown,9,may,2,-1,0,unknown,0,young
blue-collar,single,secondary,no,910,no,no,cellular,20,nov,1,-1,0,unknown,0,young
blue-collar,single,primary,no,6246,yes,no,cellular,21,may,3,-1,0,unknown,0,young
blue-collar,married,secondary,no,3495,no,no,cellular,29,jul,1,98,2,failure,0,young
technician,single,secondary,no,106,no,no,cellular,9,feb,1,-1,0,unknown,0,young
management,married,tertiary,no,315,yes,no,cellular,7,may,3,246,1,failure,0,older
management,single,tertiary,no,358,no,no,cellular,14,jul,2,-1,0,unknown,0,young
technician,married,secondary,no,6016,no,no,cellular,28,jan,2,-1,0,unknown,0,older
services,married,secondary,no,896,yes,no,cellular,13,may,1,362,3,other,0,young
management,divorced,primary,no,0,no,no,telephone,27,feb,9,-1,0,unknown,0,older
management,married,secondary,no,543,yes,no,cellular,7,may,1,184,6,other,0,young
management,single,secondary,no,1718,no,no,cellular,1,jan,1,-1,0,unknown,0,young
technician,married,secondary,no,464,no,no,unknown,14,may,1,-1,0,unknown,0,young
management,married,tertiary,no,442,no,no,telephone,20,aug,29,-1,0,unknown,0,older
technician,married,unknown,no,3509,yes,no,unknown,19,may,4,-1,0,unknown,0,older
blue-collar,married,secondary,no,0,no,no,unknown,9,may,2,-1,0,unknown,0,older
technician,married,unknown,no,0,no,yes,cellular,26,jul,1,-1,0,unknown,0,older
technician,married,secondary,no,9,no,no,cellular,4,aug,3,-1,0,unknown,0,young
self-employed,married,tertiary,no,6999,no,no,cellular,30,jul,3,-1,0,unknown,0,older
admin.,married,secondary,no,394,no,yes,cellular,7,jul,1,-1,0,unknown,0,older
retired,single,tertiary,no,110,no,no,cellular,30,apr,1,350,1,failure,1,young
admin.,married,secondary,no,3,no,no,unknown,9,may,1,-1,0,unknown,0,young
unknown,married,unknown,no,341,no,no,cellular,29,aug,1,166,2,failure,0,older
services,married,primary,no,1886,no,no,cellular,19,aug,4,-1,0,unknown,1,older
technician,divorced,secondary,no,2812,yes,no,unknown,26,may,4,-1,0,unknown,1,young
management,married,primary,no,-54,yes,no,cellular,26,may,1,-1,0,unknown,0,young
blue-collar,married,primary,no,242,yes,no,unknown,5,feb,9,-1,0,unknown,0,young
management,married,tertiary,no,22,yes,no,unknown,18,may,2,-1,0,unknown,0,young
services,married,secondary,no,0,yes,no,unknown,15,may,1,-1,0,unknown,0,older
unknown,single,secondary,no,1098,yes,no,cellular,12,may,2,-1,0,unknown,0,older
blue-collar,single,primary,no,1724,no,no,cellular,29,jul,1,-1,0,unknown,1,young
management,divorced,tertiary,no,987,yes,no,unknown,5,may,2,-1,0,unknown,0,older
blue-collar,married,secondary,no,351,no,no,unknown,28,may,1,-1,0,unknown,0,young
services,married,secondary,no,1750,no,no,cellular,7,jun,2,307,2,failure,0,older
blue-collar,divorced,secondary,no,1174,no,no,cellular,19,aug,13,-1,0,unknown,0,older
blue-collar,divorced,secondary,no,26,yes,yes,unknown,7,may,1,-1,0,unknown,0,young
blue-collar,single,primary,no,156,yes,no,unknown,7,may,4,-1,0,unknown,0,young
management,single,tertiary,no,4002,yes,no,cellular,20,apr,4,-1,0,unknown,0,young
admin.,divorced,secondary,no,443,no,no,cellular,30,feb,1,218,1,failure,1,young
unknown,married,unknown,no,157,no,no,cellular,14,may,7,93,1,success,0,older
services,divorced,secondary,yes,-863,no,yes,unknown,4,may,1,-1,0,unknown,0,older
blue-collar,married,secondary,no,0,yes,no,unknown,5,may,1,-1,0,unknown,0,older
services,married,primary,no,0,yes,no,unknown,4,may,6,-1,0,unknown,0,young
technician,married,secondary,no,291,no,no,unknown,7,may,1,-1,0,unknown,0,older
blue-collar,married,secondary,no,1458,yes,no,cellular,13,jul,1,-1,0,unknown,0,older
management,single,tertiary,no,351,no,no,cellular,17,feb,6,-1,0,unknown,0,young
technician,single,tertiary,no,500,no,no,cellular,23,aug,6,-1,0,unknown,0,young
blue-collar,married,secondary,no,545,yes,no,cellular,1,aug,1,-1,0,unknown,0,older
management,married,secondary,no,274,no,no,telephone,25,feb,1,-1,0,unknown,0,older
blue-collar,single,primary,no,0,yes,no,unknown,29,may,9,-1,0,unknown,0,young
management,married,primary,no,0,yes,no,unknown,6,may,2,-1,0,unknown,0,older
admin.,divorced,secondary,no,78,no,no,cellular,30,jul,3,-1,0,unknown,0,older
admin.,single,tertiary,no,3535,yes,yes,unknown,20,may,1,-1,0,unknown,0,young
blue-collar,married,secondary,no,457,yes,no,unknown,9,jun,13,-1,0,unknown,0,older
services,married,primary,no,1410,yes,no,unknown,8,jun,1,-1,0,unknown,0,older
blue-collar,married,primary,no,40,yes,no,unknown,9,jun,8,-1,0,unknown,0,young
retired,married,tertiary,no,420,yes,no,cellular,15,apr,3,-1,0,unknown,0,young
entrepreneur,married,secondary,no,2600,no,no,telephone,18,feb,3,132,4,other,0,young
technician,married,secondary,no,8306,no,no,cellular,12,aug,4,-1,0,unknown,0,older
technician,married,secondary,no,5020,no,yes,telephone,20,nov,2,-1,0,unknown,0,young
technician,married,secondary,no,987,no,no,unknown,8,may,1,-1,0,unknown,0,older
blue-collar,single,primary,no,1481,no,no,cellular,29,aug,5,-1,0,unknown,0,young
technician,married,secondary,no,1359,yes,no,unknown,30,may,4,-1,0,unknown,0,young
blue-collar,married,secondary,no,-441,yes,no,cellular,20,nov,3,-1,0,unknown,0,young
management,married,tertiary,no,1179,yes,no,unknown,4,may,1,-1,0,unknown,0,older
retired,single,unknown,no,1421,no,no,telephone,3,jan,1,-1,0,unknown,0,young
admin.,married,secondary,no,239,yes,no,cellular,14,may,3,-1,0,unknown,0,young
management,married,tertiary,no,77,yes,no,cellular,17,may,4,-1,0,unknown,0,young
management,married,tertiary,no,2503,yes,no,unknown,2,jul,2,-1,0,unknown,0,older
technician,divorced,unknown,no,0,no,no,cellular,27,feb,1,-1,0,unknown,0,older
admin.,married,secondary,no,5928,yes,yes,cellular,9,may,1,-1,0,unknown,0,young
technician,divorced,secondary,no,2018,yes,no,unknown,4,may,2,-1,0,unknown,0,young
technician,married,secondary,no,418,yes,no,unknown,8,may,1,-1,0,unknown,0,older
blue-collar,married,secondary,no,1017,yes,no,unknown,27,may,2,-1,0,unknown,0,young
services,divorced,tertiary,no,0,no,no,cellular,31,jul,9,-1,0,unknown,0,older
admin.,single,secondary,no,0,yes,no,cellular,7,jun,1,-1,0,unknown,0,young
blue-collar,married,secondary,no,2916,yes,no,cellular,21,feb,1,180,2,failure,0,young
services,married,secondary,no,1644,no,no,cellular,6,sep,1,627,3,other,0,young
management,divorced,secondary,no,629,yes,no,cellular,30,jul,7,-1,0,unknown,0,older
blue-collar,married,secondary,no,861,yes,no,unknown,2,may,3,-1,0,unknown,0,young
blue-collar,married,unknown,no,251,no,yes,cellular,29,jul,6,-1,0,unknown,0,older
management,married,tertiary,no,3321,yes,no,cellular,9,aug,6,-1,0,unknown,0,young
blue-collar,single,primary,no,678,yes,no,cellular,28,apr,1,-1,0,unknown,0,young
blue-collar,married,primary,no,0,yes,no,unknown,9,may,1,-1,0,unknown,0,young
blue-collar,single,secondary,no,372,yes,yes,cellular,17,may,1,-1,0,unknown,1,young
blue-collar,married,primary,no,129,yes,no,unknown,4,may,2,-1,0,unknown,0,older
blue-collar,single,primary,no,39,yes,no,unknown,26,may,1,-1,0,unknown,0,young
housemaid,married,unknown,no,899,no,no,cellular,16,aug,2,-1,0,unknown,0,older
management,divorced,tertiary,no,-797,no,yes,cellular,30,jul,10,-1,0,unknown,0,older
admin.,married,secondary,no,389,no,no,cellular,5,may,1,-1,0,unknown,0,older
blue-collar,married,secondary,no,2414,no,yes,cellular,15,jul,1,-1,0,unknown,0,older
admin.,married,secondary,no,752,no,no,cellular,20,oct,1,-1,0,unknown,0,older
admin.,married,secondary,no,1724,yes,no,cellular,8,jun,4,-1,0,unknown,0,older
blue-collar,divorced,secondary,no,5321,yes,no,cellular,17,may,5,-1,0,unknown,0,older
admin.,single,secondary,no,2427,no,no,cellular,31,apr,1,4,2,failure,0,young
technician,divorced,secondary,no,135,no,no,cellular,8,nov,2,144,5,failure,0,older
self-employed,single,secondary,no,2393,yes,no,cellular,7,may,2,189,3,failure,0,young
management,married,tertiary,no,298,no,no,unknown,18,may,4,-1,0,unknown,0,young
entrepreneur,married,secondary,no,23,yes,no,cellular,21,apr,3,339,3,failure,0,young
blue-collar,married,secondary,no,1317,no,no,cellular,9,feb,1,-1,0,unknown,0,young
blue-collar,married,secondary,no,-38,no,no,cellular,17,may,1,-1,0,unknown,0,young
unknown,single,secondary,no,847,yes,no,unknown,20,may,2,-1,0,unknown,0,older
technician,married,secondary,no,568,no,no,cellular,17,jul,1,346,2,failure,0,young
management,married,secondary,no,717,no,no,cellular,31,jul,2,-1,0,unknown,0,young
housemaid,single,unknown,no,221,no,no,cellular,3,may,1,337,1,failure,0,young
management,single,tertiary,no,1495,no,no,cellular,19,sep,1,-1,0,unknown,0,young
technician,married,secondary,no,1462,no,no,unknown,3,may,1,-1,0,unknown,0,older
technician,married,secondary,no,4673,yes,no,cellular,8,may,1,303,2,success,1,young
unemployed,married,secondary,no,1572,no,no,unknown,16,may,2,-1,0,unknown,0,older
services,married,primary,no,345,no,no,cellular,26,jan,1,-1,5,failure,1,older
admin.,married,secondary,no,42,no,no,cellular,18,jan,3,-1,0,unknown,0,young
technician,married,tertiary,no,1752,yes,no,cellular,23,nov,1,-1,0,unknown,0,older
admin.,single,tertiary,no,99,no,no,telephone,5,jun,3,-1,0,unknown,0,young
blue-collar,married,primary,no,1477,no,no,cellular,8,aug,4,-1,0,unknown,0,older
blue-collar,single,secondary,no,90,no,no,unknown,13,may,1,-1,0,unknown,0,young
retired,single,secondary,no,2155,yes,no,unknown,20,may,1,-1,0,unknown,0,young
self-employed,married,secondary,no,441,yes,no,unknown,4,jun,1,-1,0,unknown,0,older
management,single,tertiary,no,717,yes,no,cellular,9,may,1,-1,0,unknown,0,young
entrepreneur,married,tertiary,no,3,yes,no,unknown,4,may,2,-1,0,unknown,0,older
blue-collar,married,secondary,no,1611,yes,no,cellular,13,jun,2,350,1,failure,0,older
technician,married,secondary,no,56,yes,no,unknown,8,may,1,-1,0,unknown,0,older
services,single,secondary,no,0,no,no,cellular,12,apr,1,-1,0,unknown,0,young
admin.,married,unknown,no,937,yes,no,unknown,14,may,1,-1,0,unknown,0,older
blue-collar,divorced,secondary,yes,-588,no,yes,cellular,9,jul,1,-1,0,unknown,0,older
blue-collar,married,secondary,no,2551,no,no,cellular,21,aug,2,186,3,failure,1,older
admin.,single,secondary,no,-138,no,yes,cellular,31,jul,3,-1,0,unknown,0,young
management,married,tertiary,no,2965,yes,no,cellular,18,nov,1,351,1,failure,0,older
services,married,secondary,no,153,yes,yes,cellular,14,jan,1,-1,0,unknown,0,young
blue-collar,married,secondary,no,28,yes,no,unknown,25,may,2,-1,0,unknown,0,older
management,single,tertiary,no,2878,yes,no,cellular,9,may,2,364,4,failure,0,young
admin.,married,secondary,no,727,yes,no,cellular,13,apr,1,268,1,failure,0,older
blue-collar,divorced,secondary,no,340,no,no,cellular,9,feb,2,-1,0,unknown,0,older
services,single,tertiary,no,629,no,no,cellular,5,jul,2,-1,0,unknown,0,young
blue-collar,married,primary,no,8229,yes,no,cellular,27,apr,1,-1,0,unknown,0,young
self-employed,married,primary,no,0,no,no,cellular,2,feb,1,110,2,success,1,older
technician,single,tertiary,no,1270,no,no,cellular,21,nov,4,-1,0,unknown,0,young
admin.,divorced,secondary,no,1156,yes,no,cellular,20,nov,1,366,2,failure,0,older
technician,divorced,primary,no,0,yes,yes,cellular,5,may,2,339,2,failure,0,young
management,married,tertiary,no,164,no,no,cellular,10,aug,5,-1,0,unknown,0,young
management,married,tertiary,no,219,no,no,cellular,8,aug,2,-1,0,unknown,0,older
technician,married,secondary,no,1172,yes,no,cellular,9,sep,5,157,2,success,0,older
management,single,tertiary,no,13,yes,no,cellular,19,aug,3,-1,0,unknown,0,young
blue-collar,married,primary,no,1516,no,no,cellular,19,aug,5,-1,0,unknown,0,older
technician,married,secondary,no,50,no,no,cellular,13,jan,3,-1,0,unknown,1,older
admin.,single,secondary,no,-186,yes,no,unknown,15,may,2,-1,0,unknown,0,young
technician,married,secondary,no,610,yes,yes,unknown,6,may,1,-1,0,unknown,0,older
services,married,secondary,no,7251,yes,no,cellular,12,may,2,368,4,failure,0,young
technician,single,tertiary,no,6791,no,yes,cellular,1,may,3,-1,0,unknown,0,young
services,single,tertiary,no,440,yes,no,unknown,28,may,2,-1,0,unknown,0,older
entrepreneur,married,secondary,no,140,yes,no,unknown,11,may,2,-1,0,unknown,0,older
technician,married,secondary,no,570,yes,no,cellular,20,may,4,-1,0,unknown,0,young
student,single,secondary,no,6124,no,no,cellular,9,sep,1,-1,0,unknown,1,young
management,married,primary,no,2828,no,no,cellular,29,jul,1,-1,0,unknown,0,young
management,married,tertiary,no,-1,yes,no,telephone,25,jun,1,-1,0,unknown,0,young
admin.,single,secondary,no,111,yes,no,cellular,16,may,2,-1,0,unknown,0,older
admin.,married,secondary,no,3254,yes,no,unknown,9,may,3,-1,0,unknown,0,older
admin.,single,tertiary,no,3,yes,no,unknown,18,may,4,-1,0,unknown,0,young
technician,single,secondary,no,392,yes,yes,unknown,17,may,2,-1,0,unknown,0,older
technician,single,secondary,no,195,yes,no,cellular,16,may,1,159,2,failure,0,young
management,single,tertiary,no,1195,yes,no,cellular,25,feb,2,-1,0,unknown,0,young
technician,single,secondary,no,489,yes,no,unknown,14,may,2,-1,0,unknown,0,young
services,married,secondary,no,10,no,yes,cellular,9,jul,5,-1,0,unknown,0,older
technician,married,secondary,no,242,yes,no,cellular,11,may,1,-1,0,unknown,0,older
management,married,tertiary,no,3083,yes,yes,cellular,5,may,4,-1,0,unknown,0,older
technician,single,secondary,no,482,no,no,telephone,28,may,4,-1,0,unknown,0,young
technician,single,secondary,no,369,no,no,unknown,8,feb,1,-1,0,unknown,0,young
management,married,primary,no,-489,no,no,unknown,12,may,1,-1,0,unknown,0,young
technician,married,secondary,no,4982,yes,no,cellular,6,may,1,297,1,other,0,young
blue-collar,single,secondary,no,2519,yes,no,cellular,20,nov,1,-1,0,unknown,0,young
admin.,married,secondary,no,0,yes,no,unknown,15,may,11,-1,0,unknown,0,young
unemployed,single,unknown,no,3290,no,no,telephone,29,apr,2,-1,0,unknown,1,older
admin.,married,secondary,no,521,no,no,cellular,19,nov,1,-1,0,unknown,1,older
management,married,tertiary,no,63,yes,yes,unknown,13,may,5,-1,0,unknown,0,older
technician,married,secondary,no,1987,no,yes,unknown,20,may,1,-1,0,unknown,0,young
technician,single,secondary,no,453,yes,no,unknown,27,may,6,-1,0,unknown,0,young
student,divorced,primary,no,253,no,no,telephone,11,may,1,257,1,failure,0,older
technician,married,tertiary,no,7,no,yes,cellular,25,aug,2,-1,0,unknown,0,older
management,married,tertiary,no,3927,no,no,cellular,22,mar,2,-1,0,unknown,0,older
technician,married,secondary,no,1204,yes,no,cellular,25,apr,1,-1,0,unknown,0,older
blue-collar,married,secondary,no,-725,yes,no,unknown,13,may,4,-1,0,unknown,1,young
retired,single,primary,no,21,no,no,cellular,4,may,2,266,2,failure,0,young
admin.,married,secondary,no,245,yes,no,cellular,3,aug,3,-1,0,unknown,0,young
management,single,tertiary,no,6389,no,no,cellular,7,jun,1,359,3,failure,0,young
blue-collar,married,secondary,no,0,yes,no,unknown,15,may,2,-1,0,unknown,0,older
blue-collar,married,secondary,no,226,no,yes,cellular,16,aug,2,-1,0,unknown,0,young
admin.,married,tertiary,no,3961,no,no,unknown,6,may,1,-1,0,unknown,0,young
blue-collar,divorced,secondary,no,6110,yes,no,unknown,10,may,1,-1,0,unknown,0,older
technician,married,tertiary,no,-454,no,no,cellular,29,aug,8,-1,0,unknown,0,young
retired,married,primary,no,342,yes,no,unknown,16,may,5,-1,0,unknown,0,older
blue-collar,married,secondary,no,-399,yes,yes,unknown,20,may,1,-1,0,unknown,0,young
technician,single,secondary,no,788,no,no,cellular,12,may,1,83,5,failure,0,young
management,single,secondary,no,47,yes,no,unknown,29,may,2,-1,0,unknown,0,older
management,married,tertiary,no,455,no,no,cellular,19,aug,2,-1,0,unknown,1,young
technician,single,tertiary,no,369,yes,no,unknown,26,may,1,-1,0,unknown,0,young
blue-collar,married,primary,no,3560,yes,no,telephone,6,feb,1,181,2,failure,0,older
technician,married,primary,no,193,no,no,cellular,5,feb,1,-1,0,unknown,0,older
management,married,tertiary,no,1116,yes,no,unknown,28,may,1,-1,0,unknown,0,young
blue-collar,married,primary,no,10404,no,no,cellular,26,apr,1,-1,0,unknown,1,young
technician,married,secondary,no,505,no,no,cellular,10,jul,1,-1,0,unknown,1,young
admin.,married,secondary,no,513,yes,no,cellular,17,nov,1,-1,0,unknown,0,young
management,married,tertiary,no,2031,no,no,unknown,3,jun,1,-1,0,unknown,0,young
admin.,divorced,secondary,no,2868,no,no,telephone,5,feb,2,-1,0,unknown,0,older
management,married,tertiary,no,23351,no,no,cellular,14,may,1,-1,0,unknown,0,young
management,married,tertiary,no,763,yes,no,cellular,7,jul,1,121,2,success,1,older
blue-collar,married,secondary,no,437,yes,no,unknown,18,may,2,-1,0,unknown,0,young
admin.,single,secondary,no,123,yes,yes,unknown,26,may,1,-1,0,unknown,0,young
unknown,married,secondary,no,1023,no,no,unknown,24,may,2,-1,0,unknown,0,older
blue-collar,married,secondary,no,0,yes,no,unknown,3,may,1,-1,0,unknown,0,young
blue-collar,married,secondary,no,140,no,no,telephone,3,jan,2,-1,0,unknown,0,older
management,married,tertiary,no,1662,no,no,cellular,5,aug,2,171,1,failure,0,older
technician,married,secondary,no,197,no,yes,cellular,26,aug,1,-1,0,unknown,0,older
management,married,tertiary,no,1342,no,no,unknown,3,may,1,-1,0,unknown,1,older
management,married,unknown,no,1515,no,no,telephone,7,jun,2,-1,0,unknown,1,older
management,married,tertiary,no,94,no,no,cellular,17,aug,3,-1,0,unknown,0,older
blue-collar,single,primary,no,193,yes,no,cellular,15,may,1,362,3,failure,0,young
technician,divorced,primary,no,88,no,no,cellular,21,may,1,-1,0,unknown,0,older
management,married,tertiary,no,0,no,no,telephone,6,jan,4,181,6,failure,0,older
management,married,tertiary,no,74,no,no,cellular,27,feb,5,-1,0,unknown,0,older
management,married,tertiary,no,749,no,no,cellular,15,jul,2,-1,0,unknown,0,older
blue-collar,divorced,primary,no,5291,no,no,unknown,7,jul,1,-1,0,unknown,0,older
technician,single,secondary,no,330,no,no,cellular,16,jul,3,-1,0,unknown,0,young
technician,married,tertiary,no,293,no,no,cellular,17,jul,1,-1,0,unknown,0,older
admin.,single,secondary,no,2306,no,yes,unknown,18,may,4,-1,0,unknown,0,young
management,divorced,tertiary,no,110,yes,no,unknown,9,may,3,-1,0,unknown,0,young
admin.,single,secondary,no,1246,no,yes,cellular,9,jul,3,-1,0,unknown,0,young
blue-collar,married,primary,no,941,yes,no,cellular,23,apr,2,-1,0,unknown,1,young
self-employed,single,secondary,no,274,yes,no,cellular,26,aug,3,-1,0,unknown,0,young
blue-collar,married,primary,no,834,no,no,unknown,14,jul,5,-1,0,unknown,0,older
retired,married,tertiary,no,0,no,yes,cellular,18,jan,2,-1,0,unknown,0,young
management,married,tertiary,no,-224,yes,no,unknown,30,jun,1,-1,0,unknown,0,young
unemployed,divorced,secondary,no,244,no,no,cellular,18,nov,1,-1,0,unknown,0,older
blue-collar,married,secondary,no,96,yes,no,unknown,5,may,1,-1,0,unknown,0,young
technician,married,secondary,no,94,yes,no,cellular,14,apr,2,-1,0,unknown,0,young
management,married,tertiary,no,3146,no,yes,cellular,17,aug,4,-1,0,unknown,0,older
blue-collar,married,secondary,no,0,no,no,telephone,11,aug,4,-1,0,unknown,0,older
admin.,married,secondary,no,422,no,no,cellular,29,jan,7,-1,0,unknown,0,young
management,married,secondary,no,384,yes,no,cellular,26,aug,1,-1,0,unknown,0,young
technician,married,secondary,no,1277,no,no,cellular,13,aug,1,-1,0,unknown,0,young
technician,married,secondary,yes,-243,no,no,cellular,27,feb,6,-1,0,unknown,0,older
management,single,tertiary,no,1241,no,no,cellular,4,feb,1,-1,0,unknown,0,young
technician,married,secondary,no,3,no,no,unknown,9,may,1,-1,0,unknown,0,young
services,single,tertiary,no,330,yes,no,cellular,6,jul,2,-1,0,unknown,0,young
management,married,secondary,yes,548,yes,no,cellular,23,jul,5,289,2,other,0,young
blue-collar,single,secondary,no,81,yes,no,cellular,19,jan,7,-1,0,unknown,0,young
blue-collar,married,primary,no,1572,yes,no,unknown,28,may,1,-1,0,unknown,0,young
technician,married,secondary,no,2533,no,no,unknown,20,jun,2,-1,0,unknown,0,older
self-employed,single,secondary,no,925,no,no,cellular,22,nov,2,-1,0,unknown,0,young
technician,single,secondary,no,40,yes,no,cellular,17,jul,2,-1,0,unknown,0,young
technician,single,tertiary,no,103,yes,no,unknown,21,may,12,-1,0,unknown,0,older
blue-collar,married,primary,no,208,yes,no,unknown,30,may,2,-1,0,unknown,0,older
admin.,single,tertiary,no,1148,no,no,cellular,14,apr,1,-1,0,unknown,1,young
management,married,tertiary,no,0,yes,yes,cellular,2,aug,2,-1,0,unknown,0,young
services,single,secondary,no,27,no,no,cellular,28,dec,4,-1,0,unknown,0,young
blue-collar,single,secondary,no,334,yes,no,cellular,31,jul,17,-1,0,unknown,1,young
admin.,single,tertiary,yes,0,yes,no,cellular,8,may,1,256,1,other,0,young
management,divorced,tertiary,no,367,no,no,unknown,24,may,10,-1,0,unknown,0,older
management,single,tertiary,no,0,no,no,unknown,4,jul,2,-1,0,unknown,0,young
technician,single,secondary,no,173,yes,no,unknown,17,may,1,-1,0,unknown,0,young
technician,married,secondary,no,653,no,yes,cellular,28,aug,4,-1,0,unknown,0,young
admin.,single,secondary,no,66,yes,no,unknown,7,may,1,-1,0,unknown,0,young
self-employed,married,primary,no,-232,yes,no,unknown,23,may,2,-1,0,unknown,0,older
management,married,tertiary,no,29,yes,yes,unknown,23,jun,1,-1,0,unknown,0,older
admin.,single,secondary,no,590,no,no,cellular,11,jun,4,-1,0,unknown,0,older
admin.,divorced,secondary,no,2140,yes,no,unknown,17,may,3,-1,0,unknown,0,young
management,married,tertiary,no,6497,no,yes,cellular,12,mar,1,-1,0,unknown,0,older
admin.,married,secondary,no,2811,no,no,cellular,22,aug,19,-1,0,unknown,0,older
blue-collar,divorced,primary,no,812,yes,yes,unknown,23,may,4,-1,0,unknown,0,older
blue-collar,married,secondary,no,0,yes,no,unknown,11,may,14,-1,0,unknown,0,older
admin.,single,secondary,no,143,no,no,cellular,17,may,2,-1,0,unknown,0,older
blue-collar,married,secondary,no,1191,no,no,cellular,25,jun,2,-1,0,unknown,0,young
admin.,single,secondary,no,2720,yes,no,cellular,21,apr,1,-1,0,unknown,1,young
blue-collar,divorced,primary,no,92,yes,no,unknown,29,may,3,-1,0,unknown,0,older
technician,married,secondary,no,9301,yes,no,cellular,30,jul,3,-1,0,unknown,0,older
management,single,secondary,no,1570,yes,no,unknown,25,may,1,-1,0,unknown,0,young
technician,single,secondary,no,-38,yes,no,unknown,29,may,1,-1,0,unknown,0,young
management,married,secondary,no,294,no,no,cellular,9,may,1,104,3,success,0,older
blue-collar,married,secondary,no,3874,yes,no,cellular,8,may,1,-1,0,unknown,0,young
admin.,divorced,secondary,no,363,yes,yes,cellular,11,may,2,-1,0,unknown,0,older
blue-collar,married,primary,no,1090,yes,no,cellular,18,jul,2,-1,0,unknown,0,young
technician,married,secondary,no,554,yes,no,cellular,27,nov,1,181,0,failure,1,older
blue-collar,married,secondary,no,2771,yes,no,unknown,23,may,3,-1,0,unknown,0,older
management,married,tertiary,no,1695,no,no,cellular,24,aug,2,197,2,failure,0,young
self-employed,single,secondary,no,0,yes,no,cellular,5,may,5,-1,0,unknown,0,young
self-employed,married,secondary,no,51,yes,no,cellular,4,apr,1,-1,0,unknown,0,young
self-employed,married,secondary,no,0,yes,no,cellular,2,aug,2,-1,0,unknown,0,young
blue-collar,married,secondary,no,708,no,no,unknown,2,jul,2,-1,0,unknown,1,older
blue-collar,single,secondary,no,-94,yes,no,cellular,10,jun,2,-1,0,unknown,0,young
services,single,primary,no,-15,yes,no,unknown,25,may,1,-1,0,unknown,0,young
retired,married,tertiary,no,51,no,no,cellular,2,sep,2,-1,0,unknown,0,young
management,single,tertiary,no,0,yes,no,cellular,31,jul,17,-1,0,unknown,0,older
technician,single,primary,no,0,no,no,unknown,15,may,2,-1,0,unknown,0,older
management,married,secondary,no,7,yes,no,cellular,20,jul,8,-1,0,unknown,0,older
blue-collar,married,secondary,no,0,yes,no,unknown,23,may,2,-1,0,unknown,0,young
services,married,secondary,no,-182,yes,no,unknown,18,may,1,-1,0,unknown,0,young
technician,single,tertiary,no,376,no,no,cellular,20,may,2,-1,0,unknown,0,young
blue-collar,married,secondary,no,-514,yes,no,unknown,6,may,2,-1,0,unknown,0,young
management,divorced,secondary,no,183,yes,no,unknown,5,may,2,-1,0,unknown,0,young
technician,married,secondary,no,315,no,no,cellular,21,jul,2,186,3,success,0,young
technician,married,tertiary,no,-2,yes,yes,unknown,29,may,4,-1,0,unknown,0,young
technician,married,tertiary,no,118,no,no,cellular,21,feb,3,-1,0,unknown,0,older
management,divorced,tertiary,no,306,no,no,cellular,13,aug,4,-1,0,unknown,0,older
technician,married,secondary,no,0,yes,no,unknown,19,may,1,-1,0,unknown,0,older
management,single,tertiary,no,1923,no,no,cellular,25,may,1,100,3,other,1,young
blue-collar,single,secondary,no,458,yes,no,cellular,28,apr,4,-1,0,unknown,1,young
technician,divorced,tertiary,no,673,yes,yes,cellular,12,may,1,-1,0,unknown,0,young
services,married,tertiary,no,1565,no,no,telephone,12,may,5,175,4,failure,1,older
blue-collar,married,unknown,no,347,yes,no,unknown,15,may,1,-1,0,unknown,0,older
admin.,divorced,secondary,no,7,yes,yes,cellular,12,may,2,-1,0,unknown,0,young
student,married,secondary,no,0,yes,no,cellular,11,may,3,-1,0,unknown,0,older
services,married,secondary,no,2242,no,no,cellular,10,apr,1,157,6,success,0,young
management,married,tertiary,no,4134,no,no,cellular,2,may,3,214,1,other,0,young
technician,divorced,secondary,no,698,yes,no,unknown,20,may,1,-1,0,unknown,0,older
services,married,primary,no,-57,no,no,cellular,28,aug,2,-1,0,unknown,0,young
technician,divorced,secondary,no,3170,yes,no,unknown,10,jun,4,-1,0,unknown,0,older
admin.,single,secondary,no,244,yes,yes,cellular,28,jun,2,331,3,other,1,young
retired,divorced,secondary,no,-33,no,no,unknown,13,may,1,-1,0,unknown,0,young
management,divorced,primary,no,229,yes,no,unknown,14,may,1,-1,0,unknown,0,older
blue-collar,married,primary,no,845,yes,no,unknown,6,may,1,-1,0,unknown,0,older
retired,married,tertiary,no,3301,no,no,cellular,27,feb,3,-1,0,unknown,0,older
unknown,married,secondary,no,59649,yes,no,unknown,1,may,1,-1,0,unknown,0,young
technician,single,secondary,no,149,yes,no,unknown,20,jun,1,-1,0,unknown,0,young
technician,married,tertiary,no,23,yes,no,cellular,9,may,4,126,1,other,0,young
blue-collar,single,secondary,no,0,yes,no,cellular,3,jul,1,-1,0,unknown,0,young
management,single,tertiary,no,478,yes,no,cellular,7,may,2,-1,0,unknown,0,young
management,divorced,secondary,no,1718,no,no,cellular,20,aug,2,-1,0,unknown,0,older
management,married,primary,no,1216,yes,no,cellular,13,apr,2,-1,0,unknown,0,older
technician,divorced,secondary,no,105,no,no,unknown,8,may,1,-1,0,unknown,0,older
management,married,secondary,no,78,yes,no,telephone,6,may,1,346,1,failure,0,young
admin.,divorced,secondary,no,8862,yes,no,unknown,27,may,1,-1,0,unknown,0,older
admin.,married,secondary,no,98,no,no,unknown,24,jun,2,-1,0,unknown,0,older
technician,divorced,secondary,no,1655,no,no,unknown,15,may,2,-1,0,unknown,0,older
blue-collar,married,secondary,no,122,yes,no,cellular,8,may,1,297,3,other,0,young
services,married,primary,no,0,no,yes,cellular,17,jul,2,-1,0,unknown,0,older
blue-collar,single,secondary,no,3097,yes,no,unknown,17,may,1,-1,0,unknown,0,older
blue-collar,married,secondary,yes,-1380,yes,no,cellular,29,jul,5,-1,0,unknown,0,older
technician,single,secondary,no,1540,no,no,unknown,6,jul,1,-1,0,unknown,1,young
management,single,tertiary,no,867,no,no,cellular,9,aug,3,-1,0,unknown,0,young
management,married,tertiary,no,2810,no,no,cellular,12,aug,1,-1,0,unknown,0,young
admin.,married,secondary,no,3069,yes,no,cellular,16,may,1,241,0,failure,0,young
management,single,unknown,no,545,no,no,telephone,21,feb,5,-1,0,unknown,0,older
management,single,secondary,no,406,no,no,unknown,19,may,6,-1,0,unknown,0,young
management,single,unknown,no,130,no,no,cellular,20,aug,3,-1,0,unknown,0,young
technician,married,secondary,no,4155,no,no,cellular,17,aug,1,-1,0,unknown,0,young
technician,married,tertiary,no,5021,yes,no,cellular,11,nov,2,-1,0,unknown,1,young
management,married,tertiary,no,3562,no,no,cellular,9,feb,2,140,4,success,0,older
services,single,tertiary,no,1310,no,no,cellular,8,apr,2,-1,0,unknown,0,young
technician,married,secondary,no,0,yes,yes,cellular,9,may,1,-1,0,unknown,0,young
services,single,tertiary,no,1045,yes,no,cellular,3,may,1,329,2,other,0,young
blue-collar,divorced,secondary,no,748,yes,no,cellular,9,may,2,492,3,failure,0,young
admin.,divorced,secondary,no,124,no,no,cellular,29,apr,1,-1,0,unknown,0,young
retired,divorced,tertiary,no,367,no,no,cellular,19,feb,1,181,7,failure,0,older
services,divorced,secondary,no,3078,yes,no,unknown,27,may,2,-1,0,unknown,0,older
student,married,primary,no,390,no,yes,cellular,15,jul,1,-1,0,unknown,0,young
management,married,tertiary,no,907,no,no,unknown,18,may,2,-1,0,unknown,0,older
entrepreneur,married,tertiary,no,153,yes,no,cellular,19,dec,4,-1,0,unknown,0,young
services,single,secondary,no,1899,no,no,cellular,31,jan,1,-1,0,unknown,0,older
technician,married,secondary,no,1406,no,no,cellular,20,feb,7,-1,0,unknown,0,older
blue-collar,married,secondary,no,120,yes,no,cellular,17,jul,1,326,3,failure,0,young
unknown,married,tertiary,no,59649,no,no,telephone,1,jun,1,-1,0,unknown,0,older
services,married,secondary,no,554,no,no,cellular,18,sep,1,-1,0,unknown,0,young
services,single,primary,no,2881,no,no,cellular,16,aug,2,-1,0,unknown,0,older
technician,married,secondary,no,-34,no,no,cellular,20,feb,1,-1,0,unknown,0,young
technician,married,secondary,no,157,yes,no,cellular,22,jan,3,264,2,other,0,young
management,married,tertiary,no,29,no,no,unknown,10,jul,2,-1,0,unknown,0,young
management,married,tertiary,no,606,no,no,unknown,20,jun,1,-1,0,unknown,0,older
management,married,tertiary,no,497,yes,no,cellular,18,apr,2,255,0,other,0,older
management,divorced,primary,no,971,no,no,cellular,5,aug,1,182,2,success,1,older
blue-collar,married,secondary,no,1949,yes,yes,unknown,12,jun,10,-1,0,unknown,0,older
retired,married,tertiary,no,218,no,yes,cellular,4,apr,1,103,1,failure,1,young
management,married,tertiary,no,1729,no,no,cellular,15,may,2,-1,0,unknown,0,older
blue-collar,married,secondary,no,-657,yes,no,unknown,10,may,1,-1,0,unknown,0,young
admin.,divorced,secondary,no,123,yes,no,cellular,9,may,1,354,4,failure,0,young
management,single,tertiary,no,3253,no,yes,cellular,6,may,8,-1,0,unknown,1,young
management,married,tertiary,no,4197,yes,no,cellular,13,jun,2,302,6,failure,0,young
management,divorced,secondary,no,-275,yes,no,cellular,18,may,2,-1,0,unknown,0,young
admin.,single,secondary,no,355,yes,no,telephone,28,jul,2,343,2,other,0,young
blue-collar,single,secondary,no,-200,yes,no,unknown,5,may,1,-1,0,unknown,0,young
blue-collar,married,secondary,no,365,yes,no,cellular,15,nov,2,-1,0,unknown,0,older
blue-collar,married,primary,no,15,no,no,unknown,3,jun,1,-1,0,unknown,0,older
services,single,secondary,no,133,yes,no,cellular,5,aug,14,-1,0,unknown,0,older
blue-collar,divorced,secondary,no,147,yes,no,cellular,7,may,2,364,4,failure,0,young
management,married,tertiary,no,0,yes,no,cellular,29,aug,1,-1,0,unknown,0,young
technician,single,unknown,no,396,no,no,cellular,19,feb,1,-1,0,unknown,0,young
management,married,primary,no,227,yes,no,unknown,5,jun,2,-1,0,unknown,0,older
retired,divorced,tertiary,no,0,no,no,cellular,4,aug,1,-1,0,unknown,0,older
management,married,tertiary,no,262,no,no,cellular,28,aug,2,-1,0,unknown,0,young
admin.,married,tertiary,no,-211,yes,no,unknown,30,may,3,-1,0,unknown,0,young
retired,married,secondary,no,48,no,no,cellular,15,feb,1,174,2,failure,0,older
blue-collar,married,secondary,no,580,yes,no,cellular,18,may,2,-1,0,unknown,0,young
technician,single,secondary,no,-211,yes,no,unknown,9,may,3,-1,0,unknown,0,young
self-employed,married,secondary,yes,223,yes,no,cellular,31,jul,5,-1,0,unknown,0,older
management,divorced,tertiary,no,1088,no,no,telephone,3,aug,2,-1,0,unknown,0,older
blue-collar,married,secondary,no,2288,no,yes,cellular,9,jul,1,-1,0,unknown,0,older
unknown,married,unknown,no,0,no,no,telephone,2,aug,2,-1,0,unknown,0,older
management,married,tertiary,no,785,yes,yes,cellular,19,may,1,-1,0,unknown,1,older
management,married,tertiary,no,240,no,no,cellular,5,may,1,-1,0,unknown,0,older
management,single,tertiary,no,123,yes,no,cellular,28,jan,2,-1,0,unknown,0,young
unemployed,married,secondary,no,1315,no,no,cellular,16,aug,4,-1,0,unknown,0,older
retired,married,primary,no,710,no,no,telephone,19,aug,1,-1,0,unknown,1,older
entrepreneur,married,tertiary,no,3655,no,no,cellular,6,aug,1,-1,0,unknown,0,older
management,married,tertiary,no,203,yes,yes,cellular,4,jul,3,-1,0,unknown,0,older
unknown,single,tertiary,no,0,no,no,cellular,4,may,1,-1,0,unknown,0,older
admin.,single,tertiary,no,11086,no,no,unknown,8,jul,2,-1,0,unknown,0,older
technician,divorced,secondary,no,767,no,no,unknown,16,may,1,-1,0,unknown,0,young
technician,single,secondary,no,1239,yes,no,cellular,8,may,4,174,1,other,0,young
blue-collar,single,secondary,no,234,no,yes,telephone,30,jul,10,-1,0,unknown,0,young
admin.,single,secondary,no,1388,no,no,unknown,18,may,1,-1,0,unknown,0,young
retired,single,primary,no,16,yes,yes,telephone,16,may,1,329,2,other,0,older
unknown,married,secondary,no,1243,yes,no,unknown,5,may,1,-1,0,unknown,0,older
management,married,primary,no,0,yes,no,cellular,20,feb,4,-1,0,unknown,0,older
unknown,married,tertiary,no,59649,no,no,cellular,1,apr,44,850,55,unknown,1,older
technician,married,secondary,no,-44,no,no,cellular,27,jun,2,-1,0,unknown,0,young
blue-collar,married,primary,no,130,yes,no,unknown,18,may,2,-1,0,unknown,0,young
technician,single,secondary,no,356,no,no,cellular,21,may,1,-1,0,unknown,0,young
technician,single,secondary,no,2725,no,no,cellular,21,feb,2,325,5,other,1,young
management,single,tertiary,no,1012,yes,no,cellular,6,may,1,-1,0,unknown,0,young
management,married,secondary,no,944,yes,no,unknown,29,nov,1,-1,0,unknown,1,young
management,married,tertiary,no,1323,no,no,cellular,26,aug,7,-1,0,unknown,1,young
services,married,primary,no,487,no,no,telephone,11,feb,2,-1,0,unknown,0,older
admin.,married,secondary,no,961,no,no,cellular,20,aug,3,-1,0,unknown,0,older
student,married,secondary,no,44,yes,no,unknown,17,may,1,-1,0,unknown,0,young
blue-collar,married,unknown,no,-431,yes,no,unknown,3,may,6,-1,0,unknown,0,older
retired,divorced,secondary,no,733,yes,no,cellular,15,apr,1,-1,0,unknown,0,older
management,married,tertiary,no,-131,yes,no,unknown,20,may,1,-1,0,unknown,0,young
management,married,secondary,no,283,yes,yes,cellular,17,nov,3,167,3,failure,0,young
services,single,secondary,no,229,yes,no,unknown,21,may,1,-1,0,unknown,0,young
entrepreneur,married,secondary,no,144,no,yes,cellular,10,jul,4,-1,0,unknown,0,young
management,married,primary,no,1240,yes,no,unknown,15,may,1,-1,0,unknown,0,young
admin.,single,secondary,no,1154,no,no,cellular,30,jul,1,-1,0,unknown,0,young
blue-collar,married,secondary,no,-267,yes,yes,unknown,14,jun,2,-1,0,unknown,0,young
technician,married,secondary,no,496,yes,no,cellular,16,may,1,-1,0,unknown,0,young
services,married,secondary,no,517,no,no,cellular,28,dec,1,-1,0,unknown,0,older
services,divorced,tertiary,no,1420,no,yes,cellular,21,jul,1,-1,0,unknown,0,young
technician,married,secondary,no,76,yes,yes,cellular,18,may,1,-1,0,unknown,0,young
blue-collar,married,tertiary,no,9,no,no,cellular,3,jun,2,183,2,failure,0,young
management,married,tertiary,no,128,yes,yes,unknown,25,jun,7,-1,0,unknown,0,young
blue-collar,married,secondary,no,316,yes,yes,cellular,17,apr,1,268,1,failure,0,older
technician,single,tertiary,no,245,no,no,cellular,19,aug,3,-1,0,unknown,0,young
student,single,secondary,no,421,no,no,cellular,10,aug,3,188,4,failure,0,young
blue-collar,married,secondary,no,271,yes,no,unknown,16,may,1,-1,0,unknown,0,young
management,single,tertiary,no,974,yes,no,cellular,28,jul,1,-1,0,unknown,0,young
technician,married,secondary,no,1378,no,no,cellular,23,apr,1,94,0,failure,1,young
services,married,secondary,no,2191,no,no,unknown,6,jun,1,-1,0,unknown,0,older
services,single,tertiary,no,398,yes,no,cellular,21,jul,1,-1,0,unknown,0,older
management,single,tertiary,no,192,no,no,cellular,18,jun,1,191,4,failure,1,young
technician,single,secondary,no,1401,yes,no,cellular,29,feb,4,-1,0,unknown,0,young
blue-collar,married,primary,no,10147,yes,no,cellular,20,may,1,-1,0,unknown,0,older
management,married,tertiary,no,0,yes,no,cellular,13,aug,1,191,2,failure,1,young
entrepreneur,married,primary,no,-388,yes,no,cellular,12,may,5,-1,0,unknown,0,older
services,single,primary,no,22,no,no,unknown,11,may,1,-1,0,unknown,0,young
blue-collar,married,primary,no,230,no,no,cellular,11,jun,1,-1,0,unknown,0,older
admin.,single,secondary,no,2787,no,no,cellular,21,aug,1,-1,1,failure,0,young
services,married,secondary,no,695,no,no,cellular,8,may,3,358,1,failure,0,young
management,married,tertiary,no,923,no,no,cellular,22,nov,7,-1,0,unknown,0,older
services,single,secondary,no,101,yes,yes,cellular,3,jan,1,-1,0,unknown,0,young
blue-collar,married,secondary,no,10,yes,yes,unknown,25,may,2,-1,0,unknown,0,young
technician,married,primary,no,571,no,yes,unknown,13,jul,3,-1,0,unknown,0,older
technician,married,secondary,no,183,no,no,cellular,28,aug,4,-1,0,unknown,0,older
management,single,tertiary,no,490,no,no,cellular,23,aug,2,-1,0,unknown,0,older
admin.,married,secondary,no,-260,yes,no,cellular,30,aug,1,-1,0,unknown,0,young
retired,single,unknown,no,717,yes,yes,unknown,5,may,1,-1,0,unknown,0,young
blue-collar,married,primary,no,527,yes,yes,unknown,5,may,1,-1,0,unknown,0,young
blue-collar,single,secondary,no,-649,yes,no,unknown,20,may,2,-1,0,unknown,0,young
housemaid,single,secondary,no,223,yes,no,unknown,6,may,1,-1,0,unknown,0,young
admin.,married,secondary,no,282,yes,no,cellular,28,feb,4,-1,0,unknown,0,older
management,married,tertiary,no,4840,yes,yes,unknown,25,may,2,-1,0,unknown,0,older
management,divorced,tertiary,no,1519,yes,yes,cellular,16,may,1,-1,0,unknown,0,older
blue-collar,married,secondary,no,2841,yes,no,unknown,29,may,3,-1,0,unknown,0,young
services,single,secondary,no,140,no,no,cellular,15,sep,2,357,1,other,0,older
retired,married,secondary,no,5190,no,no,unknown,5,may,1,-1,0,unknown,0,young
management,single,tertiary,no,190,no,no,cellular,25,aug,3,-1,0,unknown,0,young
blue-collar,married,secondary,no,2159,yes,no,cellular,14,apr,2,245,1,failure,0,older
services,single,tertiary,no,514,yes,yes,cellular,20,jul,1,-1,0,unknown,0,older
management,married,secondary,no,21,no,no,telephone,24,aug,7,-1,0,unknown,0,older
technician,married,secondary,no,2073,no,no,cellular,24,aug,2,-1,0,unknown,0,older
retired,married,tertiary,no,738,yes,no,unknown,30,may,2,-1,0,unknown,0,older
blue-collar,married,secondary,no,2456,no,yes,cellular,27,feb,7,-1,0,unknown,0,older
services,single,secondary,no,44,yes,yes,unknown,12,may,3,-1,0,unknown,0,young
technician,married,secondary,no,1615,no,no,cellular,26,may,4,98,6,success,1,older
blue-collar,married,secondary,no,0,yes,no,cellular,17,jun,2,-1,0,unknown,0,young
retired,single,secondary,no,461,no,no,unknown,8,may,1,-1,0,unknown,0,young
admin.,single,secondary,no,1913,no,no,cellular,20,aug,1,-1,4,other,0,young
technician,married,tertiary,no,1724,yes,no,telephone,23,jul,2,-1,0,unknown,0,young
technician,single,tertiary,no,2192,yes,no,cellular,17,may,3,-1,0,unknown,1,young
technician,single,secondary,no,446,no,no,cellular,21,apr,1,-1,0,unknown,0,young
student,married,tertiary,no,34,yes,no,cellular,3,jun,10,-1,0,unknown,0,young
self-employed,divorced,secondary,no,705,no,no,cellular,18,aug,3,-1,0,unknown,0,older
management,married,tertiary,no,0,yes,no,cellular,21,aug,5,-1,0,unknown,0,older
blue-collar,married,primary,no,84,no,yes,unknown,17,may,1,-1,0,unknown,0,older
blue-collar,married,secondary,no,350,yes,yes,cellular,30,jul,2,-1,0,unknown,0,young
management,married,secondary,no,145,yes,yes,cellular,10,apr,2,-1,0,unknown,0,young
unemployed,married,secondary,no,2154,yes,no,cellular,16,jul,5,-1,0,unknown,0,older
technician,married,secondary,no,1540,yes,yes,cellular,6,jul,1,-1,0,unknown,0,young
management,single,tertiary,no,1209,no,no,cellular,27,apr,1,176,1,failure,0,young
technician,married,secondary,no,255,yes,no,unknown,8,may,4,-1,0,unknown,0,older
management,married,tertiary,no,102,yes,no,unknown,26,may,2,-1,0,unknown,0,young
services,single,tertiary,no,47,no,yes,cellular,31,jul,5,-1,0,unknown,0,young
management,divorced,tertiary,no,-60,yes,no,cellular,14,aug,4,-1,0,unknown,0,young
technician,single,tertiary,no,1794,no,no,cellular,19,apr,1,815,1,failure,1,young
technician,married,secondary,no,288,yes,no,cellular,6,jul,4,178,3,failure,0,young
blue-collar,married,primary,no,302,yes,yes,unknown,11,may,2,-1,0,unknown,0,young
blue-collar,married,secondary,no,-307,no,no,unknown,11,may,3,-1,0,unknown,0,young
services,divorced,secondary,no,222,no,no,cellular,22,aug,4,-1,0,unknown,0,older
management,single,tertiary,no,52,no,no,cellular,18,aug,2,-1,0,unknown,0,young
management,married,tertiary,no,294,no,no,cellular,12,aug,1,-1,0,unknown,0,older
management,single,secondary,no,0,yes,no,telephone,7,may,1,187,5,failure,0,young
services,divorced,secondary,no,5314,no,no,cellular,21,aug,2,-1,0,unknown,0,older
admin.,divorced,secondary,no,85,yes,no,telephone,22,jul,15,-1,0,unknown,0,young
blue-collar,married,secondary,no,137,yes,no,cellular,15,may,1,302,2,other,0,young
unemployed,married,secondary,no,54,no,no,cellular,14,aug,4,-1,0,unknown,0,older
technician,married,secondary,no,205,yes,no,unknown,6,may,2,-1,0,unknown,0,young
admin.,married,tertiary,no,1663,yes,no,cellular,9,apr,1,-1,0,unknown,0,young
retired,single,tertiary,no,1305,no,no,cellular,9,jan,1,97,2,success,0,young
management,married,tertiary,no,1579,no,no,cellular,21,aug,3,-1,0,unknown,0,young
management,single,tertiary,no,0,no,no,cellular,12,aug,4,-1,0,unknown,0,young
blue-collar,married,secondary,no,295,no,no,cellular,7,feb,1,-1,0,unknown,0,older
technician,single,secondary,no,793,yes,no,cellular,20,nov,5,111,5,other,0,young
technician,single,secondary,no,1316,yes,no,cellular,22,jul,2,302,2,other,0,young
blue-collar,married,primary,no,0,no,no,unknown,2,jul,3,-1,0,unknown,1,older
blue-collar,single,primary,no,1294,yes,no,cellular,8,may,1,-1,0,unknown,0,older
management,single,secondary,no,2200,yes,no,cellular,16,may,2,240,2,failure,0,young
blue-collar,married,primary,no,4044,yes,no,cellular,6,may,1,345,4,failure,0,older
management,married,primary,no,206,yes,no,cellular,6,may,1,-1,0,unknown,0,young
management,married,tertiary,yes,-1587,yes,yes,unknown,27,may,4,-1,0,unknown,0,young
management,married,tertiary,no,427,no,no,cellular,28,aug,3,-1,0,unknown,0,older
blue-collar,married,primary,no,710,no,no,cellular,25,jan,2,169,10,failure,0,young
technician,married,secondary,no,19,no,no,cellular,19,feb,2,-1,0,unknown,0,young
services,single,secondary,no,62,no,no,cellular,15,nov,2,-1,0,unknown,0,young
management,single,tertiary,no,-58,yes,no,cellular,22,aug,6,-1,0,unknown,0,young
management,divorced,tertiary,no,3425,no,no,telephone,13,nov,2,378,1,failure,0,older
unknown,married,secondary,no,8412,yes,no,telephone,28,nov,15,-1,0,unknown,0,older
management,divorced,tertiary,no,36,yes,no,unknown,17,may,1,-1,0,unknown,0,young
management,married,tertiary,no,357,yes,yes,telephone,17,nov,1,-1,0,unknown,0,older
management,married,tertiary,no,2858,no,no,unknown,17,jul,21,-1,0,unknown,0,older
services,married,tertiary,no,1277,no,no,cellular,21,aug,6,-1,0,unknown,0,young
management,single,tertiary,no,417,no,no,cellular,18,aug,2,-1,0,unknown,0,young
technician,single,secondary,no,0,yes,yes,unknown,20,may,4,-1,0,unknown,0,young
blue-collar,single,secondary,no,293,yes,no,unknown,8,may,4,-1,0,unknown,0,young
management,single,tertiary,no,1411,no,no,cellular,6,sep,1,-1,13,other,1,older
blue-collar,single,secondary,no,426,yes,no,cellular,26,aug,27,-1,0,unknown,0,young
technician,married,secondary,no,5,no,yes,cellular,3,aug,1,-1,0,unknown,0,young
management,married,primary,no,919,yes,no,cellular,20,apr,2,-1,0,unknown,0,older
blue-collar,married,primary,no,2695,yes,no,telephone,9,may,2,-1,0,unknown,0,older
blue-collar,married,secondary,no,275,yes,yes,cellular,28,jan,2,-1,0,unknown,0,older
student,married,secondary,no,-149,yes,yes,cellular,18,nov,2,340,2,failure,0,older
management,divorced,tertiary,no,775,yes,yes,telephone,28,feb,2,-1,0,unknown,0,older
admin.,single,secondary,no,294,yes,no,cellular,9,may,1,-1,0,unknown,1,young
technician,married,secondary,no,246,yes,no,cellular,18,may,2,368,8,failure,0,young
student,married,tertiary,no,136,no,no,cellular,4,apr,2,-1,0,unknown,0,older
admin.,married,secondary,no,866,no,yes,cellular,19,feb,2,-1,0,unknown,0,older
blue-collar,married,primary,no,1032,yes,no,cellular,19,oct,1,-1,0,unknown,0,older
entrepreneur,married,primary,no,1943,no,no,unknown,28,may,7,-1,0,unknown,1,older
admin.,single,tertiary,no,1541,no,no,cellular,31,apr,14,-1,0,unknown,1,older
services,married,tertiary,no,-114,yes,no,unknown,28,may,1,-1,0,unknown,0,young
admin.,married,secondary,no,206,no,no,unknown,9,jul,1,-1,0,unknown,0,young
unknown,married,secondary,no,187,yes,no,unknown,28,may,2,-1,0,unknown,0,young
blue-collar,single,secondary,no,502,yes,no,cellular,21,apr,1,-1,0,unknown,0,young
management,single,tertiary,no,958,no,no,cellular,4,may,1,-1,0,unknown,0,young
blue-collar,married,secondary,no,1560,yes,no,unknown,9,jun,7,-1,0,unknown,0,young
management,divorced,tertiary,no,239,no,no,unknown,12,jul,2,-1,0,unknown,0,young
technician,single,secondary,no,0,yes,no,unknown,8,may,5,-1,0,unknown,0,young
blue-collar,married,secondary,no,409,yes,no,unknown,20,may,2,-1,0,unknown,0,young
management,married,tertiary,no,509,yes,no,cellular,8,jul,2,-1,0,unknown,0,young
admin.,single,unknown,no,2908,yes,no,cellular,12,jul,2,-1,0,unknown,0,older
blue-collar,married,secondary,no,5336,yes,no,cellular,21,aug,6,-1,0,unknown,0,young
management,single,tertiary,no,26,yes,yes,cellular,8,jul,1,-1,0,unknown,0,older
blue-collar,single,secondary,no,1848,no,no,cellular,2,feb,2,181,1,failure,0,young
blue-collar,married,secondary,no,1989,yes,yes,cellular,17,nov,1,348,13,failure,0,young
technician,divorced,tertiary,no,2278,no,no,cellular,22,may,1,-1,0,unknown,0,older
blue-collar,single,primary,no,3277,no,no,cellular,2,aug,2,318,5,failure,1,older
blue-collar,married,secondary,no,601,yes,no,unknown,26,may,1,-1,0,unknown,0,older
technician,married,secondary,no,697,no,no,cellular,14,apr,2,-1,0,unknown,0,young
blue-collar,divorced,secondary,no,0,yes,no,unknown,28,may,2,-1,0,unknown,0,young
blue-collar,married,secondary,no,20,yes,no,cellular,20,jun,2,-1,0,unknown,0,young
housemaid,married,tertiary,no,8828,yes,no,cellular,11,apr,2,337,2,failure,0,young
blue-collar,married,secondary,no,1270,yes,no,cellular,16,nov,1,-1,0,unknown,0,older
blue-collar,married,primary,no,39,yes,no,cellular,16,may,8,327,2,other,0,young
management,married,tertiary,no,5225,no,no,cellular,20,aug,1,-1,0,unknown,0,older
unknown,married,secondary,no,1324,no,no,unknown,11,sep,1,182,3,failure,1,older
management,single,tertiary,no,9829,no,no,cellular,21,jun,2,80,4,success,0,young
management,single,tertiary,no,879,yes,no,unknown,1,may,1,-1,0,unknown,0,young
technician,married,secondary,no,0,no,yes,cellular,21,nov,5,86,9,failure,0,older
technician,married,tertiary,no,210,yes,yes,unknown,23,may,3,-1,0,unknown,0,young
blue-collar,married,primary,no,3299,yes,no,unknown,8,may,10,-1,0,unknown,0,older
management,married,tertiary,no,0,yes,no,cellular,18,aug,4,-1,0,unknown,0,young
blue-collar,married,secondary,no,3604,yes,no,telephone,26,jun,7,-1,0,unknown,0,young
blue-collar,married,secondary,no,0,yes,no,cellular,14,apr,2,-1,0,unknown,0,young
technician,married,primary,no,8619,no,no,unknown,9,jan,2,-1,0,unknown,0,older
retired,single,secondary,no,1172,no,no,unknown,9,may,1,-1,0,unknown,0,older
management,married,tertiary,no,948,no,no,unknown,20,may,4,-1,0,unknown,0,older
admin.,married,tertiary,no,105,yes,yes,cellular,16,may,6,265,1,failure,0,young
admin.,single,secondary,no,877,yes,no,cellular,14,may,4,370,3,failure,1,young
admin.,divorced,secondary,no,441,yes,yes,cellular,17,nov,2,368,5,other,0,young
housemaid,married,secondary,no,8788,yes,no,cellular,21,aug,7,-1,0,unknown,0,older
management,divorced,secondary,no,37,no,no,cellular,20,aug,3,-1,0,unknown,0,older
blue-collar,married,secondary,no,0,yes,no,unknown,27,may,2,-1,0,unknown,0,older
management,married,primary,no,-175,no,yes,cellular,13,may,1,137,1,failure,0,older
technician,divorced,primary,no,283,no,no,cellular,16,aug,2,-1,0,unknown,0,older
services,single,secondary,no,859,yes,no,unknown,6,may,1,-1,0,unknown,0,young
management,single,tertiary,no,1375,yes,no,unknown,29,may,2,-1,0,unknown,0,young
blue-collar,single,secondary,no,1040,yes,no,cellular,16,may,4,303,4,failure,0,young
technician,married,tertiary,no,1441,no,no,cellular,28,feb,1,-1,0,unknown,0,young
technician,single,secondary,no,69,yes,no,cellular,20,may,2,271,2,failure,0,young
management,married,tertiary,no,659,yes,no,cellular,20,nov,1,-1,0,unknown,0,young
blue-collar,married,primary,no,249,no,no,unknown,5,jun,2,-1,0,unknown,0,young
blue-collar,married,secondary,no,890,yes,no,unknown,9,may,1,-1,0,unknown,0,young
housemaid,married,secondary,no,247,no,yes,cellular,14,feb,2,-1,0,unknown,0,older
management,married,tertiary,no,108,no,no,cellular,30,aug,2,-1,0,unknown,0,young
self-employed,married,tertiary,no,-275,yes,no,unknown,13,may,2,-1,0,unknown,0,older
services,married,primary,no,443,no,no,unknown,25,may,1,-1,0,unknown,0,older
technician,married,secondary,no,989,no,yes,cellular,15,aug,2,-1,0,unknown,0,older
management,single,tertiary,no,1411,no,no,cellular,18,apr,2,-1,0,unknown,0,young
management,single,tertiary,no,1929,no,no,cellular,12,aug,2,-1,0,unknown,0,young
blue-collar,married,secondary,no,1755,yes,no,telephone,7,may,1,-1,0,unknown,0,older
blue-collar,married,secondary,no,97,yes,no,cellular,4,jun,1,-1,0,unknown,0,young
self-employed,single,tertiary,no,0,yes,no,cellular,13,may,2,-1,0,unknown,1,young
admin.,married,secondary,no,199,no,no,telephone,15,may,1,-1,0,unknown,0,older
student,married,secondary,no,2,no,no,telephone,19,aug,5,-1,0,unknown,0,older
admin.,married,secondary,no,1148,yes,no,cellular,5,mar,2,270,1,failure,0,young
retired,married,tertiary,no,1783,yes,no,cellular,21,may,1,378,5,other,0,young
technician,married,unknown,no,6248,no,no,cellular,2,sep,2,99,3,success,1,young
self-employed,married,secondary,no,110,no,no,unknown,28,may,2,-1,0,unknown,0,young
technician,married,secondary,no,101,yes,no,cellular,31,apr,3,-1,0,unknown,0,young
blue-collar,married,primary,no,-173,yes,no,cellular,20,jan,4,-1,0,unknown,0,older
entrepreneur,married,secondary,no,158,no,no,cellular,30,jan,4,-1,0,unknown,0,young
blue-collar,married,primary,no,-57,no,no,unknown,5,may,2,-1,0,unknown,0,older
management,married,tertiary,no,-245,yes,no,cellular,27,jul,5,-1,0,unknown,0,older
unknown,divorced,primary,no,96,yes,no,unknown,15,may,1,-1,0,unknown,0,older
technician,married,secondary,no,446,no,no,cellular,19,feb,2,335,5,other,1,older
admin.,married,secondary,no,-17,yes,yes,cellular,30,jul,2,-1,0,unknown,0,young
technician,married,tertiary,no,147,no,no,cellular,3,aug,1,-1,0,unknown,0,young
management,single,tertiary,no,152,no,no,cellular,20,aug,4,-1,0,unknown,0,young
blue-collar,single,secondary,no,410,yes,yes,cellular,29,apr,4,-1,0,unknown,0,young
blue-collar,married,secondary,no,623,yes,yes,cellular,6,jun,2,-1,0,unknown,0,older
management,married,tertiary,no,3328,no,no,cellular,7,aug,1,258,3,success,1,young
blue-collar,married,primary,no,2811,yes,no,unknown,15,may,2,-1,0,unknown,0,young
technician,divorced,tertiary,no,1311,no,yes,cellular,14,jul,1,-1,0,unknown,0,young
self-employed,married,tertiary,no,0,no,no,cellular,20,nov,3,-1,0,unknown,0,young
technician,single,secondary,no,115,no,no,cellular,3,feb,1,119,5,success,1,young
management,married,secondary,no,0,no,no,unknown,21,may,1,-1,0,unknown,0,older
technician,single,secondary,no,176,yes,no,cellular,17,may,1,290,2,failure,0,young
unemployed,married,secondary,no,30056,no,no,cellular,2,aug,3,-1,0,unknown,1,older
management,married,unknown,no,1018,no,no,cellular,1,jul,4,104,1,failure,0,older
retired,married,tertiary,no,11,no,no,cellular,15,may,1,-1,0,unknown,0,young
technician,divorced,secondary,no,0,no,yes,cellular,25,aug,9,-1,0,unknown,0,older
blue-collar,married,primary,no,0,yes,no,unknown,27,may,11,-1,0,unknown,0,older
unknown,married,tertiary,no,-8019,no,no,cellular,1,apr,44,850,55,unknown,1,young
technician,married,secondary,no,482,yes,no,cellular,18,dec,4,-1,0,unknown,0,young
services,married,secondary,no,244,yes,yes,cellular,22,may,1,-1,0,unknown,0,older
admin.,divorced,secondary,no,202,yes,no,cellular,15,apr,3,257,1,failure,0,older
blue-collar,single,secondary,no,141,no,no,cellular,15,aug,1,-1,0,unknown,1,young
services,single,tertiary,no,-245,yes,no,cellular,6,may,2,-1,0,unknown,0,young
technician,married,secondary,no,-46,yes,no,cellular,27,jul,2,-1,0,unknown,1,young
technician,married,secondary,no,437,no,no,telephone,13,nov,1,-1,0,unknown,0,older
services,divorced,tertiary,no,238,yes,no,cellular,8,may,1,-1,0,unknown,0,older
technician,married,unknown,no,45,no,no,cellular,15,apr,1,84,1,other,0,older
technician,divorced,unknown,no,0,no,no,cellular,31,feb,1,-1,0,unknown,0,young
management,divorced,secondary,no,134,no,no,cellular,12,jul,1,-1,0,unknown,0,young
self-employed,divorced,secondary,no,137,yes,no,cellular,20,jun,7,-1,0,unknown,0,young
services,married,secondary,no,448,no,no,cellular,21,nov,1,-1,0,unknown,0,older
blue-collar,married,secondary,no,124,yes,no,unknown,18,may,2,-1,0,unknown,0,older
management,divorced,tertiary,no,2446,no,no,cellular,27,jul,2,189,2,other,0,older
technician,married,secondary,no,882,no,yes,unknown,2,jun,2,-1,0,unknown,0,older
technician,divorced,secondary,no,0,yes,no,cellular,30,feb,1,-1,0,unknown,0,young
retired,married,tertiary,no,295,no,no,cellular,19,feb,2,-1,0,unknown,0,young
blue-collar,married,secondary,no,37,no,no,cellular,4,aug,3,-1,0,unknown,0,young
management,single,secondary,no,312,yes,yes,unknown,14,may,2,-1,0,unknown,0,young
blue-collar,married,secondary,no,-6,yes,no,unknown,27,may,2,-1,0,unknown,0,older
services,single,secondary,no,483,yes,no,cellular,17,may,1,346,1,failure,0,young
technician,married,secondary,no,-231,yes,no,cellular,11,nov,2,325,3,failure,0,older
management,married,secondary,no,120,yes,no,unknown,18,may,1,-1,0,unknown,0,older
management,single,tertiary,no,1418,no,no,cellular,23,aug,2,-1,0,unknown,0,young
technician,married,secondary,no,-243,yes,yes,unknown,26,may,2,-1,0,unknown,0,older
management,married,tertiary,no,468,no,no,cellular,8,jul,4,175,2,other,0,young
technician,married,unknown,no,297,no,no,cellular,18,nov,2,-1,0,unknown,0,older
admin.,single,secondary,no,262,yes,no,cellular,12,may,2,352,1,failure,0,young
entrepreneur,single,unknown,no,243,no,no,unknown,5,jul,1,-1,0,unknown,0,young
management,single,secondary,no,1482,no,yes,cellular,1,jul,1,297,1,failure,0,young
management,married,tertiary,no,555,yes,no,cellular,31,feb,2,-1,0,unknown,0,young
admin.,married,secondary,yes,31,no,no,cellular,21,may,3,-1,0,unknown,0,older
self-employed,married,secondary,no,106,yes,no,unknown,20,jun,8,-1,0,unknown,0,older
management,married,tertiary,no,6112,yes,no,cellular,18,nov,2,115,10,other,0,young
blue-collar,married,unknown,no,246,yes,no,unknown,8,may,14,-1,0,unknown,0,older
entrepreneur,married,secondary,no,399,yes,no,unknown,28,jun,4,-1,0,unknown,0,older
blue-collar,married,primary,no,0,yes,no,unknown,19,may,10,-1,0,unknown,0,older
management,single,tertiary,no,86,no,no,cellular,26,aug,2,-1,0,unknown,0,young
management,married,tertiary,no,5059,yes,no,cellular,9,jun,2,-1,0,unknown,0,older
management,married,tertiary,no,4338,no,no,cellular,24,jul,1,-1,0,unknown,0,older
technician,married,secondary,no,659,no,yes,cellular,18,jun,1,-1,0,unknown,1,older
entrepreneur,married,secondary,no,-259,yes,no,cellular,6,may,3,321,5,failure,0,young
management,married,primary,no,409,no,no,telephone,18,nov,3,-1,0,unknown,0,older
management,married,tertiary,no,256,no,no,cellular,21,aug,10,-1,0,unknown,0,older
blue-collar,married,primary,no,0,no,no,cellular,11,aug,4,-1,0,unknown,0,older
management,single,primary,no,231,yes,no,unknown,18,may,27,-1,0,unknown,0,young
management,married,tertiary,no,1601,no,no,cellular,14,apr,2,174,7,failure,0,older
technician,married,tertiary,no,1836,yes,no,cellular,12,apr,3,297,0,failure,0,young
blue-collar,single,secondary,no,619,yes,no,telephone,6,jun,3,-1,0,unknown,0,young
blue-collar,single,primary,no,0,yes,no,cellular,16,jun,2,350,3,failure,0,young
technician,divorced,secondary,no,201,no,no,telephone,2,may,2,-1,0,unknown,0,older
retired,single,secondary,no,497,yes,no,unknown,8,may,4,-1,0,unknown,0,older
services,single,tertiary,no,0,no,no,cellular,5,jul,2,-1,0,unknown,0,young
blue-collar,married,secondary,no,0,yes,yes,telephone,20,may,5,-1,0,unknown,0,older
management,married,tertiary,no,0,no,no,cellular,19,aug,3,-1,0,unknown,0,older
management,married,tertiary,no,4358,no,yes,cellular,18,jun,1,349,3,failure,0,older
blue-collar,married,secondary,no,206,no,yes,unknown,12,jun,1,-1,0,unknown,0,older
technician,married,secondary,no,134,yes,no,cellular,29,jul,3,-1,0,unknown,0,young
management,married,secondary,yes,0,no,yes,telephone,16,may,4,-1,0,unknown,0,older
blue-collar,married,secondary,no,-44,no,no,cellular,30,jul,1,-1,0,unknown,0,older
admin.,divorced,secondary,no,2564,no,yes,cellular,7,aug,1,-1,0,unknown,0,older
blue-collar,married,primary,no,8750,yes,no,cellular,18,nov,1,-1,0,unknown,0,older
admin.,single,secondary,no,1793,no,no,cellular,2,aug,1,-1,0,unknown,0,older
student,married,secondary,no,1020,no,yes,telephone,11,aug,4,-1,0,unknown,0,older
student,married,secondary,no,78,yes,yes,cellular,4,sep,4,364,1,failure,0,young
management,married,secondary,no,488,no,no,telephone,29,aug,3,-1,0,unknown,0,young
management,single,tertiary,no,138,yes,no,unknown,21,may,5,-1,0,unknown,0,young
management,married,tertiary,no,355,yes,no,cellular,20,aug,13,-1,0,unknown,0,older
management,married,tertiary,no,136,yes,no,unknown,21,may,2,-1,0,unknown,0,young
management,married,tertiary,no,-9,yes,no,unknown,12,may,1,-1,0,unknown,0,young
services,married,secondary,no,3886,yes,no,cellular,26,jan,2,-1,0,unknown,1,older
blue-collar,married,secondary,no,43,yes,no,cellular,18,apr,1,-1,0,unknown,0,young
technician,single,secondary,no,1318,yes,no,cellular,16,sep,4,-1,0,unknown,0,young
management,married,tertiary,no,1315,yes,yes,cellular,7,jul,1,-1,0,unknown,1,young
management,married,primary,no,708,yes,no,cellular,11,aug,2,268,49,failure,0,older
management,married,tertiary,no,102,no,no,cellular,5,may,2,-1,0,unknown,0,older
management,divorced,tertiary,no,188,yes,yes,cellular,7,may,1,-1,0,unknown,0,older
blue-collar,married,secondary,no,585,yes,no,telephone,4,jul,4,-1,0,unknown,0,older
technician,single,tertiary,no,2298,no,no,cellular,4,jan,1,-1,0,unknown,0,young
management,married,tertiary,no,702,no,no,telephone,9,sep,1,-1,0,unknown,0,older
management,married,secondary,no,291,no,yes,cellular,21,jan,5,-1,0,unknown,0,young
blue-collar,married,primary,no,0,yes,no,unknown,20,may,1,-1,0,unknown,0,older
blue-collar,married,primary,no,26,no,no,telephone,21,jul,4,-1,0,unknown,0,older
technician,married,secondary,no,0,no,no,cellular,28,feb,10,-1,0,unknown,0,older
services,single,secondary,no,1495,no,no,cellular,5,jun,1,356,1,failure,0,young
management,single,tertiary,no,113,no,no,cellular,6,feb,1,-1,0,unknown,0,young
management,divorced,secondary,no,315,no,no,telephone,4,aug,6,-1,0,unknown,0,older
management,married,tertiary,no,1260,no,no,cellular,8,aug,1,-1,0,unknown,1,young
blue-collar,divorced,secondary,no,4057,yes,no,unknown,11,may,3,-1,0,unknown,0,older
management,single,secondary,no,949,no,no,telephone,20,jun,2,92,1,other,0,young
retired,married,secondary,no,0,no,no,unknown,29,may,2,-1,0,unknown,0,older
student,married,secondary,no,201,yes,yes,unknown,23,may,1,-1,0,unknown,0,young
management,married,tertiary,no,625,no,no,cellular,12,feb,5,97,7,success,1,older
management,single,tertiary,no,5,no,no,cellular,31,jul,2,-1,0,unknown,0,young
management,divorced,tertiary,no,725,yes,no,cellular,17,nov,1,177,3,failure,0,young
management,single,tertiary,no,187,yes,yes,cellular,6,may,1,186,7,other,0,young
housemaid,married,secondary,no,1026,yes,no,cellular,21,may,1,184,2,failure,0,young
retired,married,secondary,no,457,no,no,unknown,5,may,2,-1,0,unknown,0,young
blue-collar,married,secondary,no,-431,yes,no,unknown,20,may,2,-1,0,unknown,0,young
services,married,primary,no,1520,yes,no,cellular,13,apr,1,-1,0,unknown,0,young
technician,married,secondary,no,1496,no,no,cellular,14,aug,5,-1,0,unknown,0,young
technician,single,secondary,no,883,yes,no,cellular,31,jul,1,-1,0,unknown,0,young
management,married,tertiary,no,12396,no,no,cellular,4,aug,3,-1,0,unknown,0,older
management,divorced,tertiary,no,9,yes,no,cellular,7,may,3,-1,0,unknown,0,older
management,married,primary,no,1357,no,no,cellular,21,aug,4,-1,0,unknown,0,older
blue-collar,married,unknown,no,142,no,no,unknown,1,jul,1,-1,0,unknown,0,older
student,married,primary,no,146,no,no,cellular,15,aug,2,-1,0,unknown,0,older
student,single,tertiary,no,424,no,no,cellular,12,aug,1,152,1,success,1,young
management,married,tertiary,no,4891,yes,no,cellular,19,may,1,174,3,failure,0,young
technician,single,secondary,no,0,no,yes,cellular,29,jul,2,-1,0,unknown,0,young
admin.,married,secondary,no,-167,yes,yes,cellular,5,jun,1,-1,0,unknown,0,young
retired,married,secondary,no,7,no,yes,cellular,6,jan,2,-1,0,unknown,0,older
blue-collar,married,secondary,no,0,yes,no,cellular,8,may,3,361,1,other,0,young
management,married,primary,no,1288,no,no,cellular,17,apr,2,90,3,success,1,older
admin.,married,primary,no,-392,yes,no,telephone,7,jun,2,-1,0,unknown,0,older
admin.,married,primary,no,118,no,no,telephone,18,feb,4,-1,0,unknown,0,older
management,single,tertiary,no,14,no,no,cellular,9,may,2,-1,0,unknown,0,young
management,divorced,tertiary,no,0,no,yes,cellular,21,apr,2,-1,0,unknown,0,older
management,single,tertiary,no,10,yes,yes,cellular,15,may,1,-1,0,unknown,0,young
technician,married,secondary,no,96,yes,yes,unknown,10,may,1,-1,0,unknown,0,young
management,divorced,tertiary,no,1410,yes,no,cellular,31,jul,17,-1,0,unknown,0,older
admin.,married,tertiary,no,1006,yes,no,unknown,26,may,3,-1,0,unknown,0,young
services,married,secondary,no,889,yes,no,telephone,29,jul,12,-1,0,unknown,1,young
blue-collar,married,secondary,no,700,yes,no,cellular,25,jul,4,-1,0,unknown,0,young
management,married,tertiary,no,1295,no,no,cellular,20,feb,1,-1,0,unknown,0,young
entrepreneur,married,secondary,no,1185,yes,yes,unknown,5,may,2,-1,0,unknown,0,young
management,single,tertiary,no,1603,yes,no,cellular,5,may,1,182,2,failure,0,young
blue-collar,divorced,primary,no,3262,yes,no,cellular,9,apr,1,-1,0,unknown,0,older
services,married,secondary,no,303,yes,no,cellular,25,may,1,-1,0,unknown,0,young
blue-collar,married,primary,no,363,yes,yes,unknown,12,may,15,-1,0,unknown,0,older
technician,single,secondary,no,-396,yes,yes,cellular,12,may,1,371,4,other,0,young
blue-collar,married,primary,no,609,no,no,cellular,17,feb,2,-1,0,unknown,1,older
retired,divorced,tertiary,no,1348,no,no,cellular,28,jul,1,187,1,other,0,older
blue-collar,divorced,secondary,no,5689,no,no,cellular,21,nov,3,167,1,failure,0,older
management,married,tertiary,no,-221,no,no,cellular,20,aug,3,-1,0,unknown,0,young
management,married,secondary,no,258,no,yes,cellular,16,aug,14,-1,0,unknown,0,older
services,divorced,secondary,no,865,yes,no,cellular,19,nov,2,259,2,success,0,young
blue-collar,single,secondary,no,16431,no,no,cellular,28,nov,2,-1,0,unknown,0,young
management,single,tertiary,no,726,no,no,cellular,15,nov,2,-1,0,unknown,0,young
technician,married,secondary,no,127,no,no,cellular,15,feb,2,-1,0,unknown,0,young
retired,married,unknown,no,288,no,no,cellular,28,may,1,-1,0,unknown,0,young
technician,married,tertiary,no,1243,no,no,cellular,22,jul,1,-1,0,unknown,0,young
technician,single,tertiary,no,418,no,no,cellular,17,aug,6,-1,0,unknown,0,young
technician,married,secondary,no,592,no,yes,cellular,11,aug,1,-1,0,unknown,0,young
technician,single,secondary,yes,42,no,no,cellular,8,feb,2,-1,0,unknown,0,young
retired,divorced,secondary,no,-177,no,no,telephone,14,feb,2,-1,0,unknown,0,older
blue-collar,single,secondary,no,5750,no,yes,cellular,15,may,1,-1,0,unknown,0,young
management,married,secondary,no,1375,yes,yes,telephone,11,may,5,174,4,other,0,young
management,married,tertiary,no,3215,no,no,cellular,22,aug,4,-1,0,unknown,0,young
technician,married,tertiary,no,22,yes,yes,cellular,12,feb,2,-1,0,unknown,0,older
management,married,primary,no,369,no,yes,cellular,9,nov,1,-1,0,unknown,0,older
admin.,married,secondary,no,1535,yes,yes,cellular,7,may,5,-1,0,unknown,0,young
technician,single,secondary,no,2394,no,no,cellular,29,feb,3,-1,0,unknown,0,young
admin.,single,secondary,no,-8019,yes,no,unknown,31,apr,1,850,55,failure,1,young
blue-collar,married,secondary,no,160,yes,no,unknown,21,may,5,-1,0,unknown,0,young
admin.,married,secondary,no,-8019,yes,no,unknown,31,apr,1,850,55,failure,1,young
blue-collar,married,primary,no,-255,no,yes,cellular,16,aug,2,-1,0,unknown,0,older
unemployed,single,secondary,no,289,no,no,cellular,16,sep,1,-1,0,unknown,0,young
blue-collar,married,primary,no,418,yes,no,unknown,6,jun,3,-1,0,unknown,0,older
admin.,single,unknown,no,7043,yes,no,unknown,12,may,1,-1,0,unknown,0,young
technician,married,secondary,no,1531,yes,no,cellular,12,may,6,314,3,failure,0,older
admin.,single,secondary,no,0,no,no,unknown,27,sep,1,-1,0,unknown,0,young
technician,single,tertiary,no,1344,no,no,cellular,28,feb,1,-1,0,unknown,0,young
blue-collar,married,secondary,no,1640,no,no,unknown,4,jun,2,-1,0,unknown,0,older
admin.,married,secondary,no,456,yes,no,cellular,17,may,4,186,3,other,0,young
management,married,tertiary,no,3353,no,no,cellular,28,apr,1,81,4,other,0,older
blue-collar,married,primary,no,949,yes,no,unknown,6,may,3,-1,0,unknown,1,young
services,single,secondary,no,1616,no,no,cellular,8,feb,1,225,8,success,0,older
management,single,secondary,no,198,no,no,cellular,20,jul,2,358,4,other,0,young
admin.,single,secondary,no,1,no,no,cellular,5,feb,4,-1,0,unknown,0,young
retired,divorced,secondary,no,2584,yes,no,unknown,6,jun,2,-1,0,unknown,0,older
blue-collar,married,primary,no,21,no,no,cellular,4,jul,2,195,1,failure,0,older
technician,married,unknown,no,799,no,no,cellular,23,nov,1,-1,1,success,0,young
blue-collar,married,secondary,no,902,yes,no,unknown,6,may,1,-1,0,unknown,0,young
management,single,tertiary,no,1005,no,no,cellular,22,aug,19,-1,0,unknown,0,young
admin.,single,primary,no,-439,yes,no,cellular,7,may,1,387,2,other,0,young
management,married,secondary,no,294,yes,yes,unknown,29,may,5,-1,0,unknown,0,older
management,single,tertiary,no,2619,no,no,unknown,4,jul,4,-1,0,unknown,0,young
technician,divorced,secondary,no,369,yes,no,cellular,18,jul,1,-1,0,unknown,0,older
blue-collar,married,primary,no,82,no,no,telephone,29,jul,4,-1,0,unknown,0,older
blue-collar,married,primary,no,284,no,no,unknown,8,aug,1,-1,0,unknown,0,older
management,single,tertiary,no,4,no,no,cellular,8,may,1,363,2,failure,0,older
technician,single,secondary,no,3166,no,no,cellular,17,sep,1,-1,0,unknown,1,young
retired,divorced,secondary,no,1269,no,no,cellular,13,jan,1,-1,0,unknown,0,older
admin.,married,secondary,no,-402,no,no,unknown,13,jul,1,-1,0,unknown,0,older
unknown,single,tertiary,no,115,no,no,cellular,12,feb,1,-1,0,unknown,0,young
admin.,married,tertiary,no,-44,yes,no,cellular,15,jun,1,-1,0,unknown,0,young
technician,married,secondary,no,51,yes,yes,telephone,21,apr,2,-1,0,unknown,0,older
technician,single,tertiary,no,1032,no,no,cellular,11,aug,3,-1,0,unknown,0,young
admin.,single,secondary,yes,-527,yes,no,cellular,7,may,1,255,5,failure,0,older
blue-collar,single,secondary,no,19,no,no,cellular,12,jan,10,-1,0,unknown,0,young
technician,single,tertiary,no,1694,no,no,cellular,23,may,2,195,3,other,0,young
technician,married,tertiary,no,3105,no,no,cellular,19,sep,1,150,3,success,1,older
technician,married,secondary,no,289,yes,no,cellular,17,jul,4,-1,0,unknown,0,older
blue-collar,divorced,secondary,no,135,yes,no,cellular,22,apr,2,181,2,other,0,young
technician,single,tertiary,no,-9,yes,no,unknown,28,may,1,-1,0,unknown,0,young
admin.,divorced,tertiary,no,1310,yes,no,cellular,4,feb,2,-1,0,unknown,0,young
management,single,secondary,yes,-145,no,no,unknown,21,may,12,-1,0,unknown,0,young
blue-collar,divorced,secondary,no,2300,yes,no,cellular,14,nov,2,183,12,failure,0,young
management,single,secondary,no,653,no,no,cellular,4,jul,1,-1,0,unknown,0,young
management,divorced,primary,no,449,no,no,cellular,7,jul,1,169,2,failure,0,older
blue-collar,married,primary,no,2164,yes,no,cellular,17,may,1,-1,0,unknown,0,older
admin.,divorced,secondary,no,4806,no,no,cellular,18,nov,2,-1,0,unknown,1,older
blue-collar,single,secondary,no,1593,no,no,cellular,6,feb,2,-1,0,unknown,1,young
blue-collar,married,secondary,no,899,no,yes,cellular,28,feb,2,-1,0,unknown,0,older
retired,married,secondary,no,565,no,no,telephone,1,sep,1,-1,0,unknown,0,older
technician,married,secondary,no,1,yes,no,unknown,20,may,3,-1,0,unknown,0,young
management,married,tertiary,no,2203,yes,yes,cellular,3,aug,4,-1,0,unknown,0,older
self-employed,single,secondary,no,302,yes,no,cellular,9,aug,5,-1,0,unknown,0,young
management,married,tertiary,no,603,yes,no,cellular,15,jul,2,-1,0,unknown,0,older
technician,married,secondary,no,8835,yes,no,cellular,16,may,2,-1,0,unknown,0,older
management,married,secondary,no,1810,no,no,telephone,1,feb,3,-1,0,unknown,0,older
technician,married,tertiary,no,2660,no,no,cellular,15,aug,6,-1,0,unknown,1,young
services,married,secondary,no,-663,yes,no,unknown,2,jul,3,-1,0,unknown,0,older
management,married,tertiary,no,169,yes,no,unknown,13,may,2,-1,0,unknown,0,older
blue-collar,married,secondary,no,629,no,no,cellular,22,aug,2,-1,0,unknown,0,young
services,married,secondary,no,-177,yes,no,unknown,13,may,3,-1,0,unknown,0,older
technician,single,secondary,no,2965,yes,no,cellular,19,may,3,-1,0,unknown,0,young
services,married,tertiary,no,580,no,no,cellular,13,sep,1,-1,0,unknown,1,young
blue-collar,single,primary,no,2079,yes,no,cellular,10,may,1,-1,0,unknown,0,young
management,single,tertiary,no,-235,yes,yes,cellular,11,jun,1,342,1,other,0,young
technician,single,tertiary,no,422,no,no,cellular,27,aug,2,-1,0,unknown,0,young
housemaid,married,primary,no,2513,no,yes,telephone,6,may,5,-1,0,unknown,1,older
admin.,married,secondary,no,2286,yes,yes,cellular,11,jul,7,-1,0,unknown,1,young
blue-collar,married,unknown,no,1557,no,no,cellular,4,feb,2,-1,0,unknown,1,young
services,married,unknown,no,459,yes,no,unknown,6,may,2,-1,0,unknown,0,young
entrepreneur,married,primary,no,1425,yes,no,unknown,25,may,6,-1,0,unknown,0,older
technician,married,secondary,no,9,yes,yes,unknown,11,may,1,-1,0,unknown,1,young
management,single,tertiary,no,883,yes,no,cellular,13,may,2,-1,0,unknown,0,young
management,married,tertiary,no,19,no,no,cellular,28,aug,2,180,0,other,0,young
services,married,secondary,no,113,no,no,cellular,30,jul,1,-1,0,unknown,0,young
management,married,tertiary,no,1301,no,no,cellular,15,aug,5,-1,0,unknown,0,young
technician,married,secondary,no,744,no,no,cellular,5,aug,3,-1,0,unknown,0,young
services,married,tertiary,no,2400,yes,no,unknown,13,may,13,-1,0,unknown,0,young
technician,married,secondary,no,784,yes,no,cellular,8,may,2,334,2,failure,0,young
management,divorced,secondary,no,258,yes,no,unknown,27,may,1,-1,0,unknown,0,young
services,single,secondary,no,1405,no,no,cellular,22,feb,1,-1,0,unknown,1,young
technician,married,secondary,no,4988,no,no,cellular,21,may,1,850,0,other,1,young
blue-collar,married,secondary,no,4443,yes,no,unknown,11,may,1,-1,0,unknown,0,older
technician,single,tertiary,no,0,no,no,cellular,26,aug,2,-1,0,unknown,0,young
retired,married,secondary,no,5481,yes,no,cellular,6,may,2,193,5,success,1,older
services,married,tertiary,no,2912,no,no,cellular,29,jan,4,-1,0,unknown,0,older
management,married,unknown,no,13847,no,no,cellular,25,may,1,-1,0,unknown,1,older
admin.,divorced,secondary,no,202,yes,no,cellular,16,nov,2,-1,0,unknown,0,older
blue-collar,married,secondary,no,740,no,no,unknown,1,jul,1,-1,0,unknown,0,young
blue-collar,married,primary,no,547,yes,no,cellular,14,apr,2,261,2,failure,0,young
technician,single,tertiary,no,397,no,no,cellular,29,feb,2,162,4,failure,0,older
management,married,tertiary,no,456,no,no,cellular,5,aug,5,-1,0,unknown,0,older
management,married,tertiary,no,365,no,no,cellular,27,aug,3,-1,0,unknown,0,older
retired,married,secondary,no,504,yes,no,cellular,28,jul,1,-1,0,unknown,0,young
retired,divorced,secondary,no,1522,yes,no,cellular,26,jul,6,-1,0,unknown,0,older
technician,divorced,secondary,no,173,yes,yes,cellular,20,jan,5,-1,0,unknown,0,older
technician,married,secondary,no,80,yes,no,cellular,18,may,1,277,2,failure,0,young
management,married,tertiary,no,-435,no,yes,cellular,12,jan,4,-1,0,unknown,0,young
technician,married,primary,no,0,yes,no,unknown,15,may,2,-1,0,unknown,0,older
admin.,married,unknown,no,151,no,yes,cellular,18,jul,2,-1,0,unknown,1,young
technician,married,secondary,no,682,no,yes,cellular,21,jul,1,-1,0,unknown,0,young
blue-collar,divorced,primary,no,256,yes,no,unknown,10,may,2,-1,0,unknown,0,older
admin.,married,secondary,no,332,yes,no,cellular,10,aug,4,-1,0,unknown,0,older
blue-collar,married,secondary,no,490,yes,no,cellular,14,may,2,-1,0,unknown,0,older
services,married,secondary,no,162,yes,no,cellular,4,may,1,-1,0,unknown,0,older
technician,married,tertiary,no,0,no,no,cellular,18,aug,2,-1,0,unknown,0,young
blue-collar,married,primary,no,1030,no,no,unknown,7,jul,4,-1,0,unknown,0,older
management,single,tertiary,no,742,yes,no,cellular,2,dec,3,-1,0,unknown,0,young
blue-collar,married,primary,no,237,no,no,telephone,13,dec,1,-1,0,unknown,1,older
management,married,tertiary,no,57,no,no,cellular,13,apr,1,336,0,failure,0,young
blue-collar,married,secondary,no,115,yes,no,cellular,12,may,1,-1,0,unknown,0,young
management,married,primary,no,5824,no,no,cellular,19,jul,1,-1,0,unknown,0,older
management,single,tertiary,no,868,no,yes,cellular,16,jul,3,-1,0,unknown,1,young
management,single,secondary,no,1299,no,yes,cellular,28,jan,1,-1,0,unknown,0,young
management,married,tertiary,no,466,yes,no,cellular,4,jan,1,-1,0,unknown,0,older
services,married,secondary,no,283,yes,no,cellular,20,apr,2,-1,0,unknown,0,young
technician,single,tertiary,no,58,yes,no,cellular,14,may,2,-1,0,unknown,1,young
management,divorced,tertiary,no,3281,yes,no,unknown,19,may,2,-1,0,unknown,0,older
technician,married,secondary,no,-116,yes,no,cellular,13,feb,1,-1,0,unknown,0,older
management,married,tertiary,no,1246,no,no,cellular,20,apr,1,170,1,success,1,older
management,married,tertiary,no,1251,yes,no,cellular,14,nov,5,-1,0,unknown,0,young
blue-collar,single,secondary,no,221,yes,no,cellular,15,may,4,-1,0,unknown,0,young
blue-collar,single,secondary,no,185,yes,no,cellular,9,may,1,349,3,failure,0,young
services,single,tertiary,no,2563,yes,no,telephone,9,may,2,251,3,failure,0,young
retired,married,unknown,no,0,yes,no,unknown,21,may,2,-1,0,unknown,0,young
blue-collar,married,primary,no,1090,yes,no,cellular,23,apr,2,-1,0,unknown,0,older
management,married,tertiary,no,318,yes,no,cellular,11,aug,2,-1,0,unknown,0,young
blue-collar,married,primary,no,72,yes,no,unknown,5,may,6,-1,0,unknown,0,young
technician,divorced,secondary,no,1044,yes,yes,cellular,18,jul,1,-1,0,unknown,0,young
services,married,secondary,no,0,no,no,unknown,18,may,3,-1,0,unknown,0,older
management,married,tertiary,no,71,no,no,cellular,31,jan,34,-1,0,unknown,0,older
blue-collar,married,secondary,no,0,no,no,cellular,6,jul,1,172,2,failure,0,older
student,married,secondary,no,453,yes,no,cellular,27,apr,2,-1,0,unknown,1,young
services,single,tertiary,no,591,yes,no,unknown,29,may,1,-1,0,unknown,0,young
admin.,single,secondary,no,1630,no,no,cellular,18,nov,1,-1,0,unknown,1,older
management,single,secondary,no,2284,no,no,cellular,5,sep,2,-1,0,unknown,0,young
blue-collar,married,primary,no,500,no,no,telephone,11,nov,2,-1,0,unknown,0,older
management,married,secondary,no,465,no,no,cellular,7,apr,2,-1,0,unknown,1,older
retired,married,tertiary,no,154,no,yes,cellular,20,aug,5,-1,0,unknown,0,older
management,single,tertiary,no,519,no,no,cellular,19,may,2,124,3,success,1,young
services,married,secondary,no,190,yes,no,cellular,29,feb,5,-1,0,unknown,0,older
blue-collar,married,secondary,no,2279,yes,no,unknown,23,may,3,-1,0,unknown,1,young
management,married,tertiary,no,897,no,no,cellular,30,feb,2,-1,0,unknown,0,older
management,married,tertiary,no,3,yes,no,cellular,31,jul,23,-1,0,unknown,0,young
management,married,secondary,no,602,yes,yes,unknown,27,may,1,-1,0,unknown,0,older
blue-collar,married,secondary,no,137,yes,yes,telephone,31,jul,41,-1,0,unknown,0,older
management,married,secondary,no,25,yes,no,unknown,13,may,2,-1,0,unknown,0,young
technician,married,tertiary,no,0,no,no,cellular,14,jan,1,-1,0,unknown,0,older
blue-collar,single,secondary,no,2864,no,no,cellular,20,jul,1,-1,0,unknown,0,young
technician,married,secondary,no,558,yes,no,cellular,9,may,3,339,1,other,0,young
management,married,secondary,no,1771,no,no,cellular,20,nov,1,102,2,failure,0,older
technician,married,tertiary,no,0,no,no,cellular,22,aug,1,-1,0,unknown,0,young
technician,divorced,secondary,no,1693,yes,no,unknown,5,may,1,-1,0,unknown,0,young
blue-collar,divorced,unknown,no,10598,yes,no,cellular,9,may,1,-1,0,unknown,1,older
blue-collar,married,primary,no,306,no,no,cellular,13,aug,1,190,1,failure,1,young
blue-collar,single,secondary,no,1011,no,no,telephone,15,may,2,182,7,failure,0,young
admin.,married,secondary,no,198,yes,no,cellular,9,feb,3,-1,0,unknown,0,older
technician,married,secondary,no,12,yes,yes,cellular,13,jun,6,-1,0,unknown,0,older
blue-collar,married,primary,no,399,no,yes,cellular,28,jan,13,-1,0,unknown,0,older
management,divorced,tertiary,no,318,yes,no,cellular,8,may,1,-1,0,unknown,0,young
admin.,single,tertiary,no,0,no,no,cellular,19,jun,3,-1,0,unknown,0,young
blue-collar,divorced,secondary,no,-400,no,no,telephone,7,aug,2,-1,0,unknown,0,older
management,single,tertiary,no,0,no,no,cellular,14,aug,9,-1,0,unknown,0,young
management,single,secondary,no,153,yes,no,telephone,3,may,3,-1,0,unknown,0,older
technician,married,tertiary,no,49,no,yes,cellular,7,may,3,-1,0,unknown,0,young
management,married,secondary,no,66,no,yes,cellular,20,nov,2,-1,0,unknown,0,older
management,married,tertiary,no,32,yes,no,cellular,17,apr,3,244,1,failure,0,young
blue-collar,single,tertiary,no,189,yes,no,cellular,27,sep,1,-1,0,unknown,1,young
blue-collar,married,primary,no,2092,yes,no,telephone,18,may,1,-1,0,unknown,0,young
management,married,tertiary,no,0,yes,no,cellular,2,jun,1,350,2,failure,0,young
management,married,tertiary,no,4328,yes,no,cellular,19,nov,1,-1,0,unknown,0,young
management,divorced,tertiary,no,585,no,yes,cellular,31,jul,2,-1,0,unknown,0,young
management,married,tertiary,no,249,yes,no,cellular,8,may,1,202,2,failure,0,young
management,single,tertiary,no,289,yes,yes,unknown,7,may,8,-1,0,unknown,0,young
technician,married,secondary,no,298,yes,no,telephone,9,may,9,183,37,failure,0,older
admin.,single,secondary,no,8,yes,no,cellular,13,may,2,-1,0,unknown,0,young
blue-collar,married,primary,no,275,yes,yes,unknown,9,jun,1,-1,0,unknown,0,older
technician,married,secondary,no,286,no,no,unknown,6,may,1,-1,0,unknown,0,young
management,divorced,unknown,no,1501,yes,yes,cellular,21,jul,2,-1,0,unknown,0,older
blue-collar,married,unknown,no,0,yes,no,unknown,22,may,3,-1,0,unknown,0,older
blue-collar,married,primary,no,6330,no,no,unknown,8,jul,2,-1,0,unknown,0,older
blue-collar,married,primary,no,1174,no,yes,unknown,21,feb,1,-1,0,unknown,0,older
management,married,secondary,no,345,no,no,cellular,27,feb,2,181,1,failure,0,older
management,married,tertiary,no,999,yes,no,cellular,8,aug,13,-1,0,unknown,0,older
management,married,tertiary,no,129,no,no,cellular,23,aug,4,-1,0,unknown,0,older
blue-collar,married,secondary,no,650,yes,no,cellular,7,may,3,-1,0,unknown,0,older
technician,married,secondary,no,4975,no,no,telephone,9,aug,4,-1,0,unknown,0,older
blue-collar,married,secondary,no,-321,no,no,unknown,6,jun,3,-1,0,unknown,0,young
services,married,tertiary,no,785,no,no,cellular,14,may,2,-1,0,unknown,0,young
blue-collar,married,primary,no,812,yes,yes,cellular,12,jul,1,-1,0,unknown,0,young
management,single,tertiary,no,583,yes,no,cellular,19,apr,1,-1,0,unknown,0,young
blue-collar,married,secondary,no,750,yes,no,cellular,7,jan,2,-1,0,unknown,0,older
blue-collar,single,primary,no,615,yes,no,unknown,9,jun,1,-1,0,unknown,0,older
services,married,primary,no,1134,yes,no,unknown,27,may,1,-1,0,unknown,0,older
self-employed,single,tertiary,no,0,no,yes,cellular,8,feb,2,-1,0,unknown,0,young
management,single,tertiary,no,7160,no,no,cellular,18,may,6,-1,0,unknown,0,young
blue-collar,married,secondary,no,531,yes,no,unknown,4,jun,2,-1,0,unknown,0,older
student,married,secondary,no,727,yes,yes,telephone,6,aug,5,-1,0,unknown,0,older
blue-collar,married,secondary,no,532,yes,no,cellular,17,may,1,-1,0,unknown,0,older
technician,single,secondary,no,751,no,no,cellular,13,jul,1,-1,0,unknown,0,young
admin.,married,secondary,no,571,no,yes,cellular,31,jan,4,328,9,other,1,older
management,married,tertiary,no,350,yes,no,cellular,4,apr,3,-1,0,unknown,0,young
management,single,tertiary,no,373,yes,no,cellular,7,may,2,-1,0,unknown,0,young
unknown,married,secondary,no,10791,yes,yes,cellular,5,feb,2,-1,0,unknown,0,older
management,married,tertiary,no,1751,yes,no,unknown,30,may,5,-1,0,unknown,0,older
management,divorced,tertiary,no,463,no,no,unknown,28,jun,2,-1,0,unknown,0,young
technician,married,secondary,no,6218,no,no,unknown,18,jun,3,-1,0,unknown,0,young
retired,single,tertiary,no,126,yes,no,cellular,3,sep,1,131,3,other,0,young
unknown,married,unknown,no,2032,no,no,unknown,6,jun,1,-1,0,unknown,0,young
management,single,tertiary,no,3268,yes,no,unknown,17,may,3,-1,0,unknown,0,young
management,married,tertiary,no,1588,no,yes,cellular,26,nov,1,-1,0,unknown,0,older
admin.,married,tertiary,no,1213,no,no,unknown,29,may,5,-1,0,unknown,0,young
student,divorced,secondary,no,104,no,no,cellular,18,jul,1,-1,0,unknown,0,older
management,married,primary,no,14,no,no,telephone,12,jul,7,-1,0,unknown,0,older
unknown,married,secondary,no,336,no,no,cellular,14,aug,5,-1,0,unknown,0,young
technician,married,secondary,no,2456,no,no,cellular,29,apr,1,-1,0,unknown,0,older
blue-collar,married,secondary,no,590,yes,no,unknown,7,may,1,-1,0,unknown,0,young
blue-collar,single,secondary,no,2885,no,no,cellular,26,dec,2,-1,0,unknown,0,young
management,divorced,primary,no,410,no,yes,cellular,20,may,2,-1,0,unknown,0,older
management,single,tertiary,no,1878,yes,no,unknown,26,may,7,-1,0,unknown,0,young
management,married,tertiary,no,846,yes,no,unknown,18,may,2,-1,0,unknown,0,older
blue-collar,married,primary,no,0,yes,no,cellular,1,dec,1,138,9,failure,0,young
admin.,divorced,secondary,no,1294,no,no,cellular,16,jul,2,-1,0,unknown,0,older
services,single,secondary,no,0,no,no,cellular,25,jan,2,-1,0,unknown,0,young
management,divorced,primary,no,0,yes,yes,cellular,4,may,2,-1,0,unknown,1,older
technician,married,tertiary,no,884,no,no,cellular,8,aug,2,-1,0,unknown,0,young
technician,divorced,secondary,no,276,no,no,unknown,23,nov,1,-1,0,unknown,0,older
admin.,married,unknown,no,1193,yes,no,cellular,1,jul,2,344,1,failure,0,older
management,married,tertiary,no,582,no,no,cellular,19,may,2,-1,0,unknown,1,young
services,married,secondary,no,5194,yes,no,unknown,18,may,3,-1,0,unknown,0,young
retired,married,tertiary,no,667,no,no,cellular,21,aug,4,-1,0,unknown,0,older
blue-collar,married,secondary,no,4165,yes,no,cellular,21,jul,2,-1,0,unknown,0,older
admin.,married,secondary,no,349,no,yes,telephone,20,nov,1,-1,0,unknown,0,older
blue-collar,married,primary,no,54,no,no,cellular,11,jan,4,-1,0,unknown,0,young
blue-collar,single,secondary,no,1198,yes,no,unknown,4,may,1,-1,0,unknown,0,young
blue-collar,divorced,secondary,no,998,yes,no,unknown,15,may,1,-1,0,unknown,0,young
technician,married,secondary,no,506,yes,no,cellular,23,jun,1,-1,0,unknown,0,young
services,divorced,secondary,no,630,no,yes,cellular,5,aug,2,148,4,other,0,older
services,divorced,tertiary,no,-292,no,yes,cellular,16,jan,6,-1,0,unknown,0,older
blue-collar,married,secondary,no,374,no,no,cellular,26,aug,5,-1,0,unknown,0,young
technician,married,secondary,no,104,no,yes,unknown,21,may,3,-1,0,unknown,0,young
blue-collar,married,primary,no,200,no,yes,cellular,18,nov,2,-1,0,unknown,0,older
student,single,tertiary,no,391,no,no,unknown,8,jun,5,-1,0,unknown,0,young
technician,single,secondary,no,2271,yes,no,unknown,17,may,1,-1,0,unknown,0,young
technician,married,secondary,no,1981,no,no,cellular,5,may,2,280,1,success,1,older
admin.,divorced,secondary,no,2715,yes,yes,telephone,17,apr,2,-1,0,unknown,0,older
technician,married,unknown,no,3610,no,no,cellular,29,nov,1,-1,4,success,1,older
technician,married,secondary,no,1799,no,yes,unknown,19,jun,2,-1,0,unknown,0,young
services,single,secondary,no,304,no,no,cellular,31,jul,1,-1,0,unknown,0,young
technician,married,secondary,no,446,no,no,cellular,16,jul,1,-1,0,unknown,0,young
blue-collar,married,secondary,no,1306,no,no,cellular,6,jan,1,-1,0,unknown,0,young
admin.,married,secondary,no,25,yes,no,unknown,29,may,1,-1,0,unknown,0,young
blue-collar,married,primary,no,44,yes,no,unknown,3,may,6,-1,0,unknown,0,older
blue-collar,married,primary,no,-192,no,no,cellular,23,may,4,-1,0,unknown,0,young
blue-collar,divorced,secondary,no,1118,no,no,cellular,12,feb,1,-1,0,unknown,0,young
admin.,single,secondary,no,4162,yes,no,cellular,22,sep,1,-1,0,unknown,0,young
admin.,single,secondary,no,45,yes,no,cellular,18,nov,3,-1,0,unknown,0,young
admin.,single,secondary,no,442,yes,no,unknown,10,may,1,-1,0,unknown,0,young
blue-collar,married,primary,no,122,yes,no,unknown,9,may,4,-1,0,unknown,0,older
management,single,tertiary,no,4988,yes,no,unknown,21,may,2,-1,0,unknown,0,young
services,single,tertiary,no,2416,no,no,cellular,31,jun,5,-1,0,unknown,0,older
management,married,tertiary,no,3621,yes,no,unknown,16,may,2,-1,0,unknown,0,older
management,single,tertiary,no,78,yes,yes,cellular,6,feb,1,-1,0,unknown,1,older
technician,married,secondary,yes,-311,yes,yes,cellular,27,may,2,-1,0,unknown,0,older
admin.,single,secondary,no,362,no,no,cellular,7,aug,1,-1,0,unknown,0,young
technician,married,secondary,no,349,yes,no,cellular,16,aug,6,-1,0,unknown,0,older
blue-collar,married,unknown,no,350,no,no,unknown,28,may,1,-1,0,unknown,0,older
entrepreneur,single,secondary,no,1012,no,no,unknown,7,may,2,-1,0,unknown,0,young
admin.,divorced,secondary,no,1113,no,no,cellular,19,aug,1,182,0,failure,0,older
technician,single,secondary,no,1833,yes,no,cellular,17,may,1,-1,0,unknown,0,young
technician,married,secondary,no,-14,yes,no,unknown,10,may,2,-1,0,unknown,0,young
services,married,secondary,no,902,yes,no,unknown,16,jun,4,-1,0,unknown,0,older
self-employed,single,tertiary,no,364,no,no,cellular,20,nov,2,-1,0,unknown,1,older
management,married,tertiary,no,25,yes,yes,cellular,23,may,6,-1,0,unknown,0,young
management,married,primary,no,7872,no,no,cellular,11,may,2,-1,0,unknown,1,young
management,single,tertiary,no,25,no,no,cellular,27,aug,4,-1,0,unknown,1,young
services,married,secondary,no,-77,no,no,cellular,29,jul,2,-1,0,unknown,0,young
admin.,married,secondary,no,470,yes,no,cellular,19,jul,37,-1,0,unknown,0,young
services,single,secondary,no,7,yes,no,unknown,2,jun,1,-1,0,unknown,0,young
entrepreneur,married,secondary,no,4941,yes,no,cellular,5,may,3,181,5,failure,0,older
technician,married,secondary,no,-368,yes,no,cellular,17,may,2,-1,0,unknown,0,older
blue-collar,married,primary,no,4187,yes,no,cellular,20,may,2,278,2,failure,0,older
blue-collar,married,primary,no,103,yes,no,cellular,21,apr,2,337,49,failure,0,older
admin.,divorced,secondary,no,2809,no,no,cellular,22,nov,1,-1,0,unknown,0,older
management,single,tertiary,no,2484,no,no,cellular,15,may,1,103,3,failure,0,older
blue-collar,single,secondary,no,244,yes,no,unknown,21,may,6,-1,0,unknown,0,young
technician,single,secondary,no,0,no,yes,cellular,21,nov,1,-1,0,unknown,0,young
management,married,tertiary,no,632,no,no,cellular,18,nov,1,-1,0,unknown,0,young
services,married,secondary,no,5095,yes,no,cellular,7,may,2,208,2,other,0,young
management,married,tertiary,no,4765,yes,no,unknown,7,may,1,-1,0,unknown,0,older
management,married,primary,no,1378,no,yes,cellular,8,jul,2,-1,0,unknown,0,older
management,married,tertiary,no,417,yes,yes,cellular,21,jul,1,-1,0,unknown,0,young
self-employed,married,tertiary,no,0,no,no,cellular,26,aug,5,-1,0,unknown,1,older
blue-collar,married,primary,no,1466,yes,yes,unknown,20,may,1,-1,0,unknown,0,older
admin.,married,secondary,no,140,yes,no,cellular,6,mar,4,-1,0,unknown,1,older
retired,single,tertiary,no,0,no,no,cellular,16,jan,5,-1,0,unknown,0,young
blue-collar,single,primary,no,698,yes,no,unknown,17,may,4,-1,0,unknown,0,older
blue-collar,married,primary,no,1656,yes,no,telephone,15,may,1,-1,0,unknown,0,older
blue-collar,single,primary,no,3481,yes,no,cellular,25,apr,13,-1,0,unknown,0,young
admin.,single,secondary,yes,0,yes,no,cellular,14,may,2,-1,0,unknown,0,young
blue-collar,divorced,secondary,no,0,no,no,cellular,8,jul,3,-1,0,unknown,0,older
management,married,tertiary,no,-125,yes,no,unknown,11,may,4,-1,0,unknown,0,older
technician,married,secondary,no,2345,no,no,cellular,22,aug,2,-1,0,unknown,0,young
admin.,married,primary,no,244,yes,no,unknown,3,jun,4,-1,0,unknown,0,young
retired,single,tertiary,no,14877,no,no,cellular,17,jan,4,92,5,success,1,young
blue-collar,married,primary,no,185,yes,no,unknown,6,may,2,-1,0,unknown,0,older
student,married,tertiary,no,938,no,no,cellular,19,aug,2,-1,0,unknown,0,older
blue-collar,married,secondary,no,-146,yes,no,cellular,5,may,1,194,0,failure,0,young
technician,single,tertiary,no,591,yes,no,unknown,4,jun,20,-1,0,unknown,0,older
blue-collar,married,secondary,no,0,yes,no,cellular,14,jul,2,-1,0,unknown,0,older
admin.,married,secondary,no,2,yes,no,cellular,22,jul,3,-1,0,unknown,0,older
technician,divorced,secondary,no,0,no,no,cellular,23,nov,1,-1,0,unknown,0,young
management,married,tertiary,no,0,yes,no,unknown,26,may,3,-1,0,unknown,0,young
management,married,primary,no,3444,no,no,telephone,4,feb,4,-1,0,unknown,0,older
management,married,tertiary,no,209,no,no,cellular,29,aug,4,-1,0,unknown,0,young
technician,married,secondary,no,-66,no,no,cellular,13,dec,2,-1,0,unknown,0,young
management,single,tertiary,no,3015,no,no,telephone,18,may,1,-1,0,unknown,0,young
technician,single,primary,no,2455,yes,no,telephone,6,may,5,-1,0,unknown,0,young
management,married,tertiary,no,6263,yes,no,cellular,27,feb,2,-1,0,unknown,0,older
technician,single,secondary,no,373,no,no,unknown,4,jun,3,-1,0,unknown,0,young
blue-collar,married,secondary,no,1,yes,yes,unknown,28,may,2,-1,0,unknown,0,young
technician,married,tertiary,no,2496,no,no,cellular,4,apr,1,-1,0,unknown,0,young
services,single,secondary,no,-130,no,no,cellular,17,nov,1,-1,0,unknown,0,young
technician,divorced,secondary,no,96,yes,no,unknown,28,may,7,-1,0,unknown,0,older
blue-collar,single,primary,no,11,no,no,cellular,20,may,3,-1,0,unknown,0,young
management,single,tertiary,no,320,no,no,cellular,17,jul,2,-1,0,unknown,0,older
management,married,tertiary,no,2321,yes,no,telephone,27,jul,3,94,2,failure,0,older
student,single,tertiary,no,2497,yes,no,unknown,29,may,3,-1,0,unknown,0,young
unknown,married,secondary,no,1008,yes,no,cellular,28,jul,1,337,2,failure,0,older
management,married,secondary,no,3343,yes,yes,telephone,3,jul,3,362,5,failure,0,older
blue-collar,single,primary,no,2798,no,no,cellular,30,jan,2,-1,0,unknown,0,older
admin.,married,secondary,no,985,no,no,cellular,20,jul,4,181,5,success,1,older
technician,single,primary,no,183,no,no,cellular,29,aug,2,-1,0,unknown,0,young
technician,single,secondary,no,161,yes,yes,cellular,21,may,1,-1,0,unknown,0,young
technician,single,secondary,no,2801,no,no,cellular,31,jul,2,-1,0,unknown,0,young
technician,divorced,secondary,no,1426,yes,no,cellular,17,apr,1,-1,2,success,1,young
admin.,single,secondary,no,1475,yes,no,cellular,21,apr,3,-1,0,unknown,1,young
management,married,tertiary,no,779,no,no,cellular,31,dec,1,-1,6,failure,0,older
housemaid,married,tertiary,no,385,no,no,cellular,14,jul,1,252,2,other,0,older
management,divorced,tertiary,no,110,yes,yes,cellular,27,nov,3,-1,0,unknown,0,young
technician,married,secondary,no,0,no,yes,cellular,14,jan,2,-1,0,unknown,0,young
technician,married,secondary,no,2019,no,no,cellular,19,may,1,155,3,success,1,older
technician,married,secondary,no,535,yes,no,unknown,13,may,1,-1,0,unknown,0,young
management,married,tertiary,no,3,no,no,cellular,18,jul,1,184,2,failure,0,older
services,single,primary,no,155,no,no,unknown,7,may,1,-1,0,unknown,0,young
retired,married,primary,no,0,no,no,unknown,15,may,2,-1,0,unknown,0,older
admin.,married,secondary,no,311,no,no,unknown,28,may,2,-1,0,unknown,0,young
management,single,secondary,no,-27,yes,yes,cellular,15,may,3,-1,0,unknown,0,young
blue-collar,married,secondary,no,1381,yes,no,unknown,21,may,2,-1,0,unknown,0,older
services,married,tertiary,no,149,yes,no,cellular,18,feb,2,-1,0,unknown,0,young
blue-collar,married,primary,no,1066,yes,no,cellular,11,may,2,352,5,failure,0,young
unemployed,married,tertiary,no,210,yes,yes,cellular,4,jul,1,-1,5,success,1,young
blue-collar,married,secondary,no,1,yes,no,cellular,12,jun,1,180,1,other,0,older
technician,married,secondary,no,473,no,no,cellular,30,may,2,150,4,success,1,young
technician,married,tertiary,no,1808,no,no,unknown,5,may,3,-1,0,unknown,0,older
technician,married,secondary,no,-28,no,no,unknown,17,may,4,-1,0,unknown,0,young
services,married,tertiary,no,1628,yes,no,cellular,18,may,1,-1,0,unknown,0,young
technician,married,secondary,no,6,no,no,cellular,2,aug,2,-1,0,unknown,0,young
admin.,married,unknown,no,3460,no,no,cellular,20,sep,1,94,1,failure,0,older
management,single,tertiary,no,0,no,no,cellular,10,jul,1,-1,0,unknown,0,young
services,divorced,secondary,no,-511,no,yes,cellular,18,jan,1,-1,0,unknown,0,young
management,single,tertiary,no,6,no,no,cellular,28,aug,5,-1,0,unknown,0,young
management,single,tertiary,yes,0,yes,no,cellular,18,may,2,-1,0,unknown,0,young
technician,married,secondary,no,80,no,no,cellular,18,aug,9,-1,0,unknown,0,young
management,single,tertiary,no,2628,no,no,cellular,15,nov,1,-1,0,unknown,0,young
blue-collar,married,primary,no,616,yes,no,cellular,18,apr,3,-1,0,unknown,0,young
blue-collar,single,primary,no,-94,no,yes,cellular,13,jul,2,-1,0,unknown,0,young
retired,single,tertiary,no,-445,yes,no,unknown,20,may,1,-1,0,unknown,0,young
management,married,tertiary,no,65,no,yes,cellular,18,may,1,-1,0,unknown,1,young
admin.,married,secondary,no,3077,no,no,cellular,14,aug,1,-1,0,unknown,0,older
management,married,primary,no,1021,yes,no,cellular,29,aug,1,181,4,failure,0,older
blue-collar,married,secondary,no,7,yes,no,cellular,7,may,1,348,2,failure,0,older
technician,single,secondary,no,275,yes,yes,cellular,18,may,3,150,3,other,0,young
management,married,tertiary,no,209,no,no,cellular,21,may,8,-1,0,unknown,1,older
management,single,tertiary,no,3511,yes,no,cellular,4,feb,2,322,1,other,0,young
blue-collar,married,secondary,no,5065,yes,no,unknown,28,may,1,-1,0,unknown,0,young
retired,single,secondary,no,-196,yes,no,cellular,28,jul,2,-1,0,unknown,0,older
technician,single,secondary,no,-496,yes,yes,cellular,2,may,1,250,1,failure,0,young
blue-collar,married,secondary,no,391,yes,yes,unknown,9,may,1,-1,0,unknown,0,young
management,married,tertiary,no,243,yes,no,cellular,21,aug,1,452,2,failure,0,young
self-employed,married,tertiary,no,157,yes,no,unknown,20,may,1,-1,0,unknown,0,young
services,married,secondary,no,-165,yes,yes,cellular,19,may,1,-1,0,unknown,0,young
services,married,primary,no,32,no,no,cellular,13,jun,2,128,3,success,1,older
management,single,tertiary,no,882,yes,yes,cellular,8,feb,5,184,2,other,0,young
technician,single,unknown,no,598,no,no,cellular,28,may,3,336,2,success,0,young
technician,divorced,secondary,no,12959,yes,no,cellular,26,may,2,-1,0,unknown,0,young
retired,married,primary,no,343,no,no,cellular,17,aug,2,-1,0,unknown,0,older
blue-collar,married,primary,no,1451,no,no,cellular,13,aug,2,322,1,success,1,older
services,married,tertiary,no,3111,no,no,cellular,29,sep,2,-1,0,unknown,0,older
services,married,secondary,no,516,no,no,cellular,20,aug,2,-1,0,unknown,0,older
blue-collar,divorced,primary,no,457,yes,no,unknown,6,jun,4,-1,0,unknown,0,young
entrepreneur,married,secondary,no,1353,no,no,telephone,20,aug,7,-1,0,unknown,0,young
services,divorced,secondary,no,158,no,yes,unknown,4,jan,5,-1,0,unknown,0,older
admin.,single,secondary,yes,283,no,no,cellular,27,jul,2,-1,0,unknown,0,older
student,single,secondary,no,94,yes,yes,telephone,29,jul,5,-1,0,unknown,0,young
admin.,single,secondary,no,292,yes,no,cellular,15,may,1,-1,0,unknown,0,young
management,married,primary,no,1053,no,no,cellular,17,feb,2,-1,0,unknown,0,older
blue-collar,married,primary,no,1296,yes,no,cellular,11,apr,4,-1,0,unknown,0,older
admin.,single,secondary,no,352,no,no,cellular,27,nov,1,217,5,success,1,young
services,married,secondary,no,353,yes,no,cellular,2,may,5,267,4,failure,1,young
management,single,tertiary,no,2471,yes,no,telephone,6,jul,2,91,1,failure,1,young
technician,single,tertiary,no,93,yes,no,cellular,15,aug,2,-1,0,unknown,0,young
services,married,primary,no,511,no,no,unknown,21,may,2,-1,0,unknown,0,older
technician,divorced,tertiary,no,15211,no,yes,cellular,24,aug,4,-1,0,unknown,0,older
technician,married,secondary,no,442,yes,no,unknown,26,may,2,-1,0,unknown,0,young
technician,married,secondary,no,0,yes,no,cellular,13,may,2,-1,0,unknown,1,young
management,married,tertiary,no,297,yes,no,cellular,12,jul,2,-1,0,unknown,0,older
blue-collar,married,secondary,no,2,yes,no,cellular,12,jul,2,247,2,other,0,older
admin.,married,secondary,no,-502,yes,yes,cellular,12,may,2,357,2,failure,0,older
management,single,tertiary,no,1235,yes,no,unknown,27,may,2,-1,0,unknown,0,older
technician,married,secondary,no,761,yes,no,unknown,15,may,1,-1,0,unknown,0,young
management,single,secondary,no,596,no,no,cellular,25,aug,2,-1,0,unknown,0,young
technician,single,secondary,no,1451,no,yes,cellular,25,feb,1,-1,0,unknown,1,young
admin.,married,secondary,no,268,yes,yes,cellular,31,feb,3,-1,0,unknown,0,older
entrepreneur,married,primary,no,671,no,no,telephone,10,jan,1,-1,0,unknown,0,older
management,married,tertiary,no,665,no,no,telephone,9,jul,1,-1,0,unknown,0,older
blue-collar,married,unknown,no,481,yes,no,unknown,9,may,2,-1,0,unknown,0,older
self-employed,married,secondary,no,128,no,no,unknown,12,may,1,-1,0,unknown,0,young
services,single,tertiary,no,664,yes,no,cellular,30,feb,1,233,3,failure,0,young
admin.,married,secondary,no,125,yes,no,cellular,18,may,1,285,1,failure,0,older
services,married,secondary,no,0,no,no,cellular,2,aug,2,-1,0,unknown,0,young
blue-collar,married,primary,no,391,yes,no,cellular,14,may,1,-1,0,unknown,0,young
blue-collar,married,secondary,no,248,yes,no,unknown,16,may,1,-1,0,unknown,0,young
admin.,single,secondary,no,0,yes,no,cellular,13,apr,1,-1,0,unknown,0,young
admin.,married,secondary,no,5158,no,no,cellular,29,apr,1,-1,0,unknown,0,older
technician,married,primary,no,1533,yes,no,cellular,5,may,1,-1,0,unknown,0,older
admin.,single,secondary,no,1711,yes,no,cellular,12,apr,1,256,3,failure,0,young
technician,married,secondary,no,0,no,no,cellular,15,aug,1,-1,0,unknown,0,older
admin.,single,secondary,no,2327,yes,no,cellular,8,may,1,-1,0,unknown,0,young
admin.,married,secondary,no,313,no,no,cellular,18,nov,1,-1,0,unknown,0,young
self-employed,married,secondary,no,-7,no,no,cellular,29,aug,2,-1,0,unknown,0,older
self-employed,married,tertiary,yes,-1359,yes,no,cellular,17,may,4,-1,0,unknown,0,young
self-employed,single,secondary,no,489,yes,no,cellular,5,jul,1,-1,0,unknown,0,young
management,married,tertiary,no,1407,yes,no,cellular,20,may,2,-1,0,unknown,0,young
unknown,married,tertiary,no,3441,yes,no,telephone,20,nov,3,-1,0,unknown,0,older
management,single,tertiary,no,-206,yes,yes,cellular,6,aug,2,-1,0,unknown,0,young
management,divorced,tertiary,no,4010,no,no,cellular,18,aug,2,-1,0,unknown,0,older
admin.,divorced,secondary,no,529,yes,no,cellular,27,aug,2,-1,0,unknown,0,young
management,divorced,tertiary,no,114,no,no,cellular,18,aug,9,-1,0,unknown,1,older
blue-collar,divorced,primary,no,-520,yes,no,telephone,14,may,4,-1,0,unknown,0,older
blue-collar,married,primary,no,813,yes,no,cellular,12,may,1,-1,0,unknown,0,young
blue-collar,married,secondary,no,0,yes,no,cellular,10,may,2,-1,0,unknown,0,young
admin.,married,tertiary,no,2239,no,no,cellular,6,aug,3,-1,0,unknown,0,older
management,married,primary,no,535,no,no,telephone,13,jul,1,-1,0,unknown,0,older
management,married,unknown,no,777,no,no,cellular,29,feb,3,-1,0,unknown,0,young
technician,married,tertiary,no,814,no,no,cellular,5,aug,3,-1,0,unknown,0,young
unknown,divorced,tertiary,no,127,yes,no,cellular,6,may,1,-1,0,unknown,0,older
blue-collar,married,secondary,no,468,yes,yes,telephone,16,may,1,-1,0,unknown,0,young
blue-collar,single,primary,no,188,no,no,cellular,7,jul,1,-1,0,unknown,0,young
blue-collar,married,primary,yes,811,no,no,cellular,27,nov,4,-1,0,unknown,0,young
services,married,tertiary,no,17,no,no,cellular,19,feb,2,-1,0,unknown,0,young
blue-collar,single,secondary,no,0,no,no,telephone,19,jul,1,-1,0,unknown,0,young
admin.,single,tertiary,no,22,no,no,cellular,27,may,1,-1,0,unknown,0,young
management,married,tertiary,no,346,no,no,unknown,20,may,8,-1,0,unknown,0,older
services,single,tertiary,no,0,no,no,cellular,22,apr,4,30,2,failure,0,young
unemployed,single,unknown,no,413,no,no,telephone,3,sep,1,-1,0,unknown,1,young
entrepreneur,single,tertiary,no,418,yes,yes,unknown,4,may,8,-1,0,unknown,0,young
unemployed,divorced,secondary,no,248,no,no,cellular,6,jun,1,117,2,failure,0,older
services,married,secondary,no,541,yes,no,unknown,6,may,1,-1,0,unknown,0,young
student,single,tertiary,no,757,yes,no,cellular,15,apr,1,364,2,failure,1,young
technician,married,secondary,no,3,no,no,cellular,9,aug,1,-1,0,unknown,0,older
self-employed,married,primary,no,372,no,no,cellular,7,aug,4,-1,0,unknown,0,older
blue-collar,married,secondary,no,775,yes,yes,cellular,19,apr,2,-1,0,unknown,0,young
management,single,tertiary,no,4444,yes,no,cellular,18,may,1,-1,0,unknown,0,young
management,married,tertiary,no,3950,no,no,cellular,14,feb,1,-1,0,unknown,0,young
blue-collar,single,primary,no,-503,no,no,cellular,10,may,3,-1,0,unknown,0,older
services,married,secondary,no,1077,no,yes,cellular,12,jul,1,-1,0,unknown,0,older
services,single,secondary,no,951,no,no,cellular,28,feb,1,-1,0,unknown,0,young
blue-collar,married,secondary,no,230,no,no,cellular,9,apr,1,-1,0,unknown,1,young
management,single,tertiary,no,1790,yes,no,cellular,22,apr,1,-1,0,unknown,0,young
services,single,secondary,no,2315,yes,no,unknown,28,may,2,-1,0,unknown,0,young
self-employed,single,primary,no,187,yes,no,telephone,16,may,4,252,5,other,0,young
management,divorced,primary,no,1169,yes,no,cellular,13,aug,1,184,1,success,1,older
technician,divorced,secondary,no,25,yes,no,cellular,29,jan,1,-1,0,unknown,0,older
management,single,tertiary,no,203,no,yes,cellular,14,aug,3,-1,0,unknown,0,young
technician,married,secondary,no,212,yes,no,telephone,17,may,6,-1,0,unknown,0,young
unemployed,single,unknown,no,774,no,no,cellular,11,dec,1,92,1,success,1,older
technician,married,secondary,no,3807,yes,yes,unknown,25,may,1,-1,0,unknown,0,young
blue-collar,married,secondary,no,800,yes,no,unknown,5,may,2,-1,0,unknown,0,young
admin.,married,secondary,no,802,yes,yes,unknown,17,mar,1,-1,0,unknown,0,young
blue-collar,single,unknown,no,180,yes,no,unknown,30,may,6,-1,0,unknown,0,young
blue-collar,married,primary,no,42,yes,yes,cellular,20,nov,1,144,2,failure,0,young
blue-collar,married,primary,no,1393,no,no,cellular,18,aug,4,-1,0,unknown,0,older
technician,single,secondary,no,-326,yes,no,unknown,15,may,1,-1,0,unknown,0,young
blue-collar,married,primary,no,0,yes,yes,unknown,9,may,1,-1,0,unknown,0,older
services,single,primary,no,306,no,no,unknown,24,may,1,-1,0,unknown,0,young
blue-collar,single,primary,no,70,no,no,cellular,15,feb,2,-1,0,unknown,0,young
admin.,single,secondary,no,1248,no,no,cellular,6,jul,1,353,1,failure,0,young
student,single,secondary,no,164,no,no,unknown,11,jul,1,-1,0,unknown,1,older
management,married,tertiary,no,667,no,no,cellular,20,apr,3,-1,0,unknown,0,young
management,married,unknown,no,865,no,no,cellular,8,mar,1,370,2,failure,1,older
management,married,tertiary,no,140,no,yes,cellular,28,aug,2,-1,0,unknown,0,young
admin.,single,tertiary,no,600,no,no,cellular,22,feb,3,-1,0,unknown,0,young
admin.,married,secondary,no,54,yes,no,unknown,8,may,1,-1,0,unknown,0,young
management,single,tertiary,no,22226,no,no,cellular,24,nov,1,-1,0,unknown,0,older
blue-collar,married,primary,no,92,yes,no,unknown,14,may,1,-1,0,unknown,0,older
blue-collar,married,primary,no,303,yes,no,cellular,14,may,1,-1,0,unknown,0,young
blue-collar,single,secondary,no,1707,yes,no,cellular,6,feb,3,-1,0,unknown,1,young
blue-collar,divorced,secondary,no,0,yes,no,cellular,19,may,2,-1,0,unknown,1,older
entrepreneur,married,secondary,no,917,yes,no,unknown,7,jun,2,-1,0,unknown,0,young
retired,married,secondary,no,740,yes,no,unknown,29,may,4,-1,0,unknown,0,older
blue-collar,divorced,primary,no,579,no,no,cellular,21,jan,2,-1,0,unknown,0,older
management,married,tertiary,no,706,no,no,telephone,30,mar,1,-1,0,unknown,0,older
blue-collar,single,secondary,no,315,no,yes,unknown,11,jun,4,-1,0,unknown,0,young
technician,married,unknown,no,2052,no,no,cellular,26,nov,3,83,2,failure,0,young
technician,single,secondary,yes,442,yes,no,cellular,29,jan,1,-1,0,unknown,0,young
services,married,unknown,no,1331,no,no,telephone,2,sep,1,183,5,other,1,older
blue-collar,married,primary,no,278,yes,yes,unknown,17,may,2,-1,0,unknown,1,older
blue-collar,married,secondary,no,2631,yes,no,unknown,20,may,2,-1,0,unknown,0,young
blue-collar,divorced,primary,no,195,yes,no,cellular,14,may,2,388,3,failure,1,older
entrepreneur,married,tertiary,no,4,no,yes,cellular,4,aug,5,109,1,failure,0,older
blue-collar,single,unknown,no,117,yes,no,cellular,29,aug,6,-1,0,unknown,1,young
management,married,tertiary,no,2629,no,no,cellular,11,aug,2,-1,0,unknown,0,young
technician,single,secondary,no,103,no,no,cellular,25,aug,1,-1,0,unknown,0,young
blue-collar,married,primary,no,625,yes,no,unknown,21,may,2,-1,0,unknown,0,older
management,divorced,tertiary,no,6037,no,no,cellular,24,mar,1,171,2,failure,1,older
management,married,tertiary,no,991,no,no,cellular,8,aug,2,-1,0,unknown,0,older
management,divorced,tertiary,no,747,no,no,cellular,31,jan,1,112,2,success,1,older
management,married,tertiary,no,1,yes,no,unknown,20,may,3,-1,0,unknown,0,older
blue-collar,married,unknown,no,2766,no,no,cellular,25,jul,1,-1,0,unknown,0,older
self-employed,married,secondary,no,389,no,no,unknown,27,may,1,-1,0,unknown,0,young
unemployed,single,tertiary,no,1313,no,no,cellular,4,jan,1,-1,0,unknown,0,older
management,single,tertiary,no,0,no,no,cellular,11,aug,4,-1,0,unknown,0,young
technician,single,secondary,no,1945,no,no,cellular,8,jun,3,189,2,failure,0,older
blue-collar,married,primary,no,320,yes,no,cellular,26,aug,1,-1,0,unknown,0,young
retired,married,tertiary,no,9015,yes,no,unknown,29,may,14,-1,0,unknown,0,young
blue-collar,married,secondary,no,97,no,yes,cellular,7,aug,2,-1,0,unknown,0,older
management,married,tertiary,no,5054,no,no,cellular,24,apr,2,-1,0,unknown,0,older
management,divorced,tertiary,no,2924,yes,no,telephone,6,aug,1,167,4,other,0,older
technician,married,secondary,no,188,no,no,cellular,8,apr,1,-1,0,unknown,0,young
management,married,tertiary,no,101,no,no,cellular,18,jul,9,-1,0,unknown,0,older
services,married,secondary,no,-886,yes,no,cellular,6,jul,1,-1,0,unknown,0,older
admin.,single,tertiary,no,0,yes,yes,cellular,17,may,2,-1,0,unknown,0,young
technician,single,secondary,no,0,yes,no,unknown,11,may,2,-1,0,unknown,0,young
services,married,secondary,no,903,yes,yes,unknown,15,may,3,-1,0,unknown,0,young
blue-collar,married,primary,no,557,no,no,cellular,23,jan,2,-1,0,unknown,0,older
technician,married,secondary,no,68,yes,no,unknown,23,may,1,-1,0,unknown,0,older
admin.,divorced,primary,no,54,yes,no,cellular,19,apr,1,-1,0,unknown,1,older
technician,married,secondary,no,1342,no,no,unknown,4,may,1,-1,0,unknown,0,older
blue-collar,married,primary,no,1646,yes,yes,unknown,28,may,5,-1,0,unknown,0,older
technician,married,secondary,no,894,yes,no,cellular,22,jul,5,-1,0,unknown,0,older
student,single,tertiary,no,649,no,no,cellular,6,aug,2,-1,0,unknown,0,young
management,married,tertiary,no,4177,yes,no,cellular,20,may,1,-1,0,unknown,0,older
unemployed,married,secondary,no,1524,yes,no,cellular,4,may,1,181,3,failure,1,older
technician,divorced,secondary,no,276,no,no,cellular,13,feb,1,-1,0,unknown,0,young
blue-collar,married,secondary,no,91,no,no,cellular,20,may,2,-1,0,unknown,0,young
technician,single,secondary,no,154,no,no,cellular,3,apr,1,-1,0,unknown,0,young
technician,married,tertiary,no,82,no,no,telephone,29,feb,3,-1,0,unknown,0,young
technician,married,secondary,no,111,yes,yes,unknown,18,may,3,-1,0,unknown,0,older
technician,married,secondary,no,3517,yes,no,cellular,7,may,1,356,1,failure,0,young
blue-collar,single,secondary,no,0,yes,no,cellular,17,may,3,-1,0,unknown,0,older
blue-collar,married,secondary,no,4500,yes,no,unknown,5,may,2,-1,0,unknown,0,older
services,married,tertiary,no,504,no,no,cellular,14,aug,3,-1,0,unknown,0,older
management,married,tertiary,no,215,yes,no,unknown,3,jun,2,-1,0,unknown,0,older
management,married,tertiary,no,1537,yes,no,cellular,16,jul,1,-1,0,unknown,0,older
admin.,married,secondary,no,722,no,no,unknown,29,may,2,-1,0,unknown,0,young
blue-collar,married,primary,no,5720,no,no,unknown,19,jun,2,-1,0,unknown,0,older
retired,married,secondary,no,795,no,no,cellular,28,dec,6,-1,0,unknown,0,young
retired,married,tertiary,no,5527,yes,no,cellular,27,may,1,-1,0,unknown,0,young
blue-collar,married,secondary,no,276,yes,no,unknown,23,may,2,-1,0,unknown,0,young
technician,married,secondary,no,0,yes,no,cellular,7,jul,1,-1,0,unknown,0,young
retired,divorced,tertiary,no,1796,no,no,cellular,23,oct,1,190,1,failure,1,older
blue-collar,married,primary,no,988,yes,no,cellular,10,may,1,-1,0,unknown,0,young
technician,married,primary,no,268,no,no,unknown,14,mar,1,-1,0,unknown,0,older
admin.,married,secondary,no,2441,no,no,cellular,29,jul,6,-1,0,unknown,0,older
services,married,secondary,no,1441,no,no,cellular,19,aug,2,-1,0,unknown,0,older
blue-collar,married,secondary,no,939,no,no,unknown,11,jun,1,-1,0,unknown,0,young
blue-collar,married,secondary,no,2,yes,no,unknown,27,may,1,-1,0,unknown,0,young
student,married,secondary,no,82,yes,no,unknown,26,may,1,-1,0,unknown,0,young
blue-collar,divorced,secondary,no,135,no,no,unknown,29,jun,14,-1,0,unknown,0,young
blue-collar,single,primary,no,-549,yes,no,cellular,3,feb,1,321,1,failure,0,older
blue-collar,married,secondary,no,166,no,yes,unknown,17,jun,12,-1,0,unknown,0,young
entrepreneur,married,tertiary,no,83,yes,no,unknown,7,may,2,-1,0,unknown,0,young
blue-collar,married,secondary,no,257,yes,yes,unknown,15,may,3,-1,0,unknown,0,young
management,married,primary,no,4013,no,yes,cellular,20,jan,15,-1,0,unknown,0,older
management,married,tertiary,no,393,yes,yes,cellular,2,jan,2,-1,0,unknown,0,young
management,single,tertiary,no,643,yes,no,cellular,19,nov,3,-1,0,unknown,0,older
management,married,secondary,no,13,yes,no,cellular,15,may,1,378,3,failure,0,older
blue-collar,married,secondary,no,648,yes,no,cellular,12,jun,2,-1,0,unknown,0,young
management,married,secondary,no,0,yes,no,unknown,12,may,2,-1,0,unknown,0,young
technician,married,secondary,yes,-217,yes,no,cellular,13,may,2,-1,0,unknown,0,young
blue-collar,married,secondary,no,-448,yes,no,unknown,13,nov,1,-1,0,unknown,0,older
blue-collar,married,primary,no,643,yes,no,unknown,13,may,1,-1,0,unknown,0,older
admin.,married,secondary,no,528,yes,no,unknown,2,may,1,-1,0,unknown,1,older
blue-collar,married,secondary,no,984,no,yes,telephone,25,jul,1,168,2,failure,0,older
retired,married,primary,no,1207,yes,no,unknown,27,may,2,-1,0,unknown,0,older
technician,divorced,secondary,no,-385,no,yes,cellular,6,jul,1,-1,0,unknown,0,older
management,married,secondary,no,27,no,no,cellular,29,feb,3,-1,0,unknown,0,older
blue-collar,married,primary,no,2386,yes,no,unknown,6,may,6,-1,0,unknown,0,older
services,single,tertiary,no,311,yes,no,cellular,30,jul,2,-1,0,unknown,0,young
technician,married,secondary,no,3658,yes,no,cellular,19,sep,1,-1,0,unknown,0,older
management,married,tertiary,no,762,no,no,cellular,18,apr,1,-1,0,unknown,1,young
blue-collar,married,secondary,no,3812,yes,no,cellular,16,may,1,-1,0,unknown,0,older
technician,single,secondary,no,760,no,no,cellular,14,may,1,-1,0,unknown,0,young
management,married,primary,no,3728,no,no,cellular,14,jul,1,-1,0,unknown,1,older
blue-collar,single,secondary,no,673,yes,no,unknown,23,jul,1,-1,0,unknown,0,young
technician,married,secondary,no,2018,no,no,telephone,29,aug,2,-1,0,unknown,0,older
blue-collar,married,secondary,no,128,yes,no,cellular,28,apr,1,-1,0,unknown,0,young
management,single,tertiary,no,1085,yes,no,cellular,28,may,1,-1,0,unknown,1,young
technician,married,secondary,no,0,yes,no,cellular,12,jul,3,-1,0,unknown,0,older
management,single,tertiary,no,4409,yes,no,unknown,28,jun,17,-1,0,unknown,0,young
blue-collar,single,secondary,no,7592,yes,no,cellular,19,apr,1,-1,0,unknown,1,young
management,married,secondary,no,618,yes,no,cellular,14,may,1,171,0,failure,0,older
management,divorced,tertiary,no,343,yes,no,cellular,11,may,1,-1,0,unknown,0,young
housemaid,married,secondary,no,-117,no,no,cellular,12,feb,2,-1,0,unknown,1,older
management,married,tertiary,no,15425,yes,no,cellular,20,nov,5,263,1,other,0,older
management,divorced,tertiary,no,572,no,no,unknown,4,may,1,-1,0,unknown,0,older
entrepreneur,divorced,secondary,no,142,yes,no,cellular,18,apr,2,-1,0,unknown,0,young
management,married,tertiary,no,3554,no,no,cellular,28,jan,3,-1,0,unknown,0,older
retired,married,secondary,no,0,yes,no,cellular,9,jul,2,-1,0,unknown,0,young
retired,married,secondary,no,44,no,no,cellular,18,aug,3,-1,0,unknown,0,young
technician,married,tertiary,no,322,yes,no,cellular,26,aug,2,-1,0,unknown,0,young
self-employed,married,tertiary,no,424,no,yes,telephone,12,feb,2,-1,0,unknown,0,older
blue-collar,single,secondary,no,5511,yes,no,unknown,28,may,9,-1,0,unknown,0,young
management,married,secondary,no,76,no,no,unknown,30,may,2,-1,0,unknown,0,young
management,single,secondary,no,0,yes,no,cellular,12,may,1,224,4,failure,0,young
admin.,married,secondary,no,0,yes,no,cellular,13,apr,3,-1,0,unknown,0,young
management,married,secondary,no,161,yes,no,cellular,12,apr,1,-1,0,unknown,0,older
admin.,single,tertiary,no,2131,yes,no,cellular,14,may,1,-1,0,unknown,0,young
management,married,tertiary,no,2353,no,no,cellular,15,apr,2,-1,0,unknown,1,older
technician,married,tertiary,no,4895,no,no,cellular,17,may,1,324,2,failure,0,young
services,married,unknown,no,231,no,yes,cellular,8,jan,1,-1,0,unknown,0,older
blue-collar,married,primary,no,6009,yes,no,unknown,21,jun,9,-1,0,unknown,0,young
services,married,tertiary,no,7337,no,no,cellular,19,aug,4,-1,0,unknown,0,older
technician,single,secondary,no,12,yes,no,cellular,29,apr,1,-1,0,unknown,0,young
services,married,secondary,no,1018,yes,yes,cellular,8,jul,1,-1,0,unknown,0,older
blue-collar,married,secondary,no,0,no,no,cellular,19,apr,1,-1,0,unknown,0,older
management,married,tertiary,no,2360,yes,no,cellular,6,may,1,330,3,failure,0,young
management,married,tertiary,no,4942,no,no,telephone,30,jan,1,-1,0,unknown,0,older
admin.,single,secondary,no,735,no,no,unknown,20,may,1,-1,0,unknown,0,young
technician,divorced,secondary,yes,-237,no,no,unknown,5,jun,1,-1,0,unknown,0,older
blue-collar,married,secondary,no,5510,yes,no,cellular,7,may,1,175,8,failure,0,young
technician,divorced,secondary,no,6,no,no,cellular,2,jul,1,-1,0,unknown,0,young
blue-collar,married,secondary,no,1500,yes,no,cellular,19,may,3,-1,0,unknown,0,young
blue-collar,married,secondary,no,-264,yes,no,unknown,20,may,1,-1,0,unknown,0,older
management,married,tertiary,no,2469,yes,no,cellular,18,sep,2,174,3,other,0,older
blue-collar,married,secondary,no,-2,yes,no,unknown,9,may,4,-1,0,unknown,0,young
technician,married,tertiary,no,2297,no,no,cellular,7,aug,1,-1,0,unknown,1,young
management,married,tertiary,no,885,yes,no,cellular,10,dec,3,130,3,other,0,older
technician,single,secondary,no,202,yes,no,unknown,30,jun,1,-1,0,unknown,0,young
blue-collar,married,unknown,no,369,yes,yes,unknown,25,may,2,-1,0,unknown,0,young
management,married,tertiary,no,4016,no,no,telephone,6,may,1,104,2,failure,1,older
management,married,tertiary,no,173,no,no,cellular,12,aug,4,-1,0,unknown,0,young
blue-collar,divorced,primary,no,490,yes,no,unknown,7,may,7,-1,0,unknown,0,older
blue-collar,married,primary,no,680,no,yes,cellular,9,aug,7,-1,0,unknown,0,older
technician,married,secondary,no,5381,no,no,telephone,19,aug,2,-1,0,unknown,0,older
management,married,tertiary,no,66,yes,no,cellular,12,may,2,319,4,failure,0,young
self-employed,divorced,unknown,no,1274,no,no,unknown,14,jun,1,-1,0,unknown,0,older
technician,divorced,secondary,no,-43,yes,no,cellular,17,jul,1,-1,0,unknown,0,young
blue-collar,married,secondary,no,730,yes,no,unknown,5,may,1,-1,0,unknown,0,young
self-employed,married,secondary,no,2478,no,yes,cellular,22,aug,3,-1,0,unknown,0,young
blue-collar,single,primary,no,40,yes,yes,cellular,19,may,1,-1,0,unknown,0,older
admin.,married,secondary,no,25,no,no,cellular,23,feb,5,-1,0,unknown,0,young
management,single,tertiary,no,252,no,no,cellular,28,apr,2,175,6,failure,0,young
student,married,tertiary,no,564,no,no,cellular,18,aug,3,-1,0,unknown,0,young
services,single,secondary,no,392,no,no,cellular,4,jun,2,-1,0,unknown,0,older
technician,single,secondary,no,658,no,no,cellular,26,jun,2,-1,0,unknown,0,young
blue-collar,married,secondary,no,509,yes,no,unknown,6,may,3,-1,0,unknown,0,young
management,divorced,tertiary,no,473,no,yes,cellular,17,aug,1,-1,0,unknown,0,older
blue-collar,single,primary,no,1377,yes,yes,cellular,16,nov,1,-1,0,unknown,0,young
blue-collar,married,primary,no,0,yes,no,unknown,28,may,5,-1,0,unknown,0,older
technician,married,tertiary,no,-751,yes,yes,cellular,27,jul,2,-1,0,unknown,0,young
management,married,tertiary,no,1011,no,no,cellular,6,aug,2,-1,0,unknown,1,young
services,married,tertiary,no,1517,no,no,cellular,1,nov,1,-1,0,unknown,0,young
services,married,secondary,yes,60,yes,no,cellular,18,may,1,-1,0,unknown,0,young
technician,divorced,secondary,no,0,yes,yes,unknown,26,may,6,-1,0,unknown,0,older
self-employed,married,tertiary,no,0,yes,yes,cellular,6,feb,6,183,3,failure,0,young
technician,married,secondary,no,0,yes,no,cellular,28,jul,5,-1,0,unknown,0,young
management,married,tertiary,no,3249,yes,no,cellular,9,feb,2,-1,0,unknown,0,older
technician,single,tertiary,no,814,yes,no,cellular,25,jul,2,201,2,success,1,young
blue-collar,single,secondary,no,1010,no,no,cellular,28,aug,8,-1,0,unknown,0,young
management,married,primary,no,142,yes,yes,cellular,20,apr,2,-1,0,unknown,0,young
technician,married,secondary,no,3543,no,no,unknown,10,jun,3,-1,0,unknown,0,older
housemaid,married,tertiary,no,149,yes,no,telephone,18,nov,2,-1,0,unknown,0,older
admin.,divorced,secondary,no,412,no,no,telephone,8,dec,2,-1,0,unknown,0,older
services,married,primary,no,386,no,no,telephone,22,aug,2,-1,0,unknown,0,older
management,married,secondary,no,2142,yes,no,unknown,7,may,1,-1,0,unknown,0,young
admin.,single,tertiary,no,399,yes,no,telephone,12,nov,1,207,2,success,1,young
technician,single,secondary,no,-51,yes,yes,cellular,21,dec,1,335,2,other,0,young
blue-collar,married,primary,no,964,no,yes,unknown,5,jul,1,-1,0,unknown,0,older
management,married,tertiary,no,1388,no,no,cellular,22,apr,2,-1,0,unknown,0,young
housemaid,married,tertiary,no,149,yes,no,cellular,11,may,1,346,2,failure,0,young
blue-collar,married,secondary,no,6889,no,no,unknown,20,may,1,-1,0,unknown,0,young
blue-collar,divorced,secondary,no,568,yes,no,cellular,10,jun,1,320,3,failure,0,young
technician,single,secondary,no,417,no,no,unknown,12,jun,3,-1,0,unknown,0,young
technician,married,unknown,no,333,yes,no,cellular,19,apr,1,-1,0,unknown,1,older
blue-collar,divorced,secondary,no,472,no,no,telephone,18,sep,1,127,3,other,0,older
blue-collar,married,secondary,no,247,yes,yes,unknown,16,may,1,-1,0,unknown,0,older
blue-collar,married,primary,no,0,yes,no,cellular,15,feb,2,-1,0,unknown,1,older
technician,single,secondary,no,127,yes,no,cellular,22,jul,4,-1,0,unknown,0,young
services,single,tertiary,no,4571,no,no,cellular,9,sep,1,114,2,success,1,young
technician,married,secondary,no,864,yes,no,cellular,19,feb,2,-1,0,unknown,0,young
technician,divorced,secondary,no,0,yes,no,unknown,2,jun,1,-1,0,unknown,0,older
retired,married,tertiary,yes,602,yes,yes,unknown,20,may,2,-1,0,unknown,0,young
technician,married,secondary,no,6035,no,yes,cellular,29,may,1,89,1,failure,0,older
management,married,tertiary,no,1078,yes,no,cellular,30,apr,1,91,5,other,1,young
technician,married,secondary,no,-754,yes,no,cellular,21,jun,1,-1,0,unknown,0,older
technician,divorced,tertiary,no,9373,yes,no,cellular,26,nov,1,364,10,success,1,older
services,married,secondary,no,1594,no,no,cellular,29,feb,4,-1,0,unknown,1,young
technician,married,secondary,no,5648,yes,no,cellular,18,nov,1,-1,0,unknown,1,young
technician,single,secondary,no,2360,no,no,unknown,30,may,2,-1,0,unknown,0,young
services,single,tertiary,no,331,no,no,cellular,17,aug,2,-1,0,unknown,0,young
management,single,tertiary,no,-3,no,no,cellular,31,jul,4,-1,0,unknown,0,young
management,single,tertiary,no,3987,yes,no,cellular,21,jun,1,-1,0,unknown,0,young
management,married,tertiary,no,0,yes,no,telephone,21,jul,8,-1,0,unknown,0,young
management,single,tertiary,no,545,yes,no,cellular,14,apr,2,-1,0,unknown,0,young
unemployed,married,secondary,no,516,no,no,cellular,21,may,3,-1,0,unknown,0,older
technician,single,tertiary,no,1963,no,no,cellular,2,aug,2,0,1,failure,0,young
blue-collar,single,primary,no,264,no,no,cellular,17,aug,1,-1,0,unknown,0,young
blue-collar,married,secondary,no,-524,yes,yes,telephone,17,jun,2,-1,0,unknown,0,young
blue-collar,married,secondary,no,18,yes,yes,cellular,11,may,3,-1,0,unknown,0,older
technician,married,secondary,no,124,yes,no,cellular,11,may,5,181,11,failure,0,young
admin.,single,secondary,no,320,yes,yes,cellular,7,may,1,340,1,other,0,young
self-employed,married,secondary,no,1367,yes,no,cellular,14,may,2,371,6,failure,0,young
blue-collar,single,primary,no,178,yes,no,unknown,17,may,2,-1,0,unknown,0,older
admin.,single,secondary,no,0,no,no,cellular,5,may,2,-1,0,unknown,0,young
management,single,secondary,no,1123,yes,yes,telephone,15,feb,3,-1,0,unknown,0,older
admin.,single,tertiary,no,204,yes,no,cellular,6,jul,2,-1,0,unknown,1,young
admin.,single,secondary,no,7,yes,yes,cellular,9,may,1,350,2,failure,0,young
technician,married,tertiary,no,499,no,no,unknown,28,jun,1,-1,0,unknown,0,young
management,married,tertiary,no,4972,no,no,cellular,7,jun,1,-1,0,unknown,1,older
admin.,married,tertiary,no,1693,yes,no,cellular,12,may,3,351,10,other,0,young
technician,single,secondary,no,688,no,no,cellular,27,jun,2,129,7,success,1,young
blue-collar,divorced,secondary,no,273,yes,no,cellular,18,nov,1,-1,0,unknown,0,young
blue-collar,married,secondary,no,815,yes,no,cellular,15,nov,1,-1,0,unknown,0,young
admin.,divorced,secondary,no,117,yes,no,unknown,8,may,1,-1,0,unknown,0,older
retired,single,secondary,no,714,yes,no,cellular,6,may,1,349,2,failure,0,young
unknown,married,secondary,no,77,no,no,cellular,9,feb,4,-1,0,unknown,0,young
management,married,secondary,no,658,yes,no,unknown,12,may,1,-1,0,unknown,0,older
housemaid,single,tertiary,no,1024,no,no,cellular,15,may,3,281,9,other,0,older
admin.,single,secondary,no,5854,yes,no,unknown,22,may,1,-1,0,unknown,0,young
management,divorced,tertiary,no,1059,yes,no,unknown,13,may,3,-1,0,unknown,0,older
student,married,secondary,no,502,yes,no,unknown,12,may,6,-1,0,unknown,0,older
housemaid,divorced,secondary,no,273,yes,no,cellular,25,feb,2,-1,0,unknown,0,older
admin.,divorced,secondary,no,605,no,no,cellular,21,may,3,-1,0,unknown,0,older
blue-collar,married,secondary,no,491,yes,no,unknown,13,may,1,-1,0,unknown,0,older
retired,single,tertiary,no,0,no,no,cellular,19,apr,1,-1,0,unknown,0,young
admin.,single,tertiary,no,15709,yes,no,unknown,21,may,1,-1,0,unknown,0,young
blue-collar,married,secondary,no,0,yes,no,unknown,11,may,2,-1,0,unknown,0,young
services,married,secondary,no,656,no,no,unknown,21,jul,4,-1,0,unknown,0,older
management,single,tertiary,yes,-84,no,no,cellular,14,aug,2,-1,0,unknown,0,young
admin.,divorced,secondary,no,-381,yes,no,cellular,11,may,3,494,3,failure,0,older
technician,married,tertiary,no,25,no,no,cellular,19,aug,1,-1,0,unknown,0,young
technician,married,secondary,no,196,yes,yes,unknown,20,may,3,-1,0,unknown,1,older
blue-collar,single,primary,no,0,yes,no,cellular,5,may,1,-1,0,unknown,0,older
management,single,tertiary,no,627,yes,yes,cellular,5,may,3,347,3,other,0,young
management,married,tertiary,no,698,yes,no,telephone,6,jan,5,174,5,success,0,older
technician,single,tertiary,no,181,yes,no,cellular,14,aug,3,-1,0,unknown,0,young
technician,single,secondary,no,1296,no,no,cellular,23,jul,1,-1,0,unknown,0,young
blue-collar,married,secondary,no,1045,yes,yes,unknown,26,may,1,-1,0,unknown,0,young
technician,divorced,secondary,yes,733,yes,no,cellular,31,jul,9,-1,0,unknown,0,young
management,married,tertiary,no,1229,no,no,cellular,11,aug,1,-1,0,unknown,0,young
blue-collar,married,unknown,no,500,yes,no,cellular,20,apr,2,-1,0,unknown,0,older
services,married,secondary,no,242,no,no,cellular,11,aug,2,-1,0,unknown,0,older
technician,single,tertiary,no,16009,yes,no,cellular,6,jun,4,-1,0,unknown,0,older
technician,married,secondary,no,867,no,no,cellular,8,apr,2,163,1,other,0,older
blue-collar,married,secondary,no,423,yes,no,cellular,3,apr,2,325,1,failure,0,older
admin.,single,tertiary,no,2144,yes,yes,cellular,24,apr,7,-1,0,unknown,1,young
student,married,secondary,no,1724,yes,no,cellular,6,feb,1,-1,0,unknown,0,older
retired,married,tertiary,no,778,no,no,cellular,30,apr,1,152,4,success,1,young
blue-collar,married,secondary,no,0,yes,yes,cellular,17,apr,1,-1,0,unknown,0,older
admin.,married,secondary,no,524,yes,no,unknown,19,may,2,-1,0,unknown,0,older
admin.,married,secondary,no,6135,no,yes,cellular,30,jul,5,-1,0,unknown,0,older
blue-collar,married,primary,no,653,yes,no,cellular,18,nov,2,-1,0,unknown,0,older
blue-collar,married,secondary,no,-328,yes,no,unknown,15,may,2,-1,0,unknown,0,young
admin.,married,secondary,yes,-502,no,yes,cellular,16,feb,1,-1,0,unknown,0,young
blue-collar,married,primary,no,314,yes,no,unknown,9,may,5,-1,0,unknown,0,older
unemployed,single,tertiary,no,10753,no,no,telephone,20,nov,2,-1,0,unknown,0,young
technician,single,secondary,no,1425,no,no,unknown,15,may,1,-1,0,unknown,0,young
management,single,tertiary,no,534,yes,no,cellular,8,may,2,369,3,failure,1,young
management,married,unknown,no,34,no,no,telephone,30,mar,2,-1,0,unknown,0,older
entrepreneur,single,secondary,no,-781,yes,no,unknown,11,may,2,-1,0,unknown,1,young
management,married,tertiary,no,-59,no,no,cellular,6,jun,1,-1,0,unknown,0,young
retired,married,tertiary,no,776,yes,yes,cellular,17,may,2,-1,0,unknown,0,young
technician,married,secondary,no,350,yes,no,unknown,29,may,4,-1,0,unknown,0,young
student,single,tertiary,no,13257,no,no,cellular,26,jul,3,-1,0,unknown,0,young
admin.,single,unknown,no,18,no,no,cellular,26,jul,6,-1,0,unknown,0,young
management,married,primary,no,1732,yes,no,cellular,9,feb,1,192,1,other,0,young
admin.,married,secondary,no,-294,yes,yes,cellular,15,nov,4,-1,0,unknown,0,young
management,married,primary,no,1310,no,no,unknown,20,may,11,-1,0,unknown,0,older
services,single,secondary,no,299,yes,no,cellular,18,apr,3,-1,0,unknown,0,young
management,divorced,tertiary,no,136,yes,no,cellular,18,apr,1,183,4,failure,0,young
services,married,tertiary,no,615,no,no,cellular,3,aug,1,275,2,success,0,older
blue-collar,married,secondary,no,394,yes,no,cellular,7,apr,2,-1,0,unknown,0,young
management,married,tertiary,no,3439,yes,no,cellular,20,nov,15,-1,0,unknown,0,young
admin.,single,secondary,no,0,yes,no,telephone,7,may,12,-1,0,unknown,0,older
entrepreneur,divorced,primary,no,831,no,no,cellular,29,jul,2,-1,0,unknown,0,older
admin.,divorced,secondary,no,3502,yes,no,cellular,29,aug,22,-1,0,unknown,0,young
blue-collar,married,primary,no,217,yes,no,unknown,6,may,3,-1,0,unknown,0,young
admin.,married,secondary,no,495,no,no,cellular,22,nov,3,126,8,failure,0,young
admin.,married,secondary,no,2654,no,no,cellular,2,aug,1,199,7,other,1,young
management,married,tertiary,no,203,yes,no,unknown,20,may,2,-1,0,unknown,0,young
student,married,secondary,no,11,no,no,cellular,1,nov,1,-1,0,unknown,0,young
technician,single,secondary,no,471,no,no,cellular,8,may,2,-1,0,unknown,0,young
services,divorced,secondary,no,991,no,no,cellular,3,jun,2,-1,0,unknown,0,young
technician,single,secondary,no,477,no,no,cellular,28,jul,1,-1,0,unknown,0,young
admin.,single,secondary,no,1501,yes,no,cellular,2,may,1,341,1,failure,1,young
technician,single,tertiary,no,1892,no,no,cellular,19,aug,2,274,1,success,1,older
admin.,married,secondary,no,697,no,no,unknown,6,jul,2,-1,0,unknown,0,young
blue-collar,married,unknown,no,2,no,no,cellular,5,feb,1,-1,0,unknown,0,older
management,single,tertiary,yes,-53,yes,no,cellular,29,aug,9,-1,0,unknown,0,young
management,married,tertiary,no,195,yes,no,unknown,16,may,2,-1,0,unknown,0,young
management,married,tertiary,no,2912,yes,no,cellular,11,apr,4,182,2,other,0,young
blue-collar,married,secondary,no,-256,yes,yes,unknown,31,may,2,-1,0,unknown,0,older
management,divorced,tertiary,no,561,yes,no,telephone,16,may,1,-1,0,unknown,0,older
blue-collar,married,primary,no,62,yes,no,unknown,13,may,1,-1,0,unknown,0,older
blue-collar,married,secondary,no,185,yes,no,cellular,13,apr,5,306,5,failure,0,young
management,single,tertiary,no,0,yes,no,cellular,23,jul,2,-1,0,unknown,0,young
technician,single,tertiary,no,340,yes,no,cellular,16,nov,1,268,1,failure,0,young
management,married,tertiary,no,922,no,no,cellular,22,apr,4,-1,0,unknown,0,older
blue-collar,divorced,secondary,no,618,yes,yes,unknown,12,may,2,-1,0,unknown,1,young
blue-collar,married,secondary,no,318,no,no,unknown,14,jun,4,-1,0,unknown,0,older
blue-collar,married,secondary,no,4784,yes,no,unknown,4,jun,1,-1,0,unknown,0,young
management,married,primary,no,165,no,no,cellular,16,aug,1,-1,0,unknown,0,older
technician,married,unknown,no,1078,no,no,cellular,20,aug,5,-1,0,unknown,0,young
blue-collar,married,primary,no,82,yes,no,unknown,30,may,5,-1,0,unknown,0,older
admin.,single,secondary,no,10045,yes,no,cellular,17,may,2,182,2,other,0,young
blue-collar,married,secondary,no,936,yes,no,cellular,19,may,1,-1,0,unknown,0,young
technician,married,secondary,no,413,no,no,unknown,18,jun,2,-1,0,unknown,0,older
services,married,secondary,no,2782,yes,no,cellular,14,jul,4,-1,0,unknown,0,older
management,married,tertiary,no,147,yes,yes,cellular,10,may,1,-1,0,unknown,0,young
retired,married,tertiary,no,3510,yes,yes,cellular,16,feb,1,-1,0,unknown,0,older
admin.,divorced,secondary,no,456,no,no,cellular,21,aug,1,331,5,success,1,older
blue-collar,married,secondary,no,-193,yes,yes,cellular,20,jul,1,-1,0,unknown,0,older
technician,single,tertiary,no,1144,yes,no,cellular,13,nov,6,-1,0,unknown,0,young
blue-collar,married,secondary,no,1520,yes,no,unknown,21,may,1,-1,0,unknown,0,young
blue-collar,married,tertiary,no,686,yes,no,cellular,28,apr,1,189,1,success,0,young
services,married,primary,no,322,no,no,cellular,8,aug,5,-1,0,unknown,0,older
blue-collar,married,secondary,no,107,no,no,unknown,17,may,2,-1,0,unknown,0,young
services,married,secondary,no,119,yes,no,unknown,20,jun,3,-1,0,unknown,0,older
retired,married,secondary,no,19788,no,yes,cellular,20,may,2,-1,0,unknown,0,older
admin.,single,secondary,no,721,yes,no,cellular,20,apr,1,-1,0,unknown,0,young
technician,married,primary,no,595,yes,no,cellular,13,may,2,-1,0,unknown,0,older
blue-collar,single,secondary,no,511,yes,yes,cellular,15,may,2,367,2,failure,0,young
management,married,primary,no,585,yes,no,unknown,25,may,2,-1,0,unknown,0,older
blue-collar,single,unknown,no,1484,yes,no,cellular,6,jul,1,-1,0,unknown,0,young
blue-collar,single,secondary,no,198,no,no,cellular,17,aug,3,-1,0,unknown,0,young
services,divorced,unknown,no,3232,yes,no,cellular,15,may,1,-1,0,unknown,0,older
technician,single,secondary,no,3310,no,yes,cellular,30,jul,1,-1,0,unknown,1,young
student,married,primary,no,245,yes,no,unknown,19,may,1,-1,0,unknown,0,young
management,married,primary,no,31,no,no,unknown,9,may,1,-1,0,unknown,0,young
technician,single,tertiary,no,633,no,no,unknown,28,may,6,-1,0,unknown,0,young
management,married,tertiary,no,0,no,no,cellular,5,aug,2,-1,0,unknown,0,older
technician,married,secondary,no,358,no,no,cellular,19,aug,3,-1,0,unknown,0,young
blue-collar,divorced,secondary,no,37,no,no,cellular,15,nov,1,-1,0,unknown,0,young
retired,married,tertiary,no,2336,no,no,unknown,5,jun,15,-1,0,unknown,0,young
management,married,tertiary,no,2811,yes,no,telephone,17,may,2,-1,0,unknown,0,young
blue-collar,married,primary,no,5093,no,no,telephone,16,may,3,-1,0,unknown,0,older
blue-collar,married,secondary,no,424,yes,no,cellular,18,apr,11,-1,0,unknown,0,older
management,married,tertiary,no,4,no,yes,unknown,11,jul,2,-1,0,unknown,0,young
blue-collar,single,secondary,no,1523,yes,no,cellular,13,jun,2,-1,0,unknown,0,young
technician,married,secondary,no,264,yes,no,unknown,3,may,2,-1,0,unknown,0,older
admin.,married,secondary,no,774,yes,no,unknown,11,may,1,-1,0,unknown,0,young
technician,single,secondary,no,92,yes,no,unknown,21,may,2,-1,0,unknown,0,young
admin.,married,secondary,no,-223,yes,no,cellular,19,aug,3,-1,0,unknown,0,older
entrepreneur,divorced,tertiary,no,354,yes,yes,cellular,23,feb,3,351,2,other,0,older
management,married,secondary,no,755,yes,no,cellular,20,may,1,-1,0,unknown,0,young
management,single,secondary,no,213,yes,no,cellular,8,may,2,346,5,failure,0,young
blue-collar,married,secondary,no,354,yes,no,cellular,8,jul,2,-1,0,unknown,0,young
admin.,married,secondary,no,-44,yes,no,cellular,5,may,1,-1,0,unknown,0,older
technician,married,secondary,no,179,no,no,telephone,16,sep,1,-1,0,unknown,0,older
management,married,tertiary,no,937,yes,no,unknown,20,may,4,-1,0,unknown,0,older
admin.,married,secondary,no,1011,no,yes,cellular,24,jul,1,-1,0,unknown,0,young
retired,single,tertiary,no,0,yes,no,cellular,4,aug,2,367,3,failure,0,young
technician,married,secondary,no,54,yes,yes,unknown,25,may,2,-1,0,unknown,0,older
technician,married,tertiary,no,788,yes,no,unknown,16,may,6,-1,0,unknown,0,older
blue-collar,married,primary,no,1536,yes,no,unknown,19,jun,8,-1,0,unknown,0,young
services,married,tertiary,no,440,yes,no,cellular,14,may,1,195,2,failure,0,young
management,married,secondary,no,554,yes,no,unknown,6,may,1,-1,0,unknown,0,young
management,married,tertiary,no,455,no,no,cellular,27,aug,4,-1,0,unknown,1,young
services,single,tertiary,no,111,no,yes,cellular,18,may,2,-1,0,unknown,0,young
management,married,primary,no,487,no,no,unknown,29,mar,7,-1,0,unknown,0,older
management,married,tertiary,no,465,yes,no,telephone,26,sep,1,-1,0,unknown,0,young
technician,married,secondary,no,388,yes,no,unknown,28,may,2,-1,0,unknown,0,young
student,single,secondary,no,3074,no,yes,cellular,7,jul,1,-1,0,unknown,0,young
blue-collar,married,secondary,no,2,yes,no,unknown,24,mar,31,-1,0,unknown,0,young
admin.,single,tertiary,no,2313,yes,no,cellular,5,jul,2,233,1,failure,1,young
admin.,married,secondary,no,129,yes,no,unknown,6,jun,2,-1,0,unknown,0,older
management,married,tertiary,no,6572,yes,no,telephone,29,jul,3,-1,0,unknown,0,older
management,married,tertiary,no,264,yes,yes,cellular,28,jul,6,168,4,failure,1,older
technician,married,secondary,no,1180,yes,no,cellular,7,may,1,-1,0,unknown,1,older
technician,single,secondary,no,1110,yes,no,cellular,2,may,1,-1,0,unknown,0,young
management,married,tertiary,no,0,yes,no,cellular,22,jan,1,-1,0,unknown,0,young
technician,divorced,tertiary,no,285,no,no,unknown,15,jul,5,-1,0,unknown,0,older
blue-collar,married,primary,no,-178,yes,yes,cellular,13,jul,2,-1,0,unknown,0,young
blue-collar,married,secondary,no,469,yes,no,unknown,3,may,2,-1,0,unknown,0,young
management,single,tertiary,no,-41,yes,no,cellular,26,jan,3,-1,0,unknown,0,young
student,single,secondary,no,963,yes,no,cellular,14,may,1,-1,0,unknown,0,young
management,single,unknown,no,0,yes,no,cellular,13,jul,2,-1,0,unknown,0,young
blue-collar,married,primary,no,0,yes,no,cellular,11,feb,4,-1,0,unknown,0,young
technician,married,unknown,no,1356,yes,yes,cellular,6,jan,3,273,2,failure,0,older
technician,married,secondary,no,209,no,no,cellular,3,apr,1,-1,0,unknown,0,young
blue-collar,married,primary,no,33,yes,no,unknown,13,may,1,-1,0,unknown,0,young
blue-collar,married,primary,no,224,no,no,cellular,3,aug,1,-1,0,unknown,0,older
blue-collar,single,secondary,no,230,yes,no,cellular,2,aug,1,-1,0,unknown,1,young
blue-collar,single,secondary,no,0,yes,no,unknown,4,jun,3,-1,0,unknown,0,young
technician,divorced,secondary,no,1014,no,no,cellular,7,aug,1,-1,0,unknown,0,older
blue-collar,married,primary,no,0,yes,no,unknown,8,may,2,-1,0,unknown,0,young
technician,divorced,tertiary,no,332,yes,yes,cellular,21,apr,2,-1,0,unknown,0,older
technician,married,secondary,no,1,no,no,cellular,6,dec,2,-1,0,unknown,0,young
student,single,tertiary,no,1291,yes,no,cellular,17,may,1,-1,0,unknown,0,young
blue-collar,married,primary,no,985,no,no,cellular,8,feb,3,-1,0,unknown,0,older
admin.,single,secondary,no,1273,yes,no,unknown,9,may,2,-1,0,unknown,0,older
retired,single,tertiary,no,758,no,no,cellular,27,aug,6,-1,0,unknown,0,older
management,divorced,secondary,no,500,yes,no,unknown,8,may,2,-1,0,unknown,0,young
technician,married,secondary,no,591,yes,no,unknown,3,may,2,-1,0,unknown,0,older
technician,married,primary,no,0,yes,no,unknown,3,may,4,-1,0,unknown,0,older
blue-collar,divorced,secondary,no,144,yes,no,cellular,6,feb,1,87,8,other,0,young
blue-collar,married,secondary,no,268,yes,no,unknown,23,may,2,-1,0,unknown,0,young
services,married,secondary,no,83,no,no,cellular,2,aug,2,-1,0,unknown,0,older
management,married,tertiary,no,240,yes,no,unknown,21,may,2,-1,0,unknown,0,older
management,married,secondary,no,57,no,no,unknown,21,may,1,-1,0,unknown,0,young
admin.,single,secondary,no,643,no,yes,cellular,31,jul,2,-1,0,unknown,0,older
management,married,tertiary,no,0,no,yes,cellular,26,jul,5,-1,0,unknown,0,older
blue-collar,divorced,secondary,no,20,yes,no,cellular,22,apr,1,-1,0,unknown,1,young
retired,married,secondary,no,2674,no,no,cellular,27,aug,2,-1,0,unknown,0,older
blue-collar,married,primary,no,1279,yes,no,unknown,17,may,4,-1,0,unknown,0,older
blue-collar,single,primary,no,990,yes,no,cellular,14,jul,2,355,2,other,0,young
services,married,primary,no,777,no,no,unknown,27,jun,3,-1,0,unknown,0,older
technician,married,secondary,no,3281,no,no,cellular,2,aug,3,-1,0,unknown,1,young
technician,married,secondary,no,1,yes,no,unknown,6,may,1,-1,0,unknown,0,older
blue-collar,married,secondary,no,70,no,no,cellular,20,aug,2,-1,0,unknown,0,older
technician,married,primary,no,61,no,no,cellular,20,jul,1,-1,0,unknown,0,older
technician,married,secondary,no,79,yes,no,unknown,28,may,24,-1,0,unknown,0,young
retired,divorced,tertiary,no,129,yes,yes,cellular,12,may,4,-1,0,unknown,0,older
technician,divorced,unknown,no,20,no,no,unknown,11,may,3,-1,0,unknown,0,older
blue-collar,married,primary,no,2041,yes,no,unknown,13,may,5,-1,0,unknown,0,young
management,married,tertiary,no,26,yes,yes,cellular,19,may,5,340,0,other,0,young
blue-collar,married,primary,no,103,yes,no,unknown,21,may,2,-1,0,unknown,0,older
admin.,married,tertiary,no,0,yes,no,cellular,3,aug,1,77,3,failure,0,young
management,married,unknown,no,3625,no,yes,unknown,7,jun,1,-1,0,unknown,0,older
blue-collar,married,secondary,no,2682,no,no,telephone,7,dec,4,322,4,other,1,older
housemaid,married,secondary,no,3421,yes,no,cellular,2,may,1,-1,0,unknown,0,young
unknown,married,tertiary,no,59649,no,no,unknown,31,sep,1,850,55,failure,1,older
blue-collar,married,secondary,no,23,yes,no,unknown,5,jul,2,-1,0,unknown,0,older
management,married,tertiary,no,-62,yes,yes,cellular,21,jan,4,-1,0,unknown,0,young
services,divorced,primary,no,3762,no,no,telephone,7,jul,5,-1,0,unknown,1,older
admin.,married,secondary,no,8,no,yes,cellular,27,jul,2,-1,0,unknown,0,older
retired,married,secondary,no,53,yes,no,unknown,1,may,1,-1,0,unknown,0,older
blue-collar,married,primary,no,180,no,no,cellular,20,aug,2,-1,0,unknown,0,older
technician,divorced,secondary,no,1150,yes,no,unknown,6,jun,2,-1,0,unknown,0,older
management,single,secondary,no,2783,no,no,unknown,21,jun,2,-1,0,unknown,0,young
blue-collar,divorced,secondary,no,285,yes,no,cellular,18,nov,1,-1,0,unknown,0,older
blue-collar,married,primary,no,-224,yes,no,unknown,16,may,2,-1,0,unknown,0,older
technician,single,tertiary,no,1527,no,no,cellular,14,may,1,-1,0,unknown,0,young
management,married,unknown,no,1179,no,yes,telephone,29,jul,5,330,2,success,1,older
blue-collar,married,primary,no,387,yes,no,unknown,22,may,1,-1,0,unknown,0,older
blue-collar,single,secondary,no,42,yes,no,cellular,10,jul,2,-1,0,unknown,0,young
admin.,married,secondary,no,-47,no,no,unknown,28,may,1,-1,0,unknown,0,older
management,divorced,tertiary,no,200,yes,no,unknown,8,may,2,-1,0,unknown,0,young
technician,married,unknown,no,1977,no,no,cellular,11,nov,1,160,1,success,0,young
housemaid,married,secondary,no,104,no,no,cellular,6,aug,2,-1,0,unknown,0,older
management,single,secondary,no,479,yes,no,unknown,7,may,2,-1,0,unknown,0,young
technician,married,secondary,no,10900,yes,no,unknown,12,may,3,-1,0,unknown,0,young
management,married,tertiary,no,1289,yes,no,unknown,30,may,1,-1,0,unknown,0,older
blue-collar,single,secondary,no,6997,yes,no,unknown,18,may,2,-1,0,unknown,0,young
management,married,tertiary,no,1469,yes,no,unknown,20,may,2,-1,0,unknown,0,young
management,married,secondary,no,398,yes,no,cellular,5,feb,2,365,0,failure,0,young
blue-collar,married,secondary,no,208,yes,no,cellular,19,apr,1,-1,0,unknown,1,older
self-employed,married,primary,no,-29,no,yes,cellular,6,feb,1,-1,0,unknown,0,older
technician,single,secondary,no,367,no,no,cellular,18,jan,2,-1,0,unknown,0,young
management,married,primary,no,2095,no,no,unknown,6,may,1,-1,0,unknown,0,older
blue-collar,married,primary,no,6,yes,yes,unknown,16,may,2,-1,0,unknown,0,young
admin.,divorced,secondary,no,1968,yes,no,unknown,8,may,3,-1,0,unknown,0,young
management,married,tertiary,no,1859,no,no,cellular,28,may,6,-1,0,unknown,0,young
technician,divorced,secondary,no,140,no,no,cellular,29,may,2,79,3,success,0,older
blue-collar,divorced,secondary,no,16,no,yes,telephone,18,jul,1,-1,0,unknown,0,older
technician,married,secondary,no,11533,no,no,telephone,16,nov,1,-1,0,unknown,0,older
management,married,tertiary,no,1461,yes,no,cellular,16,may,2,-1,0,unknown,0,older
admin.,single,tertiary,no,526,yes,no,cellular,14,may,3,-1,0,unknown,1,young
blue-collar,married,tertiary,no,283,no,no,telephone,13,aug,1,181,3,other,0,young
technician,married,tertiary,no,0,no,no,telephone,14,aug,5,-1,0,unknown,0,older
retired,single,tertiary,no,1239,no,no,cellular,23,may,1,-1,0,unknown,1,young
management,married,unknown,no,140,yes,yes,telephone,13,apr,3,-1,0,unknown,0,older
blue-collar,divorced,secondary,no,330,yes,no,unknown,13,may,2,-1,0,unknown,0,older
blue-collar,married,primary,no,348,no,yes,telephone,6,feb,1,-1,0,unknown,0,older
blue-collar,married,secondary,no,350,yes,no,cellular,9,may,1,184,5,success,1,young
management,married,tertiary,no,0,yes,no,unknown,11,may,2,-1,0,unknown,0,young
technician,married,secondary,no,0,no,no,cellular,6,feb,1,-1,0,unknown,0,older
technician,married,tertiary,no,1355,yes,no,cellular,15,nov,1,-1,0,unknown,0,young
management,divorced,tertiary,no,29,yes,yes,telephone,20,may,4,-1,0,unknown,0,older
management,married,tertiary,no,-87,no,yes,cellular,6,jul,5,-1,0,unknown,0,older
management,single,tertiary,no,9,no,no,unknown,23,may,1,-1,0,unknown,0,older
management,single,tertiary,no,6015,no,no,cellular,2,jun,4,-1,0,unknown,0,young
management,divorced,primary,no,108,yes,no,cellular,16,may,2,350,1,failure,0,older
unknown,married,primary,no,88,no,no,unknown,16,jun,2,-1,0,unknown,0,young
blue-collar,married,secondary,no,415,yes,no,unknown,27,may,4,-1,0,unknown,0,young
management,married,tertiary,no,796,yes,no,unknown,17,may,1,-1,0,unknown,0,older
management,married,tertiary,no,1517,no,no,cellular,7,aug,5,-1,0,unknown,0,young
management,single,tertiary,no,79,no,no,cellular,29,aug,22,-1,0,unknown,0,young
management,married,tertiary,no,5719,no,no,cellular,17,aug,1,-1,0,unknown,0,older
admin.,single,secondary,no,852,no,no,telephone,16,jul,8,-1,0,unknown,0,young
blue-collar,married,primary,no,-391,yes,no,cellular,17,may,1,369,2,success,0,older
technician,married,secondary,no,139,no,no,cellular,25,aug,7,-1,0,unknown,0,young
technician,single,tertiary,no,1333,yes,yes,unknown,21,may,1,-1,0,unknown,0,young
blue-collar,married,secondary,no,169,no,no,telephone,2,aug,2,-1,0,unknown,0,older
management,divorced,primary,no,93,no,no,telephone,20,aug,2,-1,0,unknown,0,older
technician,married,secondary,no,383,no,yes,cellular,12,may,1,183,3,failure,0,young
blue-collar,married,secondary,no,2979,no,no,cellular,20,may,7,-1,0,unknown,0,older
management,married,tertiary,no,-269,yes,no,cellular,18,may,2,340,1,failure,0,older
technician,single,unknown,no,-542,no,no,cellular,26,feb,2,-1,0,unknown,0,young
retired,single,secondary,no,-496,yes,no,unknown,28,may,2,-1,0,unknown,0,young
blue-collar,married,secondary,no,914,yes,no,unknown,29,may,3,-1,0,unknown,0,older
admin.,married,secondary,no,-341,no,yes,telephone,23,nov,1,-1,0,unknown,0,older
management,married,tertiary,no,-416,yes,yes,cellular,7,aug,3,-1,0,unknown,0,older
management,single,tertiary,no,353,no,no,cellular,25,aug,7,1,7,success,1,young
blue-collar,married,primary,no,293,yes,no,telephone,31,jul,22,-1,0,unknown,0,young
student,single,secondary,no,124,no,no,cellular,19,aug,1,-1,0,unknown,0,young
management,married,tertiary,no,197,yes,no,unknown,11,may,2,-1,0,unknown,0,young
admin.,married,secondary,no,6755,no,no,cellular,15,may,1,151,1,other,1,older
blue-collar,single,secondary,no,1242,no,no,cellular,28,dec,15,-1,0,unknown,0,young
admin.,married,tertiary,no,1621,yes,no,cellular,17,nov,1,188,4,failure,0,young
blue-collar,single,primary,no,5695,no,no,cellular,23,apr,1,-1,0,unknown,0,older
management,married,tertiary,no,1175,yes,no,unknown,29,may,3,-1,0,unknown,0,young
services,married,unknown,no,118,yes,no,cellular,21,jul,2,182,3,failure,0,older
admin.,married,secondary,no,3946,no,yes,cellular,15,feb,1,310,1,failure,0,older
technician,single,secondary,no,987,yes,no,unknown,21,may,2,-1,0,unknown,1,young
blue-collar,married,secondary,no,1855,no,yes,unknown,6,jun,2,-1,0,unknown,0,older
technician,married,secondary,no,511,yes,no,unknown,12,may,2,-1,0,unknown,0,older
blue-collar,divorced,primary,no,453,no,no,unknown,6,jul,2,-1,0,unknown,0,older
blue-collar,divorced,primary,no,1691,no,no,cellular,4,jul,7,-1,0,unknown,0,older
admin.,married,secondary,no,1064,yes,no,cellular,23,apr,1,259,3,other,0,young
blue-collar,divorced,secondary,no,0,yes,no,cellular,10,may,1,169,1,failure,0,young
blue-collar,single,secondary,no,118,yes,no,cellular,2,feb,2,362,1,failure,0,young
services,married,secondary,no,68,yes,no,unknown,18,may,4,-1,0,unknown,0,young
admin.,single,primary,no,251,yes,no,unknown,17,may,2,-1,0,unknown,0,young
technician,single,secondary,no,0,no,no,cellular,6,aug,1,-1,0,unknown,1,young
student,married,secondary,no,114,yes,no,cellular,5,may,2,-1,0,unknown,0,older
self-employed,married,secondary,no,571,yes,no,cellular,23,nov,3,184,2,failure,0,older
management,married,unknown,no,631,yes,no,cellular,31,jun,5,374,0,other,0,older
retired,married,tertiary,no,0,yes,no,cellular,3,may,1,-1,0,unknown,0,young
admin.,married,secondary,no,135,yes,no,cellular,18,may,1,-1,0,unknown,0,older
technician,single,tertiary,no,4528,yes,no,unknown,30,may,2,-1,0,unknown,0,young
management,married,secondary,no,242,no,no,cellular,6,jan,8,-1,0,unknown,0,young
housemaid,married,secondary,no,1237,yes,yes,telephone,19,apr,2,330,2,failure,0,older
management,married,primary,no,3170,no,no,cellular,22,dec,7,-1,0,unknown,0,older
admin.,married,secondary,no,79,no,no,unknown,15,may,15,-1,0,unknown,0,young
technician,divorced,secondary,no,411,yes,no,telephone,15,may,2,261,0,success,1,older
services,single,tertiary,no,366,yes,no,telephone,8,jul,7,-1,0,unknown,0,older
blue-collar,married,primary,no,40,yes,yes,unknown,6,may,1,-1,0,unknown,0,older
admin.,single,secondary,no,-388,yes,no,unknown,22,may,1,-1,0,unknown,0,young
technician,married,secondary,no,152,no,yes,cellular,6,jan,1,-1,0,unknown,0,older
technician,married,primary,no,300,yes,yes,unknown,12,may,1,-1,0,unknown,0,older
unknown,married,secondary,no,156,no,no,unknown,17,jun,2,-1,0,unknown,0,young
blue-collar,married,primary,no,4342,yes,no,cellular,18,apr,1,-1,0,unknown,0,older
blue-collar,married,primary,no,5061,yes,no,unknown,25,may,6,-1,0,unknown,0,young
admin.,married,secondary,no,0,yes,no,cellular,16,sep,1,-1,0,unknown,1,older
admin.,single,tertiary,no,241,yes,no,telephone,7,may,4,174,2,other,0,young
technician,divorced,secondary,no,494,no,yes,cellular,8,jul,7,-1,0,unknown,0,young
technician,married,tertiary,no,314,yes,no,cellular,14,may,1,-1,0,unknown,0,older
admin.,married,secondary,no,208,yes,no,cellular,9,apr,1,-1,0,unknown,0,young
management,single,secondary,no,-96,no,no,cellular,29,feb,3,-1,0,unknown,0,young
blue-collar,single,primary,no,-17,yes,no,unknown,3,jun,2,-1,0,unknown,1,young
unknown,married,tertiary,no,59649,no,no,telephone,1,apr,1,850,0,unknown,1,young
blue-collar,divorced,secondary,no,2,yes,no,unknown,14,may,2,-1,0,unknown,0,older
admin.,divorced,secondary,no,-61,yes,yes,cellular,18,apr,1,-1,0,unknown,0,young
services,divorced,secondary,no,398,no,no,cellular,26,aug,9,-1,0,unknown,0,older
technician,married,secondary,no,117,yes,no,unknown,5,may,2,-1,0,unknown,0,young
blue-collar,single,secondary,no,832,yes,no,unknown,19,may,1,-1,0,unknown,0,young
management,single,secondary,no,299,no,no,cellular,13,jan,1,-1,0,unknown,0,young
management,single,tertiary,no,1718,no,no,cellular,4,aug,2,-1,0,unknown,0,young
technician,married,secondary,no,250,yes,no,telephone,28,feb,5,-1,0,unknown,0,older
management,single,secondary,no,341,no,no,cellular,6,jan,2,193,1,failure,0,older
technician,single,secondary,no,892,yes,no,unknown,3,may,3,-1,0,unknown,0,young
admin.,married,secondary,no,0,yes,yes,unknown,25,may,2,-1,0,unknown,0,older
blue-collar,married,primary,no,306,yes,no,unknown,24,sep,1,-1,0,unknown,0,older
management,divorced,tertiary,no,49,yes,no,unknown,28,may,8,-1,0,unknown,0,older
retired,married,tertiary,no,1617,yes,yes,cellular,20,jan,3,-1,0,unknown,0,young
technician,divorced,secondary,no,362,yes,no,cellular,8,may,1,-1,0,unknown,0,young
blue-collar,married,secondary,no,387,yes,no,cellular,18,may,2,262,7,success,0,young
unemployed,married,secondary,no,719,yes,no,cellular,8,may,2,-1,0,unknown,0,older
entrepreneur,divorced,secondary,no,89,no,yes,cellular,21,aug,4,-1,0,unknown,0,young
services,married,secondary,no,1266,no,no,cellular,7,aug,2,-1,0,unknown,1,older
admin.,married,secondary,no,614,yes,no,unknown,17,may,2,-1,0,unknown,0,young
technician,married,secondary,no,711,yes,no,cellular,4,jul,2,-1,0,unknown,0,older
blue-collar,single,secondary,no,10,yes,no,unknown,13,may,2,-1,0,unknown,0,older
management,single,tertiary,no,113,no,yes,unknown,17,jun,6,-1,0,unknown,0,older
management,single,secondary,no,175,yes,no,cellular,19,jul,1,370,1,failure,0,young
admin.,married,secondary,no,223,no,no,cellular,12,feb,2,-1,0,unknown,0,older
management,married,tertiary,no,894,yes,no,unknown,17,may,4,-1,0,unknown,0,older
blue-collar,divorced,secondary,no,151,yes,no,unknown,15,may,2,-1,0,unknown,0,older
technician,single,secondary,no,448,yes,no,cellular,9,may,1,203,4,failure,0,young
technician,married,secondary,yes,0,yes,no,unknown,6,jun,1,-1,0,unknown,0,older
technician,married,secondary,no,297,no,no,cellular,25,aug,2,-1,0,unknown,0,young
management,single,tertiary,yes,75,no,no,unknown,20,may,1,-1,0,unknown,0,young
retired,single,secondary,no,0,yes,no,cellular,7,aug,2,-1,0,unknown,0,young
technician,married,secondary,no,1795,no,no,cellular,18,aug,2,-1,0,unknown,0,young
housemaid,married,unknown,no,949,no,no,unknown,21,may,1,308,2,failure,0,older
blue-collar,married,secondary,no,178,yes,no,cellular,18,jul,1,386,2,failure,0,young
retired,divorced,secondary,no,4182,yes,yes,unknown,21,may,1,-1,0,unknown,0,older
technician,single,unknown,no,43,yes,no,cellular,12,apr,1,341,3,failure,0,young
blue-collar,married,primary,no,38,no,no,cellular,20,aug,2,-1,0,unknown,0,older
management,divorced,tertiary,no,704,no,no,cellular,6,aug,5,-1,0,unknown,0,older
blue-collar,married,primary,no,1091,yes,no,telephone,17,may,2,-1,0,unknown,0,older
services,married,tertiary,no,4,yes,no,unknown,9,may,4,-1,0,unknown,0,young
student,single,secondary,no,616,no,no,cellular,11,sep,1,-1,2,failure,0,young
student,married,secondary,no,1461,no,no,cellular,12,aug,9,-1,0,unknown,0,older
services,married,secondary,no,156,no,no,cellular,12,aug,4,-1,0,unknown,0,older
technician,single,secondary,no,219,no,no,cellular,12,aug,3,-1,0,unknown,0,young
admin.,single,secondary,no,1254,no,no,cellular,14,aug,1,-1,2,success,0,young
management,single,secondary,no,2,yes,no,cellular,16,apr,1,252,2,other,0,young
retired,single,secondary,no,1256,no,no,telephone,30,sep,1,-1,0,unknown,1,young
technician,married,secondary,no,26,yes,no,cellular,17,aug,9,-1,0,unknown,0,young
technician,single,tertiary,no,1730,no,no,cellular,18,feb,1,-1,0,unknown,1,young
blue-collar,married,secondary,no,62,yes,no,unknown,6,may,5,-1,0,unknown,0,older
technician,single,secondary,no,0,no,no,cellular,18,jul,1,-1,0,unknown,0,young
retired,single,secondary,no,838,no,no,cellular,27,jan,2,-1,0,unknown,0,young
technician,divorced,tertiary,no,588,yes,no,cellular,5,may,2,258,1,failure,0,older
technician,single,secondary,no,8,yes,yes,cellular,6,may,2,-1,0,unknown,0,young
blue-collar,married,secondary,no,1270,no,no,cellular,8,feb,2,-1,0,unknown,0,young
blue-collar,married,secondary,no,2134,yes,no,unknown,12,may,1,-1,0,unknown,0,older
student,divorced,secondary,no,1149,yes,no,unknown,4,jul,7,-1,0,unknown,0,older
services,married,secondary,no,0,no,no,cellular,14,nov,1,-1,0,unknown,0,older
blue-collar,married,secondary,no,0,yes,no,cellular,28,jul,2,254,4,failure,0,young
management,single,secondary,no,550,no,yes,unknown,1,jul,2,-1,0,unknown,0,young
admin.,married,secondary,no,0,yes,yes,cellular,14,jun,1,-1,0,unknown,0,older
management,married,tertiary,no,0,yes,no,cellular,17,nov,1,270,4,failure,0,young
admin.,married,secondary,no,6,no,yes,cellular,26,feb,4,-1,0,unknown,0,older
technician,divorced,primary,no,682,yes,no,unknown,29,may,2,-1,0,unknown,0,older
services,single,secondary,no,0,yes,no,unknown,28,may,1,-1,0,unknown,0,young
management,single,secondary,no,10,yes,no,cellular,25,may,10,-1,0,unknown,0,young
management,divorced,secondary,no,66,yes,no,telephone,26,jul,2,-1,0,unknown,1,older
technician,single,secondary,no,8027,no,no,cellular,20,aug,1,-1,0,unknown,0,young
management,divorced,tertiary,no,1245,yes,no,cellular,16,apr,2,-1,0,unknown,0,older
unemployed,married,primary,no,1299,no,no,cellular,14,aug,1,-1,0,unknown,1,older
technician,married,secondary,no,230,no,no,cellular,25,jun,3,383,6,success,0,young
technician,married,secondary,no,-557,yes,no,unknown,19,may,1,-1,0,unknown,0,young
management,married,secondary,no,2418,no,no,cellular,23,jun,1,699,1,failure,1,young
technician,married,secondary,no,-3,yes,yes,cellular,22,apr,2,272,1,failure,0,older
blue-collar,married,secondary,no,780,no,no,telephone,27,jul,2,-1,0,unknown,0,older
blue-collar,married,primary,no,181,yes,no,unknown,4,may,3,-1,0,unknown,0,older
blue-collar,single,secondary,no,565,yes,no,unknown,19,may,1,-1,0,unknown,0,young
management,married,secondary,no,96,no,no,cellular,21,aug,3,-1,0,unknown,0,older
management,single,tertiary,no,6,no,no,cellular,18,nov,3,-1,0,unknown,0,young
student,married,primary,no,7396,no,yes,cellular,20,nov,3,104,12,other,0,older
management,single,tertiary,no,431,yes,yes,cellular,17,apr,2,-1,0,unknown,0,young
management,divorced,tertiary,no,1179,no,no,cellular,29,aug,2,-1,0,unknown,0,older
technician,married,primary,no,2196,no,no,cellular,20,aug,13,-1,0,unknown,0,older
blue-collar,divorced,primary,no,-61,no,no,telephone,20,nov,4,-1,0,unknown,0,older
self-employed,married,tertiary,no,529,yes,no,cellular,3,may,1,124,2,other,0,older
blue-collar,married,primary,no,0,yes,no,unknown,20,may,6,-1,0,unknown,1,young
services,single,secondary,no,-112,no,yes,unknown,17,may,1,-1,0,unknown,0,young
blue-collar,divorced,secondary,no,551,yes,yes,unknown,12,may,1,-1,0,unknown,0,young
self-employed,married,secondary,no,3043,yes,no,cellular,18,nov,1,-1,0,unknown,0,young
management,single,secondary,no,0,no,no,cellular,28,feb,1,-1,0,unknown,0,young
blue-collar,married,primary,no,3873,no,yes,telephone,20,aug,4,-1,0,unknown,0,older
technician,married,secondary,no,0,no,no,unknown,17,may,2,-1,0,unknown,0,older
blue-collar,married,secondary,no,0,yes,no,unknown,14,may,3,-1,0,unknown,0,young
admin.,married,secondary,no,141,no,no,cellular,5,jun,1,-1,0,unknown,1,older
blue-collar,married,secondary,no,11535,yes,no,unknown,17,may,8,-1,0,unknown,1,young
student,divorced,secondary,no,870,yes,no,cellular,8,may,6,-1,0,unknown,1,young
services,married,secondary,no,404,yes,no,unknown,21,may,1,-1,0,unknown,0,older
services,married,tertiary,no,148,yes,no,unknown,5,may,1,-1,0,unknown,1,young
management,married,tertiary,no,1458,no,no,cellular,2,feb,1,160,2,other,0,young
blue-collar,divorced,secondary,no,1669,yes,no,unknown,22,may,3,-1,0,unknown,0,older
technician,married,tertiary,no,311,no,no,cellular,19,aug,2,-1,0,unknown,0,young
management,married,secondary,no,0,yes,no,cellular,14,may,4,352,4,failure,0,older
blue-collar,divorced,secondary,no,2142,yes,no,telephone,14,may,3,-1,0,unknown,0,young
management,married,tertiary,no,2524,no,no,cellular,12,dec,2,73,2,failure,0,young
technician,married,tertiary,no,500,no,no,cellular,28,aug,10,-1,0,unknown,0,young
entrepreneur,married,secondary,no,1741,no,no,telephone,23,aug,3,-1,0,unknown,0,older
management,single,tertiary,yes,-204,yes,yes,unknown,29,may,2,-1,0,unknown,0,young
technician,single,secondary,no,147,no,yes,cellular,6,may,1,332,1,failure,0,young
technician,married,secondary,no,1464,no,no,unknown,17,may,2,-1,0,unknown,0,older
admin.,married,secondary,no,784,yes,yes,cellular,6,jun,1,295,1,failure,0,young
technician,single,secondary,no,202,yes,yes,cellular,21,apr,1,354,2,other,0,young
management,married,tertiary,no,913,no,no,cellular,29,aug,2,-1,0,unknown,0,young
admin.,married,secondary,no,781,no,no,cellular,25,jan,1,92,3,failure,0,young
services,married,primary,no,-3,no,no,unknown,12,jun,1,-1,0,unknown,0,older
technician,married,secondary,no,1100,no,no,unknown,5,may,1,-1,0,unknown,0,young
services,divorced,secondary,no,5047,no,no,cellular,27,aug,1,104,0,failure,0,older
retired,married,unknown,no,2875,no,no,cellular,25,sep,3,200,3,success,1,older
retired,married,secondary,no,2377,yes,no,cellular,14,apr,1,272,3,failure,0,young
student,married,secondary,no,0,yes,no,unknown,11,may,4,-1,0,unknown,0,older
technician,married,secondary,no,49,yes,no,telephone,5,mar,3,-1,0,unknown,0,young
blue-collar,married,primary,no,922,yes,no,cellular,28,apr,3,-1,0,unknown,0,older
student,married,unknown,no,411,yes,no,cellular,14,may,1,-1,0,unknown,0,older
blue-collar,divorced,primary,no,0,yes,no,unknown,29,may,1,-1,0,unknown,0,older
blue-collar,married,primary,no,921,no,yes,cellular,18,jun,1,140,2,success,0,older
blue-collar,single,secondary,no,1073,yes,no,unknown,21,may,3,-1,0,unknown,0,young
management,married,tertiary,no,212,no,no,cellular,5,may,4,-1,0,unknown,0,young
blue-collar,single,secondary,no,792,no,no,cellular,1,apr,1,-1,0,unknown,1,young
services,married,secondary,no,136,no,no,cellular,6,feb,2,-1,0,unknown,0,older
housemaid,married,secondary,no,1225,yes,yes,cellular,8,apr,1,-1,0,unknown,0,young
admin.,married,secondary,no,147,yes,no,unknown,5,may,2,-1,0,unknown,0,older
housemaid,married,primary,no,372,yes,no,telephone,19,apr,1,270,2,failure,0,young
blue-collar,married,secondary,yes,45,no,no,cellular,23,aug,2,-1,0,unknown,0,young
management,married,secondary,no,121,yes,no,unknown,26,may,2,-1,0,unknown,0,young
blue-collar,married,primary,no,113,yes,no,unknown,15,may,3,-1,0,unknown,0,young
management,divorced,secondary,no,-141,no,yes,cellular,18,may,4,-1,0,unknown,1,older
technician,married,secondary,no,581,no,no,cellular,9,aug,4,-1,0,unknown,0,older
management,single,secondary,no,297,yes,yes,cellular,17,jul,2,-1,0,unknown,0,young
blue-collar,married,secondary,no,51,no,no,cellular,19,nov,4,-1,0,unknown,0,young
student,married,tertiary,no,404,yes,no,cellular,17,aug,5,-1,0,unknown,0,young
admin.,single,secondary,no,947,no,no,cellular,11,may,1,167,2,success,1,young
services,married,primary,no,658,no,no,cellular,20,jan,3,-1,0,unknown,0,older
unknown,married,tertiary,no,59649,no,no,cellular,1,apr,1,-1,0,unknown,0,older
management,married,tertiary,no,1434,yes,no,unknown,21,may,2,-1,0,unknown,0,older
management,married,tertiary,no,1565,yes,no,unknown,29,may,1,-1,0,unknown,0,young
management,single,tertiary,no,3790,yes,no,cellular,19,nov,1,-1,0,unknown,0,older
services,married,secondary,no,1388,no,no,telephone,11,aug,5,-1,0,unknown,0,older
blue-collar,married,secondary,no,2005,no,no,cellular,3,aug,6,-1,0,unknown,1,older
technician,married,secondary,no,1314,yes,no,unknown,8,may,2,-1,0,unknown,0,young
technician,divorced,tertiary,yes,-339,yes,no,cellular,14,may,2,-1,0,unknown,0,young
self-employed,married,secondary,no,3980,no,yes,cellular,14,nov,2,94,5,other,0,older
management,single,tertiary,no,799,yes,no,cellular,19,nov,2,-1,0,unknown,0,young
management,married,secondary,no,0,no,yes,cellular,5,jul,1,286,3,failure,0,older
blue-collar,married,primary,no,-349,yes,no,cellular,12,may,2,-1,0,unknown,0,older
technician,married,secondary,no,23,yes,no,telephone,4,feb,1,195,2,failure,0,young
services,married,secondary,no,-353,no,no,cellular,17,jan,3,-1,0,unknown,0,young
services,married,secondary,no,3904,no,no,unknown,7,jul,1,-1,0,unknown,0,older
services,married,secondary,no,3809,yes,no,unknown,22,may,10,-1,0,unknown,0,older
management,single,tertiary,no,4111,yes,no,unknown,11,may,2,-1,0,unknown,0,young
housemaid,married,primary,no,993,no,no,unknown,12,jun,2,-1,0,unknown,0,older
self-employed,divorced,secondary,no,858,no,yes,cellular,15,jun,1,-1,0,unknown,0,older
services,divorced,tertiary,no,344,yes,no,cellular,27,feb,1,194,2,failure,1,young
admin.,single,secondary,no,3047,yes,no,cellular,11,jul,1,195,5,failure,0,young
blue-collar,married,secondary,no,364,yes,no,cellular,18,apr,1,-1,0,unknown,1,young
blue-collar,married,primary,no,4062,no,no,cellular,12,jan,9,-1,0,unknown,0,older
services,married,secondary,no,22,yes,no,cellular,13,apr,2,-1,0,unknown,0,young
services,married,secondary,no,22,yes,no,cellular,17,jul,1,-1,0,unknown,0,young
retired,married,secondary,no,1904,no,no,cellular,20,nov,1,-1,0,unknown,0,older
management,married,tertiary,no,1287,no,no,cellular,18,apr,4,-1,5,success,0,older
services,married,secondary,no,1350,no,no,cellular,27,feb,2,-1,0,unknown,0,older
technician,single,secondary,no,-92,no,no,cellular,27,aug,4,-1,0,unknown,0,young
admin.,married,secondary,no,421,yes,no,cellular,29,may,2,172,9,other,1,young
management,married,tertiary,no,1796,yes,no,cellular,6,may,4,11,4,failure,0,older
blue-collar,single,primary,no,119,no,no,telephone,25,apr,4,-1,0,unknown,1,young
technician,married,unknown,no,137,no,no,cellular,5,aug,1,97,5,other,0,young
admin.,married,secondary,no,-2,yes,no,unknown,20,jul,2,-1,0,unknown,0,young
management,married,tertiary,yes,0,yes,no,unknown,25,may,1,-1,0,unknown,0,older
admin.,married,secondary,no,4647,no,no,cellular,23,jun,2,264,4,failure,0,young
management,married,tertiary,no,7785,no,no,cellular,15,jul,1,-1,0,unknown,0,older
management,married,tertiary,no,2012,no,no,cellular,11,may,3,274,2,success,0,older
blue-collar,married,secondary,no,0,yes,no,unknown,6,may,1,-1,0,unknown,0,young
blue-collar,married,primary,no,78,yes,no,cellular,18,nov,1,127,3,failure,0,young
management,divorced,primary,no,0,yes,no,unknown,22,may,1,-1,0,unknown,0,older
student,single,tertiary,no,183,no,no,cellular,20,jul,1,-1,0,unknown,1,young
services,married,primary,no,6,no,no,cellular,5,aug,2,-1,0,unknown,0,older
services,married,secondary,no,8671,no,no,cellular,14,aug,1,-1,0,unknown,0,older
services,divorced,secondary,no,0,yes,yes,unknown,20,may,1,-1,0,unknown,0,older
admin.,married,secondary,no,241,yes,no,cellular,1,aug,1,-1,0,unknown,0,older
blue-collar,married,primary,no,291,no,no,cellular,20,apr,1,270,3,other,0,young
student,single,tertiary,no,1534,no,no,cellular,12,apr,1,-1,1,success,1,young
services,divorced,secondary,no,248,no,no,cellular,13,jul,1,-1,0,unknown,0,older
technician,married,secondary,no,559,yes,yes,unknown,7,may,2,-1,0,unknown,0,young
student,divorced,secondary,no,42,no,no,cellular,10,may,3,-1,0,unknown,0,older
blue-collar,married,secondary,no,1452,yes,no,telephone,18,apr,6,341,2,failure,0,older
technician,divorced,secondary,no,0,yes,no,cellular,17,sep,1,322,0,failure,0,older
blue-collar,married,primary,no,0,no,no,cellular,14,feb,1,-1,0,unknown,0,older
technician,married,secondary,no,68,yes,no,unknown,19,may,2,-1,0,unknown,0,young
admin.,married,secondary,no,223,no,no,cellular,7,jun,1,-1,0,unknown,1,young
blue-collar,married,secondary,no,1347,yes,yes,unknown,15,may,4,-1,0,unknown,0,young
management,married,tertiary,no,0,yes,yes,cellular,18,may,2,-1,0,unknown,0,young
management,married,tertiary,no,1936,no,no,cellular,31,jul,16,-1,0,unknown,0,young
technician,married,secondary,no,2143,yes,no,cellular,24,apr,4,-1,0,unknown,0,young
admin.,single,secondary,yes,118,yes,no,unknown,19,may,8,-1,0,unknown,0,young
management,married,tertiary,no,2,yes,no,cellular,14,jul,4,-1,0,unknown,0,older
blue-collar,married,primary,no,1511,yes,no,unknown,29,may,2,-1,0,unknown,1,young
student,single,secondary,no,562,no,no,cellular,3,feb,1,-1,0,unknown,0,young
retired,married,secondary,no,2,yes,yes,cellular,31,feb,2,-1,0,unknown,0,older
management,divorced,tertiary,no,1556,yes,no,cellular,30,aug,1,-1,0,unknown,0,older
admin.,married,secondary,no,1018,yes,no,cellular,17,may,1,-1,0,unknown,0,older
blue-collar,married,secondary,no,2865,yes,no,unknown,29,may,11,-1,0,unknown,0,young
blue-collar,married,primary,no,94,yes,yes,unknown,16,may,4,-1,0,unknown,0,older
management,single,tertiary,no,1774,no,no,cellular,31,jul,2,-1,0,unknown,0,young
technician,single,secondary,no,2519,yes,no,cellular,13,apr,1,353,3,failure,0,young
technician,married,tertiary,no,13106,yes,no,cellular,15,oct,2,272,2,failure,0,young
admin.,married,secondary,no,33,yes,no,cellular,12,apr,2,-1,0,unknown,0,young
student,married,tertiary,no,191,no,no,cellular,19,aug,2,-1,0,unknown,0,young
management,married,secondary,no,0,yes,no,cellular,21,aug,2,-1,0,unknown,0,young
management,married,tertiary,no,185,no,no,cellular,23,aug,3,-1,0,unknown,0,older
management,single,tertiary,no,25,no,no,cellular,27,feb,2,-1,0,unknown,0,older
technician,single,secondary,no,-46,no,no,cellular,24,aug,6,-1,0,unknown,0,young
management,married,tertiary,no,5764,no,no,cellular,17,aug,2,-1,0,unknown,0,older
management,divorced,tertiary,no,302,no,no,cellular,7,may,12,-1,0,unknown,1,young
services,single,primary,no,1871,no,no,unknown,1,jul,1,-1,0,unknown,0,older
blue-collar,divorced,secondary,no,-488,yes,no,unknown,28,jun,14,-1,0,unknown,0,older
services,married,secondary,no,211,yes,yes,unknown,18,may,1,-1,0,unknown,0,older
technician,married,secondary,no,5107,no,no,telephone,21,jul,2,-1,0,unknown,0,young
self-employed,single,secondary,no,170,no,no,cellular,5,jun,3,263,1,failure,0,young
technician,married,secondary,no,319,yes,no,cellular,18,nov,3,199,2,failure,0,older
management,married,unknown,no,4982,yes,no,cellular,17,may,1,-1,0,unknown,0,young
management,married,tertiary,no,1180,yes,no,cellular,3,may,2,-1,0,unknown,0,young
services,married,secondary,no,5852,yes,no,cellular,12,may,1,181,1,failure,0,older
unemployed,single,tertiary,no,2032,no,no,telephone,20,aug,1,-1,0,unknown,0,young
technician,single,tertiary,no,2144,yes,no,cellular,9,jul,2,227,2,failure,0,young
technician,married,primary,no,1671,no,no,cellular,31,jun,9,-1,0,unknown,0,older
services,married,unknown,no,337,no,no,telephone,28,feb,1,-1,0,unknown,1,older
services,single,secondary,no,86,yes,no,unknown,14,may,2,-1,0,unknown,0,young
admin.,single,secondary,no,-110,no,no,cellular,8,feb,1,-1,0,unknown,0,older
admin.,married,unknown,no,0,no,yes,cellular,19,jul,1,-1,0,unknown,1,older
admin.,married,secondary,no,4152,yes,no,unknown,20,may,2,-1,0,unknown,0,older
management,married,primary,no,284,no,no,cellular,8,aug,3,-1,0,unknown,1,older
technician,married,secondary,no,160,yes,no,cellular,17,nov,2,-1,0,unknown,1,young
services,single,secondary,no,-598,no,yes,cellular,9,jan,3,-1,0,unknown,0,young
admin.,married,primary,no,103,no,no,cellular,15,nov,1,-1,0,unknown,0,older
management,married,tertiary,no,-196,yes,no,cellular,18,may,5,450,2,failure,1,young
services,single,tertiary,no,598,yes,no,cellular,19,nov,1,-1,0,unknown,1,young
admin.,married,secondary,no,0,yes,no,cellular,29,jan,1,-1,0,unknown,0,young
admin.,single,secondary,no,1813,yes,no,unknown,23,may,3,-1,0,unknown,0,young
student,single,secondary,no,545,no,no,unknown,30,may,1,-1,0,unknown,0,older
admin.,married,secondary,no,1612,no,no,cellular,29,apr,2,328,2,failure,1,older
technician,married,secondary,no,1467,no,no,cellular,31,jul,4,-1,0,unknown,0,young
blue-collar,married,primary,no,7,no,no,cellular,19,feb,1,-1,0,unknown,0,older
admin.,single,secondary,no,249,yes,no,cellular,21,feb,7,-1,0,unknown,0,older
technician,married,secondary,no,10205,no,no,cellular,16,aug,2,-1,0,unknown,0,young
blue-collar,married,secondary,no,-502,yes,no,unknown,3,jun,1,-1,0,unknown,0,young
services,married,secondary,no,-28,yes,no,cellular,7,may,1,321,3,failure,0,older
management,married,tertiary,no,1170,no,no,cellular,17,nov,1,-1,0,unknown,0,young
blue-collar,single,secondary,yes,-208,yes,no,unknown,4,may,2,-1,0,unknown,0,young
unknown,divorced,secondary,no,199,no,no,unknown,21,may,1,-1,0,unknown,0,young
technician,married,secondary,no,280,yes,yes,cellular,8,aug,3,-1,0,unknown,0,young
admin.,divorced,secondary,yes,-1499,yes,no,unknown,20,jun,2,-1,0,unknown,0,young
management,married,tertiary,no,0,no,yes,cellular,7,aug,1,-1,0,unknown,0,older
management,single,tertiary,no,2,no,yes,cellular,13,jul,1,-1,0,unknown,0,young
blue-collar,single,unknown,no,-482,yes,yes,cellular,19,jan,2,-1,0,unknown,0,older
blue-collar,married,primary,no,138,yes,no,cellular,14,jul,2,-1,0,unknown,0,older
blue-collar,married,secondary,no,548,no,no,cellular,27,aug,3,-1,0,unknown,1,older
technician,married,secondary,no,967,yes,no,cellular,18,may,2,170,2,success,0,young
housemaid,married,tertiary,no,-341,yes,no,cellular,17,may,2,339,1,failure,0,young
technician,single,secondary,no,2540,no,no,cellular,6,jun,2,94,7,success,1,young
management,single,tertiary,no,393,no,no,cellular,27,apr,2,275,2,other,0,young
self-employed,married,secondary,no,8844,no,no,unknown,1,jul,1,-1,0,unknown,0,older
blue-collar,married,primary,no,163,yes,no,unknown,6,may,4,-1,0,unknown,0,older
technician,married,secondary,no,171,yes,no,cellular,18,may,1,-1,0,unknown,0,older
admin.,married,secondary,no,-224,yes,no,cellular,18,sep,1,350,3,failure,0,older
blue-collar,single,primary,no,1303,yes,no,cellular,25,may,1,551,3,failure,1,young
housemaid,married,secondary,no,197,yes,no,unknown,20,may,2,-1,0,unknown,0,young
management,married,primary,no,36,yes,no,unknown,14,may,1,-1,0,unknown,0,young
student,married,tertiary,no,3039,no,yes,cellular,1,nov,2,-1,0,unknown,0,older
retired,married,tertiary,no,779,yes,no,cellular,18,may,2,184,7,failure,0,young
technician,single,secondary,no,4419,yes,no,unknown,28,may,3,-1,0,unknown,0,young
blue-collar,married,secondary,no,2608,yes,no,unknown,17,may,1,-1,0,unknown,0,older
blue-collar,single,secondary,no,686,yes,no,cellular,26,apr,1,-1,0,unknown,0,young
housemaid,divorced,primary,no,4947,no,no,telephone,11,nov,1,-1,0,unknown,0,older
admin.,single,secondary,no,171,yes,no,cellular,10,sep,2,362,2,failure,0,young
entrepreneur,married,secondary,no,9,no,no,cellular,9,feb,2,-1,0,unknown,0,older
management,married,unknown,no,124,no,yes,cellular,2,jul,1,-1,0,unknown,0,young
management,married,secondary,no,2932,no,no,telephone,1,sep,1,-1,0,unknown,1,older
retired,married,secondary,no,1123,yes,no,cellular,24,apr,3,284,2,failure,0,older
management,single,tertiary,no,585,no,no,cellular,27,feb,5,137,3,other,1,older
management,married,tertiary,no,288,no,no,cellular,18,aug,5,-1,0,unknown,0,older
blue-collar,married,primary,no,4,yes,no,cellular,25,jun,3,-1,0,unknown,0,older
technician,married,tertiary,no,1747,no,no,telephone,12,jan,2,-1,0,unknown,0,older
blue-collar,married,secondary,no,4188,no,no,cellular,22,nov,1,-1,0,unknown,0,young
blue-collar,married,secondary,no,41,yes,no,unknown,26,may,1,-1,0,unknown,0,young
blue-collar,married,secondary,no,0,no,no,cellular,14,aug,2,-1,0,unknown,0,young
blue-collar,divorced,secondary,no,534,no,no,unknown,14,may,2,-1,0,unknown,0,older
technician,married,secondary,no,39,yes,no,cellular,8,may,2,174,5,failure,0,young
admin.,married,secondary,no,990,yes,no,unknown,22,jun,2,-1,0,unknown,0,older
admin.,divorced,secondary,no,-27,yes,yes,unknown,5,may,5,-1,0,unknown,0,older
management,married,unknown,no,12055,no,no,cellular,13,apr,2,-1,0,unknown,1,older
services,married,secondary,no,-192,no,no,cellular,30,feb,9,-1,0,unknown,0,older
management,married,secondary,no,1201,yes,no,unknown,27,may,1,-1,0,unknown,0,young
blue-collar,married,primary,no,1398,yes,no,cellular,9,aug,9,-1,0,unknown,0,young
management,single,tertiary,no,2646,yes,no,unknown,26,may,1,-1,0,unknown,0,young
blue-collar,married,secondary,no,88,yes,no,cellular,7,jul,6,-1,0,unknown,1,young
management,divorced,secondary,no,198,no,no,cellular,4,jul,1,181,2,failure,1,young
management,married,tertiary,no,1966,no,no,cellular,29,may,2,-1,0,unknown,0,young
entrepreneur,single,tertiary,no,139,yes,no,cellular,15,may,6,-1,0,unknown,1,young
retired,single,primary,no,0,yes,no,unknown,3,jun,3,-1,0,unknown,0,young
services,married,secondary,no,-17,yes,yes,unknown,7,may,1,-1,0,unknown,0,young
blue-collar,married,primary,no,3292,no,no,unknown,18,may,11,-1,0,unknown,0,older
management,single,tertiary,no,10835,yes,no,cellular,29,may,1,191,2,failure,0,young
management,married,tertiary,no,5003,yes,no,cellular,31,jul,2,-1,0,unknown,0,young
management,married,secondary,no,512,yes,no,unknown,7,jun,2,-1,0,unknown,0,older
retired,married,secondary,no,2931,no,no,cellular,1,aug,2,181,6,failure,0,older
blue-collar,divorced,primary,no,1148,yes,no,unknown,17,may,1,-1,0,unknown,0,older
technician,married,tertiary,no,4433,no,no,cellular,27,feb,2,248,2,other,0,young
technician,single,secondary,no,114,yes,no,cellular,16,jul,1,-1,0,unknown,0,young
management,married,tertiary,no,0,no,yes,unknown,7,jun,2,-1,0,unknown,0,older
unemployed,married,secondary,no,76,no,no,cellular,9,nov,3,-1,0,unknown,0,older
entrepreneur,married,secondary,no,912,yes,no,telephone,13,may,1,193,3,failure,0,young
blue-collar,married,primary,no,-243,yes,yes,unknown,10,may,1,-1,0,unknown,0,older
management,married,secondary,no,124,yes,no,unknown,18,may,1,-1,0,unknown,0,older
unemployed,divorced,primary,no,6500,yes,yes,cellular,17,may,1,188,2,failure,1,older
management,divorced,tertiary,no,13371,yes,no,cellular,13,jul,3,360,1,other,1,young
retired,single,tertiary,no,1067,no,yes,cellular,30,aug,13,-1,0,unknown,0,young
technician,married,secondary,no,0,no,yes,cellular,20,dec,6,-1,0,unknown,0,older
admin.,married,secondary,no,3048,yes,yes,unknown,3,jun,5,-1,0,unknown,0,young
management,married,secondary,no,6101,yes,no,unknown,7,may,2,-1,0,unknown,0,older
technician,married,unknown,no,264,yes,no,telephone,31,jul,8,-1,0,unknown,0,older
unknown,married,secondary,no,65,no,no,unknown,11,jan,1,-1,0,unknown,0,older
services,married,primary,no,0,yes,yes,cellular,8,jul,5,-1,0,unknown,0,young
technician,married,secondary,no,810,no,yes,cellular,9,feb,4,-1,0,unknown,0,older
technician,divorced,secondary,no,199,yes,yes,telephone,18,may,2,154,5,failure,0,older
technician,single,secondary,no,815,no,no,cellular,28,aug,5,-1,0,unknown,0,young
retired,married,tertiary,no,2266,no,no,cellular,20,nov,1,552,2,failure,1,older
blue-collar,married,secondary,no,4183,yes,no,cellular,12,may,1,-1,0,unknown,0,older
technician,married,secondary,no,107,yes,no,unknown,13,may,2,-1,0,unknown,0,young
services,married,secondary,no,242,no,no,unknown,13,may,2,-1,0,unknown,0,older
technician,divorced,tertiary,no,33,no,no,cellular,6,aug,8,-1,0,unknown,0,older
technician,married,secondary,no,492,no,no,unknown,5,may,1,-1,0,unknown,0,older
blue-collar,single,secondary,no,3267,no,no,cellular,1,jun,2,-1,0,unknown,0,young
management,married,tertiary,no,941,no,no,cellular,23,nov,2,-1,0,unknown,0,young
student,married,secondary,no,0,yes,no,cellular,23,jul,2,-1,0,unknown,0,older
retired,single,primary,no,1632,yes,no,cellular,8,may,1,-1,0,unknown,0,older
management,single,tertiary,no,230,yes,no,cellular,29,jul,7,-1,0,unknown,0,young
admin.,married,tertiary,no,284,yes,yes,cellular,16,mar,2,413,2,failure,0,young
management,married,tertiary,no,142,yes,no,telephone,23,apr,3,200,7,other,0,young
management,married,secondary,no,416,yes,no,cellular,12,nov,2,-1,0,unknown,0,young
management,married,tertiary,no,8357,yes,no,telephone,4,feb,3,187,4,failure,0,older
technician,married,secondary,no,0,yes,no,unknown,18,may,1,-1,0,unknown,0,older
management,married,tertiary,no,7212,yes,no,unknown,30,may,1,-1,0,unknown,0,young
blue-collar,single,unknown,no,924,no,no,cellular,21,nov,2,197,3,failure,0,young
management,married,primary,no,2072,yes,no,cellular,18,apr,1,-1,0,unknown,0,young
services,married,tertiary,no,202,no,no,unknown,20,may,3,-1,0,unknown,0,older
technician,married,secondary,no,0,no,no,cellular,19,mar,4,-1,0,unknown,0,young
management,single,tertiary,no,156,no,no,cellular,19,aug,2,-1,0,unknown,1,young
blue-collar,married,primary,no,405,yes,no,cellular,11,may,1,-1,0,unknown,0,young
blue-collar,divorced,primary,no,184,no,no,cellular,22,may,1,-1,0,unknown,0,older
management,single,tertiary,no,3364,no,no,cellular,12,oct,1,761,2,success,1,young
technician,married,secondary,no,1044,no,no,cellular,12,may,2,-1,0,unknown,0,older
management,married,secondary,no,5288,yes,no,unknown,4,mar,1,-1,0,unknown,0,young
management,married,tertiary,yes,-135,no,yes,cellular,12,jul,1,-1,0,unknown,0,older
blue-collar,single,secondary,no,-385,yes,yes,cellular,22,jun,1,-1,0,unknown,0,young
blue-collar,married,primary,no,0,no,no,cellular,6,aug,3,-1,0,unknown,0,older
blue-collar,married,primary,no,269,no,no,cellular,9,aug,1,185,6,success,1,older
blue-collar,married,secondary,no,151,yes,no,cellular,20,aug,3,-1,0,unknown,0,young
blue-collar,married,primary,no,584,no,no,telephone,9,feb,5,-1,0,unknown,0,older
blue-collar,married,secondary,no,1773,no,no,cellular,16,may,1,-1,0,unknown,0,young
blue-collar,married,secondary,no,800,yes,no,cellular,20,apr,3,208,2,failure,0,young
technician,single,secondary,no,67,yes,yes,unknown,27,may,1,-1,0,unknown,0,young
management,single,tertiary,no,3855,yes,yes,unknown,26,may,2,-1,0,unknown,0,young
management,divorced,tertiary,no,117,yes,no,cellular,22,jul,2,-1,0,unknown,0,older
management,single,tertiary,no,436,yes,yes,cellular,20,jul,1,-1,0,unknown,0,young
management,married,secondary,no,1176,yes,no,unknown,30,may,1,-1,0,unknown,0,older
admin.,married,secondary,no,5847,yes,no,unknown,12,may,1,-1,0,unknown,0,older
technician,married,secondary,no,240,no,no,cellular,25,apr,1,-1,0,unknown,1,young
admin.,single,tertiary,no,198,no,no,cellular,16,jan,1,-1,0,unknown,0,young
technician,married,secondary,no,178,no,no,cellular,21,aug,1,-1,0,unknown,0,older
management,single,tertiary,no,18,no,no,cellular,10,jul,5,-1,0,unknown,1,older
student,married,primary,no,6,no,no,cellular,16,apr,1,-1,0,unknown,0,young
blue-collar,married,secondary,no,99,yes,no,cellular,15,apr,3,264,2,other,0,young
technician,single,secondary,no,114,no,no,cellular,8,jul,1,110,1,success,0,young
blue-collar,married,primary,no,4892,yes,no,unknown,26,may,2,-1,0,unknown,0,young
self-employed,single,secondary,no,3353,yes,no,cellular,12,may,4,-1,0,unknown,0,young
unknown,single,tertiary,no,2,no,no,cellular,30,apr,1,-1,0,unknown,1,young
blue-collar,married,secondary,no,729,yes,no,cellular,24,apr,1,184,2,failure,1,young
technician,married,secondary,no,359,yes,no,unknown,27,may,1,-1,0,unknown,0,young
blue-collar,married,secondary,no,1277,no,no,cellular,27,feb,6,-1,0,unknown,0,older
technician,married,secondary,no,617,yes,no,cellular,17,feb,2,-1,0,unknown,0,older
technician,married,secondary,no,0,no,yes,cellular,26,dec,3,-1,0,unknown,0,older
entrepreneur,married,secondary,no,9,yes,yes,cellular,30,jul,2,-1,0,unknown,0,older
services,married,tertiary,no,8023,yes,no,cellular,18,jul,10,-1,0,unknown,0,older
technician,married,secondary,no,850,no,no,cellular,30,jul,2,-1,0,unknown,0,older
management,single,secondary,no,51134,no,no,cellular,23,may,3,-1,0,unknown,1,young
blue-collar,married,secondary,no,419,yes,no,cellular,23,nov,1,-1,0,unknown,0,young
blue-collar,married,secondary,no,3687,no,no,unknown,5,jun,2,-1,0,unknown,0,young
management,married,tertiary,no,436,yes,no,unknown,4,jun,2,-1,0,unknown,0,young
services,married,primary,no,397,no,no,cellular,16,nov,1,-1,0,unknown,0,older
management,divorced,primary,no,571,yes,no,cellular,20,nov,1,-1,0,unknown,0,older
blue-collar,married,secondary,no,72,yes,no,unknown,21,may,2,-1,0,unknown,0,older
blue-collar,married,primary,no,392,no,no,cellular,23,nov,2,333,4,failure,0,young
services,married,primary,no,891,no,no,unknown,13,may,1,-1,0,unknown,0,older
services,divorced,secondary,no,263,yes,no,telephone,11,jul,5,-1,0,unknown,0,older
services,divorced,tertiary,yes,-492,yes,no,unknown,8,may,2,-1,0,unknown,1,young
management,married,tertiary,no,190,no,yes,cellular,9,dec,2,-1,0,unknown,0,older
technician,single,secondary,no,3632,no,no,cellular,30,aug,1,102,7,other,1,young
technician,divorced,secondary,no,5312,yes,no,unknown,27,may,3,-1,0,unknown,0,older
student,married,tertiary,no,1737,no,no,cellular,18,aug,1,-1,0,unknown,0,older
services,married,secondary,no,1818,no,yes,cellular,18,aug,3,-1,0,unknown,0,young
blue-collar,married,primary,no,0,yes,no,cellular,19,may,1,340,4,failure,0,young
technician,married,primary,no,992,no,no,cellular,29,jul,1,-1,0,unknown,0,young
technician,married,tertiary,no,333,no,no,cellular,10,aug,1,-1,0,unknown,0,older
management,single,tertiary,no,667,yes,no,cellular,16,apr,2,-1,0,unknown,0,young
technician,married,secondary,no,4421,no,yes,cellular,18,jul,1,-1,0,unknown,0,young
technician,married,secondary,no,2711,no,no,unknown,23,may,3,-1,0,unknown,0,older
management,married,tertiary,no,5827,yes,no,cellular,6,aug,1,271,2,success,0,young
blue-collar,married,tertiary,no,727,no,yes,cellular,16,may,1,93,1,success,1,young
technician,married,primary,no,539,no,yes,cellular,2,mar,7,-1,0,unknown,0,older
admin.,married,secondary,no,0,no,no,cellular,27,dec,5,246,1,failure,1,young
technician,divorced,secondary,no,873,no,yes,cellular,17,nov,3,-1,0,unknown,1,older
technician,single,tertiary,no,269,yes,no,cellular,13,nov,1,-1,0,unknown,0,young
blue-collar,married,secondary,no,58,yes,no,unknown,5,may,1,-1,0,unknown,0,older
technician,single,tertiary,no,1999,no,no,cellular,16,aug,2,-1,0,unknown,0,young
housemaid,married,tertiary,no,715,yes,no,cellular,22,nov,12,179,5,failure,1,older
blue-collar,married,secondary,no,2600,yes,yes,telephone,30,jul,2,-1,0,unknown,0,older
management,married,tertiary,no,1353,yes,no,unknown,5,jun,3,-1,0,unknown,0,older
management,married,tertiary,no,5,yes,no,unknown,9,may,2,-1,0,unknown,0,older
admin.,married,secondary,no,288,no,no,cellular,11,jul,1,271,4,failure,1,older
technician,single,secondary,no,0,no,no,cellular,8,aug,2,-1,0,unknown,0,young
technician,married,tertiary,no,48,no,no,cellular,31,aug,2,-1,0,unknown,0,young
management,married,secondary,no,1300,no,no,cellular,1,jul,2,181,1,success,1,older
retired,single,tertiary,no,1925,yes,no,cellular,20,jan,3,-1,0,unknown,0,young
blue-collar,married,primary,no,13113,yes,no,cellular,19,jul,2,-1,0,unknown,0,young
blue-collar,married,primary,no,433,yes,no,cellular,2,feb,1,153,4,failure,0,older
blue-collar,married,secondary,no,1805,yes,no,cellular,21,jul,8,-1,0,unknown,0,young
housemaid,married,tertiary,no,1802,yes,yes,cellular,23,nov,2,94,3,success,0,young
technician,married,primary,no,110,no,no,cellular,23,may,1,-1,0,unknown,0,young
technician,married,tertiary,no,22,yes,yes,cellular,21,may,1,238,2,failure,0,young
services,divorced,tertiary,no,2144,yes,no,unknown,13,may,2,-1,0,unknown,0,older
unemployed,divorced,secondary,no,5304,yes,no,unknown,30,may,2,-1,0,unknown,0,young
management,married,primary,no,957,no,no,cellular,13,aug,1,-1,0,unknown,1,older
technician,married,secondary,no,372,yes,no,cellular,12,may,1,-1,0,unknown,0,young
technician,single,secondary,no,0,no,no,cellular,14,aug,2,-1,0,unknown,0,young
blue-collar,divorced,unknown,no,328,yes,no,telephone,22,jan,2,-1,0,unknown,0,young
management,married,unknown,no,7,yes,yes,telephone,13,jun,2,206,2,other,1,older
management,married,tertiary,no,141,no,no,cellular,6,aug,2,283,3,failure,0,older
blue-collar,married,primary,no,3580,yes,yes,unknown,29,may,2,-1,0,unknown,0,young
management,married,primary,no,5041,no,no,telephone,20,apr,3,292,2,failure,0,older
management,married,tertiary,no,171,yes,no,cellular,3,sep,1,-1,0,unknown,1,older
technician,divorced,secondary,no,215,no,no,telephone,5,feb,2,-1,0,unknown,0,older
management,single,tertiary,no,24,no,no,cellular,5,jul,1,-1,0,unknown,0,young
blue-collar,married,secondary,no,61,yes,no,unknown,5,may,1,-1,0,unknown,0,young
technician,single,secondary,no,424,no,no,unknown,13,jun,1,-1,0,unknown,0,young
blue-collar,married,secondary,no,483,no,no,telephone,27,aug,5,-1,3,success,0,older
blue-collar,divorced,secondary,no,3333,yes,no,telephone,30,jun,1,188,1,other,0,older
admin.,married,primary,no,-8,yes,no,telephone,29,jul,4,-1,0,unknown,0,young
admin.,married,secondary,no,279,yes,no,unknown,8,may,3,-1,0,unknown,0,older
technician,married,secondary,no,143,yes,no,cellular,28,jul,3,-1,0,unknown,0,older
blue-collar,married,primary,no,115,yes,no,unknown,15,may,1,-1,0,unknown,0,young
self-employed,married,tertiary,no,2889,yes,no,unknown,8,jul,1,-1,0,unknown,0,older
admin.,married,secondary,no,310,no,no,cellular,21,may,5,-1,0,unknown,0,older
technician,married,secondary,no,295,no,no,telephone,30,jul,39,-1,0,unknown,0,older
blue-collar,married,secondary,no,2568,no,no,cellular,11,nov,1,437,1,failure,0,young
admin.,single,secondary,no,151,yes,no,unknown,4,may,3,-1,0,unknown,0,older
blue-collar,married,secondary,no,15,yes,no,cellular,30,jul,18,-1,0,unknown,0,older
blue-collar,married,secondary,no,1788,yes,no,unknown,15,may,4,-1,0,unknown,0,older
blue-collar,married,secondary,no,508,yes,no,cellular,18,may,8,-1,0,unknown,0,young
technician,divorced,secondary,no,0,yes,no,cellular,27,jul,2,-1,0,unknown,0,older
blue-collar,divorced,secondary,no,377,yes,no,cellular,4,aug,1,183,1,failure,0,young
retired,divorced,primary,no,56,yes,no,unknown,7,may,1,-1,0,unknown,0,young
blue-collar,married,secondary,no,4717,no,no,cellular,11,apr,2,-1,0,unknown,0,young
management,married,unknown,no,5275,no,no,cellular,20,sep,2,181,3,failure,0,older
management,single,tertiary,no,126,no,no,cellular,31,jul,5,-1,0,unknown,0,young
technician,married,secondary,no,9,no,no,cellular,28,feb,1,-1,0,unknown,1,young
technician,married,secondary,no,-693,yes,no,telephone,8,may,3,393,6,other,0,older
blue-collar,divorced,secondary,no,58,yes,no,cellular,12,may,1,-1,0,unknown,0,young
management,married,tertiary,no,-372,yes,no,unknown,16,jun,1,-1,0,unknown,0,older
blue-collar,single,primary,no,-323,yes,no,cellular,15,may,2,-1,0,unknown,0,young
technician,married,primary,no,1904,yes,yes,cellular,4,jan,1,174,4,failure,0,older
admin.,single,secondary,no,1613,yes,no,cellular,11,apr,4,-1,0,unknown,0,older
technician,married,secondary,no,28,yes,no,unknown,6,may,1,-1,0,unknown,0,young
unemployed,married,primary,no,355,no,no,unknown,5,jul,2,-1,0,unknown,0,older
admin.,single,tertiary,no,502,no,no,cellular,24,jan,4,-1,0,unknown,0,young
technician,married,secondary,no,99,no,no,cellular,27,aug,7,-1,0,unknown,0,young
student,single,tertiary,no,1163,no,no,unknown,2,jul,2,-1,0,unknown,0,young
management,married,tertiary,no,-91,yes,no,telephone,5,jul,3,-1,0,unknown,0,older
blue-collar,single,secondary,no,126,no,yes,cellular,31,jul,2,-1,0,unknown,0,young
unknown,married,tertiary,no,59649,no,no,unknown,31,sep,1,850,55,failure,1,young
management,married,secondary,no,609,no,no,cellular,20,may,6,-1,0,unknown,0,young
management,married,tertiary,no,3813,no,no,cellular,6,jun,1,102,1,failure,0,young
management,single,tertiary,no,3698,yes,no,cellular,21,apr,1,-1,0,unknown,0,young
services,married,secondary,no,2828,yes,no,cellular,21,nov,2,-1,0,unknown,0,young
technician,married,secondary,no,6450,no,yes,cellular,21,may,2,-1,0,unknown,0,older
admin.,single,secondary,no,8228,yes,no,cellular,13,jul,1,190,2,failure,0,young
admin.,married,tertiary,no,656,no,yes,cellular,31,jul,3,-1,0,unknown,0,young
technician,single,secondary,no,331,no,no,cellular,15,aug,4,-1,0,unknown,0,young
blue-collar,married,secondary,no,436,no,no,cellular,9,mar,6,-1,0,unknown,0,young
management,divorced,tertiary,no,1827,yes,no,cellular,1,mar,3,-1,0,unknown,0,older
admin.,divorced,tertiary,no,965,yes,no,cellular,28,aug,2,-1,0,unknown,0,older
blue-collar,married,primary,no,173,yes,no,cellular,19,may,4,371,9,failure,0,young
management,married,secondary,no,743,no,no,cellular,25,nov,1,-1,0,unknown,0,older
admin.,married,secondary,no,1117,yes,no,cellular,6,may,1,-1,0,unknown,1,young
technician,married,tertiary,no,79,yes,no,cellular,22,apr,1,-1,0,unknown,0,older
blue-collar,single,secondary,no,1055,no,no,cellular,21,jul,1,-1,0,unknown,0,young
technician,married,secondary,no,120,no,yes,cellular,11,aug,2,-1,0,unknown,0,young
services,married,primary,no,0,yes,yes,cellular,14,may,3,-1,0,unknown,0,young
technician,single,secondary,no,-643,no,no,cellular,12,jan,2,-1,0,unknown,0,young
blue-collar,married,secondary,no,144,no,no,cellular,4,aug,1,-1,0,unknown,0,young
admin.,married,secondary,no,137,no,no,cellular,26,dec,5,-1,0,unknown,0,young
management,married,secondary,no,21,no,yes,cellular,26,feb,2,-1,0,unknown,0,older
admin.,married,secondary,no,213,no,no,cellular,14,aug,6,-1,0,unknown,0,older
admin.,married,tertiary,no,674,no,no,cellular,8,nov,1,144,2,success,0,young
management,married,tertiary,no,6253,no,no,unknown,21,jun,2,-1,0,unknown,0,older
blue-collar,married,primary,no,1951,no,no,cellular,18,nov,1,-1,0,unknown,0,older
management,married,tertiary,yes,0,no,yes,cellular,20,aug,22,-1,0,unknown,0,older
blue-collar,married,secondary,no,95,no,no,unknown,17,sep,1,-1,0,unknown,1,older
management,married,tertiary,no,3552,yes,no,unknown,7,may,1,-1,0,unknown,1,young
admin.,single,secondary,no,8,yes,no,cellular,16,apr,2,349,1,other,0,young
technician,married,secondary,no,87,no,no,cellular,31,jul,5,-1,0,unknown,0,young
services,divorced,primary,no,2853,no,no,cellular,27,sep,2,247,1,success,1,older
technician,married,secondary,no,90,no,no,cellular,19,aug,1,-1,0,unknown,0,older
admin.,divorced,secondary,no,0,yes,no,cellular,17,may,1,-1,0,unknown,0,older
management,divorced,tertiary,no,1573,yes,no,unknown,19,may,1,-1,0,unknown,1,young
blue-collar,married,secondary,no,226,no,no,cellular,29,feb,2,-1,0,unknown,0,young
student,divorced,tertiary,no,5951,no,no,cellular,23,jan,1,-1,0,unknown,0,older
technician,married,secondary,no,455,yes,no,cellular,15,may,1,-1,0,unknown,0,older
technician,single,secondary,no,28,yes,no,cellular,4,may,1,345,1,failure,0,young
management,married,primary,no,690,yes,no,cellular,13,feb,1,350,1,failure,0,young
technician,married,secondary,no,848,no,no,cellular,7,may,2,-1,0,unknown,1,young
blue-collar,single,secondary,no,5,yes,no,unknown,5,may,1,-1,0,unknown,0,young
admin.,married,secondary,no,323,no,no,telephone,14,jul,2,-1,0,unknown,0,older
retired,divorced,secondary,no,5046,yes,no,cellular,12,may,1,-1,0,unknown,0,older
blue-collar,married,primary,no,2901,yes,no,cellular,20,jul,3,-1,0,unknown,0,young
technician,married,secondary,no,7,yes,no,cellular,8,may,6,259,4,other,0,young
management,single,tertiary,no,-277,no,no,cellular,13,nov,2,-1,0,unknown,0,young
blue-collar,married,secondary,no,-1,no,no,cellular,9,jul,1,172,1,failure,1,older
management,married,tertiary,no,2977,yes,no,cellular,26,may,2,-1,0,unknown,1,older
management,married,tertiary,no,7036,yes,no,cellular,9,may,2,-1,2,failure,0,young
management,married,tertiary,no,1593,yes,no,unknown,12,may,19,-1,0,unknown,0,young
admin.,married,secondary,no,9028,no,no,unknown,28,jun,2,-1,0,unknown,0,young
management,single,tertiary,no,4378,no,no,cellular,1,aug,1,-1,0,unknown,1,young
technician,married,secondary,no,208,no,no,cellular,16,aug,5,-1,0,unknown,0,older
student,married,secondary,no,-124,yes,no,unknown,6,jun,1,-1,0,unknown,0,young
blue-collar,married,secondary,no,4982,yes,yes,unknown,8,may,5,-1,0,unknown,0,older
blue-collar,married,primary,no,0,yes,no,cellular,18,apr,1,-1,0,unknown,0,older
technician,married,tertiary,no,3255,no,no,unknown,5,may,3,-1,0,unknown,0,young
management,married,tertiary,no,-339,no,yes,cellular,31,jan,2,-1,0,unknown,0,older
services,married,secondary,no,-54,yes,no,unknown,16,may,1,-1,0,unknown,0,young
blue-collar,married,secondary,no,-287,yes,no,cellular,16,jan,3,-1,0,unknown,0,older
services,married,tertiary,no,148,no,no,cellular,8,aug,2,-1,0,unknown,0,older
blue-collar,single,primary,no,1880,no,no,cellular,21,oct,2,118,5,success,1,older
technician,divorced,tertiary,no,130,no,no,cellular,17,feb,2,-1,0,unknown,0,young
management,married,tertiary,no,1576,yes,no,cellular,18,jul,1,-1,0,unknown,0,young
technician,divorced,primary,no,0,yes,no,unknown,11,may,2,-1,0,unknown,0,older
retired,married,tertiary,no,60,no,no,cellular,27,aug,2,-1,0,unknown,0,older
management,married,secondary,no,393,no,no,cellular,6,sep,1,-1,0,unknown,0,older
management,married,tertiary,no,31,yes,no,unknown,6,may,2,-1,0,unknown,0,young
management,married,tertiary,no,712,yes,yes,cellular,6,aug,2,-1,0,unknown,0,older
services,single,secondary,no,875,no,no,cellular,2,aug,9,-1,0,unknown,0,young
management,married,tertiary,no,25,no,no,cellular,4,aug,1,-1,0,unknown,0,older
student,single,tertiary,no,288,yes,no,unknown,10,may,1,-1,0,unknown,0,young
blue-collar,married,secondary,no,46,yes,no,cellular,28,jan,2,-1,0,unknown,0,older
blue-collar,married,primary,no,363,yes,no,cellular,14,apr,2,194,2,failure,0,older
technician,married,secondary,no,566,yes,no,cellular,15,nov,1,2,3,success,0,older
technician,single,unknown,no,167,no,no,cellular,26,apr,2,186,2,success,1,young
technician,married,secondary,yes,-250,yes,yes,cellular,14,jul,3,-1,0,unknown,0,older
self-employed,single,tertiary,no,4977,yes,no,cellular,6,jul,3,180,1,success,1,young
services,single,secondary,no,4424,no,no,cellular,14,aug,1,-1,0,unknown,0,older
admin.,married,secondary,no,19,yes,no,cellular,14,may,2,323,10,failure,0,older
retired,single,secondary,no,1923,no,no,cellular,20,jul,1,-1,0,unknown,0,young
admin.,single,secondary,no,535,yes,yes,cellular,8,jan,1,-1,0,unknown,0,young
blue-collar,married,secondary,no,235,yes,yes,cellular,4,feb,3,379,2,other,0,young
student,single,secondary,no,158,yes,no,unknown,6,mar,8,-1,0,unknown,0,young
blue-collar,married,primary,no,489,no,no,telephone,25,jan,3,-1,0,unknown,0,young
technician,single,secondary,no,-1160,no,yes,cellular,27,aug,8,-1,0,unknown,0,young
services,single,secondary,no,0,yes,no,unknown,20,may,1,-1,0,unknown,0,young
unemployed,single,secondary,no,0,yes,no,cellular,18,nov,2,-1,0,unknown,0,young
management,married,secondary,no,-649,no,no,cellular,23,feb,1,-1,0,unknown,0,older
management,married,tertiary,no,14,no,no,cellular,18,aug,2,-1,0,unknown,0,young
blue-collar,married,primary,no,643,no,no,cellular,25,nov,39,-1,0,unknown,0,older
management,single,tertiary,no,2366,yes,no,cellular,12,may,6,206,33,other,0,older
self-employed,divorced,secondary,no,0,yes,no,cellular,20,aug,1,-1,0,unknown,0,older
technician,single,secondary,no,1039,no,no,cellular,19,nov,2,-1,0,unknown,0,young
management,single,tertiary,no,-345,yes,no,cellular,3,may,1,349,2,other,0,young
admin.,single,secondary,no,-118,yes,no,unknown,20,may,1,-1,0,unknown,0,older
technician,divorced,secondary,no,2630,no,no,cellular,21,aug,3,-1,0,unknown,1,older
management,single,tertiary,no,890,yes,no,cellular,12,may,4,-1,0,unknown,0,young
technician,married,secondary,no,1078,no,no,cellular,19,feb,4,-1,0,unknown,0,older
management,married,secondary,no,0,no,no,unknown,30,may,1,-1,0,unknown,0,young
blue-collar,single,secondary,no,2407,yes,no,unknown,18,may,3,-1,0,unknown,1,young
unknown,married,secondary,no,2526,no,no,cellular,11,nov,3,91,2,failure,0,young
technician,married,secondary,no,123,yes,no,unknown,22,may,2,-1,0,unknown,0,young
technician,married,secondary,no,23126,no,no,cellular,18,apr,1,278,4,other,0,older
technician,married,secondary,no,-76,yes,no,unknown,4,may,2,-1,0,unknown,0,older
blue-collar,divorced,primary,no,90,yes,no,unknown,4,may,2,-1,0,unknown,0,older
blue-collar,married,secondary,no,357,yes,no,telephone,13,may,7,269,6,other,0,older
admin.,married,secondary,no,1841,yes,no,unknown,29,may,1,-1,0,unknown,0,young
blue-collar,married,secondary,no,2,no,no,unknown,13,may,2,-1,0,unknown,0,young
blue-collar,single,secondary,no,489,yes,no,unknown,20,may,1,-1,0,unknown,0,young
management,married,tertiary,no,880,no,no,cellular,9,nov,5,271,2,success,0,older
management,married,tertiary,no,1274,no,no,cellular,25,jul,1,-1,0,unknown,0,older
technician,married,secondary,no,-11,no,yes,cellular,21,aug,3,-1,0,unknown,0,young
services,single,tertiary,no,319,no,no,cellular,6,apr,1,-1,0,unknown,0,young
technician,single,secondary,no,121,no,no,cellular,13,aug,3,-1,0,unknown,0,older
admin.,married,secondary,no,0,no,yes,cellular,8,jul,2,-1,0,unknown,0,older
admin.,single,secondary,no,111,yes,no,cellular,9,apr,1,-1,0,unknown,0,young
services,married,unknown,no,42,yes,no,cellular,18,sep,1,301,4,failure,0,young
blue-collar,single,primary,no,2373,yes,no,unknown,11,jun,7,-1,0,unknown,0,young
technician,married,secondary,no,-148,yes,no,cellular,2,jul,2,-1,0,unknown,0,young
blue-collar,married,secondary,no,0,yes,no,cellular,12,may,1,-1,0,unknown,0,older
admin.,married,primary,no,-409,yes,no,cellular,15,may,2,-1,0,unknown,0,young
blue-collar,divorced,primary,no,280,no,yes,cellular,7,may,3,131,2,other,0,young
management,married,primary,no,45,no,no,cellular,6,may,2,-1,0,unknown,0,older
services,divorced,secondary,no,30,yes,no,unknown,8,may,1,-1,0,unknown,0,older
technician,single,tertiary,no,51,no,no,cellular,11,jan,2,-1,0,unknown,1,young
management,single,tertiary,no,543,yes,yes,cellular,22,aug,6,-1,0,unknown,0,young
management,married,tertiary,no,349,no,no,cellular,2,jul,2,-1,2,failure,0,young
technician,single,secondary,no,570,yes,no,cellular,30,jul,1,-1,0,unknown,0,young
management,single,tertiary,no,0,no,no,cellular,17,apr,1,-1,0,unknown,0,young
services,married,tertiary,no,866,no,no,cellular,14,aug,5,-1,0,unknown,0,older
admin.,married,primary,no,2403,yes,no,cellular,11,apr,2,255,2,failure,0,older
blue-collar,married,secondary,no,210,yes,no,cellular,1,aug,4,-1,0,unknown,0,young
management,married,tertiary,no,191,yes,no,cellular,2,aug,5,266,5,failure,0,older
unemployed,single,secondary,no,61,yes,no,cellular,3,may,2,-1,0,unknown,0,young
management,single,tertiary,no,154,yes,no,cellular,26,jul,1,-1,0,unknown,0,older
blue-collar,married,primary,no,-343,yes,no,unknown,4,jun,1,-1,0,unknown,0,young
technician,single,tertiary,no,1973,no,no,cellular,24,apr,1,286,2,other,0,young
services,married,primary,no,86,yes,no,unknown,13,jul,4,-1,0,unknown,0,older
blue-collar,married,unknown,no,114,yes,no,unknown,19,may,2,-1,0,unknown,0,young
blue-collar,married,secondary,no,0,yes,no,unknown,20,may,1,-1,0,unknown,1,young
technician,married,secondary,yes,-569,yes,yes,unknown,30,may,1,-1,0,unknown,0,older
technician,married,primary,no,5,yes,no,unknown,14,may,2,-1,0,unknown,0,young
management,married,tertiary,no,-621,yes,no,unknown,20,mar,3,-1,0,unknown,0,older
admin.,single,tertiary,no,948,yes,yes,cellular,13,nov,5,-1,0,unknown,0,young
blue-collar,married,primary,no,636,yes,no,unknown,2,may,1,-1,0,unknown,0,older
services,single,secondary,no,129,no,yes,cellular,28,jan,2,-1,0,unknown,0,older
technician,married,secondary,no,1354,no,no,unknown,14,jul,1,-1,0,unknown,0,older
services,divorced,secondary,no,2408,yes,no,unknown,5,jun,2,-1,0,unknown,0,older
management,single,tertiary,no,315,yes,no,unknown,9,may,4,-1,0,unknown,0,older
services,married,secondary,no,460,no,no,unknown,22,jun,2,-1,0,unknown,0,young
services,married,secondary,no,845,no,no,unknown,5,jun,1,-1,0,unknown,0,older
blue-collar,married,primary,no,0,yes,yes,unknown,8,may,1,-1,0,unknown,0,older
technician,single,tertiary,no,5301,no,no,cellular,15,apr,1,184,3,other,0,young
admin.,divorced,secondary,no,180,yes,yes,cellular,30,jul,6,-1,0,unknown,0,older
admin.,married,secondary,no,100,no,no,cellular,18,sep,3,172,1,success,1,older
technician,married,secondary,no,2,no,yes,cellular,29,jul,2,-1,0,unknown,0,young
management,married,tertiary,no,972,yes,no,unknown,12,may,7,-1,0,unknown,0,young
management,married,secondary,no,2889,no,no,unknown,3,mar,2,-1,0,unknown,0,young
technician,married,secondary,no,1,no,yes,cellular,19,jun,15,-1,0,unknown,0,older
blue-collar,single,primary,no,0,yes,no,cellular,5,feb,8,-1,0,unknown,0,young
management,divorced,primary,no,4971,yes,no,cellular,20,may,3,-1,0,unknown,0,older
student,married,tertiary,no,3811,yes,no,cellular,21,nov,2,265,1,failure,0,older
services,married,unknown,no,656,no,no,cellular,7,jul,1,264,1,success,1,young
services,married,secondary,no,1873,no,no,telephone,14,feb,3,-1,0,unknown,0,older
blue-collar,married,primary,no,-264,yes,no,unknown,12,may,2,-1,0,unknown,0,older
student,married,secondary,no,0,yes,yes,telephone,14,nov,2,-1,0,unknown,0,older
management,married,secondary,no,447,no,no,cellular,28,apr,1,224,2,failure,0,older
blue-collar,divorced,primary,no,573,yes,no,cellular,19,may,4,-1,0,unknown,0,older
technician,divorced,secondary,no,1838,yes,yes,cellular,14,may,2,-1,0,unknown,0,young
technician,divorced,secondary,no,2778,no,no,cellular,26,may,5,-1,0,unknown,0,older
services,divorced,secondary,no,5826,yes,no,cellular,11,may,4,171,2,failure,0,older
blue-collar,married,secondary,no,137,yes,no,unknown,17,may,1,-1,0,unknown,0,young
blue-collar,married,secondary,no,0,yes,no,unknown,24,may,4,-1,0,unknown,0,young
technician,married,secondary,no,1268,yes,no,unknown,17,may,5,-1,0,unknown,0,young
admin.,divorced,secondary,no,47,yes,no,cellular,25,jul,1,-1,0,unknown,0,older
student,married,secondary,no,392,yes,no,cellular,17,may,3,260,5,other,1,young
blue-collar,divorced,secondary,no,6998,yes,no,cellular,4,may,3,92,3,failure,0,young
technician,married,tertiary,no,3030,no,no,cellular,21,nov,3,-1,0,unknown,0,older
blue-collar,single,secondary,yes,157,yes,no,unknown,15,may,1,-1,0,unknown,1,young
technician,single,secondary,no,0,no,no,unknown,1,jan,1,-1,0,unknown,0,young
technician,single,secondary,no,2516,yes,yes,cellular,25,jul,3,271,2,failure,0,young
housemaid,married,primary,no,0,yes,no,telephone,5,jul,1,-1,0,unknown,0,older
management,married,tertiary,no,258,yes,yes,cellular,8,jun,1,346,5,failure,0,young
management,single,secondary,no,0,no,no,cellular,14,may,2,-1,0,unknown,1,young
unknown,married,unknown,no,192,yes,no,unknown,7,may,6,-1,0,unknown,0,older
retired,single,tertiary,no,0,yes,yes,cellular,1,jun,1,-1,0,unknown,0,young
housemaid,married,secondary,no,237,no,no,cellular,31,apr,1,-1,0,unknown,0,young
technician,married,secondary,no,355,no,no,cellular,3,aug,1,234,2,success,0,older
management,married,secondary,yes,-99,yes,no,cellular,17,jan,2,-1,0,unknown,1,young
blue-collar,married,secondary,no,934,yes,no,telephone,19,may,2,-1,0,unknown,0,older
management,married,tertiary,no,193,yes,yes,telephone,13,feb,4,-1,0,unknown,0,older
blue-collar,married,secondary,no,133,yes,no,cellular,23,feb,3,-1,0,unknown,0,young
blue-collar,single,primary,no,251,yes,no,telephone,10,feb,5,-1,0,unknown,0,young
management,married,tertiary,no,726,no,no,unknown,1,jun,1,-1,0,unknown,0,young
management,single,tertiary,no,477,no,no,unknown,16,may,1,-1,0,unknown,0,older
technician,divorced,secondary,no,959,yes,no,cellular,7,jun,1,-1,0,unknown,0,older
admin.,married,secondary,no,94,yes,no,unknown,26,may,2,-1,0,unknown,0,young
housemaid,married,primary,no,477,yes,no,unknown,15,may,9,-1,0,unknown,0,older
admin.,married,secondary,no,-8019,yes,no,unknown,31,apr,1,850,55,failure,1,older
blue-collar,married,secondary,no,1885,yes,yes,unknown,9,may,1,827,0,other,1,older
blue-collar,married,primary,no,27,yes,no,cellular,12,aug,1,-1,0,unknown,1,older
blue-collar,divorced,secondary,no,1599,yes,yes,unknown,20,may,2,-1,0,unknown,0,young
admin.,divorced,secondary,no,9,yes,no,cellular,29,jun,1,-1,0,unknown,0,young
management,married,tertiary,no,4,yes,no,cellular,8,may,2,127,4,other,0,older
admin.,single,secondary,no,331,no,no,cellular,6,may,4,-1,0,unknown,1,older
blue-collar,married,primary,no,611,no,no,cellular,5,jul,3,274,2,failure,1,young
services,single,secondary,no,-425,no,yes,cellular,29,aug,5,-1,0,unknown,0,young
management,divorced,secondary,no,9233,no,no,cellular,21,aug,1,-1,0,unknown,0,older
management,married,secondary,no,-6,no,no,cellular,24,aug,3,-1,0,unknown,0,young
technician,married,tertiary,no,530,no,no,cellular,15,jul,1,-1,0,unknown,0,older
management,married,primary,no,1359,yes,no,cellular,22,jul,1,-1,0,unknown,0,older
blue-collar,married,primary,no,1598,yes,no,unknown,17,may,4,-1,0,unknown,0,older
blue-collar,married,primary,no,1345,yes,no,unknown,17,may,4,-1,0,unknown,0,older
management,single,tertiary,no,8008,yes,no,unknown,28,may,2,-1,0,unknown,0,young
entrepreneur,married,secondary,no,681,yes,yes,unknown,6,may,9,-1,0,unknown,0,young
blue-collar,single,primary,no,331,no,yes,cellular,24,jul,1,-1,0,unknown,0,older
admin.,married,secondary,no,2915,no,no,cellular,21,aug,4,-1,0,unknown,1,older
technician,married,tertiary,no,883,yes,no,cellular,20,jul,2,-1,0,unknown,0,young
technician,married,tertiary,no,745,no,no,cellular,27,aug,4,-1,0,unknown,0,young
management,married,tertiary,no,284,no,no,telephone,17,may,2,-1,0,unknown,0,young
management,single,tertiary,no,255,no,no,cellular,28,aug,1,-1,0,unknown,0,young
admin.,married,secondary,no,1077,yes,no,unknown,11,may,2,-1,0,unknown,0,older
blue-collar,single,secondary,no,1460,yes,no,cellular,8,may,2,173,2,failure,0,young
technician,single,secondary,no,-131,no,no,cellular,9,may,1,-1,0,unknown,0,young
management,married,tertiary,no,36,yes,no,unknown,7,may,1,-1,0,unknown,0,young
services,single,secondary,no,436,no,no,cellular,18,nov,2,346,23,success,1,young
blue-collar,single,secondary,no,4339,yes,no,cellular,5,feb,7,-1,0,unknown,0,young
technician,married,tertiary,no,592,yes,no,cellular,26,jul,2,104,1,other,0,older
technician,married,tertiary,no,3319,yes,no,cellular,27,aug,10,-1,0,unknown,0,older
blue-collar,divorced,primary,no,96,yes,no,cellular,12,apr,4,349,2,other,0,older
technician,divorced,secondary,no,-309,no,yes,telephone,29,jun,7,-1,0,unknown,0,older
management,single,tertiary,no,1796,no,no,cellular,18,aug,1,-1,0,unknown,0,older
technician,single,secondary,no,-228,no,no,cellular,30,feb,2,-1,0,unknown,0,young
admin.,married,secondary,no,0,yes,yes,unknown,13,may,1,-1,0,unknown,0,older
management,single,tertiary,no,141,yes,no,unknown,14,may,1,-1,0,unknown,0,young
technician,married,secondary,no,1714,yes,no,unknown,27,may,2,-1,0,unknown,0,young
technician,divorced,secondary,no,82,yes,no,telephone,6,may,8,303,3,failure,0,older
blue-collar,divorced,primary,no,985,yes,no,cellular,11,may,3,323,3,failure,0,young
admin.,married,secondary,no,59649,yes,no,cellular,22,apr,1,-1,0,unknown,0,older
blue-collar,married,secondary,no,5,yes,no,unknown,22,may,2,-1,0,unknown,0,older
technician,single,primary,no,643,yes,yes,cellular,3,feb,4,-1,0,unknown,0,young
blue-collar,married,secondary,no,7844,no,no,cellular,15,apr,1,123,0,other,0,older
technician,divorced,primary,no,34,yes,no,unknown,6,may,8,-1,0,unknown,0,older
blue-collar,married,secondary,no,3276,yes,no,unknown,20,may,6,-1,0,unknown,0,older
admin.,single,secondary,no,31,no,no,cellular,4,aug,3,-1,0,unknown,0,young
management,married,tertiary,no,146,no,no,cellular,7,sep,1,-1,0,unknown,0,young
management,married,tertiary,no,-254,no,yes,cellular,8,aug,1,-1,0,unknown,0,older
blue-collar,married,secondary,no,272,yes,no,cellular,21,nov,1,196,1,failure,0,older
admin.,married,secondary,no,-147,yes,no,cellular,12,may,1,-1,0,unknown,0,young
management,married,tertiary,no,26,yes,no,cellular,17,nov,2,-1,0,unknown,0,older
technician,divorced,secondary,no,191,yes,no,cellular,6,may,1,-1,0,unknown,0,young
technician,married,secondary,no,251,no,no,cellular,3,aug,2,-1,2,failure,0,older
blue-collar,divorced,primary,no,264,yes,yes,cellular,12,apr,2,341,5,failure,0,older
management,married,tertiary,no,701,yes,no,unknown,11,may,1,-1,0,unknown,0,young
blue-collar,married,secondary,no,3125,yes,no,cellular,31,jul,4,-1,0,unknown,0,older
services,single,tertiary,no,25,yes,no,cellular,20,jun,1,151,1,failure,0,young
management,divorced,tertiary,no,542,no,no,telephone,15,may,8,-1,9,failure,0,older
technician,married,secondary,no,322,yes,no,cellular,9,may,1,227,4,other,0,older
blue-collar,married,primary,no,0,yes,yes,unknown,16,may,1,-1,0,unknown,0,older
blue-collar,married,primary,no,247,yes,no,cellular,10,may,3,356,2,failure,1,young
blue-collar,single,secondary,no,0,yes,yes,cellular,28,apr,2,359,1,failure,0,young
blue-collar,divorced,primary,no,372,yes,no,cellular,19,apr,2,323,3,other,0,young
management,married,tertiary,yes,182,no,no,cellular,18,jul,1,-1,0,unknown,0,older
blue-collar,married,secondary,no,1369,yes,no,cellular,20,feb,7,-1,0,unknown,0,older
admin.,divorced,secondary,no,10296,yes,no,cellular,16,nov,1,-1,0,unknown,0,young
management,single,tertiary,no,1611,no,no,cellular,30,jul,2,-1,0,unknown,0,young
admin.,married,secondary,no,-115,yes,yes,unknown,26,may,8,-1,0,unknown,0,young
management,single,secondary,no,158,yes,yes,cellular,20,nov,1,184,3,failure,0,young
blue-collar,married,secondary,no,128,yes,no,cellular,14,feb,2,-1,0,unknown,0,older
admin.,married,secondary,no,931,yes,no,cellular,13,apr,1,87,4,failure,0,older
admin.,married,secondary,no,1115,yes,no,unknown,28,may,6,-1,0,unknown,0,young
admin.,married,secondary,no,370,no,no,cellular,16,aug,3,-1,0,unknown,0,young
management,married,primary,no,-24,yes,yes,cellular,6,may,1,343,3,failure,0,young
services,single,tertiary,no,5692,yes,no,cellular,18,oct,1,106,0,success,0,older
management,married,tertiary,no,197,yes,no,cellular,4,feb,1,-1,0,unknown,0,older
management,single,tertiary,no,0,no,no,cellular,23,nov,1,-1,0,unknown,0,older
management,single,tertiary,no,0,no,no,unknown,5,jul,1,-1,0,unknown,0,young
self-employed,married,secondary,no,-91,yes,no,cellular,19,aug,8,-1,0,unknown,0,young
management,married,tertiary,no,220,yes,yes,cellular,15,aug,3,-1,0,unknown,0,older
blue-collar,divorced,secondary,no,500,no,no,cellular,21,aug,1,-1,0,unknown,0,older
retired,single,secondary,no,1102,no,no,cellular,12,jan,6,-1,0,unknown,0,young
management,married,tertiary,no,1255,yes,no,cellular,8,may,1,264,1,failure,0,young
blue-collar,married,primary,no,-451,no,no,cellular,16,jul,1,-1,0,unknown,0,older
technician,divorced,secondary,no,34,yes,yes,unknown,17,may,1,-1,0,unknown,0,older
management,married,tertiary,no,779,no,no,unknown,3,jan,5,-1,0,unknown,1,young
management,single,tertiary,no,923,no,no,cellular,4,may,1,103,2,failure,0,young
management,single,tertiary,no,1612,yes,no,cellular,28,may,2,-1,0,unknown,0,young
services,single,secondary,no,809,no,no,cellular,7,feb,1,-1,0,unknown,1,young
management,divorced,tertiary,no,11,no,no,telephone,10,dec,5,-1,0,unknown,0,older
management,single,tertiary,no,-459,yes,no,cellular,3,may,2,-1,0,unknown,1,older
management,single,tertiary,no,157,no,no,cellular,20,aug,2,-1,0,unknown,0,older
admin.,divorced,secondary,no,69,no,no,cellular,1,sep,1,275,4,other,0,young
technician,single,secondary,no,3712,no,no,unknown,26,may,1,-1,0,unknown,0,young
admin.,single,secondary,no,85,no,yes,cellular,10,jul,2,-1,0,unknown,0,young
technician,married,secondary,no,3026,no,no,unknown,4,jun,2,-1,0,unknown,0,young
management,married,secondary,no,1523,yes,no,cellular,13,may,2,162,2,success,0,young
student,married,tertiary,no,1258,yes,no,cellular,2,jul,1,104,1,failure,0,older
blue-collar,married,unknown,no,6420,no,no,unknown,6,jul,3,-1,0,unknown,0,older
technician,married,secondary,no,787,yes,no,cellular,21,feb,2,-1,0,unknown,0,older
technician,married,tertiary,no,2037,no,no,cellular,19,jul,1,-1,0,unknown,0,older
blue-collar,married,secondary,no,173,yes,no,cellular,14,may,3,368,1,failure,0,older
blue-collar,single,secondary,no,1100,yes,yes,cellular,8,may,1,-1,0,unknown,1,young
retired,married,tertiary,no,983,yes,yes,cellular,13,jan,2,-1,0,unknown,0,older
technician,single,secondary,no,1027,no,yes,cellular,28,jul,1,265,1,other,0,young
admin.,single,secondary,no,713,no,yes,cellular,11,aug,6,-1,0,unknown,0,young
management,married,tertiary,no,262,no,no,cellular,14,jul,3,165,1,failure,0,young
blue-collar,married,primary,no,2325,no,no,unknown,28,may,1,-1,0,unknown,0,older
blue-collar,married,secondary,no,880,no,no,cellular,4,aug,2,-1,0,unknown,0,older
management,single,tertiary,no,28,no,no,cellular,17,jun,1,-1,0,unknown,0,young
blue-collar,married,secondary,no,748,yes,no,cellular,8,apr,2,254,5,failure,0,young
technician,divorced,secondary,no,753,no,no,cellular,5,aug,4,-1,0,unknown,0,older
blue-collar,divorced,primary,no,337,yes,yes,cellular,15,apr,2,189,4,failure,0,young
management,married,tertiary,no,52068,yes,no,telephone,13,nov,2,368,2,success,1,older
technician,single,secondary,no,172,yes,no,unknown,30,jun,1,-1,0,unknown,0,young
management,married,tertiary,no,-28,yes,no,cellular,21,apr,2,-1,3,failure,0,older
technician,married,secondary,no,0,yes,yes,cellular,9,jul,4,-1,0,unknown,0,young
blue-collar,married,secondary,no,1352,yes,yes,cellular,30,jul,2,-1,0,unknown,0,young
technician,divorced,unknown,no,206,no,no,unknown,17,may,1,-1,0,unknown,0,older
technician,married,secondary,no,96,yes,no,unknown,29,may,3,-1,0,unknown,0,older
services,married,secondary,no,2064,no,no,cellular,25,jul,1,-1,0,unknown,0,young
management,married,secondary,no,117,no,no,telephone,19,jul,1,327,2,other,0,young
blue-collar,single,secondary,no,778,no,no,cellular,8,jul,2,-1,0,unknown,0,young
housemaid,married,tertiary,no,728,yes,no,unknown,28,may,1,-1,0,unknown,0,young
blue-collar,married,primary,no,145,yes,yes,cellular,18,nov,1,-1,0,unknown,0,young
technician,divorced,secondary,no,383,yes,no,cellular,19,jan,1,175,2,failure,0,young
management,married,tertiary,no,8470,no,no,cellular,13,feb,2,-1,0,unknown,0,young
blue-collar,married,primary,no,0,yes,no,unknown,21,may,2,-1,0,unknown,0,young
management,married,tertiary,no,2415,no,no,cellular,9,jun,6,-1,4,failure,0,young
student,divorced,tertiary,no,129,yes,yes,cellular,11,apr,2,257,1,failure,0,older
services,married,tertiary,no,49,yes,no,cellular,21,apr,1,-1,0,unknown,0,young
blue-collar,married,secondary,no,1351,yes,no,unknown,21,may,2,-1,0,unknown,0,older
admin.,married,tertiary,no,8121,no,no,cellular,21,jul,2,-1,0,unknown,0,older
services,married,secondary,no,1210,no,yes,cellular,26,nov,2,-1,0,unknown,0,older
technician,divorced,secondary,no,4013,yes,no,cellular,18,may,1,352,2,failure,0,older
self-employed,divorced,secondary,no,0,no,no,cellular,30,jun,2,-1,0,unknown,0,older
blue-collar,married,secondary,no,0,yes,no,cellular,19,may,2,-1,0,unknown,0,older
management,divorced,tertiary,no,776,yes,yes,cellular,20,may,3,357,2,success,0,older
services,divorced,secondary,no,0,no,no,cellular,11,may,1,-1,0,unknown,0,older
services,married,primary,no,584,no,yes,cellular,11,aug,2,-1,0,unknown,0,older
blue-collar,married,primary,no,3455,no,no,unknown,3,jun,3,-1,0,unknown,0,older
blue-collar,married,secondary,no,110,no,no,cellular,17,may,4,-1,0,unknown,0,older
technician,single,secondary,no,9850,no,yes,unknown,18,jun,1,-1,0,unknown,0,older
management,married,tertiary,no,2,yes,no,unknown,19,may,1,-1,0,unknown,0,young
admin.,divorced,primary,no,883,no,yes,cellular,20,jun,1,-1,0,unknown,0,older
blue-collar,married,secondary,no,811,no,yes,unknown,6,jun,2,-1,0,unknown,0,older
blue-collar,married,secondary,no,27,no,no,unknown,2,jul,1,-1,0,unknown,0,young
management,divorced,tertiary,no,20,no,no,cellular,30,feb,4,-1,0,unknown,0,older
management,divorced,secondary,no,145,yes,no,cellular,20,nov,1,-1,0,unknown,0,older
blue-collar,married,unknown,no,-322,yes,no,unknown,18,may,1,-1,0,unknown,0,older
retired,married,tertiary,no,0,no,yes,cellular,28,aug,2,-1,0,unknown,0,older
admin.,single,secondary,no,594,yes,yes,unknown,28,may,3,-1,0,unknown,0,young
technician,married,tertiary,no,344,yes,no,unknown,25,may,8,-1,0,unknown,0,young
management,single,secondary,no,58,yes,no,unknown,17,jun,1,-1,0,unknown,0,older
management,divorced,tertiary,no,2770,no,no,cellular,22,aug,2,-1,0,unknown,1,young
admin.,single,secondary,no,692,yes,no,cellular,22,nov,1,-1,0,unknown,0,older
admin.,married,secondary,no,88,no,no,cellular,18,nov,3,-1,0,unknown,0,young
technician,divorced,secondary,no,739,yes,no,unknown,5,may,1,-1,0,unknown,0,older
blue-collar,married,primary,no,1757,no,no,unknown,4,jul,1,-1,0,unknown,0,older
management,married,secondary,no,2309,no,no,cellular,14,jul,1,-1,0,unknown,1,older
admin.,single,secondary,no,1377,yes,no,cellular,17,jul,4,-1,0,unknown,0,young
management,divorced,primary,no,768,no,no,cellular,6,may,1,464,1,failure,0,older
management,single,tertiary,no,125,yes,yes,cellular,5,may,1,-1,0,unknown,0,young
retired,married,tertiary,no,799,no,no,unknown,20,may,2,-1,0,unknown,0,older
technician,married,secondary,no,315,no,no,cellular,25,aug,2,-1,0,unknown,0,older
admin.,divorced,secondary,no,140,no,no,cellular,2,jul,1,-1,0,unknown,0,young
technician,single,secondary,no,0,no,no,cellular,28,aug,2,-1,0,unknown,0,young
management,married,secondary,no,366,no,no,cellular,16,jan,12,369,0,failure,1,young
blue-collar,married,primary,no,-418,no,no,unknown,19,may,1,-1,0,unknown,0,older
admin.,single,tertiary,no,923,no,no,cellular,19,nov,1,-1,0,unknown,0,young
housemaid,single,primary,no,0,yes,yes,unknown,6,may,1,-1,0,unknown,0,young
blue-collar,married,tertiary,no,2531,no,no,cellular,15,apr,1,191,3,success,0,older
admin.,single,secondary,no,-414,yes,yes,cellular,11,jun,2,-1,0,unknown,0,young
admin.,single,secondary,no,0,yes,yes,cellular,18,jul,2,349,4,other,0,older
blue-collar,married,primary,no,534,no,no,cellular,10,aug,2,-1,0,unknown,0,older
blue-collar,single,secondary,no,1162,yes,no,cellular,7,jul,4,-1,0,unknown,0,young
management,married,tertiary,no,565,yes,no,cellular,15,may,1,-1,0,unknown,0,young
retired,married,tertiary,no,141,no,no,cellular,18,aug,9,-1,0,unknown,1,older
self-employed,married,secondary,no,405,no,no,cellular,11,nov,1,-1,0,unknown,0,young
blue-collar,divorced,secondary,no,0,yes,no,cellular,13,jul,1,-1,0,unknown,0,older
management,single,secondary,no,2,yes,no,cellular,5,may,1,-1,0,unknown,0,young
blue-collar,married,secondary,no,238,yes,no,unknown,14,may,1,-1,0,unknown,0,young
technician,married,tertiary,no,6523,yes,no,unknown,29,may,3,-1,0,unknown,0,young
housemaid,married,tertiary,no,782,yes,no,cellular,3,may,2,-1,0,unknown,0,young
management,married,unknown,no,-380,no,no,cellular,29,jul,5,-1,0,unknown,0,older
services,married,tertiary,no,4595,no,yes,cellular,27,feb,1,-1,0,unknown,1,older
admin.,married,secondary,no,-204,no,no,cellular,6,jul,1,-1,0,unknown,0,young
admin.,divorced,secondary,no,-122,no,yes,cellular,20,aug,2,-1,0,unknown,0,young
management,divorced,tertiary,no,20,no,no,cellular,28,aug,2,-1,0,unknown,0,young
technician,divorced,primary,no,9728,no,no,cellular,27,sep,2,-1,8,failure,0,older
blue-collar,single,secondary,no,188,yes,no,unknown,29,may,2,-1,0,unknown,0,young
management,single,tertiary,no,1536,no,no,cellular,11,aug,2,-1,0,unknown,0,older
management,married,tertiary,no,1886,no,no,telephone,15,feb,9,-1,0,unknown,0,older
blue-collar,married,secondary,yes,195,no,no,unknown,3,jun,1,-1,0,unknown,0,young
services,married,secondary,no,0,yes,no,cellular,8,jul,2,-1,0,unknown,0,older
services,single,tertiary,no,0,no,no,cellular,11,jan,2,-1,0,unknown,0,young
services,married,primary,no,0,no,no,cellular,21,apr,3,-1,0,unknown,0,older
management,single,tertiary,no,33,no,no,cellular,18,jun,2,-1,0,unknown,0,young
management,divorced,tertiary,no,-324,no,no,cellular,15,aug,1,-1,0,unknown,0,older
services,single,tertiary,no,2574,no,no,telephone,15,jul,2,-1,0,unknown,0,young
student,married,secondary,no,2665,yes,no,cellular,11,jul,2,-1,0,unknown,0,older
self-employed,single,secondary,no,2964,no,no,cellular,18,nov,3,184,3,failure,0,young
management,married,secondary,no,172,no,no,cellular,6,jul,1,91,2,failure,0,older
blue-collar,married,secondary,no,193,no,no,telephone,28,feb,6,252,3,failure,0,young
blue-collar,married,primary,no,-12,yes,no,cellular,7,may,1,322,1,other,0,older
management,divorced,tertiary,no,180,no,no,cellular,1,jul,2,-1,0,unknown,0,young
management,married,tertiary,no,-134,yes,yes,unknown,24,may,10,-1,0,unknown,0,older
unknown,single,secondary,no,6330,no,no,cellular,21,aug,1,-1,0,unknown,1,young
blue-collar,married,primary,no,3540,yes,no,cellular,7,aug,3,-1,0,unknown,0,young
retired,married,tertiary,no,-1,no,no,cellular,8,jan,1,-1,0,unknown,0,older
admin.,single,secondary,no,-137,yes,no,telephone,5,apr,3,252,1,failure,0,young
student,divorced,secondary,no,328,yes,no,cellular,8,may,2,-1,0,unknown,0,older
technician,single,secondary,no,-302,no,no,cellular,17,aug,2,-1,0,unknown,0,young
services,married,tertiary,no,74,yes,no,cellular,15,apr,1,173,3,failure,0,young
blue-collar,single,secondary,no,1520,no,yes,unknown,9,jul,2,-1,0,unknown,0,young
technician,married,secondary,no,619,yes,no,cellular,21,feb,9,-1,0,unknown,0,young
management,single,tertiary,no,200,yes,no,cellular,15,may,3,372,4,failure,0,older
blue-collar,married,primary,no,842,yes,no,cellular,15,apr,4,-1,0,unknown,0,older
admin.,single,tertiary,no,223,yes,no,unknown,17,may,1,-1,0,unknown,0,young
blue-collar,married,primary,no,745,yes,no,cellular,13,may,8,-1,0,unknown,1,older
management,married,tertiary,no,-1128,yes,no,cellular,28,jul,1,-1,0,unknown,0,older
services,divorced,tertiary,no,863,no,yes,cellular,7,may,2,-1,0,unknown,0,young
management,married,tertiary,no,193,no,no,unknown,12,sep,1,252,3,failure,0,older
blue-collar,married,primary,no,205,no,no,unknown,15,may,1,-1,0,unknown,0,older
technician,married,secondary,no,32,yes,no,unknown,11,may,1,-1,0,unknown,0,older
services,married,primary,no,1814,no,no,telephone,18,aug,7,-1,0,unknown,0,older
blue-collar,married,secondary,no,372,yes,no,unknown,5,may,1,-1,0,unknown,0,young
technician,single,secondary,no,379,yes,no,cellular,11,feb,2,119,3,other,0,young
management,married,primary,no,2365,no,no,cellular,20,jan,4,-1,0,unknown,0,young
admin.,married,secondary,no,-50,yes,no,cellular,3,apr,2,173,2,failure,0,young
blue-collar,married,secondary,no,1303,yes,no,cellular,8,may,1,-1,0,unknown,0,young
services,divorced,primary,no,993,no,no,cellular,2,feb,1,-1,0,unknown,0,older
management,married,tertiary,no,11920,no,no,cellular,4,aug,2,-1,0,unknown,1,older
technician,married,secondary,no,-366,yes,no,cellular,20,apr,21,-1,0,unknown,0,young
admin.,single,secondary,no,223,no,no,cellular,28,jul,3,-1,0,unknown,0,older
blue-collar,married,primary,no,2055,yes,no,telephone,6,may,2,-1,0,unknown,0,older
blue-collar,married,primary,no,484,no,no,unknown,5,may,3,-1,0,unknown,0,older
technician,married,secondary,no,-810,yes,yes,cellular,18,jul,2,-1,0,unknown,0,older
technician,single,secondary,no,1587,yes,no,unknown,23,may,5,-1,0,unknown,0,young
management,married,secondary,no,174,no,no,cellular,18,oct,1,-1,0,unknown,1,young
housemaid,single,tertiary,no,3141,no,no,cellular,18,sep,1,-1,3,other,0,young
blue-collar,married,secondary,no,598,no,no,cellular,7,may,1,179,1,failure,0,older
blue-collar,single,primary,no,515,no,no,unknown,21,may,2,-1,0,unknown,0,older
blue-collar,married,primary,no,9924,yes,no,unknown,18,may,3,-1,0,unknown,0,older
blue-collar,married,primary,no,1777,yes,no,unknown,19,may,1,-1,0,unknown,0,older
technician,married,secondary,no,538,yes,no,cellular,3,jun,2,-1,0,unknown,0,young
management,divorced,tertiary,no,514,yes,no,cellular,12,may,1,-1,0,unknown,0,young
blue-collar,married,primary,no,7951,yes,no,cellular,23,jul,1,-1,0,unknown,0,young
retired,single,secondary,no,1618,yes,no,unknown,18,may,1,-1,0,unknown,0,young
management,divorced,primary,no,299,no,no,cellular,5,aug,2,-1,0,unknown,0,older
management,single,primary,no,-213,yes,no,unknown,13,may,2,-1,0,unknown,0,older
management,married,primary,no,230,yes,no,cellular,13,may,2,302,12,other,1,young
services,married,secondary,no,180,yes,no,cellular,29,aug,2,-1,0,unknown,0,older
blue-collar,married,secondary,no,0,yes,no,unknown,29,may,1,-1,0,unknown,0,young
blue-collar,married,primary,no,-249,yes,no,cellular,11,may,5,-1,0,unknown,0,young
admin.,single,secondary,no,4,yes,no,cellular,18,jul,4,-1,0,unknown,0,young
housemaid,married,primary,no,951,no,no,cellular,9,aug,3,-1,0,unknown,0,older
management,married,tertiary,no,839,no,no,cellular,18,aug,3,-1,0,unknown,0,older
management,divorced,primary,no,541,no,no,cellular,21,jul,2,-1,0,unknown,0,older
technician,single,secondary,no,1745,no,yes,unknown,11,mar,2,-1,0,unknown,0,young
admin.,married,secondary,no,117,no,yes,cellular,29,jun,6,-1,0,unknown,0,young
technician,divorced,tertiary,no,306,no,no,cellular,2,aug,11,-1,0,unknown,0,young
services,married,secondary,no,3115,no,no,cellular,19,aug,5,-1,0,unknown,0,older
management,single,tertiary,no,1,no,yes,cellular,16,jul,2,-1,0,unknown,0,young
management,married,tertiary,no,-80,no,no,cellular,4,aug,1,-1,0,unknown,0,older
technician,married,primary,no,2373,yes,no,unknown,6,may,2,-1,0,unknown,0,older
blue-collar,single,secondary,no,4029,yes,no,unknown,15,may,1,-1,0,unknown,0,young
blue-collar,married,unknown,no,614,no,no,unknown,19,mar,1,-1,0,unknown,0,older
management,married,secondary,no,148,no,no,cellular,27,aug,2,-1,0,unknown,1,young
management,married,primary,no,-27,yes,no,unknown,7,may,1,-1,0,unknown,0,young
management,married,secondary,no,552,no,no,cellular,18,aug,1,-1,0,unknown,0,older
management,single,secondary,no,564,yes,no,cellular,30,jul,2,322,2,failure,0,young
student,divorced,secondary,no,5,no,yes,cellular,25,jul,3,-1,0,unknown,0,older
management,divorced,tertiary,no,498,no,no,cellular,14,aug,7,-1,0,unknown,0,older
admin.,single,secondary,yes,148,no,yes,cellular,7,feb,1,175,2,failure,0,young
blue-collar,married,secondary,no,1358,yes,no,unknown,5,jun,1,-1,0,unknown,0,older
admin.,married,secondary,no,72,no,no,cellular,20,jan,2,-1,0,unknown,0,young
management,single,tertiary,no,-49,no,yes,cellular,9,jul,1,-1,0,unknown,0,young
technician,married,tertiary,no,815,no,no,unknown,3,feb,2,-1,0,unknown,0,older
management,married,tertiary,no,374,yes,no,unknown,7,may,1,-1,0,unknown,0,older
blue-collar,married,secondary,no,-1038,yes,no,cellular,29,jul,2,-1,0,unknown,1,older
technician,divorced,primary,no,808,no,yes,unknown,2,jul,1,-1,0,unknown,0,older
management,married,secondary,no,233,no,yes,cellular,20,aug,2,-1,0,unknown,0,young
admin.,single,unknown,no,1495,no,no,cellular,9,aug,7,-1,0,unknown,0,young
blue-collar,married,primary,no,0,yes,no,cellular,4,jul,1,377,3,failure,0,young
blue-collar,married,secondary,no,1317,no,yes,cellular,27,feb,2,-1,0,unknown,0,young
management,married,tertiary,no,650,yes,no,unknown,6,may,5,-1,0,unknown,0,older
technician,single,secondary,no,-319,no,no,cellular,5,aug,1,-1,0,unknown,0,young
admin.,single,tertiary,no,971,yes,no,cellular,27,may,3,-1,0,unknown,0,young
blue-collar,single,primary,no,270,yes,no,unknown,28,may,2,-1,0,unknown,0,older
blue-collar,married,primary,no,4570,yes,no,unknown,20,jun,2,-1,0,unknown,0,older
admin.,married,secondary,no,157,yes,no,cellular,23,apr,4,-1,0,unknown,0,young
technician,single,secondary,no,0,yes,yes,cellular,27,aug,4,-1,0,unknown,0,young
management,divorced,tertiary,no,115,no,no,cellular,5,aug,2,-1,0,unknown,0,older
technician,married,secondary,no,319,yes,no,cellular,21,feb,3,-1,0,unknown,0,older
technician,married,secondary,no,5215,no,no,cellular,28,feb,1,-1,0,unknown,0,young
services,married,secondary,no,54,no,no,telephone,21,jan,2,-1,0,unknown,0,older
technician,single,tertiary,yes,-81,yes,yes,unknown,23,may,1,-1,0,unknown,0,young
management,single,tertiary,no,3690,yes,no,cellular,27,feb,2,-1,0,unknown,0,young
management,married,primary,yes,21,yes,no,unknown,9,may,7,-1,0,unknown,0,young
technician,single,primary,no,1346,yes,no,cellular,15,may,1,-1,0,unknown,0,young
blue-collar,married,secondary,no,164,yes,no,unknown,2,jun,1,-1,0,unknown,0,young
technician,single,secondary,no,624,yes,yes,cellular,27,may,2,-1,0,unknown,1,young
services,single,tertiary,no,6578,yes,no,cellular,18,may,2,-1,0,unknown,0,young
blue-collar,married,primary,no,0,no,no,cellular,30,jun,2,-1,0,unknown,0,older
unknown,married,secondary,no,1139,no,no,cellular,13,may,1,11,0,success,1,older
retired,divorced,secondary,no,0,yes,no,cellular,21,nov,1,-1,0,unknown,0,older
self-employed,married,secondary,no,200,yes,no,unknown,6,may,2,-1,0,unknown,0,older
blue-collar,married,unknown,no,716,no,no,unknown,17,may,2,-1,0,unknown,0,older
blue-collar,married,primary,no,2908,yes,no,unknown,13,may,1,-1,0,unknown,0,young
technician,married,tertiary,no,2862,yes,no,cellular,28,may,6,-1,0,unknown,0,young
services,single,secondary,no,1710,no,no,cellular,20,jan,1,341,1,failure,0,young
services,married,tertiary,no,696,no,no,cellular,28,apr,2,-1,0,unknown,0,older
blue-collar,married,primary,no,1171,no,yes,unknown,19,jun,4,-1,0,unknown,0,older
retired,divorced,secondary,no,0,yes,no,unknown,28,may,3,-1,0,unknown,0,older
technician,married,tertiary,no,5690,yes,no,cellular,28,feb,5,-1,0,unknown,0,young
unemployed,married,unknown,no,65,yes,no,unknown,7,may,1,-1,0,unknown,0,older
blue-collar,single,primary,no,9,no,no,cellular,19,may,4,-1,0,unknown,0,young
blue-collar,married,primary,no,390,no,yes,telephone,9,may,1,-1,0,unknown,0,older
blue-collar,married,primary,no,432,no,yes,cellular,22,jan,1,-1,0,unknown,0,older
retired,married,secondary,no,0,no,no,unknown,21,may,3,-1,0,unknown,0,older
management,divorced,secondary,no,483,no,no,cellular,21,aug,2,-1,0,unknown,0,older
management,single,tertiary,no,7421,yes,no,cellular,20,jan,3,-1,0,unknown,0,older
admin.,married,secondary,no,12,no,no,cellular,18,apr,2,-1,0,unknown,0,young
blue-collar,divorced,secondary,no,1365,yes,no,unknown,20,may,2,-1,0,unknown,0,older
blue-collar,married,secondary,no,1212,yes,yes,unknown,14,jun,1,-1,0,unknown,0,young
self-employed,divorced,secondary,no,599,yes,no,unknown,27,may,2,-1,0,unknown,0,older
technician,married,secondary,no,435,no,no,cellular,7,jan,1,-1,0,unknown,0,older
self-employed,single,tertiary,no,219,no,no,unknown,18,jun,3,-1,0,unknown,0,young
blue-collar,married,secondary,no,9,yes,no,cellular,9,may,1,-1,0,unknown,1,young
admin.,married,tertiary,no,201,yes,yes,cellular,29,aug,5,-1,0,unknown,0,older
admin.,married,secondary,no,947,no,no,unknown,27,may,3,-1,0,unknown,0,older
blue-collar,married,primary,no,63,no,no,telephone,17,aug,3,-1,0,unknown,0,older
student,married,secondary,no,0,no,no,cellular,16,feb,2,-1,0,unknown,0,young
management,married,tertiary,no,341,no,yes,cellular,22,nov,1,-1,0,unknown,0,older
student,married,secondary,no,0,yes,no,unknown,22,jun,2,-1,0,unknown,0,young
blue-collar,married,secondary,no,-257,yes,no,unknown,22,may,2,-1,0,unknown,0,young
admin.,married,secondary,no,0,no,no,cellular,26,feb,3,-1,0,unknown,0,older
blue-collar,married,secondary,no,1114,yes,no,unknown,13,may,2,-1,0,unknown,0,young
management,married,primary,no,5041,no,no,telephone,27,apr,2,195,2,failure,0,older
technician,married,primary,no,341,no,no,cellular,4,aug,4,-1,0,unknown,0,older
admin.,married,secondary,no,3437,yes,no,cellular,14,jan,5,-1,0,unknown,0,older
services,single,secondary,no,1773,yes,no,cellular,4,nov,1,272,5,other,0,young
blue-collar,single,unknown,no,7923,no,no,cellular,7,jul,4,-1,0,unknown,1,young
retired,single,tertiary,no,252,no,no,cellular,17,feb,1,251,2,failure,0,young
technician,divorced,unknown,no,511,yes,yes,telephone,17,may,5,-1,0,unknown,0,older
blue-collar,married,primary,no,-38,yes,no,cellular,19,apr,3,-1,0,unknown,0,older
blue-collar,married,primary,no,79,no,yes,cellular,12,aug,8,-1,0,unknown,0,older
blue-collar,married,secondary,no,1073,yes,no,cellular,27,jun,2,-1,0,unknown,0,young
admin.,single,tertiary,no,11,no,no,cellular,5,aug,2,-1,0,unknown,0,young
management,divorced,secondary,yes,-54,yes,yes,cellular,9,aug,2,-1,0,unknown,0,young
blue-collar,married,secondary,no,268,yes,no,cellular,9,apr,2,-1,0,unknown,0,young
blue-collar,divorced,primary,no,142,yes,yes,cellular,18,mar,3,-1,0,unknown,0,older
blue-collar,married,primary,no,924,no,no,cellular,27,jul,1,265,1,failure,0,older
management,married,secondary,no,30,yes,no,cellular,3,feb,3,-1,0,unknown,0,older
management,married,tertiary,no,3512,yes,no,cellular,17,may,3,152,4,failure,0,older
services,married,secondary,no,231,no,no,unknown,6,jun,1,-1,0,unknown,0,older
management,single,tertiary,no,429,yes,no,cellular,21,nov,1,339,1,failure,0,young
admin.,married,secondary,no,2189,no,no,unknown,1,jul,5,-1,0,unknown,1,young
blue-collar,married,primary,no,1715,yes,no,cellular,19,may,2,-1,0,unknown,0,older
technician,married,secondary,no,1121,yes,no,unknown,20,may,1,-1,0,unknown,0,older
management,single,unknown,no,-90,no,yes,cellular,30,jun,2,-1,0,unknown,0,older
blue-collar,married,secondary,no,959,no,no,cellular,31,apr,1,-1,0,unknown,1,young
blue-collar,married,secondary,no,6480,yes,no,telephone,16,jun,4,-1,0,unknown,0,older
unknown,single,unknown,no,6168,no,no,cellular,31,jun,2,-1,0,unknown,0,older
blue-collar,married,secondary,no,2737,no,no,cellular,9,may,10,-1,0,unknown,0,older
admin.,divorced,secondary,no,315,yes,no,unknown,23,may,2,-1,0,unknown,0,young
entrepreneur,married,secondary,no,2711,yes,no,cellular,18,may,1,-1,0,unknown,1,older
services,single,tertiary,no,-81,yes,yes,unknown,9,may,5,-1,0,unknown,0,young
self-employed,married,secondary,no,-209,yes,no,cellular,8,may,4,-1,5,success,0,older
services,divorced,secondary,no,253,yes,yes,cellular,18,nov,2,-1,0,unknown,0,young
management,single,tertiary,no,51,yes,no,cellular,2,jun,1,175,5,failure,0,young
management,married,tertiary,no,650,no,no,cellular,7,feb,1,322,2,other,0,young
technician,divorced,secondary,no,788,no,no,cellular,3,feb,4,339,2,other,0,older
technician,married,primary,no,0,yes,no,cellular,13,mar,1,-1,0,unknown,0,older
retired,divorced,secondary,no,1728,yes,no,unknown,28,may,1,-1,0,unknown,0,young
management,married,primary,no,-470,yes,yes,cellular,4,jul,2,-1,0,unknown,0,older
blue-collar,single,secondary,no,117,yes,no,cellular,13,may,1,297,2,failure,0,young
technician,single,tertiary,no,118,yes,no,cellular,13,may,1,-1,0,unknown,0,young
blue-collar,married,secondary,no,259,yes,yes,cellular,1,feb,4,-1,0,unknown,0,older
blue-collar,married,primary,no,180,yes,yes,cellular,27,jan,1,-1,0,unknown,0,young
blue-collar,married,secondary,no,78,yes,no,cellular,23,may,2,178,5,success,1,older
management,single,tertiary,no,2767,no,no,cellular,22,apr,2,-1,0,unknown,0,young
management,single,tertiary,no,641,no,no,cellular,15,jun,3,-1,0,unknown,1,young
blue-collar,married,primary,no,481,yes,no,cellular,15,nov,2,-1,0,unknown,1,older
unemployed,single,secondary,no,2176,yes,no,telephone,16,sep,1,115,2,success,1,older
management,married,tertiary,no,260,yes,no,cellular,18,nov,1,-1,0,unknown,0,young
admin.,married,unknown,no,87,yes,no,cellular,7,jul,1,-1,0,unknown,1,older
admin.,married,secondary,no,1481,no,no,cellular,19,apr,1,-1,0,unknown,0,young
technician,single,secondary,no,0,yes,no,cellular,10,apr,4,-1,0,unknown,0,young
technician,single,tertiary,no,-338,no,no,cellular,11,aug,2,-1,0,unknown,0,young
retired,divorced,secondary,no,1312,no,no,cellular,6,aug,1,-1,0,unknown,0,older
blue-collar,married,secondary,no,3303,yes,no,cellular,13,jul,1,-1,0,unknown,0,young
blue-collar,married,primary,no,1010,no,no,cellular,20,nov,1,-1,0,unknown,0,young
technician,single,secondary,no,226,no,no,cellular,27,jul,2,-1,0,unknown,0,young
technician,divorced,secondary,no,879,no,yes,telephone,9,aug,4,-1,0,unknown,0,older
services,married,secondary,no,1186,no,yes,cellular,13,feb,6,-1,0,unknown,0,older
admin.,married,secondary,no,73,yes,no,cellular,17,may,1,299,1,success,0,older
admin.,married,secondary,no,1314,yes,yes,cellular,16,nov,2,-1,0,unknown,1,older
blue-collar,single,secondary,no,3375,yes,no,unknown,29,may,10,-1,0,unknown,0,young
technician,married,secondary,no,-223,yes,yes,unknown,6,may,2,-1,0,unknown,0,older
management,married,primary,no,1037,no,no,telephone,27,may,2,184,2,success,1,older
blue-collar,divorced,primary,no,0,yes,no,unknown,13,may,1,-1,0,unknown,0,young
services,married,unknown,no,1537,no,no,unknown,15,jun,2,-1,0,unknown,0,older
management,divorced,tertiary,no,4841,yes,no,telephone,21,nov,4,-1,0,unknown,0,older
blue-collar,married,secondary,yes,-387,yes,no,cellular,6,jan,2,-1,0,unknown,0,older
blue-collar,married,secondary,no,1993,yes,no,telephone,20,nov,1,180,2,failure,0,older
technician,married,secondary,no,510,no,no,unknown,7,sep,1,-1,0,unknown,0,older
management,married,primary,no,31,no,no,unknown,5,jul,3,-1,0,unknown,0,older
unknown,married,secondary,no,4383,no,no,cellular,12,aug,2,-1,0,unknown,0,older
unemployed,married,secondary,no,211,no,no,cellular,29,aug,2,-1,0,unknown,0,older
services,married,unknown,no,217,yes,no,unknown,18,may,2,-1,0,unknown,0,older
blue-collar,single,secondary,no,300,yes,no,unknown,27,may,2,-1,0,unknown,0,older
unemployed,married,secondary,no,964,no,yes,telephone,4,jul,3,-1,0,unknown,0,older
technician,single,secondary,no,1857,yes,no,cellular,21,jul,2,-1,0,unknown,0,young
management,single,tertiary,no,-97,yes,no,cellular,19,feb,5,-1,0,unknown,0,young
admin.,divorced,secondary,no,5190,yes,no,cellular,4,may,2,-1,0,unknown,0,older
blue-collar,married,primary,no,1346,yes,no,telephone,18,jul,4,-1,0,unknown,0,older
technician,single,tertiary,no,730,no,no,cellular,5,aug,2,-1,0,unknown,0,young
admin.,divorced,secondary,no,143,no,yes,cellular,20,aug,3,-1,0,unknown,0,older
management,married,tertiary,no,319,yes,no,cellular,17,nov,1,-1,0,unknown,0,older
blue-collar,married,secondary,no,864,no,no,cellular,13,feb,2,184,3,other,0,older
management,married,secondary,no,232,yes,yes,unknown,23,may,1,-1,0,unknown,0,older
services,married,secondary,no,259,yes,no,cellular,22,aug,3,-1,0,unknown,0,older
blue-collar,single,secondary,no,0,yes,no,cellular,24,aug,2,-1,0,unknown,0,young
admin.,single,secondary,no,1253,yes,no,unknown,15,may,1,-1,0,unknown,0,young
management,divorced,tertiary,no,456,yes,no,cellular,16,may,1,-1,0,unknown,1,young
technician,married,tertiary,no,11,yes,no,cellular,15,nov,1,103,3,success,1,older
technician,married,secondary,no,-497,yes,yes,cellular,13,may,2,-1,0,unknown,0,older
retired,single,secondary,no,-483,yes,no,unknown,26,jun,8,-1,0,unknown,0,young
technician,married,secondary,no,321,yes,no,unknown,8,may,5,-1,0,unknown,0,young
technician,single,tertiary,no,62,no,no,cellular,6,aug,2,-1,0,unknown,1,young
admin.,single,secondary,no,0,yes,yes,cellular,22,apr,1,-1,0,unknown,0,young
blue-collar,married,primary,no,492,yes,no,cellular,3,jul,3,290,0,failure,0,older
blue-collar,single,secondary,no,754,yes,no,cellular,26,jul,1,268,5,failure,0,young
services,single,secondary,no,619,yes,no,unknown,31,may,1,-1,0,unknown,0,young
unknown,married,primary,no,751,no,no,cellular,14,apr,1,345,4,failure,0,older
admin.,married,tertiary,no,101,yes,no,cellular,13,sep,1,-1,0,unknown,1,young
blue-collar,married,primary,no,40,yes,no,cellular,20,jul,2,-1,0,unknown,0,young
technician,single,secondary,no,-463,yes,yes,unknown,5,may,1,-1,0,unknown,0,young
admin.,single,secondary,no,-486,yes,no,unknown,19,may,2,457,2,failure,0,young
admin.,married,secondary,no,0,yes,no,cellular,2,jun,2,368,3,failure,0,young
blue-collar,married,secondary,no,575,no,no,cellular,27,feb,4,-1,0,unknown,0,older
management,divorced,secondary,yes,-661,no,yes,cellular,26,jul,2,-1,0,unknown,0,young
unknown,divorced,secondary,no,92,no,no,cellular,31,jun,1,-1,0,unknown,0,older
entrepreneur,married,unknown,no,994,no,no,telephone,18,jun,2,-1,0,unknown,0,older
technician,married,secondary,no,400,yes,no,cellular,23,jul,1,-1,0,unknown,0,young
admin.,married,secondary,no,-283,yes,no,cellular,16,jul,2,-1,0,unknown,0,young
retired,divorced,unknown,no,1297,no,no,cellular,29,aug,2,-1,0,unknown,0,older
management,married,tertiary,no,4369,no,no,cellular,6,jul,1,346,3,failure,0,older
self-employed,single,tertiary,no,5337,no,no,telephone,10,nov,1,101,4,failure,0,older
management,married,tertiary,no,3564,no,no,cellular,20,jan,1,184,1,success,1,older
blue-collar,married,secondary,no,4025,yes,no,cellular,19,apr,2,242,5,failure,0,young
retired,single,secondary,no,-167,yes,yes,cellular,22,may,4,-1,0,unknown,0,young
services,single,secondary,no,540,no,no,cellular,20,mar,4,-1,0,unknown,0,older
blue-collar,married,secondary,no,563,yes,no,telephone,19,nov,2,-1,0,unknown,1,older
blue-collar,married,secondary,no,5770,yes,yes,cellular,31,jan,1,202,3,failure,0,older
management,single,secondary,no,0,yes,yes,cellular,16,aug,2,252,1,other,0,young
management,married,tertiary,no,662,yes,yes,unknown,28,may,2,-1,0,unknown,0,older
blue-collar,divorced,secondary,no,5820,yes,no,cellular,22,feb,2,-1,0,unknown,0,older
technician,married,tertiary,no,-457,no,yes,cellular,5,jul,1,-1,0,unknown,0,older
retired,married,tertiary,no,4058,no,no,cellular,25,aug,2,-1,0,unknown,0,older
blue-collar,married,secondary,no,157,no,no,cellular,3,jun,2,-1,0,unknown,1,young
management,married,tertiary,no,864,no,no,cellular,15,may,2,-1,0,unknown,0,older
admin.,married,secondary,no,1276,yes,yes,cellular,9,may,1,-1,0,unknown,0,young
retired,married,secondary,no,1501,yes,no,unknown,27,may,2,-1,0,unknown,0,older
management,divorced,secondary,no,426,no,no,cellular,19,feb,2,-1,0,unknown,1,older
blue-collar,married,primary,no,849,yes,yes,cellular,23,jul,3,-1,0,unknown,0,young
services,married,secondary,no,725,no,no,cellular,15,nov,2,171,3,other,0,older
technician,married,tertiary,no,79,no,no,cellular,21,feb,1,-1,0,unknown,0,older
management,divorced,tertiary,no,1328,yes,yes,cellular,4,may,1,260,3,failure,0,young
admin.,married,secondary,no,592,no,no,cellular,26,jan,1,-1,0,unknown,0,older
blue-collar,divorced,secondary,no,127,no,no,cellular,22,jul,2,-1,0,unknown,0,young
management,married,secondary,no,977,no,no,unknown,29,may,2,-1,0,unknown,0,young
admin.,married,secondary,no,987,yes,no,unknown,14,may,1,-1,0,unknown,0,older
technician,single,secondary,no,0,yes,no,cellular,16,may,2,368,4,failure,0,young
admin.,single,secondary,no,105,no,yes,cellular,6,feb,8,-1,0,unknown,0,young
technician,single,secondary,no,299,yes,no,cellular,5,jul,5,194,2,other,0,young
blue-collar,married,primary,no,516,no,no,unknown,19,may,1,-1,0,unknown,0,young
blue-collar,single,primary,no,0,yes,no,cellular,27,jul,3,-1,0,unknown,0,young
management,married,tertiary,no,1540,no,no,unknown,7,jul,2,-1,0,unknown,0,older
admin.,single,secondary,no,324,yes,no,unknown,15,may,6,-1,0,unknown,0,young
blue-collar,married,primary,no,923,yes,no,cellular,20,jan,2,327,2,failure,0,young
retired,married,tertiary,no,30,no,no,cellular,19,aug,2,-1,0,unknown,0,older
management,single,tertiary,no,600,no,no,cellular,29,jul,2,-1,0,unknown,0,young
self-employed,single,tertiary,no,2257,yes,no,unknown,6,may,2,-1,0,unknown,0,young
technician,divorced,primary,no,987,no,no,cellular,19,aug,1,223,1,other,0,young
services,single,tertiary,no,166,no,no,cellular,4,jul,1,-1,0,unknown,0,young
blue-collar,married,primary,no,275,yes,no,cellular,21,nov,1,100,1,other,0,older
management,married,tertiary,no,2891,no,no,cellular,15,may,2,-1,0,unknown,1,young
admin.,married,secondary,no,-88,no,no,cellular,19,jun,1,-1,0,unknown,1,young
blue-collar,married,secondary,no,1425,yes,no,cellular,27,jul,1,-1,0,unknown,0,young
blue-collar,married,primary,no,376,yes,no,unknown,12,may,1,-1,0,unknown,0,older
management,married,tertiary,no,115,no,no,cellular,21,apr,2,-1,0,unknown,0,older
management,married,tertiary,no,468,yes,yes,cellular,25,jul,1,-1,0,unknown,0,older
admin.,married,secondary,no,3928,no,yes,cellular,18,nov,1,152,1,failure,1,older
management,single,tertiary,no,36,no,no,cellular,12,may,1,-1,0,unknown,0,young
technician,married,secondary,no,158,yes,no,unknown,8,may,1,-1,0,unknown,0,young
retired,divorced,primary,no,683,no,no,unknown,5,jun,1,-1,0,unknown,0,older
management,married,tertiary,no,7529,no,no,cellular,26,oct,1,-1,0,unknown,1,older
technician,married,secondary,no,23,yes,yes,unknown,5,may,1,-1,0,unknown,0,young
unknown,married,tertiary,no,198,no,no,telephone,21,nov,3,-1,0,unknown,0,older
admin.,married,secondary,no,323,no,no,unknown,5,feb,1,-1,0,unknown,0,older
technician,single,secondary,no,28,no,no,unknown,14,jun,2,-1,0,unknown,0,young
unknown,single,secondary,no,323,yes,no,cellular,23,nov,1,-1,0,unknown,0,young
management,married,secondary,no,1322,yes,yes,cellular,17,nov,1,179,2,other,1,young
admin.,married,unknown,no,533,yes,no,cellular,17,nov,1,102,2,other,0,older
technician,married,tertiary,no,1799,yes,no,cellular,28,jul,1,-1,0,unknown,0,young
blue-collar,married,secondary,no,-322,no,no,cellular,26,jan,4,-1,0,unknown,0,older
management,married,tertiary,no,2449,no,no,cellular,16,aug,1,-1,0,unknown,0,older
unemployed,married,secondary,no,517,yes,no,unknown,20,may,2,-1,0,unknown,0,young
management,divorced,tertiary,no,516,no,no,cellular,15,jul,2,-1,0,unknown,1,older
blue-collar,married,unknown,no,389,no,no,cellular,22,feb,5,-1,0,unknown,0,older
admin.,married,secondary,no,-17,yes,no,cellular,7,jul,2,-1,0,unknown,0,older
retired,single,secondary,no,6,no,no,cellular,19,jun,3,-1,0,unknown,0,young
services,married,secondary,no,269,no,no,unknown,3,jun,4,272,2,success,1,older
blue-collar,married,secondary,no,5555,yes,no,unknown,17,may,3,370,4,other,0,older
management,married,tertiary,no,1063,yes,no,cellular,8,feb,8,-1,0,unknown,0,older
blue-collar,married,primary,no,470,yes,no,unknown,23,may,2,-1,0,unknown,0,young
admin.,married,secondary,no,42,yes,yes,cellular,5,may,1,-1,0,unknown,0,young
self-employed,divorced,tertiary,no,1191,no,yes,cellular,8,aug,12,-1,0,unknown,0,older
blue-collar,married,secondary,no,-53,yes,yes,unknown,16,may,1,-1,0,unknown,0,young
blue-collar,married,primary,no,1847,yes,no,unknown,3,may,2,-1,0,unknown,0,older
services,married,secondary,no,888,yes,no,cellular,19,nov,1,-1,0,unknown,0,young
technician,single,secondary,no,1094,no,no,cellular,21,nov,6,171,3,success,1,young
management,married,tertiary,no,71,no,no,cellular,20,feb,4,-1,0,unknown,0,older
technician,single,secondary,no,618,yes,no,unknown,26,jun,2,-1,0,unknown,0,young
management,married,tertiary,no,338,yes,no,cellular,6,may,1,267,1,other,0,young
technician,married,primary,no,-17,yes,no,unknown,9,jun,3,-1,0,unknown,0,older
blue-collar,divorced,unknown,no,1811,yes,no,cellular,16,feb,1,-1,0,unknown,0,older
services,married,tertiary,no,488,yes,no,cellular,30,apr,1,-1,0,unknown,1,young
retired,married,primary,no,876,no,no,unknown,14,jul,1,-1,0,unknown,0,young
management,married,secondary,yes,-614,yes,no,unknown,16,may,2,-1,0,unknown,0,young
student,single,secondary,no,721,yes,no,cellular,30,jul,6,-1,0,unknown,0,young
blue-collar,single,secondary,no,272,yes,no,unknown,9,may,1,-1,0,unknown,0,young
technician,single,tertiary,no,8857,no,no,cellular,15,aug,5,-1,0,unknown,0,young
blue-collar,married,primary,no,539,yes,no,unknown,30,may,1,-1,0,unknown,0,young
retired,single,tertiary,no,233,yes,no,unknown,26,may,4,-1,0,unknown,0,young
admin.,married,unknown,no,8308,no,yes,cellular,9,aug,2,-1,0,unknown,0,older
blue-collar,married,secondary,no,126,no,no,telephone,18,jan,10,-1,0,unknown,0,older
housemaid,single,secondary,no,2150,yes,yes,cellular,14,may,3,-1,0,unknown,0,older
technician,married,secondary,no,797,yes,no,telephone,17,nov,5,-1,0,unknown,0,young
blue-collar,married,primary,no,2160,yes,no,unknown,19,may,5,-1,0,unknown,0,older
management,married,tertiary,no,2261,yes,no,unknown,14,may,2,-1,0,unknown,0,young
housemaid,married,secondary,no,588,yes,no,cellular,21,jul,4,184,4,failure,0,young
blue-collar,divorced,primary,no,3969,no,no,unknown,19,jul,4,-1,0,unknown,0,older
management,single,tertiary,no,90,yes,no,unknown,28,may,2,-1,0,unknown,0,young
retired,married,tertiary,no,1480,yes,no,cellular,15,apr,2,-1,0,unknown,0,older
technician,married,secondary,no,-110,yes,no,cellular,18,feb,3,-1,0,unknown,0,older
technician,single,tertiary,no,1351,no,no,cellular,20,nov,2,-1,0,unknown,0,young
blue-collar,married,primary,no,0,yes,no,cellular,12,dec,2,-1,0,unknown,0,young
admin.,divorced,tertiary,no,2133,no,no,cellular,8,aug,1,-1,0,unknown,0,older
management,married,primary,no,419,yes,no,cellular,9,may,1,-1,0,unknown,1,young
admin.,married,secondary,no,136,yes,yes,unknown,8,may,1,-1,0,unknown,0,older
services,married,secondary,no,-393,no,no,unknown,16,jun,4,-1,0,unknown,0,young
technician,single,tertiary,no,1824,no,no,cellular,21,oct,2,184,0,success,1,young
admin.,married,secondary,no,3946,yes,no,unknown,11,may,1,-1,0,unknown,0,older
self-employed,single,secondary,no,4420,no,no,cellular,21,nov,1,-1,0,unknown,0,young
blue-collar,married,primary,no,887,yes,yes,cellular,30,jul,2,-1,0,unknown,0,young
blue-collar,married,primary,no,140,no,no,cellular,20,aug,2,-1,0,unknown,0,older
management,married,tertiary,no,242,yes,no,unknown,19,may,1,-1,0,unknown,0,young
admin.,married,secondary,no,6127,yes,yes,cellular,3,aug,1,150,2,success,1,young
blue-collar,married,secondary,no,4749,yes,no,cellular,13,may,2,-1,0,unknown,0,older
admin.,married,secondary,no,214,no,no,cellular,11,jan,4,-1,0,unknown,0,young
admin.,single,tertiary,no,3752,yes,no,cellular,18,apr,1,-1,0,unknown,0,young
admin.,single,secondary,no,240,yes,no,cellular,2,mar,1,94,5,success,0,young
management,single,tertiary,no,1193,yes,no,cellular,25,feb,4,-1,0,unknown,0,young
blue-collar,married,primary,no,121,yes,no,cellular,14,may,7,368,2,failure,0,young
technician,single,secondary,no,3854,no,no,cellular,4,jul,1,-1,0,unknown,0,young
management,married,tertiary,no,88,no,no,unknown,17,may,7,-1,0,unknown,0,older
management,married,secondary,no,245,yes,no,unknown,6,may,1,-1,0,unknown,0,older
management,single,tertiary,no,-134,yes,no,cellular,28,jul,3,-1,0,unknown,0,young
management,single,tertiary,no,500,no,yes,cellular,4,jul,1,-1,0,unknown,0,young
management,single,tertiary,no,282,no,no,cellular,4,may,2,355,1,other,0,young
retired,married,secondary,no,-1,yes,no,cellular,6,may,1,364,2,other,0,older
blue-collar,divorced,primary,no,875,no,no,cellular,5,feb,1,-1,0,unknown,0,older
admin.,married,tertiary,no,547,yes,no,cellular,16,feb,3,157,2,failure,0,young
technician,single,tertiary,no,1632,yes,yes,unknown,29,may,2,-1,0,unknown,0,older
management,married,tertiary,no,4635,yes,no,cellular,14,jul,2,-1,0,unknown,0,young
admin.,married,secondary,no,97,yes,no,cellular,28,apr,1,-1,0,unknown,0,older
services,married,secondary,no,0,no,no,unknown,11,may,1,-1,0,unknown,0,young
services,married,secondary,no,1555,yes,yes,cellular,19,may,1,-1,0,unknown,0,older
technician,married,secondary,no,232,yes,no,cellular,14,may,3,-1,0,unknown,0,older
technician,married,secondary,no,102,no,no,cellular,19,sep,1,-1,0,unknown,1,young
unemployed,married,secondary,no,965,no,no,cellular,5,feb,2,-1,0,unknown,0,older
retired,divorced,secondary,no,107,yes,no,cellular,8,may,2,-1,0,unknown,0,older
blue-collar,divorced,secondary,no,-246,yes,no,unknown,15,may,13,-1,0,unknown,0,young
unknown,married,unknown,no,2288,no,no,cellular,17,nov,4,-1,0,unknown,0,older
technician,married,primary,no,9,no,no,cellular,5,mar,2,-1,0,unknown,0,older
technician,married,secondary,no,0,no,yes,cellular,21,aug,4,-1,0,unknown,1,young
technician,married,secondary,no,79,yes,no,cellular,28,apr,3,-1,0,unknown,0,older
admin.,married,secondary,no,0,yes,yes,telephone,11,jul,2,-1,0,unknown,0,young
blue-collar,married,primary,no,111,yes,no,unknown,4,may,3,-1,0,unknown,0,young
blue-collar,married,unknown,no,158,no,no,cellular,5,feb,1,-1,0,unknown,0,young
technician,single,secondary,no,0,no,no,unknown,27,jul,1,-1,0,unknown,0,older
blue-collar,divorced,primary,no,0,yes,no,cellular,11,apr,1,-1,0,unknown,0,older
blue-collar,single,primary,no,865,no,no,cellular,14,may,3,213,8,other,1,young
technician,single,secondary,no,0,yes,no,unknown,3,may,4,-1,0,unknown,1,young
management,married,tertiary,no,155,yes,no,telephone,11,may,5,-1,0,unknown,0,older
management,married,tertiary,no,1266,yes,no,unknown,19,may,5,-1,0,unknown,0,older
blue-collar,married,secondary,no,1352,yes,no,cellular,18,aug,2,-1,0,unknown,0,older
management,married,tertiary,no,0,yes,no,unknown,21,may,2,-1,0,unknown,0,older
management,married,tertiary,no,476,yes,no,unknown,6,may,2,-1,0,unknown,0,young
management,divorced,tertiary,no,3966,no,no,unknown,11,mar,1,-1,0,unknown,1,older
admin.,married,secondary,no,-331,yes,no,cellular,18,apr,1,155,1,success,0,young
technician,married,secondary,no,4536,no,no,cellular,9,apr,1,-1,0,unknown,0,older
admin.,married,secondary,no,3166,yes,no,unknown,12,jun,2,-1,0,unknown,0,young
management,single,tertiary,no,7,no,no,cellular,25,aug,2,-1,0,unknown,1,young
admin.,married,secondary,no,0,yes,yes,unknown,30,may,3,-1,0,unknown,0,older
admin.,single,secondary,no,125,yes,yes,cellular,13,apr,1,-1,0,unknown,1,young
admin.,married,secondary,no,3899,yes,no,cellular,14,may,2,178,0,other,0,young
management,divorced,tertiary,no,267,no,no,cellular,22,aug,4,-1,0,unknown,0,young
technician,married,secondary,no,7,yes,no,unknown,28,may,2,-1,0,unknown,1,older
admin.,married,secondary,no,310,no,no,unknown,12,jul,6,-1,0,unknown,0,young
management,married,secondary,no,794,no,no,cellular,21,apr,1,-1,0,unknown,1,older
unemployed,married,primary,yes,285,no,no,cellular,11,aug,14,-1,0,unknown,0,older
admin.,married,secondary,no,1704,yes,no,unknown,6,may,1,-1,0,unknown,0,young
retired,married,primary,no,1579,no,no,cellular,5,dec,2,180,13,failure,0,older
housemaid,married,tertiary,no,119,no,no,cellular,19,feb,6,-1,0,unknown,1,older
management,married,tertiary,no,1134,no,no,cellular,4,jan,1,-1,0,unknown,1,young
management,divorced,tertiary,no,1631,no,yes,telephone,31,jul,9,-1,0,unknown,0,older
admin.,married,secondary,no,0,yes,no,unknown,12,may,4,-1,0,unknown,0,young
admin.,divorced,secondary,no,22,yes,no,cellular,7,apr,1,-1,0,unknown,0,young
management,divorced,secondary,no,0,yes,no,cellular,17,apr,1,263,4,failure,0,older
admin.,married,primary,no,804,yes,no,cellular,22,jun,1,-1,0,unknown,0,young
admin.,married,secondary,no,196,no,no,cellular,20,jul,1,-1,0,unknown,1,older
management,single,tertiary,no,7339,no,no,cellular,20,nov,1,-1,0,unknown,0,young
admin.,single,secondary,no,1127,yes,no,cellular,8,may,4,344,14,other,0,young
services,married,secondary,no,500,yes,no,cellular,26,jul,1,338,0,success,0,young
blue-collar,married,primary,no,942,no,no,cellular,11,aug,3,-1,0,unknown,0,older
self-employed,married,tertiary,no,6457,no,yes,cellular,20,nov,3,-1,0,unknown,0,older
technician,married,secondary,no,649,yes,no,unknown,6,may,1,-1,0,unknown,0,young
management,married,primary,no,-18,yes,no,unknown,26,may,1,-1,0,unknown,0,older
management,single,tertiary,no,0,no,no,cellular,18,apr,1,-1,0,unknown,0,young
management,married,tertiary,no,3837,yes,no,unknown,16,may,1,-1,0,unknown,0,older
admin.,married,unknown,no,8217,no,no,telephone,25,feb,2,-1,0,unknown,0,older
services,married,secondary,no,324,no,no,cellular,18,sep,1,263,6,failure,1,young
self-employed,single,secondary,no,801,yes,no,unknown,5,jun,3,-1,0,unknown,0,young
management,married,tertiary,no,3276,no,no,cellular,7,may,2,455,3,failure,1,young
self-employed,single,secondary,no,455,no,no,cellular,28,feb,1,-1,0,unknown,0,young
self-employed,married,secondary,no,1921,yes,no,cellular,8,feb,2,185,3,failure,0,older
blue-collar,divorced,secondary,no,292,no,no,cellular,6,aug,2,-1,0,unknown,0,young
management,single,tertiary,no,181,yes,no,cellular,26,jan,1,357,8,failure,0,young
technician,married,secondary,no,0,yes,no,cellular,29,jan,2,-1,0,unknown,0,young
blue-collar,single,unknown,no,600,yes,no,cellular,18,may,3,436,1,other,0,young
management,married,tertiary,no,88,yes,no,cellular,22,jul,1,235,1,failure,0,older
management,single,tertiary,no,1,yes,no,cellular,19,feb,3,-1,0,unknown,0,young
management,divorced,secondary,no,-6,yes,yes,unknown,4,may,5,-1,0,unknown,0,older
blue-collar,single,secondary,no,126,yes,no,unknown,5,may,1,-1,0,unknown,0,older
blue-collar,married,unknown,no,0,no,yes,cellular,20,jul,3,-1,0,unknown,0,young
management,divorced,tertiary,no,161,yes,no,cellular,9,apr,1,-1,0,unknown,0,young
management,single,tertiary,no,793,yes,no,unknown,13,may,3,-1,0,unknown,0,older
blue-collar,married,secondary,no,522,yes,no,cellular,13,jun,2,-1,0,unknown,0,young
admin.,divorced,secondary,no,500,yes,no,cellular,28,jul,1,262,2,failure,0,young
blue-collar,divorced,secondary,no,384,no,no,cellular,10,aug,4,-1,0,unknown,0,older
management,single,tertiary,no,2373,yes,no,cellular,13,may,1,175,6,failure,0,young
management,married,tertiary,no,455,no,no,telephone,19,aug,2,92,4,success,0,young
blue-collar,single,unknown,no,287,no,no,unknown,12,may,2,-1,0,unknown,0,older
technician,divorced,secondary,no,17,yes,no,unknown,12,may,2,-1,0,unknown,0,young
housemaid,married,secondary,no,-101,yes,no,unknown,28,may,1,-1,0,unknown,0,young
blue-collar,divorced,secondary,no,-94,yes,no,unknown,29,may,1,-1,0,unknown,0,young
management,married,tertiary,no,11565,no,yes,cellular,19,sep,2,-1,0,unknown,0,older
management,single,tertiary,no,8487,yes,no,cellular,18,may,1,-1,0,unknown,0,young
admin.,divorced,tertiary,no,138,no,no,cellular,20,apr,1,92,5,failure,0,young
management,single,primary,no,4310,no,no,cellular,13,may,1,-1,0,unknown,0,older
technician,married,secondary,no,933,yes,no,cellular,11,may,1,-1,0,unknown,0,young
self-employed,married,primary,yes,-781,yes,no,unknown,22,may,2,-1,0,unknown,0,older
admin.,married,secondary,no,736,yes,no,cellular,20,feb,2,125,5,failure,0,young
blue-collar,single,secondary,no,214,yes,yes,cellular,19,aug,5,-1,0,unknown,0,young
blue-collar,married,secondary,no,4953,no,no,cellular,21,may,1,-1,0,unknown,0,young
management,single,tertiary,no,564,no,no,cellular,12,may,1,-1,3,other,0,young
housemaid,married,tertiary,no,392,no,yes,cellular,25,aug,2,-1,0,unknown,0,older
services,married,secondary,no,7471,yes,yes,cellular,4,aug,1,-1,0,unknown,1,young
management,single,tertiary,no,3320,no,no,cellular,9,aug,1,-1,0,unknown,0,young
admin.,divorced,secondary,no,0,no,no,cellular,27,may,1,-1,0,unknown,0,young
management,single,unknown,no,5,no,no,cellular,26,feb,1,-1,0,unknown,0,young
management,single,tertiary,no,677,yes,no,cellular,14,may,1,-1,0,unknown,0,young
blue-collar,single,primary,no,206,no,no,cellular,11,feb,3,-1,0,unknown,0,young
management,married,tertiary,no,790,no,no,cellular,6,aug,2,-1,0,unknown,0,young
housemaid,divorced,secondary,no,-9,no,yes,cellular,12,jul,1,140,2,failure,1,young
admin.,single,tertiary,no,939,no,no,cellular,31,apr,1,-1,0,unknown,0,young
technician,single,secondary,no,10595,yes,no,cellular,4,jun,2,307,2,failure,0,young
admin.,single,secondary,no,-336,yes,no,cellular,17,may,10,-1,0,unknown,0,older
management,single,tertiary,no,2,no,yes,cellular,12,aug,5,-1,0,unknown,0,young
blue-collar,married,secondary,no,316,no,yes,cellular,27,jun,1,46,6,failure,0,older
technician,single,secondary,no,845,no,no,cellular,10,aug,4,-1,0,unknown,0,young
blue-collar,married,secondary,no,294,yes,no,unknown,4,jul,24,-1,0,unknown,0,young
self-employed,divorced,primary,no,4645,no,no,cellular,15,nov,1,-1,0,unknown,1,older
blue-collar,divorced,secondary,no,2156,yes,no,cellular,22,oct,1,181,1,success,0,young
services,divorced,secondary,no,283,yes,no,cellular,16,may,1,-1,0,unknown,0,older
blue-collar,married,primary,no,67,no,no,cellular,29,feb,13,-1,0,unknown,0,young
technician,single,tertiary,no,0,yes,no,cellular,9,apr,1,-1,0,unknown,0,young
technician,divorced,secondary,no,266,yes,no,cellular,26,jul,1,-1,0,unknown,0,older
management,married,primary,no,3098,yes,no,cellular,18,nov,1,-1,0,unknown,0,older
blue-collar,single,secondary,no,1098,yes,no,unknown,9,may,6,-1,0,unknown,0,young
unemployed,single,primary,no,821,yes,no,unknown,12,may,4,-1,0,unknown,0,older
admin.,divorced,secondary,no,865,yes,yes,telephone,13,nov,1,88,3,other,0,older
management,married,tertiary,no,1407,yes,no,cellular,2,aug,1,-1,0,unknown,0,older
entrepreneur,single,tertiary,no,860,yes,no,cellular,12,may,1,264,2,failure,0,young
technician,married,tertiary,no,5023,no,no,telephone,8,apr,6,-1,0,unknown,0,older
blue-collar,single,secondary,no,1390,no,no,cellular,25,aug,1,-1,12,other,0,older
blue-collar,married,secondary,no,-20,yes,no,cellular,6,may,1,-1,0,unknown,0,older
technician,married,secondary,no,480,yes,no,cellular,6,jul,1,-1,0,unknown,0,older
management,married,tertiary,no,1930,no,yes,cellular,21,aug,8,-1,0,unknown,0,young
technician,single,tertiary,no,2815,no,no,cellular,30,dec,5,362,3,failure,1,young
admin.,married,secondary,no,5,no,yes,cellular,2,jul,1,-1,0,unknown,0,older
retired,single,tertiary,no,310,yes,no,cellular,18,feb,2,186,9,other,1,young
services,divorced,secondary,no,223,yes,no,unknown,27,may,2,-1,0,unknown,0,older
services,single,tertiary,no,0,no,no,cellular,17,aug,5,-1,0,unknown,0,young
management,married,primary,no,255,no,no,telephone,13,apr,1,175,2,other,0,older
housemaid,single,primary,no,3500,no,no,cellular,19,sep,1,357,1,failure,0,young
management,married,tertiary,no,5717,no,no,cellular,16,aug,2,-1,6,success,0,older
management,single,tertiary,no,1009,no,no,cellular,16,jul,1,-1,0,unknown,0,young
blue-collar,married,secondary,no,0,yes,no,unknown,18,may,18,-1,0,unknown,0,young
technician,single,tertiary,no,1978,no,no,cellular,9,aug,2,258,1,success,1,young
admin.,married,secondary,no,1853,yes,no,cellular,6,may,1,282,0,failure,0,older
management,married,tertiary,no,639,no,no,cellular,5,feb,2,-1,0,unknown,1,young
blue-collar,single,secondary,no,66,yes,no,cellular,16,may,2,-1,0,unknown,0,older
blue-collar,married,secondary,no,-523,no,no,cellular,18,feb,7,-1,0,unknown,0,older
technician,single,secondary,no,5,yes,no,cellular,9,may,1,-1,0,unknown,0,young
services,single,secondary,no,1777,no,yes,unknown,17,may,1,-1,0,unknown,0,young
blue-collar,married,secondary,no,49,yes,no,unknown,9,may,1,-1,0,unknown,1,young
blue-collar,single,unknown,no,4977,yes,no,cellular,29,jul,2,-1,0,unknown,0,older
self-employed,married,secondary,no,-102,no,no,cellular,6,aug,8,-1,0,unknown,0,older
services,divorced,secondary,no,524,yes,no,telephone,18,may,1,-1,0,unknown,0,older
services,divorced,secondary,no,674,yes,no,cellular,11,may,3,-1,0,unknown,0,older
admin.,married,unknown,no,355,no,no,cellular,12,aug,3,-1,0,unknown,0,older
housemaid,married,secondary,no,275,yes,no,unknown,19,may,6,-1,0,unknown,0,young
blue-collar,married,primary,no,208,no,no,cellular,31,apr,2,-1,5,success,0,young
blue-collar,single,primary,no,132,yes,no,unknown,10,may,4,-1,0,unknown,0,young
unemployed,single,secondary,no,20,yes,no,cellular,20,apr,2,-1,0,unknown,0,young
blue-collar,married,secondary,no,2523,yes,no,cellular,16,feb,2,-1,0,unknown,0,young
technician,single,secondary,no,10661,yes,no,telephone,18,may,29,319,6,other,0,young
technician,married,secondary,no,843,no,no,cellular,15,jul,2,-1,0,unknown,0,older
management,divorced,secondary,no,96,no,no,cellular,9,nov,3,-1,0,unknown,0,older
blue-collar,married,secondary,no,489,yes,no,unknown,10,jun,2,-1,0,unknown,0,older
management,single,tertiary,no,4807,no,no,cellular,27,jun,2,201,2,other,0,young
technician,married,secondary,no,2323,no,no,cellular,3,aug,2,-1,0,unknown,0,older
blue-collar,married,primary,no,6159,no,no,cellular,7,feb,3,-1,0,unknown,0,older
admin.,married,secondary,no,88,yes,no,cellular,27,may,1,175,1,failure,0,older
management,single,primary,no,2462,no,no,cellular,1,jul,1,-1,0,unknown,0,young
blue-collar,divorced,secondary,no,718,yes,no,unknown,15,may,1,354,1,failure,0,older
technician,divorced,secondary,no,2159,no,no,cellular,2,feb,1,-1,0,unknown,0,young
blue-collar,married,primary,no,134,no,yes,cellular,21,aug,3,-1,0,unknown,0,older
retired,married,tertiary,no,246,no,no,cellular,6,aug,2,-1,0,unknown,0,young
technician,single,secondary,no,409,yes,no,cellular,16,aug,3,-1,0,unknown,0,young
management,married,tertiary,no,1292,yes,no,cellular,18,aug,1,109,1,failure,0,older
admin.,single,secondary,no,586,no,no,cellular,6,jan,1,122,1,failure,1,young
admin.,divorced,secondary,yes,41,no,no,telephone,21,aug,2,-1,0,unknown,0,older
blue-collar,single,secondary,no,3095,yes,no,cellular,19,apr,1,-1,0,unknown,0,young
management,single,tertiary,no,0,yes,no,cellular,3,feb,2,-1,0,unknown,0,young
technician,married,secondary,no,430,no,no,unknown,13,jun,1,-1,0,unknown,0,older
blue-collar,married,primary,no,3217,yes,no,telephone,30,jul,1,-1,0,unknown,0,older
self-employed,married,secondary,no,2,yes,no,cellular,27,apr,1,240,2,failure,0,young
student,divorced,secondary,no,19,yes,no,unknown,6,may,1,-1,0,unknown,0,older
management,single,primary,no,2880,yes,no,unknown,29,may,1,-1,0,unknown,0,young
blue-collar,married,primary,no,187,no,no,cellular,11,jul,1,176,2,success,0,older
blue-collar,single,primary,no,224,yes,no,unknown,15,may,1,-1,0,unknown,0,young
technician,married,secondary,no,0,yes,yes,cellular,28,jul,3,-1,0,unknown,0,young
management,single,tertiary,no,3850,no,no,cellular,13,aug,2,-1,0,unknown,0,young
technician,single,secondary,no,153,no,no,cellular,8,jul,8,81,6,other,0,young
technician,single,unknown,no,283,no,no,cellular,29,jul,2,346,1,failure,0,young
self-employed,married,tertiary,no,719,no,no,cellular,28,aug,6,-1,0,unknown,1,young
blue-collar,married,secondary,no,-910,yes,yes,unknown,5,may,4,-1,0,unknown,0,young
technician,married,secondary,yes,0,yes,no,cellular,18,nov,3,-1,0,unknown,0,young
technician,married,secondary,no,5906,no,no,telephone,7,may,1,-1,0,unknown,1,older
management,divorced,tertiary,no,288,yes,no,unknown,28,may,1,-1,0,unknown,0,older
retired,married,secondary,no,318,no,no,telephone,8,aug,6,-1,0,unknown,0,older
blue-collar,married,primary,no,560,yes,no,cellular,11,apr,3,-1,0,unknown,1,older
admin.,married,secondary,no,805,yes,no,cellular,17,jul,2,-1,0,unknown,0,young
entrepreneur,married,secondary,no,138,no,no,cellular,1,jul,3,98,5,failure,0,older
admin.,single,secondary,no,31,no,no,cellular,4,feb,1,-1,0,unknown,0,young
management,divorced,primary,no,528,no,no,cellular,28,nov,2,175,2,failure,1,older
blue-collar,single,tertiary,no,418,no,no,cellular,13,feb,2,-1,0,unknown,0,young
management,single,tertiary,no,778,yes,no,unknown,18,jun,1,-1,0,unknown,0,young
blue-collar,married,secondary,no,1226,no,yes,cellular,25,feb,5,-1,0,unknown,0,older
blue-collar,married,secondary,no,502,no,no,telephone,6,feb,5,198,1,other,0,older
blue-collar,married,primary,no,914,yes,no,cellular,8,apr,2,324,3,other,0,older
technician,married,secondary,no,198,yes,yes,cellular,22,jul,1,-1,0,unknown,0,young
admin.,married,unknown,no,1698,yes,no,unknown,21,may,2,-1,0,unknown,0,older
management,single,tertiary,no,820,no,no,cellular,20,aug,4,-1,0,unknown,0,young
student,married,secondary,no,-179,no,yes,cellular,31,jul,22,-1,0,unknown,0,young
admin.,married,secondary,no,1098,no,no,cellular,7,apr,1,-1,0,unknown,0,older
retired,married,primary,no,5205,no,no,unknown,4,may,3,-1,0,unknown,0,young
management,divorced,tertiary,no,446,yes,no,unknown,9,may,5,-1,0,unknown,0,older
technician,married,primary,no,47,yes,no,cellular,7,may,2,359,1,failure,0,older
management,divorced,secondary,no,909,yes,no,cellular,4,jul,1,-1,0,unknown,1,young
blue-collar,married,primary,no,3674,yes,no,unknown,14,may,1,-1,0,unknown,0,older
blue-collar,married,primary,no,2829,no,yes,unknown,15,may,1,-1,0,unknown,0,older
technician,single,secondary,no,0,yes,no,cellular,18,may,2,-1,0,unknown,0,young
admin.,divorced,secondary,no,2714,yes,no,cellular,4,aug,9,-1,0,unknown,0,older
management,single,tertiary,no,57,yes,yes,cellular,17,may,6,-1,0,unknown,0,young
management,married,tertiary,no,0,no,no,cellular,8,aug,2,-1,0,unknown,1,young
admin.,married,secondary,no,392,yes,no,unknown,20,may,1,-1,0,unknown,0,young
technician,single,secondary,no,-94,yes,no,telephone,8,feb,2,-1,0,unknown,0,young
blue-collar,single,secondary,no,272,yes,no,unknown,29,may,1,-1,0,unknown,0,young
blue-collar,single,secondary,no,513,yes,no,telephone,22,may,4,-1,0,unknown,0,young
student,married,tertiary,no,3,no,no,cellular,12,aug,2,-1,0,unknown,0,young
management,divorced,tertiary,no,-59,no,no,cellular,16,feb,1,-1,0,unknown,1,older
technician,married,secondary,no,548,no,no,telephone,28,jul,13,-1,0,unknown,0,older
blue-collar,married,primary,no,309,yes,no,unknown,7,may,1,-1,0,unknown,0,older
blue-collar,married,secondary,no,671,yes,yes,cellular,6,apr,1,-1,0,unknown,0,older
technician,married,tertiary,no,2488,no,yes,cellular,6,jul,2,-1,0,unknown,0,older
blue-collar,married,secondary,no,23,yes,no,unknown,25,may,1,-1,0,unknown,0,young
self-employed,divorced,secondary,no,23,no,yes,unknown,27,may,2,-1,0,unknown,0,young
technician,married,primary,no,2611,yes,no,telephone,25,jan,3,-1,0,unknown,0,older
technician,divorced,tertiary,no,2877,no,no,cellular,21,aug,1,-1,0,unknown,1,young
technician,single,tertiary,no,360,yes,no,cellular,1,sep,3,211,4,other,0,young
self-employed,married,secondary,no,643,yes,no,unknown,29,may,1,-1,0,unknown,0,young
management,single,tertiary,no,349,no,no,telephone,21,aug,6,-1,0,unknown,1,young
blue-collar,married,primary,no,1879,no,no,cellular,12,nov,2,-1,0,unknown,0,older
blue-collar,married,secondary,no,1390,yes,no,unknown,8,jan,2,-1,0,unknown,0,older
unknown,married,tertiary,no,3023,no,no,cellular,16,jan,3,-1,0,unknown,0,young
management,married,secondary,no,0,yes,no,cellular,8,aug,7,-1,0,unknown,0,older
management,married,tertiary,no,467,no,no,cellular,27,feb,2,-1,6,failure,1,older
management,married,tertiary,no,132,yes,no,cellular,13,apr,1,-1,0,unknown,0,young
admin.,married,secondary,no,79,yes,no,cellular,21,may,2,304,2,failure,0,older
management,married,primary,no,941,no,no,cellular,7,mar,1,-1,0,unknown,0,older
blue-collar,married,secondary,no,3,yes,no,cellular,21,jun,1,-1,0,unknown,1,young
management,married,tertiary,no,129,yes,yes,telephone,12,may,1,-1,0,unknown,0,young
admin.,married,secondary,yes,-574,yes,no,cellular,14,may,1,-1,0,unknown,0,older
blue-collar,married,primary,no,149,no,yes,cellular,31,jul,22,-1,0,unknown,0,older
admin.,married,secondary,no,1492,yes,no,cellular,14,may,2,-1,0,unknown,0,young
blue-collar,single,primary,yes,-80,yes,no,unknown,7,may,2,-1,0,unknown,0,young
blue-collar,divorced,primary,no,435,no,no,cellular,16,jul,1,-1,0,unknown,0,older
student,married,secondary,no,591,yes,yes,cellular,15,may,2,-1,0,unknown,0,older
technician,married,secondary,no,178,yes,no,cellular,18,aug,1,-1,0,unknown,0,young
admin.,divorced,secondary,no,2148,yes,no,cellular,8,may,1,367,3,failure,0,young
unemployed,married,tertiary,no,482,no,no,telephone,6,may,1,-1,0,unknown,0,older
management,married,tertiary,no,1750,yes,no,unknown,6,may,2,-1,0,unknown,0,older
admin.,divorced,secondary,no,11,yes,yes,cellular,17,jun,2,-1,0,unknown,0,young
services,divorced,secondary,no,-94,yes,no,unknown,11,may,2,-1,0,unknown,0,older
entrepreneur,married,primary,no,2153,yes,no,cellular,19,nov,2,130,3,success,0,older
management,single,secondary,no,885,yes,no,cellular,28,may,1,-1,0,unknown,0,young
blue-collar,married,primary,no,1448,no,no,cellular,17,feb,1,-1,0,unknown,0,older
services,married,secondary,no,10781,no,no,unknown,21,jun,2,-1,0,unknown,0,older
technician,married,secondary,no,161,no,no,unknown,2,jun,1,-1,0,unknown,0,older
services,divorced,primary,no,1921,yes,no,cellular,18,jul,3,188,2,success,0,older
blue-collar,single,primary,no,408,no,no,cellular,11,aug,2,-1,1,failure,1,young
blue-collar,married,secondary,no,-27,yes,yes,cellular,28,jan,3,-1,0,unknown,0,older
admin.,married,unknown,no,1151,no,no,telephone,28,may,1,-1,0,unknown,0,older
technician,single,secondary,no,-78,yes,no,cellular,14,jul,1,-1,0,unknown,0,older
technician,married,secondary,no,104,no,no,cellular,13,feb,2,-1,0,unknown,0,older
services,married,secondary,no,679,no,no,cellular,17,jul,1,-1,0,unknown,0,young
management,married,tertiary,no,1572,yes,no,cellular,25,feb,4,330,2,other,0,young
technician,single,secondary,no,1,no,no,unknown,25,may,1,-1,0,unknown,0,young
management,single,secondary,no,14372,yes,no,cellular,5,feb,3,-1,0,unknown,0,older
management,single,tertiary,no,4270,no,no,cellular,15,jun,1,92,1,failure,0,young
blue-collar,single,unknown,no,2622,no,no,cellular,22,jul,1,-1,0,unknown,1,older
student,single,tertiary,no,1288,no,no,cellular,29,aug,2,-1,0,other,0,young
technician,married,secondary,no,199,yes,yes,cellular,19,aug,1,-1,0,unknown,0,older
admin.,single,secondary,no,1796,no,no,cellular,6,jul,1,-1,0,unknown,0,young
technician,married,secondary,no,2435,no,no,cellular,26,aug,6,-1,0,unknown,0,older
management,single,tertiary,no,484,no,no,cellular,14,may,1,-1,0,unknown,0,young
services,divorced,tertiary,no,1179,no,no,cellular,16,aug,2,-1,0,unknown,1,older
technician,single,secondary,no,31,no,no,cellular,20,aug,5,-1,0,unknown,0,young
services,married,unknown,no,249,yes,yes,unknown,20,may,1,-1,0,unknown,0,young
technician,married,secondary,no,0,no,yes,cellular,14,aug,2,-1,0,unknown,0,older
services,single,primary,no,689,no,no,cellular,9,nov,1,91,3,success,1,older
management,married,tertiary,no,3481,yes,no,cellular,9,aug,1,215,1,other,0,older
technician,divorced,secondary,no,0,yes,no,cellular,20,nov,2,-1,0,unknown,0,young
retired,married,secondary,no,-80,yes,yes,cellular,14,may,1,-1,0,unknown,0,older
unknown,married,secondary,no,0,no,no,telephone,16,may,2,-1,0,unknown,0,older
management,married,tertiary,no,1134,yes,no,cellular,7,may,1,-1,0,unknown,0,young
technician,married,secondary,no,635,yes,no,telephone,19,jul,7,-1,0,unknown,0,young
services,single,secondary,no,199,yes,no,cellular,15,may,2,277,3,other,0,young
services,married,tertiary,no,2771,yes,no,unknown,14,jul,18,-1,0,unknown,0,young
self-employed,married,tertiary,no,207,yes,yes,cellular,20,nov,2,182,1,failure,0,older
admin.,single,secondary,no,14,yes,yes,unknown,20,may,1,-1,0,unknown,0,young
management,married,tertiary,no,1797,no,no,cellular,11,may,6,-1,0,unknown,1,older
technician,married,secondary,no,214,yes,no,cellular,18,apr,1,-1,0,unknown,0,young
services,married,unknown,no,1976,yes,no,cellular,8,may,6,-1,11,success,0,young
admin.,divorced,secondary,no,119,no,no,unknown,16,jun,1,-1,0,unknown,0,young
blue-collar,single,primary,no,1732,no,no,cellular,13,may,2,181,1,failure,0,young
management,married,secondary,no,500,yes,no,cellular,8,apr,1,297,2,failure,0,young
admin.,married,secondary,no,137,yes,yes,cellular,28,aug,2,-1,0,unknown,0,young
technician,single,secondary,no,1047,yes,no,unknown,13,may,1,-1,0,unknown,0,older
technician,married,secondary,no,108,yes,no,cellular,20,aug,3,-1,0,unknown,0,older
services,single,tertiary,no,0,no,no,cellular,13,aug,3,-1,0,unknown,0,young
blue-collar,divorced,secondary,no,341,no,no,cellular,2,aug,2,-1,0,unknown,0,older
admin.,single,secondary,no,428,yes,no,cellular,25,aug,8,-1,0,unknown,0,young
management,single,tertiary,no,2237,no,no,unknown,4,jun,17,-1,0,unknown,0,young
blue-collar,married,secondary,no,239,yes,yes,cellular,19,nov,1,351,3,failure,0,young
technician,single,secondary,no,-176,yes,no,unknown,25,may,1,-1,0,unknown,0,young
technician,married,tertiary,no,5496,no,no,cellular,26,aug,2,-1,0,unknown,0,older
admin.,divorced,secondary,no,196,no,no,unknown,16,mar,8,-1,0,unknown,1,young
management,married,tertiary,no,444,yes,no,unknown,8,may,10,-1,0,unknown,0,young
services,married,primary,no,144,no,no,cellular,8,aug,5,-1,0,unknown,0,older
management,single,tertiary,no,287,yes,no,unknown,18,may,1,-1,0,unknown,0,young
technician,single,tertiary,no,216,no,no,cellular,23,aug,16,-1,0,unknown,0,young
management,married,tertiary,no,2545,no,no,cellular,31,jul,8,-1,0,unknown,0,young
blue-collar,married,secondary,no,306,no,no,cellular,4,jun,3,450,5,other,0,young
blue-collar,married,unknown,no,0,yes,no,unknown,27,may,2,-1,0,unknown,0,older
admin.,divorced,secondary,no,1067,no,no,cellular,23,jul,2,-1,0,unknown,0,young
admin.,married,secondary,yes,0,yes,yes,cellular,13,may,2,227,2,failure,0,young
technician,single,tertiary,no,497,yes,no,unknown,25,may,1,-1,0,unknown,0,young
management,married,tertiary,no,893,yes,no,cellular,16,feb,1,-1,0,unknown,0,young
admin.,divorced,secondary,no,386,no,no,cellular,19,apr,1,183,2,failure,0,older
management,single,tertiary,no,1285,no,no,unknown,26,may,2,-1,0,unknown,0,young
management,married,tertiary,no,889,yes,no,cellular,18,may,1,-1,0,unknown,0,older
blue-collar,married,primary,no,380,yes,no,cellular,30,jan,2,275,2,other,0,young
self-employed,married,secondary,no,237,yes,no,cellular,24,jul,1,-1,0,unknown,0,young
blue-collar,divorced,primary,no,787,yes,yes,unknown,11,may,4,-1,0,unknown,0,young
blue-collar,married,secondary,no,1691,yes,no,telephone,25,jun,2,-1,0,unknown,0,young
admin.,single,tertiary,no,880,yes,no,cellular,13,jul,6,-1,0,unknown,0,young
blue-collar,single,primary,no,36,yes,yes,cellular,17,may,2,558,3,failure,0,young
admin.,married,primary,no,7,yes,no,cellular,16,aug,2,-1,0,unknown,0,older
technician,married,primary,no,555,yes,no,unknown,9,may,1,-1,0,unknown,0,young
management,married,tertiary,no,2521,yes,no,cellular,4,may,2,-1,0,unknown,0,older
admin.,married,secondary,no,2634,no,no,telephone,26,may,3,218,2,failure,1,older
technician,single,tertiary,no,297,yes,no,cellular,20,nov,1,-1,0,unknown,0,young
technician,single,secondary,no,657,yes,yes,unknown,14,may,1,-1,0,unknown,0,young
blue-collar,married,primary,no,573,no,no,unknown,12,jun,2,-1,0,unknown,0,older
technician,married,secondary,no,1290,yes,yes,cellular,20,aug,2,-1,0,unknown,0,young
blue-collar,married,primary,no,0,yes,no,cellular,17,may,3,251,4,success,0,older
blue-collar,married,secondary,no,11,no,no,cellular,5,feb,9,-1,0,unknown,0,older
blue-collar,married,primary,no,130,yes,no,unknown,3,jun,1,-1,0,unknown,0,older
admin.,married,secondary,no,993,no,no,unknown,13,jun,1,-1,0,unknown,0,young
blue-collar,married,secondary,no,533,yes,no,cellular,15,may,2,276,4,failure,0,older
admin.,married,secondary,no,101,no,no,cellular,13,aug,2,-1,0,unknown,0,young
admin.,divorced,primary,no,11,yes,no,cellular,13,may,9,363,5,other,0,young
technician,married,secondary,no,47,yes,no,cellular,16,may,1,292,2,failure,0,older
admin.,married,secondary,no,336,yes,no,cellular,15,jul,1,97,4,failure,0,older
blue-collar,divorced,secondary,no,2057,yes,yes,unknown,9,may,1,-1,0,unknown,0,young
blue-collar,married,secondary,no,3637,yes,no,unknown,26,may,2,-1,0,unknown,1,older
technician,married,secondary,no,2228,no,no,cellular,16,nov,2,-1,0,unknown,0,older
blue-collar,married,secondary,no,496,yes,no,cellular,21,jul,1,-1,0,unknown,0,young
student,married,secondary,no,7,no,yes,cellular,18,jun,1,-1,0,unknown,0,young
blue-collar,married,secondary,no,174,yes,no,unknown,3,may,2,-1,0,unknown,0,older
entrepreneur,single,unknown,no,-493,yes,no,cellular,13,may,1,-1,0,unknown,0,young
blue-collar,married,primary,no,738,no,no,telephone,23,jun,1,-1,0,unknown,0,older
management,married,primary,no,658,yes,no,unknown,26,may,1,-1,0,unknown,0,young
blue-collar,married,secondary,no,952,no,no,unknown,7,jun,3,-1,0,unknown,0,older
management,single,tertiary,no,688,yes,no,cellular,21,apr,3,296,1,failure,0,young
technician,married,tertiary,no,172,yes,no,unknown,7,may,1,-1,0,unknown,0,young
blue-collar,married,secondary,no,5760,yes,no,cellular,9,aug,3,-1,0,unknown,0,older
technician,single,tertiary,no,-505,no,no,cellular,20,aug,2,-1,0,unknown,0,young
technician,single,secondary,no,25,no,no,telephone,19,sep,2,431,3,failure,1,young
admin.,married,secondary,no,594,no,yes,cellular,21,nov,1,-1,0,unknown,1,young
management,married,tertiary,no,-463,yes,no,unknown,21,may,3,-1,0,unknown,0,older
student,single,secondary,no,-253,yes,yes,unknown,27,may,4,-1,0,unknown,0,young
blue-collar,married,secondary,no,23,yes,yes,cellular,12,jul,1,-1,0,unknown,0,young
management,married,tertiary,no,492,no,no,cellular,19,aug,4,-1,0,unknown,0,young
technician,divorced,tertiary,no,291,yes,yes,unknown,23,may,2,-1,0,unknown,0,young
admin.,married,secondary,no,249,no,no,cellular,20,nov,1,-1,0,unknown,1,older
blue-collar,divorced,primary,no,0,no,no,cellular,29,feb,1,-1,0,unknown,0,older
management,single,tertiary,no,247,yes,no,telephone,31,jul,31,324,0,other,0,older
retired,married,secondary,no,1161,yes,yes,cellular,12,may,2,343,3,failure,0,young
blue-collar,married,secondary,no,0,no,no,telephone,28,may,3,-1,0,unknown,0,older
technician,married,secondary,no,37,no,no,cellular,12,aug,2,-1,0,unknown,0,older
admin.,single,secondary,no,11039,no,no,cellular,17,jul,1,-1,0,unknown,0,older
blue-collar,married,secondary,no,0,yes,yes,cellular,31,jul,2,-1,0,unknown,0,older
blue-collar,single,secondary,no,1793,yes,no,unknown,8,may,2,-1,0,unknown,0,young
management,married,tertiary,no,1035,yes,no,unknown,21,may,1,-1,0,unknown,0,older
services,married,secondary,no,143,yes,no,cellular,19,jul,3,-1,0,unknown,0,older
management,married,tertiary,no,2688,no,no,cellular,7,jan,1,-1,0,unknown,0,young
blue-collar,single,secondary,no,1588,yes,no,unknown,25,jun,8,-1,0,unknown,0,young
management,single,tertiary,no,643,yes,no,unknown,2,may,1,-1,0,unknown,0,young
blue-collar,married,secondary,no,61,yes,no,unknown,9,may,1,-1,0,unknown,0,young
admin.,divorced,secondary,no,0,no,yes,cellular,23,nov,1,-1,0,unknown,0,older
management,single,tertiary,no,65,no,no,cellular,13,jan,1,-1,0,unknown,0,young
management,single,tertiary,no,84,yes,yes,cellular,7,jul,2,-1,0,unknown,0,young
management,married,tertiary,no,1255,no,no,cellular,12,may,3,-1,0,unknown,0,older
retired,married,primary,no,401,yes,no,unknown,7,may,1,-1,0,unknown,0,older
admin.,married,secondary,no,177,yes,no,cellular,14,apr,2,350,2,failure,0,young
technician,single,secondary,no,23,yes,no,cellular,12,jul,1,-1,0,unknown,0,young
admin.,married,tertiary,no,34504,no,no,cellular,12,oct,2,-1,0,unknown,0,older
management,married,secondary,no,1832,yes,no,unknown,8,may,1,-1,0,unknown,0,young
blue-collar,married,primary,no,3050,no,no,cellular,21,aug,5,-1,0,unknown,0,older
management,married,tertiary,no,221,yes,no,unknown,29,may,5,-1,0,unknown,0,older
blue-collar,married,primary,no,572,yes,no,telephone,18,jul,15,276,5,other,0,older
technician,single,secondary,no,217,yes,no,cellular,30,apr,2,-1,0,unknown,1,young
blue-collar,married,primary,no,199,yes,no,unknown,15,may,1,-1,0,unknown,0,young
admin.,divorced,secondary,no,44794,yes,no,cellular,17,nov,5,-1,0,unknown,0,older
technician,married,secondary,no,-496,no,no,cellular,31,jan,1,325,0,success,0,older
entrepreneur,married,secondary,no,2917,yes,no,unknown,27,may,1,-1,0,unknown,0,young
management,single,tertiary,no,84,yes,yes,unknown,4,may,3,-1,0,unknown,0,older
admin.,single,tertiary,no,2365,no,no,unknown,30,may,2,-1,0,unknown,1,older
management,married,tertiary,no,0,no,no,cellular,22,aug,8,-1,0,unknown,0,older
blue-collar,single,primary,no,704,yes,no,cellular,3,jul,1,190,1,failure,0,young
admin.,single,secondary,no,1533,yes,no,cellular,17,may,2,-1,0,unknown,0,young
management,divorced,primary,no,751,yes,no,unknown,6,may,1,-1,0,unknown,0,older
admin.,single,secondary,no,461,no,no,cellular,14,feb,2,-1,0,unknown,0,young
self-employed,single,secondary,no,47,no,no,unknown,20,jun,2,-1,0,unknown,0,young
management,married,secondary,no,2344,yes,yes,cellular,20,apr,4,245,1,failure,0,young
blue-collar,married,primary,no,-495,yes,no,unknown,15,may,10,-1,0,unknown,0,young
blue-collar,married,secondary,no,272,yes,no,cellular,8,may,2,-1,0,unknown,0,older
retired,married,secondary,no,3338,no,no,cellular,19,jun,1,-1,0,unknown,0,older
blue-collar,divorced,secondary,no,688,yes,no,cellular,18,apr,1,-1,0,unknown,0,older
management,single,tertiary,no,3706,yes,no,cellular,28,aug,3,91,2,other,1,young
admin.,married,tertiary,no,42,no,no,cellular,24,aug,1,-1,0,unknown,0,young
blue-collar,married,primary,no,254,yes,yes,unknown,6,may,2,-1,0,unknown,0,young
management,divorced,unknown,no,0,yes,no,unknown,7,jun,2,-1,0,unknown,0,older
blue-collar,married,secondary,no,926,no,yes,cellular,4,aug,2,-1,0,unknown,0,older
technician,married,secondary,no,1228,no,no,cellular,26,aug,4,-1,0,unknown,0,young
blue-collar,married,primary,no,0,no,yes,cellular,11,jun,1,-1,0,unknown,0,young
technician,single,secondary,no,1,yes,no,unknown,21,may,1,-1,0,unknown,0,young
services,married,primary,no,6235,no,no,unknown,9,jun,3,-1,0,unknown,0,older
blue-collar,married,primary,no,7084,no,no,cellular,25,nov,1,-1,3,failure,0,older
services,married,tertiary,no,140,yes,yes,unknown,14,jun,1,-1,0,unknown,0,young
blue-collar,divorced,unknown,no,481,yes,no,cellular,15,apr,1,252,3,other,0,young
self-employed,married,tertiary,no,80,yes,no,cellular,31,jul,2,-1,0,unknown,0,older
management,single,tertiary,no,1049,no,no,unknown,13,may,4,-1,0,unknown,0,young
blue-collar,single,secondary,no,316,yes,no,unknown,21,may,2,-1,0,unknown,1,young
services,married,tertiary,no,3149,no,no,telephone,30,nov,2,-1,0,unknown,1,young
technician,single,secondary,no,398,no,no,unknown,8,jun,1,-1,0,unknown,0,older
retired,married,tertiary,no,319,yes,no,cellular,27,jul,1,-1,0,unknown,0,young
blue-collar,married,primary,no,801,no,no,telephone,27,nov,2,-1,0,unknown,0,older
student,divorced,secondary,no,270,no,no,cellular,26,jun,2,-1,0,unknown,0,young
technician,married,secondary,no,119,yes,yes,unknown,23,may,1,-1,0,unknown,0,young
blue-collar,married,primary,no,978,yes,no,unknown,29,may,2,-1,0,unknown,0,older
services,divorced,tertiary,no,513,yes,no,cellular,8,may,1,-1,0,unknown,0,young
technician,married,unknown,no,3744,yes,yes,unknown,22,may,1,-1,0,unknown,0,older
management,married,tertiary,no,30,yes,no,unknown,19,may,6,-1,0,unknown,0,older
technician,married,secondary,no,198,yes,no,cellular,15,may,1,364,2,failure,0,young
blue-collar,married,secondary,no,607,yes,yes,unknown,22,may,5,-1,0,unknown,0,older
blue-collar,divorced,secondary,no,0,yes,yes,unknown,4,may,4,-1,0,unknown,0,older
management,single,tertiary,no,1314,yes,no,cellular,18,may,2,-1,0,unknown,0,young
blue-collar,married,primary,no,-429,yes,no,unknown,18,may,3,-1,0,unknown,0,older
blue-collar,married,secondary,no,397,yes,no,cellular,25,apr,1,363,1,failure,0,older
blue-collar,single,primary,no,57,yes,yes,cellular,5,apr,1,-1,0,unknown,0,older
blue-collar,married,secondary,no,955,yes,no,unknown,26,may,3,-1,0,unknown,0,older
retired,married,secondary,yes,-447,yes,no,cellular,8,apr,1,-1,0,unknown,0,young
services,single,secondary,no,490,no,no,telephone,30,aug,1,279,1,failure,0,young
blue-collar,married,secondary,no,-392,yes,yes,unknown,14,may,1,-1,0,unknown,0,older
management,married,secondary,no,258,yes,yes,cellular,7,jul,2,-1,0,unknown,1,young
services,married,secondary,no,755,no,no,cellular,12,aug,1,-1,0,unknown,0,young
services,married,tertiary,no,677,yes,yes,cellular,20,may,1,-1,5,failure,0,young
entrepreneur,married,secondary,no,4369,no,no,cellular,25,jul,2,-1,0,unknown,0,older
technician,married,unknown,no,688,yes,no,unknown,18,may,1,-1,0,unknown,0,older
blue-collar,married,secondary,no,2076,yes,no,cellular,18,may,1,-1,0,unknown,0,young
blue-collar,single,secondary,no,3213,no,yes,cellular,19,nov,1,95,3,other,0,young
admin.,married,secondary,no,771,no,no,cellular,8,jun,3,-1,0,unknown,0,older
management,single,tertiary,no,244,no,no,cellular,20,nov,1,-1,0,unknown,1,young
technician,married,secondary,no,0,no,no,cellular,21,aug,2,-1,0,unknown,0,young
management,divorced,tertiary,no,1422,yes,no,cellular,5,aug,2,-1,0,unknown,0,young
blue-collar,single,secondary,no,3499,yes,yes,cellular,2,aug,2,-1,0,unknown,0,young
unemployed,married,secondary,no,349,no,no,cellular,9,aug,2,-1,0,unknown,0,young
services,married,secondary,no,88,no,no,cellular,21,nov,1,-1,0,unknown,0,young
management,single,primary,no,-476,no,no,cellular,26,may,1,-1,0,unknown,0,older
management,single,tertiary,no,776,no,yes,unknown,27,jun,2,-1,0,unknown,0,young
technician,married,secondary,no,403,yes,yes,cellular,11,jun,1,-1,0,unknown,0,young
technician,single,tertiary,no,672,no,no,cellular,30,aug,1,-1,2,failure,0,young
management,married,tertiary,no,3823,yes,no,unknown,14,may,2,-1,0,unknown,0,older
management,married,secondary,no,839,no,yes,cellular,21,oct,3,-1,0,unknown,0,older
management,married,unknown,no,692,no,no,cellular,2,jun,5,272,2,success,1,young
management,married,secondary,no,0,yes,yes,cellular,18,jul,6,-1,0,unknown,0,young
management,married,tertiary,no,1345,yes,no,unknown,6,may,1,-1,0,unknown,0,young
management,single,tertiary,no,787,no,no,cellular,1,jan,1,-1,0,unknown,0,young
services,married,secondary,no,81,no,no,cellular,4,jul,2,-1,0,unknown,0,young
blue-collar,married,tertiary,no,27,yes,no,cellular,9,may,2,-1,0,unknown,1,older
admin.,married,secondary,no,154,no,yes,cellular,21,jan,1,-1,0,unknown,0,older
services,married,tertiary,no,117,no,no,cellular,19,aug,3,-1,0,unknown,0,young
blue-collar,married,secondary,no,785,yes,no,telephone,28,jul,2,-1,0,unknown,0,young
blue-collar,single,secondary,no,1092,no,no,cellular,19,aug,2,-1,0,unknown,0,young
blue-collar,married,secondary,no,21,yes,no,cellular,28,apr,4,-1,0,unknown,0,young
blue-collar,married,primary,no,1553,no,no,cellular,8,jan,3,-1,0,unknown,1,older
technician,single,primary,no,1060,yes,no,cellular,9,dec,2,181,6,success,0,young
management,married,secondary,no,519,yes,no,cellular,21,feb,3,-1,0,unknown,0,young
blue-collar,married,primary,no,0,yes,no,unknown,7,may,2,-1,0,unknown,0,older
housemaid,married,secondary,no,-200,no,no,cellular,20,jan,2,-1,0,unknown,0,older
admin.,married,tertiary,no,777,yes,no,cellular,6,aug,4,-1,0,unknown,0,young
technician,married,tertiary,no,1109,yes,yes,cellular,16,may,2,183,3,failure,0,older
blue-collar,divorced,primary,no,-323,yes,no,cellular,14,may,2,350,1,failure,0,older
admin.,married,secondary,no,4003,yes,yes,unknown,11,may,2,-1,0,unknown,0,young
admin.,single,secondary,no,-447,yes,no,unknown,28,may,2,-1,0,unknown,0,young
technician,married,secondary,no,1388,yes,no,cellular,18,aug,3,-1,0,unknown,0,older
management,divorced,secondary,no,5202,no,no,cellular,19,nov,2,-1,0,unknown,0,older
blue-collar,single,primary,no,1300,no,no,cellular,22,may,1,-1,0,unknown,0,young
blue-collar,married,unknown,no,1964,yes,no,cellular,27,jul,5,-1,0,unknown,0,older
services,single,tertiary,no,47,yes,no,cellular,3,feb,2,118,2,failure,0,older
technician,divorced,unknown,no,-40,yes,no,unknown,4,may,3,-1,0,unknown,0,young
self-employed,married,tertiary,no,809,no,no,cellular,30,apr,1,-1,0,unknown,0,older
housemaid,married,tertiary,no,525,yes,no,cellular,28,jan,3,180,3,other,0,older
technician,married,secondary,no,1482,no,no,cellular,13,nov,1,178,2,success,1,older
management,married,secondary,no,1231,yes,no,cellular,20,nov,4,151,36,other,0,older
management,divorced,tertiary,no,2561,no,no,cellular,22,jun,4,-1,0,unknown,0,older
management,divorced,tertiary,no,-288,no,no,cellular,31,jul,1,-1,2,success,1,older
blue-collar,married,primary,no,410,yes,no,unknown,29,may,4,-1,0,unknown,0,young
unknown,married,tertiary,no,-8019,no,no,unknown,31,sep,1,850,55,failure,1,young
blue-collar,married,primary,no,132,yes,no,cellular,20,may,1,-1,0,unknown,0,young
services,married,primary,no,1064,yes,no,unknown,20,may,1,-1,0,unknown,0,young
self-employed,divorced,secondary,no,404,no,no,cellular,19,aug,2,-1,0,unknown,0,older
management,married,tertiary,no,0,yes,no,unknown,6,may,1,-1,0,unknown,0,older
technician,married,secondary,no,9,yes,no,unknown,4,may,2,-1,0,unknown,0,young
blue-collar,married,secondary,no,10429,yes,no,cellular,6,apr,2,169,2,other,0,young
management,single,tertiary,no,76,yes,no,cellular,18,aug,2,-1,0,unknown,0,young
technician,married,secondary,no,394,no,no,cellular,12,may,6,-1,0,unknown,0,young
blue-collar,married,unknown,no,8485,no,no,cellular,19,aug,3,-1,0,unknown,0,older
blue-collar,married,primary,no,40,yes,no,unknown,24,may,1,-1,0,unknown,0,young
blue-collar,married,secondary,no,1299,no,no,cellular,2,jul,5,-1,0,unknown,0,older
admin.,single,secondary,no,784,no,no,telephone,19,sep,1,160,3,failure,0,young
services,divorced,secondary,no,802,yes,no,unknown,5,jun,2,-1,0,unknown,0,older
technician,married,secondary,no,5043,no,no,cellular,9,aug,2,-1,0,unknown,0,older
technician,single,secondary,no,0,no,no,cellular,19,aug,3,-1,0,unknown,0,young
admin.,married,secondary,no,1472,yes,no,unknown,4,jun,2,-1,0,unknown,0,older
technician,single,secondary,no,39,yes,yes,cellular,15,feb,2,-1,0,unknown,0,young
technician,single,tertiary,no,710,yes,yes,cellular,14,aug,1,-1,0,unknown,0,young
blue-collar,single,secondary,no,29,no,no,unknown,4,may,1,-1,0,unknown,0,young
admin.,single,secondary,no,1666,yes,no,cellular,11,may,2,-1,0,unknown,0,young
blue-collar,married,secondary,no,127,yes,no,unknown,7,may,1,-1,0,unknown,0,older
blue-collar,divorced,secondary,no,853,yes,yes,unknown,30,may,5,-1,0,unknown,0,older
technician,divorced,secondary,no,179,yes,yes,cellular,18,nov,2,-1,0,unknown,0,older
management,divorced,tertiary,no,8223,yes,no,cellular,20,nov,1,-1,0,unknown,0,young
blue-collar,married,secondary,no,0,yes,no,unknown,9,may,2,-1,0,unknown,0,older
technician,single,secondary,no,623,no,no,cellular,2,jul,2,-1,0,unknown,0,young
technician,married,secondary,no,2767,no,no,cellular,28,aug,6,-1,0,unknown,0,older
blue-collar,married,secondary,no,1632,yes,yes,cellular,18,apr,2,-1,0,unknown,0,older
technician,married,tertiary,no,7,yes,no,cellular,6,may,3,334,5,failure,0,young
unknown,married,secondary,no,865,yes,no,unknown,16,may,2,-1,0,unknown,0,older
blue-collar,divorced,secondary,no,-387,yes,no,unknown,28,may,4,-1,0,unknown,0,young
technician,married,tertiary,no,2971,no,no,cellular,29,aug,24,-1,0,unknown,0,older
blue-collar,married,primary,no,2246,yes,no,unknown,3,may,2,-1,0,unknown,0,older
admin.,married,unknown,no,3038,yes,no,unknown,29,may,1,-1,0,unknown,0,young
admin.,divorced,secondary,no,-362,no,no,cellular,12,aug,2,-1,0,unknown,0,young
student,divorced,tertiary,no,2346,yes,no,cellular,13,aug,10,-1,0,unknown,0,older
self-employed,single,tertiary,no,226,no,no,unknown,18,may,5,-1,0,unknown,0,young
technician,divorced,secondary,no,4126,no,no,cellular,28,aug,1,150,5,success,1,older
services,single,secondary,no,-554,no,yes,cellular,20,apr,1,-1,0,unknown,0,young
technician,married,tertiary,no,-1267,yes,yes,cellular,29,jul,2,-1,0,unknown,0,older
blue-collar,married,primary,no,3360,yes,no,cellular,19,may,1,-1,0,unknown,0,young
technician,divorced,secondary,no,-568,yes,no,cellular,3,feb,1,-1,0,unknown,0,older
blue-collar,married,secondary,no,1548,yes,no,unknown,20,may,1,-1,0,unknown,0,young
management,divorced,tertiary,no,625,no,no,cellular,8,aug,2,-1,0,unknown,0,older
services,married,tertiary,no,590,no,no,unknown,6,jul,2,-1,0,unknown,0,young
services,married,secondary,no,366,yes,yes,cellular,18,may,4,-1,0,unknown,0,older
management,married,secondary,no,1318,yes,no,cellular,27,may,1,202,0,failure,0,young
technician,married,secondary,yes,1665,yes,no,cellular,6,may,2,-1,4,failure,0,young
blue-collar,married,secondary,no,0,no,no,cellular,29,jul,1,-1,0,unknown,0,young
management,single,tertiary,no,0,yes,no,unknown,18,may,1,-1,0,unknown,0,young
management,married,tertiary,no,398,no,no,cellular,14,aug,23,-1,0,unknown,0,young
services,single,secondary,no,3472,yes,no,unknown,4,may,2,-1,0,unknown,0,young
blue-collar,married,secondary,no,-1,yes,no,unknown,9,may,1,-1,0,unknown,0,older
management,married,primary,no,0,no,no,telephone,6,jun,2,-1,0,unknown,0,older
blue-collar,married,primary,no,5217,no,no,unknown,2,may,1,-1,0,unknown,0,older
blue-collar,married,secondary,no,288,yes,no,cellular,18,may,1,291,1,failure,0,young
management,married,tertiary,no,1241,no,no,telephone,16,feb,3,-1,0,unknown,1,young
admin.,single,primary,no,3,no,yes,unknown,11,may,3,-1,0,unknown,0,young
management,single,tertiary,no,0,yes,no,telephone,30,jul,2,-1,0,unknown,0,young
management,single,tertiary,no,135,yes,no,unknown,9,jun,3,-1,0,unknown,1,young
self-employed,single,secondary,no,845,yes,no,unknown,18,may,1,-1,0,unknown,0,young
management,married,tertiary,no,250,no,no,cellular,13,feb,3,-1,0,unknown,0,older
blue-collar,married,primary,no,28,yes,no,unknown,20,may,1,-1,0,unknown,0,older
blue-collar,married,secondary,no,398,yes,no,cellular,28,jul,1,-1,0,unknown,0,young
blue-collar,married,secondary,no,1720,yes,no,cellular,30,aug,5,-1,0,unknown,0,older
management,married,secondary,no,1267,yes,yes,unknown,9,may,1,-1,0,unknown,0,older
blue-collar,married,secondary,no,0,yes,no,unknown,15,jun,3,-1,0,unknown,0,older
admin.,single,secondary,no,11,no,no,cellular,18,apr,1,182,1,failure,0,young
management,married,tertiary,no,868,no,no,unknown,3,mar,2,-1,0,unknown,0,older
admin.,married,primary,no,922,yes,no,cellular,31,jun,2,-1,0,unknown,0,older
services,single,secondary,no,606,no,no,cellular,4,sep,1,-1,0,unknown,1,young
blue-collar,married,secondary,no,1504,yes,yes,cellular,18,apr,2,349,1,failure,0,older
blue-collar,married,primary,no,82,yes,no,cellular,7,jun,1,273,2,success,0,young
technician,single,secondary,no,906,no,no,cellular,12,apr,2,-1,0,unknown,0,young
blue-collar,single,secondary,no,969,no,no,cellular,12,jul,3,-1,0,unknown,0,young
self-employed,married,secondary,no,2460,no,no,cellular,19,may,2,-1,0,unknown,0,older
management,married,tertiary,no,953,yes,no,unknown,8,may,1,-1,0,unknown,0,older
blue-collar,married,secondary,no,71,yes,no,cellular,19,jul,1,167,2,failure,0,older
management,married,tertiary,no,1397,yes,yes,cellular,17,nov,1,-1,0,unknown,0,older
self-employed,married,unknown,no,469,yes,yes,unknown,30,may,2,-1,0,unknown,0,older
technician,married,secondary,no,8296,no,no,cellular,17,jul,1,-1,0,unknown,0,older
management,divorced,tertiary,no,532,yes,no,unknown,16,may,1,-1,0,unknown,0,young
services,single,secondary,no,2511,yes,no,cellular,20,may,1,-1,0,unknown,0,young
technician,married,secondary,no,1005,no,no,cellular,5,aug,2,-1,0,unknown,0,older
retired,single,secondary,no,-226,yes,yes,unknown,18,may,1,-1,0,unknown,0,older
admin.,single,secondary,no,1611,yes,yes,unknown,14,may,1,-1,0,unknown,1,young
services,divorced,tertiary,yes,0,no,no,cellular,12,jul,2,-1,0,unknown,0,young
admin.,married,secondary,no,1632,yes,no,unknown,28,may,2,-1,0,unknown,0,young
management,married,tertiary,no,77,no,no,cellular,3,aug,1,-1,0,unknown,0,young
management,married,tertiary,no,9496,no,no,unknown,15,jul,1,-1,0,unknown,0,older
blue-collar,married,primary,no,62,yes,yes,cellular,6,jul,9,267,11,failure,0,young
student,married,secondary,no,1350,no,no,unknown,7,may,4,-1,0,unknown,0,young
technician,married,primary,no,0,yes,no,cellular,14,apr,2,-1,0,unknown,0,older
blue-collar,married,secondary,no,2853,yes,yes,cellular,11,may,1,94,8,success,0,young
blue-collar,married,primary,no,1554,no,no,telephone,8,may,1,194,1,success,0,older
management,married,tertiary,no,3912,no,no,cellular,3,aug,2,-1,0,unknown,1,young
technician,married,secondary,no,108,yes,no,unknown,25,may,1,-1,0,unknown,0,older
technician,married,secondary,no,2467,no,no,unknown,9,jul,1,-1,0,unknown,0,older
technician,married,tertiary,no,37,no,no,cellular,21,aug,5,-1,0,unknown,1,young
blue-collar,married,primary,no,743,no,no,unknown,5,jul,2,-1,0,unknown,0,older
management,single,tertiary,no,-168,yes,yes,cellular,9,may,1,-1,0,unknown,0,young
services,married,secondary,no,7015,yes,no,telephone,16,may,7,-1,0,unknown,1,older
technician,single,unknown,no,73,no,yes,unknown,30,may,2,-1,0,unknown,0,young
retired,divorced,tertiary,no,12,no,no,cellular,21,jul,2,-1,0,unknown,0,older
services,married,primary,no,2044,no,no,telephone,5,feb,2,-1,0,unknown,0,older
management,married,tertiary,no,-458,yes,yes,unknown,20,may,6,-1,0,unknown,0,older
technician,married,secondary,no,1100,no,no,cellular,27,feb,6,174,2,other,1,older
technician,married,secondary,no,1559,yes,yes,cellular,20,apr,2,-1,0,unknown,0,young
management,married,tertiary,no,1274,no,yes,cellular,26,jul,1,-1,0,unknown,1,young
management,married,tertiary,no,311,no,no,cellular,13,feb,5,156,2,failure,0,young
services,single,secondary,no,1430,no,yes,cellular,6,jul,2,-1,0,unknown,0,young
blue-collar,married,primary,no,1095,yes,no,cellular,17,may,1,260,1,other,0,older
management,married,secondary,no,5998,no,no,unknown,4,may,1,-1,0,unknown,0,older
blue-collar,married,primary,no,121,no,no,cellular,6,jul,1,-1,0,unknown,0,older
self-employed,married,secondary,no,316,yes,no,unknown,30,may,4,-1,0,unknown,0,older
blue-collar,married,primary,no,877,yes,no,cellular,19,jul,1,-1,0,unknown,0,older
blue-collar,married,secondary,no,0,yes,yes,unknown,7,may,1,-1,0,unknown,0,older
housemaid,married,secondary,no,183,yes,yes,unknown,12,may,6,-1,0,unknown,0,older
management,married,tertiary,no,315,no,no,unknown,13,may,6,-1,0,unknown,0,older
services,married,unknown,no,216,yes,no,cellular,20,may,5,-1,0,unknown,0,older
management,married,tertiary,yes,0,yes,no,unknown,11,jul,1,-1,0,unknown,0,young
management,married,tertiary,no,1693,yes,yes,cellular,18,nov,4,-1,0,unknown,1,older
technician,single,secondary,no,-120,yes,no,unknown,12,may,1,-1,0,unknown,0,young
blue-collar,married,primary,no,503,yes,no,cellular,17,may,1,-1,0,unknown,0,young
self-employed,single,tertiary,no,0,no,no,cellular,8,sep,1,-1,0,unknown,0,young
technician,married,tertiary,no,96,yes,no,cellular,17,apr,2,-1,0,unknown,0,young
technician,single,secondary,no,227,no,no,cellular,23,may,3,-1,0,unknown,0,young
blue-collar,married,secondary,no,160,no,yes,cellular,19,nov,2,201,1,success,1,older
blue-collar,married,secondary,no,738,yes,no,cellular,9,apr,4,-1,0,unknown,0,older
technician,single,secondary,no,0,no,no,cellular,2,feb,1,-1,0,unknown,0,young
admin.,single,secondary,no,118,no,no,unknown,28,may,2,-1,0,unknown,0,young
admin.,married,secondary,no,332,yes,no,cellular,23,may,2,174,6,other,0,young
admin.,married,secondary,no,387,no,no,cellular,4,aug,3,-1,0,unknown,0,older
self-employed,divorced,tertiary,yes,-515,no,yes,cellular,12,may,1,-1,0,unknown,0,older
admin.,single,secondary,yes,241,yes,no,cellular,17,may,1,-1,0,unknown,0,young
blue-collar,married,secondary,no,-26,yes,no,unknown,29,may,1,-1,0,unknown,0,older
student,married,secondary,no,333,yes,no,unknown,7,may,3,-1,0,unknown,0,young
blue-collar,married,secondary,no,0,yes,no,cellular,16,may,1,430,2,failure,0,young
services,married,tertiary,no,154,yes,no,unknown,5,may,1,-1,0,unknown,0,older
technician,single,tertiary,no,1937,no,no,cellular,14,aug,3,-1,0,unknown,0,young
technician,married,secondary,no,2957,no,yes,telephone,6,aug,1,-1,0,unknown,0,older
admin.,divorced,secondary,no,693,no,no,cellular,16,jan,1,-1,0,unknown,0,older
blue-collar,divorced,secondary,no,2142,no,no,cellular,21,nov,1,-1,0,unknown,0,older
self-employed,single,tertiary,no,2601,yes,no,cellular,7,apr,3,-1,0,unknown,0,young
blue-collar,married,secondary,no,255,yes,no,cellular,28,aug,5,-1,0,unknown,1,young
blue-collar,divorced,primary,no,519,no,no,telephone,13,jul,4,-1,0,unknown,0,older
blue-collar,divorced,primary,no,603,yes,no,unknown,8,jun,5,-1,0,unknown,0,young
blue-collar,married,secondary,no,-57,no,no,unknown,18,jun,1,-1,0,unknown,0,older
technician,single,tertiary,no,2608,yes,no,unknown,25,may,2,-1,0,unknown,0,young
blue-collar,married,secondary,no,-995,yes,no,cellular,3,dec,1,364,3,failure,0,young
student,married,secondary,no,478,no,yes,telephone,29,jul,6,-1,0,unknown,0,older
retired,married,primary,no,593,no,no,telephone,5,aug,6,-1,0,unknown,0,older
blue-collar,divorced,secondary,no,931,yes,no,cellular,12,jul,1,303,3,failure,0,older
blue-collar,married,primary,no,1228,yes,no,unknown,4,may,1,-1,0,unknown,1,young
blue-collar,married,secondary,no,1179,yes,yes,unknown,17,may,1,-1,0,unknown,0,older
blue-collar,married,primary,no,2802,yes,no,cellular,13,jan,1,364,1,failure,0,older
student,married,tertiary,no,736,no,no,cellular,6,may,1,166,3,other,0,older
technician,married,secondary,no,51,yes,no,telephone,17,apr,2,-1,0,unknown,0,older
management,married,tertiary,no,3717,yes,no,cellular,4,jul,1,97,4,failure,0,young
services,married,secondary,no,-651,yes,no,cellular,17,may,1,-1,0,unknown,0,older
admin.,married,secondary,no,541,no,no,unknown,4,may,4,-1,0,unknown,0,older
management,married,secondary,no,0,no,no,cellular,15,may,1,-1,0,unknown,0,young
services,divorced,secondary,no,991,yes,no,cellular,13,may,2,332,4,failure,0,young
admin.,married,unknown,no,246,no,no,telephone,5,jan,5,-1,0,unknown,0,older
blue-collar,married,unknown,no,863,yes,no,cellular,4,jan,1,-1,0,unknown,0,young
blue-collar,married,secondary,no,-58,no,yes,telephone,13,jun,2,-1,0,unknown,0,young
blue-collar,married,primary,no,500,yes,no,cellular,4,aug,1,-1,0,unknown,0,older
technician,married,secondary,no,204,no,no,cellular,9,aug,1,-1,0,unknown,0,older
services,married,unknown,no,1010,no,no,cellular,15,aug,2,-1,0,unknown,1,older
management,divorced,tertiary,no,222,no,no,cellular,14,may,4,-1,0,unknown,1,young
retired,divorced,secondary,no,383,yes,yes,cellular,13,may,1,-1,0,unknown,0,young
services,divorced,secondary,no,2060,no,yes,cellular,19,aug,2,-1,0,unknown,0,older
management,married,tertiary,no,198,no,no,cellular,18,aug,1,-1,0,unknown,0,older
management,married,tertiary,no,-64,no,yes,cellular,9,may,2,-1,0,unknown,0,older
self-employed,single,tertiary,no,3214,no,no,cellular,7,aug,1,-1,0,unknown,0,older
services,divorced,secondary,no,0,yes,yes,cellular,9,jan,1,-1,0,unknown,0,older
housemaid,married,tertiary,no,947,yes,no,cellular,21,nov,2,165,4,failure,0,young
management,single,primary,no,3652,yes,no,unknown,11,may,1,-1,0,unknown,0,older
self-employed,married,secondary,yes,-26,no,no,cellular,26,aug,4,-1,0,unknown,0,young
technician,divorced,secondary,no,0,no,no,cellular,30,aug,4,-1,0,unknown,0,older
services,single,primary,no,2142,yes,no,cellular,9,mar,2,-1,0,unknown,0,young
management,single,tertiary,no,346,yes,no,telephone,27,jul,3,-1,0,unknown,0,young
services,married,secondary,no,977,yes,no,cellular,18,may,2,182,2,failure,1,young
self-employed,divorced,tertiary,no,369,no,no,cellular,7,aug,1,173,1,success,0,young
blue-collar,single,secondary,no,-40,no,no,cellular,25,feb,4,-1,0,unknown,0,young
management,married,secondary,no,352,no,no,cellular,17,jan,3,-1,0,unknown,0,older
services,married,unknown,no,69,no,no,unknown,4,jun,1,-1,0,unknown,0,older
admin.,married,secondary,no,8609,yes,no,cellular,23,apr,1,-1,0,unknown,0,older
admin.,single,secondary,no,2862,no,no,cellular,22,may,15,-1,0,unknown,0,young
management,married,tertiary,no,834,no,no,cellular,22,apr,1,182,3,failure,0,young
blue-collar,single,unknown,no,3746,yes,no,unknown,26,may,2,-1,0,unknown,0,older
management,married,tertiary,no,458,no,no,cellular,20,apr,2,-1,0,unknown,0,young
services,married,secondary,no,736,yes,no,unknown,8,may,2,-1,0,unknown,0,young
services,single,secondary,no,5757,yes,yes,cellular,31,jul,1,-1,0,unknown,0,older
management,single,tertiary,no,-11,yes,no,unknown,4,may,4,-1,0,unknown,0,young
management,single,tertiary,no,1545,no,no,cellular,28,jan,1,249,2,failure,0,young
admin.,married,secondary,no,489,yes,no,cellular,20,apr,1,-1,0,unknown,1,young
blue-collar,married,secondary,no,490,yes,no,cellular,17,apr,1,-1,0,unknown,0,young
technician,married,secondary,no,5316,no,yes,cellular,11,jul,1,-1,0,unknown,0,older
management,married,unknown,no,11554,yes,no,unknown,18,may,1,-1,0,unknown,0,older
technician,married,secondary,no,866,no,no,cellular,18,aug,1,173,2,success,1,older
blue-collar,married,secondary,no,0,yes,no,cellular,31,jul,4,-1,0,unknown,0,young
blue-collar,married,secondary,no,200,no,yes,cellular,16,jan,2,-1,0,unknown,0,young
management,married,tertiary,no,752,yes,no,cellular,3,feb,1,275,4,failure,0,young
management,married,tertiary,no,0,yes,yes,cellular,3,jul,1,-1,0,unknown,0,young
admin.,married,tertiary,no,87,yes,no,telephone,12,sep,1,-1,1,failure,0,young
management,married,tertiary,no,711,no,no,cellular,15,may,2,109,5,other,0,young
blue-collar,married,secondary,no,62,no,no,unknown,5,may,2,-1,0,unknown,0,older
self-employed,married,secondary,no,1116,yes,no,cellular,15,may,2,-1,0,unknown,0,older
blue-collar,married,secondary,no,200,yes,no,cellular,23,feb,2,174,2,failure,0,young
management,married,primary,no,-293,yes,no,cellular,11,jul,8,367,7,failure,0,young
services,married,secondary,no,-167,yes,no,cellular,31,jul,15,-1,0,unknown,0,young
admin.,single,secondary,no,820,yes,no,cellular,3,may,2,-1,0,unknown,0,young
technician,single,secondary,no,225,yes,no,unknown,7,jun,4,-1,0,unknown,0,young
technician,married,secondary,no,1699,no,no,cellular,26,sep,2,150,2,other,0,older
blue-collar,divorced,primary,no,1995,yes,no,unknown,22,may,2,-1,0,unknown,0,young
admin.,single,secondary,no,-8019,yes,no,unknown,31,apr,44,850,55,failure,1,young
technician,married,secondary,no,301,no,no,cellular,19,feb,7,-1,0,unknown,0,older
management,single,tertiary,no,131,yes,no,unknown,31,may,1,-1,0,unknown,0,young
blue-collar,single,primary,no,128,yes,no,unknown,13,may,1,-1,0,unknown,0,young
management,married,tertiary,no,34,yes,no,unknown,5,may,1,-1,0,unknown,0,young
admin.,single,secondary,no,0,no,no,telephone,21,jul,1,-1,0,unknown,0,young
technician,divorced,secondary,no,2681,yes,no,unknown,12,may,1,-1,0,unknown,0,older
management,single,tertiary,no,-238,yes,yes,unknown,19,may,2,-1,0,unknown,0,young
technician,single,secondary,no,897,no,no,cellular,5,aug,2,-1,0,unknown,0,young
technician,married,unknown,no,1156,no,yes,unknown,3,jun,1,-1,0,unknown,0,older
management,single,tertiary,no,760,no,no,unknown,21,may,2,-1,0,unknown,0,young
management,married,tertiary,no,0,yes,no,cellular,14,feb,3,-1,0,unknown,0,older
technician,divorced,unknown,no,432,no,no,unknown,8,jul,15,-1,0,unknown,0,older
management,married,tertiary,no,1130,yes,no,cellular,28,apr,2,-1,0,unknown,0,young
student,single,secondary,no,1909,yes,no,cellular,19,may,7,288,5,failure,0,young
technician,single,secondary,no,0,no,no,cellular,17,apr,1,306,1,failure,0,young
technician,married,primary,no,-322,yes,no,unknown,5,may,1,-1,0,unknown,0,young
management,married,tertiary,no,19417,yes,no,cellular,22,feb,7,-1,0,unknown,0,older
management,married,tertiary,no,13,no,no,cellular,25,feb,4,-1,0,unknown,0,young
technician,married,primary,no,0,yes,no,cellular,15,may,1,-1,0,unknown,0,young
blue-collar,married,primary,no,489,no,yes,telephone,3,may,1,245,4,success,1,older
management,divorced,secondary,no,157,no,no,cellular,12,aug,1,-1,0,unknown,0,older
management,married,tertiary,no,1859,yes,no,cellular,27,dec,2,-1,0,unknown,0,older
admin.,married,secondary,no,1566,yes,no,unknown,4,may,2,-1,0,unknown,0,older
management,single,tertiary,no,101,yes,no,cellular,9,may,1,-1,0,unknown,0,young
retired,married,secondary,no,7904,no,no,unknown,25,jun,18,-1,0,unknown,0,older
technician,single,secondary,no,960,no,no,cellular,22,jun,2,186,3,failure,0,young
management,married,secondary,no,1154,yes,no,cellular,14,may,1,-1,0,unknown,0,young
services,married,secondary,no,31,no,no,cellular,28,jul,2,-1,0,unknown,0,young
admin.,single,secondary,no,2376,no,no,cellular,5,may,1,345,5,failure,0,young
blue-collar,married,secondary,no,6094,no,no,unknown,6,jun,1,-1,0,unknown,0,older
management,married,tertiary,no,1067,no,no,cellular,27,aug,5,94,0,success,0,young
management,married,tertiary,no,147,yes,no,cellular,8,may,1,-1,0,unknown,0,older
technician,divorced,secondary,no,186,yes,no,cellular,13,may,2,204,2,other,0,older
blue-collar,married,primary,no,348,no,no,cellular,29,jan,2,-1,0,unknown,1,older
technician,single,secondary,no,84,yes,no,cellular,28,jul,2,-1,0,unknown,0,young
blue-collar,married,primary,no,86,no,no,cellular,22,aug,5,-1,0,unknown,0,older
blue-collar,married,primary,no,373,yes,yes,cellular,11,may,2,-1,0,unknown,0,young
technician,married,secondary,no,1227,yes,yes,cellular,6,may,7,-1,0,unknown,0,older
admin.,married,secondary,no,111,yes,no,cellular,12,jun,1,-1,0,unknown,0,young
management,married,unknown,no,68,yes,no,unknown,19,may,1,-1,0,unknown,0,older
services,married,tertiary,no,101,yes,no,cellular,18,apr,2,-1,0,unknown,0,young
admin.,married,primary,no,3745,yes,no,telephone,28,nov,9,-1,0,unknown,0,older
management,single,tertiary,no,5114,no,no,telephone,23,aug,1,-1,0,unknown,0,young
technician,single,secondary,no,13,no,no,cellular,3,feb,1,258,1,failure,0,young
self-employed,married,primary,no,21210,no,no,cellular,4,feb,4,125,6,other,0,older
management,married,tertiary,no,2248,no,no,cellular,9,aug,4,-1,0,unknown,0,young
management,married,unknown,no,4483,no,no,cellular,18,jan,2,-1,0,unknown,1,young
technician,divorced,secondary,no,4797,yes,no,cellular,9,jun,1,-1,0,unknown,1,older
management,married,tertiary,no,131,yes,no,cellular,6,jul,1,181,5,success,0,older
blue-collar,single,secondary,no,941,yes,no,cellular,11,may,4,242,2,other,0,young
management,married,secondary,no,3,yes,no,telephone,29,jul,4,-1,0,unknown,0,young
technician,single,secondary,no,78,yes,no,unknown,27,may,6,-1,0,unknown,0,older
self-employed,divorced,secondary,no,541,no,no,cellular,21,nov,1,106,0,failure,0,older
blue-collar,married,secondary,no,271,no,no,cellular,14,aug,3,-1,0,unknown,0,older
admin.,single,secondary,no,0,yes,no,cellular,3,jun,1,350,3,other,0,young
blue-collar,married,primary,no,315,yes,no,unknown,29,may,4,-1,0,unknown,0,older
admin.,divorced,secondary,no,1952,no,no,cellular,16,aug,4,-1,0,unknown,0,older
management,married,tertiary,no,0,yes,yes,cellular,28,may,6,-1,0,unknown,0,young
technician,single,secondary,no,1629,yes,no,cellular,19,feb,2,-1,0,unknown,0,young
student,married,secondary,no,1111,yes,no,unknown,22,mar,6,-1,0,unknown,0,young
technician,single,secondary,no,634,yes,no,cellular,26,apr,1,343,1,failure,0,young
admin.,divorced,secondary,no,872,no,yes,cellular,31,jul,7,-1,0,unknown,1,older
services,married,secondary,no,2494,yes,no,cellular,19,may,2,-1,0,unknown,1,young
blue-collar,divorced,primary,no,483,yes,no,cellular,14,may,1,-1,0,unknown,0,older
admin.,married,secondary,no,181,yes,yes,cellular,9,aug,1,349,1,failure,0,older
management,single,tertiary,no,276,yes,no,cellular,8,may,4,181,6,failure,0,young
housemaid,married,tertiary,no,3467,yes,no,cellular,18,nov,2,334,1,failure,0,young
self-employed,married,tertiary,no,413,yes,yes,cellular,20,feb,2,-1,0,unknown,0,older
technician,married,secondary,no,454,yes,no,cellular,23,jun,3,-1,0,unknown,0,young
management,married,tertiary,no,68,no,no,cellular,19,feb,1,-1,0,unknown,0,older
self-employed,single,tertiary,no,107,yes,no,cellular,17,apr,2,182,1,failure,0,young
technician,married,secondary,no,428,yes,no,cellular,28,apr,1,-1,0,unknown,0,older
management,single,secondary,no,-865,yes,no,cellular,11,may,5,335,1,failure,1,older
admin.,divorced,secondary,no,34,no,no,cellular,27,jan,1,-1,0,unknown,0,older
management,married,secondary,no,294,yes,no,cellular,14,may,2,275,3,failure,1,older
services,single,secondary,no,2492,no,no,cellular,22,apr,1,-1,0,unknown,1,young
retired,divorced,tertiary,no,876,yes,no,cellular,19,nov,3,-1,0,unknown,0,young
blue-collar,married,primary,no,231,no,no,unknown,14,jun,3,-1,0,unknown,0,young
management,married,tertiary,no,869,no,no,telephone,11,may,3,-1,0,unknown,0,older
management,married,tertiary,no,1588,no,no,cellular,29,apr,1,-1,3,failure,0,older
management,married,primary,no,-585,yes,no,cellular,25,aug,1,-1,0,unknown,0,young
management,divorced,tertiary,no,272,yes,no,cellular,14,nov,1,-1,0,unknown,0,older
management,divorced,tertiary,no,2454,no,no,unknown,13,jul,4,-1,0,unknown,0,older
blue-collar,married,secondary,no,511,yes,no,unknown,13,may,1,-1,0,unknown,1,older
services,married,secondary,no,207,yes,yes,cellular,15,nov,1,-1,0,unknown,0,young
technician,married,secondary,no,0,yes,no,telephone,20,jun,3,-1,0,unknown,0,older
management,married,tertiary,no,681,no,yes,telephone,22,jun,4,-1,0,unknown,0,older
blue-collar,married,secondary,no,3538,yes,no,cellular,4,jun,1,175,4,failure,0,young
admin.,married,tertiary,no,5443,no,no,cellular,15,feb,1,-1,0,unknown,0,older
management,married,tertiary,yes,-1,yes,no,cellular,29,jul,1,-1,0,unknown,0,young
blue-collar,married,secondary,no,519,yes,yes,unknown,10,may,2,-1,0,unknown,0,young
blue-collar,married,secondary,no,912,yes,no,telephone,12,may,3,205,6,failure,0,older
management,divorced,tertiary,no,1173,yes,no,cellular,26,nov,1,-1,0,unknown,0,older
technician,married,tertiary,no,12935,no,no,cellular,1,sep,1,-1,1,failure,0,young
management,married,secondary,no,2347,no,no,cellular,18,apr,3,-1,0,unknown,1,young
technician,single,secondary,no,691,yes,yes,unknown,8,may,2,-1,0,unknown,0,older
retired,single,secondary,no,7,no,no,cellular,16,aug,1,-1,0,unknown,1,young
unknown,married,unknown,no,1109,no,no,cellular,13,aug,3,-1,0,unknown,0,young
technician,single,secondary,no,156,yes,no,cellular,5,may,2,351,1,failure,0,young
self-employed,divorced,tertiary,no,1059,no,no,cellular,20,may,2,-1,0,unknown,0,older
management,divorced,tertiary,no,253,no,no,cellular,21,aug,3,-1,0,unknown,1,young
admin.,married,secondary,no,1162,no,no,cellular,27,jun,6,-1,0,unknown,0,older
retired,single,secondary,no,1693,yes,no,cellular,18,apr,1,-1,0,unknown,0,young
technician,divorced,secondary,no,3,yes,no,cellular,23,feb,3,-1,0,unknown,0,young
management,single,primary,no,148,yes,no,cellular,9,may,1,277,1,failure,0,young
admin.,divorced,primary,no,1011,no,no,telephone,18,jul,2,-1,0,unknown,0,older
management,married,secondary,no,345,no,no,cellular,22,nov,2,520,4,success,1,older
management,married,tertiary,no,-1183,yes,yes,unknown,28,may,2,-1,0,unknown,0,older
student,married,primary,no,7344,no,no,cellular,23,may,2,124,6,success,1,older
self-employed,married,tertiary,no,1335,no,no,cellular,18,aug,1,-1,2,success,0,older
blue-collar,married,secondary,yes,43,yes,no,cellular,18,aug,3,-1,0,unknown,0,older
student,single,tertiary,no,19,no,no,cellular,8,may,2,-1,0,unknown,0,young
blue-collar,married,primary,no,4011,yes,no,unknown,14,may,2,-1,0,unknown,0,older
admin.,married,secondary,no,4225,yes,no,cellular,13,may,1,349,4,failure,0,older
technician,married,secondary,no,283,yes,yes,unknown,5,may,1,-1,0,unknown,0,older
technician,married,secondary,no,13,no,no,cellular,28,aug,8,-1,0,unknown,0,older
services,divorced,tertiary,no,680,no,no,cellular,20,aug,2,-1,0,unknown,0,young
management,divorced,tertiary,no,205,no,no,cellular,3,feb,1,-1,0,unknown,0,older
technician,single,secondary,no,802,no,no,cellular,25,nov,3,182,1,failure,0,older
blue-collar,married,primary,no,1458,yes,no,cellular,5,aug,2,-1,0,unknown,0,older
technician,married,secondary,no,132,yes,yes,unknown,13,may,8,-1,0,unknown,0,older
management,married,tertiary,no,917,yes,no,cellular,15,may,2,299,2,other,0,older
technician,single,secondary,no,1600,no,yes,cellular,29,aug,2,-1,0,unknown,0,young
management,married,tertiary,no,756,yes,no,cellular,18,aug,3,-1,0,unknown,0,older
entrepreneur,married,secondary,no,2266,yes,no,cellular,10,may,4,-1,0,unknown,0,older
student,married,tertiary,no,3609,yes,yes,cellular,12,jul,2,-1,0,unknown,0,older
management,married,secondary,no,51,yes,yes,cellular,16,may,1,-1,0,unknown,0,older
blue-collar,single,tertiary,no,565,no,no,cellular,31,apr,4,97,5,success,1,young
blue-collar,married,secondary,no,1779,yes,no,cellular,18,jan,2,-1,0,unknown,0,young
management,single,tertiary,no,2415,no,no,telephone,21,nov,1,-1,0,unknown,0,young
blue-collar,married,secondary,no,4,yes,no,cellular,6,may,1,269,12,failure,0,older
technician,divorced,secondary,no,4414,yes,no,cellular,14,jul,2,-1,0,unknown,0,older
technician,single,secondary,no,143,no,no,unknown,22,may,2,-1,0,unknown,0,young
technician,single,secondary,no,26,yes,no,cellular,12,apr,2,-1,0,unknown,0,young
management,divorced,tertiary,no,0,yes,yes,unknown,13,may,17,-1,0,unknown,0,older
technician,married,primary,no,0,no,no,cellular,11,feb,4,-1,0,unknown,0,young
retired,single,tertiary,no,5733,no,no,cellular,5,nov,2,147,7,failure,0,young
technician,married,secondary,no,1430,yes,no,unknown,11,may,1,-1,0,unknown,0,young
services,divorced,secondary,no,26,yes,no,unknown,8,may,5,-1,0,unknown,0,young
management,married,tertiary,no,222,yes,no,telephone,6,may,13,-1,0,unknown,0,older
blue-collar,single,secondary,no,384,no,no,cellular,5,jan,2,-1,0,unknown,1,older
management,married,tertiary,no,219,no,yes,cellular,19,may,5,-1,0,unknown,1,older
management,single,tertiary,no,1473,yes,no,cellular,7,nov,3,280,1,failure,0,young
management,married,secondary,no,1223,yes,yes,cellular,5,aug,4,-1,0,unknown,0,older
management,married,primary,no,402,yes,no,unknown,19,may,1,-1,0,unknown,0,older
admin.,married,primary,no,1180,yes,no,telephone,6,may,1,-1,0,unknown,0,older
technician,married,tertiary,no,513,yes,no,unknown,28,may,1,-1,0,unknown,0,young
admin.,single,secondary,no,372,yes,yes,unknown,14,may,1,-1,0,unknown,0,young
management,single,tertiary,no,331,yes,no,cellular,11,jan,1,178,1,success,1,young
retired,married,tertiary,no,355,yes,no,cellular,28,may,2,-1,0,unknown,0,young
management,single,tertiary,no,42,yes,yes,cellular,6,feb,1,-1,0,unknown,0,young
retired,married,secondary,no,143,no,no,cellular,4,aug,4,-1,0,unknown,0,young
management,married,tertiary,no,-322,no,yes,cellular,30,feb,3,-1,0,unknown,0,older
student,married,secondary,no,2253,no,yes,unknown,6,jul,2,-1,0,unknown,0,young
blue-collar,married,secondary,no,1355,yes,no,cellular,9,feb,2,-1,0,unknown,0,young
services,married,secondary,no,1529,no,no,unknown,15,may,3,-1,0,unknown,0,older
blue-collar,married,primary,no,1118,yes,no,cellular,15,apr,9,250,5,other,0,young
services,married,secondary,no,4598,no,no,cellular,30,feb,8,-1,0,unknown,0,older
blue-collar,married,secondary,no,-371,yes,yes,telephone,25,jun,9,-1,0,unknown,0,young
technician,single,secondary,no,174,no,no,cellular,14,feb,5,-1,0,unknown,0,older
admin.,married,secondary,no,3,yes,no,cellular,17,aug,10,-1,0,unknown,0,older
blue-collar,married,primary,no,5479,no,no,unknown,12,may,3,-1,0,unknown,0,older
management,single,tertiary,no,541,no,no,unknown,7,jun,2,-1,0,unknown,0,young
management,single,tertiary,no,1428,no,no,cellular,15,dec,2,-1,0,unknown,0,young
blue-collar,married,unknown,no,1404,yes,yes,unknown,21,may,1,-1,0,unknown,0,older
management,married,tertiary,no,184,no,no,telephone,6,jun,1,-1,0,unknown,1,older
services,married,tertiary,no,280,yes,yes,unknown,19,may,5,-1,0,unknown,0,young
services,single,secondary,no,2265,no,no,cellular,19,nov,2,188,2,failure,0,older
management,married,tertiary,no,98,yes,no,telephone,17,feb,2,181,1,failure,0,young
services,divorced,secondary,no,137,yes,no,cellular,28,aug,2,-1,0,unknown,0,young
retired,single,secondary,no,61,yes,no,unknown,19,may,2,-1,0,unknown,0,young
blue-collar,married,primary,no,-35,yes,no,cellular,12,jun,1,-1,0,unknown,0,older
admin.,married,tertiary,no,-1210,no,yes,cellular,13,jul,2,-1,0,unknown,1,young
technician,single,secondary,no,3597,yes,no,cellular,5,may,2,367,2,failure,1,young
unemployed,single,secondary,no,0,yes,no,cellular,27,jun,4,-1,0,unknown,0,young
blue-collar,single,secondary,no,171,no,no,cellular,26,aug,2,-1,0,unknown,0,young
services,married,secondary,no,821,yes,no,cellular,19,mar,2,-1,0,unknown,0,young
management,single,tertiary,no,1340,no,no,unknown,11,jun,3,-1,0,unknown,0,young
technician,married,secondary,no,653,yes,no,unknown,2,jul,4,-1,0,unknown,0,older
management,married,tertiary,no,829,no,no,cellular,13,jun,13,-1,0,unknown,0,young
management,married,secondary,no,80,no,no,cellular,22,may,1,182,2,success,1,young
retired,married,unknown,no,370,no,no,telephone,7,nov,1,-1,0,unknown,1,older
technician,married,secondary,no,347,yes,no,unknown,30,may,3,-1,0,unknown,0,young
technician,married,primary,no,91,yes,no,cellular,6,jun,1,-1,0,unknown,1,older
blue-collar,married,secondary,no,180,no,no,cellular,22,aug,10,-1,0,unknown,0,older
management,married,secondary,no,514,no,no,cellular,6,jun,1,-1,0,unknown,0,older
management,married,tertiary,no,23,yes,no,cellular,8,apr,4,-1,0,unknown,0,young
unemployed,single,secondary,no,96,yes,no,cellular,29,jan,4,-1,0,unknown,0,young
unknown,divorced,secondary,no,43,yes,no,unknown,23,may,1,-1,0,unknown,0,older
management,married,primary,no,3394,no,no,telephone,20,may,17,-1,0,unknown,0,older
blue-collar,married,secondary,no,7278,yes,no,cellular,15,jun,1,-1,0,unknown,0,young
admin.,married,secondary,no,800,yes,no,cellular,23,jul,1,138,2,other,0,young
admin.,divorced,secondary,no,2595,yes,yes,cellular,22,may,1,184,2,failure,0,older
blue-collar,married,secondary,no,519,yes,no,cellular,4,aug,2,-1,0,unknown,0,young
blue-collar,married,primary,no,138,no,no,cellular,5,aug,2,-1,0,unknown,0,older
technician,single,tertiary,no,1803,yes,no,cellular,21,dec,2,-1,0,unknown,0,young
blue-collar,married,secondary,no,153,no,no,cellular,18,aug,4,-1,0,unknown,0,older
blue-collar,married,secondary,no,1907,no,no,unknown,7,may,3,-1,0,unknown,1,older
student,single,secondary,no,367,yes,yes,cellular,9,apr,2,-1,0,unknown,0,young
technician,single,secondary,no,239,yes,no,cellular,14,aug,1,301,2,failure,0,young
student,married,secondary,no,994,no,no,cellular,3,jul,2,-1,0,unknown,0,young
technician,single,tertiary,no,873,yes,no,cellular,27,nov,6,369,3,failure,1,young
technician,married,secondary,no,279,no,yes,cellular,7,jan,1,-1,0,unknown,0,young
blue-collar,married,secondary,no,4103,yes,no,cellular,20,feb,5,-1,0,unknown,0,older
management,married,secondary,no,881,yes,no,telephone,20,aug,1,-1,0,unknown,0,young
blue-collar,divorced,unknown,no,56,yes,no,cellular,9,may,1,350,3,success,0,older
blue-collar,single,secondary,no,78,yes,no,unknown,9,may,2,-1,0,unknown,0,young
technician,married,tertiary,no,68,no,no,unknown,17,mar,2,-1,0,unknown,0,young
management,married,tertiary,no,943,no,no,cellular,7,feb,2,-1,0,unknown,0,young
technician,married,secondary,no,547,no,yes,cellular,20,apr,4,-1,0,unknown,0,older
technician,married,secondary,no,166,no,no,cellular,4,aug,1,203,3,failure,1,older
services,single,secondary,no,933,no,no,cellular,11,aug,5,-1,0,unknown,1,young
management,single,tertiary,no,0,no,no,cellular,4,jun,1,174,2,failure,1,young
retired,single,tertiary,no,-944,yes,no,unknown,15,may,1,-1,0,unknown,0,young
management,married,tertiary,no,517,yes,no,unknown,29,may,1,-1,0,unknown,0,young
housemaid,married,secondary,no,284,yes,yes,unknown,9,may,1,-1,0,unknown,0,young
blue-collar,married,primary,no,1228,yes,no,unknown,17,may,6,-1,0,unknown,0,older
retired,single,tertiary,no,2237,no,no,cellular,20,aug,30,-1,0,unknown,0,young
technician,married,tertiary,no,7,no,no,cellular,18,may,1,182,5,success,0,older
management,married,tertiary,no,76,yes,yes,unknown,9,may,2,-1,0,unknown,0,young
management,single,tertiary,no,225,yes,no,cellular,18,nov,2,-1,0,unknown,0,young
management,married,tertiary,no,1736,no,no,cellular,14,may,1,171,2,failure,0,older
technician,divorced,secondary,no,-10,yes,yes,cellular,18,nov,1,-1,0,unknown,0,older
student,married,tertiary,no,1473,yes,no,cellular,23,oct,2,104,1,failure,0,older
admin.,divorced,secondary,no,-193,yes,yes,unknown,27,may,2,-1,0,unknown,1,young
technician,single,primary,no,117,yes,no,cellular,20,apr,2,-1,0,unknown,0,young
self-employed,married,tertiary,no,-305,no,no,cellular,6,aug,7,-1,0,unknown,0,young
technician,single,tertiary,no,2543,yes,no,cellular,20,oct,2,-1,0,unknown,0,young
entrepreneur,single,primary,no,-1048,yes,no,unknown,6,jun,1,-1,0,unknown,0,older
housemaid,married,tertiary,no,1906,yes,no,cellular,19,nov,2,223,3,failure,1,young
blue-collar,married,primary,no,175,yes,no,cellular,11,may,1,181,2,failure,0,young
technician,married,secondary,no,490,yes,no,unknown,20,may,2,-1,0,unknown,0,young
management,married,primary,no,1115,yes,no,unknown,28,jun,2,-1,0,unknown,0,young
management,single,tertiary,no,2175,no,no,cellular,4,feb,2,-1,0,unknown,0,young
management,divorced,secondary,no,-206,no,no,unknown,9,jun,2,-1,0,unknown,0,older
management,divorced,secondary,no,9,no,no,cellular,24,feb,3,-1,0,unknown,0,older
blue-collar,divorced,secondary,no,0,no,no,cellular,16,aug,4,-1,0,unknown,0,older
blue-collar,married,primary,no,297,yes,no,cellular,3,jul,3,199,0,failure,0,older
technician,divorced,secondary,no,384,yes,no,telephone,27,jun,4,352,9,success,1,older
management,married,tertiary,no,0,yes,no,cellular,19,nov,1,-1,0,unknown,0,older
admin.,married,unknown,no,355,yes,no,cellular,5,may,1,-1,0,unknown,0,young
management,divorced,tertiary,no,925,yes,no,telephone,20,nov,3,-1,0,unknown,0,older
admin.,divorced,secondary,no,1518,yes,no,cellular,5,jul,3,-1,0,unknown,0,older
management,married,secondary,no,10979,yes,no,unknown,18,may,2,-1,0,unknown,0,young
technician,married,secondary,no,-231,no,no,cellular,7,may,1,81,3,other,0,older
admin.,single,tertiary,no,482,no,no,cellular,8,may,2,-1,0,unknown,0,young
services,married,secondary,no,374,yes,yes,cellular,20,nov,1,350,2,failure,0,young
technician,divorced,secondary,no,-327,yes,no,telephone,19,may,1,-1,0,unknown,0,older
student,married,unknown,no,640,yes,no,cellular,25,apr,1,-1,0,unknown,1,young
entrepreneur,single,secondary,no,757,yes,yes,cellular,6,may,1,-1,0,unknown,0,young
blue-collar,single,secondary,no,3265,yes,no,cellular,11,may,2,298,2,failure,0,young
entrepreneur,divorced,secondary,no,115,yes,no,unknown,6,may,1,-1,0,unknown,0,young
blue-collar,married,secondary,no,0,no,no,unknown,12,may,2,-1,0,unknown,0,older
management,married,secondary,no,64,no,no,cellular,23,jul,3,-1,0,unknown,0,older
admin.,divorced,secondary,no,896,yes,no,unknown,12,may,1,-1,0,unknown,0,young
blue-collar,married,primary,no,2095,yes,no,unknown,4,jun,8,-1,0,unknown,0,young
student,married,secondary,no,672,yes,no,cellular,21,nov,3,350,2,failure,0,young
admin.,divorced,tertiary,no,3,no,no,cellular,5,aug,2,-1,0,unknown,0,older
technician,single,secondary,no,95,yes,no,unknown,11,may,1,-1,0,unknown,0,young
admin.,married,secondary,no,2638,no,no,cellular,22,may,1,-1,0,unknown,1,older
admin.,divorced,secondary,no,443,no,no,cellular,15,jul,9,-1,0,unknown,0,older
services,married,secondary,no,522,yes,no,cellular,21,jul,2,-1,0,unknown,0,young
management,single,tertiary,no,54,no,no,cellular,31,jan,43,-1,0,unknown,0,older
technician,divorced,secondary,no,142,yes,no,unknown,1,jun,3,-1,0,unknown,0,older
blue-collar,married,primary,no,1071,yes,no,telephone,13,may,1,-1,0,unknown,0,young
blue-collar,married,secondary,no,62,yes,no,unknown,17,may,5,-1,0,unknown,0,older
management,married,secondary,no,702,no,no,cellular,26,apr,2,-1,0,unknown,0,older
admin.,married,secondary,no,2405,yes,no,unknown,11,may,2,-1,0,unknown,0,young
admin.,married,tertiary,no,3515,no,no,cellular,10,aug,2,92,4,failure,0,older
technician,single,secondary,no,3,no,no,cellular,17,jun,1,185,2,failure,0,young
management,married,primary,no,202,yes,no,unknown,20,may,2,-1,0,unknown,0,older
management,married,tertiary,no,2202,no,no,cellular,30,feb,2,-1,0,unknown,0,older
technician,single,tertiary,no,51,yes,no,unknown,30,may,1,-1,0,unknown,0,young
technician,divorced,primary,no,107,yes,yes,cellular,9,aug,5,-1,0,unknown,0,older
management,married,tertiary,no,3942,no,no,cellular,9,aug,1,-1,0,failure,0,older
blue-collar,divorced,secondary,no,6077,no,no,cellular,22,nov,2,-1,0,unknown,0,older
blue-collar,married,secondary,no,5,yes,no,cellular,9,jun,3,341,1,failure,1,older
management,divorced,tertiary,no,-195,yes,no,unknown,17,may,1,-1,0,unknown,0,older
services,married,unknown,no,598,yes,no,unknown,24,may,2,-1,0,unknown,0,older
management,single,tertiary,no,61,no,no,cellular,16,sep,2,174,4,other,1,young
retired,married,primary,no,5,no,no,telephone,13,may,2,264,1,failure,0,older
services,married,secondary,no,209,yes,no,unknown,4,jun,2,-1,0,unknown,0,older
technician,married,secondary,no,-185,yes,no,cellular,10,may,3,326,2,other,0,older
admin.,single,secondary,no,0,yes,no,cellular,14,may,1,355,2,failure,0,young
management,married,secondary,no,-430,yes,no,unknown,2,mar,4,-1,0,unknown,0,older
technician,married,tertiary,no,3517,yes,no,unknown,13,may,1,-1,0,unknown,0,young
retired,married,unknown,no,1116,yes,yes,cellular,18,nov,1,169,5,other,0,young
services,single,primary,no,374,no,no,cellular,5,feb,4,-1,0,unknown,0,young
services,divorced,secondary,no,158,yes,no,cellular,15,may,2,346,5,failure,0,older
admin.,married,primary,no,132,no,no,cellular,1,may,2,270,3,failure,0,young
self-employed,married,tertiary,no,13483,no,no,cellular,3,aug,2,-1,0,unknown,0,older
unknown,married,secondary,no,59649,yes,no,unknown,8,apr,1,-1,54,unknown,0,young
blue-collar,married,secondary,no,341,no,no,cellular,12,jul,1,-1,0,unknown,0,older
management,married,tertiary,no,43,yes,no,cellular,18,jul,2,-1,0,unknown,0,young
retired,divorced,secondary,no,331,yes,no,telephone,21,apr,2,-1,0,unknown,0,older
blue-collar,married,secondary,no,-453,no,no,unknown,29,may,1,-1,0,unknown,0,older
technician,single,tertiary,no,6080,yes,no,cellular,10,may,2,-1,0,unknown,0,young
management,married,tertiary,no,0,yes,no,cellular,9,aug,5,-1,0,unknown,0,older
entrepreneur,married,secondary,no,-1,yes,no,telephone,14,may,3,381,3,failure,0,older
unemployed,single,secondary,no,3509,yes,yes,cellular,22,nov,1,-1,0,unknown,0,young
unemployed,single,secondary,no,153,no,no,telephone,22,oct,1,-1,0,unknown,0,young
blue-collar,married,secondary,no,0,yes,no,cellular,17,jun,5,-1,0,unknown,0,young
management,single,tertiary,no,4088,yes,no,unknown,20,may,1,-1,0,unknown,0,young
admin.,divorced,secondary,no,401,yes,no,unknown,29,may,2,-1,0,unknown,0,older
management,divorced,tertiary,no,244,yes,no,telephone,20,nov,3,-1,0,unknown,0,older
management,divorced,tertiary,no,0,no,no,cellular,25,feb,1,-1,0,unknown,0,young
blue-collar,married,secondary,no,0,no,no,unknown,4,may,1,-1,0,unknown,0,older
blue-collar,married,secondary,no,30,yes,no,unknown,29,may,1,-1,0,unknown,0,young
student,divorced,secondary,no,264,yes,yes,cellular,27,jan,10,-1,0,unknown,0,young
admin.,divorced,primary,no,666,yes,no,cellular,9,aug,4,267,4,other,0,older
management,married,secondary,no,289,yes,no,cellular,18,apr,2,349,1,failure,0,young
management,married,tertiary,no,3861,yes,no,telephone,26,jun,2,-1,0,unknown,1,young
self-employed,single,primary,no,699,yes,no,unknown,20,may,4,-1,0,unknown,0,older
management,married,tertiary,no,7,yes,no,unknown,21,may,1,-1,0,unknown,0,young
services,married,tertiary,no,347,yes,no,cellular,28,jul,2,-1,0,unknown,0,young
blue-collar,married,primary,no,1130,yes,no,unknown,15,may,1,-1,0,unknown,0,young
blue-collar,single,primary,no,0,yes,no,cellular,16,may,2,-1,0,unknown,0,older
blue-collar,married,secondary,yes,83,yes,no,cellular,31,jul,13,-1,0,unknown,0,young
management,divorced,primary,no,727,no,no,telephone,5,aug,2,-1,0,unknown,0,older
technician,married,secondary,no,556,yes,no,telephone,20,may,2,-1,0,unknown,0,older
admin.,married,secondary,no,1094,yes,no,telephone,18,nov,1,-1,0,unknown,0,older
blue-collar,married,primary,no,467,yes,no,unknown,16,may,1,-1,0,unknown,0,young
management,married,unknown,no,355,no,no,cellular,28,dec,2,-1,0,unknown,0,older
blue-collar,single,secondary,no,519,yes,no,cellular,21,apr,1,167,2,failure,0,older
blue-collar,single,secondary,no,312,yes,no,cellular,21,aug,2,349,3,failure,0,young
entrepreneur,divorced,secondary,no,241,no,no,unknown,12,may,4,-1,0,unknown,0,older
blue-collar,married,secondary,no,524,no,no,cellular,8,feb,4,-1,0,unknown,0,young
management,married,tertiary,no,3080,yes,no,unknown,4,may,3,-1,0,unknown,0,older
admin.,divorced,secondary,no,0,yes,yes,cellular,6,feb,4,330,3,other,0,older
management,single,tertiary,no,1821,yes,no,cellular,15,may,1,-1,0,unknown,0,young
technician,single,secondary,no,11,no,no,cellular,26,jul,5,296,7,other,1,young
services,single,tertiary,no,655,yes,yes,cellular,8,may,2,319,5,other,0,young
management,single,tertiary,no,4253,no,no,telephone,12,sep,1,174,0,failure,0,older
technician,married,unknown,no,1249,yes,no,unknown,10,may,1,-1,0,unknown,0,older
technician,married,secondary,no,2088,yes,yes,cellular,31,jul,24,-1,0,unknown,0,older
services,married,secondary,no,5685,yes,no,unknown,29,jun,1,-1,0,unknown,0,older
admin.,single,primary,no,-333,yes,no,cellular,24,may,2,-1,0,unknown,0,young
blue-collar,single,secondary,no,313,yes,no,cellular,31,jun,3,-1,0,unknown,0,young
unknown,single,secondary,no,1643,yes,no,cellular,14,apr,3,-1,0,unknown,0,young
retired,single,primary,no,3631,no,no,unknown,11,may,1,-1,0,unknown,0,young
blue-collar,married,secondary,no,10336,no,no,cellular,5,aug,3,77,0,success,1,older
management,single,tertiary,no,295,yes,yes,telephone,31,jul,30,-1,0,unknown,0,young
blue-collar,married,secondary,no,-9,no,yes,cellular,28,aug,3,-1,0,unknown,0,young
services,married,secondary,no,3874,no,no,cellular,21,aug,4,-1,0,unknown,0,older
management,married,unknown,no,778,yes,no,cellular,4,aug,2,-1,0,unknown,0,older
management,married,tertiary,no,396,no,no,unknown,2,jun,1,-1,0,unknown,0,young
management,single,tertiary,no,2,yes,no,cellular,29,jul,2,-1,0,unknown,0,young
technician,married,secondary,no,1025,no,no,cellular,7,aug,1,-1,0,unknown,0,young
technician,married,tertiary,no,113,no,no,cellular,8,may,2,-1,0,unknown,0,young
blue-collar,married,secondary,no,5463,no,no,cellular,18,aug,2,-1,0,unknown,0,young
technician,married,secondary,no,99,no,no,cellular,19,aug,6,-1,0,unknown,0,older
student,married,tertiary,no,1518,no,no,telephone,16,jul,2,-1,0,unknown,0,young
blue-collar,married,secondary,no,2133,yes,no,unknown,11,may,2,-1,0,unknown,0,young
technician,married,primary,no,972,yes,no,unknown,11,may,2,-1,0,unknown,0,young
blue-collar,married,secondary,no,10128,yes,no,cellular,21,apr,3,225,2,failure,0,older
management,married,tertiary,no,548,no,yes,cellular,26,feb,2,-1,0,unknown,0,young
technician,married,tertiary,no,53818,no,no,telephone,23,aug,1,-1,0,unknown,1,young
admin.,single,secondary,no,2438,no,no,cellular,25,may,2,-1,0,unknown,0,young
technician,married,secondary,no,14434,no,no,cellular,4,aug,4,-1,0,unknown,0,older
admin.,married,secondary,no,0,yes,no,cellular,5,feb,1,190,2,other,1,young
technician,married,secondary,no,0,yes,yes,cellular,18,nov,3,196,0,other,0,young
admin.,married,unknown,no,273,yes,no,cellular,16,may,1,-1,0,unknown,0,young
technician,married,secondary,no,2570,no,no,cellular,16,feb,2,-1,0,unknown,0,older
management,divorced,tertiary,no,3173,yes,no,unknown,14,may,1,-1,0,unknown,0,older
blue-collar,married,primary,no,231,yes,no,unknown,28,mar,1,-1,0,unknown,0,older
admin.,married,secondary,no,478,yes,yes,unknown,12,may,1,-1,0,unknown,0,young
technician,single,secondary,no,-358,yes,yes,cellular,20,may,1,-1,0,unknown,0,young
retired,married,secondary,no,11782,no,no,cellular,27,jul,2,175,4,other,0,older
technician,single,secondary,no,4,yes,no,cellular,26,may,1,-1,0,unknown,0,young
blue-collar,married,secondary,no,2376,yes,no,cellular,15,may,4,-1,0,unknown,0,older
technician,married,unknown,no,393,no,no,cellular,25,jan,3,-1,0,unknown,1,older
management,married,tertiary,no,2594,yes,no,unknown,9,jun,1,-1,0,unknown,0,young
blue-collar,married,secondary,yes,0,yes,no,unknown,20,may,3,-1,0,unknown,0,young
management,single,tertiary,no,465,yes,no,cellular,12,mar,1,-1,0,unknown,0,young
technician,married,secondary,no,950,no,no,cellular,20,aug,2,126,3,success,0,older
housemaid,divorced,tertiary,no,311,yes,yes,cellular,18,may,2,184,2,failure,0,young
technician,married,primary,no,1505,yes,yes,unknown,18,may,1,-1,0,unknown,0,young
technician,married,tertiary,no,19,no,no,cellular,6,jul,1,-1,0,unknown,0,young
services,divorced,unknown,no,3702,no,no,cellular,17,may,1,87,4,failure,0,young
technician,divorced,secondary,no,101,yes,no,cellular,16,jun,3,-1,0,unknown,0,older
admin.,married,secondary,no,0,no,no,cellular,21,apr,2,-1,0,unknown,1,older
retired,married,secondary,no,601,no,no,cellular,9,aug,1,-1,0,unknown,0,older
management,married,tertiary,no,450,yes,no,cellular,13,may,1,-1,0,unknown,0,young
management,married,tertiary,no,562,yes,no,cellular,6,jun,1,-1,0,unknown,0,young
technician,married,secondary,no,393,no,no,unknown,15,may,2,-1,0,unknown,0,older
admin.,married,secondary,no,0,no,no,cellular,19,may,2,-1,0,unknown,0,young
unknown,married,unknown,no,1408,no,no,cellular,28,apr,2,-1,0,unknown,1,young
blue-collar,married,secondary,no,271,no,no,telephone,4,oct,1,-1,0,unknown,1,young
technician,married,secondary,no,0,yes,no,unknown,27,may,7,-1,0,unknown,0,older
technician,married,secondary,no,1031,yes,no,cellular,6,feb,2,-1,0,unknown,0,young
admin.,married,secondary,no,297,no,no,unknown,26,may,1,-1,0,unknown,0,young
management,married,tertiary,no,420,yes,no,cellular,20,jun,2,-1,0,unknown,0,young
management,divorced,secondary,no,297,yes,no,unknown,3,may,1,-1,0,unknown,0,young
student,single,secondary,no,1243,yes,no,cellular,13,jun,5,-1,0,unknown,0,older
services,married,tertiary,no,18,no,yes,cellular,29,aug,7,-1,0,unknown,0,young
management,married,secondary,no,1442,yes,no,cellular,17,may,2,178,3,failure,1,young
management,divorced,tertiary,no,293,yes,no,unknown,11,may,2,-1,0,unknown,0,young
services,married,secondary,no,-273,yes,yes,cellular,4,jan,4,-1,0,unknown,0,young
admin.,married,secondary,no,422,no,no,cellular,4,feb,1,-1,0,unknown,0,older
blue-collar,single,secondary,no,99,no,no,unknown,7,may,2,-1,0,unknown,0,young
self-employed,married,unknown,no,15171,no,no,cellular,6,jul,3,-1,0,unknown,1,young
technician,married,secondary,no,0,yes,no,cellular,21,jul,3,-1,0,unknown,0,older
technician,married,secondary,no,-632,no,yes,cellular,22,may,2,192,4,failure,0,older
student,single,tertiary,no,1224,yes,no,cellular,6,jun,4,-1,0,unknown,0,young
services,married,secondary,no,57,yes,no,cellular,14,feb,1,-1,0,unknown,0,young
housemaid,married,secondary,no,-20,yes,no,unknown,3,jun,1,-1,0,unknown,0,older
admin.,married,secondary,no,0,no,no,cellular,21,nov,1,-1,0,unknown,0,older
management,married,tertiary,no,700,no,no,cellular,8,feb,1,203,3,success,0,older
management,married,secondary,no,21,no,no,cellular,28,jul,3,-1,0,unknown,0,young
technician,married,secondary,no,546,yes,no,unknown,15,jun,1,-1,0,unknown,0,older
blue-collar,single,secondary,no,18,yes,no,cellular,18,may,2,224,1,failure,0,young
management,single,tertiary,no,129,yes,no,unknown,28,may,2,-1,0,unknown,0,young
management,married,tertiary,no,2403,yes,no,cellular,15,may,3,264,2,other,0,young
admin.,single,secondary,no,0,no,no,cellular,12,feb,2,-1,0,unknown,0,young
technician,married,secondary,no,1884,yes,no,cellular,18,jul,3,-1,0,unknown,0,young
admin.,married,secondary,no,369,yes,no,cellular,21,aug,1,-1,0,unknown,0,older
technician,single,secondary,no,109,no,no,cellular,24,aug,2,-1,0,unknown,0,young
technician,married,tertiary,no,28920,yes,no,cellular,7,may,1,-1,0,unknown,0,young
retired,married,primary,no,576,yes,no,cellular,31,jul,15,-1,0,unknown,0,older
self-employed,married,secondary,no,-281,no,no,cellular,31,jul,8,-1,0,unknown,0,older
management,single,tertiary,no,4402,yes,no,cellular,20,nov,2,-1,0,unknown,0,young
blue-collar,single,secondary,no,879,yes,no,cellular,25,apr,1,178,2,failure,0,young
technician,married,secondary,no,208,yes,no,unknown,2,may,1,-1,0,unknown,0,young
blue-collar,married,secondary,no,4987,no,no,cellular,21,oct,1,-1,0,unknown,0,older
admin.,married,secondary,no,756,yes,no,unknown,7,mar,1,-1,0,unknown,0,young
blue-collar,married,primary,no,2453,yes,no,cellular,28,apr,3,313,3,failure,0,older
blue-collar,married,secondary,no,3,no,no,cellular,25,jan,2,-1,0,unknown,0,older
technician,married,secondary,no,6,no,yes,cellular,8,may,5,-1,0,unknown,0,young
blue-collar,married,primary,no,816,no,no,unknown,3,may,3,-1,0,unknown,0,older
admin.,married,unknown,no,8520,no,no,cellular,16,nov,1,-1,0,unknown,0,young
retired,married,tertiary,no,2174,no,no,cellular,14,may,2,265,3,other,0,older
blue-collar,married,primary,no,0,no,yes,unknown,31,jun,1,-1,0,unknown,0,young
management,married,tertiary,no,2892,no,no,cellular,20,sep,1,362,3,failure,0,older
technician,single,secondary,no,1239,no,no,cellular,19,apr,1,189,1,failure,1,young
management,married,secondary,no,0,yes,no,cellular,18,jan,3,-1,0,unknown,0,older
technician,single,secondary,no,1472,yes,no,cellular,20,nov,1,-1,0,unknown,0,young
management,single,tertiary,no,478,yes,no,cellular,11,jul,2,-1,0,unknown,0,young
technician,married,secondary,no,3553,yes,no,unknown,4,may,1,-1,0,unknown,1,young
management,married,tertiary,no,4153,no,no,cellular,29,apr,2,-1,0,unknown,0,older
services,married,secondary,no,434,yes,no,cellular,6,may,3,-1,0,unknown,0,young
management,married,tertiary,no,34,yes,yes,unknown,6,may,2,-1,0,unknown,0,young
housemaid,married,primary,no,784,yes,no,unknown,31,jul,1,-1,0,unknown,0,older
technician,married,secondary,no,471,no,no,cellular,24,aug,10,-1,0,unknown,0,older
management,single,tertiary,no,453,yes,no,unknown,6,jun,1,-1,0,unknown,1,young
admin.,married,secondary,no,3778,no,no,cellular,19,may,5,-1,0,unknown,0,young
admin.,single,secondary,no,956,no,no,cellular,30,apr,1,-1,0,unknown,0,young
technician,married,tertiary,no,5100,yes,no,unknown,15,may,1,-1,0,unknown,0,older
management,married,tertiary,no,210,yes,no,cellular,5,aug,3,-1,0,unknown,0,young
management,single,tertiary,no,-382,no,yes,cellular,19,jul,3,-1,0,unknown,0,young
retired,married,primary,no,54,no,yes,cellular,7,may,2,201,4,other,0,older
technician,single,secondary,no,238,yes,no,cellular,11,may,1,346,7,failure,0,young
unemployed,married,tertiary,no,0,no,no,cellular,5,aug,2,-1,0,unknown,0,young
admin.,divorced,secondary,no,68,yes,no,unknown,8,may,1,-1,0,unknown,0,young
housemaid,single,tertiary,no,1799,yes,no,cellular,11,may,1,274,2,failure,0,young
blue-collar,married,secondary,no,5,yes,no,unknown,26,may,2,-1,0,unknown,0,older
blue-collar,married,secondary,no,619,yes,no,cellular,13,sep,4,-1,0,unknown,1,young
technician,divorced,tertiary,no,2144,yes,no,cellular,18,may,2,-1,0,unknown,0,older
self-employed,married,secondary,no,1286,yes,no,telephone,8,feb,1,-1,0,unknown,0,older
blue-collar,married,secondary,no,0,no,no,unknown,7,jun,1,-1,0,unknown,0,older
technician,single,secondary,no,147,yes,no,cellular,27,jan,1,-1,0,unknown,0,young
blue-collar,married,primary,no,578,no,yes,cellular,17,nov,2,-1,0,unknown,0,older
management,married,tertiary,no,380,no,no,cellular,28,apr,4,-1,0,unknown,0,older
management,married,secondary,no,663,yes,yes,unknown,27,may,6,-1,0,unknown,0,young
blue-collar,divorced,secondary,no,-310,yes,yes,unknown,30,may,1,-1,0,unknown,0,older
admin.,single,secondary,no,690,yes,no,cellular,13,sep,1,356,0,failure,0,young
blue-collar,single,secondary,no,3041,yes,no,cellular,19,nov,2,336,2,failure,0,older
services,divorced,secondary,no,856,yes,no,unknown,8,may,7,-1,0,unknown,0,older
admin.,married,secondary,no,-3,yes,yes,cellular,12,may,2,421,5,failure,0,young
technician,single,secondary,no,2110,no,no,cellular,5,feb,2,-1,1,other,0,young
services,married,primary,no,702,no,no,unknown,20,jul,1,-1,0,unknown,0,older
retired,married,tertiary,no,178,yes,no,unknown,20,may,1,-1,0,unknown,0,young
technician,single,secondary,no,108,no,no,cellular,20,aug,2,-1,0,unknown,0,young
management,divorced,tertiary,no,590,no,no,cellular,12,aug,2,-1,0,unknown,0,older
technician,married,secondary,no,-531,no,yes,telephone,19,jul,1,-1,0,unknown,0,older
retired,married,secondary,no,312,yes,no,cellular,3,aug,1,-1,0,unknown,0,young
admin.,single,secondary,no,0,yes,no,cellular,13,may,1,-1,0,unknown,0,young
admin.,single,secondary,no,1159,no,no,cellular,3,jun,2,-1,0,unknown,1,young
management,single,tertiary,no,864,no,yes,unknown,11,jun,1,-1,0,unknown,0,young
technician,married,primary,no,-373,yes,yes,unknown,7,may,15,-1,0,unknown,0,older
services,married,tertiary,no,2861,yes,no,cellular,7,feb,1,-1,0,unknown,1,older
technician,married,secondary,no,522,no,no,cellular,19,aug,2,-1,0,unknown,0,older
management,single,secondary,no,1161,no,no,cellular,30,jul,9,-1,0,unknown,0,older
services,single,secondary,no,157,yes,no,unknown,14,may,1,-1,0,unknown,0,young
unknown,married,unknown,no,322,no,no,unknown,8,jun,2,-1,0,unknown,0,older
technician,married,tertiary,no,5995,yes,no,cellular,2,jun,5,120,3,failure,0,older
admin.,single,secondary,no,189,yes,no,unknown,22,may,1,-1,0,unknown,0,young
management,married,tertiary,no,0,yes,no,cellular,29,may,2,165,4,other,0,older
services,single,tertiary,no,147,no,no,cellular,23,aug,2,-1,0,unknown,0,young
technician,single,secondary,no,-498,yes,yes,cellular,17,aug,1,-1,0,unknown,0,young
services,single,secondary,no,197,yes,no,cellular,20,apr,1,-1,0,unknown,0,young
self-employed,single,tertiary,no,345,no,no,cellular,13,feb,1,-1,0,unknown,0,young
management,married,tertiary,no,303,yes,no,cellular,29,jul,1,-1,0,unknown,0,young
blue-collar,married,secondary,no,504,yes,no,unknown,5,may,2,-1,0,unknown,0,older
management,married,tertiary,no,364,no,no,cellular,16,sep,2,347,4,failure,1,young
management,married,tertiary,no,-164,yes,yes,cellular,30,jan,2,-1,0,unknown,0,young
blue-collar,married,primary,no,516,no,yes,unknown,13,may,24,-1,0,unknown,0,older
blue-collar,married,primary,no,683,yes,no,cellular,20,may,1,-1,0,unknown,0,older
management,single,tertiary,no,1241,no,no,cellular,6,sep,1,369,3,success,1,young
housemaid,married,primary,no,223,yes,no,cellular,28,jun,1,-1,0,unknown,0,older
retired,married,secondary,no,79,yes,no,cellular,7,may,2,-1,0,unknown,1,older
blue-collar,married,primary,no,215,yes,no,unknown,16,may,2,-1,0,unknown,0,older
admin.,married,secondary,no,2928,no,no,cellular,14,sep,1,-1,0,unknown,0,young
admin.,married,secondary,no,0,no,no,cellular,5,feb,1,-1,0,unknown,0,older
management,married,primary,no,5,yes,no,cellular,19,may,2,-1,0,unknown,0,young
blue-collar,divorced,secondary,no,-1056,yes,yes,cellular,7,jun,2,-1,0,unknown,0,older
blue-collar,married,secondary,no,223,yes,no,cellular,20,apr,3,-1,0,unknown,0,older
blue-collar,married,secondary,no,11777,yes,no,cellular,15,may,1,-1,0,unknown,0,young
admin.,single,secondary,no,187,no,no,cellular,16,aug,1,112,2,failure,1,young
technician,married,tertiary,no,1679,no,no,cellular,27,jul,1,-1,0,unknown,0,older
blue-collar,married,unknown,no,147,yes,no,unknown,30,may,2,-1,0,unknown,0,young
technician,married,secondary,no,111,yes,no,unknown,22,may,14,-1,0,unknown,0,older
technician,single,secondary,no,0,no,yes,cellular,15,aug,4,-1,0,unknown,0,young
blue-collar,married,secondary,no,23,yes,no,cellular,8,may,1,-1,0,unknown,1,young
retired,married,primary,no,-515,yes,no,cellular,19,may,1,-1,0,unknown,0,older
self-employed,married,primary,no,651,yes,no,cellular,16,jul,1,-1,0,unknown,0,older
technician,married,secondary,no,1178,yes,no,cellular,13,feb,6,-1,0,unknown,0,older
technician,divorced,unknown,no,0,no,no,unknown,30,jan,1,-1,0,unknown,1,older
technician,divorced,secondary,no,0,yes,no,unknown,4,mar,4,-1,0,unknown,0,young
technician,married,secondary,no,394,yes,yes,cellular,21,nov,2,133,1,success,0,young
management,married,secondary,no,2178,yes,no,unknown,17,may,3,-1,0,unknown,0,young
management,married,secondary,no,423,yes,yes,cellular,6,feb,1,-1,0,unknown,0,older
blue-collar,married,unknown,yes,0,no,yes,unknown,19,jun,1,-1,0,unknown,1,older
technician,divorced,secondary,no,554,no,no,telephone,20,aug,2,-1,0,unknown,0,older
management,married,tertiary,no,2488,no,no,telephone,2,jul,3,187,2,failure,0,older
management,single,primary,no,1093,yes,yes,cellular,18,jul,2,-1,0,unknown,0,young
management,single,tertiary,no,18882,no,no,cellular,3,aug,2,-1,0,unknown,0,young
technician,married,secondary,no,1167,yes,no,unknown,9,may,2,-1,0,unknown,0,older
retired,married,secondary,no,200,no,no,cellular,6,feb,3,-1,0,unknown,0,young
technician,single,secondary,no,1425,no,no,telephone,10,jul,1,-1,0,unknown,1,young
services,married,tertiary,no,679,no,no,cellular,20,jan,4,-1,0,unknown,1,young
management,single,secondary,no,43,no,no,cellular,17,aug,3,-1,0,unknown,0,young
management,married,tertiary,no,1271,no,no,cellular,20,aug,24,-1,0,unknown,0,older
technician,married,secondary,no,3581,no,no,cellular,5,aug,2,-1,0,unknown,0,young
blue-collar,married,secondary,no,10952,no,no,cellular,28,aug,2,92,2,failure,0,older
technician,married,secondary,no,2145,no,no,unknown,3,jun,1,-1,0,unknown,0,older
entrepreneur,married,tertiary,no,304,no,no,cellular,29,aug,2,-1,0,unknown,0,older
admin.,divorced,secondary,no,369,no,yes,cellular,22,jul,2,-1,0,unknown,0,young
management,single,tertiary,no,4919,yes,no,cellular,2,jun,2,184,5,success,1,young
technician,divorced,secondary,no,0,yes,no,cellular,20,jul,1,-1,0,unknown,0,older
technician,married,secondary,no,56,no,no,unknown,12,jul,2,-1,0,unknown,0,older
blue-collar,married,secondary,no,19,yes,no,cellular,17,nov,2,-1,0,unknown,0,older
technician,single,secondary,no,229,no,yes,cellular,30,feb,3,-1,0,unknown,0,young
blue-collar,married,secondary,no,611,yes,no,cellular,20,jul,3,-1,0,unknown,0,young
blue-collar,single,primary,no,20,yes,no,cellular,15,jun,2,-1,0,unknown,0,young
technician,married,tertiary,no,213,yes,yes,unknown,27,may,2,-1,0,unknown,0,older
retired,married,primary,no,1081,no,no,cellular,23,aug,4,-1,0,unknown,0,older
retired,married,secondary,no,815,no,no,cellular,4,aug,2,-1,0,unknown,0,older
retired,married,secondary,no,0,yes,no,cellular,9,may,1,-1,0,unknown,0,older
blue-collar,married,primary,no,3051,yes,yes,cellular,11,feb,5,-1,0,unknown,0,older
blue-collar,single,secondary,no,0,yes,no,cellular,29,apr,3,-1,0,unknown,1,young
technician,married,secondary,no,315,no,no,cellular,18,aug,8,-1,0,unknown,0,young
technician,married,secondary,no,0,yes,no,unknown,11,may,2,-1,0,unknown,0,young
unknown,married,unknown,no,674,no,no,unknown,12,may,2,-1,0,unknown,0,older
management,single,tertiary,no,7004,no,no,cellular,26,nov,2,42,8,success,0,young
blue-collar,married,unknown,no,1002,no,no,cellular,20,nov,1,-1,0,unknown,0,older
student,married,primary,no,2810,no,no,unknown,26,jul,2,-1,0,unknown,0,older
services,divorced,tertiary,no,219,yes,no,cellular,30,feb,7,-1,0,unknown,0,young
blue-collar,married,secondary,no,3916,yes,no,unknown,19,may,2,-1,0,unknown,0,young
blue-collar,married,primary,no,408,no,no,cellular,18,jun,2,317,9,other,0,young
admin.,married,secondary,no,225,no,no,cellular,3,aug,2,-1,0,unknown,0,older
admin.,married,secondary,no,949,yes,yes,cellular,20,may,1,105,3,other,0,young
blue-collar,married,primary,no,0,no,no,cellular,27,jun,1,-1,0,unknown,0,older
management,married,tertiary,no,21413,yes,no,cellular,20,may,2,211,2,success,0,young
technician,single,tertiary,no,911,yes,no,cellular,8,may,1,350,2,failure,0,young
admin.,married,secondary,no,62,yes,no,unknown,28,may,1,-1,0,unknown,0,young
blue-collar,married,primary,no,113,yes,no,cellular,15,sep,3,-1,0,unknown,1,older
admin.,divorced,secondary,no,0,yes,no,unknown,23,may,4,-1,0,unknown,0,young
admin.,married,secondary,no,355,no,no,cellular,18,may,2,-1,0,unknown,0,young
technician,married,secondary,no,11623,yes,no,cellular,19,may,1,-1,0,unknown,1,young
technician,married,secondary,no,386,yes,no,unknown,20,may,1,-1,0,unknown,0,young
management,married,tertiary,no,223,no,no,cellular,2,aug,1,-1,0,unknown,0,young
unemployed,married,secondary,no,753,yes,no,unknown,29,may,3,-1,0,unknown,0,older
admin.,married,tertiary,no,95,yes,no,cellular,18,nov,1,-1,0,unknown,0,older
technician,married,secondary,no,2180,yes,no,cellular,12,aug,3,106,2,success,1,young
management,single,secondary,no,1874,no,no,unknown,23,jul,2,-1,0,unknown,0,older
self-employed,married,primary,no,677,yes,yes,cellular,21,jul,2,-1,0,unknown,0,older
management,married,tertiary,no,2587,no,no,unknown,9,jun,4,-1,0,unknown,0,young
services,married,tertiary,no,255,no,no,cellular,29,apr,3,-1,0,unknown,0,older
management,married,tertiary,no,54,yes,yes,cellular,23,jan,4,-1,0,unknown,0,older
admin.,single,secondary,no,236,yes,no,telephone,23,may,2,-1,0,unknown,0,young
admin.,divorced,secondary,no,132,yes,no,telephone,19,may,6,-1,0,unknown,0,young
technician,divorced,secondary,no,38,no,no,cellular,29,feb,5,-1,0,unknown,0,older
blue-collar,married,primary,no,1135,yes,no,unknown,7,may,5,-1,0,unknown,0,young
entrepreneur,single,secondary,no,2089,yes,no,unknown,6,may,1,-1,0,unknown,1,young
technician,married,secondary,no,151,no,yes,cellular,31,jun,7,-1,0,unknown,0,older
technician,married,secondary,no,75,no,no,cellular,15,aug,5,-1,0,unknown,0,older
technician,married,secondary,no,1654,no,no,cellular,4,sep,1,-1,0,unknown,0,older
admin.,single,tertiary,no,169,yes,no,cellular,10,feb,2,-1,0,unknown,0,young
technician,divorced,secondary,no,0,yes,no,unknown,5,may,5,-1,0,unknown,0,older
blue-collar,married,primary,no,5909,no,no,unknown,13,feb,10,-1,0,unknown,0,older
retired,divorced,tertiary,no,569,yes,no,cellular,6,may,1,199,3,failure,0,young
management,married,tertiary,no,192,no,no,cellular,19,feb,5,-1,0,unknown,0,young
self-employed,married,primary,no,332,yes,no,unknown,12,may,2,-1,0,unknown,0,young
blue-collar,single,primary,yes,-724,yes,no,unknown,19,may,6,-1,0,unknown,0,young
management,married,tertiary,no,0,yes,no,cellular,12,aug,4,-1,0,unknown,0,older
management,married,tertiary,no,3564,no,no,cellular,20,aug,4,-1,0,unknown,0,older
management,divorced,tertiary,no,3903,yes,no,cellular,16,may,13,370,4,other,0,young
management,single,tertiary,no,316,yes,yes,cellular,28,jan,2,-1,0,unknown,0,young
blue-collar,married,primary,no,1068,yes,no,cellular,16,may,1,-1,0,unknown,0,young
management,single,tertiary,no,21,yes,yes,cellular,10,may,1,382,2,failure,0,young
technician,single,secondary,no,134,no,no,cellular,19,aug,2,-1,0,unknown,0,young
retired,married,secondary,no,1102,yes,yes,cellular,13,apr,2,-1,0,unknown,0,older
technician,single,secondary,no,15295,no,no,telephone,13,nov,2,-1,0,unknown,0,young
services,divorced,secondary,no,-66,no,no,cellular,10,may,1,-1,0,unknown,0,young
blue-collar,married,secondary,yes,0,no,no,cellular,8,may,1,301,1,failure,0,young
blue-collar,married,secondary,no,370,no,yes,telephone,19,aug,6,-1,0,unknown,0,older
technician,divorced,secondary,no,5,no,no,unknown,11,may,1,-1,0,unknown,0,older
retired,single,secondary,no,547,yes,no,cellular,7,feb,9,-1,0,unknown,0,young
blue-collar,married,primary,no,-129,yes,no,cellular,19,apr,2,-1,0,unknown,0,young
services,married,tertiary,no,2007,no,no,cellular,28,jul,2,-1,0,unknown,1,older
self-employed,married,secondary,no,309,no,no,cellular,6,may,2,-1,0,unknown,0,young
management,married,tertiary,no,414,no,no,cellular,28,apr,1,-1,0,unknown,0,young
management,married,secondary,no,-422,yes,no,unknown,6,mar,1,-1,0,unknown,0,young
retired,married,secondary,no,947,no,no,cellular,14,aug,4,-1,0,unknown,0,older
management,single,tertiary,no,272,no,no,cellular,29,apr,1,-1,0,unknown,1,young
services,single,tertiary,no,21,no,no,cellular,26,jul,2,-1,0,unknown,0,young
management,divorced,primary,no,6,no,no,cellular,21,nov,1,-1,0,unknown,0,older
entrepreneur,married,primary,no,85,yes,no,cellular,20,apr,2,-1,0,unknown,0,older
management,married,tertiary,no,113,no,no,cellular,20,aug,6,-1,0,unknown,0,young
management,divorced,tertiary,yes,0,no,yes,unknown,16,jun,1,-1,0,unknown,0,young
management,married,secondary,no,693,no,no,cellular,6,aug,2,91,3,success,1,older
technician,single,secondary,no,1813,no,no,telephone,11,feb,10,-1,0,unknown,0,young
blue-collar,married,secondary,no,490,yes,no,cellular,8,jul,2,-1,0,unknown,0,young
blue-collar,married,primary,no,0,yes,no,unknown,27,may,6,-1,0,unknown,0,older
technician,single,unknown,no,5,yes,no,unknown,7,may,3,-1,0,unknown,0,young
blue-collar,married,secondary,no,-260,no,no,cellular,28,jul,1,-1,0,unknown,0,older
management,married,tertiary,no,649,yes,no,cellular,30,feb,6,-1,0,unknown,0,older
blue-collar,married,primary,no,0,no,no,cellular,11,aug,2,-1,0,unknown,0,older
technician,married,secondary,no,7,yes,no,cellular,17,nov,1,-1,0,unknown,1,young
admin.,married,secondary,no,1747,no,no,cellular,21,nov,1,-1,0,unknown,0,older
services,divorced,secondary,no,4114,yes,no,telephone,20,nov,1,-1,0,unknown,1,older
management,married,primary,no,-482,yes,no,unknown,17,may,1,-1,0,unknown,0,young
management,married,tertiary,no,-24,yes,no,unknown,29,may,5,-1,0,unknown,0,older
management,divorced,tertiary,no,1540,yes,no,cellular,20,nov,1,366,1,failure,0,young
blue-collar,single,primary,no,874,yes,no,cellular,7,apr,2,183,1,success,1,older
admin.,married,secondary,no,-407,yes,no,unknown,22,may,10,-1,0,unknown,0,young
management,single,tertiary,no,376,yes,yes,cellular,28,aug,2,-1,0,unknown,0,young
admin.,single,secondary,no,-1105,no,no,unknown,5,jun,2,-1,0,unknown,0,young
management,married,tertiary,no,9598,no,no,cellular,21,nov,3,-1,0,unknown,0,older
blue-collar,married,primary,no,1470,no,no,unknown,20,may,2,-1,0,unknown,0,older
technician,married,tertiary,no,-473,yes,yes,cellular,19,nov,1,-1,0,unknown,0,young
management,married,tertiary,no,633,no,no,cellular,6,aug,1,-1,0,unknown,0,young
self-employed,married,secondary,no,1160,yes,no,cellular,17,nov,5,-1,0,unknown,0,young
unknown,married,primary,no,-4,no,no,unknown,20,may,3,-1,0,unknown,0,older
blue-collar,married,primary,no,0,yes,no,cellular,16,may,2,351,1,failure,0,young
blue-collar,married,primary,no,1013,yes,no,unknown,20,may,2,-1,0,unknown,0,young
student,single,tertiary,no,882,no,no,cellular,19,may,2,-1,0,unknown,1,young
management,single,tertiary,no,1513,yes,no,unknown,30,may,4,-1,0,unknown,0,young
management,single,tertiary,yes,-185,yes,yes,cellular,19,aug,6,-1,0,unknown,0,young
technician,divorced,secondary,no,137,no,no,unknown,30,jun,1,-1,0,unknown,0,young
self-employed,divorced,secondary,no,1226,yes,no,unknown,17,may,1,-1,0,unknown,0,young
technician,married,secondary,no,-160,yes,no,telephone,4,jul,6,-1,0,unknown,0,young
blue-collar,married,secondary,no,655,no,no,telephone,11,jan,2,-1,0,unknown,0,older
technician,married,secondary,no,489,yes,no,unknown,8,may,2,-1,0,unknown,0,young
self-employed,married,secondary,no,851,no,no,cellular,9,may,2,178,2,failure,0,young
retired,married,secondary,no,9068,yes,no,cellular,13,jul,7,-1,0,unknown,0,young
management,single,tertiary,no,2096,no,no,cellular,10,jul,1,-1,0,unknown,0,young
blue-collar,married,primary,no,495,yes,no,cellular,27,apr,4,-1,0,unknown,0,young
services,married,secondary,no,137,no,no,cellular,11,aug,16,-1,0,unknown,0,young
technician,married,secondary,no,2056,no,no,unknown,5,may,2,-1,0,unknown,0,young
blue-collar,married,primary,no,0,yes,no,unknown,29,may,2,-1,0,unknown,0,older
management,married,tertiary,no,1902,no,no,cellular,18,jul,3,-1,0,unknown,1,older
blue-collar,single,secondary,no,481,yes,yes,cellular,4,aug,1,-1,0,unknown,0,young
technician,single,secondary,no,34,no,no,unknown,20,jul,4,-1,0,unknown,0,young
services,married,secondary,no,111,no,yes,cellular,3,jul,1,-1,0,unknown,0,young
technician,married,secondary,no,6406,no,no,telephone,18,nov,2,-1,0,unknown,0,older
management,married,tertiary,no,192,yes,no,unknown,19,may,1,-1,0,unknown,0,young
blue-collar,married,secondary,no,241,yes,yes,unknown,6,may,1,-1,0,unknown,0,young
blue-collar,single,primary,no,0,no,no,cellular,30,jul,2,-1,0,unknown,0,young
self-employed,married,secondary,no,1212,no,no,cellular,3,may,2,-1,0,unknown,0,young
management,married,tertiary,no,1616,yes,no,cellular,28,jan,2,-1,0,unknown,1,young
admin.,married,secondary,no,0,yes,no,unknown,14,jul,4,-1,0,unknown,0,older
services,married,secondary,no,1187,no,no,cellular,12,jul,1,-1,0,unknown,0,older
technician,divorced,tertiary,no,1274,yes,no,cellular,21,nov,7,-1,0,unknown,0,young
management,married,tertiary,no,899,no,no,cellular,29,aug,1,171,3,failure,0,older
technician,divorced,tertiary,no,12,yes,yes,unknown,16,may,5,-1,0,unknown,0,young
management,married,tertiary,no,1,yes,yes,cellular,21,jul,1,-1,0,unknown,0,young
blue-collar,married,primary,no,61,yes,no,telephone,19,may,2,-1,0,unknown,0,older
technician,married,secondary,no,477,no,yes,cellular,17,jul,2,-1,0,unknown,0,older
technician,married,secondary,no,378,yes,no,cellular,12,may,4,143,1,other,1,older
student,single,tertiary,no,932,no,no,cellular,23,feb,5,-1,0,unknown,0,young
management,single,tertiary,no,593,no,no,cellular,6,aug,4,-1,0,unknown,0,young
blue-collar,married,primary,no,2359,yes,no,cellular,19,nov,1,195,1,failure,0,older
entrepreneur,divorced,secondary,no,93,no,no,cellular,28,aug,6,-1,0,unknown,0,young
blue-collar,single,secondary,no,142,yes,no,unknown,13,may,1,-1,0,unknown,1,young
admin.,married,secondary,no,59649,yes,no,cellular,11,apr,44,458,55,other,1,young
blue-collar,married,secondary,no,1923,yes,no,cellular,20,nov,2,176,3,failure,0,older
management,married,tertiary,no,2667,yes,no,unknown,5,may,1,-1,0,unknown,0,young
retired,single,tertiary,no,2181,yes,no,cellular,20,nov,1,-1,0,unknown,0,young
management,single,tertiary,no,0,no,no,unknown,8,may,2,-1,0,unknown,1,young
services,married,primary,no,431,no,no,telephone,17,aug,4,-1,0,unknown,0,older
management,married,tertiary,no,303,no,no,telephone,19,jul,5,-1,0,unknown,0,older
technician,married,secondary,no,1219,no,no,cellular,20,sep,2,46,3,success,1,older
technician,single,secondary,no,104,no,no,cellular,19,aug,1,-1,0,unknown,0,young
technician,single,secondary,no,233,yes,no,unknown,5,may,4,-1,0,unknown,0,young
self-employed,divorced,primary,no,-17,no,yes,cellular,21,nov,1,-1,0,unknown,0,young
services,married,tertiary,no,778,yes,yes,cellular,19,nov,1,184,3,failure,0,older
technician,married,secondary,no,-85,yes,no,cellular,7,jul,1,-1,0,unknown,0,young
services,married,secondary,no,14,no,no,cellular,29,aug,14,-1,0,unknown,0,older
technician,married,secondary,yes,0,no,no,cellular,14,aug,2,-1,0,unknown,0,older
technician,single,secondary,no,959,yes,no,cellular,3,may,1,82,1,success,0,young
management,divorced,secondary,no,4429,yes,no,unknown,6,may,3,-1,0,unknown,0,older
technician,single,secondary,no,-839,yes,no,cellular,13,may,2,-1,0,unknown,1,older
admin.,single,secondary,no,14,no,no,cellular,3,jun,1,-1,0,unknown,0,young
technician,married,secondary,no,-338,no,no,cellular,20,aug,5,-1,0,unknown,0,older
retired,single,tertiary,no,12,no,no,cellular,26,aug,10,-1,0,unknown,0,young
technician,married,secondary,no,702,yes,no,cellular,17,may,1,-1,0,unknown,0,young
management,married,tertiary,no,0,yes,yes,cellular,8,may,1,-1,0,unknown,0,older
technician,married,secondary,no,378,no,yes,cellular,22,aug,2,-1,0,unknown,0,young
admin.,divorced,primary,no,615,no,no,cellular,8,apr,1,-1,0,unknown,0,older
management,single,tertiary,no,0,no,no,cellular,2,aug,2,510,1,other,1,young
management,married,tertiary,no,1220,no,no,cellular,7,aug,3,-1,0,unknown,0,older
services,married,secondary,no,111,no,no,cellular,11,sep,1,-1,0,unknown,0,young
management,married,tertiary,no,64,yes,no,unknown,11,may,7,-1,0,unknown,0,young
services,married,secondary,no,336,yes,no,cellular,3,jun,1,-1,0,unknown,0,older
admin.,single,secondary,no,9553,yes,yes,cellular,26,jan,5,-1,0,unknown,0,older
management,married,tertiary,no,202,no,no,cellular,16,nov,1,-1,0,unknown,0,older
admin.,married,secondary,no,432,no,no,cellular,17,jul,1,165,12,failure,0,older
blue-collar,married,secondary,no,1023,yes,no,cellular,4,jul,1,-1,0,unknown,0,young
technician,married,tertiary,no,6262,yes,no,cellular,17,apr,2,-1,0,unknown,0,young
services,single,tertiary,no,4836,yes,no,cellular,22,apr,1,94,2,failure,1,young
management,married,tertiary,no,0,no,no,cellular,24,feb,5,-1,0,unknown,0,older
management,single,tertiary,no,0,yes,no,cellular,9,may,2,-1,0,unknown,0,young
blue-collar,single,secondary,no,0,yes,no,unknown,14,may,2,-1,0,unknown,0,young
admin.,single,secondary,no,211,no,no,unknown,18,jun,1,-1,0,unknown,0,young
technician,single,secondary,no,4046,yes,no,cellular,11,apr,2,-1,0,unknown,0,young
management,married,tertiary,no,739,no,no,cellular,24,may,3,-1,0,unknown,0,young
blue-collar,married,secondary,no,313,yes,no,unknown,18,may,5,-1,0,unknown,0,young
management,married,secondary,no,276,no,no,cellular,5,sep,1,-1,0,unknown,1,older
blue-collar,single,primary,no,15,yes,no,cellular,17,may,1,-1,0,unknown,1,young
admin.,single,secondary,no,1871,no,no,unknown,23,may,2,-1,0,unknown,0,young
self-employed,married,primary,no,593,no,no,cellular,26,nov,1,-1,0,unknown,0,older
retired,married,tertiary,no,2477,no,no,cellular,8,sep,3,-1,0,unknown,1,older
technician,married,secondary,no,348,no,no,cellular,28,aug,3,-1,0,unknown,0,young
technician,married,secondary,no,0,yes,no,unknown,28,may,4,-1,0,unknown,0,young
management,married,secondary,no,0,yes,yes,cellular,16,may,2,-1,0,unknown,0,older
technician,divorced,secondary,no,0,yes,yes,cellular,3,may,6,-1,0,unknown,0,young
management,married,secondary,no,2867,yes,no,cellular,22,jan,2,-1,0,unknown,0,older
management,divorced,secondary,no,0,no,no,cellular,21,aug,4,-1,0,unknown,1,older
retired,single,tertiary,no,1901,no,no,cellular,11,jul,3,-1,0,unknown,0,young
technician,single,unknown,no,-673,yes,yes,unknown,16,may,4,-1,0,unknown,0,young
services,married,secondary,no,349,no,no,cellular,9,apr,3,-1,0,unknown,0,older
management,married,secondary,no,1107,yes,no,unknown,8,may,2,-1,0,unknown,0,older
technician,divorced,tertiary,no,2262,no,no,cellular,18,aug,2,-1,0,unknown,0,young
services,married,tertiary,no,1476,no,no,cellular,26,apr,2,-1,0,unknown,1,young
blue-collar,married,primary,no,3291,yes,no,cellular,8,may,4,-1,0,unknown,0,older
management,single,tertiary,no,254,no,no,cellular,30,may,2,-1,0,unknown,0,young
admin.,married,secondary,no,4830,yes,no,cellular,19,nov,3,429,3,failure,0,older
self-employed,married,secondary,no,-422,yes,yes,unknown,13,may,1,-1,0,unknown,0,older
management,married,tertiary,no,4031,no,no,cellular,7,may,1,-1,0,unknown,0,young
blue-collar,married,secondary,no,51,yes,no,cellular,17,apr,2,338,2,failure,0,young
admin.,divorced,secondary,no,2756,no,no,cellular,20,oct,2,171,4,failure,0,young
management,married,tertiary,no,94,no,no,cellular,6,feb,1,98,3,other,0,young
services,married,tertiary,no,649,no,no,cellular,17,nov,1,-1,0,unknown,0,older
management,married,tertiary,no,12,yes,no,unknown,18,may,1,-1,0,unknown,0,older
self-employed,married,unknown,no,5900,no,no,cellular,14,jan,2,-1,0,unknown,1,older
management,married,tertiary,no,2028,no,no,unknown,7,jul,2,-1,0,unknown,0,older
unemployed,married,secondary,no,3207,no,no,telephone,23,may,1,89,2,success,1,older
blue-collar,married,secondary,no,0,yes,no,unknown,29,may,3,-1,0,unknown,0,young
blue-collar,married,secondary,no,3,yes,yes,cellular,22,feb,3,-1,0,unknown,0,young
technician,married,secondary,no,-510,yes,no,cellular,29,jul,7,-1,0,unknown,1,young
student,married,secondary,no,0,yes,yes,cellular,14,may,3,181,2,failure,0,young
admin.,single,primary,no,3252,yes,yes,cellular,20,may,4,-1,0,unknown,0,young
blue-collar,single,secondary,no,2354,yes,no,telephone,9,jul,5,-1,0,unknown,0,young
technician,married,tertiary,no,3281,no,no,unknown,15,jun,6,-1,0,unknown,0,young
technician,divorced,secondary,no,47,yes,no,unknown,6,may,2,-1,0,unknown,0,older
technician,single,secondary,no,340,no,no,cellular,15,aug,2,-1,0,unknown,0,older
blue-collar,married,unknown,no,-103,yes,no,cellular,15,may,4,-1,0,unknown,0,older
blue-collar,married,secondary,no,104,yes,no,cellular,26,feb,3,-1,0,unknown,0,older
management,married,tertiary,no,391,no,no,cellular,12,aug,2,-1,0,unknown,0,older
services,married,tertiary,no,2,no,no,cellular,20,aug,2,-1,0,unknown,0,older
management,married,primary,no,619,yes,no,cellular,14,may,1,-1,0,unknown,0,young
technician,divorced,tertiary,no,1873,yes,no,cellular,31,jul,2,-1,0,unknown,0,young
management,married,secondary,no,20,yes,yes,cellular,12,jul,4,-1,0,unknown,0,young
admin.,married,tertiary,no,1427,no,no,telephone,15,may,2,92,5,success,0,young
blue-collar,single,secondary,yes,17,yes,no,unknown,27,may,6,-1,0,unknown,1,young
management,married,tertiary,no,1538,yes,no,cellular,12,aug,9,-1,0,unknown,0,young
management,single,tertiary,no,5825,yes,no,cellular,12,may,5,-1,0,unknown,0,young
technician,married,secondary,no,167,no,no,telephone,21,nov,2,-1,5,success,0,older
management,single,unknown,no,1539,no,no,cellular,22,jun,1,-1,0,unknown,0,young
technician,single,secondary,no,-90,no,no,unknown,6,jun,2,-1,0,unknown,0,older
management,married,tertiary,no,201,no,no,cellular,2,feb,5,-1,0,unknown,0,older
blue-collar,married,secondary,no,1986,yes,no,unknown,8,may,3,-1,0,unknown,0,young
self-employed,divorced,tertiary,no,4061,no,no,cellular,18,may,1,518,3,failure,0,young
blue-collar,married,primary,no,0,yes,no,unknown,18,may,4,-1,0,unknown,0,young
technician,divorced,secondary,no,936,no,yes,cellular,12,jul,1,-1,0,unknown,0,young
services,single,secondary,no,1075,no,yes,unknown,18,may,1,-1,0,unknown,0,older
management,married,secondary,no,835,yes,yes,cellular,19,may,2,289,5,failure,0,older
blue-collar,married,primary,no,81,yes,no,telephone,12,jul,1,215,2,failure,0,older
retired,divorced,tertiary,no,866,yes,no,cellular,7,may,1,357,2,failure,0,young
management,married,secondary,no,256,yes,no,unknown,9,may,4,-1,0,unknown,0,young
unknown,married,unknown,no,111,no,no,cellular,3,jul,3,-1,2,failure,0,older
blue-collar,married,secondary,no,3260,yes,no,cellular,11,apr,2,-1,0,unknown,0,older
technician,single,tertiary,no,643,yes,no,unknown,21,may,2,-1,0,unknown,0,young
blue-collar,single,secondary,no,0,no,no,cellular,21,sep,2,-1,0,unknown,1,young
blue-collar,single,primary,no,230,yes,no,cellular,18,apr,4,270,5,failure,0,young
technician,divorced,secondary,no,884,no,yes,cellular,5,feb,2,-1,0,unknown,0,young
management,married,tertiary,no,1149,no,no,cellular,14,aug,2,-1,0,unknown,0,older
admin.,married,primary,no,934,yes,no,cellular,14,apr,5,-1,0,unknown,0,older
services,single,tertiary,no,1287,yes,no,cellular,17,may,1,291,4,failure,0,older
management,married,tertiary,no,24764,no,no,telephone,1,feb,4,187,45,other,1,young
blue-collar,married,secondary,no,1837,yes,yes,unknown,8,may,3,-1,0,unknown,0,young
technician,single,secondary,no,398,yes,no,cellular,21,apr,7,-1,0,unknown,0,young
management,divorced,tertiary,no,110,no,no,cellular,18,aug,2,-1,0,unknown,0,older
blue-collar,married,secondary,no,495,no,yes,cellular,29,jul,4,-1,0,unknown,0,young
blue-collar,married,primary,no,1265,yes,no,unknown,17,may,1,-1,0,unknown,0,young
blue-collar,married,secondary,no,315,yes,no,unknown,17,may,1,-1,0,unknown,0,young
management,divorced,primary,no,395,no,no,unknown,13,may,1,-1,0,unknown,0,older
technician,single,tertiary,no,914,no,yes,cellular,21,nov,1,-1,0,unknown,0,young
blue-collar,married,secondary,no,0,no,no,cellular,20,aug,4,-1,0,unknown,0,older
blue-collar,married,primary,no,2876,no,no,cellular,26,aug,3,-1,0,unknown,0,older
management,divorced,primary,no,-235,yes,no,unknown,16,may,1,-1,0,unknown,0,young
housemaid,divorced,unknown,no,458,no,no,unknown,25,jul,1,-1,0,unknown,0,young
technician,married,secondary,no,-479,yes,yes,unknown,7,may,2,-1,0,unknown,0,young
blue-collar,married,primary,no,592,no,yes,unknown,5,may,2,-1,0,unknown,0,older
admin.,divorced,secondary,no,0,yes,no,unknown,14,may,1,-1,0,unknown,0,older
technician,married,secondary,no,-1146,no,no,cellular,30,aug,26,-1,0,unknown,0,older
blue-collar,married,secondary,no,895,yes,no,unknown,17,may,2,-1,0,unknown,0,young
self-employed,divorced,tertiary,no,314,no,no,telephone,18,nov,1,-1,0,unknown,1,older
technician,single,tertiary,no,365,no,no,cellular,3,jul,2,-1,0,unknown,0,young
entrepreneur,single,secondary,no,61,no,no,cellular,19,nov,2,-1,0,unknown,0,older
management,married,tertiary,no,826,no,no,cellular,12,jun,1,-1,0,unknown,1,young
management,married,tertiary,no,263,no,no,cellular,28,feb,1,-1,0,unknown,0,older
blue-collar,married,secondary,no,825,no,no,cellular,11,jul,3,181,1,success,1,older
blue-collar,married,secondary,no,-275,yes,no,cellular,16,apr,1,119,1,failure,0,young
unknown,married,secondary,no,784,no,no,cellular,21,may,3,181,5,success,1,older
self-employed,married,primary,no,1049,yes,no,unknown,29,may,14,-1,0,unknown,0,older
technician,single,tertiary,no,193,no,no,cellular,29,sep,1,-1,1,other,0,young
technician,married,primary,no,1442,no,yes,cellular,31,jun,1,-1,0,unknown,0,older
blue-collar,single,secondary,no,-501,yes,yes,unknown,8,may,1,-1,0,unknown,0,young
technician,married,secondary,no,200,yes,no,unknown,29,may,3,-1,0,unknown,0,older
technician,divorced,secondary,no,3349,yes,no,unknown,13,may,1,-1,0,unknown,0,older
services,married,secondary,no,2235,yes,yes,cellular,17,apr,2,295,1,failure,0,older
blue-collar,married,primary,no,459,no,no,telephone,8,nov,3,170,2,success,0,older
student,married,secondary,no,54,no,no,cellular,13,aug,2,-1,0,unknown,0,older
retired,divorced,secondary,no,187,yes,yes,cellular,20,jan,1,-1,0,unknown,0,young
services,married,secondary,no,933,yes,no,telephone,6,jan,2,-1,0,unknown,0,older
admin.,married,secondary,no,953,yes,no,cellular,15,nov,1,352,1,failure,0,young
management,married,tertiary,no,659,no,no,cellular,15,feb,1,-1,0,unknown,0,older
blue-collar,married,secondary,no,-443,yes,no,unknown,12,may,2,-1,0,unknown,0,young
management,married,tertiary,no,20596,no,no,cellular,7,aug,2,100,2,other,0,young
management,divorced,secondary,no,83,yes,yes,cellular,18,jan,1,-1,0,unknown,0,older
entrepreneur,married,tertiary,no,6036,yes,no,cellular,19,nov,2,-1,0,unknown,0,older
unknown,married,secondary,no,621,no,no,unknown,30,may,2,-1,0,unknown,0,older
blue-collar,married,secondary,no,-26,yes,no,unknown,4,mar,5,-1,0,unknown,0,older
blue-collar,married,primary,no,25,yes,yes,unknown,19,may,1,-1,0,unknown,0,older
management,single,tertiary,no,1278,no,no,cellular,29,aug,2,-1,0,unknown,0,young
blue-collar,single,primary,no,850,yes,no,unknown,19,may,10,-1,0,unknown,0,young
services,married,secondary,no,500,no,no,telephone,21,nov,1,-1,0,unknown,0,older
student,married,secondary,no,1099,no,no,telephone,1,feb,2,-1,0,unknown,1,older
services,single,secondary,no,-19,yes,no,cellular,2,jul,1,369,1,failure,0,young
services,married,secondary,no,5743,no,no,unknown,21,jun,1,-1,0,unknown,0,older
admin.,single,secondary,no,0,yes,no,cellular,17,apr,1,282,3,failure,0,young
technician,divorced,secondary,no,22,no,no,cellular,11,aug,7,-1,0,unknown,0,older
technician,single,secondary,no,343,no,no,cellular,21,aug,38,-1,0,unknown,0,young
student,married,secondary,no,3,no,no,cellular,18,aug,2,-1,0,unknown,0,older
technician,married,tertiary,no,-74,yes,no,cellular,9,may,1,-1,0,unknown,0,young
services,divorced,secondary,no,1216,yes,no,cellular,18,jul,1,-1,0,unknown,0,older
management,married,tertiary,no,392,yes,no,cellular,20,jun,3,-1,0,unknown,0,young
blue-collar,married,secondary,no,1731,yes,no,cellular,20,nov,1,-1,0,unknown,0,older
blue-collar,married,primary,no,840,yes,no,cellular,30,feb,2,-1,0,unknown,0,older
housemaid,single,tertiary,no,37,no,no,cellular,20,aug,1,-1,0,unknown,0,young
technician,single,secondary,no,154,yes,no,cellular,19,apr,5,-1,0,unknown,0,young
student,divorced,secondary,no,-721,yes,yes,unknown,14,may,3,-1,0,unknown,0,older
management,married,tertiary,no,3409,yes,no,unknown,20,may,3,-1,0,unknown,0,older
technician,married,secondary,no,242,yes,no,cellular,4,apr,1,-1,0,unknown,0,young
management,single,tertiary,no,0,no,no,unknown,2,jun,1,-1,0,unknown,0,young
management,married,tertiary,no,306,yes,no,cellular,31,apr,1,-1,1,failure,0,young
management,married,tertiary,no,-294,yes,no,cellular,13,may,2,-1,0,unknown,0,young
blue-collar,single,secondary,no,143,yes,yes,unknown,29,may,1,-1,0,unknown,0,young
technician,divorced,tertiary,no,0,no,no,cellular,20,jul,1,-1,0,unknown,0,older
services,married,secondary,no,272,no,no,unknown,19,may,2,-1,0,unknown,0,young
technician,married,secondary,no,182,yes,no,cellular,18,apr,5,-1,0,unknown,0,young
technician,married,secondary,no,1434,yes,no,cellular,11,apr,3,355,2,other,0,older
admin.,married,primary,no,208,yes,yes,unknown,28,may,5,-1,0,unknown,0,older
technician,married,secondary,no,130,yes,no,unknown,12,may,2,-1,0,unknown,0,young
management,single,tertiary,no,709,no,no,cellular,8,jul,1,-1,0,unknown,0,young
student,married,secondary,no,369,no,yes,cellular,3,feb,2,-1,0,unknown,0,older
services,married,secondary,no,1996,yes,no,unknown,29,may,5,-1,0,unknown,0,older
admin.,single,secondary,no,58,no,no,cellular,1,may,2,-1,0,unknown,0,young
technician,divorced,secondary,no,892,no,no,cellular,8,aug,7,-1,0,unknown,0,young
management,married,secondary,no,1214,yes,yes,unknown,14,may,1,-1,0,unknown,0,young
management,married,tertiary,no,135,no,yes,cellular,21,aug,3,-1,0,unknown,0,older
management,single,tertiary,no,3941,yes,no,cellular,19,apr,1,244,2,failure,0,young
admin.,single,secondary,no,340,no,no,unknown,4,may,1,-1,0,unknown,0,young
admin.,married,secondary,no,192,no,yes,cellular,24,may,1,-1,0,unknown,0,young
technician,married,secondary,no,231,yes,no,cellular,14,jun,6,-1,0,unknown,0,young
blue-collar,married,secondary,no,856,no,no,unknown,8,may,2,-1,0,unknown,0,young
entrepreneur,married,primary,no,3838,yes,no,cellular,8,may,2,277,3,failure,0,young
management,married,secondary,no,834,yes,no,unknown,17,may,3,-1,0,unknown,0,older
technician,married,tertiary,no,562,yes,no,cellular,18,may,2,-1,0,unknown,0,young
blue-collar,married,primary,no,0,yes,yes,telephone,5,jul,3,-1,0,unknown,0,older
blue-collar,married,secondary,yes,-877,no,no,cellular,29,jul,1,-1,0,unknown,1,young
blue-collar,married,secondary,no,884,no,no,cellular,12,sep,1,-1,0,unknown,0,young
management,single,tertiary,no,1130,no,no,cellular,7,may,1,-1,0,unknown,0,young
management,married,tertiary,no,5806,yes,no,cellular,21,nov,1,-1,0,unknown,0,older
technician,married,secondary,no,2660,no,no,cellular,24,aug,2,-1,0,unknown,0,older
blue-collar,divorced,secondary,no,926,yes,yes,cellular,14,apr,3,-1,0,unknown,0,young
management,divorced,tertiary,no,368,yes,yes,cellular,28,jul,1,-1,0,unknown,0,young
technician,married,secondary,no,-400,yes,no,cellular,18,apr,2,303,2,success,1,young
blue-collar,single,secondary,no,338,yes,no,cellular,19,jan,1,-1,0,unknown,0,young
technician,married,secondary,no,148,no,no,cellular,26,aug,2,-1,0,unknown,0,young
blue-collar,married,primary,no,-14,yes,yes,cellular,5,jul,1,-1,0,unknown,0,young
management,married,tertiary,no,3080,yes,no,cellular,17,jul,1,-1,0,unknown,0,older
management,single,tertiary,no,5728,no,no,cellular,5,dec,2,-1,0,unknown,1,young
management,married,unknown,no,160,yes,no,unknown,4,jun,2,-1,0,unknown,1,older
blue-collar,married,primary,no,746,yes,no,cellular,20,jul,1,-1,0,unknown,0,young
retired,married,secondary,no,1626,no,no,cellular,19,nov,2,-1,0,unknown,1,young
blue-collar,married,primary,no,655,yes,no,cellular,7,jan,8,-1,0,unknown,0,older
student,married,secondary,no,1343,no,no,cellular,18,aug,2,-1,0,unknown,1,young
admin.,single,secondary,no,5,no,no,cellular,11,jul,3,-1,0,unknown,1,young
management,married,unknown,no,477,no,no,unknown,1,jul,1,-1,0,unknown,0,older
blue-collar,married,secondary,no,1230,yes,no,unknown,20,may,13,-1,0,unknown,0,older
technician,married,unknown,no,3910,no,no,unknown,26,may,1,-1,0,unknown,0,older
blue-collar,divorced,primary,no,1994,no,no,telephone,9,may,2,279,1,failure,0,older
unemployed,married,tertiary,no,4354,yes,no,telephone,3,jul,2,-1,0,unknown,0,older
blue-collar,married,secondary,no,563,yes,no,cellular,27,apr,13,-1,0,unknown,0,young
admin.,married,secondary,no,0,no,yes,cellular,17,jul,2,-1,0,unknown,0,young
management,single,secondary,no,896,no,no,cellular,8,may,1,-1,0,unknown,0,young
technician,single,primary,no,0,no,no,unknown,6,may,2,-1,0,unknown,0,young
management,single,secondary,no,453,yes,no,cellular,17,nov,1,285,2,other,0,young
admin.,married,secondary,no,420,no,no,cellular,20,nov,2,-1,0,unknown,0,older
management,single,tertiary,no,1695,no,no,cellular,7,feb,1,66,3,success,1,young
blue-collar,married,primary,no,391,no,no,cellular,17,nov,1,-1,0,unknown,1,young
admin.,single,secondary,no,4854,yes,no,cellular,20,may,2,-1,0,unknown,0,young
blue-collar,married,secondary,no,2174,yes,yes,cellular,17,apr,5,195,6,other,0,young
management,single,tertiary,no,1008,no,yes,cellular,6,aug,2,-1,0,unknown,0,young
services,married,unknown,no,2238,no,yes,cellular,4,nov,2,97,2,success,1,older
management,married,secondary,no,740,yes,no,cellular,15,may,3,195,7,failure,0,older
management,divorced,primary,no,315,yes,no,cellular,5,jan,3,-1,0,unknown,0,older
technician,single,secondary,no,3529,yes,no,unknown,4,may,2,-1,0,unknown,0,young
admin.,single,tertiary,no,0,no,no,cellular,24,feb,2,-1,0,unknown,0,young
admin.,single,secondary,no,3038,yes,no,unknown,14,may,2,-1,0,unknown,0,young
blue-collar,married,primary,no,2158,yes,no,telephone,16,nov,2,-1,0,unknown,0,older
retired,married,primary,no,-8,yes,yes,unknown,30,may,1,-1,0,unknown,0,older
management,single,tertiary,no,1105,no,no,cellular,2,aug,2,-1,0,unknown,0,young
management,married,primary,no,218,no,no,unknown,8,may,2,-1,0,unknown,0,older
blue-collar,single,primary,no,3837,yes,no,cellular,5,may,1,261,1,failure,0,older
technician,divorced,primary,no,-83,no,no,cellular,16,feb,2,-1,0,unknown,0,older
management,single,tertiary,no,207,no,yes,cellular,31,jul,1,-1,0,unknown,0,young
blue-collar,single,primary,no,5,yes,no,cellular,3,jun,1,329,0,failure,0,older
admin.,married,secondary,no,7,yes,yes,unknown,9,may,2,-1,0,unknown,0,young
admin.,married,secondary,no,262,yes,no,unknown,20,may,1,-1,0,unknown,0,older
technician,single,secondary,no,86,yes,yes,unknown,4,may,2,-1,0,unknown,1,young
retired,single,tertiary,no,429,no,no,cellular,23,aug,4,-1,0,unknown,0,young
retired,married,secondary,no,1550,no,no,cellular,5,aug,2,-1,0,unknown,0,young
management,married,tertiary,no,0,yes,no,unknown,6,may,1,-1,0,unknown,0,young
blue-collar,married,primary,no,862,no,no,unknown,5,jun,1,-1,0,unknown,0,older
technician,married,secondary,no,234,no,no,cellular,4,aug,1,-1,0,unknown,1,young
services,married,primary,no,901,no,no,telephone,3,aug,1,-1,0,unknown,0,older
student,married,secondary,no,1364,no,no,cellular,20,aug,3,-1,0,unknown,0,older
blue-collar,married,primary,no,681,no,no,cellular,2,aug,1,-1,0,unknown,0,older
blue-collar,divorced,primary,no,9608,yes,no,cellular,5,may,3,-1,0,unknown,0,older
technician,married,primary,no,304,yes,no,unknown,17,may,1,-1,0,unknown,0,older
blue-collar,married,primary,no,3251,yes,no,cellular,17,jul,19,-1,0,unknown,0,older
management,married,tertiary,no,183,yes,no,cellular,15,aug,2,-1,0,unknown,0,older
technician,married,secondary,no,160,yes,no,cellular,12,may,6,-1,0,unknown,0,older
technician,single,secondary,no,1105,no,no,cellular,6,aug,1,196,3,failure,0,young
services,divorced,tertiary,no,125,yes,yes,cellular,30,feb,6,-1,0,unknown,0,older
technician,married,secondary,no,1809,yes,no,cellular,27,feb,3,-1,0,unknown,0,young
technician,single,tertiary,no,8850,no,no,telephone,8,jan,1,-1,0,unknown,0,young
blue-collar,married,secondary,no,152,no,no,unknown,11,may,1,-1,0,unknown,0,older
blue-collar,married,secondary,no,987,no,no,telephone,29,jun,2,-1,0,unknown,0,older
management,divorced,tertiary,yes,126,yes,no,unknown,3,may,3,-1,0,unknown,0,older
management,married,secondary,no,1474,yes,no,cellular,6,may,1,268,4,failure,0,older
admin.,single,primary,no,350,yes,yes,telephone,16,nov,3,-1,0,unknown,0,older
unemployed,divorced,secondary,no,331,no,no,cellular,9,sep,1,-1,0,unknown,1,older
technician,divorced,secondary,no,1180,no,no,cellular,7,may,1,-1,0,unknown,0,young
blue-collar,married,primary,no,6470,yes,no,cellular,20,may,1,149,2,failure,0,older
blue-collar,married,secondary,no,237,no,yes,telephone,8,jul,2,-1,0,unknown,0,older
blue-collar,married,secondary,no,0,yes,no,telephone,8,jul,2,-1,0,unknown,0,older
admin.,married,secondary,no,0,yes,no,cellular,20,may,2,-1,0,unknown,0,young
management,single,secondary,no,4687,yes,no,cellular,7,apr,2,180,1,failure,0,young
blue-collar,married,primary,no,5,yes,no,unknown,17,may,2,-1,0,unknown,0,young
technician,married,primary,no,1065,no,yes,cellular,9,may,1,-1,0,unknown,0,older
blue-collar,married,secondary,no,239,yes,no,unknown,9,may,24,-1,0,unknown,0,older
blue-collar,married,secondary,yes,0,yes,no,unknown,4,may,6,-1,0,unknown,1,young
services,married,primary,no,205,yes,yes,cellular,11,jan,1,-1,0,unknown,0,older
management,single,tertiary,no,372,no,no,cellular,5,aug,4,-1,0,unknown,1,young
technician,married,tertiary,no,638,yes,no,unknown,20,may,2,-1,0,unknown,0,older
student,married,tertiary,no,518,no,no,cellular,8,aug,5,-1,0,unknown,0,older
blue-collar,married,secondary,no,141,yes,no,cellular,18,jun,2,364,3,failure,0,young
admin.,married,secondary,no,10198,yes,no,unknown,15,jun,1,-1,0,unknown,0,older
blue-collar,married,secondary,no,2483,yes,no,cellular,22,aug,3,-1,0,unknown,0,young
technician,single,secondary,no,2410,no,no,unknown,13,may,4,-1,0,unknown,0,young
admin.,single,secondary,no,0,no,no,cellular,2,aug,1,-1,0,unknown,0,young
admin.,single,secondary,no,513,yes,no,unknown,27,may,1,-1,0,unknown,1,young
admin.,single,secondary,no,456,no,no,cellular,29,may,1,115,1,failure,0,young
management,married,primary,no,854,yes,yes,unknown,15,may,1,-1,0,unknown,0,older
unemployed,married,secondary,no,5,no,yes,cellular,11,may,2,-1,0,unknown,0,older
retired,single,secondary,no,5909,yes,no,telephone,9,may,2,-1,0,unknown,0,young
blue-collar,married,primary,no,291,yes,no,unknown,29,may,2,-1,0,unknown,0,older
student,single,tertiary,no,720,no,no,cellular,21,aug,2,-1,0,unknown,0,young
blue-collar,married,secondary,no,90,yes,no,unknown,2,may,4,-1,0,unknown,1,young
technician,single,secondary,no,757,yes,no,cellular,18,apr,1,-1,0,unknown,0,young
admin.,divorced,secondary,no,-87,no,yes,cellular,6,jul,3,-1,0,unknown,0,older
self-employed,single,tertiary,no,-33,yes,no,cellular,27,may,1,-1,0,unknown,1,young
management,married,tertiary,yes,-2997,yes,yes,telephone,21,jul,1,-1,0,unknown,0,older
retired,single,secondary,no,177,yes,no,cellular,15,may,4,-1,0,unknown,1,young
blue-collar,married,secondary,no,4950,yes,no,cellular,7,aug,2,-1,0,unknown,0,older
management,married,tertiary,no,-1,no,no,unknown,14,mar,1,-1,0,unknown,0,young
management,married,secondary,no,2035,no,no,cellular,16,nov,2,-1,0,unknown,0,older
blue-collar,single,secondary,no,1152,yes,no,cellular,5,aug,2,259,1,other,0,young
management,married,tertiary,no,343,no,no,cellular,17,aug,6,-1,0,unknown,0,older
unemployed,married,unknown,no,1525,no,no,cellular,6,aug,1,-1,0,unknown,0,older
admin.,married,secondary,no,1508,yes,no,unknown,19,may,1,-1,0,unknown,0,young
blue-collar,married,primary,no,5915,yes,no,cellular,8,feb,2,-1,0,unknown,0,older
housemaid,single,secondary,no,116,yes,yes,cellular,7,jun,2,-1,0,unknown,0,young
blue-collar,married,secondary,no,-6230,no,yes,cellular,19,jul,1,-1,0,unknown,0,older
management,married,tertiary,no,1305,no,no,telephone,11,aug,1,-1,0,unknown,1,young
blue-collar,single,primary,no,142,yes,no,cellular,7,jun,1,-1,0,unknown,0,older
technician,single,tertiary,no,272,yes,no,cellular,5,may,2,272,3,failure,0,older
blue-collar,married,secondary,no,158,yes,no,cellular,25,apr,1,-1,0,unknown,0,young
technician,divorced,primary,no,155,no,no,cellular,21,jul,2,-1,0,unknown,0,older
management,married,primary,no,200,no,no,cellular,18,sep,1,-1,0,unknown,0,older
management,married,tertiary,no,7874,yes,no,cellular,17,nov,1,-1,0,unknown,0,older
management,married,secondary,no,1503,yes,no,telephone,17,jun,1,-1,0,unknown,0,older
management,married,tertiary,no,586,no,no,cellular,20,aug,2,-1,0,unknown,0,young
management,married,tertiary,no,258,yes,no,cellular,14,may,3,191,10,other,0,young
blue-collar,married,secondary,no,919,no,no,cellular,19,jul,1,-1,0,unknown,0,young
housemaid,married,secondary,no,5203,no,no,unknown,30,may,3,-1,0,unknown,0,older
management,married,tertiary,no,92,yes,no,unknown,21,may,2,-1,0,unknown,0,young
blue-collar,single,secondary,no,2159,yes,no,cellular,25,may,1,-1,0,unknown,1,young
blue-collar,married,secondary,no,216,yes,no,telephone,19,nov,2,-1,0,unknown,0,young
blue-collar,single,secondary,no,2306,yes,no,cellular,18,may,1,-1,0,unknown,0,young
services,married,tertiary,no,3736,no,yes,cellular,7,aug,4,-1,0,unknown,0,older
blue-collar,single,secondary,no,1885,yes,yes,cellular,11,may,4,-1,0,unknown,0,young
management,divorced,tertiary,no,0,yes,yes,cellular,14,may,1,-1,0,unknown,0,older
management,single,tertiary,no,1842,no,no,cellular,11,jul,11,215,3,other,0,young
services,married,secondary,no,1124,no,no,cellular,12,sep,3,-1,3,failure,1,older
student,married,secondary,no,1793,no,yes,unknown,18,may,3,-1,0,unknown,0,older
blue-collar,married,secondary,no,200,yes,no,cellular,19,may,2,310,1,failure,0,young
blue-collar,divorced,secondary,no,366,yes,yes,cellular,9,jul,2,-1,0,unknown,0,older
management,married,tertiary,no,951,no,no,cellular,21,aug,19,-1,0,unknown,0,older
blue-collar,divorced,primary,no,87,yes,no,cellular,16,may,2,350,1,failure,0,older
blue-collar,married,secondary,no,-436,yes,yes,unknown,25,jun,3,-1,0,unknown,0,young
technician,single,secondary,no,-1030,yes,no,cellular,14,may,2,-1,0,unknown,0,young
blue-collar,married,secondary,no,-276,yes,no,unknown,27,may,4,-1,0,unknown,0,older
blue-collar,single,primary,no,-695,yes,no,cellular,13,may,1,362,2,failure,0,young
services,married,secondary,no,356,no,no,unknown,20,nov,1,129,4,other,0,older
management,single,tertiary,no,5139,no,no,cellular,18,feb,2,-1,2,success,1,young
blue-collar,married,primary,no,7712,yes,no,cellular,13,may,2,260,3,failure,0,older
management,single,tertiary,no,0,yes,no,unknown,8,may,2,-1,0,unknown,0,young
admin.,married,secondary,no,97,yes,no,unknown,6,may,1,-1,0,unknown,0,young
management,single,tertiary,no,126,yes,yes,cellular,21,nov,2,-1,0,unknown,0,young
unemployed,single,tertiary,no,2388,yes,no,cellular,21,jul,1,-1,0,unknown,0,young
management,married,primary,no,4846,no,no,cellular,21,nov,2,-1,0,unknown,0,older
technician,married,secondary,no,-323,yes,no,cellular,26,jul,3,-1,0,unknown,0,young
blue-collar,married,secondary,no,46,yes,no,cellular,20,jun,1,-1,0,unknown,0,young
technician,married,secondary,no,372,no,no,cellular,18,nov,1,-1,0,unknown,0,older
management,single,tertiary,no,470,no,no,cellular,18,nov,1,178,1,failure,1,young
technician,divorced,secondary,no,730,yes,no,cellular,21,apr,2,182,1,other,0,young
services,married,secondary,no,5290,no,no,cellular,16,aug,7,-1,0,unknown,0,young
admin.,divorced,secondary,no,0,yes,no,unknown,28,may,2,-1,0,unknown,0,older
student,married,primary,no,7423,no,no,telephone,23,sep,2,186,5,other,1,older
technician,married,secondary,no,349,yes,no,cellular,20,apr,4,295,2,failure,0,young
self-employed,married,secondary,no,355,no,no,cellular,21,feb,2,-1,0,unknown,0,older
blue-collar,married,primary,no,14876,no,no,unknown,21,jul,2,-1,0,unknown,0,older
retired,married,unknown,no,1011,no,no,telephone,17,apr,2,312,2,failure,0,older
unemployed,married,tertiary,no,643,no,no,cellular,28,dec,1,-1,0,unknown,0,older
blue-collar,married,primary,no,4959,yes,no,cellular,20,jul,5,185,2,success,1,older
retired,divorced,tertiary,no,79,no,no,cellular,21,aug,2,-1,0,unknown,0,older
management,single,tertiary,no,942,no,no,cellular,14,dec,3,-1,0,unknown,0,young
blue-collar,divorced,secondary,no,2541,yes,no,unknown,7,may,7,-1,0,unknown,0,older
technician,married,secondary,no,9670,no,no,cellular,11,jul,2,-1,0,unknown,0,older
technician,married,tertiary,no,238,no,no,cellular,20,feb,2,-1,0,unknown,0,young
technician,divorced,tertiary,no,696,yes,no,cellular,13,jul,1,-1,0,unknown,0,young
blue-collar,married,primary,no,2453,yes,no,unknown,11,may,4,-1,0,unknown,0,older
technician,married,secondary,yes,-409,no,no,unknown,21,may,2,-1,0,unknown,0,older
blue-collar,married,primary,no,134,yes,no,cellular,3,jan,1,-1,0,unknown,0,older
technician,divorced,secondary,no,-322,yes,yes,unknown,21,may,2,-1,0,unknown,0,older
technician,married,secondary,no,987,yes,no,unknown,28,may,2,-1,0,unknown,0,young
unemployed,married,secondary,no,3324,no,no,cellular,18,may,1,-1,0,unknown,0,older
admin.,single,secondary,no,633,no,no,cellular,14,nov,1,147,4,success,1,young
management,married,tertiary,no,0,yes,yes,unknown,28,jun,40,-1,0,unknown,0,young
technician,married,tertiary,no,278,no,no,cellular,14,aug,2,-1,0,unknown,0,young
technician,single,tertiary,no,-21,no,no,cellular,26,aug,1,-1,0,unknown,1,young
self-employed,married,secondary,no,30,no,yes,cellular,12,aug,2,-1,0,unknown,0,older
self-employed,single,secondary,no,503,yes,no,unknown,6,may,1,-1,0,unknown,0,young
services,married,secondary,no,0,no,no,cellular,29,aug,2,-1,0,unknown,0,older
admin.,married,secondary,no,4018,yes,no,unknown,30,may,3,-1,0,unknown,0,older
self-employed,married,primary,no,614,yes,yes,cellular,21,jun,3,-1,0,unknown,0,older
student,single,unknown,no,854,no,no,cellular,6,aug,1,-1,0,unknown,1,young
services,married,secondary,no,289,yes,yes,cellular,14,may,2,190,1,other,0,young
blue-collar,divorced,primary,no,806,no,no,cellular,27,may,2,-1,0,unknown,0,older
blue-collar,married,primary,no,3249,yes,no,cellular,19,nov,1,-1,0,unknown,0,older
blue-collar,married,primary,no,1648,yes,no,cellular,21,nov,1,-1,0,unknown,0,young
management,married,secondary,no,234,no,no,unknown,25,jul,1,-1,0,unknown,0,young
student,divorced,primary,no,917,yes,no,unknown,29,jul,1,-1,0,unknown,0,older
technician,single,secondary,no,2161,no,no,cellular,4,feb,8,-1,0,unknown,1,older
retired,single,tertiary,no,2289,yes,no,unknown,27,may,2,-1,0,unknown,0,older
housemaid,single,tertiary,no,158,no,no,unknown,16,may,1,-1,0,unknown,0,young
technician,married,secondary,no,13,yes,no,cellular,21,feb,6,-1,0,unknown,1,young
retired,married,primary,no,509,no,no,unknown,8,jun,1,-1,0,unknown,0,older
admin.,single,secondary,no,1555,yes,no,unknown,9,may,1,-1,0,unknown,0,young
management,single,tertiary,no,1013,no,no,cellular,2,aug,1,126,2,success,1,young
management,single,tertiary,no,207,yes,no,unknown,21,may,2,-1,0,unknown,0,young
technician,married,secondary,no,0,yes,no,unknown,28,may,1,-1,0,unknown,0,young
admin.,married,secondary,no,5526,no,yes,cellular,27,nov,16,-1,0,unknown,0,young
management,married,tertiary,no,11185,yes,yes,cellular,6,jul,2,-1,0,unknown,0,young
retired,married,secondary,no,4923,yes,no,unknown,13,may,2,-1,0,unknown,0,young
management,married,primary,no,436,yes,no,telephone,6,jul,1,-1,0,unknown,0,young
management,married,tertiary,no,154,yes,no,unknown,19,may,6,-1,0,unknown,0,older
unknown,married,primary,no,12409,no,no,cellular,11,jul,1,-1,0,unknown,0,older
blue-collar,divorced,primary,no,7261,yes,no,cellular,19,jul,7,185,3,failure,0,young
blue-collar,married,secondary,no,310,yes,yes,unknown,6,may,1,-1,0,unknown,0,older
management,single,primary,no,2,no,no,cellular,6,may,2,-1,0,unknown,0,older
admin.,single,secondary,no,777,no,no,cellular,28,jul,1,-1,0,unknown,0,young
blue-collar,single,primary,no,3607,yes,no,unknown,15,may,1,-1,0,unknown,0,young
technician,married,secondary,no,2633,yes,no,telephone,20,jul,2,-1,0,unknown,0,older
blue-collar,married,primary,no,460,yes,no,unknown,3,may,1,-1,0,unknown,0,older
admin.,married,secondary,no,489,yes,yes,cellular,27,feb,4,-1,0,unknown,0,older
services,single,secondary,no,0,no,no,cellular,30,apr,1,-1,0,unknown,0,young
blue-collar,married,secondary,no,99,yes,yes,cellular,19,nov,1,-1,0,unknown,0,young
unemployed,married,secondary,no,1193,no,no,cellular,13,nov,1,-1,0,unknown,0,older
blue-collar,single,secondary,no,1940,no,no,cellular,31,apr,3,-1,0,unknown,1,older
management,married,tertiary,no,489,no,no,cellular,9,jul,2,-1,0,unknown,0,older
management,married,tertiary,no,1726,no,no,unknown,9,jul,1,-1,0,unknown,0,young
blue-collar,married,secondary,no,16,yes,yes,unknown,29,may,41,-1,0,unknown,0,young
self-employed,married,secondary,no,58,yes,no,cellular,17,jun,1,189,2,success,0,older
self-employed,married,secondary,no,0,no,no,cellular,30,aug,4,-1,0,unknown,0,older
management,married,tertiary,no,890,yes,no,unknown,18,may,8,-1,0,unknown,0,older
technician,married,tertiary,no,58,yes,no,telephone,28,jan,5,-1,0,unknown,0,older
technician,single,secondary,no,157,no,no,cellular,2,sep,3,339,1,success,0,young
technician,married,tertiary,no,2135,no,no,cellular,6,aug,2,-1,0,unknown,0,young
retired,married,unknown,no,-160,no,yes,cellular,12,jul,5,-1,0,unknown,0,older
blue-collar,married,primary,no,16,yes,no,unknown,6,may,2,-1,0,unknown,1,young
technician,single,secondary,no,4189,no,no,cellular,4,aug,1,-1,0,unknown,0,young
blue-collar,single,secondary,no,0,yes,yes,cellular,24,apr,1,179,2,other,0,young
technician,married,secondary,no,169,no,yes,unknown,1,jun,1,-1,0,unknown,0,older
blue-collar,single,secondary,no,1978,no,no,cellular,21,nov,2,-1,0,unknown,0,young
technician,single,tertiary,no,4165,no,no,cellular,21,aug,4,-1,0,unknown,1,young
management,married,secondary,no,660,no,no,cellular,26,may,5,-1,0,unknown,0,older
entrepreneur,married,secondary,no,2033,yes,no,cellular,20,nov,2,-1,0,unknown,0,young
management,married,tertiary,no,3299,yes,no,cellular,21,apr,1,-1,0,unknown,1,older
management,single,secondary,no,265,yes,no,cellular,16,feb,2,264,1,failure,0,young
housemaid,single,secondary,no,137,no,yes,cellular,17,may,2,-1,0,unknown,0,young
technician,single,secondary,yes,1515,no,no,cellular,11,aug,2,-1,0,unknown,0,older
technician,married,secondary,no,830,yes,no,cellular,8,aug,3,-1,0,unknown,0,young
management,married,tertiary,no,62,no,yes,cellular,17,aug,5,-1,0,unknown,0,older
admin.,married,secondary,no,3318,yes,no,unknown,23,may,1,-1,0,unknown,1,older
technician,married,secondary,no,430,no,no,cellular,19,jul,1,252,2,failure,1,young
admin.,single,tertiary,no,552,yes,no,cellular,18,may,1,256,1,other,0,young
technician,single,tertiary,no,760,yes,no,cellular,3,aug,2,217,4,success,1,young
retired,single,tertiary,no,1477,yes,no,unknown,18,may,1,-1,0,unknown,0,young
blue-collar,divorced,primary,no,1517,yes,no,unknown,8,may,2,-1,0,unknown,0,older
retired,married,unknown,no,479,no,no,telephone,12,jun,1,169,2,failure,0,older
blue-collar,single,primary,no,140,yes,no,unknown,11,may,1,-1,0,unknown,0,young
blue-collar,married,primary,no,1968,yes,no,cellular,19,dec,3,-1,0,unknown,0,older
blue-collar,divorced,secondary,no,1610,yes,no,cellular,17,nov,2,-1,0,unknown,1,older
blue-collar,married,primary,no,1002,yes,no,cellular,3,jun,1,-1,0,unknown,1,older
management,married,tertiary,no,90,no,no,cellular,20,sep,4,183,2,failure,0,young
management,single,tertiary,no,-194,yes,no,unknown,12,may,1,-1,0,unknown,0,young
services,married,tertiary,no,3447,yes,yes,cellular,27,may,6,-1,0,unknown,0,young
entrepreneur,married,tertiary,no,1427,yes,no,cellular,21,nov,3,174,5,failure,0,young
technician,single,tertiary,no,291,yes,no,cellular,5,feb,2,198,3,failure,0,young
management,married,tertiary,no,1079,no,no,cellular,20,aug,8,-1,0,unknown,0,older
technician,married,secondary,no,2033,yes,no,unknown,30,jun,1,-1,0,unknown,0,young
management,single,tertiary,no,224,no,no,cellular,7,aug,1,-1,0,unknown,0,young
blue-collar,married,primary,no,10369,no,no,cellular,9,may,1,-1,0,unknown,1,older
management,married,primary,no,367,no,yes,cellular,6,may,2,-1,0,unknown,1,older
technician,married,tertiary,no,10709,yes,no,cellular,18,feb,2,-1,0,unknown,0,young
management,single,tertiary,no,975,no,no,cellular,15,aug,2,-1,0,unknown,1,young
technician,married,secondary,no,61,yes,yes,cellular,15,may,2,-1,0,unknown,0,older
blue-collar,married,secondary,no,924,no,no,cellular,18,nov,2,-1,0,unknown,1,older
admin.,married,secondary,no,2061,yes,no,cellular,18,nov,1,-1,0,unknown,0,older
student,married,secondary,no,3,yes,no,unknown,8,may,2,-1,0,unknown,0,young
technician,married,secondary,no,0,no,no,cellular,4,aug,2,-1,0,unknown,0,young
technician,divorced,secondary,no,-3,yes,no,unknown,16,may,4,-1,0,unknown,0,older
management,married,tertiary,no,319,no,yes,cellular,9,jun,5,-1,0,unknown,1,young
blue-collar,married,primary,no,542,yes,no,cellular,18,apr,2,-1,0,unknown,0,young
admin.,single,tertiary,no,138,yes,no,cellular,8,apr,1,-1,0,unknown,0,young
management,single,tertiary,no,444,no,no,telephone,19,jul,2,-1,0,unknown,0,young
retired,married,unknown,no,9,no,no,cellular,4,feb,1,184,1,failure,0,older
admin.,divorced,secondary,no,409,yes,yes,cellular,2,jun,1,325,0,failure,0,older
admin.,married,secondary,no,1090,no,no,unknown,28,may,1,-1,0,unknown,0,young
technician,married,secondary,no,799,yes,no,cellular,14,jan,2,-1,0,unknown,0,young
blue-collar,single,primary,no,161,yes,no,unknown,6,may,2,-1,0,unknown,0,older
self-employed,married,tertiary,no,699,yes,no,cellular,12,may,1,-1,0,unknown,0,older
technician,married,secondary,no,2833,no,no,cellular,14,apr,3,261,1,other,1,older
management,married,tertiary,no,134,no,no,unknown,5,may,1,-1,0,unknown,0,young
blue-collar,single,primary,no,0,yes,yes,unknown,20,may,1,-1,0,unknown,0,young
technician,married,secondary,no,146,yes,no,cellular,27,apr,1,-1,0,unknown,0,young
blue-collar,single,tertiary,no,40,no,yes,cellular,4,jun,1,335,2,failure,0,young
blue-collar,married,secondary,no,964,yes,yes,cellular,17,aug,3,185,1,failure,0,older
services,single,tertiary,no,36,yes,no,cellular,17,may,4,369,2,failure,0,older
technician,married,secondary,no,1295,yes,no,cellular,26,apr,1,-1,0,unknown,1,young
management,single,tertiary,no,191,no,no,cellular,16,nov,1,221,1,success,1,young
admin.,married,secondary,no,626,yes,no,telephone,20,feb,4,-1,0,unknown,0,older
admin.,married,secondary,no,688,yes,no,unknown,23,may,8,-1,0,unknown,0,young
management,married,tertiary,no,3609,yes,no,cellular,21,may,1,-1,0,unknown,0,older
management,divorced,tertiary,no,871,no,no,cellular,12,aug,5,-1,0,unknown,0,young
technician,married,tertiary,no,975,yes,yes,unknown,23,may,4,-1,0,unknown,0,young
management,married,tertiary,no,331,yes,no,cellular,17,apr,2,-1,0,unknown,0,older
management,married,tertiary,no,68,yes,no,unknown,12,may,1,-1,0,unknown,0,older
entrepreneur,married,tertiary,no,10062,yes,no,unknown,11,may,4,-1,0,unknown,0,older
services,married,primary,no,-481,no,no,cellular,29,aug,7,-1,0,unknown,0,older
management,married,primary,no,124,no,no,unknown,5,jun,2,-1,0,unknown,0,older
admin.,married,tertiary,no,11068,no,no,cellular,15,may,2,-1,0,unknown,0,older
technician,single,secondary,no,135,yes,no,cellular,27,aug,3,346,0,failure,1,young
management,divorced,tertiary,yes,-281,yes,no,unknown,4,jul,5,-1,0,unknown,0,older
housemaid,single,tertiary,no,775,yes,no,cellular,11,may,1,486,2,failure,0,young
technician,married,secondary,no,922,yes,no,cellular,17,apr,1,360,4,failure,0,young
technician,single,secondary,no,5,yes,no,unknown,2,may,3,-1,0,unknown,0,young
management,single,tertiary,no,3419,no,no,cellular,13,apr,1,-1,0,unknown,1,young
management,married,tertiary,no,3619,no,no,cellular,12,aug,2,-1,0,unknown,0,older
student,single,secondary,no,380,no,no,cellular,17,oct,1,297,3,failure,0,young
management,married,secondary,no,0,yes,yes,unknown,18,may,3,-1,0,unknown,0,young
blue-collar,married,secondary,no,263,yes,yes,telephone,25,nov,4,-1,0,unknown,0,older
admin.,married,secondary,no,8,yes,no,cellular,6,jun,2,199,2,failure,0,young
admin.,single,secondary,no,7,yes,no,cellular,7,jun,1,184,1,failure,0,young
management,divorced,tertiary,no,79,no,no,cellular,15,aug,6,-1,0,unknown,0,older
technician,married,secondary,no,122,yes,no,cellular,22,feb,3,-1,0,unknown,0,young
blue-collar,married,secondary,no,139,yes,no,cellular,19,sep,2,349,9,failure,1,young
admin.,divorced,primary,no,87,yes,yes,cellular,8,may,3,326,6,failure,0,older
retired,single,secondary,no,539,no,no,cellular,31,jun,1,-1,0,unknown,1,young
blue-collar,married,primary,no,870,yes,no,unknown,30,may,1,-1,0,unknown,0,older
blue-collar,married,tertiary,no,574,yes,no,cellular,16,may,2,320,1,failure,0,young
management,single,tertiary,no,714,yes,no,cellular,8,may,2,-1,0,unknown,0,young
student,married,secondary,no,443,no,yes,cellular,31,jun,2,-1,0,unknown,0,young
blue-collar,married,primary,no,504,yes,no,unknown,29,may,16,-1,0,unknown,0,older
retired,married,secondary,no,183,yes,no,unknown,6,jun,1,-1,0,unknown,0,young
blue-collar,divorced,secondary,no,-663,no,no,unknown,3,jul,2,-1,0,unknown,0,older
technician,married,tertiary,no,4021,no,no,cellular,22,apr,1,-1,0,unknown,0,older
technician,married,tertiary,no,0,no,no,cellular,7,aug,1,-1,0,unknown,0,young
technician,married,tertiary,no,4836,no,no,cellular,14,apr,1,-1,0,unknown,0,older
technician,married,secondary,no,-163,no,yes,cellular,7,aug,2,-1,0,unknown,0,older
blue-collar,married,unknown,no,2250,yes,no,unknown,23,may,4,-1,0,unknown,0,older
management,married,primary,no,1411,yes,no,cellular,15,may,2,-1,0,unknown,0,older
management,married,tertiary,no,253,yes,yes,telephone,18,may,3,-1,0,unknown,0,young
admin.,single,secondary,no,304,no,no,cellular,3,jul,5,-1,0,unknown,0,young
management,married,primary,no,2144,yes,no,cellular,29,may,2,-1,0,unknown,0,older
services,married,unknown,no,0,yes,no,cellular,9,jul,3,-1,0,unknown,0,young
blue-collar,married,secondary,no,630,yes,no,unknown,6,jun,5,-1,0,unknown,1,older
technician,married,secondary,no,1193,yes,no,cellular,12,jul,1,-1,0,unknown,0,older
housemaid,married,tertiary,no,11044,yes,no,cellular,17,may,2,-1,0,unknown,1,older
technician,married,secondary,no,40,yes,yes,cellular,30,feb,1,-1,0,unknown,0,older
blue-collar,divorced,secondary,no,1712,no,no,cellular,18,feb,6,-1,0,unknown,0,older
management,single,tertiary,no,153,yes,no,unknown,31,may,1,-1,0,unknown,0,young
admin.,married,secondary,no,2645,yes,yes,cellular,19,nov,1,-1,0,unknown,0,young
management,single,secondary,no,3070,yes,no,unknown,5,may,2,-1,0,unknown,0,young
services,married,primary,no,318,no,yes,unknown,19,may,1,-1,0,unknown,0,older
blue-collar,married,secondary,no,-148,yes,yes,unknown,31,may,5,-1,0,unknown,0,young
technician,single,secondary,no,1578,yes,no,cellular,2,jun,1,340,2,failure,0,young
services,single,secondary,no,40,yes,no,cellular,4,jul,8,-1,0,unknown,1,young
admin.,married,tertiary,no,472,yes,no,cellular,17,nov,8,-1,0,unknown,0,young
retired,divorced,secondary,no,1036,no,no,telephone,19,apr,2,-1,0,unknown,1,older
blue-collar,married,primary,no,157,yes,no,unknown,11,may,4,-1,0,unknown,0,older
technician,married,secondary,no,2006,no,no,cellular,5,jul,2,297,4,success,0,older
services,married,tertiary,no,290,no,yes,cellular,4,jan,1,-1,0,unknown,1,young
admin.,single,unknown,no,-162,no,no,cellular,27,feb,2,245,2,other,0,young
blue-collar,single,secondary,no,428,yes,no,unknown,10,may,4,-1,0,unknown,0,young
services,single,secondary,no,776,no,no,cellular,15,jul,1,-1,0,unknown,0,young
blue-collar,married,secondary,no,1227,yes,no,cellular,22,apr,1,-1,0,unknown,0,young
technician,single,secondary,no,599,no,no,cellular,18,apr,3,182,5,failure,0,young
management,married,primary,no,86,no,no,unknown,16,jun,2,-1,0,unknown,0,older
management,married,tertiary,no,392,yes,no,cellular,6,feb,10,-1,0,unknown,0,older
student,married,secondary,no,1405,no,no,unknown,29,may,2,-1,0,unknown,0,young
technician,married,primary,no,777,no,yes,cellular,16,may,2,168,6,failure,0,older
management,married,primary,no,85,yes,no,unknown,15,may,3,-1,0,unknown,1,older
management,single,tertiary,no,889,no,no,cellular,9,aug,3,-1,0,unknown,0,young
admin.,single,secondary,no,0,yes,no,unknown,12,may,1,-1,0,unknown,0,young
student,single,tertiary,no,540,no,yes,cellular,18,aug,1,-1,0,unknown,0,young
student,single,secondary,no,4677,no,no,unknown,27,may,1,-1,0,unknown,0,older
services,single,secondary,no,3,no,no,cellular,20,apr,2,161,5,success,1,young
self-employed,married,tertiary,no,0,yes,yes,cellular,1,jul,2,62,9,other,0,older
management,divorced,tertiary,no,82,yes,no,cellular,29,apr,1,293,2,failure,0,older
technician,married,primary,no,1238,no,yes,cellular,13,dec,1,-1,0,unknown,0,older
blue-collar,single,unknown,no,223,no,no,cellular,14,jul,2,302,0,failure,0,young
technician,single,secondary,no,0,yes,no,unknown,5,may,3,-1,0,unknown,0,older
blue-collar,married,secondary,no,502,no,no,cellular,18,jan,1,132,6,other,0,older
technician,married,secondary,no,337,no,yes,cellular,26,feb,2,-1,0,unknown,0,older
management,married,tertiary,no,1196,yes,no,unknown,21,may,5,-1,0,unknown,0,older
blue-collar,single,secondary,no,-362,yes,no,unknown,25,may,2,-1,0,unknown,0,older
admin.,married,secondary,no,701,yes,no,unknown,25,may,2,-1,0,unknown,0,older
admin.,married,secondary,no,-60,yes,yes,cellular,8,may,3,-1,0,unknown,0,older
management,married,primary,no,0,no,yes,cellular,21,jan,3,-1,0,unknown,0,young
technician,married,primary,no,4723,yes,yes,cellular,16,jul,24,-1,0,unknown,0,older
blue-collar,divorced,primary,yes,0,yes,no,cellular,18,may,12,-1,0,unknown,1,older
admin.,single,secondary,no,1126,yes,yes,unknown,19,may,1,-1,0,unknown,0,older
technician,married,tertiary,no,1285,no,no,cellular,18,aug,1,-1,0,unknown,0,young
management,married,tertiary,no,0,yes,no,cellular,31,jul,3,-1,0,unknown,0,young
blue-collar,married,primary,no,70,no,yes,cellular,6,aug,8,-1,0,unknown,1,older
admin.,single,primary,no,35,yes,yes,cellular,12,may,2,-1,0,unknown,0,young
technician,single,secondary,no,1426,yes,no,cellular,5,aug,1,-1,0,unknown,0,young
blue-collar,married,secondary,no,1807,no,yes,cellular,7,may,1,-1,0,unknown,0,older
retired,married,tertiary,no,275,yes,no,cellular,20,jul,6,-1,0,unknown,0,young
management,single,tertiary,no,1242,no,yes,cellular,29,jul,2,-1,0,unknown,0,young
blue-collar,divorced,secondary,no,152,yes,no,cellular,17,may,4,-1,0,unknown,0,young
management,married,tertiary,no,2242,no,no,cellular,6,aug,2,-1,0,unknown,0,older
services,married,secondary,no,2345,yes,no,unknown,29,may,1,-1,0,unknown,0,young
retired,divorced,unknown,no,22,no,no,cellular,15,aug,5,-1,0,unknown,0,older
unemployed,married,secondary,no,1023,no,no,unknown,29,jul,1,-1,0,unknown,0,older
management,divorced,secondary,no,3,yes,no,unknown,27,may,4,-1,0,unknown,0,older
admin.,married,secondary,no,11,yes,no,unknown,30,may,2,-1,0,unknown,0,young
services,married,secondary,no,1176,yes,yes,unknown,6,may,1,-1,0,unknown,0,young
blue-collar,married,secondary,no,2866,no,no,cellular,23,aug,3,-1,0,unknown,0,young
blue-collar,married,primary,no,1273,yes,no,cellular,20,nov,1,169,12,failure,0,young
blue-collar,married,secondary,no,0,no,no,cellular,27,jan,5,-1,0,unknown,0,older
technician,single,secondary,no,1001,yes,yes,unknown,4,jun,1,-1,0,unknown,0,young
technician,married,primary,no,1348,no,no,cellular,18,aug,1,-1,0,unknown,0,older
services,married,secondary,no,276,no,no,cellular,15,may,2,174,1,failure,0,older
blue-collar,married,primary,no,70,yes,no,unknown,21,may,1,-1,0,unknown,0,young
technician,married,secondary,no,310,no,no,cellular,9,may,3,-1,0,unknown,0,older
management,married,tertiary,no,205,yes,no,unknown,24,may,1,-1,0,unknown,0,older
blue-collar,divorced,primary,no,116,yes,no,unknown,5,may,2,-1,0,unknown,0,young
blue-collar,married,primary,no,12824,yes,no,telephone,27,may,5,-1,0,unknown,0,older
technician,divorced,secondary,no,0,yes,no,cellular,19,may,1,-1,0,unknown,0,young
blue-collar,single,secondary,no,19,yes,no,unknown,22,may,1,-1,0,unknown,0,young
management,married,tertiary,no,1599,no,no,cellular,28,aug,18,-1,0,unknown,0,young
technician,single,tertiary,no,942,no,no,cellular,21,nov,1,364,2,failure,1,young
blue-collar,married,primary,no,29,yes,no,unknown,9,may,8,-1,0,unknown,0,older
technician,single,secondary,no,867,yes,no,cellular,6,may,1,-1,0,unknown,0,young
blue-collar,divorced,secondary,no,667,no,yes,cellular,17,jul,3,-1,0,unknown,0,older
services,married,tertiary,no,33,yes,no,cellular,6,feb,2,-1,0,unknown,0,young
management,married,tertiary,no,79,no,no,cellular,17,apr,1,-1,0,unknown,0,older
technician,single,secondary,no,272,yes,no,cellular,4,mar,1,-1,0,unknown,0,young
admin.,married,secondary,no,95,yes,no,cellular,21,apr,5,-1,0,unknown,0,older
management,divorced,tertiary,no,671,no,no,cellular,18,aug,2,-1,0,unknown,0,older
technician,married,secondary,no,-111,no,no,unknown,20,may,4,-1,0,unknown,0,young
management,married,tertiary,no,161,no,no,cellular,19,nov,1,-1,0,unknown,1,older
management,single,tertiary,no,6288,no,no,cellular,20,may,1,204,1,failure,0,older
admin.,married,secondary,no,-339,yes,no,cellular,14,jul,6,-1,0,unknown,0,young
self-employed,married,tertiary,no,839,yes,no,unknown,18,may,4,-1,0,unknown,0,young
technician,single,primary,no,981,yes,no,unknown,8,feb,3,-1,0,unknown,0,older
technician,married,secondary,no,1922,yes,no,cellular,10,may,1,-1,0,unknown,0,young
blue-collar,married,unknown,no,3984,no,no,cellular,21,sep,1,-1,0,unknown,1,older
management,divorced,secondary,no,1104,yes,no,unknown,18,may,2,-1,0,unknown,0,older
technician,single,tertiary,no,11,yes,no,cellular,29,jul,1,-1,0,unknown,0,young
management,single,secondary,no,0,no,no,cellular,8,may,1,-1,0,unknown,0,young
management,married,secondary,no,2880,no,no,cellular,11,may,4,-1,0,unknown,0,older
technician,single,tertiary,no,1261,no,no,cellular,20,aug,4,-1,0,unknown,0,young
blue-collar,married,secondary,no,1317,no,no,cellular,11,aug,3,-1,0,unknown,0,older
management,married,secondary,no,939,yes,no,unknown,9,may,1,-1,0,unknown,0,young
blue-collar,married,primary,no,59,yes,no,unknown,6,may,1,-1,0,unknown,0,young
admin.,single,secondary,no,6607,yes,no,cellular,18,jul,3,199,2,other,0,older
technician,divorced,secondary,yes,151,no,no,cellular,13,jul,1,-1,0,unknown,1,older
technician,married,tertiary,no,301,yes,no,cellular,7,may,1,-1,0,unknown,0,young
management,divorced,secondary,no,142,yes,no,cellular,13,may,2,-1,0,unknown,0,older
blue-collar,single,secondary,no,314,yes,no,cellular,14,may,1,-1,0,unknown,0,young
blue-collar,married,unknown,no,-145,yes,no,cellular,31,jul,2,-1,0,unknown,0,young
management,single,tertiary,no,795,no,no,cellular,18,may,1,-1,0,unknown,0,older
entrepreneur,married,primary,no,-386,no,no,unknown,11,jun,1,-1,0,unknown,0,older
entrepreneur,married,secondary,no,17,yes,no,cellular,7,jul,2,188,8,other,1,older
blue-collar,single,secondary,no,258,yes,no,cellular,20,apr,2,-1,0,unknown,0,young
management,married,tertiary,no,4224,no,no,cellular,28,aug,6,-1,0,unknown,0,older
management,married,unknown,no,8214,no,no,telephone,1,sep,1,-1,0,unknown,0,older
management,married,tertiary,no,147,no,no,cellular,3,apr,1,-1,0,unknown,1,older
technician,divorced,secondary,no,235,yes,no,unknown,23,may,1,-1,0,unknown,0,young
blue-collar,single,secondary,no,406,yes,yes,cellular,21,apr,2,305,1,failure,0,young
unemployed,single,secondary,no,131,yes,no,cellular,29,apr,1,-1,0,unknown,0,young
services,married,primary,no,704,no,no,cellular,19,nov,2,-1,0,unknown,0,young
management,single,tertiary,no,656,yes,no,unknown,28,may,4,-1,0,unknown,0,young
blue-collar,married,secondary,no,635,yes,no,cellular,4,feb,1,-1,0,unknown,0,older
services,single,tertiary,no,1294,yes,no,cellular,4,sep,2,364,2,failure,1,young
admin.,single,secondary,no,196,yes,no,cellular,13,jul,4,-1,0,unknown,0,young
housemaid,married,secondary,no,1357,yes,no,cellular,14,may,1,-1,0,unknown,0,young
management,married,tertiary,no,3845,yes,yes,cellular,21,may,1,-1,0,unknown,0,older
admin.,married,tertiary,no,0,no,no,cellular,9,may,1,-1,0,unknown,0,young
technician,single,unknown,no,10308,no,no,cellular,5,feb,1,182,2,failure,1,young
self-employed,single,tertiary,no,1981,yes,no,unknown,9,may,4,-1,0,unknown,0,young
technician,single,secondary,no,478,no,no,cellular,5,may,1,92,3,failure,0,young
technician,single,primary,yes,-94,no,no,unknown,5,may,2,-1,0,unknown,0,young
technician,single,tertiary,no,2926,yes,no,unknown,5,may,1,-1,0,unknown,0,young
blue-collar,single,primary,no,702,yes,no,cellular,30,feb,5,-1,0,unknown,0,young
management,single,tertiary,no,0,no,no,cellular,26,aug,5,-1,0,unknown,0,young
admin.,single,secondary,no,169,no,no,cellular,31,jul,2,-1,0,unknown,0,young
technician,married,tertiary,no,459,yes,no,cellular,12,aug,2,-1,0,unknown,0,older
technician,married,secondary,no,407,yes,no,cellular,18,may,1,210,0,failure,0,young
blue-collar,married,secondary,yes,-3,yes,no,cellular,2,jul,1,-1,0,unknown,0,young
services,divorced,tertiary,no,1937,yes,no,unknown,21,may,1,-1,0,unknown,0,young
services,married,secondary,no,48,yes,yes,unknown,7,may,3,-1,0,unknown,0,older
management,married,tertiary,no,1420,no,no,cellular,3,aug,2,-1,0,unknown,0,young
admin.,single,secondary,no,753,no,no,cellular,24,jul,2,-1,0,unknown,0,young
blue-collar,married,unknown,no,336,no,yes,cellular,20,may,1,262,4,other,1,older
retired,single,secondary,no,-278,yes,yes,cellular,20,jul,2,-1,0,unknown,0,young
management,married,secondary,no,164,yes,yes,unknown,9,may,1,-1,0,unknown,0,older
blue-collar,married,secondary,no,17,no,no,unknown,9,jun,1,-1,0,unknown,0,older
management,single,secondary,no,98,no,no,cellular,23,jul,1,301,1,failure,0,young
technician,married,secondary,no,15306,no,no,cellular,4,aug,2,-1,1,failure,1,older
management,married,tertiary,no,1573,yes,no,cellular,8,jul,4,264,2,failure,0,older
blue-collar,married,primary,no,2,no,no,cellular,13,may,2,-1,0,unknown,0,older
admin.,married,secondary,no,147,no,yes,cellular,29,jun,4,-1,0,unknown,0,young
self-employed,married,tertiary,no,498,yes,no,cellular,17,feb,1,354,2,failure,0,young
admin.,single,secondary,no,1402,yes,no,cellular,12,jun,6,267,3,success,1,young
technician,married,secondary,no,1168,yes,no,cellular,28,aug,6,-1,0,unknown,0,young
blue-collar,single,secondary,no,77,no,no,cellular,17,nov,1,-1,0,unknown,0,young
admin.,divorced,secondary,no,188,yes,no,cellular,12,may,2,343,1,failure,0,older
services,married,tertiary,no,1454,no,no,cellular,28,aug,1,-1,0,unknown,0,young
management,married,tertiary,no,5,yes,yes,cellular,26,apr,1,185,2,failure,0,older
blue-collar,single,primary,no,847,no,no,unknown,6,jun,1,-1,0,unknown,0,older
management,divorced,tertiary,no,0,yes,no,cellular,19,nov,2,234,4,failure,0,young
services,married,tertiary,no,1928,yes,no,unknown,13,may,2,-1,0,unknown,0,young
blue-collar,single,secondary,no,25,yes,no,unknown,9,may,1,-1,0,unknown,0,young
services,divorced,tertiary,no,42,no,no,cellular,30,aug,5,-1,0,unknown,0,young
management,married,tertiary,no,13215,no,no,cellular,23,aug,7,-1,0,unknown,0,young
retired,divorced,tertiary,no,2444,no,no,unknown,1,jul,2,-1,0,unknown,0,young
management,married,tertiary,no,479,no,no,cellular,5,aug,2,-1,0,unknown,0,young
admin.,divorced,secondary,no,0,yes,no,unknown,20,may,3,-1,0,unknown,0,young
management,married,tertiary,no,508,yes,no,unknown,15,jun,6,-1,0,unknown,0,young
technician,single,tertiary,no,4233,no,no,cellular,20,aug,2,-1,0,unknown,0,young
housemaid,married,secondary,no,33,yes,no,cellular,15,may,6,-1,0,unknown,0,older
management,married,tertiary,no,2,yes,no,cellular,12,feb,4,-1,0,unknown,0,older
management,married,tertiary,no,6987,no,no,cellular,17,feb,2,-1,0,unknown,1,older
management,married,secondary,no,2795,yes,no,telephone,27,apr,6,251,1,failure,0,older
management,married,tertiary,no,2313,yes,no,unknown,26,may,1,-1,0,unknown,0,young
blue-collar,married,secondary,no,2114,yes,no,cellular,27,jul,1,-1,0,unknown,0,older
technician,married,secondary,no,1020,yes,no,unknown,19,may,2,-1,0,unknown,0,older
management,married,secondary,no,5749,no,no,cellular,16,aug,8,-1,0,unknown,0,older
management,married,tertiary,no,552,yes,no,unknown,5,jun,2,-1,0,unknown,0,young
technician,married,secondary,no,1804,no,no,cellular,15,may,1,-1,0,unknown,0,older
technician,married,primary,no,0,no,no,cellular,15,aug,2,-1,0,unknown,0,older
management,married,tertiary,no,0,no,no,cellular,18,aug,9,-1,0,unknown,0,older
technician,single,secondary,no,0,no,no,unknown,28,may,2,-1,0,unknown,0,young
management,divorced,tertiary,no,989,yes,no,unknown,28,may,3,-1,0,unknown,0,young
admin.,married,secondary,no,591,yes,no,cellular,14,apr,3,-1,0,unknown,0,young
technician,single,secondary,no,4316,no,yes,cellular,1,aug,1,-1,0,unknown,0,young
admin.,divorced,secondary,no,526,no,no,unknown,21,jun,4,-1,0,unknown,0,young
management,single,tertiary,no,809,no,no,cellular,6,sep,2,-1,0,unknown,0,young
technician,single,tertiary,no,6,no,no,cellular,31,aug,2,266,5,other,0,young
management,single,tertiary,no,5157,no,no,unknown,6,may,1,-1,0,unknown,0,young
services,single,tertiary,no,105,no,yes,unknown,18,mar,1,-1,0,unknown,0,young
self-employed,single,tertiary,no,1868,no,no,cellular,11,sep,1,-1,0,unknown,0,young
technician,married,tertiary,no,1483,no,no,cellular,16,aug,2,-1,0,unknown,0,young
entrepreneur,single,secondary,no,369,yes,no,cellular,5,apr,1,184,1,other,0,young
management,married,unknown,no,1445,yes,no,unknown,3,may,1,-1,0,unknown,0,older
technician,married,secondary,no,78,no,no,telephone,28,dec,2,-1,0,unknown,0,older
admin.,single,secondary,no,0,no,no,unknown,8,may,2,-1,0,unknown,0,young
services,married,tertiary,no,354,yes,no,cellular,16,feb,11,-1,0,unknown,0,young
self-employed,married,unknown,no,9,no,no,unknown,14,may,1,-1,0,unknown,0,older
management,married,tertiary,no,0,yes,no,unknown,27,jun,2,-1,0,unknown,0,young
blue-collar,married,primary,no,3318,yes,no,cellular,17,apr,1,328,6,failure,0,older
retired,single,secondary,no,504,yes,yes,unknown,28,may,2,-1,0,unknown,0,older
technician,divorced,unknown,no,1037,no,no,cellular,19,jan,6,-1,0,unknown,0,older
admin.,married,secondary,no,-606,yes,no,unknown,27,may,5,-1,0,unknown,0,young
management,single,tertiary,no,2267,yes,no,cellular,18,may,1,343,7,other,0,young
management,married,tertiary,no,1292,no,no,cellular,19,feb,1,-1,0,unknown,0,young
technician,divorced,secondary,no,8129,yes,no,cellular,19,aug,4,-1,0,unknown,0,older
management,single,tertiary,no,504,yes,no,cellular,11,aug,2,-1,0,unknown,0,young
blue-collar,married,secondary,no,785,no,yes,cellular,28,jul,2,93,2,success,1,young
services,married,primary,no,3618,no,yes,cellular,4,aug,2,-1,0,unknown,0,older
technician,married,secondary,no,665,yes,no,cellular,23,nov,1,-1,0,unknown,0,young
retired,single,tertiary,no,1837,yes,no,unknown,23,may,3,-1,0,unknown,0,young
management,divorced,tertiary,no,158,no,yes,cellular,29,feb,1,-1,0,unknown,0,older
admin.,divorced,secondary,no,896,no,yes,unknown,19,may,3,-1,0,unknown,0,older
blue-collar,single,primary,no,205,no,no,cellular,13,jul,1,-1,0,unknown,0,young
blue-collar,married,primary,no,8609,yes,no,unknown,26,may,1,-1,0,unknown,0,older
management,single,tertiary,no,0,yes,no,cellular,17,may,2,-1,0,unknown,0,young
management,single,tertiary,no,659,no,no,cellular,3,jul,1,-1,2,success,0,young
blue-collar,married,secondary,no,1465,yes,no,cellular,19,may,1,251,1,failure,0,young
self-employed,married,tertiary,no,1604,no,no,telephone,1,may,2,-1,0,unknown,1,older
technician,married,secondary,no,2857,yes,no,cellular,8,aug,3,-1,0,unknown,1,young
admin.,divorced,secondary,no,1791,yes,no,cellular,20,jul,1,-1,0,unknown,0,young
admin.,single,tertiary,no,448,yes,no,cellular,11,sep,2,181,19,failure,0,young
self-employed,married,primary,no,776,no,no,cellular,7,nov,1,-1,0,unknown,0,older
technician,married,secondary,no,490,no,no,cellular,18,aug,2,-1,0,unknown,0,older
admin.,married,primary,no,16407,no,no,telephone,7,jul,2,181,2,success,1,older
management,married,tertiary,no,2252,yes,yes,cellular,10,jun,1,-1,0,unknown,0,older
blue-collar,married,primary,no,3559,yes,no,unknown,5,may,2,-1,0,unknown,0,older
admin.,divorced,secondary,no,-331,yes,no,cellular,7,jan,3,-1,0,unknown,0,older
management,divorced,tertiary,no,190,yes,no,cellular,21,jun,5,-1,0,unknown,0,young
retired,married,primary,no,30,no,no,cellular,7,aug,2,-1,0,unknown,0,older
management,married,tertiary,no,0,yes,no,unknown,18,may,1,-1,0,unknown,0,young
management,married,tertiary,no,5046,yes,no,telephone,6,may,4,347,7,failure,0,older
technician,single,secondary,no,398,yes,no,cellular,7,jun,2,203,1,failure,0,young
management,divorced,tertiary,no,253,yes,no,cellular,13,jul,4,-1,0,unknown,0,young
management,married,tertiary,no,1386,yes,no,cellular,20,may,2,356,6,other,0,young
management,divorced,secondary,yes,-171,yes,no,unknown,21,may,1,-1,0,unknown,0,young
management,single,tertiary,no,1497,yes,no,cellular,7,may,1,121,3,other,0,young
admin.,single,tertiary,no,-977,yes,yes,unknown,26,mar,1,-1,0,unknown,0,young
blue-collar,divorced,primary,no,-202,yes,no,cellular,13,may,1,-1,0,unknown,1,older
student,married,secondary,no,0,yes,no,unknown,8,may,4,-1,0,unknown,0,older
technician,married,secondary,no,1298,yes,no,cellular,5,feb,1,-1,0,unknown,0,older
management,married,tertiary,no,-310,yes,no,cellular,9,jun,2,-1,0,unknown,0,young
blue-collar,married,unknown,no,784,yes,yes,cellular,13,apr,2,173,1,failure,0,older
blue-collar,divorced,secondary,no,671,no,no,cellular,5,aug,2,-1,0,unknown,0,young
blue-collar,married,secondary,no,1061,yes,no,unknown,20,may,1,-1,0,unknown,0,young
management,married,tertiary,no,211,yes,no,unknown,30,may,1,-1,0,unknown,0,young
technician,married,tertiary,no,3150,no,no,cellular,20,jul,3,321,0,other,0,young
retired,married,tertiary,no,207,yes,no,cellular,6,jul,4,-1,0,unknown,0,older
blue-collar,married,primary,no,2877,no,no,unknown,20,jun,2,-1,0,unknown,0,young
services,married,secondary,no,351,no,no,cellular,29,aug,14,-1,0,unknown,0,older
admin.,married,secondary,no,404,yes,yes,cellular,18,may,1,-1,0,unknown,0,older
technician,married,secondary,no,51,yes,yes,unknown,13,may,2,-1,0,unknown,0,young
services,single,secondary,no,723,yes,no,cellular,8,jun,2,183,2,failure,0,older
management,married,primary,no,-455,yes,no,cellular,28,aug,7,265,1,failure,0,young
technician,married,secondary,no,-488,yes,no,cellular,20,jun,3,-1,0,unknown,0,young
management,single,tertiary,no,5,no,no,cellular,26,aug,5,-1,0,unknown,1,young
unemployed,single,secondary,no,-356,no,no,cellular,15,jun,1,-1,0,unknown,0,older
management,married,tertiary,no,521,yes,yes,cellular,19,aug,3,-1,0,unknown,0,older
management,married,tertiary,no,1502,yes,no,cellular,19,may,2,-1,0,unknown,0,young
technician,married,primary,no,3952,no,no,unknown,22,jun,1,-1,0,unknown,0,older
blue-collar,married,primary,no,89,yes,no,unknown,25,may,6,-1,0,unknown,0,young
technician,single,secondary,no,2156,no,no,cellular,9,feb,1,114,7,success,1,older
student,married,secondary,no,2280,no,no,unknown,21,may,3,-1,0,unknown,0,older
admin.,married,secondary,no,8961,no,yes,unknown,28,may,1,-1,0,unknown,0,older
management,single,tertiary,no,143,no,no,cellular,6,aug,1,-1,0,unknown,0,young
management,single,tertiary,no,-125,yes,no,cellular,28,aug,2,-1,0,unknown,0,young
admin.,single,secondary,yes,0,yes,yes,cellular,3,jul,1,-1,0,unknown,0,young
management,married,secondary,no,0,no,no,unknown,15,jul,1,-1,0,unknown,1,older
blue-collar,single,secondary,no,80,no,no,cellular,20,jul,1,-1,0,unknown,1,young
management,married,secondary,no,5473,no,yes,cellular,5,feb,1,-1,0,unknown,0,young
unknown,single,secondary,no,245,no,no,cellular,28,jan,6,-1,0,unknown,0,young
management,single,tertiary,no,1350,yes,no,unknown,9,may,1,-1,0,unknown,0,young
technician,married,primary,no,2907,yes,no,unknown,2,jun,4,-1,0,unknown,0,young
entrepreneur,single,secondary,no,43,yes,no,cellular,13,apr,1,287,0,other,0,young
management,married,tertiary,no,5988,no,no,cellular,5,jul,1,-1,0,unknown,0,young
management,single,tertiary,no,71,no,no,unknown,7,jul,1,-1,0,unknown,0,older
services,married,unknown,no,281,no,no,cellular,8,feb,10,-1,0,unknown,0,older
technician,married,secondary,no,1077,yes,no,unknown,4,may,2,-1,0,unknown,0,young
management,married,secondary,no,216,no,yes,cellular,5,jul,1,-1,0,unknown,0,older
technician,married,secondary,no,1,no,no,cellular,3,jul,1,-1,0,unknown,0,young
housemaid,divorced,tertiary,no,2625,yes,no,cellular,4,may,4,-1,5,other,0,older
services,married,secondary,no,48,no,no,unknown,21,jul,1,-1,0,unknown,0,older
blue-collar,married,primary,no,826,no,no,cellular,23,aug,5,-1,0,unknown,0,older
housemaid,married,primary,no,1030,yes,no,cellular,23,nov,1,171,2,success,0,older
technician,married,secondary,no,308,no,no,unknown,20,may,3,-1,0,unknown,0,young
management,divorced,secondary,no,5809,yes,no,unknown,25,may,3,-1,0,unknown,0,young
technician,married,unknown,no,83,no,no,cellular,1,jul,1,-1,0,unknown,1,older
blue-collar,married,secondary,no,514,no,no,telephone,8,may,3,-1,0,unknown,0,older
retired,married,primary,no,2828,yes,no,cellular,16,may,2,274,2,failure,0,older
blue-collar,married,primary,no,0,no,no,cellular,9,feb,1,190,0,success,0,older
blue-collar,married,secondary,no,152,yes,no,cellular,11,may,5,-1,0,unknown,0,young
entrepreneur,married,secondary,no,424,yes,yes,cellular,2,jul,2,-1,0,unknown,0,young
admin.,married,secondary,no,-192,no,no,cellular,13,feb,1,-1,0,unknown,0,older
services,divorced,secondary,no,354,yes,no,unknown,6,may,1,-1,0,unknown,0,older
blue-collar,married,primary,no,1946,yes,no,cellular,26,apr,2,-1,0,unknown,0,young
management,married,tertiary,no,38,no,no,unknown,22,may,1,-1,0,unknown,0,young
unknown,single,tertiary,no,5766,no,no,cellular,2,feb,1,-1,0,unknown,0,young
services,married,primary,no,33,no,no,unknown,16,may,1,-1,0,unknown,0,older
technician,divorced,secondary,no,-336,yes,no,unknown,16,may,1,-1,0,unknown,0,older
management,married,tertiary,no,521,yes,no,cellular,22,may,1,-1,0,unknown,1,older
management,divorced,tertiary,no,87,yes,no,cellular,7,may,1,284,3,failure,0,young
technician,married,secondary,no,1771,no,no,cellular,16,aug,1,232,2,failure,0,young
technician,single,tertiary,no,-498,no,no,cellular,28,aug,4,-1,0,unknown,0,young
management,married,tertiary,no,432,no,no,cellular,29,aug,2,-1,0,unknown,1,older
management,divorced,tertiary,no,-376,yes,no,cellular,13,may,2,-1,0,unknown,0,young
management,married,tertiary,no,7,yes,no,cellular,4,sep,3,263,1,other,0,young
management,single,tertiary,no,2201,no,no,cellular,2,jul,1,-1,0,unknown,0,young
management,single,tertiary,no,1313,no,no,cellular,6,jul,4,97,2,failure,1,young
blue-collar,married,secondary,no,1718,yes,no,cellular,14,may,3,-1,0,unknown,0,older
self-employed,divorced,secondary,no,186,yes,yes,cellular,11,may,4,-1,0,unknown,0,older
management,married,tertiary,no,294,no,no,cellular,3,aug,2,-1,0,unknown,1,young
admin.,single,secondary,no,111,no,no,cellular,21,aug,5,-1,0,unknown,0,young
management,single,tertiary,no,18,no,no,cellular,4,aug,1,-1,0,unknown,0,young
technician,divorced,secondary,no,685,no,no,unknown,17,may,1,-1,0,unknown,0,older
retired,single,secondary,no,170,yes,no,unknown,20,may,1,-1,0,unknown,0,young
blue-collar,married,secondary,no,306,yes,yes,cellular,12,jun,1,-1,0,unknown,0,older
blue-collar,single,secondary,no,2883,yes,no,unknown,17,may,1,-1,0,unknown,0,young
technician,single,secondary,no,4536,yes,no,cellular,20,nov,1,98,2,failure,0,young
technician,married,secondary,no,632,yes,yes,unknown,13,may,1,-1,0,unknown,0,young
management,married,unknown,no,3502,no,no,cellular,13,apr,2,188,1,failure,1,older
technician,single,secondary,no,442,no,no,cellular,28,aug,4,-1,0,unknown,0,young
retired,single,unknown,no,4320,no,no,cellular,26,apr,3,96,2,failure,0,young
technician,single,tertiary,no,460,yes,yes,unknown,8,jun,7,-1,0,unknown,0,older
management,married,tertiary,no,416,yes,no,cellular,10,may,3,335,7,other,0,older
technician,single,secondary,no,531,yes,yes,cellular,13,jan,3,-1,0,unknown,0,young
management,married,tertiary,no,311,yes,no,unknown,9,may,3,-1,0,unknown,0,young
management,married,tertiary,no,484,yes,no,cellular,20,may,1,272,5,failure,0,older
management,married,tertiary,no,775,yes,yes,cellular,7,jul,3,-1,0,unknown,0,young
management,married,secondary,no,-436,no,yes,cellular,27,aug,2,-1,0,unknown,0,older
technician,divorced,secondary,no,51,yes,no,cellular,5,jul,4,-1,0,unknown,1,young
blue-collar,married,primary,no,824,yes,yes,cellular,24,jul,3,-1,0,unknown,0,young
services,married,tertiary,no,37,no,no,cellular,11,dec,2,297,2,success,1,older
blue-collar,divorced,secondary,no,1180,no,no,unknown,4,jul,1,-1,0,unknown,0,older
management,married,tertiary,no,1435,yes,no,cellular,11,aug,6,-1,0,unknown,0,older
technician,divorced,secondary,no,14254,no,no,cellular,18,sep,4,89,3,failure,0,older
management,married,tertiary,no,467,no,no,cellular,2,feb,2,-1,0,unknown,1,young
services,single,tertiary,no,1295,yes,no,cellular,20,jun,1,187,5,other,1,young
blue-collar,married,secondary,no,1293,yes,no,telephone,14,may,2,-1,0,unknown,0,young
services,married,primary,no,10,yes,no,cellular,16,may,2,-1,0,unknown,0,older
self-employed,married,tertiary,no,726,yes,no,cellular,13,nov,1,-1,0,unknown,0,older
services,single,secondary,no,-298,yes,no,cellular,9,jan,2,-1,0,unknown,0,young
blue-collar,single,secondary,no,2325,yes,no,unknown,20,may,5,-1,0,unknown,0,young
technician,single,secondary,no,96,yes,no,telephone,8,jun,11,-1,0,unknown,0,young
management,divorced,primary,no,5965,yes,no,unknown,23,may,1,-1,0,unknown,0,older
admin.,divorced,secondary,no,2805,yes,yes,unknown,14,may,1,-1,0,unknown,0,young
blue-collar,married,primary,no,691,yes,no,unknown,6,jul,2,-1,0,unknown,0,older
blue-collar,married,secondary,no,529,no,yes,unknown,4,jul,1,-1,0,unknown,0,older
services,married,primary,no,431,yes,yes,cellular,12,apr,2,-1,0,unknown,0,older
management,single,tertiary,no,247,yes,no,unknown,17,may,1,-1,0,unknown,0,young
management,married,tertiary,no,997,yes,no,cellular,11,apr,1,-1,0,unknown,0,older
retired,single,tertiary,no,1934,yes,no,cellular,20,nov,7,-1,0,unknown,1,young
technician,single,tertiary,no,558,yes,no,cellular,7,may,3,-1,0,unknown,0,young
blue-collar,married,secondary,no,80,yes,yes,cellular,8,may,1,-1,0,unknown,0,older
technician,single,tertiary,no,851,yes,no,cellular,17,nov,1,-1,0,unknown,1,young
unemployed,married,secondary,no,292,yes,no,cellular,26,apr,2,-1,0,unknown,0,young
technician,married,secondary,no,374,no,no,cellular,12,aug,3,-1,0,unknown,0,young
blue-collar,married,secondary,no,78,no,no,cellular,21,aug,3,168,3,failure,0,older
blue-collar,married,unknown,no,0,yes,no,cellular,6,nov,2,-1,4,success,0,young
retired,single,secondary,no,12433,yes,no,cellular,11,may,1,-1,0,unknown,0,young
technician,single,secondary,no,-62,yes,no,unknown,28,may,2,-1,0,unknown,0,young
services,single,tertiary,no,927,yes,no,cellular,18,apr,5,-1,0,unknown,0,young
blue-collar,married,primary,no,475,yes,no,unknown,16,may,5,-1,0,unknown,0,older
housemaid,divorced,tertiary,no,51964,no,no,cellular,11,may,1,-1,0,unknown,1,older
technician,single,secondary,no,1007,no,no,cellular,6,aug,1,-1,0,unknown,0,young
admin.,divorced,secondary,no,0,no,no,cellular,5,jun,1,-1,0,unknown,0,older
technician,married,secondary,no,2320,no,no,cellular,15,apr,2,113,2,failure,1,young
admin.,married,secondary,no,-237,yes,no,cellular,8,may,3,-1,0,unknown,0,older
technician,married,secondary,no,149,no,no,unknown,5,jun,1,-1,0,unknown,0,older
technician,married,tertiary,no,1070,yes,no,cellular,27,jul,3,-1,0,unknown,0,young
services,married,secondary,no,0,yes,no,cellular,7,jun,1,-1,0,unknown,0,older
retired,single,secondary,no,0,no,no,cellular,14,jul,2,-1,0,unknown,1,young
retired,divorced,primary,no,1687,no,no,unknown,5,may,1,-1,0,unknown,0,older
blue-collar,single,secondary,no,151,yes,yes,cellular,27,aug,2,-1,0,unknown,0,older
blue-collar,married,secondary,no,700,yes,no,cellular,7,jul,1,260,3,failure,0,older
technician,married,secondary,no,673,yes,no,unknown,28,jun,4,-1,0,unknown,0,older
management,single,secondary,no,2139,yes,no,unknown,26,may,4,-1,0,unknown,0,young
blue-collar,married,secondary,no,246,no,yes,cellular,7,feb,1,-1,0,unknown,0,older
blue-collar,single,secondary,no,340,yes,no,cellular,8,may,2,-1,0,unknown,0,young
services,married,tertiary,no,2789,yes,no,cellular,19,nov,1,-1,1,failure,0,older
admin.,single,secondary,no,874,yes,yes,cellular,14,may,2,116,3,other,0,young
admin.,married,secondary,yes,-240,no,no,unknown,7,jun,1,-1,0,unknown,0,young
admin.,single,primary,no,1142,no,no,cellular,13,nov,4,-1,0,unknown,0,older
technician,single,tertiary,no,161,no,no,cellular,4,feb,3,-1,0,unknown,1,young
admin.,married,secondary,no,3760,yes,yes,cellular,2,aug,2,-1,0,unknown,0,older
technician,married,tertiary,no,167,no,no,cellular,22,aug,17,-1,0,unknown,0,young
entrepreneur,married,unknown,no,664,no,no,telephone,6,jul,1,-1,0,unknown,0,older
management,married,tertiary,no,1598,no,no,cellular,5,aug,1,-1,0,unknown,0,older
management,single,tertiary,no,2350,no,no,cellular,3,jun,5,-1,0,unknown,1,young
technician,married,tertiary,no,1837,no,no,cellular,10,feb,1,-1,0,unknown,0,young
admin.,single,secondary,no,254,no,yes,cellular,31,jul,3,-1,0,unknown,0,older
services,married,secondary,no,429,yes,yes,cellular,14,apr,1,-1,0,unknown,0,older
management,married,secondary,no,47,yes,no,cellular,5,may,3,-1,0,unknown,0,older
technician,married,secondary,no,1164,yes,yes,cellular,8,jul,1,358,1,failure,0,older
services,married,primary,no,129,no,no,cellular,31,feb,8,-1,0,unknown,0,older
technician,married,secondary,no,262,yes,no,cellular,13,jul,3,-1,0,unknown,0,young
admin.,single,tertiary,no,47,no,no,cellular,18,apr,1,187,1,failure,1,young
blue-collar,married,secondary,no,1,yes,no,cellular,18,may,1,-1,0,unknown,0,young
blue-collar,divorced,secondary,no,231,yes,yes,cellular,17,may,2,-1,0,unknown,0,older
services,divorced,secondary,no,-9,yes,no,cellular,20,may,2,-1,0,unknown,0,older
services,divorced,secondary,no,492,yes,no,cellular,12,may,4,366,3,failure,0,older
blue-collar,married,unknown,no,2141,no,no,unknown,9,may,1,-1,0,unknown,0,older
blue-collar,married,primary,no,2471,yes,no,unknown,27,may,2,-1,0,unknown,0,young
technician,single,tertiary,no,1622,yes,no,cellular,7,may,1,-1,0,unknown,0,young
management,married,tertiary,no,788,yes,yes,cellular,28,jul,4,-1,0,unknown,0,young
technician,married,secondary,yes,155,no,no,telephone,22,aug,6,-1,0,unknown,0,older
blue-collar,divorced,secondary,no,0,yes,no,cellular,20,nov,2,-1,0,unknown,0,young
technician,married,secondary,no,138,yes,no,unknown,12,may,3,-1,0,unknown,0,young
student,married,tertiary,no,490,no,yes,cellular,18,aug,5,-1,0,unknown,0,young
management,married,secondary,no,1015,no,no,cellular,1,jul,1,-1,0,unknown,0,older
technician,divorced,secondary,no,1788,no,no,cellular,20,may,1,-1,0,unknown,1,older
admin.,married,secondary,no,801,no,no,telephone,29,aug,1,-1,0,unknown,0,young
services,single,secondary,no,1034,yes,no,cellular,16,may,1,185,1,other,1,young
management,married,primary,no,3836,no,yes,cellular,5,aug,1,-1,0,unknown,0,older
management,married,tertiary,no,77,no,no,cellular,8,feb,1,-1,0,unknown,1,young
management,single,tertiary,no,536,no,no,cellular,31,jun,6,-1,0,unknown,0,young
management,single,tertiary,no,624,no,no,cellular,14,aug,4,-1,0,unknown,0,older
self-employed,married,secondary,no,-16,yes,no,unknown,8,may,2,-1,0,unknown,0,young
management,married,primary,no,1642,yes,no,telephone,7,may,2,435,2,failure,0,older
unknown,married,primary,no,805,yes,no,unknown,22,may,1,-1,0,unknown,0,young
blue-collar,single,unknown,no,551,no,no,cellular,1,apr,2,-1,0,unknown,1,older
management,married,tertiary,no,6193,yes,no,cellular,18,may,3,168,4,failure,0,older
technician,single,primary,no,244,no,no,telephone,5,jan,2,-1,0,unknown,0,older
unemployed,married,secondary,no,1534,no,no,unknown,13,may,4,-1,0,unknown,0,young
student,divorced,secondary,no,2101,yes,no,cellular,6,jul,1,322,2,success,1,older
services,single,primary,no,0,no,yes,cellular,7,may,4,-1,0,unknown,0,young
technician,single,secondary,no,4921,yes,yes,cellular,25,jul,3,-1,0,unknown,1,young
management,divorced,tertiary,no,1275,no,no,cellular,11,aug,2,185,1,failure,0,young
blue-collar,single,secondary,no,118,yes,no,unknown,8,jun,1,-1,0,unknown,0,young
self-employed,married,secondary,yes,127,no,no,cellular,25,nov,1,-1,0,unknown,0,older
admin.,divorced,secondary,no,-1,yes,yes,cellular,18,sep,2,663,1,failure,0,older
self-employed,married,tertiary,no,1786,yes,no,unknown,15,may,1,-1,0,unknown,0,young
blue-collar,married,secondary,no,116,yes,yes,cellular,21,nov,3,184,3,failure,0,older
admin.,divorced,secondary,no,2352,yes,no,cellular,5,may,3,250,1,other,0,young
technician,married,secondary,no,-52,yes,no,unknown,21,may,2,-1,0,unknown,0,older
management,married,tertiary,no,1059,yes,yes,cellular,23,jun,5,-1,0,unknown,0,older
services,single,secondary,no,413,yes,no,cellular,19,may,2,-1,0,unknown,0,young
management,divorced,primary,no,48,no,yes,unknown,27,may,1,-1,0,unknown,0,older
technician,married,secondary,no,31,yes,no,cellular,6,may,2,-1,0,unknown,0,older
blue-collar,married,primary,no,555,no,no,unknown,13,may,1,-1,0,unknown,0,older
management,divorced,secondary,no,1208,yes,no,unknown,10,may,5,-1,0,unknown,0,young
blue-collar,married,secondary,no,-489,yes,yes,unknown,11,jul,2,-1,0,unknown,0,young
blue-collar,married,secondary,no,-346,yes,no,unknown,30,may,3,-1,0,unknown,0,young
technician,married,secondary,no,875,yes,no,cellular,18,jan,5,-1,0,unknown,0,older
services,married,unknown,no,1933,yes,no,cellular,5,may,1,296,3,success,1,young
blue-collar,married,secondary,no,-166,yes,no,cellular,8,may,2,-1,0,unknown,0,older
services,single,secondary,no,-118,no,no,cellular,11,aug,2,-1,0,unknown,1,young
management,married,primary,no,0,yes,no,unknown,19,may,1,-1,0,unknown,0,older
blue-collar,single,secondary,no,249,yes,no,unknown,19,may,2,-1,0,unknown,0,young
blue-collar,married,secondary,no,1472,yes,no,cellular,20,jan,2,-1,0,unknown,0,older
services,married,tertiary,no,3848,yes,no,cellular,21,nov,2,186,5,failure,0,young
management,divorced,tertiary,no,728,yes,yes,cellular,19,may,1,275,3,failure,0,young
management,divorced,tertiary,no,430,no,no,cellular,27,aug,3,-1,0,unknown,0,young
blue-collar,married,secondary,no,-472,yes,yes,cellular,8,jul,2,-1,0,unknown,0,young
management,divorced,tertiary,no,15918,no,no,cellular,13,may,5,-1,0,unknown,0,older
admin.,married,unknown,no,350,yes,no,cellular,23,jan,2,182,3,failure,0,older
admin.,married,secondary,no,8751,yes,yes,unknown,6,jun,3,-1,0,unknown,0,older
blue-collar,married,secondary,no,-564,yes,yes,unknown,21,may,2,-1,0,unknown,0,young
management,single,tertiary,no,127,no,no,cellular,18,jul,1,-1,0,unknown,0,older
technician,single,tertiary,no,955,no,no,cellular,21,aug,3,86,1,success,0,young
blue-collar,single,secondary,no,0,no,no,unknown,13,jun,5,-1,0,unknown,0,young
blue-collar,single,secondary,no,526,yes,no,cellular,6,may,2,354,1,failure,0,young
admin.,divorced,secondary,no,261,no,no,unknown,12,jun,3,-1,0,unknown,0,older
blue-collar,married,secondary,no,1214,no,no,unknown,17,may,2,-1,0,unknown,0,young
retired,single,primary,no,2403,yes,no,cellular,6,may,2,-1,0,unknown,0,older
blue-collar,married,secondary,no,476,yes,no,cellular,1,feb,1,-1,0,unknown,1,older
technician,married,tertiary,no,154,no,no,cellular,30,aug,7,-1,0,unknown,1,young
technician,single,tertiary,no,0,yes,no,cellular,5,jul,4,-1,0,unknown,0,young
admin.,divorced,secondary,no,180,no,no,cellular,14,jul,3,-1,0,unknown,0,young
management,married,tertiary,no,356,yes,no,cellular,5,may,1,-1,0,unknown,0,older
technician,married,secondary,no,371,no,no,cellular,18,sep,3,329,3,other,0,older
technician,married,secondary,no,990,yes,no,cellular,17,apr,3,344,2,failure,0,young
technician,single,secondary,no,396,yes,no,unknown,18,may,1,-1,0,unknown,0,older
technician,married,primary,no,436,no,no,cellular,14,aug,1,-1,0,unknown,0,older
blue-collar,married,primary,no,5089,yes,no,cellular,5,aug,2,-1,0,unknown,0,young
blue-collar,single,secondary,no,41,no,no,cellular,29,feb,2,-1,0,unknown,0,young
management,married,tertiary,no,4629,yes,no,cellular,17,apr,3,303,3,other,0,older
admin.,single,secondary,no,862,no,no,cellular,23,apr,1,-1,0,unknown,0,young
management,single,tertiary,no,1315,yes,no,cellular,20,nov,1,-1,0,unknown,0,young
technician,single,secondary,no,355,yes,no,unknown,18,may,2,-1,0,unknown,0,older
admin.,married,secondary,no,616,yes,no,cellular,12,may,2,-1,0,unknown,0,older
management,married,tertiary,no,0,yes,yes,cellular,19,may,5,-1,0,unknown,0,young
blue-collar,single,primary,no,0,yes,no,unknown,13,may,2,-1,0,unknown,0,young
admin.,divorced,primary,no,161,no,no,cellular,18,may,1,-1,0,unknown,0,older
blue-collar,married,primary,no,793,no,no,cellular,30,jul,13,-1,0,unknown,0,older
technician,single,secondary,no,345,yes,no,cellular,26,apr,1,330,1,failure,0,young
blue-collar,married,secondary,no,-94,yes,no,unknown,29,may,1,-1,0,unknown,0,young
blue-collar,divorced,secondary,no,15130,no,no,cellular,26,nov,2,-1,0,unknown,1,older
retired,married,primary,no,3633,no,no,unknown,7,jul,1,-1,0,unknown,0,older
admin.,single,secondary,no,385,no,no,cellular,27,jan,2,-1,0,unknown,0,older
technician,divorced,secondary,no,990,yes,no,unknown,27,may,4,-1,0,unknown,0,young
admin.,married,secondary,no,95,no,no,unknown,9,jun,5,-1,0,unknown,0,young
management,married,primary,no,247,no,no,unknown,20,may,3,-1,0,unknown,0,older
self-employed,married,secondary,no,67,yes,no,unknown,25,may,1,-1,0,unknown,0,older
housemaid,married,secondary,no,61,no,no,cellular,28,feb,4,-1,0,unknown,0,older
entrepreneur,married,secondary,no,2759,no,no,cellular,19,oct,1,153,1,success,1,older
management,married,tertiary,no,75,yes,no,cellular,7,jun,2,204,3,failure,0,older
blue-collar,married,primary,no,783,no,no,telephone,14,aug,3,-1,0,unknown,0,older
self-employed,married,tertiary,no,12397,no,no,unknown,3,jul,1,-1,0,unknown,0,older
unknown,married,primary,no,4571,no,no,cellular,21,nov,2,-1,0,unknown,1,older
blue-collar,married,secondary,no,6547,no,no,unknown,15,may,1,-1,0,unknown,0,older
housemaid,married,tertiary,no,-294,yes,no,unknown,19,may,2,-1,0,unknown,0,older
student,single,secondary,no,3040,yes,yes,cellular,3,jul,2,-1,0,unknown,0,young
technician,single,tertiary,no,1032,no,no,unknown,22,may,2,-1,0,unknown,0,older
services,single,tertiary,no,26,no,yes,cellular,9,aug,2,-1,0,unknown,0,young
management,single,tertiary,no,32,yes,no,unknown,18,may,2,-1,0,unknown,0,young
management,married,tertiary,no,7919,no,no,telephone,21,aug,1,167,2,success,1,older
management,single,primary,no,2366,yes,no,telephone,27,jul,2,-1,0,unknown,0,older
management,single,tertiary,no,548,yes,no,unknown,20,may,1,-1,0,unknown,0,young
blue-collar,married,primary,no,8133,yes,yes,telephone,14,nov,3,-1,0,unknown,0,older
services,single,secondary,no,0,no,no,cellular,23,aug,6,-1,0,unknown,0,young
management,divorced,tertiary,no,3,yes,no,cellular,12,aug,2,-1,0,unknown,0,young
services,single,unknown,no,6,no,no,cellular,8,feb,5,-1,0,unknown,0,young
technician,single,primary,no,744,no,no,cellular,26,jul,1,-1,0,unknown,0,older
retired,single,tertiary,no,1243,yes,no,unknown,27,may,1,-1,0,unknown,0,young
blue-collar,married,secondary,no,5327,yes,no,unknown,15,may,2,-1,0,unknown,0,older
management,married,tertiary,no,1387,no,no,cellular,18,apr,6,290,1,failure,0,young
blue-collar,married,secondary,no,357,yes,no,cellular,14,may,1,-1,0,unknown,0,older
technician,single,secondary,no,1316,yes,no,cellular,28,apr,2,-1,0,unknown,0,young
self-employed,divorced,primary,no,70,no,no,telephone,4,jun,1,-1,0,unknown,0,older
admin.,married,secondary,no,1167,yes,no,unknown,12,jun,2,-1,0,unknown,0,older
management,single,tertiary,no,455,no,no,cellular,4,jul,6,-1,0,unknown,0,young
blue-collar,married,unknown,no,174,yes,no,unknown,20,may,2,-1,0,unknown,0,older
management,married,secondary,no,4125,yes,no,cellular,11,jul,2,-1,0,unknown,0,older
blue-collar,married,secondary,no,8,yes,no,cellular,14,may,2,-1,0,unknown,0,young
admin.,married,secondary,no,105,yes,no,cellular,30,jul,2,-1,0,unknown,0,young
management,divorced,tertiary,no,1035,no,no,unknown,18,may,1,-1,0,unknown,0,older
technician,married,tertiary,no,-212,no,no,unknown,9,may,2,-1,0,unknown,0,older
retired,married,secondary,no,1391,no,no,cellular,8,apr,1,-1,0,unknown,0,young
unknown,single,tertiary,no,-8019,yes,no,unknown,31,apr,1,850,55,unknown,1,older
blue-collar,single,primary,no,-259,no,no,cellular,19,may,2,344,2,failure,0,young
retired,married,primary,no,1665,no,no,cellular,25,jul,1,94,12,other,1,older
retired,married,secondary,no,5197,yes,no,cellular,11,feb,4,276,2,failure,0,older
management,married,secondary,no,9702,yes,no,telephone,29,jan,3,-1,0,unknown,0,older
management,married,tertiary,no,657,no,no,cellular,11,oct,2,147,9,success,1,older
technician,divorced,secondary,no,656,yes,no,unknown,28,mar,1,-1,0,unknown,0,young
technician,single,secondary,no,283,no,no,cellular,9,aug,4,-1,0,unknown,0,young
management,divorced,tertiary,no,286,no,no,cellular,6,aug,3,-1,0,unknown,0,older
technician,married,secondary,no,-288,yes,no,cellular,14,may,3,-1,0,unknown,0,older
management,single,tertiary,no,100,yes,no,unknown,22,may,5,-1,0,unknown,0,young
management,married,tertiary,no,1907,no,no,cellular,18,apr,2,-1,0,unknown,1,young
admin.,single,secondary,no,177,yes,no,unknown,20,may,1,-1,0,unknown,0,young
blue-collar,married,primary,no,8556,no,no,unknown,15,jun,3,-1,0,unknown,0,older
blue-collar,married,primary,no,203,yes,yes,unknown,20,may,3,-1,0,unknown,0,young
services,married,tertiary,no,78,yes,no,unknown,31,may,3,-1,0,unknown,0,young
management,divorced,tertiary,no,101,yes,no,unknown,12,may,4,-1,0,unknown,0,young
management,married,tertiary,no,666,yes,no,unknown,20,may,1,-1,0,unknown,0,older
blue-collar,married,secondary,no,5027,no,no,unknown,5,jun,1,-1,0,unknown,0,older
retired,married,tertiary,no,2,yes,no,cellular,21,apr,2,-1,0,unknown,0,young
retired,single,tertiary,no,1572,yes,yes,cellular,28,feb,1,-1,0,unknown,0,young
technician,divorced,secondary,no,-374,yes,yes,cellular,15,may,2,126,2,other,0,young
management,married,tertiary,no,8471,no,no,unknown,5,jun,7,-1,0,unknown,0,older
blue-collar,divorced,secondary,no,1304,yes,no,cellular,20,nov,1,-1,0,unknown,0,young
unknown,married,tertiary,no,105,no,no,cellular,27,jul,1,365,3,failure,1,young
admin.,married,secondary,no,410,yes,no,cellular,6,dec,9,-1,0,unknown,0,older
technician,married,secondary,no,89,no,no,unknown,11,may,2,-1,0,unknown,0,older
technician,married,tertiary,no,5839,yes,no,unknown,14,may,1,-1,0,unknown,0,young
management,single,tertiary,no,328,yes,no,unknown,15,may,1,-1,0,unknown,0,young
management,married,tertiary,no,607,yes,no,cellular,2,may,1,103,1,success,0,young
blue-collar,single,secondary,no,-93,yes,no,cellular,11,may,2,330,2,failure,0,young
retired,married,secondary,no,-93,no,no,cellular,5,aug,4,-1,0,unknown,0,older
technician,married,secondary,no,-59,yes,no,cellular,15,may,1,265,1,other,0,young
technician,divorced,secondary,no,-349,no,no,unknown,20,may,1,-1,0,unknown,0,older
technician,single,secondary,no,1,yes,no,cellular,2,jul,1,-1,0,unknown,0,young
blue-collar,single,secondary,no,207,yes,no,telephone,18,feb,2,-1,0,unknown,0,young
management,married,secondary,no,409,no,yes,cellular,11,aug,4,-1,0,unknown,0,older
blue-collar,married,primary,no,30,yes,yes,cellular,29,aug,4,-1,0,unknown,0,older
retired,married,tertiary,no,940,no,yes,telephone,8,jul,5,-1,0,unknown,0,older
technician,married,secondary,no,175,yes,yes,cellular,12,jul,3,-1,0,unknown,1,young
management,married,primary,no,247,yes,no,cellular,9,may,6,-1,0,unknown,0,young
blue-collar,married,primary,no,599,no,no,cellular,6,aug,2,-1,0,unknown,1,older
blue-collar,married,secondary,no,334,yes,no,cellular,17,may,1,-1,0,unknown,0,young
management,divorced,tertiary,no,351,yes,no,cellular,13,apr,4,-1,0,unknown,0,young
technician,divorced,tertiary,no,1014,yes,no,cellular,2,mar,3,-1,0,unknown,0,older
technician,married,secondary,no,0,yes,no,unknown,21,may,2,-1,0,unknown,0,young
services,married,unknown,no,780,no,no,cellular,12,may,2,-1,0,unknown,0,young
blue-collar,married,secondary,yes,2343,no,yes,cellular,18,may,1,-1,0,unknown,0,older
technician,single,secondary,no,5101,no,no,cellular,10,aug,1,-1,2,success,1,young
technician,single,secondary,no,352,no,no,cellular,8,may,2,348,1,success,1,young
blue-collar,married,primary,no,5,yes,no,unknown,2,jul,4,-1,0,unknown,0,older
management,married,tertiary,no,-388,no,yes,cellular,14,feb,1,-1,0,unknown,0,older
admin.,single,secondary,no,1301,no,no,unknown,16,may,3,-1,0,unknown,1,young
management,married,tertiary,no,8442,no,no,cellular,6,sep,2,-1,0,unknown,1,older
admin.,single,secondary,no,11,yes,no,unknown,25,may,2,-1,0,unknown,0,young
management,married,unknown,no,1260,yes,yes,cellular,19,jul,1,-1,0,unknown,0,older
admin.,married,secondary,no,1136,yes,no,cellular,14,may,1,132,2,failure,1,older
blue-collar,married,secondary,no,0,yes,no,unknown,26,may,8,-1,0,unknown,0,young
management,divorced,tertiary,no,186,yes,no,cellular,7,may,1,-1,0,unknown,0,young
management,married,tertiary,no,2098,no,no,cellular,21,nov,3,-1,0,unknown,0,young
blue-collar,married,secondary,no,1148,yes,no,cellular,18,may,2,342,3,failure,0,older
management,divorced,tertiary,no,2707,yes,no,cellular,19,nov,2,-1,0,unknown,1,older
blue-collar,married,primary,no,3095,no,no,unknown,18,may,2,-1,0,unknown,0,young
blue-collar,married,secondary,no,10946,no,no,telephone,20,jul,6,-1,0,unknown,0,older
blue-collar,married,secondary,no,1403,yes,no,cellular,7,jun,1,183,2,success,1,older
management,single,tertiary,no,1287,yes,no,cellular,13,may,4,-1,0,unknown,0,young
technician,single,tertiary,no,0,yes,no,cellular,16,jul,2,-1,0,unknown,0,young
management,married,tertiary,no,158,no,no,cellular,31,aug,2,97,0,other,1,young
technician,married,secondary,no,580,yes,no,unknown,9,mar,2,-1,0,unknown,0,young
management,married,primary,no,198,no,no,cellular,31,jul,4,-1,0,unknown,0,young
services,married,tertiary,no,27,no,yes,unknown,23,jul,1,-1,0,unknown,0,older
services,married,secondary,no,3442,no,no,cellular,27,jan,1,-1,0,unknown,0,older
entrepreneur,married,primary,no,914,yes,no,unknown,25,may,2,-1,0,unknown,0,young
management,married,tertiary,no,-10,no,yes,cellular,3,aug,1,-1,0,unknown,0,older
admin.,married,primary,yes,-115,yes,no,unknown,20,may,3,-1,0,unknown,0,older
management,married,tertiary,no,-420,no,no,cellular,26,aug,1,235,2,success,0,young
blue-collar,married,secondary,no,71,yes,yes,cellular,20,nov,2,296,6,failure,1,older
technician,married,tertiary,no,1243,no,no,cellular,17,nov,1,-1,0,unknown,0,older
management,single,tertiary,no,123,no,no,cellular,27,aug,6,-1,0,unknown,0,young
admin.,married,secondary,no,541,yes,no,cellular,19,nov,1,-1,0,unknown,0,older
management,married,tertiary,no,1790,yes,no,cellular,22,jul,4,246,2,failure,0,older
blue-collar,married,primary,no,457,yes,no,unknown,15,may,1,-1,0,unknown,0,young
admin.,single,secondary,no,-231,yes,no,cellular,19,feb,1,292,3,failure,0,young
blue-collar,married,primary,no,903,no,no,cellular,12,may,2,-1,0,unknown,0,older
technician,single,tertiary,no,445,no,no,cellular,22,aug,8,-1,0,unknown,0,young
blue-collar,married,primary,no,2443,no,no,unknown,20,may,1,-1,0,unknown,0,young
management,single,tertiary,no,814,no,no,cellular,6,aug,4,-1,0,unknown,0,older
technician,divorced,secondary,no,353,yes,no,unknown,23,may,1,-1,0,unknown,0,older
blue-collar,married,secondary,no,10200,yes,no,unknown,24,may,6,-1,0,unknown,0,young
admin.,married,secondary,no,2176,no,yes,unknown,11,may,4,-1,0,unknown,0,older
technician,married,secondary,no,1065,yes,no,unknown,28,may,2,-1,0,unknown,0,older
services,married,secondary,no,1185,no,no,telephone,20,nov,2,-1,0,unknown,0,older
services,married,primary,no,317,yes,no,unknown,16,may,3,-1,0,unknown,0,older
management,married,tertiary,no,-388,yes,no,unknown,25,may,5,-1,0,unknown,0,older
management,divorced,secondary,no,1435,no,no,unknown,13,jul,8,-1,0,unknown,1,older
management,single,tertiary,no,149,no,no,cellular,15,aug,2,-1,0,unknown,0,young
retired,married,secondary,no,3626,no,no,cellular,14,jun,2,-1,6,other,0,older
blue-collar,married,secondary,no,140,yes,no,cellular,31,jul,12,-1,0,unknown,0,young
technician,divorced,secondary,no,0,no,no,cellular,16,jan,1,-1,0,unknown,1,older
management,married,tertiary,no,130,yes,no,cellular,12,may,1,-1,0,unknown,0,older
housemaid,married,secondary,no,0,yes,yes,cellular,7,feb,2,273,1,failure,0,older
blue-collar,married,primary,no,1150,yes,no,cellular,5,jul,1,-1,0,unknown,0,young
management,married,tertiary,no,-1,yes,no,unknown,29,may,7,-1,0,unknown,0,young
admin.,married,secondary,no,283,yes,no,unknown,2,jun,5,-1,0,unknown,0,young
services,divorced,secondary,no,592,yes,no,cellular,15,may,2,-1,0,unknown,0,young
housemaid,divorced,secondary,no,7,no,yes,cellular,20,may,2,-1,0,unknown,0,older
unemployed,divorced,secondary,no,264,no,no,cellular,14,may,1,-1,0,unknown,0,older
admin.,single,secondary,no,4469,yes,no,unknown,27,may,4,-1,0,unknown,0,young
technician,married,secondary,no,411,yes,no,cellular,23,may,5,-1,0,unknown,0,young
technician,single,secondary,yes,0,yes,no,unknown,23,may,1,-1,0,unknown,0,young
blue-collar,married,secondary,no,-308,yes,no,cellular,13,may,2,-1,0,unknown,0,young
management,married,tertiary,no,-1040,yes,no,cellular,12,may,1,-1,0,unknown,0,older
technician,married,tertiary,no,25,yes,no,cellular,21,nov,3,101,1,failure,0,young
admin.,married,secondary,no,13,yes,no,cellular,9,may,1,392,3,failure,0,older
services,single,tertiary,no,0,yes,no,cellular,29,jul,7,-1,0,unknown,0,young
services,single,secondary,no,-99,no,no,unknown,21,may,1,-1,0,unknown,0,young
management,married,tertiary,no,3473,no,no,unknown,22,may,2,-1,0,unknown,0,young
technician,married,secondary,no,1231,no,no,cellular,17,jul,8,-1,0,unknown,0,young
housemaid,married,secondary,no,1589,no,no,cellular,30,jul,2,-1,0,unknown,0,young
blue-collar,single,secondary,no,116,yes,no,cellular,16,may,2,230,2,other,0,older
services,married,tertiary,no,-1,no,no,cellular,13,jul,2,-1,0,unknown,0,older
technician,married,secondary,no,424,no,no,cellular,15,feb,2,-1,0,unknown,0,young
blue-collar,married,primary,no,740,yes,yes,unknown,14,may,2,-1,0,unknown,0,young
admin.,married,secondary,no,739,yes,no,cellular,5,jul,2,-1,0,unknown,0,young
management,married,secondary,no,230,yes,yes,cellular,4,jul,2,254,14,success,0,young
management,married,primary,no,47,yes,no,cellular,16,may,1,131,0,failure,0,young
blue-collar,married,secondary,no,9,yes,no,unknown,8,jun,1,-1,0,unknown,0,older
management,single,tertiary,no,102,yes,yes,cellular,9,jun,4,-1,0,unknown,0,young
services,married,secondary,no,0,no,no,cellular,2,jan,1,-1,0,unknown,0,older
services,married,tertiary,no,362,no,no,unknown,9,jun,7,-1,0,unknown,0,older
blue-collar,married,secondary,no,366,yes,no,cellular,7,jul,3,-1,0,unknown,0,young
retired,married,secondary,no,1009,no,no,unknown,18,jun,2,-1,0,unknown,0,young
management,divorced,secondary,yes,0,yes,yes,cellular,12,may,1,368,1,other,0,young
management,single,tertiary,no,340,yes,yes,cellular,12,apr,1,170,1,failure,0,young
services,married,tertiary,no,0,yes,yes,unknown,25,may,3,-1,0,unknown,1,older
services,single,secondary,no,2737,yes,yes,cellular,16,feb,1,-1,0,unknown,1,young
blue-collar,married,secondary,no,90,yes,no,unknown,13,may,2,-1,0,unknown,0,young
technician,divorced,tertiary,no,-53,yes,no,cellular,7,may,2,119,1,failure,0,young
technician,divorced,secondary,no,6475,no,no,unknown,11,jun,1,-1,0,unknown,0,young
technician,divorced,secondary,no,-34,yes,no,unknown,26,may,2,-1,0,unknown,0,older
management,single,unknown,no,3371,no,no,cellular,20,nov,1,-1,0,unknown,0,young
management,married,tertiary,no,1112,yes,yes,cellular,18,may,3,-1,0,unknown,0,older
student,single,primary,no,1628,no,no,cellular,14,jan,2,-1,0,unknown,1,older
admin.,divorced,secondary,no,1774,yes,no,telephone,20,apr,4,-1,0,unknown,0,older
admin.,married,secondary,no,175,yes,yes,unknown,8,jun,1,-1,0,unknown,0,young
technician,married,unknown,no,-170,yes,no,unknown,11,may,2,-1,0,unknown,0,older
services,married,tertiary,no,0,yes,no,cellular,9,may,6,-1,0,unknown,0,older
management,married,tertiary,no,196,no,no,cellular,12,aug,1,-1,0,unknown,0,young
services,single,secondary,no,1129,no,no,unknown,15,may,4,-1,0,unknown,0,older
blue-collar,married,primary,no,3,no,yes,cellular,4,apr,1,-1,0,unknown,0,young
blue-collar,single,primary,no,1525,yes,no,cellular,11,may,4,170,13,other,0,young
services,married,secondary,no,462,no,no,unknown,13,feb,1,-1,0,unknown,0,older
management,married,primary,no,728,no,yes,cellular,29,may,1,-1,0,unknown,0,older
admin.,married,secondary,no,-118,yes,no,unknown,15,may,2,-1,0,unknown,0,young
blue-collar,married,secondary,no,4,yes,yes,telephone,18,may,7,335,0,failure,0,older
unknown,married,tertiary,no,59649,no,no,cellular,1,apr,1,850,53,unknown,1,young
services,divorced,unknown,no,597,yes,no,cellular,12,may,3,294,3,failure,0,older
unemployed,married,secondary,no,2013,no,no,telephone,31,aug,2,338,25,success,1,young
management,single,tertiary,no,136,no,no,telephone,17,jul,1,-1,0,unknown,0,young
admin.,married,secondary,no,2844,no,yes,cellular,3,feb,1,-1,0,unknown,1,young
retired,divorced,tertiary,no,755,yes,no,cellular,2,feb,1,-1,0,unknown,1,older
management,single,tertiary,no,350,yes,no,cellular,7,apr,2,-1,0,unknown,0,young
unknown,married,secondary,no,59649,yes,no,unknown,31,sep,44,-1,55,unknown,0,older
management,single,tertiary,no,681,no,no,cellular,6,aug,5,-1,0,unknown,0,young
blue-collar,single,primary,no,921,no,no,cellular,18,nov,1,-1,0,unknown,0,older
retired,married,secondary,no,7133,yes,no,unknown,9,may,1,-1,0,unknown,0,young
blue-collar,divorced,secondary,no,0,no,no,cellular,21,aug,20,-1,0,unknown,0,older
management,married,tertiary,no,1116,no,no,cellular,11,aug,1,-1,0,unknown,0,older
unknown,married,secondary,no,59649,yes,no,unknown,31,apr,1,850,55,unknown,0,young
admin.,single,unknown,no,-129,no,no,cellular,21,nov,2,-1,0,unknown,0,young
blue-collar,married,secondary,no,346,yes,no,unknown,23,may,2,-1,0,unknown,0,young
self-employed,married,primary,no,399,yes,no,cellular,7,may,1,-1,0,unknown,0,young
technician,married,secondary,no,1118,no,no,cellular,8,aug,8,-1,0,unknown,0,older
management,divorced,tertiary,no,116,no,no,cellular,5,jun,1,-1,0,unknown,0,older
admin.,married,secondary,no,-356,yes,no,unknown,19,may,2,-1,0,unknown,0,young
services,divorced,secondary,no,1670,yes,no,cellular,11,may,1,252,2,failure,0,young
services,married,secondary,no,111,no,no,cellular,3,aug,1,-1,0,unknown,0,older
student,divorced,secondary,no,5,yes,yes,cellular,18,may,3,101,1,other,0,older
services,single,tertiary,no,266,yes,no,cellular,19,apr,5,-1,0,unknown,0,young
technician,married,secondary,no,-3,yes,no,unknown,13,may,1,-1,0,unknown,0,older
technician,married,secondary,no,635,yes,no,cellular,7,mar,1,364,3,failure,0,older
management,married,tertiary,no,752,yes,no,cellular,9,jun,2,362,1,failure,0,young
admin.,divorced,secondary,no,743,no,no,cellular,17,jul,5,-1,0,unknown,0,older
technician,married,secondary,no,118,no,no,telephone,9,oct,2,92,2,success,1,older
services,married,secondary,no,-4,yes,no,unknown,26,may,2,-1,0,unknown,0,young
management,married,tertiary,no,975,no,no,cellular,17,jul,2,-1,0,unknown,0,older
services,married,tertiary,no,1004,yes,no,cellular,18,aug,1,-1,0,unknown,0,young
blue-collar,married,primary,no,1013,no,no,cellular,13,aug,1,-1,0,unknown,0,older
technician,single,secondary,no,182,yes,no,cellular,5,jul,4,-1,0,unknown,1,young
blue-collar,single,primary,no,0,no,no,unknown,18,jun,2,-1,0,unknown,0,young
services,married,primary,no,296,yes,no,unknown,31,may,2,-1,0,unknown,0,older
management,divorced,tertiary,no,1,yes,yes,cellular,14,feb,4,-1,0,unknown,0,young
admin.,married,secondary,no,-13,yes,no,unknown,21,may,3,-1,0,unknown,0,older
blue-collar,married,secondary,no,409,yes,no,unknown,28,may,1,-1,0,unknown,0,older
management,single,primary,no,63,yes,no,cellular,6,may,2,316,1,failure,0,young
technician,married,secondary,no,152,no,no,telephone,28,apr,4,-1,0,unknown,0,older
blue-collar,married,secondary,no,386,no,no,unknown,27,jun,1,-1,0,unknown,0,young
technician,single,secondary,no,562,yes,no,cellular,9,may,5,182,2,failure,0,young
admin.,divorced,secondary,no,1430,yes,no,cellular,3,aug,2,-1,0,unknown,0,older
management,divorced,secondary,no,-329,no,no,cellular,8,may,2,-1,0,unknown,0,older
admin.,divorced,secondary,no,977,yes,no,cellular,21,nov,1,306,1,failure,0,older
blue-collar,single,secondary,no,717,yes,no,cellular,22,apr,1,-1,0,unknown,0,young
management,married,tertiary,no,1088,no,no,cellular,22,aug,2,-1,0,unknown,0,young
technician,married,secondary,no,0,yes,no,cellular,16,aug,5,-1,0,unknown,0,older
services,married,secondary,no,-104,yes,no,cellular,20,feb,2,-1,0,unknown,0,young
technician,married,secondary,no,21,yes,yes,cellular,2,aug,1,-1,0,unknown,0,young
management,single,tertiary,no,21,yes,no,cellular,21,apr,1,-1,0,unknown,1,young
technician,married,unknown,no,1620,yes,no,cellular,8,may,2,216,11,failure,0,young
admin.,married,secondary,no,5311,yes,no,cellular,7,aug,1,-1,0,unknown,0,older
self-employed,married,primary,no,188,no,no,cellular,3,aug,1,-1,0,unknown,0,older
blue-collar,married,secondary,no,125,yes,no,cellular,31,jul,5,-1,0,unknown,0,young
technician,single,secondary,no,0,no,no,cellular,2,aug,2,165,3,success,1,young
blue-collar,married,primary,no,15106,no,no,cellular,15,jun,2,-1,0,unknown,1,older
technician,married,secondary,no,2395,yes,no,cellular,8,may,4,-1,0,unknown,0,older
admin.,divorced,secondary,no,17,no,no,cellular,21,apr,1,294,3,failure,0,young
services,single,tertiary,no,634,no,no,cellular,20,aug,23,-1,0,unknown,1,young
blue-collar,married,primary,no,-470,no,no,cellular,13,aug,2,-1,0,unknown,0,young
retired,single,tertiary,no,1284,no,no,cellular,26,apr,1,288,4,failure,0,young
unemployed,single,secondary,no,463,yes,no,cellular,8,jan,1,-1,0,unknown,0,young
services,married,primary,no,5500,yes,no,unknown,12,may,1,-1,0,unknown,0,older
admin.,married,secondary,no,234,yes,yes,cellular,22,dec,1,-1,0,unknown,0,young
services,divorced,secondary,no,0,no,no,cellular,29,jul,1,-1,0,unknown,0,older
blue-collar,married,secondary,no,1223,no,no,cellular,20,aug,2,-1,0,unknown,0,older
services,single,primary,yes,-341,yes,yes,unknown,20,may,1,-1,0,unknown,0,young
services,married,secondary,no,-22,yes,yes,cellular,21,jul,1,285,2,failure,0,older
blue-collar,married,primary,no,8394,yes,no,unknown,20,may,3,-1,0,unknown,0,young
technician,single,tertiary,no,399,no,no,cellular,27,aug,4,-1,0,unknown,0,young
management,married,secondary,no,1288,yes,no,unknown,7,may,1,-1,0,unknown,0,young
management,married,tertiary,no,80,yes,no,cellular,7,aug,4,-1,0,unknown,1,older
blue-collar,married,secondary,no,227,yes,no,cellular,7,feb,1,-1,2,success,0,young
technician,single,secondary,no,397,yes,no,cellular,5,may,1,-1,0,unknown,0,young
services,married,secondary,no,3,yes,no,cellular,21,apr,4,333,4,other,0,older
management,married,tertiary,no,733,yes,yes,unknown,13,may,1,-1,0,unknown,0,young
admin.,married,secondary,no,-230,yes,no,unknown,26,may,3,-1,0,unknown,0,young
blue-collar,married,secondary,no,1230,no,no,unknown,7,jul,4,-1,0,unknown,0,young
retired,married,tertiary,no,500,no,no,cellular,19,may,2,523,1,failure,0,young
technician,single,tertiary,no,1942,no,no,cellular,11,may,2,-1,0,unknown,0,young
retired,married,primary,no,363,yes,no,unknown,20,jun,7,-1,0,unknown,0,older
technician,single,secondary,no,36932,yes,no,cellular,29,jul,1,-1,0,unknown,0,young
housemaid,married,secondary,no,634,no,no,cellular,23,jul,1,-1,0,unknown,0,young
blue-collar,single,secondary,no,3329,no,no,cellular,17,aug,1,-1,0,unknown,0,young
blue-collar,single,secondary,no,117,yes,yes,cellular,3,jul,1,-1,0,unknown,0,young
blue-collar,single,secondary,no,481,no,no,unknown,12,may,1,-1,0,unknown,0,young
services,divorced,tertiary,no,0,yes,no,unknown,5,may,1,-1,0,unknown,1,older
housemaid,single,tertiary,no,1216,yes,no,cellular,28,jul,2,-1,0,unknown,0,young
management,married,tertiary,no,7944,yes,no,unknown,12,may,2,-1,0,unknown,0,young
management,married,tertiary,no,399,yes,no,cellular,26,apr,2,-1,0,unknown,1,young
management,divorced,tertiary,no,1598,no,no,cellular,27,apr,1,-1,0,unknown,0,young
management,single,tertiary,no,311,yes,no,unknown,16,mar,5,-1,0,unknown,0,young
services,married,secondary,no,198,yes,no,cellular,14,may,2,348,2,failure,0,young
self-employed,married,secondary,no,352,yes,no,unknown,24,may,2,-1,0,unknown,0,older
services,married,secondary,no,5074,no,no,unknown,4,jun,5,-1,0,unknown,0,young
admin.,married,tertiary,no,1387,yes,no,cellular,14,may,2,-1,0,unknown,0,young
blue-collar,married,unknown,no,1622,no,no,unknown,5,jun,3,-1,0,unknown,0,older
admin.,married,secondary,no,546,yes,no,cellular,19,may,1,-1,0,unknown,0,young
blue-collar,single,secondary,no,580,no,no,telephone,13,jul,2,-1,0,unknown,0,young
blue-collar,married,primary,no,763,no,no,cellular,19,aug,6,-1,0,unknown,0,older
technician,married,secondary,no,0,yes,no,unknown,28,may,2,-1,0,unknown,0,young
management,single,tertiary,no,0,no,yes,cellular,17,apr,4,-1,0,unknown,0,young
student,single,unknown,no,1907,yes,no,cellular,9,jun,1,-1,0,unknown,0,young
retired,single,tertiary,no,11315,no,no,telephone,3,may,1,-1,4,success,0,young
blue-collar,married,unknown,no,4,yes,yes,unknown,19,may,3,-1,0,unknown,0,older
retired,single,secondary,no,-48,yes,no,unknown,30,may,1,-1,0,unknown,0,young
student,single,secondary,no,3926,no,no,cellular,26,aug,2,-1,0,unknown,0,young
management,married,tertiary,no,1248,no,no,cellular,18,aug,2,-1,0,unknown,0,older
admin.,married,secondary,no,0,yes,no,cellular,5,may,1,246,1,success,0,young
blue-collar,married,unknown,no,2,no,no,unknown,14,may,2,-1,0,unknown,0,older
management,single,tertiary,no,1442,no,no,cellular,6,feb,2,-1,0,unknown,0,young
blue-collar,married,primary,no,1199,no,yes,cellular,21,jun,4,383,1,failure,1,older
admin.,divorced,tertiary,no,428,no,no,cellular,6,aug,1,-1,0,unknown,0,older
housemaid,single,tertiary,no,17,no,no,cellular,1,sep,1,132,3,failure,1,young
student,married,secondary,no,5,yes,no,unknown,22,may,1,-1,0,unknown,0,older
blue-collar,married,secondary,no,142,yes,no,unknown,25,may,4,-1,0,unknown,0,young
blue-collar,married,secondary,no,-582,yes,no,cellular,2,apr,1,155,2,other,0,young
management,married,tertiary,no,101,yes,yes,unknown,13,jul,1,-1,0,unknown,0,young
management,single,tertiary,no,555,yes,no,cellular,30,jul,1,203,2,failure,0,young
blue-collar,divorced,secondary,no,528,yes,no,cellular,1,jun,3,96,2,other,0,older
technician,married,secondary,no,6,no,yes,cellular,11,may,1,183,4,failure,0,young
technician,married,unknown,no,2302,yes,no,unknown,19,may,1,-1,0,unknown,0,older
self-employed,married,secondary,no,-183,yes,yes,unknown,5,may,1,-1,0,unknown,0,young
blue-collar,married,primary,no,1106,no,no,unknown,9,jul,1,-1,0,unknown,0,older
blue-collar,married,primary,no,-196,yes,no,telephone,4,aug,2,-1,0,unknown,0,older
management,single,primary,no,1235,yes,no,cellular,6,jul,7,-1,0,unknown,0,older
unknown,married,primary,no,224,no,no,cellular,26,jul,2,-1,0,unknown,0,young
management,divorced,tertiary,no,1159,no,no,unknown,26,may,1,-1,0,unknown,0,older
blue-collar,married,unknown,no,366,yes,no,unknown,4,may,2,-1,0,unknown,1,young
services,married,tertiary,no,113,yes,no,cellular,28,jul,2,-1,0,unknown,0,older
admin.,single,tertiary,no,155,no,yes,cellular,31,jul,1,-1,0,unknown,0,older
technician,married,secondary,no,1147,yes,no,cellular,9,apr,4,218,2,failure,0,young
management,divorced,tertiary,no,3659,no,yes,cellular,7,aug,3,254,1,other,0,older
technician,single,secondary,no,729,yes,no,cellular,9,feb,2,-1,0,unknown,0,young
management,married,unknown,no,-183,yes,no,unknown,8,may,1,-1,0,unknown,0,older
technician,divorced,secondary,no,849,yes,yes,cellular,24,may,1,-1,0,unknown,0,young
blue-collar,married,primary,no,5969,yes,no,unknown,8,jul,6,-1,0,unknown,0,young
technician,married,secondary,no,1622,no,no,cellular,12,aug,5,-1,0,unknown,0,older
entrepreneur,married,secondary,no,-344,no,no,cellular,29,feb,2,-1,0,unknown,1,older
blue-collar,married,secondary,no,212,yes,no,cellular,15,apr,1,101,1,success,0,young
blue-collar,married,unknown,no,2387,no,no,unknown,4,jul,2,-1,0,unknown,0,older
technician,married,secondary,no,1695,no,yes,cellular,30,jul,2,97,2,failure,1,older
admin.,married,secondary,no,1593,yes,no,unknown,8,may,1,-1,0,unknown,0,older
technician,single,tertiary,no,116,no,no,cellular,4,aug,3,149,5,failure,0,young
student,single,tertiary,no,727,no,no,cellular,8,jan,4,-1,0,unknown,0,older
housemaid,married,tertiary,no,235,no,no,cellular,31,jul,2,-1,0,unknown,0,older
technician,married,primary,no,423,yes,yes,unknown,14,may,2,-1,0,unknown,0,older
blue-collar,married,primary,no,-289,yes,no,unknown,19,may,2,-1,0,unknown,0,older
admin.,divorced,secondary,no,-492,yes,no,unknown,17,may,4,-1,0,unknown,0,older
services,single,secondary,no,3527,no,no,cellular,18,aug,1,-1,2,failure,0,young
blue-collar,divorced,secondary,no,16,yes,no,cellular,3,feb,2,-1,0,unknown,0,older
blue-collar,married,primary,no,0,no,no,cellular,20,aug,1,-1,0,unknown,0,older
blue-collar,married,secondary,no,482,yes,yes,unknown,5,mar,4,-1,0,unknown,0,young
management,married,primary,no,117,no,yes,cellular,20,jul,1,-1,0,unknown,0,older
blue-collar,married,secondary,no,755,yes,yes,cellular,2,jul,3,91,3,failure,0,older
admin.,divorced,secondary,no,944,no,no,cellular,7,apr,2,-1,0,unknown,1,young
services,married,tertiary,no,1944,no,no,cellular,12,aug,1,-1,0,unknown,0,older
blue-collar,married,secondary,no,10332,no,no,cellular,25,aug,2,-1,0,unknown,0,young
management,single,tertiary,no,2228,yes,no,unknown,14,may,1,-1,0,unknown,0,young
technician,married,tertiary,no,1103,no,yes,cellular,6,may,1,-1,0,unknown,0,older
management,married,secondary,no,82,no,no,cellular,21,aug,1,-1,0,unknown,1,older
blue-collar,married,secondary,no,283,no,no,cellular,3,may,2,246,3,success,1,young
management,single,tertiary,no,1944,yes,no,cellular,20,apr,2,354,7,success,0,older
blue-collar,married,secondary,no,2369,yes,no,cellular,13,nov,1,-1,0,unknown,0,young
retired,married,secondary,no,20,no,no,cellular,18,aug,2,-1,0,unknown,0,older
management,single,tertiary,no,10433,yes,no,cellular,18,nov,4,-1,0,unknown,1,young
self-employed,married,primary,no,479,no,no,cellular,2,dec,1,-1,0,unknown,0,young
management,married,tertiary,no,1294,yes,no,unknown,28,may,1,-1,0,unknown,0,older
blue-collar,married,unknown,no,310,no,no,cellular,15,jul,1,-1,0,unknown,0,young
management,married,primary,no,625,no,no,telephone,2,aug,1,-1,0,unknown,0,older
management,married,tertiary,no,407,no,no,cellular,20,may,1,-1,0,unknown,0,young
management,single,tertiary,no,0,yes,no,cellular,28,aug,2,-1,0,unknown,0,young
technician,married,secondary,no,775,yes,no,cellular,5,apr,4,313,3,failure,0,young
management,married,tertiary,no,777,no,no,unknown,20,may,1,-1,0,unknown,0,young
services,married,primary,no,334,yes,no,cellular,29,aug,10,-1,0,unknown,0,older
technician,married,primary,no,-40,yes,no,unknown,11,may,6,-1,0,unknown,0,older
management,married,secondary,no,1403,yes,no,cellular,7,jan,6,-1,0,unknown,1,older
technician,single,tertiary,no,9,no,no,cellular,18,jun,1,166,2,success,1,young
management,married,secondary,no,1282,yes,no,cellular,8,aug,5,-1,0,unknown,0,older
admin.,single,secondary,no,3,yes,no,cellular,8,may,1,-1,0,unknown,0,young
retired,single,tertiary,no,754,no,no,cellular,26,jun,3,-1,0,unknown,0,young
self-employed,married,tertiary,no,1498,no,no,cellular,4,aug,7,-1,0,unknown,0,young
management,single,tertiary,no,340,yes,no,cellular,27,aug,15,-1,0,unknown,0,young
management,divorced,tertiary,no,-13,yes,no,unknown,13,may,1,-1,0,unknown,0,young
management,single,tertiary,no,28,no,no,cellular,2,jul,1,91,2,failure,0,young
technician,married,secondary,no,203,yes,no,cellular,11,may,1,-1,0,unknown,0,older
technician,married,secondary,no,1806,no,no,cellular,27,aug,1,-1,0,unknown,0,young
technician,single,secondary,no,-294,yes,no,unknown,10,may,1,-1,0,unknown,0,young
blue-collar,single,unknown,no,1314,no,no,cellular,5,jul,4,183,8,success,0,young
management,married,primary,no,0,yes,no,unknown,22,may,4,-1,0,unknown,0,older
admin.,single,secondary,no,-341,yes,no,cellular,16,apr,2,342,4,failure,0,young
management,single,tertiary,no,607,no,no,cellular,15,aug,2,-1,0,unknown,0,young
retired,single,primary,no,424,yes,no,cellular,19,may,1,-1,0,unknown,0,young
blue-collar,single,secondary,no,222,no,no,cellular,29,dec,1,-1,0,unknown,0,young
technician,single,secondary,no,372,no,no,cellular,28,jul,1,-1,0,unknown,0,young
technician,married,tertiary,no,1118,no,no,cellular,18,aug,3,-1,0,unknown,0,young
student,married,unknown,no,1793,yes,no,unknown,21,may,7,-1,0,unknown,0,young
admin.,married,secondary,no,1778,no,no,cellular,26,feb,1,-1,0,unknown,0,older
management,single,tertiary,no,1981,yes,no,telephone,5,may,3,188,0,failure,0,young
blue-collar,divorced,primary,no,-54,no,no,unknown,8,jul,1,-1,0,unknown,0,older
technician,married,secondary,no,1191,no,no,cellular,23,may,4,-1,0,unknown,0,older
blue-collar,married,primary,no,3761,no,no,cellular,9,aug,2,-1,0,unknown,0,older
retired,single,secondary,no,47,yes,no,unknown,22,may,1,-1,0,unknown,0,young
technician,single,tertiary,no,0,yes,no,unknown,6,jul,2,-1,0,unknown,0,young
retired,divorced,secondary,no,175,no,yes,cellular,20,aug,1,-1,2,success,0,older
management,married,primary,no,0,yes,yes,cellular,18,dec,1,-1,0,unknown,0,older
admin.,married,primary,no,22,yes,no,unknown,28,may,2,-1,0,unknown,0,older
admin.,married,secondary,no,192,yes,no,cellular,19,may,3,-1,0,unknown,0,young
technician,single,tertiary,no,1224,yes,no,cellular,25,apr,5,-1,0,unknown,0,older
admin.,married,secondary,no,992,yes,no,cellular,4,may,2,-1,0,unknown,0,older
technician,married,tertiary,no,2,no,no,cellular,11,dec,2,-1,0,unknown,0,young
technician,divorced,secondary,no,270,no,no,cellular,26,apr,2,-1,0,unknown,0,older
services,single,secondary,no,-80,yes,no,unknown,8,may,1,-1,0,unknown,0,young
retired,married,tertiary,no,3130,no,no,telephone,5,may,2,169,2,success,0,older
unknown,single,tertiary,no,0,yes,no,cellular,12,jun,2,-1,0,unknown,0,young
student,single,secondary,no,1096,no,no,cellular,28,jul,1,-1,0,unknown,1,young
technician,married,secondary,no,1212,yes,no,cellular,12,may,3,252,1,failure,0,older
management,single,tertiary,no,1,yes,no,cellular,17,may,1,215,0,failure,0,young
services,single,tertiary,no,268,no,no,cellular,21,nov,4,177,1,success,1,young
blue-collar,married,primary,no,251,no,no,cellular,26,jul,2,-1,0,unknown,0,older
technician,single,secondary,no,554,yes,yes,cellular,8,jul,1,336,2,failure,0,young
services,single,unknown,no,2739,yes,no,unknown,29,may,3,-1,0,unknown,0,young
blue-collar,married,secondary,no,0,no,yes,telephone,14,jul,2,-1,0,unknown,0,young
management,married,secondary,no,11212,no,no,telephone,6,jun,1,-1,0,unknown,0,older
blue-collar,married,unknown,no,1299,yes,no,cellular,13,jun,2,-1,0,unknown,0,young
technician,married,tertiary,no,0,no,no,cellular,13,aug,3,-1,0,unknown,0,older
blue-collar,married,secondary,no,381,yes,no,unknown,2,jul,8,-1,0,unknown,0,older
management,married,tertiary,no,752,yes,no,cellular,13,apr,3,298,2,success,0,young
admin.,married,secondary,no,1423,yes,no,cellular,11,nov,1,341,6,failure,0,older
entrepreneur,married,unknown,no,364,yes,no,cellular,11,jun,1,-1,0,unknown,1,older
services,divorced,secondary,no,1964,yes,no,unknown,5,may,1,-1,0,unknown,0,older
admin.,married,secondary,no,402,yes,no,cellular,16,may,2,257,2,failure,0,young
services,single,tertiary,no,2832,no,no,unknown,16,may,3,-1,0,unknown,0,young
technician,divorced,secondary,no,1817,no,no,telephone,9,jun,2,195,2,failure,1,older
technician,single,secondary,no,5189,no,no,cellular,11,jun,1,265,3,other,1,young
admin.,married,secondary,no,32,yes,yes,cellular,14,may,1,362,2,failure,0,older
management,married,tertiary,no,3527,no,no,telephone,9,aug,4,-1,0,unknown,0,older
admin.,divorced,secondary,no,7389,yes,yes,cellular,21,jul,3,-1,0,unknown,1,older
technician,married,tertiary,no,101,no,no,cellular,1,jul,2,-1,0,unknown,1,older
blue-collar,married,primary,no,0,no,no,cellular,31,jul,3,-1,0,unknown,0,older
self-employed,married,unknown,no,6836,no,no,cellular,23,apr,2,-1,0,unknown,0,young
blue-collar,married,secondary,no,63,no,no,cellular,21,feb,1,-1,0,unknown,0,older
services,married,secondary,no,0,yes,no,cellular,21,may,3,-1,0,unknown,0,older
management,married,tertiary,no,578,yes,no,cellular,20,nov,1,-1,0,unknown,0,older
admin.,single,secondary,no,545,yes,no,cellular,14,jul,1,-1,0,unknown,0,young
technician,married,secondary,no,408,no,no,cellular,30,aug,3,-1,0,unknown,0,older
blue-collar,married,secondary,no,3195,yes,no,cellular,20,apr,1,294,1,failure,0,older
blue-collar,married,secondary,no,0,yes,no,unknown,19,may,1,-1,0,unknown,1,older
admin.,married,secondary,no,0,yes,yes,unknown,16,may,7,-1,0,unknown,1,older
technician,divorced,secondary,no,148,yes,no,cellular,20,jul,1,-1,0,unknown,0,young
management,married,secondary,no,1982,no,no,cellular,17,may,1,368,1,failure,0,older
technician,single,tertiary,no,2196,no,no,cellular,21,apr,1,-1,0,unknown,0,young
blue-collar,married,secondary,no,-14,yes,no,cellular,29,jul,3,-1,0,unknown,0,young
management,single,tertiary,no,387,no,no,cellular,10,aug,3,-1,0,unknown,0,young
management,married,tertiary,no,1442,yes,no,cellular,15,nov,1,-1,0,unknown,0,older
blue-collar,single,secondary,no,106,yes,no,cellular,20,may,4,364,2,failure,0,young
management,married,primary,no,224,no,no,cellular,5,may,1,-1,0,unknown,1,young
technician,married,tertiary,no,212,no,no,cellular,3,aug,2,-1,0,unknown,0,young
technician,single,secondary,no,444,no,no,cellular,13,may,2,-1,0,unknown,0,young
management,married,primary,no,656,no,no,unknown,27,jun,1,-1,0,unknown,0,older
services,divorced,secondary,no,0,yes,no,cellular,20,apr,2,198,3,failure,0,young
admin.,single,secondary,no,4194,no,yes,cellular,30,feb,19,-1,0,unknown,0,young
blue-collar,married,secondary,no,1955,yes,no,cellular,20,jun,2,-1,0,unknown,0,older
management,married,tertiary,no,4624,no,no,cellular,18,aug,2,-1,0,unknown,0,young
blue-collar,married,secondary,no,89,yes,no,cellular,12,nov,1,155,3,failure,0,older
technician,married,secondary,no,-244,yes,no,cellular,26,apr,2,-1,0,unknown,0,young
blue-collar,single,secondary,no,2,yes,yes,unknown,12,may,4,-1,0,unknown,0,young
blue-collar,married,primary,no,0,no,no,unknown,14,may,2,-1,0,unknown,0,older
management,single,tertiary,no,1248,yes,no,cellular,11,jun,1,-1,0,unknown,0,young
blue-collar,married,primary,no,0,yes,no,cellular,23,jul,1,-1,0,unknown,0,young
blue-collar,single,secondary,no,344,no,no,cellular,5,jun,2,-1,0,unknown,1,young
management,single,tertiary,no,448,no,no,cellular,19,aug,4,-1,0,unknown,0,young
technician,single,secondary,no,258,no,no,unknown,7,jun,1,-1,0,unknown,0,young
blue-collar,married,primary,no,323,yes,no,cellular,4,feb,1,-1,0,unknown,0,young
services,divorced,secondary,no,-565,no,no,unknown,6,jun,1,-1,0,unknown,0,older
admin.,married,secondary,no,1367,no,no,cellular,14,jul,1,-1,0,unknown,1,older
technician,married,secondary,no,1117,no,yes,cellular,14,jan,1,-1,0,unknown,0,older
technician,married,secondary,no,0,yes,no,cellular,15,nov,7,270,2,failure,0,young
management,married,tertiary,no,10,no,no,cellular,19,aug,2,-1,0,unknown,0,older
blue-collar,married,secondary,yes,25,yes,yes,telephone,26,jul,5,-1,0,unknown,0,young
management,married,primary,no,232,no,no,cellular,15,aug,1,-1,0,unknown,0,older
management,married,secondary,no,4057,no,no,cellular,20,nov,1,174,1,failure,1,older
unemployed,married,secondary,no,13104,no,no,unknown,12,jun,6,-1,0,unknown,1,older
technician,married,secondary,no,3445,yes,no,unknown,16,may,4,-1,0,unknown,0,young
blue-collar,married,secondary,no,489,yes,no,cellular,17,aug,2,-1,0,unknown,0,older
admin.,single,secondary,no,1565,yes,yes,cellular,14,apr,1,-1,0,unknown,1,young
blue-collar,married,unknown,no,458,yes,no,cellular,28,jul,4,-1,0,unknown,0,older
entrepreneur,married,secondary,no,1945,yes,no,cellular,14,apr,2,-1,0,unknown,0,young
technician,married,secondary,no,527,no,no,cellular,2,feb,2,-1,0,unknown,0,older
admin.,divorced,tertiary,no,493,yes,no,cellular,5,jul,2,182,5,failure,0,older
management,married,primary,no,1631,yes,no,unknown,31,may,3,-1,0,unknown,0,older
admin.,married,secondary,no,268,yes,no,cellular,9,aug,1,286,2,failure,0,older
blue-collar,married,secondary,no,2736,yes,no,unknown,4,may,1,-1,0,unknown,0,young
blue-collar,married,secondary,no,545,yes,no,cellular,9,may,1,357,3,failure,0,young
blue-collar,married,secondary,no,385,yes,no,unknown,14,may,2,-1,0,unknown,0,older
blue-collar,married,unknown,no,-98,no,no,cellular,7,aug,2,-1,0,unknown,0,older
unknown,divorced,secondary,no,738,yes,no,unknown,17,may,3,-1,0,unknown,0,older
blue-collar,divorced,secondary,no,2468,no,yes,cellular,15,aug,4,-1,0,unknown,0,older
management,single,tertiary,no,1210,no,no,cellular,8,may,3,-1,0,unknown,0,older
blue-collar,married,secondary,no,594,yes,no,cellular,13,may,1,-1,0,unknown,0,young
admin.,married,secondary,no,1915,yes,no,unknown,27,may,1,-1,0,unknown,0,older
management,married,tertiary,no,49077,yes,no,cellular,20,apr,1,-1,0,unknown,0,young
technician,married,secondary,no,1743,no,no,cellular,2,aug,3,-1,0,unknown,0,older
blue-collar,married,primary,no,1482,yes,no,cellular,4,may,1,-1,0,unknown,1,older
blue-collar,single,secondary,no,0,yes,no,cellular,6,jan,1,-1,0,unknown,0,young
admin.,single,secondary,no,405,yes,no,cellular,10,may,1,331,2,other,0,young
management,married,tertiary,no,0,yes,no,unknown,13,may,2,-1,0,unknown,0,older
technician,divorced,secondary,no,809,no,no,cellular,17,feb,8,-1,0,unknown,0,older
blue-collar,divorced,secondary,no,1749,yes,no,cellular,20,apr,2,-1,0,unknown,0,older
technician,single,secondary,no,462,yes,no,cellular,9,may,1,-1,0,unknown,0,young
technician,married,primary,no,2255,no,yes,unknown,12,jul,1,-1,0,unknown,0,older
services,single,secondary,no,1238,no,no,cellular,20,aug,2,169,11,failure,1,young
management,married,primary,no,620,no,no,cellular,8,aug,2,146,4,failure,0,older
services,married,primary,no,783,no,no,cellular,24,aug,2,-1,0,unknown,0,older
unknown,married,primary,no,1326,no,no,cellular,7,jul,1,-1,0,unknown,0,older
technician,divorced,tertiary,no,0,yes,no,cellular,22,may,2,338,1,failure,0,older
admin.,divorced,secondary,no,3844,no,no,unknown,5,may,1,-1,0,unknown,0,older
services,single,tertiary,no,2182,no,no,cellular,2,aug,2,-1,0,unknown,0,young
self-employed,married,tertiary,no,9749,yes,no,cellular,20,nov,1,195,0,failure,1,older
management,single,tertiary,no,494,yes,no,cellular,17,feb,1,-1,2,failure,0,young
technician,married,secondary,no,1480,yes,no,unknown,8,may,1,-1,0,unknown,0,young
management,married,tertiary,no,426,no,no,cellular,14,aug,2,-1,0,unknown,0,older
management,single,tertiary,no,1220,yes,no,unknown,19,may,6,-1,0,unknown,0,older
management,married,tertiary,no,378,yes,no,cellular,18,nov,1,265,12,failure,1,young
technician,single,secondary,no,307,no,no,cellular,7,jun,3,342,1,other,1,young
student,married,secondary,no,1014,yes,no,cellular,17,nov,1,91,7,other,0,young
admin.,single,secondary,no,711,yes,no,unknown,21,may,1,-1,0,unknown,0,young
technician,single,secondary,no,118,yes,no,cellular,8,may,5,-1,0,unknown,0,young
technician,married,primary,no,200,no,yes,telephone,7,jun,2,-1,0,unknown,0,young
technician,married,secondary,no,3313,yes,no,cellular,19,may,1,-1,0,unknown,0,older
management,married,primary,no,0,yes,no,unknown,6,may,3,-1,0,unknown,0,young
blue-collar,married,secondary,no,1776,yes,no,cellular,22,apr,1,329,2,failure,0,young
blue-collar,married,primary,no,4022,no,yes,cellular,2,aug,1,-1,0,unknown,0,older
unknown,married,primary,no,229,no,no,cellular,26,jan,2,-1,0,unknown,0,older
technician,single,secondary,no,4427,no,no,cellular,19,jun,3,-1,0,unknown,0,young
management,married,tertiary,no,346,yes,yes,unknown,15,may,1,-1,0,unknown,0,young
admin.,divorced,secondary,no,2412,yes,yes,cellular,24,may,4,-1,0,unknown,0,older
management,divorced,tertiary,no,1586,no,no,cellular,17,feb,2,-1,0,unknown,0,young
services,married,secondary,no,1423,yes,no,unknown,9,may,2,-1,0,unknown,0,young
technician,single,secondary,no,259,yes,no,unknown,7,may,2,-1,0,unknown,0,young
self-employed,married,primary,no,85,yes,yes,cellular,11,aug,18,-1,0,unknown,0,young
management,married,tertiary,no,97,yes,no,cellular,22,aug,3,-1,0,unknown,0,young
management,divorced,tertiary,no,2865,yes,yes,cellular,17,aug,2,-1,0,unknown,0,older
management,married,secondary,no,489,no,no,cellular,16,aug,5,-1,0,unknown,1,older
technician,single,tertiary,no,4890,yes,no,unknown,8,may,2,-1,0,unknown,1,older
management,married,tertiary,no,825,yes,no,unknown,1,jul,3,-1,0,unknown,0,young
blue-collar,married,primary,no,872,no,no,unknown,14,feb,1,-1,0,unknown,0,older
technician,single,tertiary,no,639,yes,no,cellular,10,jun,1,193,3,failure,0,young
management,married,tertiary,no,94,yes,yes,unknown,21,may,2,-1,0,unknown,0,young
management,divorced,primary,no,349,no,no,cellular,8,aug,2,-1,0,unknown,0,older
services,married,tertiary,no,4600,no,no,unknown,11,jun,6,-1,0,unknown,0,older
technician,single,secondary,no,0,no,yes,cellular,26,jul,1,-1,0,unknown,0,young
technician,single,secondary,no,310,no,no,cellular,16,aug,3,-1,0,unknown,0,young
management,married,primary,no,6,no,no,unknown,20,may,8,-1,0,unknown,0,young
admin.,married,secondary,no,718,yes,yes,cellular,14,apr,2,361,2,failure,1,older
blue-collar,married,secondary,no,1474,yes,no,cellular,12,apr,5,300,4,other,0,older
technician,single,secondary,no,191,no,yes,cellular,27,apr,4,281,4,other,0,young
blue-collar,divorced,secondary,no,1179,yes,no,cellular,4,may,1,269,0,failure,1,older
blue-collar,married,secondary,no,713,no,no,cellular,2,dec,2,-1,0,unknown,0,older
management,married,secondary,no,1462,yes,no,unknown,17,may,1,-1,0,unknown,0,older
services,divorced,secondary,no,774,no,no,unknown,19,may,5,-1,0,unknown,0,young
blue-collar,single,primary,no,0,yes,yes,cellular,16,may,1,258,2,failure,0,young
management,married,secondary,no,1327,no,no,unknown,7,jun,1,-1,0,unknown,0,young
technician,single,secondary,no,3746,yes,no,cellular,15,apr,1,313,2,failure,0,young
unknown,single,tertiary,no,59649,yes,no,cellular,31,sep,44,850,55,unknown,0,young
technician,married,secondary,no,7448,yes,no,unknown,18,jun,1,-1,0,unknown,0,young
blue-collar,married,primary,no,9542,yes,no,unknown,8,may,5,-1,0,unknown,0,older
blue-collar,married,primary,no,4855,no,no,cellular,21,aug,2,336,4,failure,0,older
entrepreneur,married,secondary,no,0,yes,no,cellular,19,sep,2,225,1,failure,0,young
management,married,tertiary,no,-472,yes,no,cellular,12,may,1,245,3,failure,0,older
blue-collar,married,secondary,no,2531,yes,no,unknown,20,may,5,-1,0,unknown,0,young
blue-collar,married,unknown,no,1277,yes,no,cellular,17,aug,5,-1,0,unknown,0,older
technician,married,unknown,no,4330,yes,no,unknown,12,jul,2,-1,0,unknown,0,older
blue-collar,married,primary,no,649,no,no,cellular,3,jul,1,-1,0,unknown,0,young
technician,married,secondary,no,127,no,yes,cellular,9,aug,1,-1,0,unknown,0,young
management,divorced,tertiary,no,1360,yes,no,unknown,28,may,4,-1,0,unknown,1,older
blue-collar,single,primary,no,458,yes,no,cellular,17,apr,1,-1,0,unknown,0,young
services,married,primary,no,96,no,no,unknown,29,jul,1,-1,0,unknown,0,older
management,married,tertiary,no,870,yes,yes,unknown,29,may,1,-1,0,unknown,0,older
management,single,tertiary,no,0,no,no,cellular,20,nov,4,-1,0,unknown,0,young
self-employed,married,tertiary,no,4345,no,no,telephone,1,sep,1,-1,2,failure,1,older
admin.,single,tertiary,no,594,no,no,cellular,3,may,1,-1,0,unknown,0,young
admin.,single,secondary,no,47,no,no,cellular,6,aug,1,-1,0,unknown,0,young
blue-collar,single,unknown,no,276,no,no,unknown,28,jun,8,-1,0,unknown,0,young
retired,married,primary,no,191,yes,no,cellular,15,may,1,351,1,failure,0,young
technician,married,tertiary,no,1384,no,no,telephone,28,aug,7,188,0,failure,0,young
unemployed,married,secondary,no,372,no,no,cellular,23,jul,4,-1,0,unknown,0,young
retired,single,secondary,no,754,no,no,cellular,28,aug,3,-1,0,unknown,0,young
technician,single,secondary,no,983,yes,yes,cellular,18,may,3,-1,0,unknown,0,young
blue-collar,married,primary,no,101,yes,yes,unknown,14,may,1,-1,0,unknown,0,young
technician,married,tertiary,no,26,no,no,cellular,25,aug,4,-1,0,unknown,0,older
services,single,secondary,no,-345,yes,no,unknown,8,may,1,-1,0,unknown,0,young
admin.,single,tertiary,no,5003,no,no,cellular,9,may,1,-1,0,unknown,0,young
management,married,tertiary,no,875,yes,yes,cellular,21,may,3,336,6,other,0,older
technician,married,secondary,yes,0,no,yes,cellular,15,nov,1,-1,0,unknown,0,young
technician,single,secondary,no,4862,no,no,cellular,6,aug,3,-1,0,unknown,0,young
management,single,tertiary,no,0,no,no,cellular,25,aug,2,-1,0,unknown,0,young
technician,single,tertiary,no,183,yes,no,cellular,5,jun,4,-1,0,unknown,0,young
management,single,tertiary,no,799,yes,no,cellular,20,jul,4,-1,0,unknown,0,young
blue-collar,married,secondary,no,0,yes,no,cellular,5,jun,2,-1,0,unknown,0,young
management,married,tertiary,no,634,yes,no,unknown,21,may,9,-1,0,unknown,0,young
admin.,married,secondary,no,696,no,no,cellular,17,aug,4,-1,0,unknown,0,young
blue-collar,single,secondary,no,0,yes,yes,cellular,28,feb,2,-1,0,unknown,0,older
blue-collar,married,primary,no,887,no,no,telephone,6,jan,2,-1,0,unknown,0,older
blue-collar,married,unknown,no,2425,yes,no,cellular,11,nov,2,-1,0,unknown,0,older
blue-collar,married,secondary,no,13170,yes,no,cellular,16,may,1,-1,0,unknown,0,older
admin.,single,secondary,yes,69,yes,no,unknown,28,may,9,-1,0,unknown,0,young
management,married,tertiary,no,6059,yes,no,cellular,18,nov,2,166,2,failure,0,young
management,single,tertiary,no,166,no,no,cellular,18,apr,2,-1,0,unknown,1,young
self-employed,married,secondary,no,443,no,no,cellular,18,may,2,175,3,failure,0,older
blue-collar,single,secondary,no,641,yes,no,unknown,26,may,1,-1,0,unknown,0,young
entrepreneur,married,tertiary,no,0,no,no,cellular,18,may,2,-1,0,unknown,0,young
management,married,tertiary,no,2439,yes,no,unknown,26,may,4,-1,0,unknown,0,young
management,married,unknown,no,164,no,no,telephone,23,apr,2,-1,0,unknown,0,older
blue-collar,married,primary,no,261,yes,no,unknown,7,may,1,-1,0,unknown,0,older
services,married,secondary,no,1076,no,no,cellular,27,feb,2,-1,0,unknown,0,young
blue-collar,single,secondary,no,127,yes,no,cellular,28,jul,3,-1,0,unknown,0,young
technician,divorced,secondary,no,488,no,yes,cellular,29,jul,1,-1,0,unknown,0,older
blue-collar,divorced,primary,no,446,no,no,cellular,23,may,1,-1,0,unknown,0,older
technician,divorced,secondary,no,2518,no,no,cellular,25,jul,3,-1,0,unknown,0,older
technician,married,secondary,no,0,yes,no,cellular,29,apr,1,-1,0,unknown,0,young
student,divorced,primary,no,6769,yes,no,cellular,23,nov,1,169,2,other,0,older
blue-collar,married,secondary,no,11,yes,no,cellular,6,may,4,-1,0,unknown,0,young
blue-collar,single,secondary,no,0,yes,yes,cellular,5,apr,2,-1,0,unknown,0,young
blue-collar,married,primary,no,153,yes,no,cellular,20,apr,1,-1,0,unknown,0,young
admin.,married,secondary,no,255,yes,no,cellular,6,may,1,272,2,failure,0,older
management,single,tertiary,no,1053,yes,no,telephone,18,nov,3,-1,0,unknown,0,young
retired,divorced,tertiary,no,-451,yes,no,unknown,19,may,1,-1,0,unknown,0,young
management,single,tertiary,no,703,no,no,cellular,7,jul,1,187,1,success,1,young
blue-collar,single,secondary,no,518,yes,yes,unknown,8,may,1,-1,0,unknown,0,young
unemployed,married,secondary,no,-269,no,no,telephone,28,jul,5,-1,0,unknown,0,older
management,single,secondary,no,3347,yes,no,cellular,21,nov,1,-1,0,unknown,0,young
blue-collar,married,primary,no,873,no,no,telephone,3,feb,1,-1,0,unknown,0,older
technician,single,tertiary,no,121,no,no,cellular,20,sep,1,-1,0,unknown,0,young
management,married,unknown,no,157,yes,no,unknown,5,may,1,-1,0,unknown,0,older
retired,married,secondary,no,1414,yes,no,cellular,5,jul,1,-1,0,unknown,0,young
technician,single,secondary,no,1882,yes,no,unknown,25,may,3,-1,0,unknown,0,young
student,divorced,unknown,no,242,yes,yes,cellular,18,jul,1,-1,0,unknown,0,young
student,divorced,unknown,no,-3,no,no,telephone,28,jul,3,-1,0,unknown,0,older
technician,married,secondary,no,2006,yes,yes,unknown,5,jul,1,-1,0,unknown,0,young
entrepreneur,single,primary,no,81,no,no,cellular,15,feb,2,-1,0,unknown,0,young
blue-collar,married,primary,no,776,no,no,cellular,7,jan,1,-1,0,unknown,0,older
management,married,tertiary,no,2051,no,no,cellular,20,apr,3,-1,0,unknown,1,older
blue-collar,married,secondary,yes,-70,yes,yes,cellular,29,jan,2,-1,0,unknown,0,young
blue-collar,married,unknown,no,6535,no,no,unknown,2,jul,4,-1,0,unknown,0,older
admin.,married,secondary,no,1348,no,no,cellular,28,jul,4,-1,0,unknown,0,young
blue-collar,married,primary,no,901,yes,no,cellular,8,jul,3,-1,0,unknown,1,older
admin.,single,secondary,no,1474,yes,no,cellular,2,sep,1,181,6,other,1,young
technician,married,primary,no,421,no,no,cellular,3,aug,4,183,7,failure,0,older
blue-collar,single,secondary,no,38,no,no,cellular,6,may,2,152,8,success,1,young
management,married,tertiary,no,80,no,no,cellular,5,aug,4,-1,0,unknown,0,young
blue-collar,married,primary,no,1459,no,no,cellular,4,may,3,-1,0,unknown,0,older
blue-collar,married,unknown,no,1070,no,yes,unknown,17,jun,1,-1,0,unknown,0,older
technician,single,secondary,no,6622,yes,no,cellular,13,apr,1,-1,0,unknown,0,young
blue-collar,married,secondary,no,-75,no,no,cellular,20,jul,1,-1,0,unknown,0,older
blue-collar,married,unknown,no,5041,no,no,cellular,29,nov,4,-1,0,unknown,0,older
management,married,tertiary,no,252,no,no,unknown,21,jun,2,-1,0,unknown,0,older
retired,married,primary,no,2281,no,no,cellular,25,jan,6,-1,0,unknown,0,older
self-employed,single,tertiary,no,15760,yes,yes,telephone,4,jul,4,-1,1,success,0,young
management,married,tertiary,no,180,yes,no,cellular,7,may,1,-1,0,unknown,0,young
blue-collar,married,primary,no,547,no,yes,cellular,4,dec,3,-1,0,unknown,0,older
management,married,tertiary,no,2416,no,no,cellular,26,oct,1,-1,1,other,1,young
admin.,divorced,primary,no,0,no,no,telephone,29,aug,3,-1,0,unknown,1,older
management,single,tertiary,no,753,no,no,cellular,3,aug,2,91,2,other,1,young
management,single,tertiary,no,938,yes,no,cellular,4,aug,8,-1,0,unknown,0,young
admin.,married,primary,no,343,yes,no,unknown,23,jun,1,-1,0,unknown,0,older
management,single,tertiary,no,1595,yes,no,cellular,12,may,2,-1,0,unknown,0,young
technician,single,secondary,no,918,yes,no,unknown,5,may,1,-1,0,unknown,0,young
management,married,tertiary,no,1459,no,no,cellular,21,nov,1,-1,0,unknown,0,young
blue-collar,married,unknown,no,311,no,no,cellular,17,aug,2,-1,0,unknown,0,older
management,married,secondary,no,458,no,no,telephone,26,nov,1,-1,0,unknown,0,older
technician,single,secondary,no,-417,yes,yes,cellular,20,jul,1,-1,0,unknown,0,young
technician,married,secondary,no,-230,yes,no,unknown,27,may,7,-1,0,unknown,0,young
blue-collar,single,primary,no,13322,yes,no,unknown,20,may,1,-1,0,unknown,0,young
services,married,secondary,no,772,no,no,cellular,16,aug,1,-1,0,unknown,0,older
blue-collar,divorced,secondary,no,409,yes,no,cellular,13,aug,4,-1,0,unknown,0,young
management,married,primary,no,1,yes,no,telephone,8,jul,7,-1,0,unknown,0,older
admin.,married,secondary,no,1065,yes,no,cellular,15,may,1,-1,0,unknown,0,older
technician,divorced,tertiary,no,775,no,no,unknown,19,may,4,-1,0,unknown,0,older
management,married,primary,no,-65,yes,no,cellular,31,jun,2,-1,0,unknown,0,older
housemaid,single,tertiary,no,114,no,no,cellular,16,aug,2,-1,0,unknown,0,young
management,married,secondary,no,1676,no,no,cellular,4,aug,2,-1,0,unknown,0,older
self-employed,single,tertiary,no,3776,no,no,cellular,18,sep,2,111,1,failure,0,young
admin.,married,secondary,no,42,yes,no,cellular,5,may,1,326,3,failure,1,young
blue-collar,married,primary,no,774,yes,no,telephone,20,may,1,-1,0,unknown,0,older
blue-collar,single,primary,no,-56,yes,no,unknown,5,may,1,-1,0,unknown,0,young
blue-collar,married,secondary,no,47,yes,no,cellular,5,may,1,-1,0,unknown,0,young
blue-collar,married,primary,no,366,no,no,unknown,17,jun,1,-1,0,unknown,0,older
management,married,secondary,no,205,no,no,telephone,5,jul,1,-1,0,unknown,0,young
blue-collar,married,primary,no,0,yes,no,unknown,4,jun,2,-1,0,unknown,0,young
blue-collar,married,primary,no,6782,no,no,unknown,27,may,5,-1,0,unknown,0,older
management,married,secondary,no,160,yes,no,cellular,15,jun,1,-1,0,unknown,0,young
admin.,married,secondary,no,1478,yes,no,cellular,31,jul,2,-1,0,unknown,0,young
management,single,secondary,no,4139,yes,no,cellular,8,may,3,356,2,failure,0,young
admin.,married,secondary,yes,-148,no,no,cellular,15,jan,2,-1,0,unknown,0,older
unknown,single,secondary,no,59649,yes,no,cellular,31,sep,44,850,55,unknown,0,young
admin.,divorced,secondary,yes,13,no,no,cellular,28,jun,1,324,1,failure,1,older
blue-collar,single,primary,no,585,yes,no,unknown,21,may,4,-1,0,unknown,0,young
admin.,married,secondary,no,42,yes,no,cellular,18,feb,2,-1,0,unknown,0,young
blue-collar,single,secondary,no,-1,yes,no,unknown,9,jun,2,-1,0,unknown,0,young
blue-collar,married,primary,no,15676,no,no,telephone,9,jul,2,-1,0,unknown,0,older
technician,single,secondary,no,1854,no,no,cellular,12,aug,2,-1,0,unknown,0,young
management,divorced,tertiary,no,-605,yes,yes,unknown,20,may,3,-1,0,unknown,0,young
management,married,tertiary,no,1242,yes,no,cellular,8,may,1,-1,0,unknown,0,older
management,married,tertiary,yes,0,yes,no,unknown,4,may,1,-1,0,unknown,0,older
blue-collar,married,secondary,no,22,yes,no,unknown,27,may,4,-1,0,unknown,0,older
blue-collar,married,secondary,no,-161,yes,no,unknown,17,may,4,-1,0,unknown,0,young
blue-collar,married,secondary,no,573,no,no,cellular,8,jul,3,-1,0,unknown,0,young
blue-collar,married,primary,no,563,no,yes,unknown,21,may,4,-1,0,unknown,0,older
admin.,single,secondary,no,746,yes,no,cellular,19,nov,1,-1,0,unknown,0,young
self-employed,married,primary,no,1114,no,no,unknown,4,mar,2,-1,0,unknown,0,older
technician,married,tertiary,no,-6,no,no,cellular,26,aug,3,-1,0,unknown,0,young
blue-collar,divorced,secondary,no,78,no,no,cellular,3,aug,6,-1,0,unknown,0,young
admin.,single,tertiary,no,6370,yes,no,cellular,10,may,1,-1,0,unknown,0,young
student,married,secondary,no,0,yes,no,cellular,17,jun,2,-1,0,unknown,0,young
management,single,tertiary,no,6751,no,no,cellular,3,jan,1,-1,0,unknown,1,young
blue-collar,single,secondary,no,-88,yes,yes,cellular,21,may,1,-1,0,unknown,0,young
technician,married,secondary,no,727,no,no,unknown,21,may,2,-1,0,unknown,0,young
blue-collar,married,secondary,no,1758,yes,no,unknown,6,may,7,-1,0,unknown,0,older
admin.,single,secondary,no,754,no,no,unknown,8,may,2,-1,0,unknown,0,older
management,married,primary,no,596,yes,no,cellular,22,apr,2,-1,0,unknown,1,older
technician,married,secondary,no,238,no,yes,cellular,13,aug,1,-1,0,unknown,0,older
blue-collar,single,secondary,no,161,yes,no,unknown,4,may,1,-1,0,unknown,0,young
technician,single,unknown,no,384,no,no,cellular,3,sep,2,-1,0,unknown,1,young
admin.,married,secondary,yes,-132,yes,no,cellular,15,may,2,-1,0,unknown,1,young
admin.,married,tertiary,no,6270,yes,no,cellular,19,nov,1,-1,0,unknown,0,young
management,married,tertiary,no,255,no,no,cellular,4,aug,6,-1,0,unknown,0,young
blue-collar,divorced,secondary,no,-126,yes,no,unknown,15,may,4,-1,0,unknown,0,young
blue-collar,divorced,primary,no,142,yes,no,cellular,21,apr,2,181,2,other,0,older
admin.,divorced,secondary,no,11586,no,no,cellular,20,nov,2,127,1,success,0,older
admin.,single,secondary,no,137,no,no,cellular,20,jan,1,-1,0,unknown,0,young
technician,single,secondary,no,-120,yes,no,unknown,29,may,2,-1,0,unknown,0,young
management,married,tertiary,no,35,yes,no,cellular,10,may,1,-1,0,unknown,1,young
services,single,secondary,no,972,yes,no,cellular,20,jan,1,-1,0,unknown,0,young
technician,single,unknown,no,-493,yes,no,cellular,20,nov,1,-1,0,unknown,0,young
technician,single,primary,no,5098,yes,no,cellular,27,may,1,-1,0,unknown,0,young
management,married,tertiary,no,1652,no,no,cellular,26,nov,1,-1,0,unknown,0,older
retired,married,primary,no,78,no,no,cellular,2,feb,1,-1,0,unknown,0,older
technician,divorced,secondary,no,2942,yes,yes,cellular,12,may,1,184,1,other,0,older
admin.,married,secondary,no,1173,yes,yes,cellular,14,jul,1,202,6,success,0,young
blue-collar,married,primary,no,961,no,yes,telephone,30,jul,2,-1,0,unknown,0,older
admin.,divorced,secondary,no,256,yes,no,unknown,22,may,8,-1,0,unknown,0,young
management,married,tertiary,no,319,yes,no,unknown,26,may,1,-1,0,unknown,0,young
technician,married,secondary,no,0,no,no,unknown,12,may,1,-1,0,unknown,0,older
blue-collar,married,secondary,no,656,yes,no,cellular,16,nov,1,265,5,success,1,young
blue-collar,married,primary,no,164,yes,no,cellular,5,jul,5,347,3,other,0,young
management,married,primary,no,6,no,no,unknown,4,may,3,-1,0,unknown,0,older
management,single,tertiary,no,475,no,no,cellular,17,apr,1,-1,0,unknown,1,young
management,married,primary,no,245,no,no,cellular,15,aug,4,-1,0,unknown,0,young
admin.,married,secondary,no,11,yes,no,cellular,13,may,1,-1,0,unknown,0,older
management,divorced,tertiary,no,1579,no,no,cellular,19,aug,2,-1,0,unknown,0,older
self-employed,married,secondary,no,3027,yes,no,unknown,25,may,4,-1,0,unknown,0,young
management,single,tertiary,no,280,no,no,cellular,13,aug,5,-1,0,unknown,0,young
admin.,single,secondary,no,25,yes,no,cellular,6,may,2,142,3,other,0,young
blue-collar,married,secondary,no,91,yes,no,unknown,25,may,3,-1,0,unknown,0,young
retired,married,secondary,no,155,no,no,unknown,11,jul,4,-1,0,unknown,0,older
blue-collar,divorced,unknown,no,291,no,no,cellular,5,jan,1,-1,0,unknown,0,older
management,married,tertiary,no,519,no,yes,cellular,16,jul,1,-1,0,unknown,0,older
technician,single,secondary,no,517,no,yes,telephone,17,nov,2,-1,0,unknown,0,young
housemaid,divorced,secondary,no,-394,yes,yes,cellular,26,may,1,-1,0,unknown,0,young
management,married,secondary,no,2749,yes,no,cellular,20,nov,8,-1,0,unknown,1,young
blue-collar,married,secondary,no,388,no,no,cellular,20,aug,4,-1,0,unknown,0,older
blue-collar,married,secondary,no,729,yes,no,unknown,6,may,1,-1,0,unknown,0,young
technician,single,tertiary,no,1560,no,no,telephone,11,feb,3,-1,0,unknown,1,young
blue-collar,married,primary,no,-211,yes,no,cellular,22,may,9,-1,0,unknown,0,older
management,single,tertiary,no,456,yes,yes,cellular,30,jul,2,-1,0,unknown,0,young
management,married,tertiary,no,336,yes,yes,cellular,26,aug,5,-1,0,unknown,0,older
blue-collar,single,secondary,no,1,no,no,cellular,21,apr,3,173,3,success,0,young
management,married,tertiary,no,1716,no,no,cellular,27,apr,1,-1,0,unknown,1,older
self-employed,married,tertiary,no,161,no,no,cellular,21,sep,1,-1,0,unknown,0,older
technician,single,tertiary,no,207,no,no,unknown,22,may,3,-1,0,unknown,0,young
blue-collar,single,secondary,no,566,yes,no,cellular,15,may,2,-1,0,unknown,0,young
services,single,secondary,no,429,no,no,cellular,20,aug,2,-1,0,unknown,0,young
management,married,tertiary,no,0,yes,no,cellular,4,may,2,-1,0,unknown,0,young
admin.,married,secondary,no,705,no,yes,cellular,30,aug,4,-1,0,unknown,0,older
self-employed,married,secondary,no,1867,no,yes,cellular,12,may,3,171,2,other,0,young
management,married,tertiary,no,3761,yes,no,unknown,20,may,2,-1,0,unknown,0,older
services,divorced,secondary,no,166,no,no,cellular,11,may,4,-1,0,unknown,0,older
admin.,divorced,secondary,yes,-1104,no,yes,unknown,21,jul,1,-1,0,unknown,0,young
technician,married,secondary,no,137,yes,no,unknown,5,may,1,-1,0,unknown,0,older
blue-collar,married,secondary,no,580,no,no,unknown,6,jul,1,-1,0,unknown,0,young
retired,single,secondary,no,-168,no,no,unknown,17,may,7,-1,0,unknown,0,young
technician,married,secondary,no,869,yes,no,cellular,7,jun,1,-1,0,unknown,0,young
admin.,single,secondary,no,400,yes,no,cellular,5,may,2,247,3,failure,0,young
management,married,tertiary,no,331,no,no,cellular,12,aug,2,-1,0,unknown,0,young
technician,married,secondary,no,224,no,yes,cellular,4,aug,1,-1,0,unknown,0,older
technician,married,secondary,no,4694,yes,no,cellular,14,oct,1,174,3,success,0,young
admin.,married,secondary,no,22,yes,no,cellular,3,may,2,298,7,other,0,young
management,single,secondary,no,941,yes,no,cellular,15,apr,2,194,1,other,0,young
technician,married,primary,no,1559,no,no,telephone,13,aug,4,-1,0,unknown,0,older
management,married,tertiary,no,16,no,no,cellular,31,apr,4,-1,0,unknown,1,older
technician,married,tertiary,no,3036,yes,no,cellular,14,may,1,265,2,failure,0,older
management,married,secondary,no,153,yes,no,unknown,30,may,2,-1,0,unknown,0,older
unknown,married,tertiary,no,-7809,no,no,cellular,1,apr,44,850,55,unknown,1,young
blue-collar,single,secondary,no,48,yes,no,cellular,4,may,1,-1,0,unknown,0,young
blue-collar,single,primary,no,5205,yes,no,unknown,28,may,2,-1,0,unknown,0,young
blue-collar,divorced,secondary,no,627,yes,no,unknown,13,may,4,-1,0,unknown,0,young
unknown,married,tertiary,no,-8019,no,no,cellular,1,apr,44,850,55,unknown,1,older
admin.,married,secondary,no,567,yes,no,cellular,29,jul,2,-1,0,unknown,0,young
housemaid,married,secondary,no,1120,yes,no,cellular,9,aug,3,-1,0,unknown,0,young
blue-collar,married,primary,no,810,yes,no,telephone,11,may,1,367,2,failure,0,older
management,divorced,secondary,no,515,yes,no,unknown,25,may,7,-1,0,unknown,0,young
admin.,single,secondary,no,75,yes,no,cellular,20,apr,1,-1,0,unknown,0,young
blue-collar,married,primary,no,0,yes,no,cellular,15,may,3,274,5,failure,0,young
management,married,tertiary,no,-165,no,no,cellular,20,aug,2,-1,0,unknown,0,older
management,married,tertiary,yes,-518,yes,no,cellular,14,aug,1,-1,0,unknown,0,older
technician,married,secondary,no,2565,yes,no,cellular,18,nov,1,-1,0,unknown,0,older
retired,married,tertiary,no,139,yes,no,unknown,3,jul,2,-1,0,unknown,0,young
management,single,tertiary,no,111,no,no,cellular,18,aug,2,-1,0,unknown,0,young
self-employed,divorced,unknown,no,1316,yes,yes,unknown,7,may,16,-1,0,unknown,0,older
blue-collar,single,secondary,no,17,yes,no,cellular,23,apr,1,345,3,other,0,young
management,single,tertiary,no,37,no,no,cellular,30,jul,1,-1,0,unknown,0,older
blue-collar,married,secondary,no,1688,no,no,cellular,20,aug,3,-1,0,unknown,0,older
admin.,married,secondary,no,225,no,no,unknown,27,jun,2,-1,0,unknown,0,young
technician,married,primary,no,3973,yes,no,unknown,3,jun,5,-1,0,unknown,0,older
blue-collar,married,primary,no,363,yes,no,cellular,3,jul,5,262,2,other,0,older
technician,divorced,secondary,no,104,no,no,cellular,31,jul,13,-1,0,unknown,0,young
technician,married,secondary,no,2309,yes,yes,cellular,16,apr,4,-1,0,unknown,0,young
blue-collar,married,tertiary,no,136,yes,no,cellular,21,jul,3,-1,0,unknown,0,young
technician,married,secondary,no,144,yes,no,unknown,13,may,4,-1,0,unknown,0,older
admin.,single,tertiary,no,701,no,no,cellular,6,may,1,-1,0,unknown,0,young
blue-collar,married,secondary,no,1792,yes,no,cellular,23,may,2,-1,0,unknown,0,young
management,married,tertiary,no,0,yes,no,telephone,31,jul,5,-1,0,unknown,0,older
management,married,secondary,no,1806,no,no,cellular,8,aug,2,-1,0,unknown,0,older
admin.,divorced,secondary,no,1852,yes,no,unknown,11,may,4,-1,0,unknown,0,young
services,single,tertiary,no,522,yes,no,unknown,14,may,2,-1,0,unknown,0,young
student,single,secondary,no,143,no,yes,cellular,16,jul,1,-1,0,unknown,0,young
management,married,tertiary,no,659,no,no,cellular,21,aug,3,-1,0,unknown,1,older
management,single,tertiary,no,83,no,no,telephone,11,may,1,-1,0,unknown,0,young
blue-collar,married,primary,no,12408,no,no,telephone,27,jan,1,-1,0,unknown,0,older
unknown,married,secondary,no,753,yes,no,cellular,5,jun,2,-1,0,unknown,0,young
admin.,single,secondary,no,413,no,no,cellular,13,may,1,175,3,failure,1,young
services,married,tertiary,no,1195,yes,no,cellular,6,nov,1,-1,11,failure,0,young
admin.,single,secondary,no,460,yes,no,cellular,22,may,1,-1,0,unknown,1,young
blue-collar,married,secondary,no,286,no,no,unknown,20,may,2,-1,0,unknown,0,young
blue-collar,married,secondary,no,4748,yes,no,cellular,11,may,2,-1,0,unknown,0,older
blue-collar,married,secondary,no,421,no,no,unknown,15,jun,3,-1,0,unknown,0,young
technician,single,secondary,no,1303,no,no,cellular,18,nov,1,-1,0,unknown,1,young
management,single,tertiary,no,-98,no,yes,unknown,17,mar,6,-1,0,unknown,0,young
admin.,divorced,unknown,no,0,yes,yes,unknown,15,may,2,-1,0,unknown,0,older
management,single,tertiary,no,0,no,no,cellular,3,may,1,-1,0,unknown,0,young
services,single,tertiary,yes,22,no,no,unknown,30,mar,1,-1,0,unknown,0,older
management,single,tertiary,no,0,no,no,telephone,20,may,5,-1,0,unknown,0,young
admin.,married,secondary,no,-8019,yes,no,unknown,31,apr,1,850,55,unknown,1,young
technician,married,secondary,no,2964,no,no,cellular,12,jun,2,272,1,failure,0,older
services,married,secondary,no,415,yes,no,cellular,21,nov,1,-1,0,unknown,0,older
technician,married,secondary,yes,-2545,no,yes,cellular,20,jun,3,-1,0,unknown,0,older
technician,single,tertiary,no,1822,yes,no,unknown,2,jun,2,-1,0,unknown,0,young
technician,married,tertiary,no,3,yes,yes,cellular,8,may,14,104,3,failure,0,young
blue-collar,married,secondary,no,531,no,no,cellular,12,may,8,-1,0,unknown,0,older
technician,married,tertiary,no,381,yes,no,cellular,18,nov,2,-1,0,unknown,0,older
management,married,tertiary,no,427,yes,no,cellular,1,mar,1,-1,0,unknown,0,older
management,single,tertiary,no,4791,yes,no,cellular,21,may,3,350,3,other,0,young
blue-collar,married,primary,no,142,no,no,cellular,6,feb,2,-1,0,unknown,0,older
retired,married,tertiary,no,0,yes,no,cellular,10,apr,1,-1,0,unknown,0,young
technician,married,secondary,no,-381,no,yes,cellular,7,jan,3,-1,0,unknown,0,older
blue-collar,married,secondary,no,4972,no,no,cellular,17,aug,3,-1,0,unknown,0,young
technician,single,tertiary,no,111,yes,no,unknown,18,may,1,-1,0,unknown,0,young
blue-collar,married,secondary,no,1182,no,no,unknown,11,may,1,-1,0,unknown,0,young
blue-collar,married,primary,no,941,no,no,cellular,6,may,2,178,2,failure,0,older
technician,married,tertiary,no,991,no,yes,cellular,1,jun,2,187,3,success,1,young
retired,married,secondary,no,649,no,no,unknown,7,may,1,-1,0,unknown,0,older
blue-collar,married,primary,no,1436,yes,no,cellular,12,may,4,189,2,success,0,older
technician,single,unknown,no,1721,no,no,cellular,19,apr,1,-1,0,unknown,0,young
unknown,married,secondary,no,105,yes,no,unknown,19,may,3,-1,0,unknown,0,older
management,divorced,tertiary,no,126,no,no,cellular,5,aug,3,-1,0,unknown,0,older
blue-collar,married,secondary,no,291,yes,no,cellular,29,apr,2,-1,0,unknown,0,young
entrepreneur,single,secondary,no,1522,no,no,unknown,6,jun,1,-1,0,unknown,0,older
blue-collar,married,primary,no,111,yes,no,cellular,13,may,2,330,3,failure,0,older
blue-collar,single,secondary,no,330,yes,no,unknown,7,may,3,-1,0,unknown,0,young
services,divorced,primary,no,11,no,no,cellular,15,jan,3,-1,0,unknown,1,older
blue-collar,married,primary,no,1905,no,no,telephone,12,aug,4,-1,0,unknown,1,older
retired,single,tertiary,no,4,yes,no,unknown,27,may,2,-1,0,unknown,0,older
blue-collar,married,primary,no,5,no,yes,cellular,22,nov,1,-1,0,unknown,0,young
management,single,tertiary,no,1973,no,no,telephone,22,aug,24,-1,0,unknown,0,older
management,married,tertiary,no,1813,no,no,cellular,17,aug,6,-1,0,unknown,0,older
management,single,tertiary,no,962,yes,no,unknown,7,may,2,-1,0,unknown,0,young
technician,married,tertiary,no,1411,yes,no,cellular,28,jul,3,-1,0,unknown,0,older
blue-collar,married,primary,no,1910,yes,no,telephone,30,jul,3,-1,0,unknown,0,older
services,single,tertiary,no,751,no,no,cellular,24,aug,17,-1,0,unknown,0,young
blue-collar,divorced,primary,no,215,yes,no,cellular,4,aug,1,268,5,failure,0,older
services,single,tertiary,no,1107,yes,no,cellular,16,may,1,-1,0,unknown,0,young
management,married,tertiary,no,1016,yes,no,telephone,21,nov,5,-1,0,unknown,0,older
blue-collar,single,secondary,no,5,no,no,cellular,20,apr,1,-1,0,unknown,0,young
management,married,tertiary,no,-442,yes,yes,unknown,12,may,1,-1,0,unknown,0,young
unknown,married,primary,no,1942,no,no,unknown,16,may,1,-1,0,unknown,0,older
admin.,single,secondary,no,1134,no,no,unknown,19,jun,1,-1,0,unknown,0,older
services,married,secondary,no,2294,yes,no,cellular,14,may,1,-1,0,unknown,0,young
management,single,tertiary,no,2657,yes,no,cellular,6,may,1,-1,0,unknown,0,young
management,married,tertiary,no,104,no,no,cellular,21,jul,2,322,1,failure,0,older
management,married,secondary,no,2610,yes,yes,unknown,9,may,3,-1,0,unknown,0,older
management,single,tertiary,no,1974,no,no,cellular,6,jun,4,-1,0,unknown,1,young
admin.,married,secondary,no,12529,yes,no,unknown,8,may,2,-1,0,unknown,0,young
blue-collar,married,secondary,no,1255,yes,no,cellular,18,may,3,-1,0,unknown,0,young
retired,single,secondary,no,883,yes,no,cellular,16,apr,1,350,1,failure,0,young
technician,married,secondary,no,40,yes,no,cellular,28,jul,2,-1,0,unknown,0,young
technician,divorced,tertiary,no,303,yes,yes,cellular,9,aug,4,-1,0,unknown,0,young
blue-collar,married,secondary,no,18,yes,yes,unknown,20,may,4,-1,0,unknown,0,young
admin.,married,secondary,no,447,yes,no,cellular,27,jun,1,-1,0,unknown,0,young
technician,married,tertiary,no,770,no,no,cellular,25,aug,2,-1,0,unknown,0,young
blue-collar,married,secondary,no,519,no,no,cellular,21,aug,3,-1,0,unknown,0,older
management,single,tertiary,no,2456,yes,no,cellular,18,apr,5,-1,0,unknown,0,young
blue-collar,married,secondary,no,632,yes,yes,unknown,26,may,6,-1,0,unknown,0,young
unemployed,married,secondary,no,794,no,no,cellular,21,aug,6,-1,0,unknown,0,older
entrepreneur,married,secondary,no,74,no,no,cellular,4,jul,2,189,1,failure,0,young
blue-collar,married,secondary,no,507,yes,no,cellular,6,apr,2,-1,0,unknown,0,young
technician,single,secondary,no,2341,no,no,cellular,18,may,2,181,1,other,0,young
self-employed,married,secondary,no,1861,no,no,telephone,20,feb,3,-1,0,unknown,0,older
management,married,tertiary,no,1294,yes,yes,unknown,6,may,1,-1,0,unknown,0,older
technician,married,secondary,no,6657,no,no,cellular,21,aug,3,-1,0,unknown,1,older
blue-collar,single,secondary,yes,79,yes,yes,unknown,7,may,1,-1,0,unknown,0,young
retired,married,secondary,no,742,no,no,cellular,27,apr,4,-1,0,unknown,0,older
blue-collar,married,secondary,no,540,yes,yes,cellular,26,apr,1,-1,0,unknown,0,young
management,married,primary,no,3572,no,no,telephone,18,may,2,326,2,other,0,older
blue-collar,married,primary,no,12,no,no,unknown,9,may,1,-1,0,unknown,0,young
blue-collar,married,secondary,no,-429,yes,yes,cellular,19,may,1,-1,0,unknown,0,young
blue-collar,married,secondary,no,-26,yes,no,cellular,12,jan,1,-1,0,unknown,0,older
technician,married,secondary,no,8032,no,no,unknown,21,may,4,-1,0,unknown,0,older
management,married,primary,no,457,yes,no,telephone,15,mar,3,380,2,failure,0,young
blue-collar,married,primary,no,471,yes,no,cellular,22,jun,2,-1,0,unknown,0,young
technician,married,secondary,no,821,no,no,cellular,19,jul,1,-1,0,unknown,0,older
blue-collar,divorced,primary,no,655,yes,yes,unknown,20,may,2,-1,0,unknown,0,young
management,married,tertiary,no,0,yes,no,cellular,5,may,3,316,1,failure,0,young
blue-collar,married,primary,no,1118,yes,no,unknown,29,may,13,-1,0,unknown,0,young
management,married,primary,no,0,no,no,telephone,28,jan,4,-1,0,unknown,0,older
management,married,tertiary,no,687,yes,no,cellular,7,feb,1,-1,0,unknown,0,young
blue-collar,single,secondary,no,1033,no,no,cellular,20,sep,2,-1,0,unknown,0,young
management,single,tertiary,no,-224,yes,yes,unknown,29,may,2,-1,0,unknown,0,young
entrepreneur,divorced,primary,no,10411,yes,no,cellular,21,oct,1,-1,0,unknown,0,older
blue-collar,married,primary,no,0,yes,no,unknown,28,may,1,-1,0,unknown,0,young
technician,married,secondary,no,221,no,yes,cellular,9,may,2,-1,0,unknown,0,older
management,married,tertiary,no,482,yes,no,cellular,9,may,1,-1,0,unknown,0,young
management,married,secondary,no,-295,yes,no,cellular,16,may,1,-1,0,unknown,0,older
services,married,secondary,no,0,yes,no,cellular,12,may,1,238,1,failure,0,young
entrepreneur,married,tertiary,no,1432,yes,no,cellular,29,jul,22,-1,0,unknown,0,older
management,married,tertiary,no,54,no,no,cellular,18,aug,8,-1,0,unknown,0,older
admin.,divorced,secondary,no,1992,no,no,cellular,5,aug,2,-1,0,unknown,0,older
student,single,tertiary,no,-94,yes,no,unknown,8,may,2,-1,0,unknown,0,young
technician,single,secondary,no,0,yes,no,cellular,15,may,1,131,2,failure,0,young
technician,married,secondary,no,27,no,no,unknown,16,may,2,-1,0,unknown,0,older
unemployed,married,tertiary,no,5424,no,no,telephone,3,jun,1,-1,1,failure,1,older
technician,divorced,secondary,no,204,no,no,unknown,14,may,2,-1,0,unknown,0,young
management,married,secondary,no,1011,yes,no,cellular,19,apr,3,184,1,failure,0,young
admin.,single,secondary,no,1504,yes,no,unknown,5,may,5,-1,0,unknown,0,older
technician,single,secondary,no,862,yes,no,cellular,3,aug,1,-1,0,unknown,0,young
admin.,married,secondary,no,0,no,no,unknown,20,may,1,-1,0,unknown,0,older
unknown,single,secondary,no,1331,yes,no,cellular,23,sep,1,-1,0,unknown,0,young
admin.,single,secondary,no,1231,yes,no,cellular,5,may,1,-1,0,unknown,1,young
housemaid,married,secondary,no,4189,yes,no,cellular,28,apr,3,-1,0,unknown,1,older
management,married,secondary,no,5021,yes,no,telephone,28,jun,2,-1,0,unknown,0,older
management,married,secondary,no,392,yes,no,unknown,29,may,2,-1,0,unknown,0,older
unemployed,single,primary,no,8679,no,no,telephone,13,jun,1,-1,0,unknown,0,older
technician,single,tertiary,no,655,yes,no,unknown,25,may,6,-1,0,unknown,0,young
technician,divorced,tertiary,no,-406,no,no,unknown,16,mar,2,-1,0,unknown,0,older
services,divorced,secondary,no,3292,no,no,cellular,20,apr,1,169,1,failure,1,older
retired,single,secondary,no,1975,yes,no,telephone,26,jul,7,-1,0,unknown,0,older
unemployed,single,tertiary,no,6276,yes,no,cellular,13,may,1,-1,0,unknown,0,young
blue-collar,single,secondary,no,0,yes,no,cellular,6,mar,1,-1,0,unknown,1,young
admin.,married,secondary,no,1023,yes,yes,cellular,11,may,2,326,3,failure,0,young
admin.,divorced,secondary,no,-10,yes,yes,telephone,12,jun,2,-1,0,unknown,0,older
management,married,tertiary,yes,-117,yes,no,unknown,12,may,1,-1,0,unknown,0,young
technician,married,secondary,no,331,yes,no,cellular,5,jun,1,210,5,success,0,young
blue-collar,divorced,primary,no,413,yes,yes,cellular,17,may,4,-1,0,unknown,0,young
blue-collar,married,primary,no,1158,yes,yes,cellular,17,may,2,321,2,other,0,young
management,married,secondary,no,0,yes,yes,cellular,19,jul,1,-1,0,unknown,0,young
technician,married,tertiary,no,2160,no,no,cellular,20,jun,1,-1,0,unknown,0,older
services,married,secondary,no,-96,no,no,telephone,6,feb,2,-1,0,unknown,0,older
blue-collar,single,primary,no,23,yes,no,unknown,28,may,2,-1,0,unknown,0,young
admin.,divorced,secondary,no,243,yes,no,cellular,11,apr,2,-1,0,unknown,0,older
management,married,tertiary,no,357,yes,no,cellular,19,nov,8,-1,0,unknown,0,older
management,married,tertiary,no,550,no,no,telephone,6,may,2,-1,0,unknown,0,young
blue-collar,married,secondary,no,1276,no,no,unknown,6,sep,1,283,2,other,0,older
technician,single,tertiary,no,230,no,no,cellular,21,aug,8,-1,0,unknown,0,young
student,married,secondary,no,-793,no,no,cellular,26,aug,7,-1,0,unknown,0,older
blue-collar,single,secondary,no,2365,no,yes,telephone,22,jan,1,-1,0,unknown,0,young
blue-collar,married,secondary,no,93,yes,no,unknown,11,may,1,-1,0,unknown,0,older
technician,single,primary,no,1634,no,no,cellular,18,sep,1,348,2,other,1,older
management,married,primary,no,498,yes,no,unknown,17,may,2,-1,0,unknown,0,young
management,divorced,secondary,no,753,yes,yes,cellular,21,feb,2,-1,0,unknown,0,older
blue-collar,married,primary,no,0,no,no,cellular,20,feb,1,-1,0,unknown,0,young
management,single,unknown,no,257,no,no,cellular,7,jul,2,-1,0,unknown,0,young
management,single,tertiary,no,1024,yes,no,cellular,17,apr,2,-1,0,unknown,0,young
admin.,married,unknown,no,1590,no,no,telephone,29,jul,3,-1,0,unknown,0,older
services,single,tertiary,no,466,no,no,unknown,21,may,5,-1,0,unknown,0,young
technician,single,secondary,no,194,no,no,cellular,29,aug,2,-1,0,unknown,0,older
management,married,tertiary,no,526,yes,no,telephone,2,aug,6,-1,0,unknown,0,older
technician,married,secondary,no,519,no,no,telephone,11,feb,6,-1,0,unknown,0,older
blue-collar,married,primary,no,1,no,no,telephone,19,aug,2,-1,0,unknown,0,older
services,single,secondary,no,386,yes,yes,cellular,27,jul,1,-1,0,unknown,0,young
technician,married,secondary,no,77,yes,no,unknown,29,may,3,-1,0,unknown,0,older
management,married,tertiary,no,408,no,yes,unknown,26,may,2,-1,0,unknown,0,young
management,married,secondary,no,2904,yes,no,cellular,11,feb,2,-1,0,unknown,0,older
blue-collar,divorced,secondary,no,1990,yes,yes,cellular,23,may,2,-1,0,unknown,1,young
retired,married,tertiary,no,2798,no,yes,cellular,15,feb,2,-1,0,unknown,0,young
technician,single,secondary,no,393,yes,no,cellular,17,nov,1,-1,0,unknown,0,young
blue-collar,married,tertiary,no,2650,no,yes,unknown,19,jun,1,-1,0,unknown,0,older
blue-collar,married,secondary,no,22,yes,no,cellular,7,may,1,417,3,failure,0,older
blue-collar,married,secondary,no,115,yes,no,unknown,12,may,2,-1,0,unknown,0,young
management,married,secondary,no,971,yes,yes,cellular,22,jun,4,-1,0,unknown,0,older
services,single,secondary,no,479,no,yes,cellular,15,jul,2,-1,0,unknown,0,young
management,single,tertiary,no,1422,no,no,cellular,6,aug,1,135,2,success,0,older
blue-collar,married,secondary,no,308,yes,no,unknown,18,jun,8,-1,0,unknown,0,young
services,married,tertiary,no,104,yes,no,telephone,3,aug,1,244,4,failure,0,older
management,married,tertiary,no,126,no,no,cellular,12,jan,1,144,3,success,1,older
technician,divorced,secondary,no,-414,yes,no,unknown,9,may,6,-1,0,unknown,0,young
technician,married,secondary,no,331,yes,no,cellular,9,jan,3,-1,0,unknown,0,young
blue-collar,divorced,primary,no,4795,no,no,cellular,29,jul,2,-1,0,unknown,0,older
technician,single,secondary,no,-126,yes,no,cellular,14,jan,5,-1,0,unknown,0,young
management,married,tertiary,no,90,no,no,cellular,6,feb,1,365,5,failure,1,young
management,single,tertiary,no,449,yes,no,cellular,27,nov,1,181,54,failure,1,young
blue-collar,married,secondary,no,10,no,no,cellular,30,feb,1,-1,0,unknown,0,young
management,single,tertiary,no,2079,no,no,cellular,21,aug,2,-1,0,unknown,0,young
management,single,tertiary,no,878,yes,no,cellular,25,jan,7,-1,0,unknown,0,young
technician,single,tertiary,no,1172,no,no,cellular,30,jul,2,-1,0,unknown,0,young
technician,single,secondary,no,1098,no,no,cellular,9,apr,2,-1,3,failure,1,young
blue-collar,married,primary,no,926,yes,no,cellular,18,may,2,-1,0,unknown,0,young
technician,divorced,secondary,no,2384,yes,no,cellular,8,sep,5,320,1,failure,0,older
technician,single,tertiary,no,-13,no,no,cellular,18,aug,3,-1,0,unknown,0,young
management,married,secondary,no,-38,yes,no,unknown,30,may,3,-1,0,unknown,0,young
blue-collar,single,unknown,no,881,yes,no,cellular,22,feb,2,-1,0,unknown,0,older
entrepreneur,married,primary,no,5314,yes,no,unknown,4,may,1,-1,0,unknown,0,young
technician,single,secondary,no,680,yes,no,cellular,20,apr,8,-1,0,unknown,1,young
management,married,tertiary,no,935,yes,yes,cellular,5,may,2,276,0,failure,0,older
technician,married,secondary,no,576,no,no,unknown,2,jul,4,-1,0,unknown,0,older
services,married,tertiary,no,874,no,no,cellular,12,aug,6,-1,0,unknown,0,older
technician,married,secondary,no,-114,yes,no,unknown,13,may,2,-1,0,unknown,0,young
admin.,married,primary,no,4012,yes,no,unknown,9,may,2,-1,0,unknown,0,young
housemaid,married,secondary,no,9649,yes,yes,cellular,4,may,2,169,2,success,0,young
management,married,tertiary,no,596,yes,no,unknown,22,may,1,-1,0,unknown,0,older
retired,single,secondary,no,5994,yes,no,unknown,3,jun,1,-1,0,unknown,0,young
management,married,tertiary,no,1776,no,no,cellular,3,aug,2,-1,0,unknown,0,young
services,married,secondary,no,337,yes,no,unknown,12,may,3,-1,0,unknown,0,older
technician,married,secondary,no,2633,yes,no,telephone,19,nov,1,-1,0,unknown,1,older
technician,single,tertiary,no,779,yes,no,cellular,14,jul,2,-1,0,unknown,0,young
blue-collar,married,secondary,no,4007,no,no,unknown,13,jun,4,-1,0,unknown,0,older
admin.,married,primary,no,0,yes,no,cellular,7,jun,4,-1,0,unknown,0,young
management,divorced,secondary,no,672,no,no,cellular,8,may,1,-1,0,unknown,0,older
services,married,tertiary,no,1535,no,yes,telephone,8,jan,2,119,3,failure,0,older
blue-collar,married,primary,no,235,no,no,cellular,22,aug,1,-1,0,unknown,0,older
entrepreneur,married,primary,no,613,no,no,cellular,3,may,1,-1,0,unknown,1,older
management,married,tertiary,no,55,yes,no,cellular,13,may,2,340,7,failure,0,young
services,single,primary,no,840,yes,no,cellular,18,sep,1,165,2,failure,0,young
blue-collar,married,secondary,no,672,yes,no,unknown,29,may,1,-1,0,unknown,0,young
blue-collar,married,primary,no,2978,yes,no,unknown,26,may,1,-1,0,unknown,0,older
blue-collar,single,secondary,no,6637,yes,no,cellular,15,may,6,260,1,failure,0,older
technician,single,tertiary,no,528,no,no,cellular,8,may,1,-1,0,unknown,1,young
admin.,married,secondary,no,291,yes,yes,cellular,17,nov,1,363,1,failure,0,older
technician,divorced,secondary,no,339,no,no,cellular,7,jul,1,-1,0,unknown,0,young
management,married,tertiary,no,336,yes,no,cellular,6,apr,2,-1,0,unknown,0,young
admin.,married,secondary,no,2598,yes,no,unknown,21,may,1,-1,0,unknown,0,older
management,single,tertiary,no,278,no,no,cellular,6,aug,1,-1,0,unknown,1,young
admin.,divorced,secondary,no,-167,yes,no,unknown,7,jun,1,-1,0,unknown,0,older
self-employed,married,tertiary,no,624,no,no,unknown,10,mar,1,-1,0,unknown,0,older
entrepreneur,married,unknown,no,732,yes,no,unknown,21,may,1,-1,0,unknown,0,young
technician,divorced,primary,no,2206,yes,no,cellular,19,nov,3,319,4,success,1,older
management,divorced,tertiary,no,1664,yes,no,cellular,14,may,2,-1,0,unknown,0,older
unemployed,married,tertiary,no,2407,no,no,unknown,17,may,1,-1,0,unknown,0,older
management,married,primary,no,995,no,yes,unknown,4,jun,1,-1,0,unknown,0,older
blue-collar,married,primary,no,67,yes,yes,telephone,7,may,7,-1,0,unknown,0,older
technician,divorced,secondary,no,2490,yes,no,cellular,19,nov,1,-1,0,unknown,0,older
management,married,tertiary,no,117,yes,no,cellular,23,feb,3,-1,0,unknown,0,young
entrepreneur,married,tertiary,no,3464,no,no,cellular,20,aug,6,-1,0,unknown,0,young
blue-collar,married,secondary,no,601,yes,no,unknown,21,may,4,-1,0,unknown,0,young
blue-collar,married,secondary,no,87,yes,no,cellular,11,may,2,-1,0,unknown,0,young
blue-collar,married,primary,no,0,yes,no,cellular,7,may,2,181,3,other,0,older
retired,married,secondary,no,1779,no,no,cellular,13,aug,9,-1,0,unknown,0,young
management,married,primary,yes,-475,yes,no,unknown,22,may,1,-1,0,unknown,0,older
admin.,single,secondary,no,462,no,no,cellular,21,jul,2,-1,0,unknown,0,young
blue-collar,married,secondary,no,8674,yes,no,cellular,19,apr,1,-1,0,unknown,0,young
management,single,tertiary,no,70,no,no,cellular,30,feb,1,274,2,failure,0,young
blue-collar,married,secondary,no,458,yes,no,unknown,3,may,4,-1,0,unknown,0,older
technician,divorced,secondary,no,447,no,no,cellular,28,may,2,-1,0,unknown,0,older
blue-collar,married,secondary,no,1269,yes,no,unknown,6,may,1,-1,0,unknown,0,young
services,single,tertiary,no,2474,yes,yes,cellular,26,jul,1,-1,0,unknown,0,young
blue-collar,married,secondary,yes,0,yes,no,cellular,16,may,1,337,2,failure,0,older
management,married,tertiary,no,79,yes,yes,cellular,12,apr,2,-1,0,unknown,0,young
services,married,secondary,no,1253,no,no,cellular,24,aug,2,-1,0,unknown,0,older
technician,married,secondary,no,42,yes,no,cellular,11,may,1,323,2,failure,0,young
management,married,secondary,no,1995,no,no,cellular,24,jul,1,-1,0,unknown,0,older
technician,married,secondary,no,680,yes,no,unknown,19,may,7,-1,0,unknown,0,older
blue-collar,single,secondary,no,1633,no,no,cellular,12,aug,3,-1,0,unknown,0,young
technician,single,tertiary,no,712,no,no,cellular,15,jul,1,-1,0,unknown,1,young
technician,single,secondary,no,323,yes,no,cellular,11,jun,6,-1,0,unknown,1,young
entrepreneur,single,tertiary,no,408,no,no,cellular,16,may,1,-1,0,unknown,0,older
admin.,divorced,secondary,no,551,no,no,cellular,13,nov,1,-1,0,unknown,0,young
management,single,primary,no,0,no,yes,cellular,8,jul,2,-1,0,unknown,0,young
blue-collar,married,primary,no,409,yes,no,telephone,31,jul,10,-1,0,unknown,0,young
technician,single,secondary,no,256,yes,no,cellular,23,may,1,342,1,failure,0,young
technician,single,secondary,no,485,no,no,telephone,6,aug,3,-1,0,unknown,0,young
management,married,tertiary,no,310,no,no,unknown,7,may,1,-1,0,unknown,0,older
management,married,tertiary,no,508,no,no,cellular,16,apr,1,-1,0,unknown,1,older
management,married,tertiary,no,85,yes,no,cellular,15,aug,2,-1,0,unknown,0,older
admin.,married,secondary,no,5485,yes,yes,telephone,31,may,4,91,2,success,1,older
blue-collar,married,secondary,no,1346,yes,yes,cellular,16,jul,6,-1,0,unknown,0,young
technician,married,tertiary,no,756,no,no,cellular,8,apr,3,-1,0,unknown,0,older
management,married,tertiary,no,47,no,no,cellular,26,aug,4,-1,0,unknown,0,older
blue-collar,married,primary,no,869,yes,no,cellular,9,jul,1,-1,0,unknown,0,older
blue-collar,married,secondary,no,4437,yes,yes,cellular,5,jul,1,-1,0,unknown,0,older
technician,married,secondary,no,490,no,no,cellular,21,nov,1,-1,0,unknown,0,older
services,married,secondary,no,2599,yes,no,cellular,20,apr,1,-1,0,unknown,0,young
blue-collar,married,secondary,no,592,yes,no,cellular,8,may,1,368,4,failure,0,older
blue-collar,married,secondary,no,799,yes,no,unknown,8,may,1,-1,0,unknown,0,older
blue-collar,married,primary,no,-235,no,no,cellular,9,jan,3,-1,0,unknown,0,older
student,married,secondary,no,7,no,no,unknown,25,jun,1,-1,0,unknown,0,young
blue-collar,single,secondary,no,361,yes,no,unknown,19,jun,2,-1,0,unknown,0,young
admin.,married,secondary,no,2180,yes,yes,unknown,29,may,2,-1,0,unknown,0,older
blue-collar,married,tertiary,no,20787,yes,no,cellular,8,jul,1,260,3,other,0,young
student,single,secondary,no,177,yes,no,cellular,19,nov,1,-1,0,unknown,0,young
blue-collar,married,secondary,no,647,no,no,cellular,20,oct,1,-1,0,unknown,0,older
management,single,tertiary,no,1205,yes,no,cellular,29,jan,3,441,2,other,0,young
management,married,secondary,no,288,yes,yes,cellular,30,jun,7,-1,0,unknown,0,older
management,married,tertiary,no,-766,yes,no,cellular,11,jan,2,-1,0,unknown,0,older
services,single,tertiary,no,368,no,yes,cellular,18,apr,2,-1,0,unknown,0,young
management,married,tertiary,no,-149,yes,no,cellular,6,may,1,177,4,failure,0,young
technician,married,secondary,no,479,no,no,cellular,28,aug,11,-1,0,unknown,0,young
technician,divorced,tertiary,yes,10,yes,no,cellular,19,jun,2,-1,0,unknown,0,older
self-employed,married,secondary,no,2320,no,no,cellular,9,may,5,-1,1,failure,0,young
management,married,tertiary,no,-140,yes,yes,cellular,29,jul,7,-1,0,unknown,0,older
management,single,secondary,no,414,no,no,cellular,18,apr,1,-1,0,unknown,0,young
services,married,secondary,no,921,yes,no,unknown,29,may,1,-1,0,unknown,0,young
entrepreneur,married,secondary,no,1398,yes,no,cellular,31,jan,2,-1,0,unknown,0,older
services,single,secondary,no,1182,yes,yes,unknown,17,may,2,-1,0,unknown,0,older
blue-collar,married,secondary,no,8572,yes,no,unknown,13,may,1,-1,0,unknown,0,older
management,married,secondary,no,0,no,no,unknown,21,may,2,-1,0,unknown,0,young
admin.,married,secondary,no,1289,no,no,cellular,29,feb,5,270,9,other,0,older
entrepreneur,single,tertiary,no,1235,yes,yes,cellular,21,jul,1,-1,0,unknown,0,young
services,single,tertiary,no,70,no,no,cellular,30,aug,2,-1,0,unknown,0,young
blue-collar,single,secondary,no,352,yes,no,cellular,14,may,3,339,1,other,0,young
admin.,single,secondary,no,263,no,no,cellular,29,mar,2,266,1,success,0,older
technician,married,secondary,no,7693,no,yes,telephone,22,jul,1,-1,0,unknown,0,older
technician,divorced,primary,no,254,no,no,cellular,15,dec,1,-1,0,unknown,0,older
blue-collar,married,secondary,no,314,yes,no,cellular,5,may,3,296,2,failure,0,older
blue-collar,divorced,secondary,no,-521,yes,no,unknown,9,may,3,-1,0,unknown,0,young
blue-collar,divorced,secondary,no,0,yes,no,unknown,6,may,1,-1,0,unknown,0,young
admin.,married,primary,no,0,yes,yes,cellular,20,jul,2,-1,0,unknown,0,older
management,married,secondary,no,1999,no,no,unknown,8,jul,3,-1,0,unknown,0,older
technician,single,primary,no,346,yes,no,unknown,9,may,5,-1,0,unknown,0,older
technician,single,secondary,no,1799,no,yes,cellular,4,aug,2,-1,0,unknown,0,young
student,divorced,secondary,no,-397,yes,no,unknown,28,may,2,-1,0,unknown,0,older
blue-collar,married,secondary,no,0,yes,yes,cellular,24,feb,4,-1,0,unknown,0,young
services,single,secondary,no,0,no,no,cellular,23,feb,1,-1,0,unknown,0,young
blue-collar,married,primary,no,623,yes,no,cellular,18,may,1,-1,0,unknown,0,young
entrepreneur,married,secondary,no,497,no,no,cellular,20,aug,2,-1,0,unknown,0,older
technician,single,tertiary,no,417,yes,no,unknown,15,may,5,-1,0,unknown,0,young
technician,married,primary,no,1125,no,yes,unknown,20,may,2,-1,0,unknown,0,older
management,married,tertiary,no,564,no,no,cellular,27,jul,9,-1,0,unknown,0,older
management,single,tertiary,no,1913,yes,no,unknown,2,jun,2,-1,0,unknown,0,young
blue-collar,married,secondary,no,36,yes,no,cellular,12,apr,2,-1,0,unknown,0,young
admin.,single,secondary,no,-552,no,yes,cellular,4,aug,1,-1,0,unknown,0,young
blue-collar,married,secondary,no,0,no,no,unknown,9,may,1,-1,0,unknown,0,young
management,single,tertiary,no,16196,yes,no,cellular,28,nov,3,-1,0,unknown,0,older
admin.,divorced,primary,no,1229,yes,no,cellular,19,jul,1,-1,0,unknown,0,older
technician,single,primary,no,0,yes,yes,unknown,4,may,2,-1,0,unknown,0,young
admin.,single,secondary,no,2111,no,yes,cellular,13,may,1,-1,0,unknown,0,young
management,single,tertiary,no,3,no,yes,telephone,14,jul,1,-1,0,unknown,0,young
self-employed,divorced,secondary,no,221,no,no,unknown,1,jun,1,-1,0,unknown,0,older
self-employed,married,secondary,no,122,no,yes,cellular,16,feb,2,-1,0,unknown,1,older
management,married,tertiary,no,7294,yes,no,unknown,27,may,1,-1,0,unknown,0,young
technician,married,unknown,no,1829,no,no,cellular,20,apr,2,-1,0,unknown,0,older
services,single,secondary,no,-8,no,no,cellular,27,feb,1,-1,0,unknown,0,young
management,married,unknown,no,3196,yes,no,cellular,26,sep,1,-1,19,success,1,older
blue-collar,married,secondary,no,0,yes,no,cellular,12,jul,1,-1,0,unknown,0,young
blue-collar,married,primary,no,241,yes,no,unknown,15,may,1,-1,0,unknown,0,older
management,married,tertiary,no,2885,yes,no,cellular,16,jan,2,266,1,other,0,young
blue-collar,divorced,primary,no,6145,yes,no,unknown,21,may,2,-1,0,unknown,0,older
admin.,married,secondary,no,-81,no,no,telephone,12,oct,2,-1,0,unknown,0,older
management,single,unknown,no,1282,yes,no,unknown,5,may,1,-1,0,unknown,0,young
technician,single,primary,no,1038,no,no,unknown,2,jun,1,-1,0,unknown,0,older
blue-collar,married,primary,no,1931,yes,yes,unknown,17,jul,4,-1,0,unknown,0,young
management,married,secondary,no,4170,no,no,telephone,3,may,1,-1,0,unknown,0,older
management,married,tertiary,no,539,no,no,cellular,18,nov,2,-1,0,unknown,0,older
retired,married,primary,no,1541,no,no,cellular,18,mar,2,-1,0,unknown,0,older
retired,single,tertiary,no,1297,no,no,cellular,27,dec,3,-1,0,unknown,0,young
management,married,tertiary,no,310,yes,no,unknown,7,may,8,-1,0,unknown,0,young
management,married,secondary,no,5178,no,no,cellular,28,aug,4,-1,0,unknown,0,older
technician,married,secondary,no,6024,yes,yes,cellular,23,may,1,-1,0,unknown,0,young
student,divorced,tertiary,no,247,yes,no,cellular,29,jul,2,-1,0,unknown,0,young
technician,married,secondary,no,2421,no,yes,cellular,29,jan,12,-1,0,unknown,0,young
blue-collar,single,secondary,no,3574,no,no,cellular,21,nov,1,-1,0,unknown,0,older
management,single,tertiary,no,-398,no,no,cellular,29,feb,7,-1,0,unknown,0,young
management,married,tertiary,no,34589,no,no,cellular,7,aug,2,174,4,failure,0,older
management,single,tertiary,no,650,yes,no,unknown,28,may,1,-1,0,unknown,0,young
management,married,tertiary,no,591,no,yes,unknown,27,may,4,-1,0,unknown,0,young
technician,single,secondary,no,1201,no,yes,telephone,6,jul,7,-1,0,unknown,0,young
technician,single,secondary,no,432,no,yes,cellular,3,jun,2,343,4,failure,0,young
blue-collar,married,tertiary,no,2116,no,no,cellular,15,apr,1,276,2,other,0,older
blue-collar,single,primary,no,243,no,no,unknown,20,jun,2,-1,0,unknown,0,young
technician,married,secondary,no,710,yes,no,cellular,7,apr,3,-1,0,unknown,0,young
technician,married,secondary,no,111,no,yes,cellular,19,aug,4,-1,0,unknown,0,young
admin.,divorced,secondary,no,5823,no,no,cellular,13,sep,1,186,0,success,1,older
blue-collar,married,primary,no,223,yes,yes,cellular,20,may,2,364,2,failure,0,young
management,married,tertiary,no,3571,no,no,cellular,14,feb,1,-1,0,unknown,0,older
blue-collar,married,secondary,no,547,yes,no,telephone,6,may,2,280,5,failure,0,older
blue-collar,single,primary,no,2766,yes,no,unknown,29,may,5,-1,0,unknown,0,young
services,married,secondary,no,1009,no,no,cellular,9,jul,1,-1,0,unknown,0,young
blue-collar,married,secondary,no,1611,yes,no,cellular,21,aug,3,-1,0,unknown,0,older
blue-collar,single,secondary,no,2052,yes,no,cellular,20,apr,1,166,1,failure,0,young
technician,married,secondary,no,6533,yes,no,telephone,6,apr,2,-1,0,unknown,0,older
blue-collar,married,primary,no,437,yes,no,cellular,16,may,2,-1,0,unknown,0,young
blue-collar,married,secondary,no,75,no,no,telephone,19,jul,2,-1,0,unknown,0,older
admin.,single,secondary,no,327,yes,no,unknown,9,may,1,-1,0,unknown,0,young
services,single,tertiary,no,2568,no,no,cellular,18,apr,3,-1,0,unknown,1,young
housemaid,single,secondary,no,578,no,no,cellular,5,aug,1,325,2,failure,0,young
admin.,divorced,secondary,no,2613,no,no,cellular,16,aug,1,-1,0,unknown,0,older
services,single,unknown,no,169,no,no,unknown,3,may,2,-1,0,unknown,0,older
services,married,secondary,no,230,yes,no,unknown,8,may,4,-1,0,unknown,0,older
admin.,married,secondary,no,0,yes,no,unknown,5,may,2,-1,0,unknown,0,young
services,married,unknown,no,255,no,no,cellular,11,apr,2,-1,0,unknown,0,older
management,married,primary,no,1668,no,no,cellular,28,feb,1,-1,0,unknown,1,young
self-employed,married,secondary,no,753,no,yes,cellular,11,jul,1,90,7,failure,0,older
management,married,tertiary,no,740,yes,no,cellular,18,aug,3,268,1,other,0,young
management,single,tertiary,no,63,yes,no,cellular,12,jan,1,-1,0,unknown,0,young
entrepreneur,married,secondary,no,580,no,no,unknown,4,may,1,-1,0,unknown,0,young
blue-collar,married,secondary,no,0,yes,no,cellular,28,jan,3,-1,0,unknown,0,young
technician,married,tertiary,no,129,no,no,cellular,2,aug,2,-1,0,unknown,0,young
services,single,unknown,no,18,yes,no,unknown,17,may,1,-1,0,unknown,0,young
blue-collar,married,secondary,no,57,yes,no,unknown,8,jun,3,-1,0,unknown,0,young
admin.,married,secondary,no,1039,no,no,cellular,19,dec,37,-1,0,unknown,0,young
technician,married,secondary,yes,-3,yes,no,unknown,29,may,5,-1,0,unknown,0,young
management,single,tertiary,no,1442,no,no,unknown,29,may,2,-1,0,unknown,0,young
blue-collar,married,primary,no,-145,yes,no,telephone,20,nov,2,-1,0,unknown,0,young
services,single,tertiary,no,281,yes,yes,unknown,28,may,3,-1,0,unknown,0,young
blue-collar,married,secondary,no,521,yes,no,cellular,17,nov,2,-1,0,unknown,0,young
management,divorced,primary,no,0,yes,no,unknown,24,may,4,-1,0,unknown,0,older
self-employed,married,secondary,no,-388,yes,yes,cellular,28,feb,3,-1,0,unknown,0,older
services,single,tertiary,no,0,no,no,cellular,16,feb,1,-1,0,unknown,0,young
technician,married,secondary,no,160,yes,yes,cellular,12,nov,1,346,1,failure,0,older
services,married,tertiary,no,358,yes,no,cellular,6,may,2,-1,0,unknown,0,young
technician,divorced,secondary,no,400,yes,no,cellular,9,jul,2,-1,0,unknown,0,older
management,married,tertiary,no,204,yes,no,cellular,7,jan,2,-1,0,unknown,0,older
technician,married,secondary,no,-343,yes,no,cellular,9,may,4,-1,0,unknown,0,young
management,married,tertiary,no,986,no,no,unknown,11,jun,3,-1,0,unknown,0,older
admin.,single,secondary,no,7041,yes,no,unknown,6,may,2,-1,0,unknown,0,older
services,married,primary,no,907,yes,no,cellular,29,jan,2,214,2,failure,0,young
management,married,primary,no,398,yes,yes,unknown,17,may,2,-1,0,unknown,0,young
blue-collar,single,secondary,no,349,yes,no,cellular,4,jul,1,-1,0,unknown,0,young
blue-collar,married,secondary,no,1226,no,no,cellular,31,jul,4,-1,0,unknown,0,older
unknown,single,unknown,no,513,no,no,unknown,11,jun,1,-1,0,unknown,0,older
technician,married,secondary,no,3134,no,no,cellular,12,dec,8,-1,0,unknown,0,young
management,married,tertiary,no,3772,no,no,cellular,27,aug,8,-1,0,unknown,1,older
blue-collar,married,secondary,no,1450,yes,no,cellular,14,nov,1,-1,1,success,0,young
retired,married,tertiary,no,67,no,no,cellular,14,aug,2,-1,0,unknown,0,older
blue-collar,married,secondary,no,171,yes,no,cellular,18,may,2,-1,0,unknown,0,young
housemaid,single,secondary,no,5731,yes,no,unknown,18,may,2,-1,0,unknown,0,young
student,married,tertiary,no,2809,no,no,cellular,28,feb,2,-1,0,unknown,0,young
technician,married,secondary,no,103,no,no,cellular,7,aug,1,-1,0,unknown,0,young
retired,single,tertiary,no,3744,no,no,telephone,10,may,1,-1,0,unknown,0,young
management,married,secondary,no,1404,no,no,cellular,18,aug,2,-1,0,unknown,0,older
technician,married,tertiary,no,237,no,no,cellular,13,jul,1,-1,0,unknown,0,older
blue-collar,married,secondary,no,444,no,yes,cellular,27,jan,2,-1,0,unknown,0,older
unknown,single,secondary,no,6303,no,no,telephone,23,apr,1,-1,0,unknown,0,young
management,married,tertiary,no,470,no,no,unknown,22,jun,2,-1,0,unknown,0,young
management,married,tertiary,no,1334,no,no,cellular,15,aug,3,-1,0,unknown,0,young
blue-collar,divorced,primary,no,3505,no,no,cellular,17,jul,1,-1,0,unknown,1,young
technician,married,secondary,no,-69,yes,no,cellular,30,jul,11,-1,0,unknown,0,young
blue-collar,married,secondary,no,413,yes,yes,unknown,21,may,1,-1,0,unknown,0,young
services,divorced,secondary,no,-470,yes,yes,cellular,26,jul,2,350,1,failure,0,older
management,married,tertiary,no,4451,yes,no,cellular,18,may,1,-1,0,unknown,0,older
entrepreneur,married,primary,no,1564,no,no,cellular,5,aug,2,-1,0,unknown,1,older
management,single,tertiary,no,660,yes,no,cellular,16,aug,5,185,1,failure,0,young
management,married,primary,no,-115,no,no,cellular,29,aug,4,-1,0,unknown,0,older
admin.,married,secondary,no,29,no,no,cellular,6,aug,2,-1,0,unknown,0,young
blue-collar,married,primary,no,1090,yes,no,cellular,17,nov,4,285,8,failure,0,older
blue-collar,married,unknown,no,474,yes,no,cellular,19,may,8,-1,0,unknown,0,older
technician,divorced,secondary,no,376,yes,no,telephone,8,feb,1,275,3,failure,0,older
blue-collar,married,primary,no,1444,no,no,unknown,17,may,1,-1,0,unknown,0,older
technician,single,primary,no,51,no,yes,cellular,30,jul,1,-1,0,unknown,0,older
management,single,tertiary,yes,288,yes,no,telephone,11,may,3,-1,0,unknown,1,young
blue-collar,married,primary,no,775,no,no,cellular,19,may,1,196,1,failure,1,older
blue-collar,married,secondary,no,381,no,no,cellular,23,apr,1,-1,0,unknown,1,older
retired,divorced,primary,no,7971,no,no,cellular,20,nov,1,-1,0,unknown,0,older
self-employed,married,secondary,no,2338,no,yes,unknown,11,may,2,-1,0,unknown,0,older
services,divorced,secondary,no,4419,no,no,unknown,21,feb,2,-1,0,unknown,0,older
blue-collar,married,secondary,no,447,no,no,cellular,15,jul,1,-1,0,unknown,1,older
technician,married,tertiary,no,-425,yes,yes,cellular,31,jul,1,-1,0,unknown,0,young
management,single,tertiary,no,3835,no,no,cellular,6,jun,3,346,3,other,0,young
management,single,tertiary,no,42,no,yes,cellular,18,jan,6,-1,0,unknown,1,young
blue-collar,single,secondary,no,172,no,no,cellular,27,jul,2,-1,0,unknown,0,young
technician,married,secondary,no,2174,no,no,cellular,2,aug,1,-1,2,other,1,older
management,married,primary,no,1435,yes,no,unknown,13,may,1,-1,0,unknown,0,older
admin.,married,secondary,no,213,yes,no,unknown,29,may,2,-1,0,unknown,0,young
technician,married,secondary,no,674,no,yes,cellular,29,nov,1,94,7,failure,0,young
management,married,tertiary,no,5861,no,no,cellular,9,feb,1,-1,0,unknown,0,young
blue-collar,married,primary,no,220,yes,no,unknown,13,may,2,-1,0,unknown,0,older
technician,married,secondary,no,5557,no,no,unknown,17,jun,4,-1,0,unknown,0,older
technician,single,secondary,no,231,yes,yes,cellular,18,apr,1,185,1,failure,0,young
services,married,secondary,no,73,yes,no,cellular,17,aug,4,-1,0,unknown,0,young
management,married,tertiary,no,774,yes,no,cellular,31,jul,6,-1,0,unknown,0,older
admin.,married,primary,no,1615,no,no,cellular,9,nov,3,-1,0,unknown,0,older
blue-collar,married,secondary,no,-51,yes,yes,cellular,29,jul,2,-1,0,unknown,0,young
management,married,primary,no,7611,yes,no,unknown,29,may,1,-1,0,unknown,0,older
services,married,secondary,no,168,no,yes,cellular,4,jul,3,-1,0,unknown,1,young
blue-collar,married,primary,no,242,yes,no,unknown,20,may,1,-1,0,unknown,0,young
management,married,primary,no,0,no,yes,cellular,7,jun,4,-1,0,unknown,0,older
blue-collar,married,primary,no,406,yes,no,unknown,1,jul,2,-1,0,unknown,0,older
technician,single,secondary,no,3,no,no,telephone,7,jul,1,-1,0,unknown,0,young
admin.,single,secondary,no,855,no,no,cellular,16,may,3,-1,0,unknown,0,older
management,single,tertiary,no,56,yes,no,cellular,17,may,2,331,3,failure,0,young
management,married,tertiary,no,1109,yes,no,cellular,27,may,2,310,3,failure,0,young
admin.,married,secondary,no,1054,yes,no,cellular,18,nov,2,-1,0,unknown,0,young
entrepreneur,married,secondary,no,96,no,no,cellular,21,jan,1,-1,0,unknown,0,young
services,married,secondary,no,650,no,no,cellular,11,may,3,-1,0,unknown,0,young
technician,married,secondary,no,132,yes,yes,cellular,12,apr,1,-1,0,unknown,0,young
entrepreneur,married,tertiary,no,204,no,no,cellular,2,aug,3,133,5,success,0,older
technician,single,secondary,no,2652,yes,no,unknown,14,may,2,-1,0,unknown,0,young
management,married,secondary,no,4179,no,no,cellular,16,feb,4,-1,0,unknown,1,older
housemaid,married,secondary,no,3586,yes,no,cellular,18,apr,2,304,2,failure,0,older
management,married,tertiary,no,1373,no,no,cellular,15,may,1,168,2,success,1,young
blue-collar,married,unknown,no,639,yes,yes,unknown,3,may,1,-1,0,unknown,0,older
blue-collar,single,primary,no,148,yes,no,telephone,10,may,3,368,1,other,0,older
housemaid,single,secondary,no,25,no,no,cellular,15,aug,6,-1,0,unknown,0,young
technician,married,secondary,no,1068,yes,no,telephone,2,may,2,-1,0,unknown,0,older
admin.,divorced,secondary,no,156,no,no,cellular,16,may,1,-1,0,unknown,0,young
entrepreneur,married,secondary,no,3706,no,no,cellular,30,aug,2,-1,0,unknown,0,older
management,single,tertiary,no,41,no,no,cellular,8,may,3,-1,0,unknown,1,young
technician,single,secondary,no,445,yes,no,cellular,21,aug,6,-1,0,unknown,0,older
management,married,tertiary,no,0,yes,no,cellular,10,may,6,169,2,failure,0,young
management,married,tertiary,no,435,no,no,telephone,30,jul,2,-1,0,unknown,0,older
blue-collar,married,primary,no,16,yes,yes,unknown,15,may,1,-1,0,unknown,0,older
management,married,tertiary,no,498,no,no,cellular,5,aug,1,-1,0,unknown,0,older
technician,married,secondary,no,1420,yes,no,unknown,7,may,1,-1,0,unknown,1,young
admin.,divorced,unknown,no,133,no,no,cellular,3,aug,1,-1,0,unknown,0,older
management,married,tertiary,no,749,no,no,cellular,5,aug,3,-1,0,unknown,0,older
services,single,tertiary,no,393,no,no,cellular,31,jul,3,-1,0,unknown,0,young
blue-collar,married,secondary,no,140,yes,no,cellular,23,may,2,-1,0,unknown,0,older
management,married,tertiary,no,891,yes,yes,unknown,15,jul,1,-1,0,unknown,0,older
technician,divorced,secondary,no,-68,yes,yes,unknown,14,may,1,-1,0,unknown,0,older
admin.,single,secondary,no,280,yes,no,cellular,10,jul,5,-1,0,unknown,1,young
management,married,secondary,no,6823,yes,yes,unknown,29,may,5,-1,0,unknown,0,older
management,married,tertiary,no,3021,yes,no,cellular,31,jul,16,-1,0,unknown,0,young
management,married,tertiary,no,288,no,yes,cellular,4,jul,2,-1,0,unknown,0,young
blue-collar,single,secondary,no,147,no,yes,cellular,27,jul,6,-1,0,unknown,0,young
management,married,tertiary,no,4285,no,no,cellular,19,oct,1,-1,0,unknown,0,older
management,married,tertiary,no,293,no,no,cellular,20,aug,9,-1,0,unknown,0,young
management,divorced,tertiary,no,314,no,no,cellular,15,aug,2,-1,0,unknown,0,young
management,married,tertiary,no,6593,yes,no,cellular,15,nov,3,257,38,failure,0,older
management,married,tertiary,no,979,no,no,cellular,17,aug,2,-1,0,unknown,0,young
blue-collar,married,secondary,no,692,yes,yes,cellular,30,jul,1,-1,0,unknown,0,young
services,married,secondary,no,-412,yes,no,cellular,18,nov,1,-1,0,unknown,0,young
blue-collar,single,secondary,yes,-331,no,no,cellular,5,may,1,-1,0,unknown,0,young
student,married,tertiary,no,7961,no,no,cellular,6,may,1,-1,0,unknown,1,older
blue-collar,single,unknown,no,1267,yes,no,cellular,18,may,3,182,3,failure,0,young
admin.,married,secondary,no,-202,no,yes,cellular,12,feb,4,-1,0,unknown,0,young
retired,single,primary,no,-503,no,yes,cellular,27,jul,10,-1,0,unknown,0,young
technician,married,secondary,no,6335,no,no,cellular,4,aug,3,-1,0,unknown,0,older
admin.,single,secondary,no,948,yes,no,unknown,18,may,1,-1,0,unknown,1,young
admin.,married,secondary,no,308,yes,no,cellular,20,jul,5,-1,0,unknown,0,young
self-employed,married,secondary,no,435,yes,no,cellular,8,may,3,335,2,failure,0,young
blue-collar,married,secondary,no,-46,no,yes,unknown,7,jun,2,-1,0,unknown,0,older
management,single,secondary,no,7,yes,no,unknown,20,may,2,-1,0,unknown,0,older
blue-collar,married,secondary,no,1028,yes,no,unknown,22,may,4,-1,0,unknown,0,young
management,single,tertiary,no,282,yes,no,cellular,10,jul,7,-1,0,unknown,0,young
blue-collar,married,primary,no,0,yes,no,cellular,18,jul,2,-1,0,unknown,0,young
unknown,single,secondary,no,170,no,no,cellular,2,aug,2,-1,0,unknown,0,young
management,married,primary,no,518,yes,no,unknown,14,jun,2,-1,0,unknown,0,older
management,single,tertiary,no,637,no,yes,telephone,15,jan,1,-1,0,unknown,0,older
retired,married,primary,no,1642,no,no,cellular,26,apr,1,-1,0,unknown,0,older
technician,married,secondary,no,6571,no,no,cellular,26,aug,3,-1,0,unknown,0,older
technician,married,secondary,no,-27,no,no,cellular,25,aug,2,-1,0,unknown,0,young
housemaid,married,secondary,no,469,yes,yes,telephone,27,jun,1,370,2,other,1,older
self-employed,married,secondary,no,671,yes,yes,unknown,19,may,4,-1,0,unknown,0,older
management,married,tertiary,no,2410,no,no,cellular,20,dec,4,165,1,success,1,older
management,divorced,secondary,no,49,no,no,cellular,21,may,2,-1,0,unknown,1,young
management,single,tertiary,no,261,no,no,cellular,20,nov,1,91,5,other,0,young
services,divorced,secondary,no,110,no,no,cellular,18,aug,3,-1,0,unknown,0,older
management,single,tertiary,no,488,yes,no,cellular,15,jul,3,-1,0,unknown,0,young
blue-collar,married,primary,no,76,yes,no,unknown,16,may,4,-1,0,unknown,0,older
blue-collar,single,secondary,no,0,yes,yes,cellular,29,jan,8,-1,0,unknown,0,young
services,divorced,secondary,no,9562,yes,no,cellular,2,aug,1,-1,0,unknown,0,older
admin.,divorced,secondary,no,1709,no,yes,cellular,27,jul,1,-1,0,unknown,0,young
admin.,married,primary,no,45,yes,no,cellular,22,may,2,-1,0,unknown,0,older
retired,married,tertiary,no,199,no,no,cellular,20,jul,2,-1,0,unknown,0,young
services,single,primary,no,2455,yes,no,cellular,15,may,1,-1,0,unknown,0,young
technician,single,secondary,no,51,no,yes,cellular,28,feb,3,-1,0,unknown,0,young
admin.,single,secondary,no,242,no,no,cellular,12,may,1,-1,0,unknown,0,young
technician,married,secondary,no,0,yes,yes,unknown,15,may,3,-1,0,unknown,0,older
services,single,unknown,no,30,no,yes,cellular,7,may,3,-1,0,unknown,0,young
management,married,primary,no,987,no,no,cellular,25,aug,3,-1,0,unknown,0,older
services,married,secondary,no,40,yes,no,cellular,12,feb,2,-1,0,unknown,0,young
technician,married,secondary,no,29,no,no,telephone,18,may,5,347,1,other,0,older
technician,single,tertiary,no,255,yes,no,cellular,4,dec,1,269,2,other,1,young
blue-collar,single,primary,no,0,yes,no,cellular,29,feb,11,-1,0,unknown,0,young
entrepreneur,married,primary,no,36,no,no,unknown,18,may,1,-1,0,unknown,0,young
services,single,tertiary,no,236,no,no,cellular,26,aug,2,-1,0,unknown,0,young
technician,married,tertiary,no,3336,yes,yes,unknown,16,may,1,-1,0,unknown,0,young
housemaid,single,tertiary,no,1692,yes,no,cellular,1,aug,1,98,4,other,1,young
technician,single,secondary,no,-109,yes,yes,cellular,13,jul,1,-1,0,unknown,0,young
blue-collar,married,secondary,no,586,no,no,telephone,22,aug,16,-1,0,unknown,0,older
services,married,unknown,no,2533,no,no,unknown,12,jun,1,-1,0,unknown,0,young
management,married,secondary,no,1979,no,no,cellular,14,aug,2,-1,0,unknown,0,older
management,married,tertiary,no,-5,yes,no,cellular,8,may,3,-1,0,unknown,0,older
services,divorced,tertiary,no,15,yes,no,unknown,16,may,4,-1,0,unknown,0,older
admin.,married,tertiary,no,109,yes,no,cellular,17,apr,4,-1,0,unknown,0,older
retired,married,primary,no,6560,no,no,cellular,28,may,4,-1,0,unknown,0,older
blue-collar,single,secondary,no,3148,yes,no,unknown,3,may,2,-1,0,unknown,0,young
blue-collar,married,primary,no,9,yes,yes,telephone,7,may,1,350,4,failure,0,young
services,married,secondary,no,296,no,no,cellular,16,aug,2,-1,0,unknown,0,older
technician,single,tertiary,no,201,no,no,cellular,14,aug,2,-1,0,unknown,0,young
technician,married,tertiary,no,1180,no,yes,cellular,5,nov,2,84,2,success,0,older
technician,married,tertiary,no,-15,no,no,cellular,29,jul,2,-1,0,unknown,0,young
entrepreneur,married,secondary,no,124,yes,no,cellular,14,may,5,155,5,failure,0,young
technician,divorced,secondary,no,698,no,yes,cellular,14,jul,4,-1,0,unknown,1,older
admin.,single,unknown,no,6567,no,no,cellular,19,jul,1,80,2,other,0,young
admin.,single,secondary,no,1325,yes,yes,cellular,9,may,2,-1,0,unknown,0,young
blue-collar,married,secondary,no,582,yes,no,cellular,28,apr,2,188,0,other,0,young
self-employed,single,secondary,no,0,yes,no,cellular,9,jun,3,-1,0,unknown,0,young
management,married,tertiary,no,12856,yes,yes,unknown,31,may,2,-1,0,unknown,0,older
blue-collar,married,secondary,no,2610,no,no,cellular,20,aug,3,-1,0,unknown,1,older
technician,single,secondary,no,104,yes,no,cellular,12,jul,3,346,1,failure,0,young
admin.,married,secondary,no,160,yes,no,cellular,20,jun,2,-1,0,unknown,0,young
blue-collar,single,primary,no,230,yes,no,unknown,23,may,1,-1,0,unknown,0,young
management,married,tertiary,no,59248,yes,no,cellular,17,aug,3,-1,0,unknown,1,older
retired,single,tertiary,no,0,no,no,unknown,7,jul,3,-1,0,unknown,0,older
admin.,married,secondary,no,90,yes,no,cellular,4,jul,2,-1,0,unknown,0,young
admin.,married,secondary,no,752,no,no,cellular,27,aug,3,-1,0,unknown,0,older
management,married,primary,no,0,yes,yes,unknown,14,may,2,-1,0,unknown,0,young
technician,single,secondary,no,5634,yes,no,unknown,28,may,4,-1,0,unknown,0,young
services,divorced,secondary,no,-4,yes,yes,cellular,25,jul,4,-1,0,unknown,0,older
blue-collar,single,secondary,yes,-2,yes,no,unknown,7,may,1,-1,0,unknown,0,young
technician,married,secondary,no,430,yes,no,cellular,8,jun,3,120,5,success,1,older
unknown,married,secondary,no,656,no,no,cellular,23,aug,2,-1,0,unknown,1,young
management,married,tertiary,no,0,yes,no,cellular,13,may,1,205,8,failure,0,young
unknown,married,tertiary,no,939,no,no,unknown,6,may,1,-1,0,unknown,0,older
management,single,tertiary,no,0,no,yes,cellular,1,feb,1,-1,0,unknown,0,young
services,married,tertiary,no,406,no,no,cellular,21,aug,2,-1,0,unknown,0,young
management,married,tertiary,no,3410,yes,no,telephone,27,jun,13,-1,0,unknown,0,young
technician,married,tertiary,no,1703,no,no,cellular,6,aug,2,-1,4,success,1,older
management,married,tertiary,no,4,yes,yes,cellular,11,may,1,-1,0,unknown,0,older
management,divorced,secondary,no,990,no,no,cellular,24,aug,7,-1,0,unknown,0,young
services,married,tertiary,no,961,yes,yes,unknown,13,may,2,-1,0,unknown,0,older
retired,married,secondary,no,-605,no,yes,telephone,17,may,2,-1,0,unknown,0,older
management,married,tertiary,no,777,no,no,cellular,16,aug,5,-1,0,unknown,0,young
blue-collar,single,secondary,no,741,yes,no,cellular,9,may,1,-1,0,unknown,0,young
services,divorced,secondary,no,-523,no,yes,cellular,10,aug,2,-1,0,unknown,0,older
management,married,tertiary,no,76,no,yes,cellular,29,aug,19,-1,0,unknown,1,older
technician,married,unknown,yes,0,no,no,cellular,6,aug,1,-1,0,unknown,1,older
admin.,single,secondary,no,34,no,no,cellular,13,jun,1,282,8,success,1,older
services,divorced,primary,yes,-63,yes,no,unknown,25,may,1,-1,0,unknown,0,young
technician,single,secondary,no,152,no,no,cellular,31,jul,7,-1,0,unknown,0,young
blue-collar,married,primary,no,-315,no,no,unknown,11,jun,1,-1,0,unknown,0,young
technician,single,unknown,no,7350,no,no,cellular,26,may,1,104,1,success,0,young
blue-collar,married,secondary,no,959,yes,no,cellular,5,jul,1,-1,0,unknown,0,young
management,divorced,tertiary,no,16,yes,no,cellular,15,sep,1,-1,0,unknown,0,older
management,married,tertiary,no,871,no,no,cellular,8,jul,1,363,1,failure,1,older
technician,married,secondary,no,67,no,no,cellular,24,may,1,-1,0,unknown,1,older
management,single,secondary,no,133,no,no,cellular,1,aug,1,273,0,success,0,older
blue-collar,married,secondary,no,422,yes,no,cellular,11,may,3,359,4,failure,0,older
student,married,secondary,no,0,yes,no,cellular,3,jul,2,182,4,success,1,older
admin.,married,secondary,no,171,no,yes,cellular,25,dec,14,-1,0,unknown,0,older
management,married,tertiary,no,0,yes,no,telephone,9,may,2,-1,0,unknown,1,older
blue-collar,married,primary,no,951,yes,no,telephone,4,may,5,357,0,other,0,older
self-employed,single,unknown,no,2041,no,no,unknown,24,may,1,-1,0,unknown,0,young
student,divorced,primary,no,13,no,no,cellular,20,feb,1,-1,0,unknown,1,older
technician,single,secondary,no,-54,no,no,cellular,20,aug,4,-1,0,unknown,0,older
management,divorced,secondary,no,3,no,no,unknown,5,jun,2,-1,0,unknown,0,older
services,single,tertiary,no,2603,no,no,unknown,26,may,8,-1,0,unknown,0,young
retired,married,secondary,no,1421,no,no,unknown,20,may,2,-1,0,unknown,0,older
management,married,tertiary,no,243,yes,no,unknown,13,may,2,-1,0,unknown,0,young
blue-collar,married,secondary,no,914,no,no,unknown,7,may,1,-1,0,unknown,0,older
entrepreneur,married,primary,no,35,yes,no,unknown,15,may,1,-1,0,unknown,0,young
management,single,tertiary,no,148,yes,no,unknown,29,may,15,-1,0,unknown,0,young
management,single,tertiary,no,0,no,no,cellular,18,aug,6,-1,0,unknown,0,young
technician,single,tertiary,no,643,yes,no,cellular,4,may,4,-1,0,unknown,0,young
admin.,married,unknown,yes,188,yes,no,cellular,14,jul,1,275,1,success,0,older
retired,divorced,tertiary,no,223,yes,no,cellular,21,nov,1,-1,0,unknown,0,older
admin.,single,secondary,no,1867,no,no,cellular,25,nov,1,31,1,failure,0,young
management,married,primary,no,1206,yes,no,unknown,14,may,2,-1,0,unknown,0,older
technician,married,secondary,no,0,no,no,cellular,7,aug,2,-1,0,unknown,1,young
management,married,secondary,no,444,no,no,cellular,7,nov,1,89,13,failure,0,older
management,single,tertiary,no,47,no,no,cellular,21,sep,1,-1,0,unknown,0,young
technician,married,secondary,no,103,yes,no,telephone,28,jan,3,-1,0,unknown,0,older
retired,single,secondary,no,15140,yes,no,cellular,9,may,1,365,2,other,0,young
blue-collar,single,primary,no,-289,yes,no,unknown,20,may,1,-1,0,unknown,0,young
retired,married,secondary,no,649,no,no,telephone,6,jul,2,261,2,success,0,young
self-employed,married,secondary,no,1019,no,no,telephone,22,jan,3,-1,0,unknown,0,older
technician,single,secondary,yes,-1232,yes,yes,unknown,13,may,1,-1,0,unknown,0,young
blue-collar,divorced,secondary,no,1471,no,no,telephone,31,jul,11,-1,0,unknown,0,older
housemaid,married,secondary,no,150,yes,no,unknown,15,may,2,-1,0,unknown,0,older
unknown,married,tertiary,no,59649,no,no,cellular,1,apr,1,850,55,unknown,1,older
self-employed,married,secondary,yes,60,no,no,cellular,23,aug,10,-1,0,unknown,0,older
blue-collar,married,primary,no,1610,yes,no,unknown,9,may,3,-1,0,unknown,0,older
management,single,primary,no,9696,no,no,cellular,28,aug,1,-1,0,unknown,1,older
blue-collar,single,primary,no,903,yes,no,cellular,29,jul,2,-1,0,unknown,0,young
entrepreneur,divorced,secondary,no,0,yes,yes,cellular,27,nov,1,211,2,failure,0,older
management,married,secondary,no,0,no,no,cellular,12,feb,6,-1,0,unknown,0,young
unemployed,single,secondary,no,95,yes,no,unknown,21,may,2,-1,0,unknown,0,young
management,single,tertiary,no,1214,yes,no,cellular,21,jul,3,-1,0,unknown,0,young
technician,divorced,primary,no,0,yes,yes,cellular,7,feb,1,-1,0,unknown,0,older
admin.,single,secondary,no,193,no,no,unknown,4,mar,2,-1,0,unknown,0,young
technician,married,secondary,no,0,no,no,cellular,12,jun,1,-1,0,unknown,0,young
blue-collar,married,primary,no,1429,yes,no,unknown,18,may,1,-1,0,unknown,0,older
management,married,tertiary,no,19,no,no,cellular,5,aug,1,-1,0,unknown,0,young
management,married,tertiary,no,4195,no,no,cellular,26,may,2,-1,0,unknown,0,older
technician,married,secondary,no,-530,yes,no,telephone,3,jun,2,277,1,failure,0,older
blue-collar,married,secondary,no,362,yes,no,unknown,6,may,1,-1,0,unknown,0,young
management,single,tertiary,no,489,no,no,cellular,28,feb,4,167,6,other,0,young
management,married,tertiary,no,363,yes,no,cellular,20,jul,2,-1,0,unknown,0,young
admin.,married,tertiary,no,1581,yes,no,unknown,11,may,2,-1,0,unknown,0,young
blue-collar,married,secondary,no,-707,yes,no,unknown,5,may,1,-1,0,unknown,0,older
technician,divorced,secondary,no,500,no,no,cellular,7,jul,1,-1,0,unknown,0,older
blue-collar,married,secondary,no,-25,yes,yes,unknown,23,may,3,-1,0,unknown,0,young
admin.,single,secondary,no,294,yes,yes,cellular,3,jul,1,-1,0,unknown,0,young
blue-collar,married,secondary,no,217,no,no,cellular,18,aug,4,-1,0,unknown,0,older
technician,single,tertiary,no,1407,no,no,cellular,4,jun,1,170,6,failure,0,young
technician,married,secondary,no,275,no,no,cellular,29,dec,4,-1,0,unknown,0,older
admin.,single,tertiary,no,114,no,no,cellular,9,jul,1,-1,0,unknown,0,young
blue-collar,divorced,primary,no,0,yes,no,cellular,19,may,2,270,3,other,0,older
technician,married,primary,no,114,yes,no,cellular,4,may,2,349,3,failure,0,older
management,single,secondary,no,749,yes,no,cellular,6,jun,2,157,1,failure,0,young
blue-collar,married,secondary,no,857,no,no,cellular,31,aug,6,-1,0,unknown,0,older
technician,divorced,secondary,yes,-800,yes,no,cellular,23,feb,6,-1,0,unknown,0,young
services,single,secondary,no,352,yes,no,cellular,3,apr,1,223,4,failure,0,young
admin.,married,secondary,no,0,yes,no,cellular,29,feb,6,-1,0,unknown,0,older
blue-collar,married,tertiary,no,-442,no,yes,cellular,20,jul,2,-1,0,unknown,0,young
services,single,tertiary,no,532,no,no,unknown,19,mar,7,-1,0,unknown,0,young
admin.,single,secondary,no,85,yes,no,cellular,6,may,1,-1,0,unknown,0,young
blue-collar,divorced,secondary,no,3631,yes,no,unknown,30,may,1,-1,0,unknown,1,young
admin.,married,secondary,no,217,no,no,cellular,15,apr,2,-1,0,unknown,0,older
management,married,secondary,no,1227,yes,no,cellular,21,apr,2,-1,0,unknown,0,young
management,single,tertiary,no,124,no,no,cellular,17,feb,7,-1,0,unknown,0,young
admin.,married,primary,no,575,no,no,unknown,13,may,1,-1,0,unknown,0,older
management,divorced,tertiary,no,1354,yes,yes,cellular,23,feb,1,-1,0,unknown,1,young
technician,single,secondary,no,1503,no,no,cellular,14,aug,1,-1,0,unknown,0,older
management,divorced,tertiary,no,906,yes,no,unknown,7,mar,1,-1,0,unknown,0,older
technician,divorced,secondary,no,990,no,no,cellular,21,aug,2,-1,0,unknown,0,young
management,married,tertiary,no,1609,no,no,cellular,8,feb,2,-1,0,unknown,1,young
blue-collar,married,secondary,no,490,yes,no,cellular,7,jul,2,-1,0,unknown,0,young
admin.,single,secondary,no,283,yes,no,cellular,5,may,2,-1,0,unknown,0,young
technician,single,secondary,no,0,no,no,cellular,3,jun,3,-1,0,unknown,0,young
blue-collar,single,secondary,no,0,no,no,unknown,3,jul,2,-1,0,unknown,0,older
management,married,tertiary,no,13,no,no,unknown,27,may,2,-1,0,unknown,0,young
blue-collar,married,primary,no,0,no,no,cellular,9,jun,2,-1,0,unknown,0,young
blue-collar,married,secondary,yes,-81,no,no,unknown,20,may,2,-1,0,unknown,0,older
admin.,married,tertiary,no,796,yes,no,cellular,16,aug,1,-1,0,unknown,0,young
management,divorced,tertiary,no,482,no,no,unknown,2,jul,2,-1,0,unknown,0,older
retired,married,tertiary,no,0,no,no,unknown,21,jun,7,-1,0,unknown,0,older
technician,single,secondary,no,593,yes,no,unknown,15,may,1,-1,0,unknown,0,young
services,married,secondary,no,222,yes,yes,unknown,19,may,3,-1,0,unknown,0,older
management,married,tertiary,no,1269,yes,no,telephone,16,may,1,-1,0,unknown,0,older
management,single,secondary,no,283,yes,no,cellular,18,jul,2,-1,0,unknown,0,young
admin.,married,secondary,no,0,yes,yes,cellular,6,may,3,-1,0,unknown,0,older
self-employed,single,secondary,no,1071,yes,yes,unknown,14,jun,2,-1,0,unknown,0,young
management,married,tertiary,no,0,yes,no,cellular,7,jul,1,-1,0,unknown,0,older
services,married,primary,no,239,no,no,cellular,7,aug,1,-1,0,unknown,0,older
technician,divorced,secondary,no,11,yes,no,unknown,7,may,2,-1,0,unknown,0,older
blue-collar,married,primary,no,337,yes,no,cellular,28,may,1,-1,0,unknown,0,older
blue-collar,divorced,primary,no,-488,yes,no,cellular,8,may,5,197,10,other,0,young
unknown,single,tertiary,no,8404,no,no,telephone,13,nov,1,-1,0,unknown,0,young
blue-collar,single,primary,no,-214,yes,yes,cellular,5,may,1,-1,0,unknown,0,young
technician,divorced,secondary,no,0,yes,no,cellular,16,may,1,346,8,failure,0,young
admin.,married,unknown,no,1010,yes,no,cellular,18,jul,2,349,2,failure,0,young
management,single,tertiary,no,883,yes,no,cellular,5,jun,2,-1,0,unknown,0,young
management,single,tertiary,no,7033,yes,no,cellular,4,jan,1,-1,0,unknown,1,young
technician,divorced,secondary,no,3174,no,no,unknown,11,jun,2,-1,0,unknown,0,older
technician,single,secondary,no,153,yes,no,unknown,17,mar,2,-1,0,unknown,0,young
blue-collar,married,primary,no,0,yes,no,cellular,11,may,2,-1,0,unknown,0,older
self-employed,married,secondary,no,6304,yes,no,cellular,6,nov,1,216,2,failure,0,older
management,married,tertiary,no,-41,yes,no,cellular,3,jun,6,-1,0,unknown,0,young
management,married,tertiary,no,1333,no,no,cellular,29,dec,2,-1,0,unknown,0,young
blue-collar,married,secondary,no,285,no,yes,telephone,19,nov,1,-1,0,unknown,0,older
blue-collar,married,secondary,no,1416,yes,no,cellular,20,may,1,433,1,failure,0,older
blue-collar,married,primary,no,4861,no,no,cellular,14,aug,1,-1,0,unknown,0,older
technician,married,secondary,no,98,yes,no,cellular,11,feb,10,-1,0,unknown,0,young
management,single,secondary,no,643,yes,no,telephone,24,apr,2,-1,0,unknown,0,young
admin.,married,secondary,no,0,yes,yes,cellular,17,jul,2,-1,0,unknown,0,young
blue-collar,divorced,primary,no,-2,yes,no,unknown,7,may,2,-1,0,unknown,0,young
management,single,tertiary,no,0,yes,yes,cellular,21,may,2,-1,0,unknown,0,young
technician,single,secondary,no,2171,yes,yes,cellular,21,nov,4,-1,0,unknown,0,older
blue-collar,married,primary,no,416,yes,no,unknown,29,may,3,-1,0,unknown,0,older
management,married,tertiary,no,2398,yes,no,cellular,5,may,1,-1,0,unknown,0,young
blue-collar,divorced,secondary,no,-460,yes,no,cellular,12,may,2,-1,0,unknown,0,young
blue-collar,single,secondary,no,802,yes,yes,cellular,13,may,2,-1,0,unknown,0,older
admin.,single,secondary,no,0,yes,no,cellular,12,may,1,-1,0,unknown,0,young
management,single,tertiary,no,148,no,no,cellular,18,feb,3,-1,0,unknown,0,young
admin.,single,secondary,no,206,no,no,cellular,21,jul,1,-1,0,unknown,0,young
blue-collar,divorced,secondary,no,830,yes,yes,cellular,11,may,1,182,4,failure,0,young
technician,married,secondary,no,215,yes,no,unknown,15,may,1,-1,0,unknown,0,young
student,married,secondary,no,45,yes,no,unknown,11,may,2,-1,0,unknown,0,older
blue-collar,married,secondary,no,415,yes,no,cellular,16,may,1,194,1,failure,0,young
management,married,tertiary,no,297,no,no,cellular,8,aug,1,181,14,failure,0,older
retired,married,secondary,no,4395,yes,no,unknown,15,may,1,-1,0,unknown,0,older
admin.,married,secondary,no,261,yes,no,unknown,14,may,1,-1,0,unknown,0,young
technician,single,secondary,no,472,yes,no,telephone,17,may,3,172,7,failure,0,older
technician,married,secondary,no,1239,no,no,cellular,21,apr,4,-1,0,unknown,0,young
management,married,secondary,no,438,no,no,cellular,29,apr,1,187,2,failure,1,older
management,married,secondary,no,-1160,yes,yes,cellular,7,jul,2,-1,0,unknown,0,young
management,married,tertiary,no,2766,no,no,telephone,21,jan,6,-1,0,unknown,0,young
technician,married,secondary,no,4155,yes,no,unknown,19,jul,5,-1,0,unknown,0,older
management,married,primary,no,856,no,no,cellular,16,may,3,88,4,other,0,older
entrepreneur,married,secondary,no,2040,yes,no,cellular,14,may,2,382,3,failure,1,young
retired,single,tertiary,no,542,no,no,cellular,6,aug,3,-1,0,unknown,0,young
management,divorced,secondary,no,0,yes,no,cellular,6,aug,6,-1,0,unknown,0,older
housemaid,married,secondary,no,1627,no,no,cellular,18,aug,8,-1,0,unknown,0,older
management,married,secondary,no,0,yes,no,cellular,17,apr,1,-1,0,unknown,0,young
entrepreneur,married,secondary,no,0,yes,no,cellular,18,may,1,239,2,failure,0,older
services,married,tertiary,no,1394,no,no,cellular,28,aug,5,-1,0,unknown,0,young
services,married,secondary,no,591,no,no,cellular,14,may,3,-1,0,unknown,0,young
admin.,single,tertiary,no,699,yes,no,cellular,8,nov,1,196,0,success,0,young
services,married,tertiary,no,1287,no,no,cellular,24,aug,6,-1,0,unknown,0,young
technician,single,unknown,no,277,yes,no,cellular,15,may,2,-1,0,unknown,0,young
management,married,tertiary,no,221,yes,no,cellular,15,nov,1,-1,0,unknown,0,older
management,married,tertiary,no,301,yes,no,cellular,20,jan,3,-1,0,unknown,1,older
management,single,tertiary,no,261,yes,no,cellular,3,may,4,326,3,other,1,young
unknown,married,unknown,no,1473,no,no,unknown,10,may,5,-1,0,unknown,0,older
technician,single,secondary,no,2354,yes,no,cellular,5,may,1,-1,0,unknown,1,young
technician,married,secondary,no,6681,no,no,cellular,20,may,1,370,2,failure,0,young
blue-collar,divorced,secondary,no,331,yes,yes,cellular,13,jul,3,-1,0,unknown,0,older
blue-collar,married,secondary,no,242,yes,no,cellular,28,jul,1,-1,0,unknown,0,young
technician,married,secondary,no,549,no,no,unknown,5,jun,1,-1,0,unknown,0,young
retired,divorced,secondary,no,-73,yes,no,cellular,7,jul,1,-1,0,unknown,0,young
admin.,single,secondary,no,2306,yes,no,cellular,7,may,1,161,3,failure,0,young
admin.,single,secondary,no,3173,no,no,telephone,27,apr,2,-1,0,unknown,0,older
technician,married,secondary,no,437,no,no,cellular,4,feb,3,297,1,success,1,older
services,married,secondary,no,315,no,no,cellular,21,apr,5,-1,0,unknown,1,older
blue-collar,divorced,secondary,no,121,no,no,cellular,4,feb,2,-1,0,unknown,0,older
blue-collar,single,unknown,no,164,no,no,unknown,29,may,1,-1,0,unknown,0,young
technician,married,secondary,no,43,no,yes,cellular,2,jan,2,-1,0,unknown,0,young
technician,divorced,secondary,no,0,yes,no,cellular,11,may,2,-1,0,unknown,0,older
technician,single,tertiary,no,363,yes,yes,cellular,18,may,1,363,2,other,0,young
technician,single,tertiary,no,1727,no,no,cellular,16,nov,3,151,8,failure,0,older
management,married,tertiary,no,905,no,no,telephone,9,may,4,-1,0,unknown,0,older
technician,single,tertiary,no,-377,no,yes,cellular,11,apr,1,-1,0,unknown,0,young
blue-collar,single,secondary,no,518,yes,no,cellular,16,may,2,-1,0,unknown,0,young
blue-collar,married,secondary,no,32,yes,no,cellular,19,may,1,-1,0,unknown,0,young
technician,divorced,tertiary,no,1503,no,no,cellular,18,apr,1,-1,0,unknown,0,young
blue-collar,married,secondary,no,195,no,no,cellular,29,jan,3,-1,0,unknown,0,older
management,married,primary,no,412,yes,yes,cellular,16,aug,3,-1,0,unknown,0,older
retired,single,primary,no,-74,no,yes,cellular,26,jan,8,-1,0,unknown,0,young
services,single,secondary,no,619,no,no,cellular,21,aug,5,-1,0,unknown,0,young
services,single,secondary,no,-255,no,no,cellular,13,may,1,-1,0,unknown,0,older
management,married,secondary,no,1876,yes,no,cellular,25,feb,5,-1,0,unknown,1,young
management,single,tertiary,no,3268,no,no,cellular,19,aug,6,-1,0,unknown,0,older
technician,single,secondary,no,-18,no,no,cellular,16,jul,1,-1,0,unknown,0,older
blue-collar,married,secondary,no,1604,yes,no,cellular,19,jan,2,-1,0,unknown,1,young
technician,single,secondary,no,850,no,no,cellular,11,feb,2,-1,0,unknown,0,young
technician,married,secondary,no,337,yes,no,cellular,9,may,4,-1,0,unknown,0,older
unemployed,married,secondary,no,3060,no,no,cellular,12,may,1,-1,0,unknown,0,older
blue-collar,married,primary,no,6773,yes,no,cellular,22,may,5,-1,0,unknown,0,young
admin.,single,secondary,no,58,no,no,cellular,25,feb,1,67,4,success,1,older
retired,divorced,secondary,no,10850,no,no,telephone,8,jun,2,-1,0,unknown,0,older
management,married,primary,no,1593,no,no,cellular,19,aug,1,-1,0,unknown,0,older
blue-collar,married,primary,no,387,yes,no,unknown,3,may,7,-1,0,unknown,0,older
technician,married,secondary,no,238,yes,no,unknown,27,may,4,-1,0,unknown,0,young
technician,married,secondary,no,1003,no,no,telephone,29,apr,4,-1,0,unknown,0,young
management,married,tertiary,no,340,yes,no,cellular,13,apr,2,-1,0,unknown,0,older
admin.,married,secondary,no,2757,no,no,unknown,14,may,1,-1,0,unknown,0,older
management,single,tertiary,no,3850,no,no,cellular,14,oct,1,7,3,success,1,older
blue-collar,married,primary,no,744,yes,no,telephone,31,jul,17,-1,0,unknown,0,older
technician,married,tertiary,no,546,yes,no,cellular,4,jul,1,-1,0,unknown,0,young
management,married,tertiary,no,0,yes,yes,cellular,17,aug,2,-1,0,unknown,0,young
blue-collar,married,unknown,no,9859,yes,no,unknown,12,may,2,-1,0,unknown,0,older
blue-collar,married,primary,no,147,yes,no,unknown,6,may,4,-1,0,unknown,0,young
student,married,secondary,no,4857,yes,no,unknown,2,may,1,-1,0,unknown,0,older
services,married,secondary,no,-415,yes,yes,unknown,23,may,9,-1,0,unknown,0,young
blue-collar,married,secondary,no,104,yes,no,cellular,6,may,2,-1,0,unknown,0,young
unemployed,divorced,secondary,no,4871,no,no,cellular,7,aug,1,-1,0,unknown,0,older
blue-collar,single,secondary,no,104,yes,no,telephone,17,jul,4,305,2,other,0,young
admin.,married,secondary,no,442,no,no,cellular,23,apr,1,-1,0,unknown,0,older
admin.,married,secondary,no,839,no,no,telephone,28,oct,2,-1,0,unknown,0,older
blue-collar,divorced,primary,no,0,no,no,telephone,4,feb,1,-1,0,unknown,0,older
management,single,tertiary,no,404,no,no,cellular,5,oct,1,-1,0,unknown,1,young
technician,married,secondary,no,-487,yes,no,cellular,14,jul,1,-1,0,unknown,0,older
management,married,tertiary,no,-333,no,no,unknown,3,jul,1,-1,0,unknown,0,young
management,divorced,tertiary,no,985,yes,no,cellular,11,may,2,305,8,other,0,older
blue-collar,divorced,primary,no,5,yes,no,cellular,12,may,2,351,3,other,0,older
services,divorced,secondary,no,224,no,no,cellular,15,aug,4,126,4,failure,0,older
services,married,unknown,no,-225,no,no,unknown,26,jul,2,-1,0,unknown,0,older
technician,married,secondary,no,2365,yes,no,cellular,19,aug,1,-1,0,unknown,0,young
retired,single,secondary,no,0,yes,no,cellular,3,jul,4,-1,0,unknown,0,young
services,married,secondary,no,4198,yes,no,telephone,17,nov,1,183,1,failure,0,older
technician,married,secondary,no,3871,yes,no,cellular,14,apr,2,-1,0,unknown,0,young
admin.,married,tertiary,no,208,no,no,cellular,30,aug,1,-1,0,unknown,0,young
blue-collar,married,secondary,no,775,yes,yes,unknown,12,jul,2,-1,0,unknown,0,young
services,married,secondary,no,161,yes,yes,cellular,15,nov,1,-1,0,unknown,0,older
management,married,secondary,no,26,no,no,unknown,15,jun,2,-1,0,unknown,0,young
blue-collar,married,primary,no,176,yes,no,unknown,27,jun,3,-1,0,unknown,0,older
admin.,single,secondary,no,276,no,yes,cellular,25,apr,1,-1,0,unknown,0,older
technician,single,secondary,no,0,yes,no,cellular,18,apr,4,352,22,other,0,young
management,married,tertiary,no,3876,no,no,cellular,5,aug,3,-1,0,unknown,0,older
blue-collar,married,secondary,no,131,no,yes,cellular,28,jul,1,-1,0,unknown,0,older
blue-collar,married,primary,no,-268,no,no,unknown,7,may,1,-1,0,unknown,0,young
self-employed,married,secondary,no,511,yes,no,cellular,9,may,1,330,1,failure,0,young
technician,single,secondary,no,-7110,no,yes,cellular,29,dec,5,-1,0,unknown,0,young
self-employed,married,tertiary,no,355,yes,no,unknown,4,may,2,-1,0,unknown,0,older
blue-collar,married,secondary,no,17,yes,no,unknown,5,may,1,-1,0,unknown,0,young
management,single,tertiary,no,150,yes,no,cellular,14,may,1,246,2,failure,0,young
management,married,primary,no,398,no,no,cellular,5,aug,2,-1,0,unknown,1,older
technician,married,unknown,no,2502,no,no,cellular,28,jul,1,-1,2,other,1,older
management,single,secondary,no,371,no,no,cellular,29,may,1,-1,0,unknown,0,older
blue-collar,divorced,primary,no,261,no,no,cellular,31,jul,1,-1,0,unknown,0,older
management,married,secondary,no,903,yes,no,cellular,17,oct,1,-1,1,other,0,young
management,married,tertiary,no,2152,no,no,cellular,29,feb,2,-1,0,unknown,0,older
admin.,married,secondary,no,25,no,no,cellular,5,jul,1,-1,0,unknown,0,young
blue-collar,married,secondary,no,3066,yes,no,unknown,25,may,2,-1,0,unknown,0,young
technician,married,secondary,no,238,no,no,cellular,19,feb,3,-1,0,unknown,0,older
management,married,tertiary,no,489,yes,no,unknown,23,jun,12,-1,0,unknown,0,young
services,married,secondary,no,7493,no,no,cellular,6,feb,2,-1,0,unknown,0,older
retired,divorced,secondary,no,185,yes,no,cellular,2,jul,1,346,2,failure,0,older
management,single,tertiary,no,86,no,no,cellular,4,feb,1,-1,5,success,1,young
self-employed,divorced,secondary,no,616,no,no,unknown,4,jul,2,-1,0,unknown,1,older
self-employed,single,secondary,no,1012,no,yes,cellular,30,jul,1,-1,0,unknown,1,older
blue-collar,married,secondary,no,402,no,no,cellular,27,jan,1,-1,0,unknown,0,young
admin.,married,secondary,no,499,no,yes,cellular,11,jul,1,-1,0,unknown,0,older
admin.,married,secondary,no,403,yes,yes,unknown,16,may,2,-1,0,unknown,0,older
management,single,secondary,no,239,yes,no,unknown,8,may,1,-1,0,unknown,0,young
admin.,divorced,primary,no,341,yes,no,cellular,16,may,1,-1,0,unknown,0,older
technician,married,secondary,no,648,yes,no,cellular,13,may,5,364,1,failure,0,young
technician,single,secondary,no,104,yes,no,cellular,4,may,1,-1,0,unknown,0,young
management,single,tertiary,no,1882,yes,no,cellular,16,jul,4,365,2,failure,0,young
admin.,single,secondary,no,265,yes,no,cellular,5,jul,3,-1,0,unknown,0,young
technician,married,secondary,no,4139,yes,no,cellular,21,feb,2,-1,0,unknown,0,young
management,married,tertiary,no,3,yes,no,cellular,6,jul,1,-1,0,unknown,0,young
retired,divorced,tertiary,no,830,no,no,cellular,4,may,4,-1,0,unknown,1,older
blue-collar,single,primary,no,0,yes,no,cellular,5,jul,1,-1,0,unknown,0,young
blue-collar,married,primary,no,1864,yes,no,unknown,27,may,1,-1,0,unknown,0,older
student,married,secondary,no,476,yes,no,unknown,30,may,1,-1,0,unknown,0,young
management,married,primary,no,1594,no,no,unknown,6,jun,1,-1,0,unknown,0,older
self-employed,divorced,secondary,no,992,yes,no,cellular,6,may,4,-1,0,unknown,0,older
self-employed,married,primary,yes,31,no,no,unknown,20,jul,3,-1,0,unknown,0,older
blue-collar,married,primary,no,0,yes,yes,cellular,20,aug,1,296,1,failure,0,older
technician,single,tertiary,no,223,yes,no,cellular,8,may,4,-1,0,unknown,0,young
management,single,tertiary,no,19,no,no,cellular,28,aug,5,-1,0,unknown,0,young
student,married,secondary,no,7859,no,no,telephone,21,nov,1,-1,0,unknown,0,older
retired,married,tertiary,no,366,no,yes,unknown,16,jun,6,-1,0,unknown,0,young
blue-collar,married,unknown,no,2,yes,no,unknown,29,may,2,-1,0,unknown,0,older
blue-collar,single,secondary,no,111,yes,no,unknown,20,may,1,-1,0,unknown,0,young
blue-collar,single,secondary,no,0,no,no,cellular,22,jan,1,-1,0,unknown,0,young
blue-collar,married,unknown,no,1623,yes,no,cellular,20,apr,3,-1,0,unknown,0,older
blue-collar,married,secondary,no,0,yes,no,unknown,9,may,4,-1,0,unknown,0,young
admin.,married,primary,no,867,yes,no,cellular,2,jun,1,338,3,failure,0,young
blue-collar,married,secondary,no,1497,yes,yes,cellular,19,nov,1,174,1,failure,0,older
management,married,unknown,no,175,yes,no,cellular,20,nov,2,306,2,failure,0,older
management,divorced,secondary,yes,-437,no,no,cellular,9,may,4,-1,0,unknown,1,older
management,married,tertiary,no,952,yes,yes,cellular,20,may,2,-1,0,unknown,0,older
technician,single,tertiary,no,9596,no,no,cellular,6,nov,2,-1,0,unknown,0,older
admin.,married,secondary,no,41,no,yes,cellular,15,feb,6,-1,0,unknown,0,older
management,married,secondary,no,1078,yes,no,unknown,6,may,2,-1,0,unknown,0,older
blue-collar,divorced,secondary,no,164,yes,no,unknown,7,may,3,-1,0,unknown,0,older
technician,married,secondary,no,1689,no,no,cellular,11,aug,3,-1,0,unknown,0,older
blue-collar,single,secondary,no,813,yes,no,cellular,14,may,2,-1,0,unknown,0,young
services,married,secondary,no,1045,yes,no,unknown,2,jun,5,-1,0,unknown,0,young
blue-collar,single,primary,no,0,yes,no,telephone,17,may,2,-1,0,unknown,0,older
entrepreneur,married,primary,no,4237,yes,yes,telephone,19,jun,1,-1,0,unknown,0,older
blue-collar,married,primary,no,765,yes,no,unknown,28,may,2,-1,0,unknown,0,young
technician,single,secondary,no,971,yes,no,cellular,11,may,1,264,4,failure,0,young
admin.,married,secondary,no,925,yes,yes,cellular,15,may,1,258,2,failure,0,young
blue-collar,married,primary,no,0,no,no,unknown,28,may,2,-1,0,unknown,0,older
admin.,single,secondary,no,460,yes,yes,cellular,7,may,2,297,0,failure,0,young
services,married,secondary,no,789,yes,no,unknown,15,may,1,-1,0,unknown,0,young
management,married,tertiary,no,5772,no,no,cellular,17,jul,2,181,1,success,0,older
services,married,tertiary,no,1650,no,no,unknown,29,may,2,-1,0,unknown,0,older
technician,married,secondary,no,2,no,no,cellular,7,aug,3,-1,0,unknown,0,older
services,married,secondary,no,444,yes,no,cellular,7,jul,1,-1,0,unknown,0,young
technician,married,secondary,no,3,yes,no,telephone,19,may,6,335,4,failure,0,older
management,married,secondary,no,34,yes,yes,cellular,19,apr,1,-1,0,unknown,0,young
blue-collar,married,primary,no,107,yes,no,cellular,14,may,2,-1,0,unknown,0,young
blue-collar,single,primary,no,3211,no,no,cellular,13,jun,2,209,2,failure,0,older
admin.,married,secondary,no,988,yes,no,cellular,28,apr,1,302,2,failure,1,older
management,married,tertiary,no,511,yes,no,cellular,12,may,1,-1,0,unknown,0,young
management,married,secondary,no,72,no,yes,cellular,28,feb,10,-1,0,unknown,0,older
retired,single,secondary,no,236,yes,no,cellular,28,jul,4,-1,0,unknown,0,young
student,single,primary,no,2,no,no,cellular,4,aug,1,-1,0,unknown,0,older
blue-collar,married,secondary,no,202,yes,yes,telephone,18,feb,8,-1,0,unknown,0,older
blue-collar,married,primary,no,4081,yes,no,cellular,31,feb,2,115,2,other,1,older
management,single,primary,no,37,yes,no,cellular,7,may,2,351,4,failure,0,young
blue-collar,married,primary,no,395,yes,no,unknown,12,may,1,-1,0,unknown,0,young
management,single,secondary,no,414,yes,yes,unknown,5,jun,4,-1,0,unknown,0,young
technician,married,secondary,no,0,yes,no,cellular,15,feb,5,364,2,failure,0,young
services,married,tertiary,no,353,yes,no,cellular,17,jun,6,199,3,other,0,older
retired,single,unknown,no,737,no,no,cellular,21,feb,3,-1,0,unknown,0,young
admin.,married,secondary,no,1839,no,no,cellular,5,dec,2,-1,0,unknown,0,older
services,single,tertiary,no,356,yes,no,cellular,11,apr,2,-1,0,unknown,0,young
blue-collar,married,primary,no,87,yes,no,unknown,20,may,3,-1,0,unknown,0,young
blue-collar,married,primary,no,848,yes,no,unknown,17,may,5,-1,0,unknown,0,young
retired,single,secondary,no,300,yes,no,unknown,14,may,1,-1,0,unknown,0,young
technician,married,secondary,no,644,yes,no,telephone,6,may,1,264,0,other,0,young
self-employed,divorced,secondary,no,393,no,no,cellular,22,jul,3,-1,0,unknown,1,young
blue-collar,married,secondary,no,0,yes,no,cellular,6,may,1,-1,0,unknown,0,older
technician,single,tertiary,no,567,no,no,cellular,3,aug,1,167,2,success,0,young
technician,single,secondary,no,-519,yes,no,cellular,13,may,2,-1,0,unknown,0,young
blue-collar,married,primary,no,2892,yes,no,unknown,15,may,1,-1,0,unknown,0,older
blue-collar,single,secondary,no,355,yes,no,unknown,28,may,1,-1,0,unknown,0,young
blue-collar,married,secondary,no,426,yes,no,unknown,12,may,2,-1,0,unknown,0,young
management,single,secondary,no,0,yes,no,cellular,17,apr,2,349,2,failure,0,young
blue-collar,married,primary,no,1852,no,yes,cellular,15,apr,1,91,5,success,0,older
technician,single,secondary,no,1227,no,no,cellular,27,apr,1,206,4,success,1,young
technician,married,primary,no,315,yes,no,cellular,13,apr,1,-1,0,unknown,0,older
technician,single,secondary,no,0,yes,no,cellular,11,jun,1,298,7,other,1,young
blue-collar,married,primary,no,382,yes,no,cellular,26,apr,3,-1,0,unknown,0,young
self-employed,single,primary,no,654,no,no,cellular,11,jan,2,-1,0,unknown,0,young
blue-collar,single,secondary,no,1161,yes,no,cellular,12,feb,2,-1,0,unknown,0,older
management,married,secondary,no,219,no,no,cellular,31,jul,1,-1,0,unknown,0,older
self-employed,married,primary,no,139,no,no,unknown,3,jun,5,-1,0,unknown,0,older
technician,single,secondary,no,1354,yes,no,cellular,9,apr,2,-1,0,unknown,0,young
technician,single,secondary,no,799,no,no,cellular,6,aug,2,-1,0,unknown,0,young
management,divorced,secondary,no,1577,no,no,cellular,18,apr,1,-1,0,unknown,0,older
management,single,secondary,no,421,yes,no,cellular,7,jul,3,-1,0,unknown,0,young
services,married,secondary,yes,146,no,no,cellular,7,aug,4,-1,0,unknown,0,older
blue-collar,divorced,secondary,no,48,yes,no,unknown,13,may,6,-1,0,unknown,0,young
management,single,tertiary,no,234,no,no,cellular,9,feb,3,-1,0,unknown,1,young
management,married,secondary,no,-6610,yes,yes,cellular,20,may,2,248,1,failure,0,older
services,single,tertiary,no,270,no,no,telephone,14,jul,2,101,1,failure,0,young
blue-collar,married,secondary,no,1814,yes,no,unknown,23,may,11,-1,0,unknown,0,older
technician,married,secondary,no,-393,yes,yes,unknown,26,may,1,-1,0,unknown,0,young
management,single,tertiary,no,339,no,no,unknown,18,jun,6,-1,0,unknown,0,older
management,married,tertiary,no,476,yes,no,unknown,12,may,2,-1,0,unknown,0,older
management,single,tertiary,no,1435,yes,no,cellular,29,jul,2,-1,0,unknown,1,young
blue-collar,married,secondary,no,1414,yes,yes,telephone,12,jul,1,367,2,failure,0,older
management,single,tertiary,no,1011,yes,no,cellular,12,may,1,-1,0,unknown,0,young
blue-collar,married,secondary,no,-555,yes,no,unknown,29,may,3,-1,0,unknown,0,young
technician,single,secondary,no,2781,yes,no,unknown,5,jun,3,-1,0,unknown,0,young
blue-collar,married,secondary,no,2566,yes,no,cellular,12,nov,1,-1,0,unknown,0,young
retired,single,secondary,no,13,no,no,cellular,16,aug,2,-1,0,unknown,0,older
services,married,primary,no,219,yes,no,cellular,26,aug,2,-1,0,unknown,0,older
services,married,secondary,no,-301,yes,no,cellular,8,jul,6,-1,0,unknown,0,young
management,married,tertiary,no,1479,yes,no,cellular,8,jul,2,-1,0,unknown,0,older
blue-collar,married,primary,no,410,no,yes,cellular,7,aug,2,-1,0,unknown,0,older
entrepreneur,married,tertiary,no,3910,yes,no,cellular,7,aug,1,427,4,failure,0,young
management,married,primary,no,40,no,yes,unknown,3,may,1,-1,0,unknown,0,older
technician,single,secondary,no,2017,yes,no,cellular,17,may,2,356,2,other,0,young
technician,single,secondary,no,375,no,no,cellular,18,nov,1,-1,0,unknown,1,young
blue-collar,married,secondary,no,1190,yes,no,unknown,14,may,1,-1,0,unknown,0,young
unemployed,married,tertiary,no,0,no,no,cellular,17,aug,6,-1,0,unknown,1,older
admin.,single,secondary,no,212,yes,no,cellular,29,jun,4,-1,0,unknown,0,young
technician,married,secondary,no,513,no,no,cellular,4,aug,7,-1,0,unknown,1,young
management,married,tertiary,no,53,yes,yes,unknown,21,may,5,-1,0,unknown,0,young
management,married,primary,yes,-1,no,no,cellular,28,aug,3,-1,0,unknown,0,older
blue-collar,divorced,primary,no,331,yes,no,cellular,17,nov,2,-1,0,unknown,1,young
services,married,secondary,no,1837,no,no,unknown,15,jul,10,-1,0,unknown,0,older
management,single,tertiary,no,3316,no,no,cellular,9,sep,2,-1,3,failure,1,young
admin.,single,secondary,no,714,yes,no,unknown,3,may,1,-1,0,unknown,1,young
technician,married,secondary,no,76,yes,no,unknown,15,may,2,-1,0,unknown,0,older
services,single,secondary,no,1006,yes,no,unknown,8,may,2,-1,0,unknown,0,young
technician,single,tertiary,no,2177,yes,no,cellular,27,jan,5,-1,0,unknown,0,young
technician,married,secondary,no,2,no,no,cellular,5,aug,3,-1,0,unknown,0,older
technician,single,secondary,no,97,no,no,cellular,16,jan,1,-1,0,unknown,1,young
blue-collar,married,unknown,no,-3,no,no,unknown,5,jul,1,-1,0,unknown,0,older
admin.,married,secondary,no,0,yes,no,cellular,21,jun,1,-1,0,unknown,1,older
student,married,secondary,no,3324,yes,no,cellular,24,apr,1,168,6,success,1,older
management,single,tertiary,no,77,yes,no,cellular,8,feb,4,-1,0,unknown,1,young
technician,single,secondary,no,1973,no,no,telephone,3,jul,1,-1,0,unknown,0,young
blue-collar,married,secondary,no,306,yes,no,unknown,30,may,5,-1,0,unknown,0,young
blue-collar,married,primary,no,157,yes,yes,unknown,28,may,5,-1,0,unknown,0,young
services,married,secondary,no,876,yes,no,cellular,21,aug,8,-1,0,unknown,0,young
technician,single,tertiary,no,298,no,no,cellular,28,aug,2,-1,0,unknown,0,young
blue-collar,married,unknown,no,632,yes,no,unknown,12,may,9,-1,0,unknown,0,young
blue-collar,married,secondary,no,0,yes,no,unknown,3,may,1,-1,0,unknown,0,older
blue-collar,married,primary,no,642,yes,yes,cellular,21,aug,3,-1,0,unknown,0,older
technician,married,secondary,no,-72,yes,no,cellular,10,jan,2,-1,0,unknown,0,young
technician,married,secondary,no,421,yes,no,cellular,21,feb,3,-1,0,unknown,0,young
self-employed,married,tertiary,no,349,no,no,unknown,8,may,2,-1,0,unknown,0,young
admin.,divorced,secondary,no,745,no,no,unknown,18,may,2,-1,0,unknown,0,older
blue-collar,single,secondary,no,2,no,yes,cellular,8,jun,2,-1,0,unknown,0,young
technician,married,secondary,no,154,yes,no,cellular,29,feb,3,-1,0,unknown,0,young
blue-collar,married,secondary,no,508,yes,yes,unknown,27,may,9,-1,0,unknown,0,young
management,single,tertiary,no,1994,yes,no,cellular,27,jul,2,-1,0,unknown,0,young
management,single,tertiary,no,0,no,no,cellular,6,may,1,-1,0,unknown,0,young
technician,married,tertiary,no,251,no,no,cellular,3,jun,3,265,2,success,1,older
admin.,divorced,secondary,no,105,no,yes,unknown,20,may,2,-1,0,unknown,0,young
retired,single,primary,no,5227,yes,no,unknown,29,may,2,-1,0,unknown,0,older
technician,married,secondary,no,4084,yes,no,cellular,12,may,1,369,1,failure,0,young
management,married,tertiary,no,9343,yes,no,unknown,7,may,1,-1,0,unknown,0,young
technician,married,primary,no,273,yes,no,cellular,19,oct,1,-1,0,unknown,0,older
blue-collar,married,secondary,no,-337,no,yes,unknown,21,jan,1,-1,0,unknown,0,older
admin.,divorced,secondary,no,275,no,no,cellular,25,may,1,174,8,success,1,older
management,single,secondary,no,4427,yes,no,cellular,15,apr,1,-1,0,unknown,0,young
entrepreneur,married,tertiary,no,-152,yes,no,cellular,20,may,1,355,1,other,0,young
admin.,married,secondary,no,527,yes,no,unknown,8,may,1,-1,0,unknown,1,young
technician,married,secondary,no,31,no,no,unknown,18,may,2,-1,0,unknown,0,older
services,divorced,secondary,no,331,no,no,cellular,29,aug,2,-1,0,unknown,0,older
blue-collar,married,secondary,no,18,yes,yes,unknown,28,may,1,-1,0,unknown,0,older
blue-collar,married,secondary,no,0,no,no,cellular,4,feb,1,-1,0,unknown,0,young
housemaid,married,tertiary,no,1377,yes,no,cellular,13,apr,1,-1,0,unknown,1,young
blue-collar,single,primary,no,432,no,no,cellular,21,may,5,-1,0,unknown,0,young
management,divorced,tertiary,no,381,no,no,cellular,19,mar,1,188,2,success,1,young
self-employed,married,primary,no,138,no,no,cellular,28,aug,13,-1,0,unknown,0,older
technician,single,secondary,no,346,no,no,cellular,7,feb,4,-1,0,unknown,1,young
admin.,single,secondary,no,1778,no,no,cellular,18,jul,1,183,3,success,1,older
student,single,secondary,no,62,yes,no,cellular,15,may,2,-1,0,unknown,0,young
services,divorced,unknown,no,863,yes,no,cellular,4,jan,3,335,2,other,1,young
technician,divorced,tertiary,no,582,yes,no,unknown,17,jun,2,-1,0,unknown,0,older
blue-collar,single,secondary,no,5,no,no,cellular,19,nov,1,245,2,failure,1,young
management,married,tertiary,no,86,yes,yes,cellular,9,aug,1,184,1,failure,0,young
technician,married,secondary,no,-94,yes,no,cellular,13,may,2,-1,0,unknown,0,young
blue-collar,married,secondary,no,199,yes,no,cellular,16,may,1,-1,0,unknown,0,young
management,married,tertiary,no,673,no,yes,cellular,16,jul,1,-1,0,unknown,0,young
student,married,secondary,no,657,no,yes,cellular,6,jul,2,-1,0,unknown,0,older
management,single,tertiary,no,1189,yes,no,unknown,5,may,1,-1,0,unknown,0,young
management,married,tertiary,no,1113,yes,no,cellular,27,apr,4,-1,0,unknown,0,young
blue-collar,married,primary,no,204,yes,no,cellular,15,may,1,-1,0,unknown,0,older
unknown,married,tertiary,no,494,no,no,cellular,1,apr,44,850,55,unknown,1,young
management,married,tertiary,no,278,no,no,unknown,29,jul,1,-1,0,unknown,0,older
student,married,tertiary,no,197,no,no,telephone,15,aug,1,-1,0,unknown,0,older
blue-collar,married,secondary,no,607,yes,no,cellular,15,may,3,-1,0,unknown,0,young
management,married,tertiary,no,614,yes,no,cellular,20,nov,2,-1,0,unknown,1,young
technician,divorced,tertiary,no,814,no,no,cellular,24,oct,2,112,5,failure,0,older
management,single,secondary,no,0,yes,no,cellular,27,feb,8,-1,0,unknown,0,young
blue-collar,single,secondary,no,713,yes,no,cellular,20,apr,2,-1,0,unknown,0,young
admin.,married,secondary,no,1078,no,no,cellular,9,dec,9,-1,0,unknown,0,older
technician,married,secondary,no,-140,yes,no,unknown,11,may,1,-1,0,unknown,0,older
technician,married,primary,no,-449,no,yes,cellular,28,jul,2,-1,0,unknown,0,young
retired,married,secondary,no,3303,yes,yes,cellular,20,jul,3,-1,0,unknown,0,older
blue-collar,married,secondary,no,370,no,yes,telephone,6,jan,1,-1,0,unknown,0,older
blue-collar,married,primary,no,3860,yes,no,unknown,20,may,5,-1,0,unknown,0,young
management,single,secondary,no,6,no,no,cellular,20,feb,7,-1,0,unknown,0,young
management,single,secondary,no,476,yes,no,unknown,17,may,1,-1,0,unknown,0,older
services,married,secondary,no,357,yes,yes,cellular,26,may,2,-1,0,unknown,0,young
blue-collar,married,secondary,no,556,yes,no,cellular,10,apr,1,181,5,failure,0,older
blue-collar,divorced,primary,no,-268,yes,no,unknown,17,may,1,-1,0,unknown,0,young
admin.,married,secondary,no,221,no,yes,cellular,27,aug,2,-1,0,unknown,1,older
technician,married,secondary,no,2523,no,no,cellular,4,aug,3,120,2,success,0,older
management,married,primary,no,-35,no,no,cellular,25,aug,3,-1,0,unknown,1,older
technician,married,unknown,no,374,no,no,cellular,20,apr,1,-1,0,unknown,0,older
blue-collar,married,primary,no,349,yes,no,cellular,11,jun,2,-1,0,unknown,0,older
management,married,tertiary,no,5231,no,no,telephone,25,oct,3,-1,1,failure,0,older
blue-collar,single,secondary,no,800,yes,no,cellular,18,feb,1,97,4,other,0,young
blue-collar,married,primary,no,87,no,no,cellular,2,aug,4,-1,0,unknown,0,young
blue-collar,single,secondary,no,1475,yes,no,unknown,3,jun,2,-1,0,unknown,0,young
blue-collar,divorced,secondary,no,4840,yes,no,cellular,20,apr,2,-1,0,unknown,1,older
admin.,married,secondary,no,1,no,yes,cellular,21,jul,2,-1,0,unknown,0,young
management,single,tertiary,no,490,no,no,unknown,23,jun,3,-1,0,unknown,0,young
blue-collar,married,primary,no,1141,yes,no,unknown,27,may,7,-1,0,unknown,0,older
management,married,tertiary,no,9,no,yes,cellular,17,aug,5,-1,0,unknown,0,older
management,single,tertiary,no,28,no,no,cellular,26,feb,2,-1,0,unknown,0,young
retired,single,tertiary,no,5600,no,no,unknown,8,jul,1,-1,0,unknown,0,young
management,divorced,tertiary,no,2928,yes,no,unknown,30,may,8,-1,0,unknown,0,young
retired,married,tertiary,no,0,yes,no,unknown,28,may,8,-1,0,unknown,0,young
retired,married,secondary,no,2989,yes,no,cellular,29,feb,1,-1,0,unknown,0,young
blue-collar,married,primary,no,0,no,no,unknown,22,may,2,-1,0,unknown,0,older
technician,single,secondary,no,-888,yes,yes,unknown,4,may,1,-1,0,unknown,0,young
blue-collar,divorced,secondary,no,416,no,no,unknown,8,jun,2,-1,0,unknown,0,older
blue-collar,married,secondary,no,280,no,no,cellular,9,jan,2,-1,0,unknown,1,older
blue-collar,married,unknown,no,43,yes,no,telephone,5,jul,3,-1,0,unknown,0,older
technician,married,secondary,no,152,no,no,cellular,21,aug,2,-1,0,unknown,0,older
blue-collar,married,secondary,no,62,yes,no,unknown,5,may,1,-1,0,unknown,0,young
management,single,tertiary,no,48,yes,no,cellular,1,sep,4,-1,0,unknown,1,young
blue-collar,married,primary,no,4945,no,yes,cellular,16,may,1,246,3,failure,1,older
retired,single,secondary,no,8532,yes,no,cellular,14,sep,2,-1,0,unknown,0,young
housemaid,single,secondary,no,949,yes,no,cellular,15,may,1,280,1,failure,0,young
admin.,single,secondary,no,1091,no,no,cellular,28,jul,1,-1,0,unknown,0,young
admin.,single,tertiary,no,245,no,yes,cellular,7,feb,5,-1,0,unknown,0,young
blue-collar,married,primary,no,465,no,no,cellular,28,aug,4,-1,0,unknown,0,young
blue-collar,married,secondary,no,351,yes,yes,cellular,14,jul,2,-1,0,unknown,0,older
technician,married,secondary,no,92,yes,no,cellular,16,may,1,-1,0,unknown,0,older
technician,single,tertiary,no,866,no,no,cellular,21,aug,5,-1,0,unknown,0,young
technician,single,secondary,no,4580,yes,yes,unknown,23,may,2,-1,0,unknown,0,young
admin.,married,secondary,no,511,no,no,cellular,9,apr,2,-1,0,unknown,0,older
technician,married,secondary,no,16108,yes,no,cellular,30,oct,1,-1,0,unknown,0,young
management,married,secondary,no,1321,no,no,cellular,18,aug,2,-1,2,success,1,young
technician,divorced,tertiary,no,740,yes,no,cellular,11,nov,1,-1,0,unknown,0,young
technician,married,secondary,no,2080,yes,yes,cellular,11,jan,2,248,2,failure,0,older
admin.,single,secondary,no,240,yes,no,unknown,18,may,2,-1,0,unknown,0,young
management,married,tertiary,no,596,no,no,cellular,19,apr,1,148,19,failure,0,older
blue-collar,married,secondary,no,883,yes,no,telephone,29,jan,1,203,3,failure,0,older
management,married,tertiary,no,758,yes,no,unknown,26,may,1,-1,0,unknown,0,young
blue-collar,married,secondary,yes,170,yes,no,unknown,27,may,1,-1,0,unknown,0,young
admin.,married,secondary,no,73,yes,yes,unknown,11,may,1,-1,0,unknown,0,young
technician,single,secondary,no,1870,no,no,cellular,25,aug,12,-1,0,unknown,0,young
blue-collar,married,secondary,no,841,yes,no,cellular,23,nov,2,110,2,failure,0,young
services,single,secondary,no,56,yes,no,cellular,20,jan,3,-1,0,unknown,0,young
technician,single,tertiary,no,6,no,yes,cellular,19,nov,4,-1,0,unknown,0,young
technician,single,secondary,no,-588,yes,no,cellular,19,may,4,-1,0,unknown,0,older
blue-collar,divorced,primary,no,94,yes,yes,cellular,29,feb,2,284,2,other,1,older
self-employed,married,primary,no,490,yes,no,telephone,21,may,7,-1,0,unknown,0,older
blue-collar,married,secondary,no,158,no,no,cellular,14,jan,4,-1,0,unknown,1,older
blue-collar,married,primary,no,1441,no,no,cellular,29,feb,6,-1,0,unknown,0,older
technician,married,tertiary,no,1176,yes,no,cellular,17,jul,10,-1,0,unknown,0,young
services,married,tertiary,no,238,no,no,cellular,22,sep,2,-1,4,failure,0,young
technician,married,secondary,no,-500,yes,yes,cellular,21,apr,6,-1,0,unknown,0,young
admin.,married,secondary,no,300,yes,no,cellular,20,apr,2,-1,0,unknown,0,young
management,single,tertiary,no,464,yes,no,unknown,10,may,3,-1,0,unknown,0,young
management,single,tertiary,no,110,yes,no,cellular,23,apr,1,-1,0,unknown,1,young
blue-collar,married,secondary,no,2816,yes,no,unknown,6,may,2,-1,0,unknown,0,older
retired,married,primary,no,137,yes,no,cellular,18,jul,1,-1,0,unknown,0,older
management,single,secondary,no,4606,yes,no,unknown,29,may,1,-1,0,unknown,0,young
blue-collar,single,secondary,no,879,no,no,cellular,28,aug,2,-1,0,unknown,0,older
technician,single,secondary,no,190,no,no,cellular,27,aug,1,-1,0,unknown,1,young
management,single,primary,no,130,no,no,cellular,15,nov,1,-1,0,unknown,0,young
management,married,tertiary,no,-389,no,yes,cellular,28,aug,3,-1,0,unknown,0,young
management,married,tertiary,no,-467,yes,no,unknown,26,may,2,-1,0,unknown,0,older
housemaid,married,tertiary,no,1089,yes,yes,cellular,4,jun,5,336,9,failure,0,young
blue-collar,married,primary,no,692,yes,no,cellular,31,jul,1,-1,0,unknown,0,older
technician,married,secondary,no,917,yes,no,unknown,4,may,2,-1,0,unknown,0,young
self-employed,married,secondary,no,-305,yes,no,unknown,2,jun,5,-1,0,unknown,0,young
services,divorced,tertiary,no,1724,yes,no,unknown,3,may,1,-1,0,unknown,0,older
management,married,unknown,no,1158,no,yes,cellular,12,jul,2,-1,0,unknown,0,young
unemployed,divorced,tertiary,no,-104,no,no,cellular,21,jul,2,369,2,failure,0,young
management,married,tertiary,no,107,no,no,cellular,4,jul,1,183,2,failure,0,older
management,married,tertiary,no,2739,no,no,cellular,9,jun,2,-1,0,unknown,0,older
management,married,primary,no,95,yes,no,unknown,17,jun,1,-1,0,unknown,0,young
admin.,single,primary,no,232,yes,no,cellular,5,may,2,-1,0,unknown,0,young
management,single,tertiary,no,4440,no,no,cellular,17,dec,6,-1,0,unknown,0,young
management,divorced,tertiary,yes,4065,yes,no,cellular,11,jun,1,-1,0,unknown,0,young
management,married,tertiary,no,9,yes,no,unknown,11,may,2,-1,0,unknown,0,older
self-employed,single,tertiary,no,0,yes,yes,cellular,10,aug,2,-1,0,unknown,0,young
services,single,tertiary,no,283,yes,no,cellular,17,aug,1,-1,0,unknown,0,young
self-employed,married,tertiary,no,-89,yes,no,unknown,28,may,1,-1,0,unknown,0,young
entrepreneur,married,primary,no,-236,yes,no,unknown,5,may,1,-1,0,unknown,0,young
blue-collar,married,secondary,no,3323,yes,yes,unknown,15,may,2,-1,0,unknown,1,older
technician,married,primary,no,525,yes,no,unknown,8,may,2,-1,0,unknown,0,older
management,married,tertiary,no,534,yes,no,cellular,11,aug,4,-1,0,unknown,0,young
admin.,married,secondary,no,151,yes,no,cellular,16,nov,2,182,4,failure,0,young
management,divorced,tertiary,no,3569,no,no,cellular,9,aug,1,-1,0,unknown,0,young
blue-collar,married,primary,no,13,no,yes,telephone,11,feb,5,-1,0,unknown,0,young
admin.,single,secondary,no,1115,no,no,cellular,2,aug,2,-1,0,unknown,0,older
admin.,divorced,secondary,no,2705,yes,no,cellular,17,nov,2,-1,0,unknown,0,older
blue-collar,married,secondary,no,0,yes,no,cellular,15,may,2,375,2,success,0,young
technician,married,secondary,no,1095,no,no,cellular,9,aug,2,-1,0,unknown,0,older
services,single,tertiary,no,2984,no,no,cellular,5,aug,1,-1,0,unknown,1,young
blue-collar,married,primary,no,758,no,no,unknown,9,mar,1,-1,0,unknown,0,young
services,married,secondary,no,-19,yes,no,cellular,9,may,1,296,4,failure,0,young
unknown,single,secondary,no,0,yes,yes,cellular,11,may,1,-1,0,unknown,0,young
blue-collar,divorced,secondary,no,20387,yes,no,cellular,16,may,3,-1,0,unknown,0,older
admin.,single,secondary,no,341,yes,no,cellular,5,jan,1,-1,0,unknown,0,young
services,divorced,secondary,no,47,yes,no,cellular,9,mar,6,-1,0,unknown,0,young
blue-collar,married,primary,no,879,yes,no,cellular,17,may,2,-1,0,unknown,0,young
technician,married,unknown,no,9958,no,no,cellular,29,may,1,252,3,success,1,older
services,married,secondary,no,0,yes,no,cellular,6,feb,2,-1,0,unknown,0,older
blue-collar,married,secondary,no,224,yes,no,cellular,20,apr,1,-1,0,unknown,1,older
blue-collar,single,secondary,no,3,yes,no,cellular,29,jul,1,-1,0,unknown,0,young
services,married,tertiary,no,188,no,no,cellular,17,aug,4,-1,0,unknown,1,older
admin.,single,secondary,no,3506,no,no,cellular,15,jul,3,326,2,other,0,young
entrepreneur,married,secondary,no,2703,no,no,telephone,17,feb,15,-1,0,unknown,0,young
blue-collar,divorced,primary,no,596,yes,no,cellular,7,jul,1,-1,0,unknown,0,young
management,single,primary,no,382,no,no,cellular,8,may,1,90,2,failure,1,young
blue-collar,married,primary,no,3069,yes,no,unknown,29,may,2,-1,0,unknown,0,older
blue-collar,married,primary,no,274,yes,no,unknown,28,may,2,-1,0,unknown,0,older
blue-collar,single,secondary,no,10016,no,no,cellular,19,apr,1,-1,0,unknown,0,young
technician,married,secondary,no,87,yes,yes,cellular,19,apr,2,353,2,failure,0,young
blue-collar,married,primary,no,1553,yes,no,cellular,21,feb,2,-1,0,unknown,0,young
management,divorced,tertiary,no,4243,no,no,unknown,3,jul,2,-1,0,unknown,0,older
management,married,tertiary,no,3587,no,yes,telephone,18,nov,1,-1,0,unknown,0,young
blue-collar,married,secondary,no,13280,yes,no,cellular,14,apr,6,-1,0,unknown,0,older
services,single,secondary,no,264,no,no,cellular,21,aug,1,-1,0,unknown,1,young
technician,married,secondary,no,191,no,no,cellular,14,aug,1,-1,0,unknown,1,older
blue-collar,married,primary,no,634,yes,no,unknown,18,may,1,-1,0,unknown,0,older
management,married,tertiary,no,6862,yes,no,cellular,7,feb,2,-1,0,unknown,0,older
technician,married,secondary,no,6674,yes,no,cellular,1,jul,1,184,1,failure,0,young
admin.,married,secondary,no,1956,no,no,cellular,28,aug,2,-1,0,unknown,0,older
technician,single,secondary,no,-593,yes,no,cellular,15,apr,2,-1,0,unknown,0,young
blue-collar,married,primary,no,66,yes,no,unknown,8,may,2,-1,0,unknown,0,young
blue-collar,married,secondary,no,51,yes,yes,cellular,7,jun,1,-1,0,unknown,0,young
self-employed,married,tertiary,no,6452,yes,no,unknown,12,may,1,-1,0,unknown,0,older
admin.,single,secondary,no,345,no,no,unknown,23,jun,1,-1,0,unknown,1,young
admin.,married,secondary,no,555,yes,yes,unknown,29,may,1,-1,0,unknown,0,young
blue-collar,married,secondary,no,986,no,no,cellular,28,jan,1,-1,0,unknown,0,young
technician,married,secondary,no,1788,yes,no,cellular,20,jul,6,-1,0,unknown,0,older
blue-collar,divorced,primary,no,-703,yes,no,unknown,20,may,1,-1,0,unknown,0,older
student,single,tertiary,no,3554,yes,no,cellular,26,jun,4,-1,0,unknown,1,young
technician,single,secondary,no,110,no,yes,cellular,12,feb,4,-1,0,unknown,0,young
retired,single,secondary,no,100,yes,no,cellular,12,may,3,-1,0,unknown,0,young
management,single,tertiary,no,975,yes,no,unknown,15,may,2,-1,0,unknown,0,young
blue-collar,married,secondary,no,-124,yes,no,cellular,29,jul,5,-1,0,unknown,0,young
management,divorced,tertiary,no,247,yes,no,cellular,4,aug,2,-1,0,unknown,0,older
management,married,secondary,no,3306,yes,no,cellular,20,apr,1,288,2,failure,0,older
services,married,primary,no,758,no,yes,cellular,13,may,3,-1,0,unknown,0,young
technician,single,unknown,no,0,yes,no,cellular,23,nov,3,-1,0,unknown,0,young
blue-collar,married,unknown,no,136,no,yes,cellular,25,apr,3,175,2,failure,0,older
technician,married,secondary,no,1001,yes,no,cellular,23,nov,4,106,4,other,0,young
management,divorced,tertiary,no,2,no,no,cellular,27,aug,3,-1,0,unknown,0,young
management,married,primary,no,0,yes,yes,cellular,25,may,7,-1,0,unknown,0,older
blue-collar,married,secondary,no,568,yes,no,cellular,12,feb,1,-1,0,unknown,0,older
management,married,tertiary,no,64,yes,no,cellular,19,apr,8,-1,0,unknown,0,young
technician,single,secondary,no,2892,no,no,cellular,30,apr,1,-1,0,unknown,0,older
management,single,secondary,no,282,yes,no,unknown,6,may,3,-1,0,unknown,0,young
blue-collar,married,primary,no,170,yes,no,cellular,8,may,6,-1,0,unknown,0,older
services,married,secondary,no,9,no,no,cellular,30,feb,4,-1,0,unknown,0,older
admin.,divorced,secondary,no,49,yes,no,unknown,3,jul,3,-1,0,unknown,0,older
blue-collar,married,unknown,no,352,yes,no,unknown,19,may,5,-1,0,unknown,0,young
management,married,tertiary,no,240,yes,no,cellular,8,jul,2,-1,0,unknown,0,young
technician,single,secondary,no,519,no,no,cellular,26,feb,2,-1,0,unknown,0,young
services,divorced,secondary,no,16,no,yes,telephone,9,jul,2,-1,0,unknown,0,older
blue-collar,single,secondary,no,82,yes,no,cellular,6,jul,2,-1,0,unknown,0,young
admin.,married,secondary,no,0,no,no,unknown,22,jun,7,-1,0,unknown,0,young
blue-collar,divorced,primary,no,282,no,no,unknown,29,may,2,-1,0,unknown,0,older
blue-collar,married,secondary,no,18,yes,no,unknown,7,may,8,-1,0,unknown,0,young
management,married,tertiary,no,33,no,no,cellular,11,aug,3,-1,0,unknown,0,young
technician,married,secondary,no,2331,yes,no,cellular,23,may,2,367,3,failure,0,young
admin.,single,secondary,no,181,no,yes,cellular,8,may,1,-1,0,unknown,1,older
management,married,tertiary,no,158,yes,no,cellular,2,feb,1,308,11,success,1,young
blue-collar,married,primary,no,392,yes,no,unknown,14,may,3,-1,0,unknown,0,young
technician,single,tertiary,no,432,no,no,cellular,17,nov,2,-1,0,unknown,0,young
retired,married,tertiary,no,101,yes,no,cellular,14,nov,1,182,2,success,0,young
self-employed,married,secondary,no,62,yes,no,cellular,28,jul,1,-1,0,unknown,0,young
management,married,tertiary,no,0,no,no,cellular,20,jul,3,-1,0,unknown,1,young
management,single,primary,no,2301,no,no,telephone,20,feb,2,-1,0,unknown,0,young
retired,married,secondary,no,303,yes,yes,cellular,31,jul,4,-1,0,unknown,0,older
admin.,married,secondary,no,2142,yes,no,cellular,18,may,1,-1,0,unknown,0,older
technician,married,primary,no,3851,yes,no,unknown,29,may,1,-1,0,unknown,0,older
blue-collar,single,unknown,no,0,no,no,cellular,14,jun,2,-1,0,unknown,1,young
blue-collar,married,secondary,no,720,yes,yes,cellular,10,jul,6,-1,0,unknown,0,young
technician,single,secondary,no,261,no,no,cellular,14,jul,6,-1,0,unknown,0,young
services,divorced,tertiary,no,903,yes,no,cellular,5,may,1,275,6,success,1,young
management,married,tertiary,yes,-92,yes,no,cellular,9,may,4,-1,0,unknown,0,young
admin.,single,tertiary,no,284,yes,no,unknown,9,may,1,-1,0,unknown,0,young
management,married,tertiary,no,4166,no,no,cellular,16,nov,2,-1,0,unknown,1,older
blue-collar,single,secondary,no,180,no,no,cellular,14,may,2,258,4,other,0,young
blue-collar,married,secondary,no,202,no,no,telephone,24,apr,3,-1,0,unknown,0,older
technician,married,secondary,no,3799,yes,no,cellular,18,nov,1,-1,0,unknown,0,young
admin.,married,secondary,no,1321,yes,no,cellular,16,may,1,341,3,failure,0,older
management,married,tertiary,no,482,yes,no,unknown,4,may,1,-1,0,unknown,1,young
student,divorced,secondary,no,238,yes,no,unknown,18,may,3,-1,0,unknown,1,older
student,single,secondary,no,37,yes,no,unknown,16,may,7,-1,0,unknown,0,young
technician,married,secondary,no,1374,no,yes,cellular,6,jul,2,-1,0,unknown,0,older
retired,married,tertiary,no,2158,yes,no,unknown,25,may,2,-1,0,unknown,0,young
management,married,primary,no,87,yes,no,telephone,22,may,7,-1,0,unknown,0,young
technician,single,tertiary,no,2116,no,no,cellular,14,may,2,-1,0,unknown,0,young
management,married,secondary,no,6261,no,no,telephone,18,apr,2,-1,0,unknown,0,older
technician,single,secondary,no,3301,no,no,cellular,7,sep,3,221,0,success,1,young
admin.,married,secondary,no,750,yes,no,cellular,5,jun,3,355,2,other,0,young
blue-collar,married,primary,no,87,no,no,unknown,20,may,3,-1,0,unknown,0,older
technician,single,primary,no,-8,no,no,unknown,5,may,1,-1,0,unknown,0,older
management,single,tertiary,no,2602,no,no,cellular,28,jul,2,-1,2,success,0,young
admin.,married,secondary,no,29,yes,yes,cellular,5,jul,2,-1,0,unknown,1,older
housemaid,married,primary,no,448,yes,no,unknown,5,mar,6,-1,0,unknown,0,young
management,married,tertiary,no,34,no,no,unknown,26,jun,1,-1,0,unknown,0,young
blue-collar,married,primary,no,0,no,no,cellular,25,feb,4,-1,0,unknown,0,older
admin.,single,secondary,no,2,no,no,cellular,1,jan,1,-1,0,unknown,0,young
management,single,tertiary,no,96,no,no,cellular,28,jan,4,-1,0,unknown,1,young
technician,married,secondary,no,-936,yes,no,unknown,7,may,2,-1,0,unknown,0,young
management,single,tertiary,no,-174,no,no,telephone,17,nov,2,-1,0,unknown,0,young
blue-collar,single,primary,no,510,no,no,cellular,6,may,5,-1,0,unknown,0,young
admin.,single,secondary,no,0,no,no,cellular,20,jul,1,-1,0,unknown,0,older
technician,single,tertiary,no,398,yes,no,unknown,15,may,1,-1,0,unknown,0,young
technician,married,secondary,no,500,yes,no,cellular,14,apr,3,-1,0,unknown,0,older
management,divorced,tertiary,no,0,no,no,cellular,29,aug,10,-1,0,unknown,0,young
services,married,primary,no,395,yes,no,cellular,26,apr,1,172,4,other,0,older
technician,married,primary,no,-11,no,yes,cellular,15,jul,1,255,3,other,0,older
retired,married,tertiary,no,-389,yes,no,cellular,7,jun,3,-1,0,unknown,0,young
technician,married,tertiary,no,171,yes,no,cellular,19,aug,3,-1,0,unknown,0,young
retired,married,tertiary,no,406,no,yes,cellular,26,nov,1,-1,0,unknown,0,older
technician,married,secondary,no,1509,no,no,cellular,11,jul,2,255,8,failure,1,older
blue-collar,married,secondary,no,793,yes,no,cellular,6,jul,3,-1,0,unknown,0,older
blue-collar,married,secondary,no,2,yes,yes,cellular,19,apr,2,-1,0,unknown,0,young
technician,divorced,tertiary,no,137,yes,yes,cellular,11,may,1,-1,0,unknown,0,young
management,single,tertiary,no,141,yes,no,cellular,18,may,2,380,2,failure,0,young
blue-collar,married,secondary,no,1036,yes,yes,unknown,19,may,1,-1,0,unknown,0,young
blue-collar,single,secondary,no,71,no,no,telephone,17,aug,2,-1,0,unknown,1,older
blue-collar,married,secondary,no,25,yes,no,unknown,18,may,4,-1,0,unknown,0,young
blue-collar,married,primary,no,4,yes,no,unknown,19,may,1,-1,0,unknown,0,young
management,married,tertiary,no,8118,no,no,cellular,20,nov,1,-1,0,unknown,0,older
blue-collar,married,secondary,no,868,yes,no,cellular,12,jul,1,-1,0,unknown,0,older
management,married,tertiary,no,628,no,no,cellular,9,aug,2,-1,0,unknown,0,young
blue-collar,single,secondary,no,1537,yes,no,cellular,23,may,1,-1,0,unknown,0,young
management,married,tertiary,no,291,no,no,telephone,12,feb,2,-1,0,unknown,0,older
technician,married,tertiary,no,294,yes,yes,cellular,28,apr,6,-1,0,unknown,0,older
management,married,primary,no,570,no,no,cellular,19,aug,1,-1,0,unknown,0,older
technician,married,primary,no,6985,no,no,cellular,17,nov,2,88,2,success,1,older
management,married,secondary,no,1218,yes,yes,cellular,20,jul,10,-1,0,unknown,0,older
blue-collar,married,secondary,no,438,yes,yes,unknown,6,may,1,-1,0,unknown,0,older
management,married,tertiary,no,-283,yes,no,unknown,20,may,4,-1,0,unknown,0,older
management,married,tertiary,no,1806,no,no,cellular,4,aug,2,-1,0,unknown,0,older
admin.,married,secondary,no,14,no,no,unknown,18,may,7,-1,0,unknown,0,young
technician,married,secondary,no,0,yes,no,cellular,18,may,2,-1,0,unknown,0,young
management,married,tertiary,no,270,no,no,cellular,15,nov,1,-1,0,unknown,0,older
student,married,secondary,no,1066,yes,no,unknown,19,may,2,-1,0,unknown,0,young
technician,married,secondary,no,207,yes,yes,unknown,9,may,3,-1,0,unknown,0,young
management,married,secondary,no,5100,no,yes,cellular,11,jul,3,-1,0,unknown,0,older
management,divorced,tertiary,no,1361,yes,no,unknown,22,may,1,-1,0,unknown,0,young
student,married,tertiary,no,23,no,no,cellular,28,jul,2,-1,0,unknown,0,young
management,single,tertiary,no,0,no,no,cellular,12,aug,6,-1,0,unknown,0,young
services,married,secondary,no,4019,no,no,unknown,16,jun,3,-1,0,unknown,0,older
retired,married,secondary,no,1429,no,no,telephone,30,jun,4,-1,0,unknown,0,older
technician,married,secondary,no,1225,no,no,cellular,13,feb,1,-1,0,unknown,0,older
retired,married,tertiary,no,8076,no,no,cellular,6,may,2,-1,0,unknown,0,older
management,married,primary,no,67,yes,yes,unknown,19,may,2,-1,0,unknown,0,older
admin.,married,secondary,no,2233,yes,no,cellular,16,may,1,-1,0,unknown,0,older
management,single,unknown,no,13,yes,no,cellular,1,jul,3,160,4,failure,0,young
admin.,married,secondary,no,7,yes,no,cellular,8,may,1,-1,0,unknown,0,young
blue-collar,divorced,secondary,no,158,no,yes,cellular,20,aug,2,-1,0,unknown,0,older
admin.,married,secondary,no,97,yes,no,unknown,12,may,1,-1,0,unknown,0,older
management,single,tertiary,no,255,no,yes,cellular,21,jul,4,-1,0,unknown,0,young
blue-collar,married,primary,no,1120,yes,no,telephone,6,jul,1,-1,0,unknown,1,older
student,married,tertiary,no,873,no,no,cellular,3,aug,2,-1,0,unknown,1,young
technician,married,secondary,no,1109,yes,no,cellular,10,apr,1,197,4,failure,0,young
blue-collar,married,secondary,no,553,yes,no,cellular,8,feb,8,182,5,failure,0,older
blue-collar,married,primary,no,11,yes,no,telephone,20,may,3,-1,0,unknown,0,young
blue-collar,married,secondary,no,-760,yes,no,cellular,29,jul,2,-1,0,unknown,0,young
technician,married,tertiary,no,127,no,no,cellular,2,feb,2,-1,0,unknown,0,young
student,married,secondary,no,3041,no,yes,unknown,11,may,4,-1,0,unknown,0,older
management,married,tertiary,no,2842,no,no,cellular,28,aug,4,-1,0,unknown,0,young
housemaid,married,secondary,no,550,yes,no,cellular,22,aug,1,169,1,failure,0,older
blue-collar,divorced,secondary,no,71,yes,yes,unknown,15,may,1,-1,0,unknown,0,older
entrepreneur,single,primary,no,119,yes,no,cellular,6,may,1,-1,0,unknown,0,young
management,married,tertiary,no,2301,no,no,cellular,13,nov,1,288,1,failure,0,older
management,divorced,secondary,no,150,yes,no,unknown,11,may,1,-1,0,unknown,0,young
technician,single,secondary,no,511,yes,no,unknown,30,jun,1,-1,0,unknown,0,young
services,single,secondary,no,4404,yes,no,cellular,18,apr,1,98,2,failure,0,older
management,single,tertiary,no,2938,no,no,cellular,11,jul,4,-1,0,unknown,0,young
services,single,tertiary,no,1211,no,no,cellular,6,jul,1,102,2,failure,1,young
technician,single,secondary,no,156,no,no,cellular,20,aug,2,-1,0,unknown,1,young
self-employed,single,secondary,no,357,yes,no,unknown,5,may,1,-1,0,unknown,0,young
technician,married,secondary,no,2165,no,no,cellular,8,nov,2,-1,0,unknown,0,young
blue-collar,single,primary,no,2136,yes,no,unknown,20,may,7,-1,0,unknown,0,young
admin.,married,tertiary,no,0,yes,no,unknown,25,may,1,-1,0,unknown,0,young
blue-collar,divorced,primary,no,1269,yes,no,unknown,7,may,1,-1,0,unknown,0,older
management,married,tertiary,no,166,no,no,cellular,15,jun,3,-1,0,unknown,0,young
blue-collar,married,secondary,no,436,yes,no,unknown,11,may,2,-1,0,unknown,0,young
management,married,tertiary,no,545,no,no,cellular,17,aug,4,-1,0,unknown,1,young
management,married,tertiary,no,3201,no,no,cellular,14,feb,3,-1,0,unknown,0,older
technician,single,tertiary,no,121,yes,no,cellular,6,jul,1,-1,0,unknown,0,young
blue-collar,married,primary,no,1220,no,no,telephone,19,jul,2,-1,0,unknown,1,older
services,married,secondary,no,634,no,yes,unknown,7,may,1,-1,0,unknown,0,older
management,single,tertiary,no,143,no,no,cellular,19,aug,6,-1,0,unknown,0,young
management,married,secondary,no,2692,yes,no,cellular,7,jan,4,-1,0,unknown,0,older
admin.,single,secondary,no,300,yes,no,cellular,18,jul,1,275,1,success,0,young
admin.,married,secondary,no,687,yes,no,cellular,17,may,7,349,2,other,0,young
management,married,tertiary,no,8709,yes,no,cellular,17,nov,1,-1,0,unknown,0,older
blue-collar,married,secondary,no,190,yes,no,cellular,27,jul,2,-1,0,unknown,0,older
retired,divorced,unknown,no,6965,no,no,unknown,4,jul,1,-1,0,unknown,0,older
services,married,tertiary,no,408,no,no,cellular,19,aug,2,-1,0,unknown,0,older
self-employed,married,tertiary,no,2488,no,no,unknown,4,jul,2,-1,0,unknown,0,young
self-employed,married,secondary,no,299,no,yes,cellular,14,may,1,-1,0,unknown,0,older
services,married,primary,no,280,yes,no,unknown,30,may,1,-1,0,unknown,0,young
technician,married,secondary,no,1982,yes,no,cellular,24,feb,1,-1,0,unknown,0,young
technician,married,secondary,no,849,yes,yes,cellular,16,may,1,-1,0,unknown,0,older
technician,divorced,secondary,no,51,no,yes,cellular,27,jul,5,-1,0,unknown,0,older
blue-collar,divorced,primary,no,277,yes,no,cellular,19,may,2,-1,0,unknown,0,older
admin.,single,secondary,no,571,yes,no,cellular,19,nov,2,297,2,failure,0,young
blue-collar,married,primary,no,650,yes,no,unknown,23,may,1,-1,0,unknown,0,young
management,married,tertiary,no,732,yes,no,cellular,15,jun,1,-1,0,unknown,0,older
blue-collar,married,secondary,no,1067,yes,no,cellular,17,may,3,-1,0,unknown,0,young
retired,single,unknown,no,664,yes,no,unknown,8,may,2,-1,0,unknown,0,older
management,married,tertiary,no,268,yes,no,unknown,14,may,6,-1,0,unknown,0,young
services,divorced,primary,no,230,yes,no,cellular,11,jul,2,184,4,success,1,young
admin.,married,secondary,no,2156,yes,no,telephone,18,nov,2,-1,0,unknown,0,older
technician,married,secondary,no,0,yes,no,cellular,17,apr,1,222,2,failure,0,young
student,married,tertiary,no,774,yes,no,cellular,5,may,1,-1,0,unknown,0,young
blue-collar,married,secondary,no,0,yes,no,cellular,18,apr,2,322,2,other,0,young
blue-collar,married,primary,no,1498,yes,no,unknown,26,may,5,-1,0,unknown,0,young
blue-collar,married,primary,no,21,yes,no,unknown,6,may,1,-1,0,unknown,0,older
retired,married,primary,no,450,no,no,cellular,30,jan,3,-1,0,unknown,0,older
services,divorced,secondary,no,3295,no,no,cellular,17,nov,1,112,2,failure,0,young
management,divorced,tertiary,no,210,no,no,cellular,23,apr,2,-1,0,unknown,1,older
retired,divorced,tertiary,yes,-41,no,no,cellular,6,aug,1,194,3,success,0,young
technician,single,secondary,no,649,yes,no,cellular,20,aug,1,-1,0,unknown,0,young
technician,married,unknown,no,-456,yes,no,cellular,21,apr,2,-1,0,unknown,0,older
blue-collar,married,secondary,no,0,yes,no,unknown,16,may,8,-1,0,unknown,0,young
management,married,tertiary,no,93,no,no,cellular,6,dec,1,-1,0,unknown,0,older
services,married,tertiary,no,382,yes,no,unknown,19,may,24,-1,0,unknown,1,young
admin.,divorced,secondary,no,-186,yes,no,cellular,17,may,2,302,2,failure,0,young
entrepreneur,single,tertiary,no,1091,no,no,cellular,28,apr,1,-1,0,unknown,1,older
blue-collar,single,secondary,no,-190,yes,no,unknown,23,may,6,-1,0,unknown,0,older
blue-collar,single,secondary,no,597,yes,no,cellular,19,may,1,-1,0,unknown,1,young
blue-collar,married,primary,no,806,no,yes,unknown,28,may,4,-1,0,unknown,0,young
blue-collar,divorced,primary,no,-968,yes,no,cellular,19,may,2,-1,0,unknown,0,older
blue-collar,married,secondary,no,421,yes,no,unknown,21,may,2,-1,0,unknown,0,older
management,single,secondary,no,90,no,yes,cellular,20,aug,2,-1,0,unknown,0,older
management,married,primary,no,544,no,no,unknown,27,may,8,-1,0,unknown,0,young
admin.,divorced,secondary,no,901,yes,no,cellular,19,apr,2,329,2,failure,0,older
management,married,tertiary,no,510,no,no,cellular,1,oct,3,366,3,success,0,older
services,divorced,secondary,no,0,no,no,unknown,28,may,1,-1,0,unknown,0,young
services,married,secondary,yes,68,no,no,cellular,21,aug,4,-1,0,unknown,0,older
technician,single,secondary,no,-234,no,no,cellular,8,jun,1,-1,0,unknown,0,young
admin.,married,secondary,no,839,yes,no,cellular,31,jul,7,-1,0,unknown,0,older
services,married,tertiary,no,33,no,no,unknown,18,may,1,-1,0,unknown,0,young
management,divorced,tertiary,no,2907,no,no,cellular,27,apr,2,-1,3,success,0,older
blue-collar,married,secondary,no,4949,no,no,unknown,30,may,4,-1,0,unknown,0,older
entrepreneur,single,unknown,no,-95,yes,no,telephone,29,jul,2,-1,0,unknown,0,older
technician,married,secondary,no,255,yes,yes,cellular,13,may,1,-1,0,unknown,0,young
blue-collar,married,primary,no,81,yes,no,cellular,14,may,1,181,4,failure,0,young
housemaid,married,tertiary,no,3454,no,no,cellular,7,may,6,109,1,other,0,older
technician,married,secondary,no,35508,yes,yes,cellular,21,apr,2,182,5,failure,0,young
management,single,tertiary,no,2464,no,no,telephone,11,aug,2,-1,0,unknown,0,young
management,married,secondary,no,52,no,no,cellular,11,jul,1,-1,0,unknown,0,older
blue-collar,married,primary,no,290,yes,yes,cellular,21,apr,2,195,6,failure,0,older
services,married,tertiary,no,6012,yes,no,cellular,17,apr,2,254,1,failure,0,older
services,married,secondary,no,541,yes,no,unknown,6,jun,10,-1,0,unknown,0,older
admin.,divorced,secondary,no,142,no,no,cellular,26,jan,2,80,14,failure,1,older
blue-collar,single,secondary,no,947,yes,no,cellular,18,jun,4,321,11,failure,0,young
services,married,secondary,yes,-94,no,no,cellular,4,aug,4,-1,0,unknown,0,young
technician,single,secondary,no,2075,no,no,cellular,24,aug,2,-1,0,unknown,0,young
services,married,secondary,no,36,no,no,cellular,2,feb,3,-1,0,unknown,0,young
blue-collar,single,secondary,no,-439,yes,no,unknown,4,may,3,-1,0,unknown,0,young
management,married,tertiary,no,306,yes,yes,cellular,18,apr,14,-1,0,unknown,1,young
retired,single,secondary,no,1623,yes,no,unknown,11,may,1,-1,0,unknown,0,older
admin.,single,secondary,no,544,yes,no,cellular,2,aug,1,-1,0,unknown,0,young
management,married,tertiary,no,1597,no,no,cellular,17,aug,1,186,2,failure,0,older
blue-collar,single,primary,no,513,no,no,unknown,7,jun,2,-1,0,unknown,0,young
technician,married,tertiary,no,1113,no,no,cellular,18,aug,2,-1,0,unknown,0,older
admin.,married,secondary,no,529,yes,yes,telephone,2,jul,2,-1,0,unknown,0,older
blue-collar,married,primary,no,436,yes,no,unknown,9,may,2,-1,0,unknown,0,young
entrepreneur,divorced,primary,no,-53,yes,no,cellular,29,jul,3,-1,0,unknown,0,young
management,divorced,secondary,no,4037,no,yes,unknown,17,jul,2,-1,0,unknown,0,older
self-employed,divorced,secondary,no,0,no,yes,cellular,14,may,7,-1,0,unknown,0,older
self-employed,married,secondary,no,4659,yes,no,cellular,6,jan,6,349,4,failure,0,older
management,married,tertiary,no,204,yes,no,cellular,8,apr,2,-1,0,unknown,0,young
blue-collar,divorced,secondary,no,2037,yes,no,cellular,28,jun,4,350,1,failure,0,older
blue-collar,divorced,secondary,no,12,yes,yes,unknown,29,may,2,-1,0,unknown,0,older
services,married,secondary,no,12705,no,no,telephone,15,may,2,-1,0,unknown,0,older
technician,married,secondary,no,-253,yes,no,cellular,13,feb,2,-1,0,unknown,0,young
services,divorced,secondary,no,2420,yes,no,unknown,19,may,26,-1,0,unknown,0,older
management,married,tertiary,no,54086,no,no,cellular,9,aug,6,-1,0,unknown,0,older
blue-collar,married,unknown,no,907,yes,yes,unknown,17,may,1,-1,0,unknown,0,older
admin.,single,secondary,no,0,yes,no,cellular,6,apr,2,292,6,failure,0,young
technician,married,tertiary,no,0,no,no,unknown,30,mar,1,-1,0,unknown,0,older
technician,single,secondary,no,1384,no,no,cellular,21,apr,2,-1,0,unknown,1,young
technician,married,secondary,no,51,yes,yes,cellular,14,may,1,363,2,failure,0,older
management,married,primary,no,181,yes,no,cellular,15,apr,2,-1,0,unknown,0,young
services,divorced,secondary,no,0,yes,no,cellular,17,may,1,328,3,failure,0,young
technician,single,secondary,yes,-559,yes,no,telephone,31,jul,10,-1,0,unknown,0,young
technician,married,secondary,no,0,no,yes,unknown,3,jun,1,-1,0,unknown,0,young
entrepreneur,single,secondary,no,294,yes,no,cellular,20,apr,1,293,2,failure,0,young
admin.,married,secondary,no,978,yes,no,cellular,16,apr,1,183,1,failure,0,older
technician,divorced,primary,no,240,no,no,cellular,16,sep,1,95,3,success,1,older
technician,married,secondary,no,3,no,no,unknown,4,jun,3,-1,0,unknown,0,young
management,married,primary,no,333,yes,no,unknown,25,may,27,-1,0,unknown,0,older
blue-collar,married,secondary,no,31,no,yes,cellular,30,jul,2,-1,0,unknown,0,older
blue-collar,single,secondary,no,0,yes,no,cellular,6,may,2,363,4,failure,0,young
technician,single,tertiary,no,6436,no,no,cellular,30,dec,2,-1,0,unknown,0,young
management,single,tertiary,no,0,no,no,telephone,10,jun,1,-1,0,unknown,0,young
services,married,primary,no,448,no,no,cellular,7,aug,5,-1,0,unknown,0,young
technician,married,secondary,no,-1,yes,no,cellular,15,mar,2,183,1,failure,0,young
technician,married,secondary,no,1441,yes,no,cellular,2,sep,1,370,3,failure,0,young
blue-collar,married,primary,no,491,yes,no,cellular,18,may,1,-1,0,unknown,0,older
blue-collar,married,primary,no,257,yes,yes,cellular,14,jul,1,-1,0,unknown,0,young
management,married,tertiary,yes,175,no,no,cellular,16,nov,3,-1,0,unknown,0,older
management,married,tertiary,no,177,yes,no,cellular,17,may,1,-1,0,unknown,0,older
technician,single,secondary,no,232,no,no,cellular,23,aug,4,-1,0,unknown,0,young
technician,single,tertiary,no,22,no,no,telephone,12,jul,1,-1,0,unknown,1,young
services,single,secondary,no,-354,no,no,cellular,6,feb,1,-1,0,unknown,0,young
management,married,secondary,no,244,yes,no,unknown,18,may,4,-1,0,unknown,0,young
technician,married,secondary,no,-140,no,yes,cellular,20,aug,3,-1,0,unknown,0,older
admin.,married,secondary,no,153,no,no,unknown,13,jun,2,-1,0,unknown,0,older
technician,married,unknown,no,96,no,no,unknown,9,jul,2,-1,0,unknown,0,older
entrepreneur,married,secondary,no,2161,yes,no,unknown,30,may,8,-1,0,unknown,0,older
services,divorced,primary,no,481,yes,no,cellular,18,may,1,175,1,other,1,older
management,married,primary,no,2074,no,no,cellular,28,jan,1,-1,0,unknown,0,older
services,single,tertiary,no,140,yes,no,unknown,6,may,1,-1,0,unknown,0,young
blue-collar,married,primary,no,493,no,no,cellular,14,jul,7,267,2,success,0,older
blue-collar,married,secondary,no,0,yes,no,cellular,18,feb,2,-1,0,unknown,0,young
management,single,tertiary,no,589,no,no,cellular,17,aug,3,-1,0,unknown,0,young
blue-collar,married,primary,no,9,yes,no,unknown,26,may,20,-1,0,unknown,0,young
admin.,married,unknown,no,377,yes,no,unknown,12,may,8,-1,0,unknown,0,older
management,married,primary,no,80,no,no,telephone,12,feb,4,-1,0,unknown,0,older
management,single,tertiary,no,129,no,no,cellular,20,feb,1,-1,0,unknown,0,older
blue-collar,divorced,secondary,no,25,yes,no,unknown,12,may,1,-1,0,unknown,0,young
blue-collar,married,secondary,no,1747,yes,yes,cellular,8,apr,1,185,0,failure,0,young
management,married,tertiary,no,200,no,yes,cellular,3,aug,2,198,2,failure,0,young
management,married,secondary,no,26369,no,no,unknown,21,may,1,-1,0,unknown,0,older
management,married,tertiary,no,1179,yes,no,cellular,28,feb,1,-1,0,unknown,0,older
blue-collar,married,primary,no,502,no,yes,cellular,20,jul,2,-1,0,unknown,0,older
technician,married,secondary,no,922,no,no,telephone,23,jan,9,174,1,other,0,older
blue-collar,married,primary,no,501,yes,no,cellular,6,apr,2,-1,0,unknown,0,young
services,married,primary,no,1854,no,yes,cellular,12,aug,1,-1,0,unknown,0,older
retired,single,tertiary,no,20152,yes,no,unknown,9,may,1,-1,0,unknown,0,older
blue-collar,married,primary,no,40,yes,yes,cellular,29,jul,3,-1,0,unknown,0,young
management,married,secondary,no,2027,yes,no,unknown,14,may,1,-1,0,unknown,0,young
admin.,single,tertiary,no,0,no,no,cellular,18,sep,1,104,8,failure,1,young
blue-collar,married,primary,no,16,yes,no,unknown,4,may,1,-1,0,unknown,0,young
technician,single,tertiary,no,63,no,no,cellular,22,aug,3,-1,0,unknown,1,young
management,single,tertiary,no,369,no,no,cellular,9,feb,3,-1,0,unknown,1,young
technician,single,secondary,no,242,no,no,telephone,3,aug,5,-1,0,unknown,0,young
management,married,tertiary,no,274,yes,no,cellular,18,may,3,-1,0,unknown,0,older
blue-collar,divorced,secondary,no,1554,no,no,unknown,6,aug,1,-1,0,unknown,0,young
management,divorced,tertiary,no,101,yes,no,cellular,6,may,1,176,3,failure,0,young
management,divorced,tertiary,no,240,no,no,cellular,2,aug,1,-1,0,unknown,0,young
technician,divorced,secondary,no,1226,no,no,cellular,13,may,2,101,3,success,1,older
blue-collar,married,secondary,no,200,no,no,unknown,5,jun,5,-1,0,unknown,0,older
blue-collar,married,secondary,no,400,yes,no,unknown,2,may,4,-1,0,unknown,0,older
technician,married,secondary,no,-299,no,no,cellular,18,nov,1,-1,0,unknown,0,young
admin.,single,secondary,no,-274,yes,no,unknown,23,may,3,-1,0,unknown,0,young
technician,married,secondary,no,-29,yes,no,cellular,7,jul,1,261,3,failure,0,older
services,single,secondary,no,3000,yes,no,cellular,14,may,1,-1,0,unknown,1,young
admin.,married,secondary,no,6112,yes,no,unknown,4,jun,1,-1,0,unknown,0,older
blue-collar,single,secondary,no,5,yes,no,unknown,7,may,1,-1,0,unknown,0,older
housemaid,single,tertiary,no,809,no,no,cellular,31,aug,2,181,4,success,1,young
blue-collar,married,secondary,no,0,yes,yes,cellular,21,apr,1,-1,0,unknown,0,young
technician,married,secondary,no,127,yes,no,unknown,19,may,1,-1,0,unknown,0,young
blue-collar,married,secondary,no,164,yes,no,cellular,5,apr,3,-1,0,unknown,0,young
management,single,tertiary,no,704,no,no,unknown,7,jul,5,-1,0,unknown,0,older
management,married,secondary,yes,-1905,no,yes,cellular,31,jan,7,-1,0,unknown,0,older
blue-collar,married,secondary,no,1317,yes,no,unknown,29,may,2,-1,0,unknown,0,young
blue-collar,married,secondary,no,245,yes,no,unknown,18,may,5,-1,0,unknown,0,older
management,married,tertiary,no,3438,yes,no,cellular,6,may,1,-1,0,unknown,0,young
student,divorced,secondary,no,383,yes,no,unknown,17,may,3,-1,0,unknown,0,older
services,married,unknown,no,0,yes,no,cellular,13,may,2,-1,0,unknown,0,older
admin.,divorced,secondary,no,554,no,no,cellular,10,may,3,184,1,failure,0,young
technician,married,secondary,no,1101,no,no,cellular,21,nov,1,-1,5,success,0,young
services,single,tertiary,no,63,no,no,cellular,7,aug,2,-1,0,unknown,0,young
management,married,tertiary,no,2001,no,no,cellular,15,feb,1,-1,0,unknown,0,young
management,married,tertiary,no,8283,no,no,unknown,4,jul,7,-1,0,unknown,0,young
blue-collar,married,secondary,no,1371,no,yes,unknown,6,jul,2,-1,0,unknown,0,older
technician,married,secondary,no,0,yes,yes,cellular,15,nov,1,-1,0,unknown,0,older
admin.,married,secondary,no,-87,yes,no,cellular,20,may,1,-1,0,unknown,0,young
management,married,unknown,no,6500,no,no,unknown,1,jul,3,-1,0,unknown,0,older
blue-collar,single,secondary,no,1624,yes,no,cellular,27,may,1,327,4,other,0,young
retired,married,tertiary,no,3661,no,no,cellular,17,aug,2,-1,0,unknown,0,older
entrepreneur,single,tertiary,no,251,no,no,cellular,15,feb,1,-1,0,unknown,0,young
student,married,tertiary,no,636,yes,no,cellular,29,jul,1,-1,0,unknown,0,young
management,married,tertiary,no,301,no,no,unknown,18,jun,1,-1,0,unknown,0,young
blue-collar,married,secondary,no,197,yes,no,cellular,29,jul,3,-1,0,unknown,0,young
management,single,tertiary,no,28,yes,yes,cellular,25,aug,6,-1,0,unknown,0,young
self-employed,married,secondary,no,252,no,no,unknown,6,jun,5,-1,0,unknown,0,older
management,married,tertiary,no,512,yes,no,unknown,4,may,1,-1,0,unknown,0,older
management,married,tertiary,no,349,yes,no,cellular,11,dec,1,-1,0,unknown,0,older
management,married,secondary,no,1015,no,no,cellular,16,jun,1,126,4,failure,1,older
admin.,married,primary,no,397,yes,no,unknown,2,jun,2,-1,0,unknown,0,older
blue-collar,married,secondary,no,0,no,no,cellular,21,jul,2,-1,0,unknown,0,young
self-employed,single,tertiary,no,815,yes,no,cellular,11,jun,16,172,4,failure,0,young
admin.,single,secondary,no,374,yes,no,cellular,12,may,2,331,2,failure,0,older
technician,single,tertiary,no,1810,no,no,cellular,2,feb,2,-1,0,unknown,0,young
blue-collar,married,secondary,no,708,yes,no,unknown,21,may,1,-1,0,unknown,1,young
blue-collar,married,secondary,no,604,yes,yes,cellular,28,may,2,-1,0,unknown,0,older
management,married,secondary,no,2542,yes,yes,unknown,18,may,1,-1,0,unknown,0,older
technician,divorced,secondary,no,62,no,no,cellular,8,feb,2,-1,0,unknown,0,young
management,married,tertiary,no,487,no,no,telephone,9,aug,4,-1,0,unknown,1,older
blue-collar,married,primary,no,782,yes,no,unknown,2,may,2,-1,0,unknown,0,older
technician,single,tertiary,no,1794,no,no,cellular,12,jan,4,-1,0,unknown,0,young
technician,married,secondary,no,-45,yes,no,cellular,14,sep,3,-1,0,unknown,1,older
technician,married,unknown,no,639,yes,no,unknown,30,may,2,-1,0,unknown,0,older
retired,married,secondary,no,4006,yes,no,unknown,24,jun,2,-1,0,unknown,0,young
technician,single,tertiary,no,21,no,no,cellular,21,apr,1,-1,0,unknown,0,young
self-employed,divorced,secondary,no,-263,yes,no,cellular,12,may,2,308,1,failure,0,older
management,single,secondary,no,224,yes,no,unknown,7,may,2,-1,0,unknown,0,young
blue-collar,married,secondary,no,-296,no,no,cellular,20,may,1,289,1,failure,0,young
management,married,tertiary,no,256,no,no,cellular,20,aug,4,-1,0,unknown,0,older
technician,divorced,secondary,no,3997,no,no,cellular,14,aug,7,-1,0,unknown,0,older
management,married,tertiary,no,591,yes,no,unknown,24,may,2,-1,0,unknown,0,young
technician,married,secondary,no,1006,yes,no,cellular,20,aug,6,-1,0,unknown,0,older
management,married,tertiary,no,61,no,no,cellular,14,aug,2,-1,0,unknown,0,young
admin.,married,primary,no,894,no,no,cellular,31,jul,8,-1,0,unknown,0,older
technician,single,secondary,no,592,yes,no,cellular,26,nov,1,-1,0,unknown,0,young
management,married,tertiary,no,2,no,no,unknown,7,may,5,-1,0,unknown,0,young
technician,married,secondary,no,1355,no,no,cellular,14,aug,4,-1,0,unknown,0,older
housemaid,single,tertiary,no,0,yes,no,cellular,8,may,2,-1,0,unknown,0,young
student,married,unknown,no,264,yes,no,unknown,28,may,1,-1,0,unknown,0,older
technician,married,tertiary,no,500,no,no,cellular,12,aug,2,-1,0,unknown,0,young
blue-collar,married,primary,no,409,no,no,telephone,31,jul,2,-1,0,unknown,0,older
management,single,secondary,no,522,no,yes,cellular,16,may,1,-1,0,unknown,0,young
management,single,tertiary,no,160,yes,no,cellular,9,jul,1,-1,0,unknown,1,young
blue-collar,married,secondary,no,0,yes,no,unknown,2,may,1,-1,0,unknown,0,young
blue-collar,married,secondary,no,-3,yes,no,unknown,20,may,2,-1,0,unknown,0,young
blue-collar,married,secondary,no,3950,no,no,cellular,6,feb,2,-1,0,unknown,0,young
blue-collar,single,secondary,no,161,yes,no,cellular,16,apr,4,-1,0,unknown,0,young
blue-collar,married,primary,no,87,yes,no,cellular,20,may,1,304,4,failure,0,older
technician,married,secondary,no,137,yes,yes,cellular,13,may,1,-1,0,unknown,0,young
blue-collar,married,primary,no,6913,no,no,cellular,18,jul,1,-1,0,unknown,1,older
admin.,divorced,secondary,no,249,yes,no,unknown,15,may,1,-1,0,unknown,0,young
blue-collar,single,unknown,no,508,no,no,unknown,29,may,1,-1,0,unknown,0,older
blue-collar,married,primary,no,565,yes,no,cellular,5,feb,4,-1,0,unknown,0,older
technician,married,tertiary,no,3780,no,no,cellular,3,aug,2,-1,0,unknown,0,older
student,married,primary,no,246,yes,no,unknown,15,may,6,-1,0,unknown,0,young
technician,married,secondary,no,66,no,yes,cellular,20,feb,1,-1,0,unknown,0,young
blue-collar,single,primary,no,0,no,no,unknown,18,may,1,-1,0,unknown,0,young
blue-collar,married,secondary,no,164,yes,yes,cellular,11,aug,1,-1,0,unknown,0,older
management,divorced,tertiary,no,1954,no,no,unknown,16,jul,2,-1,0,unknown,0,young
blue-collar,married,primary,no,180,yes,no,cellular,22,jun,8,-1,0,unknown,0,older
services,single,secondary,no,0,no,no,cellular,1,may,3,-1,0,unknown,1,young
technician,married,tertiary,no,637,no,no,cellular,20,jul,2,-1,0,unknown,0,young
blue-collar,single,secondary,no,1599,yes,no,cellular,15,dec,2,307,2,failure,0,young
management,married,secondary,no,196,no,no,cellular,29,aug,2,-1,0,unknown,1,young
unknown,married,unknown,no,15320,no,no,cellular,3,feb,1,266,2,failure,0,older
management,single,tertiary,no,85,yes,no,unknown,29,may,2,-1,0,unknown,0,young
blue-collar,married,primary,no,584,yes,no,cellular,12,nov,1,300,1,failure,0,older
retired,married,primary,no,1942,yes,no,unknown,13,may,5,-1,0,unknown,1,older
blue-collar,married,primary,no,4534,yes,no,unknown,15,may,1,-1,0,unknown,0,young
management,married,tertiary,no,0,yes,no,unknown,25,may,2,-1,0,unknown,0,older
admin.,divorced,primary,no,3175,no,yes,unknown,26,jul,1,-1,0,unknown,0,older
unknown,married,unknown,no,283,yes,no,cellular,25,feb,1,321,0,failure,0,older
technician,married,secondary,no,74,yes,no,cellular,9,may,6,329,3,failure,0,older
management,married,tertiary,no,1982,no,no,cellular,6,may,3,-1,0,unknown,0,young
services,single,secondary,no,-59,yes,yes,unknown,5,jun,5,-1,0,unknown,0,young
student,married,tertiary,no,1024,yes,no,cellular,29,jan,1,154,3,failure,0,young
technician,married,secondary,no,-1540,yes,no,cellular,6,jul,1,-1,0,unknown,0,older
self-employed,divorced,secondary,no,4384,no,no,cellular,29,sep,4,-1,3,success,0,older
management,married,tertiary,no,203,yes,yes,cellular,22,feb,11,262,12,failure,0,older
retired,married,secondary,no,508,yes,no,unknown,5,jun,1,-1,0,unknown,0,older
technician,single,tertiary,no,1132,yes,no,cellular,8,aug,2,-1,0,unknown,0,young
management,married,secondary,no,221,no,no,telephone,15,jul,5,-1,0,unknown,0,older
technician,single,secondary,no,595,no,no,cellular,22,aug,3,-1,0,unknown,0,young
technician,single,tertiary,no,414,no,no,cellular,29,apr,2,-1,0,success,1,young
technician,single,secondary,no,28,yes,no,cellular,16,may,3,-1,0,unknown,0,young
technician,married,secondary,no,1313,no,no,cellular,27,aug,3,-1,0,unknown,0,older
management,divorced,tertiary,no,0,no,no,cellular,19,aug,3,-1,0,unknown,0,young
technician,married,secondary,no,4335,no,no,cellular,26,aug,1,-1,0,unknown,0,older
unknown,married,unknown,no,696,no,no,unknown,9,may,1,-1,0,unknown,0,older
technician,single,secondary,no,188,no,no,cellular,12,may,2,-1,0,unknown,0,older
admin.,married,tertiary,no,1695,yes,no,cellular,18,nov,1,-1,0,unknown,0,older
self-employed,married,secondary,no,6255,yes,no,cellular,20,jul,3,-1,0,unknown,0,older
retired,married,primary,no,-208,yes,no,unknown,11,may,2,-1,0,unknown,0,older
admin.,married,secondary,no,356,no,yes,cellular,20,aug,2,-1,0,unknown,0,older
admin.,single,secondary,no,21,yes,no,cellular,4,jun,5,-1,0,unknown,0,young
unemployed,single,secondary,no,287,yes,no,cellular,18,jul,4,-1,0,unknown,0,young
technician,single,secondary,no,0,yes,yes,unknown,11,may,5,-1,0,unknown,0,young
blue-collar,married,secondary,no,0,no,no,cellular,21,jan,2,-1,0,unknown,0,older
management,single,tertiary,no,926,yes,no,cellular,29,feb,6,259,2,failure,0,young
management,married,tertiary,no,457,no,no,cellular,14,aug,2,-1,0,unknown,1,older
technician,married,tertiary,no,292,no,yes,cellular,20,jun,2,348,3,other,0,older
admin.,married,secondary,no,866,yes,yes,cellular,12,may,4,236,1,failure,0,older
management,married,tertiary,no,51,no,yes,cellular,1,aug,2,-1,0,unknown,0,older
management,single,tertiary,no,696,yes,no,cellular,10,may,4,170,6,failure,0,young
management,divorced,tertiary,no,978,yes,yes,unknown,16,may,4,-1,0,unknown,0,older
blue-collar,married,secondary,no,10281,yes,no,unknown,4,jun,1,-1,0,unknown,1,older
blue-collar,married,primary,no,46,no,no,cellular,21,feb,5,-1,0,unknown,0,older
blue-collar,married,unknown,no,1573,yes,no,unknown,8,may,2,-1,0,unknown,0,young
unknown,married,secondary,no,4980,no,no,telephone,4,dec,1,-1,0,unknown,0,older
management,single,tertiary,no,-259,yes,no,cellular,2,aug,1,181,8,failure,0,young
admin.,divorced,secondary,no,238,yes,no,telephone,14,jul,2,-1,0,unknown,0,older
blue-collar,married,primary,no,603,yes,yes,unknown,15,may,1,-1,0,unknown,0,older
management,single,tertiary,no,1449,yes,no,unknown,19,jun,1,-1,0,unknown,0,young
blue-collar,married,secondary,no,753,yes,no,unknown,7,may,1,-1,0,unknown,0,older
technician,married,secondary,no,500,yes,yes,cellular,14,nov,4,363,3,failure,0,young
admin.,married,secondary,no,223,yes,no,unknown,31,apr,1,850,55,failure,1,older
management,married,tertiary,no,67,no,no,cellular,29,jul,1,-1,0,unknown,0,young
admin.,single,secondary,no,436,yes,no,cellular,19,nov,2,244,1,failure,0,young
self-employed,single,secondary,no,1280,yes,no,cellular,28,jul,4,-1,0,unknown,1,young
blue-collar,married,secondary,no,2561,no,no,cellular,14,aug,1,33,2,success,1,older
admin.,married,secondary,no,42,yes,no,cellular,12,may,2,-1,0,unknown,0,older
management,single,secondary,no,4,yes,no,unknown,22,may,1,-1,0,unknown,0,young
management,married,secondary,no,707,no,no,telephone,17,jul,2,-1,0,unknown,0,older
student,married,primary,no,4,yes,no,telephone,15,sep,1,326,6,failure,0,older
entrepreneur,married,tertiary,no,939,no,no,cellular,9,nov,1,175,4,success,1,older
blue-collar,married,primary,no,6,yes,no,unknown,15,may,4,-1,0,unknown,0,young
management,married,tertiary,no,362,no,yes,cellular,4,jan,1,-1,0,unknown,0,young
unemployed,married,primary,no,3950,no,no,telephone,17,nov,1,-1,0,unknown,0,older
management,single,secondary,no,46,yes,no,unknown,11,jun,1,-1,0,unknown,0,young
management,married,tertiary,no,571,yes,no,unknown,11,jul,1,-1,0,unknown,0,older
management,married,secondary,no,488,no,no,cellular,3,aug,2,-1,0,unknown,0,young
management,single,tertiary,no,0,yes,no,cellular,30,jul,2,-1,0,unknown,0,young
retired,married,secondary,no,295,yes,no,unknown,4,may,1,-1,0,unknown,0,young
management,married,tertiary,no,661,no,no,cellular,2,aug,1,-1,0,unknown,1,young
unknown,single,secondary,no,169,no,no,telephone,20,nov,2,-1,0,unknown,1,young
management,married,tertiary,no,1729,no,no,cellular,26,aug,3,333,0,success,0,older
management,married,tertiary,no,2164,yes,no,cellular,19,nov,2,183,0,failure,0,older
technician,married,tertiary,no,-12,no,no,telephone,23,aug,2,-1,0,unknown,0,older
technician,divorced,tertiary,no,3093,no,no,cellular,4,jul,1,91,3,success,1,older
technician,married,tertiary,no,3386,no,yes,cellular,27,jan,1,325,3,other,0,young
blue-collar,married,secondary,no,62,no,yes,cellular,18,jul,3,-1,0,unknown,0,young
technician,married,primary,no,914,yes,no,cellular,22,nov,6,-1,0,unknown,0,older
blue-collar,married,secondary,no,391,yes,no,cellular,9,jul,2,-1,0,unknown,0,young
admin.,married,secondary,no,334,yes,no,unknown,21,may,5,-1,0,unknown,0,young
technician,married,secondary,no,78,yes,no,unknown,21,may,2,-1,0,unknown,0,older
admin.,divorced,secondary,no,89,yes,yes,unknown,2,may,1,-1,0,unknown,0,older
management,divorced,secondary,no,41,no,yes,telephone,17,may,3,109,4,success,0,older
technician,divorced,secondary,no,19,no,no,cellular,27,jul,6,-1,0,unknown,0,older
blue-collar,married,primary,no,161,yes,no,cellular,20,sep,1,-1,0,unknown,1,young
blue-collar,married,secondary,no,1792,yes,no,cellular,10,may,6,364,3,failure,0,older
blue-collar,married,primary,no,2051,yes,no,unknown,5,may,1,-1,0,unknown,0,young
technician,divorced,secondary,no,25,yes,no,cellular,18,may,2,372,4,other,0,older
admin.,married,secondary,no,1677,yes,no,unknown,13,jun,2,-1,0,unknown,0,older
housemaid,married,secondary,no,1319,yes,no,cellular,31,jul,8,-1,0,unknown,0,older
blue-collar,married,secondary,no,675,yes,no,cellular,27,mar,4,-1,0,unknown,0,older
management,married,tertiary,no,742,yes,yes,cellular,12,jul,1,-1,0,unknown,0,young
unknown,married,primary,no,35510,yes,no,unknown,19,may,1,-1,0,unknown,0,older
technician,single,secondary,no,637,yes,no,cellular,12,feb,2,-1,0,unknown,0,young
blue-collar,single,secondary,no,0,yes,no,unknown,28,may,2,-1,0,unknown,0,young
blue-collar,married,primary,no,473,yes,yes,unknown,22,may,8,-1,0,unknown,0,young
admin.,divorced,secondary,no,253,yes,no,cellular,6,jul,1,-1,0,unknown,0,young
technician,single,secondary,no,700,yes,no,cellular,4,jul,1,-1,0,unknown,0,young
admin.,single,unknown,no,303,yes,no,unknown,8,may,1,-1,0,unknown,0,young
services,married,secondary,no,378,no,no,unknown,6,jun,2,-1,0,unknown,0,young
services,married,tertiary,no,633,no,yes,telephone,27,jul,6,-1,0,unknown,0,older
services,married,secondary,no,0,yes,no,unknown,12,may,1,-1,0,unknown,0,young
technician,single,secondary,no,2183,no,no,cellular,30,jan,3,-1,0,unknown,0,young
management,married,secondary,no,1526,yes,no,cellular,25,apr,3,183,3,failure,0,young
management,married,secondary,no,453,yes,yes,cellular,20,apr,3,-1,0,unknown,0,young
entrepreneur,married,secondary,no,531,no,no,cellular,28,apr,1,-1,0,unknown,0,young
technician,divorced,secondary,no,510,no,no,cellular,17,jun,1,149,2,success,1,older
management,single,tertiary,no,6668,no,no,cellular,14,jul,1,-1,0,unknown,0,young
management,single,tertiary,no,1245,no,no,cellular,20,may,2,-1,0,unknown,0,young
retired,divorced,tertiary,no,-118,no,no,telephone,18,nov,1,-1,0,unknown,0,young
retired,married,secondary,no,1167,yes,no,telephone,4,jul,2,175,0,other,0,young
services,married,tertiary,yes,-223,yes,no,unknown,28,may,1,-1,0,unknown,0,young
blue-collar,single,secondary,yes,156,yes,no,unknown,12,may,3,-1,0,unknown,0,young
technician,divorced,secondary,no,605,yes,yes,cellular,15,feb,2,-1,0,unknown,1,older
admin.,divorced,secondary,no,885,yes,yes,unknown,12,may,2,-1,0,unknown,0,older
services,single,secondary,no,563,no,yes,cellular,8,may,3,-1,0,unknown,0,young
retired,married,primary,no,715,no,no,cellular,3,feb,1,-1,0,unknown,0,older
entrepreneur,married,unknown,no,2390,no,no,cellular,27,feb,2,-1,0,unknown,0,older
blue-collar,married,secondary,no,975,yes,yes,unknown,28,may,4,-1,0,unknown,0,older
retired,married,tertiary,no,121,yes,no,cellular,16,may,1,374,1,success,1,young
entrepreneur,married,unknown,no,-243,yes,yes,unknown,29,may,1,-1,0,unknown,0,older
management,married,tertiary,no,340,no,no,unknown,5,may,2,-1,0,unknown,0,older
blue-collar,married,secondary,no,655,yes,no,telephone,31,jan,15,-1,0,unknown,0,older
management,married,tertiary,no,2860,yes,no,cellular,11,feb,6,-1,0,unknown,1,older
blue-collar,married,secondary,no,1335,yes,no,cellular,18,feb,2,-1,0,unknown,0,older
management,married,secondary,no,-265,no,no,cellular,29,aug,7,-1,0,unknown,0,older
services,single,secondary,no,5219,no,no,cellular,27,may,1,353,0,failure,0,young
admin.,married,secondary,no,489,yes,no,cellular,4,may,1,-1,0,unknown,0,older
blue-collar,single,primary,no,-20,yes,no,unknown,21,may,2,-1,0,unknown,0,young
technician,married,secondary,no,30,yes,no,cellular,7,may,2,362,3,failure,0,young
admin.,married,secondary,no,0,yes,yes,cellular,20,nov,1,-1,0,unknown,0,young
retired,single,secondary,no,777,yes,no,cellular,17,may,1,349,2,failure,0,young
admin.,married,secondary,no,777,yes,no,cellular,7,may,1,97,0,success,0,older
admin.,married,secondary,no,233,no,no,cellular,4,jun,2,262,3,other,1,older
blue-collar,married,secondary,no,1268,no,no,cellular,15,jul,7,-1,0,unknown,0,older
blue-collar,married,unknown,no,805,no,no,cellular,19,may,1,-1,0,unknown,0,older
management,married,tertiary,no,769,no,no,cellular,9,nov,1,-1,0,unknown,0,young
student,married,secondary,no,0,no,no,cellular,6,aug,9,-1,0,unknown,0,older
student,married,primary,no,1166,yes,no,cellular,30,jul,1,-1,0,unknown,0,older
technician,divorced,primary,no,670,yes,no,cellular,28,jul,3,-1,0,unknown,0,young
technician,married,secondary,no,0,no,no,cellular,19,feb,8,-1,0,unknown,0,young
admin.,single,tertiary,no,3114,no,no,cellular,24,feb,1,-1,0,unknown,1,young
technician,married,secondary,no,1172,yes,no,unknown,9,may,2,-1,0,unknown,0,older
management,divorced,tertiary,no,2853,yes,no,unknown,17,may,2,-1,0,unknown,0,young
technician,single,secondary,no,4373,no,no,cellular,8,jul,1,-1,0,unknown,0,young
services,married,primary,no,4250,no,no,telephone,20,nov,2,128,1,success,1,older
technician,married,secondary,no,1286,no,no,cellular,29,apr,2,-1,0,unknown,1,older
management,single,secondary,no,182,yes,no,cellular,14,may,3,756,1,failure,0,young
blue-collar,married,primary,no,880,yes,no,cellular,27,feb,3,-1,0,unknown,0,young
technician,single,secondary,no,371,no,no,unknown,4,may,2,-1,0,unknown,0,young
admin.,married,tertiary,no,815,yes,no,cellular,22,sep,1,118,0,other,0,young
admin.,married,secondary,no,182,yes,no,unknown,29,may,1,-1,0,unknown,0,older
management,married,tertiary,no,10,yes,no,cellular,8,apr,2,-1,0,unknown,0,young
technician,single,secondary,no,2097,yes,no,unknown,6,jun,1,-1,0,unknown,0,young
technician,single,secondary,yes,154,no,no,cellular,29,jul,1,-1,0,unknown,0,young
technician,single,secondary,no,368,yes,no,cellular,16,may,2,323,2,failure,0,young
self-employed,single,secondary,no,823,yes,no,unknown,3,may,1,-1,0,unknown,0,young
management,married,tertiary,no,5713,yes,no,cellular,17,nov,2,293,1,failure,0,older
blue-collar,single,primary,no,519,yes,no,cellular,15,feb,6,-1,0,unknown,1,young
blue-collar,married,primary,no,797,yes,no,cellular,14,jan,1,101,0,failure,0,older
admin.,single,unknown,no,916,yes,no,cellular,20,nov,1,-1,0,unknown,0,older
admin.,divorced,secondary,no,516,no,yes,cellular,28,jul,2,-1,0,unknown,0,young
management,married,tertiary,no,3329,no,no,cellular,19,aug,1,-1,0,unknown,0,young
management,divorced,tertiary,no,3328,no,no,cellular,19,aug,4,-1,0,unknown,0,older
technician,single,secondary,no,1340,yes,no,cellular,7,jun,1,-1,0,unknown,0,young
retired,married,tertiary,no,0,yes,no,cellular,2,may,2,355,1,failure,0,older
services,divorced,secondary,no,2408,no,no,cellular,26,aug,1,-1,0,unknown,1,older
management,divorced,tertiary,no,136,yes,no,telephone,19,oct,1,-1,0,unknown,0,older
blue-collar,single,secondary,no,487,no,no,unknown,2,may,3,-1,0,unknown,0,young
services,married,primary,no,216,yes,no,telephone,19,feb,5,-1,0,unknown,0,older
retired,married,tertiary,no,82,yes,no,cellular,14,jun,2,188,1,other,0,older
retired,married,tertiary,no,1563,yes,no,cellular,8,may,2,-1,0,unknown,0,young
blue-collar,married,secondary,no,0,no,no,cellular,17,aug,5,-1,0,unknown,0,older
technician,married,secondary,no,541,yes,no,cellular,4,may,2,304,5,failure,0,young
unemployed,married,tertiary,no,433,no,no,cellular,19,aug,2,-1,0,unknown,0,older
technician,married,unknown,no,2084,yes,no,unknown,6,jun,3,-1,0,unknown,0,older
technician,divorced,secondary,no,143,yes,no,unknown,21,may,2,-1,0,unknown,0,older
blue-collar,married,secondary,no,97,no,no,cellular,1,feb,1,-1,0,unknown,0,young
management,married,primary,no,989,no,yes,cellular,15,jul,1,-1,0,unknown,0,older
blue-collar,married,primary,no,226,no,yes,cellular,1,may,1,-1,0,unknown,0,older
management,single,tertiary,no,4476,no,no,cellular,6,jul,2,-1,0,unknown,1,young
technician,divorced,secondary,no,1832,yes,no,cellular,19,apr,12,-1,0,unknown,0,young
blue-collar,married,unknown,no,1676,no,no,cellular,18,may,1,-1,0,unknown,0,young
management,married,tertiary,no,51,yes,no,cellular,17,nov,2,184,5,failure,0,young
retired,married,secondary,no,178,yes,no,cellular,19,may,3,-1,0,unknown,0,older
self-employed,divorced,unknown,no,-341,yes,no,cellular,9,may,2,368,2,failure,0,older
management,married,tertiary,no,2456,yes,no,cellular,6,may,1,-1,0,unknown,0,older
services,single,secondary,no,0,yes,no,cellular,25,apr,1,-1,0,unknown,0,young
entrepreneur,married,tertiary,no,670,yes,no,cellular,14,nov,1,-1,0,unknown,0,older
entrepreneur,single,secondary,no,282,no,no,unknown,7,jun,3,-1,0,unknown,0,young
technician,married,tertiary,no,23,no,yes,cellular,5,jun,1,-1,0,unknown,0,young
technician,single,secondary,no,442,yes,no,unknown,13,may,1,-1,0,unknown,0,young
blue-collar,married,secondary,no,126,yes,yes,unknown,27,may,2,-1,0,unknown,0,young
management,married,secondary,no,146,yes,no,cellular,20,may,1,-1,0,unknown,0,young
management,married,tertiary,no,285,no,no,cellular,6,aug,2,-1,0,unknown,0,young
retired,married,secondary,no,4625,no,no,cellular,4,aug,5,179,3,other,1,young
technician,single,secondary,no,617,yes,yes,cellular,19,jul,2,-1,0,unknown,1,young
admin.,single,secondary,no,249,yes,no,cellular,22,may,2,-1,0,unknown,0,young
management,single,secondary,no,360,yes,no,cellular,19,apr,1,-1,0,unknown,0,young
self-employed,single,secondary,no,684,no,no,cellular,27,sep,1,-1,0,unknown,1,young
technician,married,unknown,no,247,no,no,unknown,18,jul,2,-1,0,unknown,0,young
management,single,secondary,no,417,yes,no,cellular,21,aug,2,-1,0,unknown,0,young
management,married,tertiary,no,8709,no,no,unknown,6,jul,2,-1,0,unknown,0,older
services,married,tertiary,no,2044,no,no,telephone,11,aug,2,-1,0,unknown,0,older
admin.,married,secondary,no,243,yes,no,unknown,5,jun,2,-1,0,unknown,0,young
management,married,secondary,no,-247,yes,no,unknown,30,may,1,-1,0,unknown,0,older
technician,married,secondary,no,48,no,no,cellular,28,jun,1,172,1,other,0,young
student,married,secondary,no,82,yes,yes,unknown,25,may,2,-1,0,unknown,0,older
retired,single,tertiary,no,703,no,no,cellular,20,aug,2,-1,0,unknown,0,young
technician,married,unknown,no,1344,no,no,cellular,30,apr,1,-1,3,failure,0,older
blue-collar,married,secondary,no,725,yes,no,cellular,14,apr,4,-1,0,unknown,0,young
retired,single,secondary,no,0,yes,no,cellular,18,jul,2,-1,0,unknown,0,young
technician,divorced,secondary,no,-316,yes,no,unknown,23,may,3,-1,0,unknown,0,young
admin.,single,secondary,no,398,yes,no,cellular,3,apr,2,191,3,failure,0,older
management,single,tertiary,no,649,no,no,cellular,5,jun,6,-1,0,unknown,1,young
management,single,primary,no,159,no,no,unknown,18,may,4,-1,0,unknown,0,young
technician,married,tertiary,no,111,yes,no,cellular,25,jul,2,-1,0,unknown,0,older
blue-collar,married,secondary,no,-1,yes,no,cellular,5,dec,4,-1,0,unknown,0,older
technician,single,secondary,no,505,no,no,unknown,17,may,1,-1,0,unknown,0,young
retired,single,primary,no,0,no,no,unknown,24,jun,2,-1,0,unknown,0,young
technician,divorced,primary,no,268,no,no,cellular,26,aug,3,-1,0,unknown,0,older
technician,married,secondary,no,1258,yes,no,cellular,18,apr,2,-1,0,unknown,0,older
management,divorced,tertiary,no,0,no,no,cellular,26,aug,4,-1,0,unknown,0,older
technician,divorced,secondary,no,82,yes,no,cellular,5,jul,4,-1,0,unknown,0,older
unknown,single,secondary,no,0,no,no,cellular,4,aug,2,-1,0,unknown,0,older
technician,married,tertiary,no,470,yes,no,cellular,7,may,1,175,3,failure,0,young
services,married,secondary,no,147,no,no,cellular,7,aug,14,-1,0,unknown,0,older
admin.,divorced,secondary,no,443,no,yes,unknown,15,mar,2,-1,0,unknown,0,young
admin.,single,secondary,no,2317,no,no,unknown,11,jun,1,-1,0,unknown,0,young
technician,married,secondary,no,340,yes,no,cellular,15,may,6,138,2,other,0,older
blue-collar,married,secondary,yes,0,yes,no,unknown,7,may,2,-1,0,unknown,0,young
services,single,secondary,no,819,no,no,cellular,10,aug,3,-1,0,unknown,0,young
management,single,tertiary,no,2155,no,no,cellular,17,apr,2,-1,0,unknown,1,young
blue-collar,married,secondary,no,1798,no,no,cellular,21,jul,3,321,5,other,0,young
technician,married,secondary,no,23,no,no,cellular,18,aug,2,-1,0,unknown,0,young
entrepreneur,married,tertiary,no,2343,no,no,cellular,28,aug,2,325,1,success,1,older
management,single,tertiary,no,1152,yes,no,unknown,6,oct,1,-1,0,unknown,0,young
blue-collar,married,secondary,yes,-551,yes,no,unknown,28,may,3,-1,0,unknown,0,young
technician,married,secondary,no,210,no,no,cellular,6,may,1,-1,0,unknown,0,young
blue-collar,single,secondary,no,26,yes,no,unknown,20,may,2,-1,0,unknown,0,young
blue-collar,married,secondary,no,611,yes,no,cellular,14,may,1,293,4,failure,1,young
technician,married,secondary,no,297,yes,no,unknown,11,may,1,-1,0,unknown,0,young
management,married,tertiary,no,24,yes,no,cellular,11,jan,2,-1,0,unknown,0,older
management,married,secondary,no,-286,yes,no,cellular,13,jul,2,-1,0,unknown,0,young
technician,married,tertiary,no,195,no,no,cellular,7,jun,1,162,1,failure,0,young
services,single,tertiary,no,167,yes,no,cellular,6,may,1,350,1,failure,0,older
blue-collar,single,secondary,no,2371,yes,yes,unknown,7,may,3,-1,0,unknown,0,young
blue-collar,married,primary,no,310,no,no,cellular,16,oct,1,-1,0,unknown,0,older
admin.,divorced,secondary,no,948,yes,no,cellular,5,mar,2,-1,0,unknown,0,older
management,married,primary,no,5088,yes,no,unknown,17,may,2,-1,0,unknown,0,older
blue-collar,married,secondary,no,21,no,no,cellular,6,jun,1,-1,0,unknown,0,older
technician,married,secondary,no,2069,yes,no,cellular,8,may,3,-1,0,unknown,0,young
entrepreneur,single,secondary,no,170,no,no,cellular,31,jul,1,-1,0,unknown,0,older
blue-collar,single,secondary,no,245,no,no,cellular,19,jan,1,-1,0,unknown,0,young
blue-collar,married,primary,no,2460,yes,yes,cellular,18,may,2,-1,0,unknown,0,older
blue-collar,married,secondary,yes,34,yes,no,unknown,7,may,1,-1,0,unknown,0,older
management,married,primary,no,0,yes,no,unknown,12,may,2,-1,0,unknown,0,older
technician,single,secondary,no,0,yes,no,cellular,27,aug,8,-1,0,unknown,0,young
management,married,secondary,yes,-1199,no,no,cellular,30,aug,10,-1,0,unknown,0,older
self-employed,married,tertiary,no,0,yes,no,cellular,17,jul,1,326,1,failure,0,young
blue-collar,married,primary,no,390,no,no,cellular,26,aug,10,-1,0,unknown,0,young
services,married,secondary,no,0,no,no,unknown,29,jul,1,-1,0,unknown,0,young
retired,single,tertiary,no,4011,no,no,unknown,17,may,2,-1,0,unknown,0,young
management,married,tertiary,no,128,yes,no,unknown,7,may,3,-1,0,unknown,0,young
admin.,married,secondary,no,-200,yes,yes,unknown,16,may,2,-1,0,unknown,0,older
admin.,single,secondary,no,193,yes,yes,cellular,6,jul,1,188,2,failure,0,young
management,married,secondary,no,1495,yes,no,telephone,15,apr,1,-1,0,unknown,0,older
management,married,tertiary,no,11353,no,no,telephone,5,jul,4,111,2,success,0,older
technician,married,secondary,no,357,yes,no,cellular,2,feb,3,-1,0,unknown,0,young
services,single,tertiary,no,957,no,no,cellular,5,aug,2,-1,0,unknown,0,young
technician,married,secondary,no,1015,yes,no,unknown,18,jul,1,-1,0,unknown,0,young
blue-collar,married,secondary,no,22,no,yes,telephone,16,aug,3,-1,0,unknown,0,older
technician,married,tertiary,no,240,no,yes,cellular,27,jul,1,-1,0,unknown,0,young
technician,single,secondary,no,0,no,no,telephone,21,aug,2,-1,0,unknown,0,older
admin.,married,secondary,no,3105,yes,no,cellular,30,jul,4,-1,0,unknown,0,older
technician,single,tertiary,no,2097,yes,no,cellular,23,jul,1,247,1,other,0,young
technician,married,secondary,no,-1180,yes,yes,unknown,11,may,3,-1,0,unknown,0,older
management,married,tertiary,no,9686,yes,no,cellular,21,nov,2,-1,0,unknown,0,older
management,single,tertiary,no,4118,no,no,cellular,5,aug,3,-1,0,unknown,0,young
blue-collar,married,unknown,no,401,yes,yes,cellular,18,jan,1,-1,0,unknown,0,young
technician,single,secondary,no,66,yes,no,cellular,14,apr,2,301,2,other,0,young
blue-collar,single,primary,no,372,yes,no,unknown,8,may,1,-1,0,unknown,0,young
blue-collar,married,secondary,no,2577,yes,no,cellular,5,may,1,350,1,failure,0,older
blue-collar,divorced,secondary,no,208,no,no,unknown,12,jun,4,-1,0,unknown,0,older
blue-collar,divorced,secondary,no,-323,yes,no,unknown,16,may,4,-1,0,unknown,0,older
technician,single,secondary,no,372,yes,no,cellular,4,jan,1,-1,0,unknown,0,young
technician,married,secondary,no,552,no,no,cellular,2,feb,3,-1,0,unknown,0,young
blue-collar,married,primary,no,54,yes,no,cellular,8,jul,1,299,2,failure,0,young
self-employed,married,tertiary,no,1056,no,yes,cellular,13,aug,2,-1,0,unknown,0,older
technician,married,secondary,no,3644,yes,no,telephone,15,jun,2,-1,0,unknown,0,older
blue-collar,married,secondary,no,1615,yes,no,unknown,25,may,2,-1,0,unknown,0,young
blue-collar,married,secondary,no,30,yes,no,unknown,29,may,3,-1,0,unknown,0,young
blue-collar,married,secondary,no,443,yes,no,cellular,17,may,1,265,1,failure,0,young
management,married,tertiary,no,1806,yes,no,unknown,28,may,2,-1,0,unknown,0,young
admin.,married,secondary,no,19419,no,no,telephone,30,sep,4,126,10,failure,1,older
student,married,primary,no,0,yes,no,cellular,5,may,2,349,1,failure,0,young
services,single,secondary,no,529,no,no,cellular,31,jul,30,-1,0,unknown,0,young
self-employed,single,secondary,no,67,no,no,cellular,6,jul,4,-1,0,unknown,0,young
admin.,married,secondary,no,2945,no,yes,cellular,17,may,1,356,3,failure,0,young
blue-collar,single,secondary,no,1937,yes,no,unknown,3,may,1,-1,0,unknown,0,young
technician,married,secondary,no,-3,yes,yes,unknown,17,may,2,-1,0,unknown,0,young
unknown,married,secondary,no,452,yes,no,cellular,4,may,1,168,2,other,0,young
blue-collar,married,secondary,no,0,yes,yes,cellular,7,may,5,-1,0,unknown,0,older
blue-collar,married,unknown,no,0,yes,no,unknown,29,may,2,-1,0,unknown,0,older
admin.,married,secondary,no,11,no,no,unknown,5,may,1,-1,0,unknown,0,young
services,single,secondary,no,0,no,no,cellular,9,aug,4,-1,0,unknown,1,older
management,married,secondary,no,1451,yes,no,cellular,12,jul,12,-1,0,unknown,0,young
management,married,tertiary,no,352,yes,no,telephone,17,may,1,-1,0,unknown,0,older
technician,single,secondary,no,9253,yes,no,cellular,19,may,2,-1,0,unknown,0,young
admin.,married,secondary,no,4,yes,no,cellular,8,may,1,-1,0,unknown,0,young
technician,married,secondary,no,426,no,yes,cellular,30,feb,5,-1,0,unknown,0,older
blue-collar,married,primary,no,301,yes,no,cellular,26,feb,3,-1,0,unknown,0,older
admin.,married,secondary,no,105,yes,no,unknown,13,may,2,-1,0,unknown,0,young
services,married,secondary,no,2592,yes,no,cellular,9,nov,2,-1,0,unknown,0,older
self-employed,married,primary,no,976,yes,no,cellular,20,nov,1,101,2,failure,0,older
blue-collar,married,secondary,no,-124,yes,no,cellular,4,mar,1,-1,0,unknown,0,young
blue-collar,married,secondary,no,1564,yes,no,cellular,11,feb,3,-1,0,unknown,0,older
blue-collar,married,secondary,no,118,yes,no,unknown,6,may,4,-1,0,unknown,0,older
blue-collar,married,primary,no,139,yes,no,unknown,8,may,2,-1,0,unknown,0,older
blue-collar,married,secondary,no,5640,yes,yes,unknown,10,may,1,-1,0,unknown,0,young
technician,married,secondary,no,160,yes,yes,cellular,9,apr,1,260,2,failure,0,older
management,single,tertiary,no,152,no,no,cellular,23,aug,4,-1,0,unknown,0,young
student,divorced,tertiary,no,391,no,no,cellular,2,aug,2,-1,5,success,1,older
services,married,tertiary,no,1119,yes,no,cellular,27,may,4,-1,0,unknown,0,older
admin.,married,secondary,no,141,yes,no,telephone,3,aug,4,-1,0,unknown,0,older
admin.,single,tertiary,no,604,no,no,cellular,19,apr,1,91,8,failure,0,young
technician,married,secondary,no,34,yes,no,telephone,4,jul,7,-1,0,unknown,0,young
blue-collar,married,primary,no,1838,no,no,cellular,20,jun,1,-1,0,unknown,1,young
retired,married,tertiary,no,117,yes,no,cellular,19,nov,1,-1,0,unknown,0,young
blue-collar,married,secondary,no,443,yes,no,cellular,19,nov,1,-1,0,unknown,0,young
management,married,tertiary,no,255,yes,no,unknown,28,may,2,-1,0,unknown,0,young
management,single,tertiary,no,315,yes,no,cellular,11,jul,1,350,2,other,0,young
technician,divorced,tertiary,no,71,no,no,cellular,24,jun,1,92,2,success,1,older
technician,married,tertiary,no,2265,no,no,telephone,20,aug,2,-1,0,unknown,0,older
admin.,married,secondary,no,0,yes,yes,unknown,28,may,4,-1,0,unknown,0,older
technician,single,tertiary,no,59,no,no,cellular,20,may,9,-1,0,unknown,0,young
technician,married,primary,no,-383,yes,no,cellular,10,nov,1,175,2,success,0,young
admin.,single,secondary,no,337,yes,yes,unknown,12,may,4,-1,0,unknown,0,young
blue-collar,married,primary,no,701,no,no,cellular,6,aug,1,-1,0,unknown,0,older
services,married,tertiary,no,3237,no,no,unknown,14,sep,1,-1,0,unknown,0,older
technician,single,tertiary,no,24,no,yes,cellular,9,aug,20,-1,0,unknown,0,older
technician,single,secondary,no,323,yes,no,cellular,28,feb,2,-1,0,unknown,0,young
services,married,secondary,no,95,yes,no,unknown,9,may,8,-1,0,unknown,0,older
management,married,tertiary,no,8619,yes,no,cellular,18,apr,3,-1,0,unknown,0,young
blue-collar,married,secondary,no,717,no,no,telephone,28,feb,3,-1,0,unknown,0,young
management,divorced,unknown,no,3276,no,no,telephone,22,jan,1,106,2,success,0,older
services,divorced,secondary,no,1076,yes,no,unknown,23,may,2,-1,0,unknown,0,older
student,married,secondary,no,11,no,no,telephone,7,jun,2,-1,0,unknown,0,young
housemaid,single,secondary,no,32,yes,no,cellular,7,feb,12,247,2,failure,0,young
technician,married,secondary,no,24,no,no,unknown,9,jun,5,-1,0,unknown,0,young
admin.,married,secondary,no,88,yes,no,cellular,3,apr,2,270,2,other,0,young
management,married,secondary,no,231,yes,no,cellular,14,jun,1,322,1,failure,0,older
management,single,secondary,no,859,yes,no,telephone,12,may,5,337,2,other,0,young
services,single,tertiary,no,1904,no,no,cellular,22,aug,5,-1,0,unknown,0,young
retired,married,secondary,no,3440,no,no,cellular,16,may,3,91,3,other,0,older
blue-collar,married,primary,no,0,no,yes,unknown,16,may,3,-1,0,unknown,0,older
self-employed,single,secondary,no,1802,no,no,unknown,3,jun,1,-1,0,unknown,0,young
blue-collar,single,primary,no,521,no,no,unknown,12,may,1,-1,0,unknown,0,young
management,single,tertiary,no,1464,no,no,cellular,12,apr,3,-1,0,unknown,0,young
technician,married,secondary,no,1875,no,no,cellular,30,aug,5,-1,0,unknown,0,older
blue-collar,divorced,secondary,no,300,yes,no,cellular,18,apr,2,-1,0,unknown,0,older
management,married,secondary,no,-104,no,no,cellular,31,jul,5,-1,0,unknown,0,older
management,single,tertiary,no,853,no,no,cellular,19,feb,4,-1,0,unknown,0,young
technician,single,secondary,no,188,yes,no,cellular,18,may,1,-1,0,unknown,0,young
services,married,secondary,no,178,no,no,cellular,4,jul,2,365,2,success,1,older
management,married,secondary,no,-197,yes,no,unknown,28,may,1,-1,0,unknown,0,older
technician,married,secondary,no,46,yes,yes,unknown,5,jun,1,-1,0,unknown,0,young
self-employed,married,secondary,no,26,yes,yes,cellular,8,feb,2,-1,0,unknown,0,young
management,married,secondary,no,493,no,no,cellular,25,jul,1,-1,0,unknown,1,young
retired,single,secondary,no,459,no,no,cellular,19,feb,1,-1,0,unknown,0,young
entrepreneur,divorced,primary,no,165,yes,no,cellular,6,jul,1,-1,0,unknown,0,older
management,married,tertiary,no,3065,yes,no,cellular,23,feb,2,-1,0,unknown,0,older
technician,married,secondary,no,364,yes,no,unknown,6,may,1,-1,0,unknown,0,older
blue-collar,married,primary,no,3165,yes,no,telephone,7,may,12,-1,0,unknown,0,older
admin.,married,secondary,no,1129,no,no,cellular,7,feb,19,-1,0,unknown,0,older
technician,married,secondary,no,11571,no,no,telephone,9,aug,4,-1,0,unknown,0,older
management,single,tertiary,no,5895,no,no,cellular,7,jul,2,235,5,success,1,young
management,divorced,tertiary,no,414,yes,no,cellular,14,apr,3,292,8,failure,0,young
management,married,secondary,no,11496,yes,no,cellular,15,oct,2,-1,6,other,0,young
blue-collar,divorced,secondary,no,-170,yes,no,cellular,14,jul,4,-1,0,unknown,0,older
student,married,secondary,no,-533,yes,no,telephone,11,feb,3,346,2,failure,0,older
services,married,secondary,no,1987,yes,no,unknown,22,mar,2,-1,0,unknown,0,young
services,single,tertiary,no,164,no,no,cellular,5,may,1,247,3,failure,1,young
unknown,single,unknown,no,0,no,no,cellular,31,jun,2,-1,0,unknown,0,older
technician,married,secondary,no,-720,yes,yes,cellular,6,may,3,-1,0,unknown,0,young
management,single,tertiary,no,5055,yes,no,cellular,19,jul,2,-1,0,unknown,0,young
management,married,tertiary,no,1,yes,no,unknown,4,may,1,-1,0,unknown,0,young
management,married,primary,no,904,no,no,telephone,19,nov,2,-1,0,unknown,0,older
management,divorced,primary,no,-396,no,no,cellular,29,aug,4,-1,0,unknown,0,older
technician,divorced,secondary,no,105,no,no,unknown,17,jun,2,-1,0,unknown,0,older
blue-collar,married,secondary,no,864,yes,no,cellular,17,jul,3,-1,0,unknown,0,young
management,single,tertiary,no,1052,no,no,unknown,7,jun,1,-1,0,unknown,0,young
admin.,single,secondary,no,66,yes,yes,unknown,20,may,1,-1,0,unknown,0,young
technician,single,secondary,no,690,no,no,telephone,22,aug,3,-1,0,unknown,0,young
technician,married,primary,no,198,yes,yes,cellular,11,feb,8,-1,0,unknown,0,older
entrepreneur,married,primary,no,100,yes,no,unknown,11,may,4,-1,0,unknown,0,young
management,divorced,tertiary,no,985,no,no,cellular,20,aug,6,-1,0,unknown,0,older
blue-collar,married,primary,no,3170,yes,no,unknown,30,may,2,-1,0,unknown,0,older
blue-collar,married,unknown,no,833,yes,no,unknown,5,mar,2,-1,0,unknown,0,young
management,single,tertiary,no,972,no,no,telephone,15,jun,1,-1,0,unknown,0,older
admin.,married,secondary,yes,-456,yes,no,unknown,29,may,5,-1,0,unknown,0,young
management,divorced,primary,no,396,no,no,telephone,15,feb,1,-1,0,unknown,0,older
blue-collar,single,secondary,no,3253,yes,no,unknown,15,may,1,-1,0,unknown,0,young
management,single,tertiary,no,1153,no,no,telephone,13,jul,1,-1,0,unknown,0,older
services,married,secondary,no,1390,no,no,telephone,20,aug,1,-1,0,unknown,0,older
blue-collar,married,primary,no,725,yes,no,unknown,11,may,2,-1,0,unknown,0,older
management,single,tertiary,no,129,no,no,cellular,5,aug,1,177,1,other,0,young
blue-collar,married,unknown,no,321,yes,no,cellular,14,may,2,-1,0,unknown,0,older
technician,married,secondary,no,1346,yes,yes,unknown,6,may,3,-1,0,unknown,0,older
technician,married,secondary,no,755,yes,no,unknown,29,may,5,-1,0,unknown,0,young
technician,married,secondary,no,38,no,no,cellular,11,aug,1,-1,0,unknown,0,young
technician,married,secondary,no,765,yes,no,cellular,25,aug,4,-1,0,unknown,0,young
blue-collar,divorced,secondary,no,425,no,no,cellular,15,apr,2,106,3,failure,0,older
technician,single,secondary,no,26,no,no,cellular,8,sep,1,-1,0,unknown,0,young
self-employed,married,secondary,no,0,no,no,cellular,22,aug,2,-1,0,unknown,0,older
technician,married,secondary,no,403,yes,no,unknown,21,may,2,-1,0,unknown,0,young
blue-collar,married,secondary,no,1712,yes,no,cellular,31,jun,4,-1,0,unknown,0,older
technician,single,secondary,no,138,no,no,unknown,13,sep,1,-1,0,unknown,0,young
technician,single,secondary,no,498,yes,no,cellular,13,may,2,342,3,failure,0,young
management,married,secondary,no,4,no,yes,cellular,21,jun,1,-1,0,unknown,0,young
management,single,tertiary,no,223,yes,yes,cellular,5,apr,3,171,1,failure,0,older
admin.,divorced,secondary,no,3597,no,no,cellular,18,jul,2,-1,0,unknown,0,older
services,married,secondary,no,353,yes,yes,cellular,23,apr,1,-1,0,unknown,0,older
services,married,tertiary,no,5469,no,no,cellular,28,may,1,-1,0,unknown,0,older
blue-collar,single,secondary,no,217,no,no,cellular,4,jan,4,-1,0,unknown,0,older
technician,single,secondary,no,1730,no,no,cellular,1,aug,1,168,1,success,1,young
blue-collar,divorced,secondary,no,219,yes,no,cellular,16,may,11,-1,0,unknown,0,older
retired,married,secondary,no,3693,no,no,unknown,10,jun,1,-1,0,unknown,0,older
technician,married,secondary,no,0,yes,no,unknown,27,may,1,-1,0,unknown,0,young
management,married,unknown,no,649,no,no,unknown,20,may,3,-1,0,unknown,0,older
management,married,tertiary,no,1542,no,no,cellular,7,aug,2,-1,0,unknown,0,older
technician,divorced,tertiary,no,389,yes,no,cellular,28,aug,11,-1,0,unknown,0,older
blue-collar,married,primary,no,0,yes,no,cellular,11,jun,2,-1,0,unknown,0,young
management,married,primary,no,571,no,no,cellular,31,jul,1,-1,0,unknown,0,older
admin.,divorced,secondary,no,-291,yes,no,unknown,29,may,2,-1,0,unknown,0,young
services,married,secondary,no,-935,no,yes,cellular,9,jul,1,-1,0,unknown,0,older
blue-collar,married,primary,no,509,no,no,cellular,7,jan,2,-1,0,unknown,1,older
management,married,tertiary,no,459,yes,no,cellular,6,aug,2,-1,0,unknown,0,young
admin.,married,primary,no,42,no,no,unknown,6,jun,2,-1,0,unknown,0,older
blue-collar,married,secondary,no,3142,yes,no,cellular,19,aug,10,-1,0,unknown,0,older
retired,single,tertiary,no,4,yes,no,cellular,2,jul,1,264,5,other,0,young
technician,single,secondary,no,2500,yes,no,unknown,11,may,5,-1,0,unknown,1,older
management,married,tertiary,no,7,yes,yes,cellular,12,jul,2,-1,0,unknown,1,young
unknown,married,primary,no,988,no,no,unknown,19,jul,1,-1,0,unknown,0,older
blue-collar,divorced,primary,no,117,no,no,cellular,9,nov,1,-1,0,unknown,0,older
management,single,tertiary,no,212,no,no,cellular,27,feb,23,-1,0,unknown,1,young
technician,single,secondary,no,624,yes,no,unknown,29,may,2,-1,0,unknown,0,young
management,divorced,secondary,no,1635,no,no,cellular,16,nov,1,-1,0,unknown,1,older
unknown,single,secondary,no,2030,no,no,cellular,15,feb,1,-1,0,unknown,0,older
management,married,secondary,no,118,yes,no,unknown,6,may,1,-1,0,unknown,0,young
admin.,married,secondary,no,449,no,no,cellular,6,jul,1,-1,0,unknown,0,older
blue-collar,married,unknown,no,46,yes,no,unknown,16,may,3,-1,0,unknown,0,older
services,single,tertiary,no,990,no,no,cellular,28,aug,4,-1,4,success,1,young
blue-collar,single,secondary,no,567,yes,yes,cellular,8,jan,2,-1,0,unknown,0,young
blue-collar,married,primary,no,4325,no,no,cellular,11,aug,2,-1,0,unknown,0,older
management,married,secondary,no,4430,yes,yes,cellular,6,jan,1,-1,0,unknown,0,young
management,single,tertiary,no,3410,yes,no,cellular,21,nov,2,-1,0,unknown,0,young
retired,married,tertiary,no,366,yes,yes,cellular,7,jul,1,-1,0,unknown,0,young
student,married,secondary,no,2921,yes,yes,unknown,8,may,1,-1,0,unknown,0,older
unemployed,single,secondary,no,19,yes,no,unknown,14,may,1,-1,0,unknown,0,young
blue-collar,single,primary,no,-318,no,no,cellular,19,may,2,-1,0,unknown,0,young
management,married,tertiary,no,152,no,no,unknown,24,may,2,-1,0,unknown,0,young
management,married,tertiary,no,3,no,no,cellular,22,apr,2,-1,0,unknown,0,young
blue-collar,married,secondary,no,111,no,no,cellular,20,aug,4,-1,0,unknown,0,young
management,divorced,tertiary,no,272,yes,no,cellular,18,nov,2,-1,0,unknown,0,young
management,single,tertiary,no,1111,yes,no,cellular,28,jul,3,-1,0,unknown,0,young
admin.,divorced,secondary,no,632,no,no,cellular,30,jul,2,-1,0,unknown,0,older
technician,divorced,tertiary,no,27,yes,no,cellular,9,may,2,350,2,failure,0,young
blue-collar,married,secondary,no,-389,yes,yes,unknown,17,may,1,-1,0,unknown,0,young
management,married,tertiary,no,26802,no,yes,cellular,7,aug,2,-1,0,unknown,0,young
blue-collar,married,primary,no,-398,yes,yes,unknown,19,may,1,-1,0,unknown,0,older
technician,married,tertiary,no,171,no,no,cellular,20,aug,2,-1,0,unknown,1,older
technician,single,secondary,no,244,yes,no,unknown,20,may,5,-1,0,unknown,0,young
admin.,married,secondary,no,0,no,no,cellular,6,jul,1,-1,0,unknown,0,young
management,single,tertiary,no,220,yes,no,cellular,20,jun,2,-1,0,unknown,0,young
technician,married,secondary,no,9,yes,no,unknown,28,jun,1,-1,0,unknown,0,older
management,married,primary,no,1472,no,no,cellular,10,aug,4,-1,0,unknown,1,older
blue-collar,married,primary,no,210,yes,no,cellular,18,may,9,-1,0,unknown,0,young
services,married,secondary,no,4822,no,no,cellular,20,aug,2,-1,0,unknown,0,older
management,married,secondary,no,1800,no,no,cellular,25,aug,5,-1,0,unknown,0,older
blue-collar,married,secondary,no,-71,no,no,cellular,21,aug,7,-1,0,unknown,0,young
blue-collar,married,primary,no,375,yes,no,cellular,8,may,2,129,3,other,0,older
management,married,tertiary,no,2763,yes,no,cellular,10,may,2,432,2,success,0,young
management,married,tertiary,no,14,yes,yes,cellular,27,jul,1,-1,0,unknown,0,young
technician,divorced,secondary,no,61,no,no,telephone,4,aug,1,-1,0,unknown,0,older
retired,single,tertiary,no,0,no,no,cellular,5,jul,2,-1,0,unknown,0,young
technician,divorced,secondary,no,2569,yes,yes,cellular,6,jul,2,132,2,failure,0,older
retired,married,secondary,no,-244,yes,yes,cellular,18,may,1,-1,0,unknown,0,young
admin.,single,unknown,no,615,no,no,cellular,15,apr,1,91,1,other,0,young
management,married,tertiary,no,264,yes,no,cellular,8,may,1,-1,0,unknown,1,young
admin.,single,secondary,no,659,no,no,telephone,23,mar,2,-1,0,unknown,0,young
technician,single,tertiary,no,1553,no,no,cellular,7,aug,2,-1,0,unknown,0,young
blue-collar,married,secondary,no,360,yes,no,unknown,4,mar,1,-1,0,unknown,0,older
technician,married,tertiary,no,1843,yes,no,cellular,17,jul,1,-1,0,unknown,0,older
management,divorced,tertiary,no,0,no,no,cellular,21,feb,1,-1,0,unknown,0,older
blue-collar,single,secondary,no,520,no,no,telephone,14,jun,2,-1,0,unknown,0,young
management,married,tertiary,no,0,no,no,cellular,12,aug,3,-1,0,unknown,0,young
blue-collar,married,secondary,no,1177,no,no,cellular,18,sep,2,107,3,failure,0,older
management,single,secondary,no,0,no,no,telephone,17,jun,3,-1,0,unknown,1,young
admin.,divorced,tertiary,no,-372,no,yes,cellular,20,jul,1,-1,0,unknown,1,young
blue-collar,married,secondary,no,-394,yes,no,telephone,6,may,3,323,5,failure,0,older
management,single,tertiary,no,3035,yes,no,cellular,19,nov,1,478,2,failure,1,young
admin.,divorced,tertiary,no,219,no,yes,cellular,14,nov,1,74,5,failure,0,young
admin.,married,secondary,no,440,no,no,cellular,21,jun,1,-1,0,unknown,0,older
blue-collar,married,primary,no,925,yes,no,unknown,8,may,5,-1,0,unknown,0,young
management,single,tertiary,no,1649,yes,no,cellular,22,sep,2,-1,0,unknown,0,young
blue-collar,married,secondary,no,2553,yes,no,cellular,18,nov,2,453,2,failure,0,young
admin.,married,primary,no,0,yes,yes,unknown,16,may,3,-1,0,unknown,0,older
services,single,secondary,no,0,no,no,cellular,24,aug,30,-1,0,unknown,0,young
technician,married,primary,no,11291,yes,no,cellular,13,apr,2,-1,0,unknown,0,older
management,married,tertiary,no,19906,yes,no,unknown,29,may,2,-1,0,unknown,0,young
blue-collar,married,secondary,no,3840,yes,no,cellular,16,apr,2,-1,0,unknown,0,young
management,married,tertiary,no,0,yes,no,cellular,28,jan,4,-1,0,unknown,0,young
management,married,secondary,no,656,yes,no,cellular,21,feb,2,-1,0,unknown,0,older
technician,married,secondary,no,19,no,no,cellular,8,jul,1,-1,0,unknown,0,young
blue-collar,single,primary,no,1970,yes,no,cellular,29,jun,1,259,1,failure,0,older
technician,married,secondary,no,358,no,no,cellular,20,aug,7,-1,0,unknown,0,older
management,married,secondary,no,296,no,no,unknown,13,may,5,-1,0,unknown,0,young
management,married,tertiary,no,2673,no,no,telephone,19,aug,8,-1,0,unknown,0,older
blue-collar,married,secondary,no,3509,no,yes,cellular,17,aug,3,-1,0,unknown,0,older
technician,single,tertiary,no,99,no,no,cellular,23,aug,4,-1,0,unknown,0,older
blue-collar,married,secondary,no,1118,yes,no,unknown,6,jul,6,-1,0,unknown,0,young
blue-collar,married,secondary,no,1653,no,no,unknown,14,feb,1,-1,0,unknown,1,older
management,divorced,tertiary,no,2414,no,no,telephone,11,aug,2,-1,0,unknown,0,young
blue-collar,married,primary,no,-69,yes,no,cellular,14,jul,2,-1,0,unknown,1,older
admin.,single,tertiary,no,-312,no,no,telephone,12,aug,2,-1,0,unknown,0,older
self-employed,married,tertiary,no,428,yes,yes,cellular,12,jun,1,-1,0,unknown,0,older
admin.,married,secondary,no,186,yes,no,cellular,6,dec,1,-1,0,unknown,0,young
management,married,tertiary,no,-941,yes,yes,cellular,11,may,1,-1,0,unknown,0,older
technician,single,secondary,no,119,yes,no,cellular,2,jul,1,358,1,failure,0,young
technician,married,secondary,no,2957,yes,no,cellular,4,feb,1,-1,0,unknown,0,young
retired,married,tertiary,no,16810,no,no,cellular,20,apr,1,-1,0,unknown,1,older
student,married,secondary,no,476,yes,no,unknown,28,may,6,-1,0,unknown,0,older
admin.,married,secondary,no,0,no,no,cellular,12,may,2,224,4,failure,0,older
blue-collar,married,primary,no,310,yes,no,unknown,21,may,1,-1,0,unknown,0,older
blue-collar,married,secondary,no,216,yes,yes,cellular,5,apr,4,-1,0,unknown,0,young
technician,married,unknown,no,690,no,no,telephone,15,feb,2,-1,0,unknown,0,older
admin.,married,secondary,no,265,yes,no,cellular,31,jul,2,-1,0,unknown,0,older
management,married,secondary,no,252,yes,no,unknown,29,may,1,-1,0,unknown,1,young
management,married,tertiary,no,1633,no,no,cellular,14,jul,1,29,2,failure,0,older
management,single,tertiary,no,222,no,no,cellular,11,jun,8,-1,0,unknown,0,young
blue-collar,married,primary,no,1317,no,no,cellular,22,aug,2,-1,0,unknown,0,older
management,single,tertiary,no,80,no,no,cellular,30,aug,16,-1,0,unknown,0,young
self-employed,single,secondary,no,42,yes,no,unknown,25,may,1,-1,0,unknown,0,young
admin.,divorced,secondary,no,1358,yes,no,cellular,15,may,1,-1,0,unknown,0,older
admin.,married,secondary,no,296,no,no,cellular,14,jul,1,-1,0,unknown,0,young
management,married,secondary,no,4167,yes,no,cellular,12,may,3,-1,0,unknown,1,young
blue-collar,married,secondary,no,871,no,no,cellular,19,sep,2,-1,0,unknown,0,older
management,married,tertiary,no,300,yes,yes,cellular,26,apr,2,-1,0,unknown,1,older
technician,married,secondary,no,207,no,no,cellular,18,may,2,-1,0,unknown,0,older
admin.,single,secondary,no,2490,yes,no,cellular,19,nov,2,-1,0,unknown,0,young
blue-collar,married,primary,no,2405,yes,no,cellular,29,jul,1,-1,0,unknown,0,young
admin.,married,secondary,no,983,no,no,cellular,28,aug,6,-1,0,unknown,0,older
blue-collar,single,primary,no,5621,yes,no,unknown,6,may,3,-1,0,unknown,0,young
management,married,tertiary,no,5043,no,no,unknown,29,may,4,-1,0,unknown,0,older
technician,single,tertiary,yes,0,yes,yes,unknown,17,may,1,-1,0,unknown,0,young
technician,divorced,unknown,no,482,yes,no,cellular,16,jul,1,-1,0,unknown,0,older
retired,married,unknown,no,826,no,no,cellular,27,feb,1,-1,0,unknown,0,older
unknown,married,tertiary,no,427,no,no,cellular,26,aug,2,-1,0,unknown,0,older
student,married,secondary,no,22221,yes,no,cellular,16,may,4,168,5,success,0,older
entrepreneur,single,secondary,no,216,yes,no,unknown,7,may,1,-1,0,unknown,0,young
student,single,unknown,no,1366,no,no,cellular,3,may,1,-1,0,unknown,0,young
technician,single,secondary,no,198,yes,no,cellular,29,aug,5,-1,0,unknown,0,young
management,single,tertiary,no,984,no,no,unknown,4,jun,2,-1,0,unknown,1,young
management,married,tertiary,no,567,yes,no,cellular,5,jan,1,239,1,other,0,older
blue-collar,single,secondary,no,702,yes,no,unknown,7,may,2,-1,0,unknown,0,young
services,single,secondary,no,-53,yes,no,unknown,19,may,2,-1,0,unknown,0,young
unknown,married,secondary,no,317,yes,no,unknown,29,may,2,-1,0,unknown,0,older
technician,married,secondary,no,2417,no,no,cellular,3,aug,2,-1,0,unknown,0,young
technician,single,secondary,no,2617,yes,no,unknown,13,may,24,-1,0,unknown,0,older
technician,married,tertiary,no,442,no,no,cellular,20,apr,1,-1,0,unknown,1,older
self-employed,single,primary,no,419,yes,yes,cellular,22,jan,1,295,3,failure,0,young
admin.,single,unknown,no,8298,no,no,cellular,26,nov,2,-1,0,unknown,0,older
services,divorced,secondary,no,1473,yes,no,unknown,29,may,4,-1,0,unknown,0,older
management,divorced,secondary,no,1554,yes,no,cellular,18,may,2,-1,0,unknown,0,young
admin.,single,secondary,no,175,yes,no,unknown,19,may,4,-1,0,unknown,0,young
blue-collar,married,secondary,no,0,yes,no,unknown,5,may,1,-1,0,unknown,0,young
management,married,tertiary,no,784,no,no,cellular,8,sep,3,184,1,failure,0,older
student,married,secondary,no,762,yes,yes,cellular,7,may,6,144,8,other,0,older
services,married,tertiary,no,478,yes,no,cellular,16,jul,2,-1,0,unknown,0,older
technician,single,secondary,no,541,yes,no,cellular,4,jan,1,-1,0,unknown,0,young
housemaid,divorced,tertiary,no,503,yes,no,cellular,30,aug,1,190,3,failure,0,older
blue-collar,married,secondary,no,6117,yes,no,cellular,19,may,3,183,7,failure,0,young
technician,married,secondary,no,1936,yes,no,unknown,13,may,2,-1,0,unknown,0,older
admin.,divorced,secondary,no,4780,yes,no,cellular,13,nov,2,252,44,failure,0,young
management,married,tertiary,no,519,yes,no,unknown,5,may,2,-1,0,unknown,0,young
services,married,secondary,no,395,yes,no,unknown,15,may,1,-1,0,unknown,0,older
blue-collar,married,unknown,no,0,yes,no,cellular,6,may,1,362,2,failure,0,young
management,married,tertiary,no,863,yes,no,cellular,5,feb,1,189,4,failure,0,young
admin.,married,primary,no,11030,no,no,cellular,13,jul,6,-1,0,unknown,0,older
technician,married,secondary,no,278,no,no,unknown,16,may,2,-1,0,unknown,0,young
management,married,primary,no,3045,yes,no,unknown,17,may,5,-1,0,unknown,0,older
management,married,tertiary,no,478,no,no,unknown,28,may,3,-1,0,unknown,0,older
services,married,secondary,no,2781,yes,no,cellular,18,apr,1,-1,0,unknown,0,older
blue-collar,married,tertiary,no,0,yes,no,unknown,14,may,1,-1,0,unknown,0,young
technician,married,secondary,no,1008,no,yes,cellular,2,may,2,-1,0,unknown,0,older
technician,married,secondary,no,2435,no,no,unknown,23,jul,7,-1,0,unknown,0,young
blue-collar,married,secondary,no,5,no,no,cellular,6,jul,1,-1,0,unknown,0,young
blue-collar,married,primary,no,352,no,no,cellular,15,jan,1,-1,0,unknown,0,young
management,married,tertiary,no,1156,yes,no,cellular,18,nov,2,-1,0,unknown,0,young
management,married,tertiary,no,3662,yes,no,unknown,20,may,2,-1,0,unknown,0,older
blue-collar,married,primary,no,6065,yes,no,cellular,18,jan,1,342,4,failure,0,young
admin.,married,unknown,no,2746,no,no,unknown,7,may,2,-1,0,unknown,0,older
blue-collar,married,primary,no,328,yes,no,unknown,7,may,1,-1,0,unknown,0,young
blue-collar,single,secondary,no,152,no,no,cellular,21,jul,4,-1,0,unknown,0,young
entrepreneur,married,secondary,no,223,yes,yes,unknown,6,may,1,-1,0,unknown,0,older
services,single,secondary,no,738,yes,yes,cellular,8,jun,2,-1,0,unknown,0,young
blue-collar,single,secondary,no,625,yes,no,cellular,19,jul,2,-1,0,unknown,0,young
management,single,tertiary,no,1117,no,no,cellular,15,feb,1,-1,0,unknown,0,young
retired,single,secondary,no,3167,no,no,cellular,26,feb,5,-1,0,unknown,0,young
management,single,secondary,no,209,no,no,cellular,28,nov,1,-1,0,unknown,0,young
services,married,tertiary,no,323,yes,no,unknown,6,may,1,-1,0,unknown,0,young
technician,single,secondary,no,-242,yes,yes,cellular,30,feb,6,-1,0,unknown,0,young
blue-collar,married,primary,no,432,yes,no,cellular,12,may,1,270,0,failure,0,young
blue-collar,married,primary,no,1227,yes,no,unknown,6,may,2,-1,0,unknown,0,older
services,divorced,tertiary,no,35,yes,yes,telephone,18,nov,1,-1,0,unknown,0,older
technician,single,tertiary,no,8826,no,no,cellular,12,feb,4,-1,0,unknown,0,young
admin.,married,secondary,no,127,no,yes,cellular,31,jul,6,-1,0,unknown,0,young
technician,divorced,secondary,no,1318,no,no,cellular,5,feb,1,-1,0,unknown,0,older
student,divorced,secondary,no,143,no,yes,cellular,21,feb,2,-1,0,unknown,0,older
technician,married,tertiary,no,1635,yes,no,cellular,2,jul,1,184,6,other,0,young
technician,married,tertiary,no,1010,no,no,cellular,1,jul,2,337,3,other,0,young
unemployed,married,primary,no,1698,no,no,cellular,6,aug,3,-1,0,unknown,1,older
management,single,secondary,no,2864,yes,no,cellular,20,may,1,-1,0,unknown,0,young
management,married,tertiary,no,24698,no,no,cellular,5,jul,4,-1,0,unknown,1,young
management,married,primary,yes,0,yes,no,cellular,15,may,1,-1,0,unknown,0,young
management,married,tertiary,no,1853,no,no,telephone,25,feb,3,-1,0,unknown,1,older
retired,married,tertiary,no,218,yes,no,unknown,20,feb,1,-1,0,unknown,0,young
blue-collar,married,secondary,no,3888,no,no,cellular,4,jul,4,-1,0,unknown,0,older
technician,single,secondary,no,62,no,no,cellular,17,may,1,346,3,other,1,young
services,divorced,tertiary,no,127,no,yes,cellular,24,jul,11,-1,0,unknown,0,young
management,single,secondary,no,-192,no,yes,cellular,14,jul,3,182,2,failure,0,young
admin.,married,primary,no,341,yes,no,cellular,6,jul,2,-1,0,unknown,0,older
admin.,divorced,unknown,no,145,yes,yes,unknown,26,may,2,-1,0,unknown,0,older
admin.,married,tertiary,no,969,yes,yes,cellular,27,jul,2,-1,0,unknown,0,young
blue-collar,married,secondary,no,618,yes,no,unknown,4,may,1,-1,0,unknown,0,young
technician,divorced,tertiary,no,-207,no,no,cellular,18,aug,2,-1,0,unknown,0,older
blue-collar,single,unknown,no,1467,yes,no,cellular,16,may,1,-1,0,unknown,0,young
blue-collar,single,secondary,no,755,no,no,cellular,24,aug,14,-1,0,unknown,0,older
services,married,secondary,no,2,yes,yes,unknown,4,may,2,-1,0,unknown,0,older
management,married,tertiary,no,-58,no,no,cellular,24,aug,2,-1,0,unknown,0,young
blue-collar,married,secondary,no,1173,no,no,cellular,21,apr,1,-1,0,unknown,1,young
blue-collar,married,secondary,no,826,yes,no,unknown,17,may,1,-1,0,unknown,1,young
technician,single,secondary,no,322,no,no,cellular,12,jul,3,-1,2,success,0,young
blue-collar,married,primary,no,0,no,no,cellular,29,aug,4,-1,0,unknown,0,older
admin.,single,tertiary,no,74,no,no,cellular,7,aug,1,152,1,failure,0,young
blue-collar,married,primary,no,4949,no,no,telephone,8,feb,3,-1,0,unknown,0,older
technician,married,secondary,no,0,yes,no,unknown,1,jul,1,-1,0,unknown,0,young
blue-collar,married,primary,yes,0,no,no,cellular,5,feb,3,-1,0,unknown,1,older
blue-collar,married,primary,no,-1,yes,no,cellular,21,nov,1,-1,0,unknown,0,older
management,single,tertiary,no,0,yes,no,unknown,9,may,2,-1,0,unknown,0,young
technician,married,secondary,no,1715,yes,no,cellular,8,jul,1,345,2,failure,0,older
blue-collar,married,secondary,no,391,no,no,unknown,5,may,2,-1,0,unknown,0,young
technician,married,unknown,no,59649,no,no,unknown,1,aug,44,-1,0,unknown,0,older
management,single,tertiary,no,0,no,no,telephone,17,aug,2,-1,0,unknown,0,young
blue-collar,single,primary,no,331,yes,no,cellular,11,may,1,337,2,other,0,older
management,single,tertiary,no,894,no,no,unknown,26,may,1,-1,0,unknown,0,young
blue-collar,divorced,primary,no,1829,yes,no,unknown,24,may,7,-1,0,unknown,0,young
blue-collar,divorced,secondary,no,307,yes,no,cellular,7,may,1,-1,0,unknown,0,young
student,divorced,secondary,no,2212,no,no,cellular,21,aug,2,-1,0,unknown,1,older
management,married,tertiary,no,3829,no,yes,cellular,3,aug,1,83,3,other,0,young
blue-collar,single,secondary,no,-578,yes,no,unknown,6,may,1,-1,0,unknown,0,young
technician,single,secondary,no,99,no,no,cellular,24,feb,3,-1,0,unknown,1,young
technician,married,secondary,no,261,yes,no,cellular,6,may,4,-1,0,unknown,0,older
management,single,secondary,no,180,yes,no,cellular,18,apr,1,-1,0,unknown,0,young
management,single,tertiary,no,1014,yes,no,cellular,14,jun,1,130,3,failure,0,young
management,single,tertiary,no,0,no,no,unknown,5,jun,3,-1,0,unknown,0,young
services,divorced,tertiary,no,38,no,no,cellular,26,jul,2,-1,0,unknown,0,older
management,married,tertiary,no,1512,no,no,telephone,31,aug,6,278,4,failure,0,older
management,married,tertiary,no,270,no,no,cellular,29,aug,2,-1,0,unknown,0,young
blue-collar,married,secondary,no,957,yes,no,cellular,18,apr,6,-1,0,unknown,0,young
admin.,single,secondary,no,119,yes,no,cellular,9,feb,2,-1,0,unknown,0,young
self-employed,single,secondary,no,470,yes,no,cellular,25,apr,3,-1,0,unknown,0,young
management,married,secondary,no,0,yes,no,cellular,5,may,2,175,2,failure,0,young
technician,married,secondary,no,0,yes,no,cellular,7,jul,3,-1,0,unknown,0,young
technician,divorced,secondary,no,2321,yes,no,cellular,21,may,4,302,13,failure,0,young
management,single,tertiary,no,2891,no,no,cellular,30,aug,2,-1,0,unknown,0,young
management,married,tertiary,no,1163,yes,no,unknown,8,may,1,-1,0,unknown,0,older
technician,single,secondary,no,4287,yes,no,cellular,11,may,3,-1,0,unknown,0,young
blue-collar,married,primary,no,481,yes,no,cellular,21,feb,1,-1,0,unknown,0,older
blue-collar,married,primary,no,328,yes,yes,cellular,15,oct,1,-1,0,unknown,0,young
entrepreneur,married,secondary,no,537,no,no,cellular,26,aug,5,-1,0,unknown,0,older
admin.,divorced,secondary,no,679,no,no,cellular,12,feb,1,-1,0,unknown,0,young
technician,married,secondary,no,0,yes,no,cellular,12,may,3,320,2,failure,0,young
student,married,tertiary,no,710,no,no,cellular,3,feb,2,120,1,failure,0,young
services,single,secondary,no,2227,yes,no,cellular,27,apr,1,-1,0,unknown,0,young
blue-collar,single,secondary,no,1426,yes,no,cellular,14,may,2,-1,0,unknown,0,young
technician,married,secondary,no,990,yes,yes,cellular,12,may,1,166,2,success,0,young
services,married,tertiary,no,21,yes,yes,unknown,29,may,1,-1,0,unknown,0,young
blue-collar,divorced,primary,no,447,no,no,cellular,20,jan,2,-1,0,unknown,0,older
technician,married,unknown,no,1281,yes,no,cellular,18,feb,2,-1,0,unknown,1,young
blue-collar,married,secondary,no,948,yes,yes,cellular,13,may,1,-1,0,unknown,0,older
technician,married,tertiary,no,242,no,no,cellular,24,feb,2,-1,0,unknown,0,older
admin.,single,secondary,no,829,yes,no,unknown,8,may,2,-1,0,unknown,0,young
self-employed,married,secondary,no,1407,no,no,cellular,21,apr,2,-1,0,unknown,0,young
management,married,tertiary,no,297,no,no,telephone,23,nov,3,-1,0,unknown,0,young
blue-collar,single,secondary,no,137,no,yes,cellular,20,may,4,-1,0,unknown,1,older
management,married,tertiary,no,2763,no,no,cellular,11,jul,2,262,4,failure,0,older
retired,married,tertiary,no,192,yes,no,cellular,28,jun,1,-1,0,unknown,0,young
unknown,single,secondary,no,59649,yes,no,unknown,31,sep,44,849,55,unknown,0,young
blue-collar,married,secondary,no,88,no,yes,cellular,3,jul,1,-1,0,unknown,0,young
admin.,single,secondary,no,341,yes,no,cellular,16,may,2,346,8,other,0,young
blue-collar,married,unknown,no,392,no,yes,unknown,18,may,1,-1,0,unknown,0,young
blue-collar,married,secondary,no,431,yes,no,cellular,9,may,2,322,2,failure,0,young
management,single,unknown,no,66,no,no,telephone,3,aug,6,-1,0,unknown,0,older
management,married,tertiary,no,346,no,yes,unknown,16,may,4,-1,0,unknown,0,older
admin.,married,secondary,no,5,yes,no,cellular,5,may,2,256,3,other,0,young
technician,single,secondary,no,944,yes,no,cellular,12,may,2,-1,0,unknown,0,young
services,divorced,tertiary,no,303,yes,no,cellular,8,apr,5,240,2,success,1,young
technician,divorced,tertiary,no,36,yes,no,cellular,22,nov,1,327,0,success,0,older
management,single,tertiary,no,438,yes,no,unknown,30,mar,1,-1,0,unknown,0,older
technician,married,secondary,no,276,no,no,cellular,16,feb,2,-1,0,unknown,0,young
admin.,married,secondary,no,570,no,yes,cellular,28,jul,6,-1,0,unknown,0,older
management,single,unknown,no,328,no,no,cellular,17,apr,1,164,2,failure,0,older
technician,married,tertiary,no,-8,yes,no,cellular,29,jan,1,315,2,failure,0,young
blue-collar,divorced,secondary,no,2276,yes,no,cellular,12,may,5,93,3,success,0,older
technician,single,secondary,no,-283,yes,yes,unknown,10,may,1,-1,0,unknown,0,young
unemployed,single,secondary,no,475,no,no,cellular,14,aug,4,-1,0,unknown,0,young
admin.,married,secondary,no,0,yes,no,cellular,16,apr,1,270,2,failure,0,older
management,single,tertiary,no,331,no,no,unknown,18,jul,5,-1,0,unknown,0,older
unemployed,single,secondary,no,925,no,no,cellular,27,jul,2,-1,0,unknown,1,young
admin.,single,secondary,no,6,yes,yes,unknown,21,may,3,-1,0,unknown,0,young
technician,married,secondary,no,265,no,no,cellular,17,feb,2,-1,0,unknown,0,older
blue-collar,married,unknown,no,-233,yes,no,cellular,11,mar,1,-1,0,unknown,0,older
services,married,secondary,no,339,yes,no,cellular,18,jan,6,-1,0,unknown,0,older
management,married,tertiary,no,4111,no,no,unknown,26,may,4,-1,0,unknown,0,older
self-employed,married,secondary,no,9,yes,yes,unknown,1,jun,2,-1,0,unknown,0,young
blue-collar,married,primary,no,2550,no,no,cellular,18,nov,4,-1,0,unknown,0,older
entrepreneur,married,primary,no,5908,no,no,cellular,21,aug,2,-1,0,unknown,0,young
blue-collar,married,primary,no,409,yes,no,cellular,21,feb,1,364,2,other,0,older
entrepreneur,single,secondary,no,0,no,no,cellular,12,jan,2,-1,0,unknown,0,young
management,single,tertiary,no,172,yes,no,cellular,7,may,4,-1,0,unknown,0,young
entrepreneur,single,unknown,no,566,no,yes,cellular,22,jul,2,-1,0,unknown,0,young
student,single,secondary,no,149,yes,no,unknown,7,may,1,-1,0,unknown,0,young
management,married,primary,no,2106,no,no,telephone,28,may,1,-1,0,unknown,0,older
technician,single,tertiary,no,297,yes,no,unknown,28,may,2,-1,0,unknown,0,young
management,married,tertiary,no,315,no,no,telephone,7,sep,2,121,4,other,0,young
technician,divorced,secondary,no,400,yes,no,cellular,22,mar,2,180,2,other,0,older
technician,single,tertiary,no,4621,yes,no,cellular,20,jun,1,-1,0,unknown,0,young
management,single,tertiary,no,3297,yes,yes,unknown,3,jun,3,-1,0,unknown,0,young
blue-collar,married,primary,no,188,yes,yes,unknown,12,may,2,-1,0,unknown,0,older
services,single,tertiary,no,615,yes,no,cellular,22,may,1,121,6,other,0,young
technician,single,secondary,no,743,yes,yes,cellular,30,jan,10,-1,0,unknown,0,young
management,married,tertiary,no,259,no,no,cellular,5,aug,1,-1,0,unknown,1,young
self-employed,married,primary,no,-277,no,no,unknown,13,may,1,-1,0,unknown,0,older
management,married,tertiary,no,1089,yes,no,cellular,11,may,3,-1,0,unknown,0,young
management,married,tertiary,no,-149,yes,no,cellular,30,feb,6,-1,0,unknown,0,young
technician,divorced,secondary,no,7794,yes,no,cellular,13,may,2,-1,0,unknown,0,young
self-employed,married,secondary,no,-149,yes,no,unknown,20,may,2,-1,0,unknown,0,young
management,married,tertiary,no,341,yes,no,cellular,3,may,2,-1,0,unknown,0,young
technician,married,primary,no,-95,yes,no,unknown,3,may,2,-1,0,unknown,0,young
management,married,tertiary,no,117,yes,no,unknown,5,may,1,-1,0,unknown,0,older
blue-collar,single,secondary,no,84,yes,no,unknown,14,may,2,-1,0,unknown,0,young
blue-collar,married,secondary,no,63,yes,no,unknown,29,may,3,-1,0,unknown,0,older
admin.,married,secondary,no,31534,no,no,cellular,19,aug,1,-1,0,unknown,0,older
housemaid,single,tertiary,no,1223,yes,yes,cellular,11,jun,1,-1,0,unknown,0,young
entrepreneur,married,secondary,no,441,no,no,cellular,12,aug,2,-1,0,unknown,0,older
management,single,secondary,no,379,yes,no,cellular,14,may,4,364,2,other,0,young
management,married,tertiary,no,66,yes,no,unknown,20,may,5,-1,0,unknown,0,young
retired,divorced,tertiary,no,47,no,yes,unknown,12,sep,1,-1,0,unknown,1,young
management,married,tertiary,no,-350,no,no,unknown,2,jun,1,-1,0,unknown,0,older
blue-collar,married,primary,no,2533,yes,no,unknown,28,may,1,-1,0,unknown,0,young
blue-collar,married,primary,no,0,no,no,unknown,11,mar,3,-1,0,unknown,0,older
retired,divorced,tertiary,no,282,no,no,cellular,2,feb,1,95,3,success,1,young
technician,married,secondary,no,2315,no,no,cellular,6,aug,2,-1,0,unknown,0,older
technician,married,secondary,no,72,yes,no,unknown,7,may,1,-1,0,unknown,0,young
retired,married,secondary,no,21,yes,no,unknown,5,may,5,-1,0,unknown,0,older
blue-collar,single,secondary,no,68,yes,no,unknown,5,may,1,-1,0,unknown,0,older
admin.,single,secondary,no,533,no,no,cellular,29,feb,1,-1,0,unknown,0,young
management,married,tertiary,no,6322,no,no,telephone,5,may,2,-1,0,unknown,0,young
management,married,tertiary,no,107,no,no,cellular,23,aug,3,-1,0,unknown,0,young
management,single,secondary,no,842,yes,no,cellular,9,aug,3,-1,0,unknown,0,young
technician,single,secondary,no,498,no,no,cellular,28,aug,2,-1,0,unknown,0,young
admin.,married,secondary,no,3901,no,no,cellular,19,nov,3,-1,0,unknown,0,young
admin.,single,secondary,no,96,yes,yes,cellular,30,jun,1,-1,0,unknown,0,older
services,married,secondary,no,2488,yes,no,cellular,28,jul,3,-1,0,unknown,0,older
technician,married,secondary,no,0,yes,yes,cellular,10,apr,1,353,2,failure,0,young
admin.,single,secondary,no,21,yes,no,cellular,13,may,1,-1,0,unknown,0,young
blue-collar,single,secondary,no,466,no,no,cellular,20,nov,2,-1,0,unknown,0,young
admin.,single,unknown,no,1289,yes,yes,cellular,18,apr,2,-1,0,unknown,0,older
services,single,tertiary,no,5535,no,no,cellular,6,jul,1,181,1,success,1,young
management,married,tertiary,no,-1112,no,no,cellular,30,dec,2,-1,0,unknown,0,older
blue-collar,single,primary,no,3075,yes,no,cellular,22,feb,2,279,7,failure,0,young
technician,single,secondary,no,341,yes,no,cellular,17,may,1,-1,0,unknown,0,young
self-employed,single,secondary,no,303,yes,no,cellular,20,jul,2,-1,0,unknown,0,young
blue-collar,married,unknown,no,-68,yes,no,unknown,22,may,8,-1,0,unknown,0,young
technician,divorced,secondary,no,2063,yes,yes,unknown,27,may,2,-1,0,unknown,0,older
services,married,secondary,no,9882,no,no,cellular,28,feb,3,-1,0,unknown,0,young
technician,married,tertiary,no,5533,no,no,unknown,9,jul,1,-1,0,unknown,0,older
self-employed,married,tertiary,no,837,yes,no,cellular,17,apr,2,179,4,failure,0,young
services,single,tertiary,no,701,no,no,unknown,17,may,1,-1,0,unknown,0,older
blue-collar,married,primary,no,2238,yes,no,telephone,15,may,1,297,0,failure,0,older
management,divorced,tertiary,no,34,yes,yes,unknown,7,may,1,-1,0,unknown,0,young
admin.,married,secondary,no,12,no,no,cellular,11,aug,2,-1,0,unknown,0,young
services,married,primary,no,29,no,yes,unknown,19,jul,6,-1,0,unknown,0,older
self-employed,married,tertiary,no,4444,no,no,cellular,24,nov,3,-1,0,unknown,0,young
management,married,tertiary,no,7,yes,no,cellular,10,aug,4,-1,0,unknown,0,young
admin.,single,secondary,no,780,no,no,cellular,19,jul,2,-1,0,unknown,0,young
technician,married,secondary,no,1420,no,no,cellular,28,jan,3,-1,0,unknown,0,young
management,single,tertiary,no,2713,no,no,unknown,2,jan,1,-1,0,unknown,0,older
self-employed,divorced,primary,no,146,yes,no,cellular,17,may,2,-1,0,unknown,0,older
retired,single,tertiary,no,14,yes,no,cellular,12,sep,1,367,2,failure,0,young
technician,married,tertiary,no,13,no,no,cellular,15,may,1,-1,0,unknown,0,young
management,married,secondary,no,19,yes,no,unknown,21,jul,1,-1,0,unknown,0,older
management,married,tertiary,no,5154,yes,no,cellular,15,may,4,253,3,other,0,young
management,married,primary,no,1229,no,no,unknown,18,jun,1,-1,0,unknown,0,young
management,single,secondary,no,0,no,no,unknown,27,jun,2,-1,0,unknown,0,young
blue-collar,married,primary,no,-237,no,no,cellular,4,apr,4,-1,0,unknown,1,older
retired,married,tertiary,no,175,no,no,unknown,25,may,1,-1,0,unknown,0,young
admin.,married,secondary,no,4,yes,no,cellular,17,may,1,-1,0,unknown,0,older
technician,divorced,secondary,no,1923,no,no,cellular,21,may,1,283,2,failure,1,older
technician,single,secondary,no,96,no,no,cellular,17,may,3,-1,0,unknown,1,young
blue-collar,married,primary,no,0,yes,no,unknown,18,may,1,-1,0,unknown,0,young
technician,single,secondary,no,867,yes,no,cellular,5,jun,1,-1,0,unknown,0,young
technician,single,secondary,no,41,yes,yes,unknown,20,may,1,-1,0,unknown,0,young
management,married,unknown,no,142,no,no,cellular,11,nov,1,185,2,success,1,older
management,married,tertiary,no,0,yes,no,unknown,5,may,1,-1,0,unknown,0,young
retired,married,secondary,no,1896,yes,no,cellular,6,may,3,-1,0,unknown,0,young
management,single,secondary,no,0,yes,no,unknown,29,may,3,-1,0,unknown,0,older
blue-collar,married,secondary,no,5611,yes,no,cellular,18,may,1,-1,0,unknown,0,young
blue-collar,single,unknown,no,1021,no,no,cellular,29,jun,2,159,2,failure,0,older
technician,single,secondary,no,0,no,yes,cellular,7,jul,2,-1,0,unknown,0,young
blue-collar,divorced,primary,no,-222,yes,yes,unknown,20,jun,24,-1,0,unknown,0,young
blue-collar,married,primary,no,710,yes,no,cellular,25,jul,5,-1,0,unknown,0,young
blue-collar,single,secondary,no,-226,yes,no,cellular,8,may,1,-1,0,unknown,1,older
blue-collar,married,primary,no,3037,yes,no,unknown,27,may,3,-1,0,unknown,0,older
management,single,tertiary,no,397,no,no,cellular,4,jul,3,346,3,failure,1,young
housemaid,single,tertiary,no,1462,yes,no,unknown,21,may,1,-1,0,unknown,0,young
management,single,secondary,no,740,no,no,unknown,5,jul,15,-1,0,unknown,1,young
services,married,tertiary,no,569,no,no,telephone,28,may,1,-1,0,unknown,0,older
admin.,married,secondary,no,174,no,no,unknown,11,may,3,-1,0,unknown,0,older
blue-collar,married,secondary,no,283,no,no,cellular,8,feb,4,-1,0,unknown,0,young
technician,married,tertiary,no,63,yes,yes,cellular,27,jan,1,173,9,failure,0,older
management,married,tertiary,no,333,yes,no,cellular,28,aug,2,-1,0,unknown,0,older
management,married,tertiary,no,4224,no,no,cellular,22,aug,2,-1,1,success,1,older
technician,single,tertiary,no,1866,no,no,cellular,20,dec,1,-1,0,unknown,0,young
management,married,tertiary,no,3,yes,no,cellular,8,may,2,-1,0,unknown,0,young
services,married,secondary,no,161,yes,no,cellular,14,may,2,-1,0,unknown,0,young
admin.,married,secondary,yes,-8019,yes,no,unknown,31,apr,1,850,55,unknown,1,older
technician,divorced,secondary,no,-499,yes,yes,cellular,20,may,2,-1,0,unknown,0,young
blue-collar,married,tertiary,no,2797,yes,no,cellular,21,may,1,205,2,other,0,young
blue-collar,married,primary,no,3338,no,yes,cellular,5,aug,1,-1,0,unknown,0,older
services,married,tertiary,no,418,no,no,cellular,19,aug,2,-1,0,unknown,0,young
services,single,secondary,no,337,no,no,cellular,21,feb,1,-1,0,unknown,0,young
technician,married,secondary,no,1137,yes,no,telephone,16,nov,1,-1,0,unknown,0,young
blue-collar,married,secondary,no,564,yes,no,unknown,29,may,1,-1,0,unknown,0,young
blue-collar,married,secondary,no,944,no,no,unknown,12,may,1,-1,0,unknown,0,older
technician,single,tertiary,no,288,no,no,cellular,18,aug,4,-1,0,unknown,0,young
services,married,secondary,no,2503,yes,no,cellular,9,jul,2,-1,0,unknown,1,young
blue-collar,divorced,primary,no,2,yes,no,telephone,17,jul,6,256,7,other,0,older
student,single,secondary,no,585,no,yes,cellular,7,jul,1,-1,0,unknown,0,young
technician,married,secondary,no,618,yes,no,unknown,29,may,1,-1,0,unknown,0,young
technician,married,tertiary,no,462,yes,yes,cellular,7,aug,1,-1,0,unknown,0,young
blue-collar,married,primary,no,1313,no,no,unknown,9,jun,1,-1,0,unknown,0,older
entrepreneur,married,tertiary,no,11097,yes,no,cellular,22,sep,1,-1,0,unknown,1,older
blue-collar,single,secondary,no,123,no,no,unknown,9,may,1,-1,0,unknown,0,young
management,married,tertiary,no,196,no,no,cellular,30,apr,1,452,3,success,1,older
management,married,secondary,no,0,no,no,cellular,1,aug,2,269,3,failure,0,older
student,single,tertiary,no,0,no,no,cellular,13,feb,2,-1,0,unknown,0,older
blue-collar,married,secondary,no,5953,yes,no,cellular,5,may,1,-1,0,unknown,1,older
blue-collar,married,secondary,no,622,no,no,cellular,8,jul,2,370,6,failure,0,young
management,single,tertiary,no,3725,yes,no,unknown,7,may,2,-1,0,unknown,0,young
management,married,primary,no,54,no,no,unknown,17,may,2,-1,0,unknown,0,older
management,single,tertiary,no,23,no,no,cellular,26,feb,3,263,2,success,0,young
blue-collar,married,unknown,no,3020,yes,no,cellular,14,may,3,182,3,success,0,older
management,married,secondary,no,1079,no,no,cellular,27,feb,5,178,1,failure,0,older
services,married,secondary,no,3770,yes,no,cellular,12,apr,2,225,3,other,0,young
blue-collar,married,primary,no,459,yes,yes,unknown,26,may,2,-1,0,unknown,0,young
technician,married,secondary,no,-798,no,yes,cellular,17,feb,2,-1,0,unknown,0,older
services,married,secondary,no,2803,yes,no,cellular,2,aug,4,-1,0,unknown,0,older
management,married,secondary,no,2,yes,no,cellular,21,apr,1,-1,0,unknown,0,older
blue-collar,married,primary,no,-27,yes,yes,unknown,27,may,2,-1,0,unknown,0,young
services,married,secondary,no,1470,no,no,cellular,23,feb,2,129,6,success,0,young
self-employed,married,secondary,no,2418,no,no,cellular,16,aug,4,-1,0,unknown,0,older
admin.,divorced,secondary,no,-112,yes,no,telephone,28,jul,4,-1,0,unknown,0,older
management,divorced,tertiary,no,26,yes,no,cellular,12,nov,1,195,2,failure,1,older
blue-collar,single,primary,yes,208,yes,no,unknown,26,may,7,-1,0,unknown,0,young
technician,married,unknown,no,4327,yes,no,unknown,23,may,1,-1,0,unknown,0,older
management,married,secondary,no,529,no,no,cellular,13,jul,1,-1,0,unknown,0,young
management,married,tertiary,no,658,no,no,unknown,21,may,6,-1,0,unknown,0,older
blue-collar,single,primary,no,499,yes,no,cellular,12,may,3,-1,0,unknown,0,young
technician,married,secondary,no,5,no,no,unknown,19,jul,1,-1,0,unknown,0,older
management,single,tertiary,no,482,no,no,unknown,6,jul,1,-1,0,unknown,0,young
admin.,married,primary,no,66,no,no,cellular,2,aug,1,-1,0,unknown,1,older
admin.,divorced,secondary,no,91,yes,no,cellular,11,may,3,-1,0,unknown,0,older
unknown,married,unknown,no,48,yes,no,unknown,19,may,2,-1,0,unknown,0,older
retired,single,secondary,no,666,yes,no,cellular,19,may,3,-1,0,unknown,1,young
blue-collar,single,secondary,no,1080,no,no,cellular,14,nov,1,-1,4,failure,0,young
blue-collar,divorced,primary,no,-76,yes,no,unknown,28,may,6,-1,0,unknown,0,older
retired,married,secondary,no,101,no,no,telephone,18,feb,3,175,4,success,0,young
blue-collar,married,secondary,no,1592,yes,no,cellular,14,may,2,-1,0,unknown,0,older
management,married,tertiary,no,507,no,no,cellular,1,aug,1,-1,0,unknown,0,young
blue-collar,divorced,secondary,no,310,yes,no,unknown,18,may,13,-1,0,unknown,0,young
technician,married,secondary,no,328,no,no,cellular,17,aug,2,-1,0,unknown,0,young
blue-collar,single,secondary,no,223,no,no,cellular,20,jul,2,-1,0,unknown,0,older
management,married,unknown,no,30,no,no,cellular,17,may,2,-1,0,unknown,0,older
entrepreneur,single,tertiary,no,3467,yes,no,cellular,11,may,1,184,2,failure,0,young
admin.,married,secondary,no,3,yes,yes,cellular,7,jul,1,-1,0,unknown,0,young
entrepreneur,single,secondary,no,1077,no,no,telephone,15,nov,2,184,3,failure,1,young
admin.,married,secondary,no,1387,yes,no,unknown,8,may,2,-1,0,unknown,0,young
blue-collar,divorced,secondary,no,61,yes,no,cellular,7,may,2,182,6,failure,0,young
technician,married,tertiary,no,637,yes,no,cellular,14,may,1,320,3,success,1,young
admin.,married,secondary,no,323,no,no,unknown,6,jun,2,-1,0,unknown,0,young
blue-collar,married,unknown,no,613,yes,no,telephone,11,may,6,-1,0,unknown,0,older
technician,single,secondary,no,44,no,no,cellular,28,feb,5,-1,0,unknown,0,young
technician,married,secondary,no,2629,yes,no,cellular,6,may,5,366,3,failure,0,young
technician,married,secondary,no,3328,yes,no,unknown,29,may,1,-1,0,unknown,0,young
management,single,tertiary,no,8152,yes,yes,cellular,12,may,1,-1,0,unknown,0,young
management,divorced,secondary,no,58,yes,no,cellular,29,aug,4,-1,0,unknown,0,young
blue-collar,married,primary,no,360,no,no,cellular,23,jul,4,-1,0,unknown,0,older
services,married,secondary,no,236,no,no,cellular,6,feb,1,-1,0,unknown,0,older
management,married,tertiary,no,15444,yes,no,cellular,7,jan,1,-1,0,unknown,0,older
technician,married,secondary,no,-6260,yes,yes,cellular,28,jul,3,-1,0,unknown,0,young
retired,single,tertiary,no,594,yes,no,cellular,2,jun,1,181,3,success,1,young
technician,married,primary,no,214,no,no,unknown,5,jun,1,-1,0,unknown,0,older
services,married,secondary,no,4076,no,no,cellular,4,aug,8,-1,0,unknown,1,young
management,married,tertiary,no,4193,yes,no,cellular,4,may,1,91,2,failure,0,older
management,single,primary,no,60,no,no,unknown,26,may,8,-1,0,unknown,0,young
technician,divorced,secondary,no,5092,yes,no,cellular,8,may,2,-1,0,unknown,0,young
blue-collar,single,secondary,no,222,yes,yes,cellular,16,may,1,199,3,other,0,young
services,married,secondary,no,2111,yes,no,cellular,7,aug,4,-1,0,unknown,0,young
unemployed,married,secondary,no,341,yes,no,unknown,11,may,1,-1,0,unknown,0,young
management,divorced,secondary,no,1226,yes,no,unknown,19,may,1,-1,0,unknown,0,older
management,married,tertiary,no,170,yes,no,cellular,9,may,1,252,4,failure,0,young
entrepreneur,married,primary,no,0,no,no,unknown,29,may,1,-1,0,unknown,0,older
management,married,tertiary,no,662,no,no,cellular,7,may,1,-1,0,unknown,0,young
management,single,secondary,no,200,no,no,cellular,27,jul,2,-1,0,unknown,0,young
management,divorced,tertiary,yes,0,no,no,unknown,28,feb,1,-1,0,unknown,1,older
services,married,secondary,no,23,no,no,cellular,17,aug,6,-1,0,unknown,1,young
blue-collar,married,primary,no,0,no,yes,cellular,31,jun,2,-1,0,unknown,0,young
management,single,secondary,no,245,yes,no,cellular,5,may,2,-1,0,unknown,0,young
management,single,tertiary,no,2611,no,no,unknown,17,may,5,-1,0,unknown,0,young
management,married,primary,no,348,yes,no,cellular,20,apr,4,-1,0,unknown,0,older
blue-collar,married,secondary,no,739,yes,no,telephone,20,apr,1,-1,0,unknown,1,older
blue-collar,married,primary,no,146,yes,no,unknown,3,jun,1,-1,0,unknown,0,older
blue-collar,single,secondary,no,763,yes,no,cellular,9,apr,2,322,2,failure,0,young
technician,single,secondary,no,-148,yes,no,unknown,12,jun,4,-1,0,unknown,0,young
admin.,single,secondary,no,800,no,no,cellular,21,may,1,-1,0,unknown,0,young
entrepreneur,divorced,tertiary,no,-53,yes,no,cellular,26,feb,1,181,2,failure,0,young
unknown,married,secondary,no,59649,yes,no,unknown,31,sep,44,782,55,unknown,0,young
management,married,tertiary,no,0,yes,no,cellular,18,jul,3,125,5,failure,0,young
services,married,secondary,no,174,no,no,cellular,17,may,1,-1,0,unknown,0,young
management,divorced,primary,no,1412,yes,no,unknown,18,may,3,-1,0,unknown,0,older
technician,divorced,secondary,no,408,yes,no,unknown,19,may,3,-1,0,unknown,0,young
management,married,primary,no,2893,no,no,unknown,28,jun,3,-1,0,unknown,0,older
technician,single,secondary,no,-140,no,no,cellular,19,aug,8,-1,0,unknown,0,young
blue-collar,single,secondary,no,87,yes,yes,cellular,9,jun,1,-1,0,unknown,0,young
blue-collar,married,secondary,no,143,no,yes,cellular,12,jun,3,-1,0,unknown,0,older
self-employed,married,secondary,no,874,yes,no,cellular,14,apr,2,342,3,failure,0,older
technician,single,primary,no,1046,yes,no,cellular,20,jun,3,-1,0,unknown,0,young
technician,married,secondary,no,2391,yes,no,cellular,6,apr,1,-1,0,unknown,0,young
management,single,tertiary,no,440,no,no,cellular,19,aug,3,213,2,success,1,young
admin.,married,secondary,no,2662,no,no,cellular,29,feb,1,-1,0,unknown,0,older
admin.,married,secondary,no,18,no,no,cellular,19,feb,6,-1,0,unknown,0,young
blue-collar,single,secondary,no,10,yes,no,cellular,20,jun,1,-1,0,unknown,0,young
admin.,married,secondary,no,0,yes,no,cellular,18,may,1,98,0,other,0,young
blue-collar,married,secondary,no,83,yes,no,cellular,28,aug,7,-1,0,unknown,0,young
blue-collar,married,primary,no,755,yes,no,cellular,18,may,5,-1,0,unknown,0,young
admin.,married,secondary,no,1673,yes,no,cellular,17,may,1,302,7,failure,0,older
management,single,tertiary,no,580,no,no,cellular,22,may,1,-1,0,unknown,0,older
entrepreneur,single,secondary,no,231,yes,no,unknown,18,may,1,-1,0,unknown,1,young
management,married,tertiary,no,256,no,no,cellular,22,aug,5,-1,0,unknown,0,older
management,married,tertiary,no,8740,yes,yes,telephone,5,aug,1,-1,0,unknown,1,young
blue-collar,married,secondary,no,183,yes,no,unknown,28,may,11,-1,0,unknown,0,young
management,married,primary,no,-328,yes,no,cellular,7,aug,7,-1,0,unknown,0,older
