job,marital,education,default,balance,housing,loan,contact,day_of_week,month,campaign,pdays,previous,poutcome,target,age_group
retired,married,primary,no,47,no,no,unknown,3,jun,1,-1,0,unknown,0,older
unemployed,married,primary,no,2058,yes,no,cellular,13,may,3,274,4,other,0,older
services,married,secondary,no,2626,yes,no,cellular,27,jan,4,-1,0,unknown,0,young
technician,married,secondary,no,-541,yes,no,unknown,8,may,2,-1,0,unknown,0,young
blue-collar,divorced,secondary,no,337,yes,no,cellular,14,may,1,-1,0,unknown,0,young
retired,married,secondary,yes,-350,no,no,cellular,3,jul,1,390,1,failure,0,older
technician,single,secondary,no,9,yes,no,unknown,10,may,1,344,1,failure,0,young
self-employed,divorced,primary,no,204,yes,no,cellular,11,feb,1,362,1,failure,0,young
services,single,secondary,no,2180,no,no,telephone,10,may,1,344,1,unknown,0,young
unemployed,divorced,secondary,no,76,no,no,cellular,21,jul,2,0,0,unknown,0,young
self-employed,married,primary,no,890,no,no,cellular,29,aug,2,-1,0,unknown,0,older
management,married,tertiary,no,2777,yes,no,unknown,15,may,7,-1,0,unknown,0,older
entrepreneur,divorced,secondary,no,141,yes,no,cellular,23,apr,1,153,1,failure,0,young
blue-collar,single,secondary,no,121,yes,no,unknown,7,may,1,-2,0,unknown,0,young
admin.,married,secondary,no,302,yes,no,telephone,25,may,1,-1,0,unknown,0,older
self-employed,divorced,tertiary,no,376,yes,no,unknown,11,may,2,388,0,unknown,0,young
management,married,tertiary,no,2503,yes,no,cellular,21,nov,2,119,1,failure,0,young
retired,divorced,tertiary,no,1679,no,no,cellular,5,jul,1,-1,0,unknown,0,older
housemaid,married,primary,no,795,no,no,cellular,27,aug,7,-1,0,unknown,0,older
technician,divorced,secondary,no,2119,no,no,unknown,4,jun,1,-1,0,unknown,1,older
technician,single,secondary,no,176,no,no,cellular,22,aug,3,-1,0,unknown,0,young
blue-collar,married,secondary,yes,-835,no,yes,cellular,25,jul,4,-1,0,unknown,0,young
self-employed,divorced,tertiary,no,3604,yes,no,cellular,21,nov,1,182,1,failure,0,young
management,married,tertiary,no,-37,yes,no,cellular,9,jul,4,-1,0,unknown,0,young
blue-collar,divorced,primary,no,414,yes,no,unknown,14,may,2,-1,0,unknown,0,older
management,single,tertiary,no,-142,yes,no,unknown,25,may,7,-1,0,unknown,0,young
housemaid,single,secondary,no,-70,no,no,cellular,7,aug,4,96,4,failure,0,young
management,married,primary,no,-278,yes,no,unknown,9,jun,1,-1,0,unknown,0,older
services,married,secondary,no,-863,yes,no,cellular,12,may,3,339,2,other,0,young
blue-collar,married,unknown,no,239,no,no,telephone,15,aug,4,-1,0,unknown,0,older
admin.,divorced,secondary,no,2609,yes,no,cellular,12,apr,2,346,9,failure,1,older
self-employed,single,tertiary,no,2146,no,no,cellular,21,mar,1,95,6,other,0,young
blue-collar,married,primary,no,723,no,no,unknown,13,jun,1,-1,0,unknown,0,older
technician,married,secondary,yes,-528,no,yes,unknown,12,jul,14,-1,0,unknown,0,young
technician,single,secondary,no,-128,yes,no,unknown,14,may,1,-1,0,unknown,0,young
technician,married,secondary,no,76,no,no,unknown,22,may,7,-1,0,unknown,0,young
admin.,single,unknown,no,3415,no,no,unknown,2,jun,1,-1,0,unknown,0,older
student,single,secondary,no,1120,yes,no,cellular,8,sep,2,181,4,failure,0,young
technician,single,secondary,no,929,no,no,cellular,4,feb,5,-1,0,unknown,1,young
self-employed,single,tertiary,no,12232,no,no,cellular,21,nov,1,-1,0,unknown,0,young
student,single,unknown,no,239,no,no,cellular,23,jun,6,-1,0,unknown,0,young
blue-collar,married,primary,no,262,yes,no,telephone,28,jul,4,-1,0,unknown,0,older
blue-collar,married,primary,no,-108,yes,no,cellular,18,may,3,-1,0,unknown,0,young
technician,single,tertiary,no,642,no,no,cellular,12,mar,4,98,1,unknown,0,young
blue-collar,married,secondary,yes,47,yes,no,telephone,6,jul,7,-1,0,unknown,0,older
blue-collar,married,secondary,no,6417,no,no,cellular,20,jul,1,-1,0,unknown,0,young
blue-collar,divorced,unknown,yes,1143,yes,no,telephone,10,jul,1,-1,0,unknown,0,older
technician,married,secondary,no,15,yes,no,unknown,16,nov,2,-1,0,unknown,0,young
housemaid,divorced,tertiary,no,5797,no,no,cellular,3,nov,2,136,1,failure,0,young
technician,divorced,secondary,no,1106,yes,no,unknown,18,may,7,-1,0,unknown,0,young
blue-collar,single,secondary,yes,-151,no,no,cellular,5,aug,7,-1,0,unknown,0,young
blue-collar,married,primary,no,2689,no,no,unknown,12,may,7,-1,0,unknown,0,older
blue-collar,married,secondary,no,1042,yes,no,cellular,20,may,2,356,1,failure,0,young
management,married,tertiary,no,1360,no,no,telephone,2,oct,1,-1,0,unknown,1,older
technician,married,secondary,no,50,yes,yes,cellular,25,may,2,354,1,failure,0,young
blue-collar,married,primary,no,102,yes,no,unknown,9,may,1,-1,0,unknown,0,older
blue-collar,divorced,secondary,no,8911,no,no,unknown,22,nov,10,-1,0,unknown,0,young
services,married,secondary,no,36,yes,yes,cellular,12,may,3,274,1,failure,0,young
technician,married,secondary,no,2548,yes,no,unknown,15,jun,3,-1,0,unknown,0,young
retired,married,secondary,no,3715,no,no,cellular,20,dec,7,185,1,success,1,older
technician,married,secondary,no,-1502,yes,no,unknown,30,may,3,-1,0,unknown,0,young
self-employed,married,tertiary,no,1797,yes,no,cellular,14,may,2,352,3,failure,0,young
blue-collar,married,primary,no,1543,yes,no,cellular,15,may,3,-1,0,unknown,0,young
blue-collar,married,secondary,no,1899,yes,no,cellular,14,jul,3,-1,0,unknown,0,young
blue-collar,married,secondary,no,781,yes,no,unknown,12,may,1,-1,0,unknown,0,young
blue-collar,married,secondary,no,145,yes,yes,cellular,19,may,3,-1,0,unknown,0,young
admin.,divorced,secondary,no,5356,no,no,unknown,16,nov,2,-1,0,unknown,0,older
technician,divorced,secondary,no,77,no,no,cellular,6,feb,1,-1,0,unknown,0,young
retired,married,primary,no,861,no,no,telephone,17,apr,1,-1,0,unknown,0,older
self-employed,married,tertiary,no,1051,no,no,telephone,2,feb,7,-1,0,unknown,0,young
technician,married,tertiary,no,85,no,yes,unknown,10,jun,3,-1,0,unknown,0,young
self-employed,married,tertiary,no,1435,no,no,cellular,26,nov,3,-2,0,unknown,0,older
management,married,tertiary,no,2061,yes,no,cellular,19,oct,7,357,1,unknown,1,young
management,married,tertiary,no,-1512,no,no,unknown,30,jul,14,-1,0,unknown,0,young
admin.,divorced,secondary,no,4941,no,no,telephone,22,jun,1,94,4,other,0,young
blue-collar,single,secondary,no,1175,yes,yes,cellular,16,may,3,-1,0,unknown,0,young
technician,single,secondary,no,1808,no,no,cellular,16,jun,5,-1,0,unknown,0,young
admin.,married,secondary,no,3346,yes,no,cellular,12,may,5,90,4,success,1,young
management,single,tertiary,no,758,no,no,unknown,7,may,4,-1,0,unknown,0,young
technician,divorced,secondary,no,1281,no,yes,cellular,15,aug,4,-1,0,unknown,0,older
management,divorced,tertiary,no,137,no,no,cellular,21,jul,2,-1,0,unknown,0,young
management,married,tertiary,no,692,no,no,cellular,17,nov,4,184,2,success,0,young
management,married,tertiary,no,5214,no,no,cellular,15,aug,4,-1,0,unknown,0,young
technician,married,secondary,no,6254,no,no,cellular,16,apr,1,-1,0,unknown,0,older
blue-collar,single,secondary,no,6775,yes,no,cellular,23,nov,2,-1,0,unknown,0,young
technician,married,secondary,yes,41,yes,no,cellular,11,may,3,-1,0,unknown,0,older
technician,single,secondary,no,12,yes,no,cellular,20,may,4,342,1,other,0,young
admin.,married,secondary,no,6656,yes,no,cellular,23,jun,3,-1,0,unknown,0,older
blue-collar,married,primary,no,12831,yes,no,cellular,19,nov,2,-1,0,unknown,0,older
self-employed,married,secondary,no,1807,yes,yes,telephone,3,may,1,360,1,failure,0,older
management,married,tertiary,no,27162,no,no,cellular,21,nov,2,142,1,failure,0,older
technician,single,tertiary,no,3603,yes,no,cellular,28,jun,2,400,1,other,0,young
blue-collar,divorced,primary,no,574,yes,no,cellular,25,jul,1,-1,0,unknown,0,young
housemaid,married,primary,no,512,no,no,cellular,28,aug,1,-1,0,unknown,0,older
technician,divorced,secondary,no,290,no,no,cellular,5,apr,1,-1,0,unknown,0,older
technician,married,tertiary,no,5060,no,no,cellular,12,apr,2,100,4,success,0,young
blue-collar,married,secondary,no,4310,yes,no,cellular,27,jul,4,-1,0,failure,0,older
technician,married,secondary,no,319,no,no,telephone,21,jul,2,-1,0,unknown,0,older
blue-collar,married,secondary,no,30,yes,yes,cellular,10,may,2,275,3,failure,0,young
blue-collar,single,secondary,no,97,no,yes,cellular,13,jul,8,-1,0,unknown,0,older
retired,married,primary,no,501,no,yes,telephone,8,jul,2,-1,0,unknown,0,older
self-employed,married,tertiary,yes,894,yes,no,cellular,11,may,2,-1,0,unknown,0,young
blue-collar,married,secondary,no,-263,no,no,unknown,4,jun,1,-1,0,unknown,0,young
blue-collar,divorced,primary,no,-125,yes,no,unknown,21,may,1,-1,0,unknown,0,young
technician,single,tertiary,no,204,no,yes,cellular,26,aug,10,-1,0,unknown,0,young
management,married,tertiary,no,1661,no,no,cellular,19,aug,5,-1,0,unknown,0,young
blue-collar,married,secondary,no,631,yes,yes,cellular,8,jul,1,-1,0,unknown,0,young
blue-collar,married,primary,no,1714,yes,no,unknown,21,may,1,-1,0,unknown,0,older
housemaid,divorced,secondary,no,2586,no,no,cellular,5,feb,1,117,11,other,0,older
services,divorced,secondary,no,-12,yes,no,cellular,14,may,2,-1,0,unknown,0,older
management,single,secondary,no,676,no,yes,cellular,20,nov,7,-1,0,unknown,0,young
technician,single,secondary,no,-173,yes,no,unknown,16,may,20,-1,0,unknown,0,young
management,married,tertiary,no,540,yes,no,cellular,15,feb,4,-1,0,unknown,0,older
services,single,secondary,no,942,no,no,cellular,25,jun,3,-1,0,unknown,0,young
services,married,secondary,no,-1494,yes,no,cellular,28,jul,3,-1,0,unknown,0,young
housemaid,divorced,secondary,yes,1919,yes,no,cellular,29,apr,5,118,10,other,0,older
blue-collar,married,secondary,no,-69,no,no,unknown,8,jul,1,-1,0,unknown,0,young
services,single,secondary,no,601,yes,no,cellular,5,apr,1,-1,0,unknown,0,young
admin.,married,secondary,no,1118,yes,yes,cellular,13,may,2,-1,0,unknown,0,young
technician,single,tertiary,no,916,yes,no,unknown,24,may,14,-1,0,unknown,0,young
student,single,tertiary,no,-51,yes,no,cellular,2,may,2,177,6,failure,0,young
blue-collar,single,primary,no,153,no,no,unknown,6,jun,1,-1,0,unknown,0,young
unknown,married,unknown,no,1104,yes,no,unknown,20,jun,8,-1,0,unknown,0,older
technician,married,secondary,no,-76,yes,no,unknown,23,may,1,-1,0,unknown,0,older
blue-collar,divorced,unknown,no,2855,yes,no,cellular,19,may,3,-1,0,unknown,0,older
technician,married,secondary,no,50,yes,yes,cellular,14,jul,3,-1,0,unknown,0,young
blue-collar,married,primary,no,1031,no,no,cellular,19,aug,4,-1,0,unknown,0,young
unknown,married,unknown,no,502,yes,no,unknown,11,may,1,-1,0,unknown,0,older
retired,married,primary,no,3134,no,no,telephone,19,oct,1,-2,0,unknown,0,older
technician,married,secondary,no,550,yes,no,cellular,12,apr,3,345,1,failure,0,young
technician,married,secondary,yes,-81,no,no,cellular,5,jul,2,-1,0,unknown,0,young
admin.,married,secondary,no,70,yes,no,unknown,18,jun,6,-1,0,unknown,0,young
blue-collar,divorced,primary,yes,424,no,no,unknown,15,jun,2,-1,0,unknown,1,older
blue-collar,divorced,secondary,yes,117,no,yes,cellular,31,jul,9,-1,0,unknown,0,young
management,divorced,tertiary,no,5560,yes,no,cellular,21,nov,3,-1,0,unknown,0,young
blue-collar,divorced,primary,yes,-858,yes,no,unknown,9,may,3,-1,0,unknown,0,young
technician,divorced,secondary,no,610,yes,no,unknown,12,may,1,346,1,failure,0,young
management,married,unknown,no,2409,yes,no,telephone,13,oct,2,-1,0,unknown,0,young
blue-collar,single,secondary,no,664,yes,no,unknown,10,may,2,-1,0,unknown,0,young
admin.,married,secondary,no,496,yes,no,cellular,11,apr,2,-1,0,unknown,0,young
blue-collar,married,primary,no,941,yes,no,telephone,20,may,2,-1,0,unknown,0,older
blue-collar,single,primary,no,-135,no,no,cellular,22,jul,7,-1,0,unknown,0,young
technician,married,secondary,no,757,no,no,cellular,10,may,6,-1,0,unknown,0,young
unemployed,married,unknown,no,2555,yes,no,cellular,3,jun,2,92,6,success,0,older
blue-collar,married,primary,no,546,yes,no,cellular,13,may,2,-1,0,unknown,0,young
self-employed,single,primary,no,5294,no,no,unknown,15,may,3,-1,0,unknown,0,young
blue-collar,married,primary,no,310,no,no,telephone,7,may,1,-1,0,unknown,0,young
services,single,secondary,yes,-511,no,no,unknown,8,may,1,-1,0,unknown,0,young
blue-collar,single,secondary,no,34,yes,no,unknown,8,may,3,-1,0,unknown,0,young
technician,single,tertiary,no,909,no,no,cellular,5,feb,2,-1,0,unknown,0,young
student,married,secondary,no,3914,no,no,cellular,3,oct,2,377,4,success,1,young
retired,married,primary,no,17,no,no,cellular,14,oct,2,-1,0,unknown,0,older
blue-collar,divorced,primary,no,92,yes,no,unknown,19,jun,1,-1,0,unknown,0,older
unknown,married,unknown,no,443,no,no,cellular,21,aug,2,-1,0,unknown,0,older
blue-collar,married,secondary,yes,-123,no,no,cellular,17,jul,1,-1,0,unknown,0,young
student,single,secondary,no,896,no,no,unknown,19,jun,1,-1,0,unknown,1,young
services,married,primary,no,1376,yes,no,unknown,10,jun,3,-1,0,unknown,0,older
retired,married,primary,no,5519,no,no,unknown,18,nov,2,-1,0,unknown,0,young
blue-collar,married,tertiary,no,3645,yes,no,unknown,23,may,14,-1,0,unknown,0,young
technician,married,secondary,yes,-44,no,yes,cellular,20,jul,1,-1,0,unknown,0,young
technician,married,secondary,no,89,no,no,cellular,21,jul,1,-1,0,unknown,0,older
blue-collar,married,secondary,no,261,yes,no,cellular,19,may,3,182,1,success,0,young
admin.,single,secondary,no,180,yes,yes,unknown,8,may,1,-1,0,unknown,1,young
technician,married,tertiary,no,106,yes,no,cellular,19,may,3,-1,0,unknown,0,young
retired,married,tertiary,no,1003,no,no,telephone,7,aug,3,-1,0,unknown,0,older
technician,single,secondary,no,-125,yes,no,cellular,20,may,4,-1,0,unknown,0,young
technician,married,secondary,no,1065,no,no,cellular,5,feb,2,138,4,other,1,young
blue-collar,married,primary,no,88,yes,no,cellular,12,may,2,362,4,failure,0,older
services,married,secondary,no,-1406,no,yes,cellular,24,may,1,-1,0,unknown,0,older
technician,single,primary,no,119,no,no,cellular,21,nov,1,-1,0,unknown,0,young
management,divorced,secondary,no,-694,yes,no,unknown,21,may,4,-1,0,unknown,0,young
management,divorced,tertiary,no,8125,yes,no,cellular,2,apr,1,111,0,failure,0,young
technician,divorced,primary,no,574,no,no,cellular,6,aug,5,-1,0,unknown,0,older
blue-collar,married,primary,no,1159,yes,no,unknown,4,may,1,-1,0,unknown,0,young
services,married,unknown,no,-67,no,no,telephone,8,may,9,-1,0,unknown,0,older
services,married,secondary,no,-48,yes,no,cellular,16,jul,2,-1,0,unknown,0,older
technician,married,tertiary,no,807,no,no,unknown,22,may,1,-1,0,unknown,0,older
technician,married,secondary,yes,-337,no,yes,cellular,27,aug,5,-1,0,unknown,0,young
technician,divorced,secondary,no,-93,no,no,cellular,16,nov,1,-1,0,unknown,0,older
blue-collar,married,secondary,no,2921,yes,no,telephone,15,jul,2,-1,0,unknown,0,young
technician,married,secondary,no,737,no,no,cellular,29,jan,1,-1,0,unknown,0,young
unemployed,married,unknown,no,474,yes,no,unknown,4,may,1,-1,0,unknown,0,young
management,divorced,tertiary,no,-878,yes,no,cellular,29,may,2,-1,0,unknown,0,young
management,single,tertiary,no,-32,no,no,cellular,28,apr,4,92,10,failure,0,young
technician,married,secondary,no,1531,no,yes,cellular,21,jul,3,-1,0,unknown,0,young
housemaid,single,primary,no,264,no,no,cellular,14,may,1,-1,0,unknown,0,older
management,divorced,tertiary,no,11274,no,no,cellular,20,aug,4,-1,0,unknown,0,older
entrepreneur,married,unknown,no,1698,yes,no,unknown,15,may,4,-1,0,unknown,0,older
blue-collar,divorced,secondary,no,1492,no,no,cellular,17,apr,1,-1,0,unknown,1,young
technician,married,secondary,no,636,no,no,cellular,25,jan,3,148,3,failure,0,young
technician,single,secondary,yes,1125,no,yes,unknown,2,jun,2,-1,0,unknown,0,young
blue-collar,married,unknown,no,12717,yes,no,cellular,9,may,2,-1,0,unknown,0,older
technician,single,secondary,no,57,no,no,cellular,28,aug,4,93,9,success,0,young
blue-collar,married,secondary,no,-439,yes,no,unknown,21,may,3,-1,0,unknown,0,young
blue-collar,divorced,secondary,no,2876,yes,no,unknown,16,jun,3,-1,0,unknown,0,older
admin.,divorced,secondary,no,132,no,yes,cellular,20,nov,1,-1,0,unknown,0,young
technician,single,secondary,no,4311,no,no,telephone,29,jan,1,125,1,success,1,young
management,married,tertiary,no,213,no,no,cellular,21,nov,2,91,1,failure,0,young
management,divorced,tertiary,no,3785,yes,no,cellular,22,apr,1,337,3,failure,0,young
technician,married,secondary,no,84,no,no,cellular,18,jul,4,-1,0,unknown,0,young
technician,single,tertiary,no,535,no,no,cellular,8,aug,1,182,1,success,0,young
management,married,tertiary,no,153,no,no,cellular,20,jul,2,-1,0,unknown,1,older
management,divorced,tertiary,no,64,no,no,cellular,20,jan,5,-1,0,unknown,0,older
technician,married,secondary,no,2230,no,no,cellular,18,sep,1,158,6,success,1,young
blue-collar,single,primary,no,-33,no,no,cellular,5,feb,1,-1,0,unknown,0,young
self-employed,divorced,tertiary,no,1656,yes,no,cellular,14,apr,3,121,1,failure,0,young
blue-collar,married,primary,no,159,no,no,cellular,16,aug,1,-1,0,unknown,0,older
technician,divorced,secondary,no,138,yes,no,cellular,15,apr,1,347,2,failure,1,young
retired,divorced,primary,no,-179,no,no,unknown,11,may,1,-1,0,unknown,0,older
management,divorced,secondary,no,21172,yes,no,cellular,26,oct,5,98,5,other,0,young
unemployed,single,primary,no,283,no,no,cellular,4,feb,1,-1,0,unknown,0,older
blue-collar,married,primary,no,418,yes,yes,cellular,13,may,3,346,10,other,0,young
technician,married,secondary,no,-115,yes,yes,cellular,29,jul,5,-1,0,unknown,0,young
unemployed,married,secondary,no,1760,yes,no,unknown,7,may,1,-1,0,unknown,0,older
blue-collar,married,secondary,no,5199,yes,no,cellular,3,feb,2,346,1,failure,1,young
self-employed,married,secondary,no,108,yes,no,cellular,14,apr,4,-1,0,unknown,0,older
technician,divorced,primary,no,4606,yes,no,unknown,12,may,1,-1,0,unknown,0,young
blue-collar,divorced,primary,no,38,yes,yes,unknown,15,may,2,-1,0,unknown,0,older
technician,single,secondary,no,28,yes,no,unknown,12,may,1,-1,0,unknown,0,young
technician,divorced,secondary,no,10683,yes,no,cellular,19,nov,1,-1,0,unknown,0,older
management,single,tertiary,no,1949,yes,no,cellular,16,may,6,-1,0,unknown,0,young
retired,married,secondary,no,1123,no,no,telephone,4,jun,4,-1,0,unknown,1,older
management,married,tertiary,no,14,no,no,cellular,16,aug,4,-1,0,unknown,0,young
technician,married,tertiary,no,526,no,yes,cellular,7,aug,7,-1,0,unknown,0,young
admin.,divorced,secondary,no,161,no,no,unknown,10,may,3,-1,0,unknown,1,young
retired,married,primary,no,-3,no,no,unknown,11,may,3,-1,0,unknown,0,older
blue-collar,married,primary,yes,13,yes,yes,cellular,19,nov,2,-1,0,unknown,0,older
blue-collar,single,secondary,no,-110,yes,no,unknown,14,may,3,-1,0,unknown,0,young
technician,divorced,secondary,no,1152,no,no,cellular,4,apr,1,-1,0,unknown,0,older
blue-collar,divorced,secondary,no,376,yes,no,unknown,3,jun,1,341,1,other,0,young
management,single,tertiary,no,1580,yes,no,cellular,14,may,6,361,1,failure,0,young
unemployed,married,secondary,no,205,no,no,unknown,4,jun,3,-1,0,unknown,0,older
blue-collar,married,secondary,no,-1004,yes,no,unknown,11,may,4,-1,0,unknown,0,young
technician,single,tertiary,no,1392,no,no,cellular,29,may,7,-1,0,unknown,0,young
management,married,tertiary,no,2702,no,no,cellular,4,aug,7,95,1,success,0,older
blue-collar,married,secondary,no,653,no,yes,unknown,4,jun,3,-1,0,unknown,0,older
blue-collar,married,primary,no,1179,yes,no,cellular,16,may,2,343,4,failure,0,older
technician,single,secondary,no,63,yes,no,unknown,18,jun,1,-1,0,unknown,0,older
entrepreneur,married,secondary,no,-2,yes,yes,cellular,21,jul,1,-1,0,unknown,0,older
technician,married,secondary,no,-39,yes,no,cellular,15,apr,1,342,4,failure,0,young
technician,married,secondary,no,-48,no,no,cellular,27,jul,1,267,1,failure,0,young
blue-collar,married,secondary,no,296,no,no,cellular,4,aug,1,-1,0,unknown,0,young
blue-collar,married,secondary,no,10595,no,no,telephone,16,jun,2,-1,0,unknown,0,young
blue-collar,married,primary,no,-2465,yes,yes,cellular,30,may,1,-1,0,unknown,0,older
management,married,tertiary,no,3626,no,no,cellular,16,mar,4,-1,0,unknown,0,young
technician,married,tertiary,no,-44,yes,no,cellular,11,may,2,-1,0,unknown,0,young
blue-collar,single,secondary,no,2107,yes,no,unknown,14,apr,1,-1,0,unknown,1,young
blue-collar,married,primary,no,2329,no,no,telephone,6,feb,2,180,1,failure,0,older
self-employed,single,tertiary,no,14301,yes,no,cellular,18,nov,3,-1,0,unknown,0,young
entrepreneur,divorced,secondary,yes,7674,no,no,cellular,21,jul,2,-1,0,unknown,0,older
student,single,unknown,no,2259,no,no,cellular,28,apr,2,-1,0,unknown,0,young
management,married,tertiary,no,2532,yes,yes,cellular,20,may,2,-1,0,unknown,0,older
blue-collar,divorced,secondary,yes,325,no,no,cellular,14,jul,4,122,2,other,0,young
retired,married,tertiary,no,1700,no,no,telephone,5,sep,2,-1,0,unknown,1,older
admin.,married,secondary,no,-28,no,yes,cellular,21,jul,3,-1,0,unknown,0,young
management,divorced,tertiary,no,1079,no,no,cellular,13,aug,2,-1,0,unknown,0,older
blue-collar,married,secondary,no,1449,no,yes,cellular,24,jul,2,-1,0,unknown,0,older
management,divorced,tertiary,no,-4,no,no,unknown,12,may,1,-1,0,unknown,0,young
services,married,secondary,no,15,yes,no,unknown,26,may,3,-1,0,unknown,0,older
blue-collar,single,primary,no,865,yes,no,telephone,15,may,3,-1,0,unknown,0,young
student,single,tertiary,no,32,no,no,cellular,21,sep,1,160,4,success,0,young
retired,divorced,secondary,no,397,no,no,unknown,12,may,1,-1,0,unknown,0,older
housemaid,married,primary,no,128,no,no,unknown,4,aug,2,-2,0,unknown,0,older
management,married,tertiary,no,2319,yes,no,cellular,22,mar,2,95,1,success,1,young
technician,married,primary,no,-95,yes,no,unknown,9,may,1,-1,0,unknown,0,young
retired,married,primary,no,2520,no,no,cellular,17,aug,1,-1,0,unknown,0,older
management,married,tertiary,no,151,yes,no,cellular,11,may,4,-1,2,unknown,0,young
blue-collar,single,secondary,no,222,no,no,cellular,29,aug,3,-1,0,unknown,0,young
housemaid,married,secondary,no,5466,no,no,unknown,17,jun,10,-1,0,unknown,0,young
management,divorced,primary,no,410,no,no,telephone,17,aug,7,-1,0,unknown,0,older
blue-collar,married,tertiary,no,174,yes,no,unknown,14,may,5,-1,0,unknown,0,older
blue-collar,divorced,secondary,no,260,yes,no,cellular,12,may,1,-1,0,unknown,0,older
admin.,married,secondary,no,-50,no,no,cellular,1,may,3,-1,0,unknown,0,young
management,married,unknown,no,723,no,no,unknown,14,may,1,-1,0,unknown,0,young
unemployed,divorced,secondary,no,930,no,no,cellular,18,nov,2,-1,0,unknown,0,young
blue-collar,married,secondary,no,1418,no,no,cellular,4,aug,4,-1,0,unknown,0,older
technician,single,secondary,yes,-7,yes,no,cellular,11,apr,1,-1,0,unknown,0,young
blue-collar,divorced,secondary,no,51,yes,yes,cellular,18,nov,2,350,2,failure,0,young
management,divorced,tertiary,no,116,yes,no,cellular,11,oct,2,179,3,failure,0,young
admin.,single,secondary,no,32,yes,no,cellular,19,nov,1,-1,0,unknown,0,young
blue-collar,married,primary,no,1348,no,yes,telephone,14,jul,3,-1,0,unknown,0,older
technician,single,secondary,no,396,yes,yes,unknown,22,jun,3,-1,0,unknown,0,young
blue-collar,married,primary,no,150,no,yes,unknown,22,jun,1,-1,0,unknown,0,older
admin.,divorced,unknown,no,2745,yes,no,unknown,23,may,1,-1,0,unknown,0,young
retired,married,primary,no,1499,yes,no,unknown,5,jun,2,-1,0,unknown,0,older
technician,married,secondary,no,-195,yes,no,unknown,17,jul,5,-1,0,unknown,1,young
technician,divorced,secondary,no,-450,yes,no,unknown,18,nov,3,-1,0,unknown,0,older
technician,married,secondary,no,1940,no,no,telephone,15,aug,1,-1,0,unknown,0,older
technician,divorced,secondary,no,2387,no,yes,cellular,12,aug,4,-1,0,unknown,0,older
housemaid,married,primary,no,936,yes,no,cellular,8,dec,3,-1,0,unknown,0,young
technician,single,secondary,no,2274,no,no,cellular,6,apr,1,335,9,other,1,young
student,single,secondary,no,1378,no,no,cellular,7,jul,2,-1,0,unknown,1,young
technician,single,secondary,no,2151,yes,no,cellular,14,dec,2,-1,0,unknown,0,young
technician,divorced,secondary,no,5113,yes,no,cellular,20,apr,3,351,1,failure,0,young
management,divorced,tertiary,no,92,no,no,cellular,14,jul,4,-1,0,unknown,0,older
management,married,unknown,yes,-172,no,no,cellular,20,aug,1,-1,0,unknown,0,older
retired,married,primary,no,198,no,no,cellular,8,jul,1,-1,0,unknown,0,older
unemployed,single,secondary,no,1633,yes,no,cellular,24,may,1,267,1,failure,0,young
technician,married,tertiary,no,2997,no,no,telephone,27,oct,2,99,1,other,0,older
services,married,primary,no,830,no,yes,unknown,8,may,4,-1,0,unknown,0,older
technician,married,tertiary,no,2318,no,no,cellular,30,jan,6,-1,0,unknown,0,older
management,married,tertiary,no,808,yes,yes,cellular,15,may,1,-1,0,unknown,0,young
student,single,secondary,no,5061,no,no,cellular,24,dec,3,91,1,success,1,young
technician,single,tertiary,no,1358,no,no,cellular,14,apr,3,377,6,success,0,young
management,single,tertiary,no,-54,yes,no,cellular,4,jun,3,-1,0,unknown,0,young
unemployed,married,secondary,no,2230,no,no,cellular,2,feb,1,275,1,failure,0,older
entrepreneur,married,secondary,yes,-220,yes,yes,cellular,22,jul,4,-1,0,unknown,0,young
retired,divorced,secondary,no,149,no,no,cellular,8,sep,1,-1,0,success,1,young
unemployed,married,secondary,no,1075,no,no,cellular,19,jul,2,-1,0,unknown,0,older
technician,single,secondary,no,2099,no,no,cellular,7,mar,1,185,6,success,1,young
technician,single,secondary,no,-114,yes,no,cellular,15,may,1,-1,0,unknown,0,young
self-employed,married,tertiary,no,1902,no,no,cellular,6,aug,5,-1,0,unknown,0,older
management,married,tertiary,no,-25,yes,yes,cellular,31,jul,3,-1,0,unknown,0,young
management,divorced,secondary,no,572,yes,no,cellular,21,may,4,-1,0,unknown,0,older
blue-collar,single,secondary,no,-342,yes,no,cellular,20,may,3,-1,0,unknown,0,young
technician,single,secondary,no,624,no,no,cellular,20,jul,4,-1,0,unknown,0,young
management,married,tertiary,no,2222,yes,no,cellular,29,jun,1,-1,0,unknown,0,young
entrepreneur,divorced,tertiary,no,11902,no,no,cellular,24,nov,1,-1,0,unknown,0,young
blue-collar,married,primary,no,-403,yes,no,unknown,21,may,1,-1,0,unknown,0,older
technician,married,secondary,no,1534,no,no,cellular,20,aug,7,-1,0,unknown,0,older
blue-collar,divorced,primary,no,764,yes,no,cellular,11,may,1,-1,0,unknown,0,young
blue-collar,married,primary,no,124,no,no,unknown,5,jun,1,-1,0,unknown,0,older
management,single,tertiary,no,-48,yes,no,cellular,21,nov,3,348,10,failure,0,young
retired,married,secondary,no,209,yes,no,telephone,8,may,1,345,2,failure,0,older
blue-collar,married,unknown,no,1727,yes,no,cellular,20,may,2,355,1,unknown,0,older
entrepreneur,married,tertiary,no,4768,no,no,cellular,12,aug,5,-1,0,unknown,0,older
services,single,secondary,no,34,yes,no,cellular,16,apr,3,-1,0,unknown,0,young
unemployed,single,secondary,no,168,yes,no,cellular,18,nov,1,182,1,failure,1,young
technician,single,secondary,no,71,yes,no,cellular,17,jul,4,-1,0,unknown,0,young
blue-collar,single,secondary,no,1210,no,no,cellular,8,apr,1,-1,0,unknown,0,young
management,married,primary,no,678,yes,no,unknown,8,may,1,-1,0,unknown,0,older
technician,single,tertiary,no,56,no,no,cellular,5,aug,3,-2,0,unknown,0,young
technician,divorced,secondary,yes,-374,yes,no,cellular,19,nov,1,-1,0,unknown,0,young
entrepreneur,married,primary,no,2400,yes,no,cellular,11,may,4,341,4,failure,0,older
technician,married,secondary,no,6605,yes,no,cellular,14,apr,2,104,4,success,0,older
technician,single,secondary,no,511,no,no,unknown,2,jun,2,-1,0,unknown,1,young
blue-collar,married,primary,no,173,yes,no,cellular,18,jul,1,-1,0,unknown,0,older
technician,single,secondary,no,292,yes,no,cellular,12,may,2,345,1,failure,0,young
blue-collar,married,secondary,no,2898,no,no,cellular,2,oct,1,-1,0,unknown,1,older
retired,married,secondary,no,345,no,no,cellular,2,feb,2,269,4,failure,0,older
technician,divorced,secondary,no,1701,no,no,cellular,19,nov,11,-1,0,unknown,0,older
blue-collar,married,primary,no,287,no,yes,telephone,23,jul,2,-1,0,unknown,0,young
blue-collar,married,secondary,yes,-159,no,yes,cellular,17,jul,2,-1,0,unknown,0,older
management,divorced,tertiary,no,3377,yes,no,cellular,16,apr,2,-1,0,unknown,0,older
blue-collar,married,primary,no,-130,no,no,unknown,14,may,1,-1,0,unknown,0,older
management,divorced,tertiary,no,41,yes,no,unknown,19,may,3,-1,0,unknown,0,older
technician,married,secondary,no,677,no,no,unknown,21,jun,10,-1,0,unknown,0,young
technician,married,secondary,no,102,no,no,cellular,26,aug,2,-1,0,unknown,0,older
blue-collar,married,primary,no,1025,no,no,telephone,30,jul,3,-1,0,unknown,1,older
self-employed,divorced,secondary,no,92,yes,no,cellular,19,may,1,347,1,failure,0,young
technician,married,secondary,no,1131,no,no,cellular,20,nov,1,0,0,unknown,0,young
technician,single,secondary,no,1206,yes,no,unknown,11,may,1,-1,1,unknown,0,young
management,married,tertiary,no,2195,no,no,cellular,16,apr,2,108,4,other,0,older
blue-collar,married,secondary,no,12,no,yes,cellular,8,jul,1,-1,0,unknown,0,older
blue-collar,married,secondary,yes,-135,no,no,cellular,23,jul,1,-1,0,unknown,0,young
management,married,tertiary,no,804,yes,no,cellular,12,apr,4,180,4,other,0,young
housemaid,married,primary,no,2442,no,yes,cellular,1,jul,1,-1,0,unknown,0,young
blue-collar,married,tertiary,no,11803,yes,no,cellular,19,oct,2,352,1,failure,0,young
retired,single,primary,no,1443,no,no,cellular,16,jul,1,-1,0,unknown,0,older
unemployed,married,primary,no,149,no,no,unknown,7,jun,1,-1,0,unknown,1,older
management,divorced,secondary,no,14357,no,no,telephone,4,feb,1,-2,0,unknown,0,older
blue-collar,married,secondary,no,813,no,no,cellular,29,aug,1,-1,0,unknown,1,older
self-employed,divorced,secondary,no,8358,no,no,cellular,18,nov,4,93,2,failure,0,young
technician,married,secondary,no,214,no,no,cellular,16,nov,1,-1,0,unknown,0,older
blue-collar,married,secondary,no,1010,no,no,cellular,14,mar,4,-1,0,unknown,0,young
blue-collar,married,tertiary,no,1677,yes,no,unknown,17,jun,3,-1,0,unknown,0,older
blue-collar,single,primary,yes,-48,no,no,cellular,5,feb,3,-1,0,unknown,0,young
entrepreneur,married,tertiary,yes,-14,no,no,cellular,22,jul,3,-1,0,unknown,0,older
management,single,secondary,no,-49,no,no,telephone,26,nov,7,-2,0,unknown,0,young
technician,married,primary,no,1110,no,yes,cellular,7,aug,5,-1,0,unknown,0,older
technician,divorced,secondary,no,174,yes,no,cellular,20,nov,2,128,4,failure,0,older
technician,married,secondary,no,837,no,no,unknown,19,jun,14,-1,0,unknown,0,older
technician,married,secondary,no,6141,no,no,telephone,29,aug,6,-1,0,unknown,0,older
admin.,divorced,primary,no,924,yes,no,cellular,13,may,3,261,3,other,1,young
management,married,tertiary,no,1767,yes,no,cellular,3,may,2,261,4,failure,0,older
services,married,primary,no,582,yes,no,unknown,5,jun,2,-1,0,unknown,0,older
blue-collar,married,secondary,no,501,yes,no,unknown,22,may,1,-1,0,unknown,0,young
blue-collar,married,primary,no,-76,no,no,cellular,7,aug,10,-1,0,unknown,0,older
student,single,tertiary,no,-273,no,no,unknown,20,jun,7,-1,0,unknown,0,young
unemployed,married,primary,yes,73,yes,yes,cellular,16,jul,1,-1,0,unknown,0,older
technician,divorced,secondary,no,1393,no,no,cellular,11,aug,4,0,0,unknown,0,young
entrepreneur,single,secondary,no,6726,yes,no,cellular,24,nov,1,-1,0,unknown,1,young
retired,divorced,secondary,no,3797,no,no,telephone,8,jul,2,-1,0,unknown,1,older
management,divorced,secondary,no,3423,yes,no,telephone,21,apr,4,50,6,failure,0,older
management,divorced,secondary,yes,2598,no,no,cellular,20,nov,1,-1,0,unknown,0,older
technician,married,tertiary,no,2639,yes,no,cellular,14,apr,2,126,4,failure,0,young
retired,married,primary,no,2016,no,no,cellular,10,may,1,-1,0,unknown,0,older
technician,married,tertiary,no,102,yes,no,cellular,1,feb,2,281,10,other,1,young
management,divorced,tertiary,no,4541,yes,no,telephone,13,may,2,89,1,failure,0,older
services,married,secondary,no,4192,no,no,cellular,11,aug,2,-1,0,unknown,0,older
admin.,married,primary,no,292,yes,no,cellular,21,apr,1,-2,0,unknown,0,young
entrepreneur,married,tertiary,no,1992,no,no,telephone,22,nov,8,-1,0,unknown,0,older
blue-collar,single,primary,yes,1353,no,no,cellular,2,feb,1,-1,0,unknown,1,young
blue-collar,single,secondary,no,958,no,no,cellular,21,mar,3,265,9,other,0,young
technician,single,secondary,no,-4,yes,no,cellular,21,jul,1,-1,0,unknown,0,young
blue-collar,married,primary,no,712,no,no,telephone,19,aug,4,-1,0,unknown,0,young
entrepreneur,married,secondary,no,170,no,yes,cellular,18,jul,5,0,0,unknown,0,young
blue-collar,married,secondary,no,1924,yes,no,unknown,17,may,4,-1,0,unknown,0,young
technician,married,secondary,no,2473,no,no,cellular,12,aug,4,-1,0,unknown,0,older
unemployed,married,secondary,no,2088,no,no,cellular,1,feb,1,-1,0,failure,0,older
blue-collar,married,secondary,no,105,no,no,unknown,13,aug,1,-1,0,unknown,0,older
services,divorced,secondary,yes,-123,no,yes,cellular,24,jul,23,-1,0,unknown,0,older
services,married,secondary,no,7731,no,no,telephone,7,jul,3,-1,0,unknown,0,young
student,single,unknown,no,190,no,no,cellular,21,aug,4,90,10,other,0,young
management,married,tertiary,no,5438,yes,no,cellular,22,nov,3,347,1,failure,0,young
management,married,tertiary,no,2208,yes,no,cellular,12,may,2,343,4,failure,0,young
services,married,secondary,no,323,yes,no,unknown,21,may,4,-1,0,unknown,0,older
retired,married,secondary,no,1276,no,no,telephone,2,feb,1,-1,0,unknown,0,older
technician,single,primary,yes,-93,yes,no,cellular,4,feb,7,-1,0,unknown,0,young
technician,married,primary,no,691,yes,no,unknown,15,nov,4,-1,0,unknown,0,young
blue-collar,married,unknown,no,1084,yes,no,unknown,26,may,3,357,4,failure,0,older
technician,divorced,secondary,no,787,no,no,unknown,12,may,15,-1,0,unknown,0,young
unemployed,divorced,secondary,no,166,no,no,telephone,7,jul,3,-1,0,unknown,0,older
blue-collar,married,primary,yes,-156,yes,no,unknown,26,may,9,-1,0,unknown,0,older
blue-collar,married,primary,no,1313,yes,no,cellular,9,oct,5,-1,0,unknown,0,older
blue-collar,married,secondary,yes,-2361,no,no,unknown,20,jun,3,-1,0,unknown,1,older
services,single,secondary,no,445,yes,no,cellular,21,apr,3,91,1,failure,0,young
blue-collar,married,primary,no,904,yes,yes,cellular,2,jul,1,-1,0,unknown,0,older
unemployed,divorced,secondary,no,618,yes,no,cellular,12,may,1,119,1,failure,0,young
technician,single,tertiary,no,-84,yes,no,cellular,22,oct,1,353,1,failure,1,young
blue-collar,married,secondary,no,-340,yes,no,unknown,25,may,1,-1,0,unknown,0,young
blue-collar,married,primary,no,386,yes,no,unknown,15,may,3,-1,0,unknown,0,young
admin.,married,secondary,no,-4,no,yes,unknown,4,jun,1,-1,0,unknown,0,older
blue-collar,married,secondary,no,2702,yes,no,unknown,21,may,3,-1,0,unknown,0,young
technician,married,secondary,no,2427,no,no,cellular,24,jul,4,-1,0,unknown,0,young
blue-collar,married,unknown,no,334,yes,no,cellular,12,jul,2,-1,0,unknown,0,young
technician,divorced,tertiary,no,-178,yes,no,cellular,28,may,2,340,1,failure,0,young
management,married,tertiary,no,1417,yes,no,cellular,17,jul,4,-1,0,unknown,0,young
blue-collar,single,secondary,no,-133,yes,no,unknown,18,jul,5,-1,0,unknown,0,young
admin.,divorced,secondary,no,-163,no,no,unknown,26,may,3,-1,0,unknown,0,older
management,married,tertiary,no,65,yes,no,cellular,8,jul,4,-1,0,unknown,0,young
entrepreneur,divorced,secondary,no,1005,yes,no,cellular,12,apr,1,-1,0,unknown,0,young
technician,single,tertiary,no,34,yes,no,unknown,12,may,1,-1,1,unknown,0,young
housemaid,married,secondary,no,1090,no,yes,cellular,7,oct,1,-1,0,unknown,1,older
management,single,tertiary,no,6065,no,no,cellular,3,oct,2,120,1,success,1,young
technician,single,tertiary,no,691,yes,yes,unknown,5,jun,3,-1,0,unknown,0,young
blue-collar,divorced,primary,no,-105,yes,no,cellular,21,may,1,-1,0,unknown,0,young
technician,single,secondary,no,284,no,no,cellular,15,aug,2,-1,0,unknown,0,young
blue-collar,married,primary,no,3131,yes,no,unknown,12,may,2,-1,0,unknown,0,young
retired,divorced,secondary,no,5721,no,no,unknown,6,jun,1,-1,0,unknown,0,older
technician,single,tertiary,no,111,yes,no,unknown,22,may,3,-1,0,unknown,0,young
unknown,single,unknown,no,2571,no,no,cellular,7,jul,1,-1,0,unknown,0,older
blue-collar,divorced,primary,no,339,yes,no,cellular,25,apr,5,-1,0,unknown,0,older
retired,divorced,secondary,no,101,no,no,cellular,15,oct,1,97,1,failure,0,older
technician,married,secondary,no,5132,no,no,cellular,1,jan,2,152,1,failure,0,young
retired,married,unknown,no,-37,yes,no,unknown,2,feb,1,-1,0,unknown,0,older
management,married,tertiary,no,1788,yes,no,cellular,19,jul,5,-1,0,unknown,0,older
technician,married,secondary,no,-210,yes,yes,cellular,20,nov,9,-1,0,unknown,0,young
blue-collar,married,primary,no,2425,no,no,cellular,4,feb,1,405,1,failure,0,older
technician,married,secondary,no,-193,yes,no,cellular,13,may,2,353,4,failure,0,older
self-employed,married,secondary,no,1569,yes,no,cellular,20,may,2,348,3,failure,0,young
blue-collar,single,primary,yes,686,yes,no,cellular,14,may,1,-1,0,unknown,0,older
management,divorced,primary,no,-56,yes,no,cellular,19,nov,2,-2,0,unknown,0,older
management,single,tertiary,no,107,yes,no,cellular,21,may,1,-1,0,unknown,0,young
technician,single,secondary,no,535,yes,no,cellular,29,jan,2,106,4,other,0,young
management,married,tertiary,no,2681,no,no,cellular,19,nov,4,-1,0,unknown,0,young
housemaid,divorced,secondary,no,1157,no,no,cellular,12,oct,1,-1,0,unknown,0,older
blue-collar,married,primary,no,291,yes,yes,unknown,4,may,3,-1,0,unknown,0,young
management,single,tertiary,no,3839,yes,no,cellular,23,apr,3,-1,2,unknown,1,young
housemaid,married,secondary,no,4299,no,no,cellular,20,nov,1,133,6,other,0,young
technician,divorced,tertiary,no,388,yes,no,telephone,30,may,4,-1,0,unknown,0,older
technician,married,secondary,no,-957,yes,yes,unknown,12,may,2,-1,0,unknown,0,older
retired,divorced,secondary,no,-51,no,yes,telephone,22,jul,5,-1,0,unknown,0,older
management,divorced,tertiary,no,-3217,yes,no,unknown,20,may,1,-1,0,unknown,0,older
technician,married,secondary,no,36,yes,no,unknown,14,may,15,-1,0,unknown,0,young
technician,married,secondary,no,810,no,no,cellular,1,mar,2,430,1,failure,0,older
blue-collar,married,secondary,no,5110,yes,no,unknown,1,may,2,-1,0,unknown,0,older
blue-collar,married,primary,no,917,yes,yes,cellular,13,may,1,-1,0,unknown,0,older
management,married,secondary,no,88,no,no,cellular,12,apr,1,-1,10,unknown,0,young
technician,married,secondary,no,2717,no,no,cellular,3,feb,3,-1,0,unknown,0,older
services,married,secondary,no,122,yes,no,cellular,20,jul,3,-1,0,unknown,0,young
blue-collar,married,secondary,yes,35,yes,no,cellular,3,jun,2,-1,0,unknown,0,young
technician,divorced,secondary,no,1065,yes,no,unknown,21,may,3,-1,0,unknown,0,young
technician,single,secondary,no,86,yes,no,cellular,0,may,5,111,3,other,0,young
blue-collar,divorced,secondary,no,949,yes,no,cellular,14,may,1,-1,0,unknown,0,young
blue-collar,married,tertiary,no,642,yes,yes,cellular,19,jul,1,-1,0,unknown,0,young
admin.,divorced,secondary,no,1452,yes,yes,cellular,30,jul,2,-1,0,unknown,0,young
technician,married,tertiary,no,4275,no,no,cellular,29,jan,3,-1,0,unknown,0,older
technician,single,secondary,yes,-208,yes,no,cellular,8,may,3,-1,0,unknown,0,young
management,married,tertiary,no,595,yes,no,unknown,9,may,1,-1,1,other,0,young
management,married,tertiary,no,340,yes,no,unknown,10,may,1,-1,0,unknown,0,young
self-employed,divorced,tertiary,no,500,no,no,cellular,29,jan,1,343,1,failure,0,young
blue-collar,married,secondary,no,1649,yes,no,cellular,4,apr,2,337,9,failure,0,young
blue-collar,divorced,secondary,no,1178,no,no,cellular,12,oct,6,78,1,other,0,young
technician,divorced,secondary,no,42,no,no,cellular,27,jul,5,-1,0,unknown,0,young
entrepreneur,married,tertiary,no,-6,yes,no,unknown,22,may,2,-1,0,unknown,0,young
technician,divorced,secondary,no,945,no,no,telephone,7,may,5,-1,0,unknown,0,young
admin.,married,secondary,no,-175,yes,yes,cellular,12,jul,3,-1,0,unknown,0,older
blue-collar,married,secondary,no,938,no,no,cellular,5,feb,1,-1,0,unknown,0,young
technician,single,secondary,no,268,no,no,cellular,19,aug,2,-1,0,unknown,0,young
entrepreneur,single,primary,yes,105,yes,no,cellular,16,apr,3,-1,0,unknown,0,young
admin.,married,secondary,no,4358,yes,no,unknown,13,may,1,-1,0,unknown,0,older
services,single,secondary,no,123,no,no,cellular,20,aug,3,-1,0,unknown,0,young
management,married,tertiary,no,1179,no,yes,cellular,15,aug,4,-1,0,unknown,0,older
housemaid,divorced,secondary,no,157,no,yes,cellular,17,jul,2,-1,0,unknown,0,older
entrepreneur,married,tertiary,no,409,no,no,unknown,13,jun,6,-1,0,unknown,0,young
blue-collar,married,secondary,yes,-618,yes,yes,unknown,11,may,3,-1,0,unknown,0,young
blue-collar,married,primary,no,-137,no,no,unknown,7,may,2,-1,0,unknown,0,older
technician,single,secondary,no,227,no,no,cellular,11,aug,4,83,6,unknown,0,young
management,married,tertiary,no,2611,no,no,cellular,6,aug,4,-1,0,unknown,0,older
blue-collar,married,primary,no,505,no,no,cellular,14,jul,2,-1,0,unknown,0,older
blue-collar,married,primary,no,176,yes,no,unknown,15,may,1,-1,0,unknown,0,young
technician,single,secondary,no,975,yes,no,cellular,13,apr,1,340,1,failure,0,young
entrepreneur,married,secondary,yes,111,no,yes,unknown,5,may,2,-1,0,unknown,0,older
technician,married,secondary,no,586,no,no,cellular,19,mar,1,-1,0,unknown,0,young
management,married,tertiary,no,-1255,yes,no,unknown,12,jun,5,-1,0,unknown,0,young
blue-collar,married,primary,no,81,yes,yes,unknown,24,may,3,-1,0,unknown,0,young
management,divorced,tertiary,no,916,yes,no,cellular,20,nov,4,-1,0,unknown,0,older
management,divorced,tertiary,no,1507,no,no,unknown,19,jun,1,-2,0,unknown,0,young
technician,divorced,secondary,no,92,no,no,cellular,21,aug,4,-1,0,unknown,0,young
management,divorced,tertiary,no,8787,no,no,unknown,5,mar,1,-1,0,unknown,0,older
technician,married,secondary,no,195,yes,no,cellular,13,may,1,358,2,other,0,young
retired,divorced,primary,no,3349,no,no,unknown,10,feb,1,-1,0,unknown,0,older
housemaid,divorced,primary,no,195,no,no,cellular,13,apr,2,-1,0,unknown,0,older
management,married,secondary,no,2888,yes,no,cellular,22,nov,2,-1,0,unknown,0,older
technician,married,secondary,no,944,no,no,cellular,7,aug,4,-1,0,unknown,0,older
blue-collar,married,secondary,no,1108,no,no,cellular,3,may,3,-1,0,unknown,0,older
admin.,married,secondary,no,4106,yes,no,cellular,14,apr,3,351,1,other,0,young
technician,married,secondary,no,862,no,no,cellular,29,jul,16,-1,0,unknown,0,older
technician,single,secondary,yes,454,no,no,cellular,1,feb,4,182,3,success,1,young
blue-collar,married,primary,no,1142,no,no,telephone,15,dec,3,183,9,other,1,older
blue-collar,married,secondary,no,-215,yes,no,unknown,17,apr,3,-1,0,unknown,0,young
admin.,married,secondary,no,2437,no,no,cellular,1,apr,3,159,9,other,1,older
blue-collar,married,primary,yes,184,yes,no,cellular,17,nov,1,-1,0,unknown,0,older
technician,divorced,secondary,no,1527,no,no,cellular,17,aug,6,-1,0,unknown,0,older
blue-collar,single,secondary,yes,-356,yes,yes,cellular,12,may,1,-1,0,unknown,0,young
student,single,secondary,no,159,no,no,cellular,20,nov,2,81,11,other,0,young
unknown,married,unknown,no,3454,no,no,unknown,12,may,5,-1,0,unknown,0,older
management,married,secondary,no,107,yes,no,unknown,11,aug,6,-1,0,unknown,0,older
blue-collar,married,primary,no,-675,yes,no,unknown,24,may,3,-1,0,unknown,0,young
blue-collar,married,primary,no,3370,no,yes,cellular,13,mar,7,170,3,failure,0,young
blue-collar,married,secondary,no,234,no,no,unknown,11,jun,1,-1,0,unknown,0,older
management,divorced,tertiary,no,4153,no,no,cellular,21,nov,1,-1,0,unknown,0,older
management,married,tertiary,yes,-487,yes,no,cellular,7,jul,2,82,1,failure,0,young
blue-collar,married,secondary,no,251,no,no,cellular,17,nov,4,-1,0,unknown,0,older
blue-collar,married,primary,no,831,yes,yes,unknown,14,may,7,-1,0,unknown,0,young
unknown,married,unknown,no,-150,no,no,unknown,4,jan,4,-1,0,unknown,0,older
technician,divorced,secondary,no,2574,no,no,telephone,4,feb,7,266,1,other,0,young
services,married,secondary,yes,-604,yes,no,cellular,1,jul,1,-1,0,unknown,0,young
management,divorced,secondary,no,120,yes,no,cellular,20,nov,4,-1,0,unknown,0,older
technician,divorced,tertiary,no,-458,yes,no,cellular,28,jan,5,276,1,other,0,young
technician,single,tertiary,no,1750,no,no,telephone,20,apr,7,-1,0,unknown,0,young
retired,married,primary,no,3853,no,yes,cellular,17,jul,3,-2,0,unknown,0,older
services,divorced,primary,no,1195,yes,no,cellular,16,jul,7,-1,0,unknown,0,young
management,divorced,tertiary,no,314,no,no,cellular,14,jul,7,-1,0,unknown,0,older
technician,divorced,secondary,no,172,yes,no,cellular,15,may,4,120,6,failure,0,older
technician,single,tertiary,no,81,yes,no,cellular,15,may,4,-1,0,unknown,0,young
management,married,tertiary,no,3890,yes,no,cellular,13,may,2,346,1,success,0,young
technician,married,secondary,no,1028,no,no,cellular,8,may,6,-1,0,unknown,0,young
management,married,tertiary,no,2615,no,yes,cellular,5,aug,4,-1,0,unknown,0,older
blue-collar,divorced,primary,yes,3059,yes,no,unknown,5,may,5,-1,0,unknown,0,young
technician,married,secondary,no,4043,no,no,unknown,19,aug,1,-1,0,unknown,0,older
student,single,secondary,no,109,no,no,unknown,1,jun,3,-1,0,unknown,0,young
blue-collar,married,primary,no,-4,yes,no,unknown,18,may,3,-1,0,unknown,0,older
blue-collar,married,primary,no,4248,no,no,unknown,21,jun,1,-1,0,unknown,0,older
technician,married,secondary,no,441,no,no,unknown,18,may,4,-1,0,unknown,0,older
technician,married,secondary,no,313,no,no,cellular,4,aug,1,-1,0,unknown,0,young
management,divorced,tertiary,no,417,no,no,cellular,16,jun,5,-1,0,unknown,0,older
technician,married,secondary,no,-17,yes,no,cellular,2,may,1,356,1,failure,0,young
admin.,single,secondary,no,5178,no,yes,cellular,18,jul,7,-1,0,unknown,1,young
admin.,married,secondary,no,1019,no,no,cellular,17,aug,4,-1,0,unknown,0,young
unknown,married,secondary,no,94,no,no,unknown,5,jun,1,-1,0,unknown,0,older
management,divorced,tertiary,no,2438,no,no,telephone,13,jul,2,-1,0,unknown,0,young
management,single,tertiary,no,1976,no,no,cellular,3,oct,4,104,4,failure,0,young
admin.,divorced,secondary,no,85,no,yes,cellular,20,nov,1,-1,0,unknown,0,older
blue-collar,married,primary,no,2590,yes,no,cellular,18,apr,2,-1,1,unknown,0,older
blue-collar,married,secondary,yes,-104,no,yes,cellular,14,jul,2,-1,0,unknown,0,older
blue-collar,single,secondary,yes,907,no,no,unknown,7,may,3,-1,0,unknown,0,young
services,married,secondary,no,-2732,yes,no,unknown,22,may,2,-1,0,unknown,0,young
management,married,tertiary,no,-4,no,yes,cellular,17,aug,7,-1,0,unknown,0,young
technician,married,secondary,no,34,no,no,telephone,3,jun,1,-1,0,unknown,0,young
management,single,tertiary,no,73,no,no,cellular,6,may,5,-1,0,unknown,0,young
technician,single,secondary,no,801,no,no,unknown,8,may,4,-1,0,unknown,0,young
management,divorced,primary,no,-43,no,no,cellular,14,may,1,-1,0,unknown,0,older
blue-collar,married,primary,yes,-171,yes,no,unknown,25,may,1,-1,0,unknown,0,older
technician,single,secondary,no,3544,yes,no,cellular,23,sep,3,-1,0,unknown,1,young
technician,married,secondary,no,596,yes,no,telephone,14,may,2,347,4,failure,0,older
blue-collar,married,primary,yes,42,yes,no,cellular,5,may,12,-1,0,unknown,0,older
retired,single,primary,no,591,no,no,telephone,9,mar,1,-1,0,unknown,0,young
self-employed,married,unknown,no,4468,no,no,telephone,30,jun,7,-1,0,unknown,0,older
technician,married,tertiary,no,254,no,no,cellular,5,aug,4,267,1,other,0,young
management,married,tertiary,no,2177,no,no,cellular,17,nov,1,-1,0,unknown,0,older
technician,divorced,secondary,yes,-144,yes,yes,cellular,11,jul,1,-1,0,unknown,0,young
technician,single,secondary,no,1073,no,no,cellular,4,feb,3,-1,0,unknown,1,young
blue-collar,married,primary,no,-391,yes,no,unknown,20,may,2,-1,0,unknown,0,young
retired,married,secondary,no,1223,no,no,unknown,1,jun,1,-1,0,unknown,0,older
retired,married,secondary,no,2435,no,no,telephone,19,oct,1,-1,0,unknown,0,older
admin.,married,primary,no,2446,no,no,telephone,27,jul,3,180,0,unknown,0,older
technician,married,secondary,no,712,no,no,cellular,10,aug,6,-1,0,unknown,0,older
technician,married,tertiary,no,3268,no,no,unknown,13,jun,1,-1,0,unknown,0,young
management,married,tertiary,yes,3013,yes,no,cellular,29,jul,3,-2,0,unknown,0,young
technician,divorced,secondary,no,182,no,no,cellular,9,may,4,-1,0,unknown,1,young
unemployed,married,secondary,no,308,no,no,cellular,12,jul,9,-1,0,unknown,0,older
blue-collar,single,secondary,no,-429,yes,yes,cellular,12,jul,1,-1,0,unknown,0,young
technician,single,secondary,yes,1670,yes,no,cellular,17,nov,6,-1,0,unknown,0,young
blue-collar,married,primary,no,-463,yes,no,cellular,13,may,6,343,2,other,0,young
technician,married,tertiary,yes,18574,yes,no,cellular,20,nov,1,-1,0,failure,0,young
management,married,tertiary,no,762,no,no,unknown,5,jun,1,-1,0,unknown,0,young
blue-collar,married,primary,yes,-93,yes,yes,unknown,7,jul,2,-1,0,unknown,0,older
blue-collar,married,secondary,no,180,yes,no,cellular,20,aug,1,-1,0,unknown,0,older
retired,divorced,primary,no,949,no,no,telephone,3,feb,2,-1,0,unknown,0,older
admin.,married,secondary,no,-219,no,no,cellular,15,jul,2,-1,0,unknown,0,young
blue-collar,divorced,secondary,yes,-967,yes,yes,unknown,32,jul,3,-1,0,unknown,0,older
blue-collar,divorced,primary,no,581,yes,no,cellular,19,apr,1,-1,0,unknown,0,older
retired,divorced,tertiary,no,12449,no,no,cellular,18,nov,2,127,1,failure,0,young
technician,divorced,primary,no,4245,yes,no,unknown,20,may,3,-1,0,unknown,0,older
technician,single,secondary,no,-1883,yes,no,cellular,14,may,3,-1,0,unknown,0,young
housemaid,married,secondary,no,2193,no,no,telephone,12,oct,4,-1,0,unknown,1,young
blue-collar,married,primary,no,-909,yes,no,unknown,29,may,3,-1,0,unknown,0,older
technician,divorced,tertiary,no,793,yes,no,cellular,27,jan,7,262,7,other,0,young
retired,divorced,secondary,no,960,no,no,cellular,6,jul,1,-1,0,unknown,0,older
management,single,tertiary,no,-62,yes,no,cellular,10,may,4,354,1,other,1,young
management,single,secondary,no,233,yes,no,cellular,14,may,3,258,3,failure,0,young
unemployed,divorced,primary,no,16,no,no,cellular,4,jul,1,-1,0,unknown,0,older
self-employed,married,tertiary,no,6852,yes,no,cellular,17,may,4,-1,0,unknown,0,older
services,divorced,secondary,no,-150,yes,no,unknown,12,may,1,-1,0,unknown,0,young
blue-collar,married,primary,no,627,yes,no,cellular,13,nov,2,364,1,failure,0,young
technician,divorced,secondary,no,188,no,yes,unknown,20,jun,1,-1,0,unknown,0,older
admin.,single,secondary,no,95,no,yes,cellular,20,nov,3,130,10,failure,0,young
services,married,secondary,no,1,no,no,cellular,17,jul,5,-1,0,unknown,0,older
blue-collar,married,secondary,no,197,no,no,unknown,3,jun,2,-1,0,unknown,0,older
technician,single,secondary,no,-25,yes,no,cellular,25,may,2,-1,0,unknown,0,young
blue-collar,married,primary,yes,-439,yes,no,unknown,21,may,3,-1,0,unknown,0,older
unknown,divorced,unknown,yes,111,no,yes,cellular,18,jul,5,-1,0,unknown,0,older
blue-collar,married,secondary,no,918,yes,no,cellular,13,aug,2,-1,0,unknown,0,older
entrepreneur,married,tertiary,no,604,no,no,unknown,13,jun,1,-1,0,unknown,0,young
housemaid,married,primary,no,99,no,no,cellular,27,aug,7,-1,0,unknown,0,older
entrepreneur,married,primary,no,338,no,no,cellular,17,apr,2,-1,0,unknown,0,older
technician,married,secondary,no,5239,no,no,cellular,23,nov,2,93,1,success,1,young
technician,divorced,unknown,no,862,no,no,cellular,20,jul,2,-1,0,unknown,0,older
technician,married,secondary,no,-560,no,no,unknown,5,may,2,-1,0,unknown,0,older
blue-collar,married,secondary,no,745,yes,no,cellular,7,jul,2,-1,0,unknown,1,young
unknown,married,primary,no,1044,no,no,unknown,0,jun,2,-2,0,unknown,0,older
management,married,tertiary,no,-531,yes,no,cellular,1,jun,3,-1,0,unknown,0,young
management,divorced,tertiary,no,2962,no,no,cellular,12,may,5,173,1,failure,0,older
technician,married,secondary,no,3221,yes,yes,cellular,23,jul,10,-1,0,unknown,0,young
blue-collar,divorced,secondary,no,774,yes,no,unknown,20,may,3,-1,0,unknown,0,older
blue-collar,married,secondary,yes,72,yes,no,unknown,24,may,3,-1,0,unknown,0,young
blue-collar,divorced,tertiary,yes,198,yes,no,cellular,12,may,4,356,1,other,0,young
entrepreneur,married,primary,no,-84,yes,no,cellular,13,may,2,348,1,failure,0,older
management,married,tertiary,no,1666,yes,no,cellular,20,apr,4,336,3,failure,0,young
technician,married,secondary,no,165,yes,no,unknown,26,may,6,-1,0,unknown,0,older
services,married,unknown,no,1273,no,no,unknown,27,may,2,-1,0,unknown,0,young
technician,married,primary,no,3167,yes,no,cellular,12,feb,1,270,1,failure,0,young
technician,married,tertiary,no,-139,yes,no,unknown,4,may,1,-1,0,unknown,1,older
technician,married,tertiary,no,146,no,no,unknown,24,jun,3,-1,0,unknown,0,young
blue-collar,married,primary,no,404,yes,no,unknown,8,may,1,-1,0,unknown,0,young
unemployed,married,secondary,no,1779,yes,no,cellular,13,oct,3,90,4,success,1,older
admin.,married,secondary,no,4633,no,no,unknown,2,jun,1,-1,0,unknown,0,older
services,divorced,secondary,no,-260,no,no,unknown,18,may,1,-1,0,unknown,0,young
blue-collar,single,secondary,no,4023,yes,no,cellular,14,may,3,349,4,other,0,young
blue-collar,married,primary,yes,933,no,no,telephone,5,may,2,-1,0,unknown,0,older
student,single,tertiary,no,3127,no,no,cellular,22,jun,2,96,6,success,1,young
management,married,tertiary,no,-114,yes,no,unknown,26,aug,2,-1,0,unknown,0,older
unknown,divorced,tertiary,no,1707,no,no,cellular,23,apr,3,95,6,other,0,older
blue-collar,divorced,secondary,no,572,yes,yes,cellular,10,may,1,353,2,failure,0,young
technician,married,tertiary,no,82,no,no,cellular,16,aug,4,-1,0,unknown,0,older
admin.,married,primary,no,1261,no,no,cellular,17,jul,1,0,0,unknown,0,older
blue-collar,married,primary,no,-5,yes,no,unknown,5,jun,1,-1,0,unknown,0,young
technician,divorced,secondary,no,1488,yes,no,unknown,23,may,2,-1,0,unknown,0,young
blue-collar,single,primary,yes,180,no,no,cellular,15,may,5,350,1,failure,0,young
management,divorced,tertiary,no,883,no,no,cellular,5,aug,4,94,4,other,0,young
technician,divorced,tertiary,no,667,yes,no,unknown,4,apr,1,-2,0,unknown,0,older
self-employed,married,secondary,no,9602,yes,no,cellular,21,nov,1,350,1,failure,0,young
technician,single,secondary,no,1752,no,no,cellular,19,oct,1,144,2,failure,0,young
admin.,divorced,primary,no,2224,yes,no,telephone,29,oct,5,114,1,other,0,older
unemployed,married,secondary,no,1046,no,no,cellular,22,jun,2,-1,0,unknown,0,older
housemaid,divorced,primary,no,59,no,no,cellular,13,may,5,-1,0,unknown,0,older
blue-collar,married,primary,no,197,yes,yes,unknown,17,may,3,-1,0,unknown,0,older
technician,divorced,secondary,no,1656,yes,no,cellular,11,may,3,355,1,other,0,young
management,single,primary,yes,3383,no,no,cellular,1,jul,1,-1,0,unknown,0,older
self-employed,divorced,tertiary,no,765,no,no,unknown,12,jun,7,-1,0,unknown,0,older
housemaid,married,tertiary,no,1104,yes,no,cellular,10,feb,2,-1,0,unknown,0,young
technician,single,tertiary,no,5383,yes,no,cellular,20,apr,1,-1,0,unknown,0,older
technician,married,secondary,no,1005,no,no,cellular,13,dec,2,-1,0,unknown,0,older
unemployed,single,tertiary,no,618,yes,no,cellular,1,nov,3,120,1,failure,1,young
technician,married,secondary,no,4962,yes,no,unknown,21,jun,4,-1,0,unknown,0,older
entrepreneur,married,primary,no,919,yes,no,cellular,9,jul,4,285,1,failure,0,young
technician,married,secondary,no,1189,no,no,cellular,18,oct,4,-1,0,unknown,0,older
management,single,tertiary,yes,610,no,no,unknown,3,jun,2,-1,0,unknown,0,young
technician,divorced,secondary,no,1629,yes,no,cellular,8,may,1,351,1,failure,0,young
self-employed,married,tertiary,no,3488,no,no,unknown,17,jun,3,-1,0,unknown,0,young
blue-collar,married,secondary,no,132,no,no,unknown,12,jun,4,-1,0,unknown,0,older
technician,married,secondary,no,2844,no,no,cellular,3,mar,2,121,9,other,0,older
blue-collar,married,secondary,yes,745,no,yes,cellular,12,jan,3,265,2,failure,0,older
management,married,tertiary,no,4472,no,no,cellular,21,oct,1,-1,0,unknown,0,older
blue-collar,married,primary,no,851,yes,no,unknown,8,may,1,-1,0,unknown,0,young
self-employed,married,primary,no,100,no,no,cellular,9,aug,1,-1,0,unknown,0,young
retired,married,primary,no,1742,no,no,telephone,5,jul,7,-1,0,unknown,0,older
management,divorced,tertiary,no,-53,yes,no,unknown,2,jun,1,-1,0,unknown,0,young
blue-collar,married,primary,no,1369,yes,no,unknown,14,may,3,-1,0,unknown,0,young
blue-collar,married,primary,no,493,yes,no,cellular,9,may,2,-1,0,unknown,0,older
technician,divorced,secondary,no,2775,no,no,cellular,1,feb,2,189,2,unknown,0,older
management,single,tertiary,no,-830,no,no,unknown,28,may,3,-1,0,unknown,0,young
retired,divorced,secondary,no,1957,no,no,cellular,24,feb,5,179,9,other,1,older
admin.,married,secondary,no,2014,no,no,cellular,5,jun,2,-1,0,unknown,0,older
management,married,tertiary,no,181,no,no,cellular,8,jul,3,-1,0,unknown,0,older
management,married,tertiary,no,3473,no,no,unknown,11,may,5,-1,0,unknown,0,older
technician,married,secondary,no,515,yes,no,cellular,5,may,1,269,1,failure,0,young
management,married,tertiary,no,5612,yes,no,cellular,22,apr,4,-1,0,unknown,0,young
blue-collar,married,primary,no,109,no,no,cellular,6,aug,7,350,0,unknown,0,older
retired,married,secondary,no,4226,no,no,cellular,13,oct,6,110,2,failure,0,older
blue-collar,single,secondary,no,396,no,no,cellular,27,may,1,-1,10,other,0,young
blue-collar,divorced,primary,no,-244,yes,no,unknown,21,may,2,-1,0,unknown,0,young
services,married,primary,no,45,yes,yes,telephone,14,apr,2,-1,0,unknown,0,young
self-employed,married,tertiary,no,121,yes,no,cellular,16,jul,1,-1,0,unknown,0,older
blue-collar,married,secondary,no,831,yes,no,cellular,11,may,2,-1,0,unknown,0,young
blue-collar,married,primary,no,15,no,yes,cellular,18,jul,9,-1,0,unknown,0,young
student,single,tertiary,no,7353,yes,no,cellular,1,feb,2,353,1,success,1,young
technician,married,secondary,no,-49,yes,no,cellular,15,apr,5,-1,0,unknown,0,young
management,divorced,tertiary,no,1986,yes,no,cellular,13,oct,7,181,1,failure,0,young
housemaid,married,secondary,no,1216,no,no,cellular,19,nov,1,-2,0,unknown,0,older
housemaid,married,primary,no,7016,no,no,telephone,21,jul,5,-1,0,unknown,0,older
admin.,married,secondary,yes,-411,no,yes,cellular,14,jul,1,-1,0,unknown,0,older
technician,divorced,secondary,no,108,yes,no,unknown,10,may,1,-1,0,unknown,0,older
entrepreneur,married,tertiary,no,53,yes,no,unknown,12,may,3,-1,0,unknown,0,young
blue-collar,married,secondary,no,2677,no,no,telephone,11,aug,2,-2,0,unknown,0,older
technician,divorced,secondary,no,-462,no,no,cellular,30,jul,4,-1,0,unknown,0,older
blue-collar,single,secondary,no,145,yes,no,cellular,20,nov,2,-1,0,unknown,0,young
technician,married,secondary,no,4761,no,no,unknown,16,jun,2,-1,0,unknown,0,older
blue-collar,divorced,secondary,no,159,yes,no,unknown,13,may,1,-1,0,unknown,0,young
technician,married,secondary,no,638,no,no,cellular,21,aug,5,-1,0,unknown,0,older
blue-collar,single,tertiary,no,121,no,no,unknown,5,jun,4,-1,0,unknown,0,young
management,married,tertiary,no,1429,no,no,cellular,18,mar,2,176,0,unknown,0,young
housemaid,divorced,primary,no,7041,no,no,cellular,17,dec,4,-1,0,unknown,0,young
technician,married,secondary,no,383,no,no,cellular,12,jan,4,135,1,other,0,young
services,single,secondary,no,-169,yes,no,unknown,12,may,4,-1,0,unknown,0,young
blue-collar,married,secondary,no,1311,yes,no,cellular,4,feb,6,128,1,failure,0,older
management,divorced,tertiary,no,3134,no,no,cellular,1,feb,1,92,1,failure,0,young
management,married,secondary,no,2820,no,no,cellular,30,jul,3,-1,0,unknown,1,older
blue-collar,married,secondary,no,1109,no,no,cellular,8,may,4,-1,0,unknown,0,young
retired,divorced,primary,no,1307,no,no,cellular,6,mar,1,183,1,unknown,0,older
blue-collar,married,secondary,no,1550,yes,no,unknown,11,may,3,-1,0,unknown,0,young
technician,single,secondary,no,5432,yes,no,telephone,10,may,1,100,1,failure,0,young
unemployed,married,secondary,no,23,no,no,cellular,3,mar,1,95,6,failure,0,young
retired,married,secondary,no,2787,no,no,cellular,3,feb,1,72,2,unknown,1,older
unemployed,single,secondary,no,730,no,no,cellular,14,jan,1,259,1,failure,1,young
technician,divorced,secondary,no,863,yes,no,cellular,20,nov,2,-1,1,failure,0,older
blue-collar,married,secondary,no,-36,yes,yes,cellular,6,may,1,-2,0,unknown,0,older
blue-collar,married,secondary,no,130,yes,no,cellular,27,may,3,-1,0,unknown,0,young
management,married,secondary,no,-627,yes,yes,cellular,23,may,1,-1,1,unknown,0,young
technician,divorced,secondary,no,152,yes,no,cellular,14,may,2,364,1,other,0,young
technician,married,secondary,no,3101,no,no,telephone,31,jan,3,-1,0,unknown,0,older
services,single,secondary,no,26,yes,no,cellular,13,may,1,-1,0,unknown,0,young
management,single,tertiary,yes,-105,no,no,cellular,28,jan,3,92,9,failure,0,young
management,single,tertiary,no,84,yes,no,cellular,21,may,2,-1,0,unknown,0,young
unemployed,divorced,primary,yes,1469,no,no,cellular,9,jul,3,-1,0,unknown,0,older
services,married,secondary,no,171,yes,no,unknown,14,may,1,-1,0,unknown,0,young
blue-collar,married,secondary,no,369,yes,no,unknown,30,may,16,-1,0,unknown,0,young
self-employed,divorced,tertiary,no,1892,no,no,cellular,21,nov,3,-1,0,unknown,0,older
management,divorced,tertiary,no,1978,no,no,cellular,3,jul,4,-1,0,unknown,0,young
retired,divorced,primary,no,1081,no,no,telephone,26,feb,1,-1,0,unknown,0,older
technician,married,secondary,no,-544,yes,no,unknown,15,may,2,-1,0,unknown,0,young
blue-collar,married,primary,no,2396,yes,no,cellular,2,feb,1,270,1,failure,0,older
student,single,secondary,no,96,no,no,cellular,20,nov,2,347,1,failure,0,young
blue-collar,divorced,secondary,no,4397,no,no,cellular,8,jul,5,-1,0,unknown,0,older
management,married,tertiary,no,60,yes,no,cellular,22,aug,2,94,0,unknown,0,older
entrepreneur,married,secondary,no,140,yes,no,cellular,7,may,1,341,1,failure,0,young
management,married,tertiary,yes,464,yes,yes,unknown,16,jul,3,-1,0,unknown,0,young
technician,single,tertiary,no,79,yes,no,cellular,10,may,1,346,1,failure,0,young
technician,married,tertiary,yes,2626,no,no,cellular,11,aug,2,114,0,other,0,young
blue-collar,married,primary,no,594,no,yes,cellular,14,jul,2,-1,0,unknown,0,young
management,divorced,tertiary,no,512,no,no,cellular,30,jul,1,-1,0,unknown,0,young
blue-collar,divorced,tertiary,no,7303,yes,no,telephone,18,apr,5,-1,0,unknown,0,young
blue-collar,married,secondary,yes,77,no,no,cellular,5,aug,4,-1,0,unknown,0,young
technician,single,secondary,no,356,no,no,cellular,3,aug,3,-1,0,unknown,0,young
blue-collar,divorced,secondary,no,3794,yes,no,cellular,22,may,1,-1,0,unknown,0,young
blue-collar,divorced,secondary,no,690,yes,no,unknown,9,jun,3,-1,0,unknown,0,young
entrepreneur,married,secondary,no,3449,no,no,cellular,20,jul,1,-1,0,unknown,0,older
technician,married,secondary,no,3776,no,no,telephone,30,aug,4,-1,0,unknown,0,older
blue-collar,married,secondary,no,215,no,no,telephone,12,jul,1,-1,0,unknown,0,older
technician,married,secondary,no,1351,no,no,cellular,17,aug,4,-1,0,unknown,0,young
management,married,tertiary,yes,2091,no,no,cellular,2,feb,1,189,1,failure,1,older
technician,married,secondary,no,66,no,no,cellular,23,aug,10,-1,0,unknown,0,older
blue-collar,single,secondary,no,1355,yes,no,cellular,21,feb,1,-1,0,unknown,0,young
services,married,secondary,no,-30,yes,no,cellular,28,jul,4,-1,0,failure,0,older
technician,married,secondary,no,7859,no,no,cellular,23,dec,3,190,6,success,0,young
technician,single,secondary,no,-819,no,yes,unknown,14,may,4,-1,0,unknown,0,young
self-employed,married,primary,no,3584,no,no,telephone,24,nov,7,107,1,other,1,older
services,married,secondary,no,-130,yes,yes,unknown,20,nov,2,-1,0,unknown,0,older
unemployed,married,secondary,no,1164,yes,no,telephone,20,nov,1,-1,0,unknown,0,young
blue-collar,married,primary,no,896,yes,no,cellular,13,may,3,-1,0,unknown,0,young
blue-collar,married,primary,no,394,yes,no,cellular,12,may,2,-1,0,unknown,0,older
technician,divorced,secondary,no,59,yes,no,cellular,4,nov,1,-1,6,unknown,0,older
technician,married,secondary,no,3409,yes,no,cellular,19,aug,4,95,4,failure,0,young
entrepreneur,single,tertiary,yes,110,no,yes,cellular,17,jul,3,-1,0,unknown,0,young
blue-collar,divorced,secondary,no,847,yes,no,cellular,29,jul,4,-1,0,unknown,0,older
technician,married,secondary,no,89,yes,no,unknown,14,may,3,-1,0,unknown,0,older
retired,married,tertiary,no,1128,no,no,cellular,20,sep,1,134,1,failure,0,young
management,married,tertiary,no,35,yes,no,unknown,13,may,1,-1,0,unknown,0,young
management,single,tertiary,no,6275,no,no,cellular,21,apr,2,193,1,failure,0,young
services,single,secondary,yes,4363,yes,no,cellular,17,jul,1,0,0,unknown,0,young
services,married,secondary,no,1813,yes,no,cellular,14,may,1,190,9,failure,0,young
technician,divorced,secondary,no,2995,yes,no,cellular,12,may,1,111,2,failure,0,older
technician,married,secondary,no,5553,no,no,telephone,29,jul,2,-1,0,unknown,0,older
technician,single,secondary,no,-22,yes,no,unknown,24,may,3,-1,0,unknown,0,young
self-employed,married,tertiary,no,3037,no,no,cellular,13,sep,1,101,4,success,0,young
retired,married,primary,no,-287,no,no,cellular,9,jul,1,-1,0,unknown,0,older
blue-collar,married,primary,no,80,no,yes,cellular,17,jul,2,-1,0,unknown,0,older
management,single,tertiary,no,59,no,no,cellular,21,nov,4,-1,0,unknown,0,young
housemaid,married,secondary,no,951,no,no,cellular,15,jul,10,-1,0,unknown,0,young
management,divorced,primary,no,-141,yes,no,unknown,14,may,4,-1,0,unknown,0,young
blue-collar,divorced,primary,no,2975,no,no,telephone,15,may,4,-1,0,unknown,0,older
management,married,tertiary,no,322,yes,yes,cellular,17,apr,3,-1,0,unknown,0,young
self-employed,single,tertiary,no,189,no,no,cellular,21,nov,1,187,2,success,1,young
admin.,divorced,secondary,no,261,no,no,cellular,11,apr,2,-2,0,failure,0,older
blue-collar,married,secondary,no,286,yes,no,unknown,2,jun,2,-1,0,unknown,0,young
management,married,tertiary,no,1612,no,yes,cellular,29,aug,2,-1,0,unknown,0,older
entrepreneur,married,secondary,no,-77,yes,no,cellular,22,may,3,-1,0,unknown,0,young
management,divorced,tertiary,no,1169,yes,no,cellular,13,may,4,-1,0,unknown,0,young
self-employed,single,secondary,no,258,no,no,cellular,6,aug,2,-1,0,unknown,0,young
retired,divorced,secondary,no,161,no,no,cellular,12,mar,1,96,1,success,1,young
technician,married,tertiary,yes,325,no,no,cellular,30,jan,2,-1,0,unknown,0,older
self-employed,married,primary,no,2693,yes,no,cellular,29,may,2,-1,0,unknown,0,older
self-employed,single,tertiary,no,1108,no,no,cellular,23,jun,1,97,1,success,0,young
blue-collar,married,primary,no,810,yes,no,unknown,4,may,1,-1,0,unknown,0,older
management,married,tertiary,no,3352,yes,no,telephone,22,nov,3,-1,0,unknown,0,young
management,married,tertiary,no,2579,no,yes,cellular,24,apr,1,-1,0,unknown,0,older
management,single,tertiary,no,699,no,no,cellular,5,aug,4,-1,0,unknown,0,young
technician,married,tertiary,no,3529,no,no,cellular,21,aug,7,-1,0,unknown,0,young
services,married,tertiary,no,-406,yes,no,cellular,14,jul,3,-1,0,unknown,0,young
unemployed,single,tertiary,no,3496,yes,no,unknown,29,may,4,-1,0,unknown,0,young
services,married,secondary,no,-437,yes,no,cellular,18,aug,2,-1,0,unknown,0,young
admin.,married,secondary,no,2687,no,no,cellular,2,oct,3,-1,0,unknown,0,older
blue-collar,married,primary,no,1004,no,no,cellular,12,jul,4,-1,0,unknown,0,older
technician,single,secondary,no,782,yes,no,cellular,16,may,2,-1,0,unknown,0,young
services,married,secondary,no,-700,yes,no,unknown,2,may,10,-1,0,unknown,0,young
self-employed,divorced,primary,no,130,no,no,cellular,7,jul,1,-1,0,unknown,0,young
management,divorced,tertiary,no,102,no,no,unknown,1,jun,4,-1,0,unknown,0,young
blue-collar,married,secondary,no,974,no,no,telephone,22,jun,2,-1,0,unknown,0,older
entrepreneur,single,tertiary,no,572,yes,no,unknown,14,may,3,-1,0,unknown,1,young
admin.,married,secondary,no,3008,no,no,cellular,23,jul,3,-1,0,unknown,1,older
admin.,married,secondary,no,868,no,yes,cellular,21,jul,2,-1,0,unknown,1,young
technician,married,secondary,no,4213,yes,no,cellular,2,oct,3,99,1,failure,0,older
management,married,tertiary,no,2550,yes,no,cellular,22,nov,1,-1,0,unknown,0,older
services,married,tertiary,no,2369,no,no,unknown,15,jun,2,-1,0,unknown,1,young
management,married,secondary,no,-501,yes,no,cellular,20,nov,1,-1,0,unknown,0,older
management,divorced,tertiary,no,97,no,no,cellular,15,apr,5,120,2,failure,0,older
blue-collar,married,secondary,no,523,yes,no,cellular,21,jul,1,-1,0,unknown,0,young
admin.,divorced,secondary,yes,127,yes,yes,cellular,11,may,1,349,1,other,0,young
blue-collar,married,primary,no,1098,yes,no,cellular,12,may,3,-1,0,unknown,0,older
blue-collar,divorced,primary,yes,-201,yes,no,unknown,12,may,1,-1,0,unknown,0,older
retired,married,primary,no,3378,yes,no,unknown,12,may,2,-1,0,unknown,0,older
unemployed,single,secondary,yes,1402,no,no,cellular,16,aug,2,152,1,unknown,0,young
technician,married,secondary,no,4590,no,no,unknown,2,jun,1,-1,0,unknown,0,older
blue-collar,married,secondary,no,36,no,yes,cellular,20,nov,23,-1,0,unknown,0,young
retired,divorced,secondary,no,359,no,no,unknown,4,feb,5,-1,0,unknown,0,older
management,married,tertiary,no,-129,yes,no,unknown,7,may,5,-1,0,unknown,0,young
unknown,married,secondary,no,2391,no,no,telephone,5,sep,1,-1,0,unknown,0,older
technician,married,secondary,no,5106,yes,no,cellular,21,may,4,-1,0,unknown,0,young
management,married,tertiary,no,780,no,no,cellular,9,jul,4,-1,0,unknown,1,older
technician,single,secondary,no,1103,yes,no,unknown,3,jun,3,-1,0,unknown,0,young
technician,divorced,unknown,no,329,no,no,unknown,21,aug,5,-2,0,unknown,0,older
admin.,married,primary,no,74,yes,no,unknown,11,may,1,-1,0,unknown,0,older
technician,married,secondary,no,-282,yes,yes,unknown,25,may,1,-1,0,unknown,0,young
technician,married,secondary,no,-26,no,yes,cellular,15,jul,2,-1,0,unknown,0,older
technician,single,secondary,no,3871,yes,no,unknown,14,apr,3,-1,0,unknown,0,young
management,divorced,tertiary,no,684,yes,no,cellular,19,apr,2,-1,0,unknown,0,young
self-employed,married,primary,no,733,yes,no,unknown,11,may,1,-1,0,unknown,0,older
technician,single,secondary,no,1367,no,no,cellular,29,jan,2,94,1,other,0,young
blue-collar,married,primary,no,578,no,yes,unknown,11,may,5,-1,0,unknown,0,young
housemaid,single,secondary,no,220,yes,no,cellular,22,apr,1,122,2,failure,0,young
technician,married,secondary,no,440,no,no,cellular,28,aug,11,-1,0,unknown,0,older
blue-collar,married,secondary,no,2093,yes,no,cellular,14,apr,4,353,1,success,1,young
blue-collar,married,secondary,yes,-832,yes,no,unknown,19,may,1,-1,0,unknown,0,young
blue-collar,married,secondary,no,-93,yes,yes,cellular,14,may,1,356,1,failure,0,young
blue-collar,married,secondary,no,-118,no,yes,unknown,16,may,1,-1,0,unknown,0,young
management,single,tertiary,no,500,yes,no,cellular,13,jul,4,-1,0,unknown,0,young
blue-collar,divorced,primary,yes,594,yes,no,cellular,15,jul,1,-1,0,unknown,0,older
technician,single,secondary,no,116,no,no,cellular,14,jul,1,-1,0,unknown,0,young
technician,divorced,secondary,no,63,yes,no,unknown,4,jul,2,-1,0,unknown,0,young
unemployed,married,secondary,no,-230,no,no,cellular,24,jul,3,-1,0,unknown,0,older
technician,married,secondary,no,4723,no,no,cellular,21,nov,2,91,6,success,1,young
services,divorced,secondary,no,37,yes,no,cellular,5,aug,1,-1,0,unknown,0,older
technician,single,secondary,no,781,no,no,cellular,20,aug,4,-1,0,unknown,0,young
technician,divorced,secondary,no,2034,yes,no,cellular,28,jan,1,351,1,failure,0,young
blue-collar,single,primary,no,-162,no,no,unknown,20,jun,1,-1,0,unknown,0,young
admin.,single,secondary,no,146,yes,no,cellular,21,nov,3,-1,9,failure,0,young
blue-collar,married,secondary,no,5196,no,no,cellular,16,may,1,-1,0,unknown,0,older
blue-collar,single,secondary,no,1443,no,no,cellular,20,nov,2,184,1,failure,0,young
management,divorced,tertiary,no,519,no,no,cellular,18,nov,3,97,1,success,0,young
technician,married,secondary,yes,-170,yes,no,cellular,21,may,3,-1,0,unknown,0,young
technician,divorced,secondary,no,7506,yes,no,cellular,20,nov,2,-1,0,unknown,0,young
technician,divorced,tertiary,yes,1473,no,no,cellular,14,aug,5,99,1,failure,0,young
blue-collar,divorced,secondary,yes,-457,no,no,cellular,26,aug,6,-1,0,unknown,0,young
blue-collar,married,secondary,no,2137,yes,no,cellular,28,mar,2,188,3,success,1,young
management,single,tertiary,no,48,yes,no,cellular,21,apr,3,-2,0,unknown,0,young
student,single,tertiary,no,277,no,no,cellular,19,nov,1,-1,0,unknown,0,young
technician,married,tertiary,no,713,yes,no,unknown,12,may,3,-1,0,unknown,0,older
blue-collar,married,unknown,no,545,yes,no,cellular,23,jul,3,-1,0,unknown,0,older
management,single,tertiary,no,228,yes,no,cellular,21,nov,4,-1,0,unknown,0,young
entrepreneur,single,primary,no,41,no,no,unknown,4,jun,1,-1,0,unknown,0,young
housemaid,married,secondary,no,49,yes,yes,cellular,13,may,2,348,1,other,0,older
blue-collar,single,unknown,no,51,no,no,unknown,22,may,1,-1,0,unknown,0,young
technician,married,secondary,yes,-326,yes,no,cellular,8,jul,1,-1,0,unknown,0,young
retired,married,secondary,no,2438,no,no,telephone,16,mar,3,-1,0,unknown,0,older
blue-collar,married,secondary,no,196,no,yes,cellular,5,aug,2,-1,0,unknown,0,young
housemaid,married,primary,no,5009,yes,no,telephone,10,may,1,360,5,other,0,young
admin.,single,secondary,yes,49,yes,no,unknown,19,nov,1,-1,0,unknown,0,young
management,married,secondary,no,908,no,yes,cellular,19,aug,4,-1,0,unknown,0,older
admin.,married,secondary,no,1,yes,yes,cellular,20,apr,2,-1,0,unknown,0,young
services,divorced,secondary,no,3023,yes,no,cellular,17,feb,7,-1,0,unknown,0,young
management,married,tertiary,no,455,yes,no,cellular,26,apr,3,-1,0,unknown,0,young
unknown,married,unknown,no,1525,yes,no,unknown,11,may,2,-1,1,failure,0,older
blue-collar,married,primary,no,2598,yes,no,unknown,1,feb,5,-1,0,other,0,young
management,married,secondary,no,5747,no,no,unknown,2,jun,3,-1,0,unknown,0,older
technician,divorced,secondary,no,6263,yes,yes,cellular,18,may,3,351,0,other,0,young
housemaid,married,secondary,no,188,no,yes,cellular,7,aug,7,-1,0,unknown,0,older
retired,married,secondary,no,3979,no,no,telephone,21,oct,1,93,1,failure,0,older
blue-collar,married,tertiary,no,622,yes,no,unknown,11,may,1,-1,0,unknown,0,young
entrepreneur,married,secondary,no,3579,no,no,cellular,11,jun,6,186,1,failure,0,older
blue-collar,divorced,primary,no,888,no,no,cellular,18,jul,3,-1,0,unknown,0,older
management,married,tertiary,no,267,yes,no,telephone,19,nov,2,-1,0,unknown,0,young
blue-collar,married,primary,no,-13,yes,no,cellular,21,nov,4,-1,0,unknown,0,older
blue-collar,married,secondary,no,2100,no,no,cellular,11,aug,4,180,4,other,0,older
management,married,tertiary,no,6358,yes,no,cellular,15,apr,1,-1,0,unknown,0,young
technician,divorced,secondary,no,939,yes,no,cellular,0,feb,1,-1,0,unknown,0,older
technician,married,secondary,no,52,yes,no,cellular,12,sep,3,116,1,failure,0,young
admin.,divorced,secondary,no,-9,yes,no,unknown,10,may,1,-1,0,unknown,0,young
student,single,secondary,no,242,no,no,cellular,16,oct,3,94,1,other,0,young
blue-collar,single,secondary,no,176,no,no,cellular,5,jul,1,-1,0,unknown,1,young
self-employed,divorced,primary,no,3193,yes,no,cellular,6,nov,1,-1,0,unknown,0,older
management,married,tertiary,no,4557,no,no,cellular,20,jul,2,-1,0,unknown,1,older
management,single,tertiary,yes,-182,no,no,cellular,8,aug,15,-1,0,unknown,0,young
technician,divorced,unknown,no,-275,yes,no,cellular,14,may,3,352,1,failure,0,young
blue-collar,married,secondary,no,792,no,no,cellular,18,nov,5,181,0,unknown,0,older
blue-collar,single,secondary,no,424,yes,no,unknown,30,may,3,-1,0,unknown,0,young
technician,married,secondary,no,2168,no,no,cellular,2,feb,2,-1,0,unknown,0,older
student,divorced,secondary,no,4337,yes,no,cellular,20,jul,2,-1,0,unknown,0,young
blue-collar,married,secondary,no,-149,yes,no,unknown,12,may,3,-1,0,unknown,0,young
services,divorced,secondary,no,613,no,no,cellular,19,jun,1,-1,0,unknown,0,young
blue-collar,divorced,primary,no,2015,yes,no,unknown,13,may,4,-1,0,unknown,0,older
blue-collar,married,secondary,no,-323,no,no,cellular,11,may,1,-1,0,unknown,0,young
blue-collar,married,primary,no,-400,yes,no,unknown,11,may,1,-1,0,unknown,0,young
blue-collar,divorced,primary,no,95,yes,no,unknown,11,may,1,-1,0,unknown,0,older
blue-collar,married,primary,no,1078,no,no,unknown,3,jun,1,-1,0,unknown,0,older
management,divorced,tertiary,no,-139,no,no,cellular,21,nov,4,-1,0,unknown,0,older
blue-collar,married,secondary,no,762,no,no,unknown,4,jun,1,-1,0,unknown,0,older
blue-collar,divorced,secondary,no,-226,yes,no,cellular,18,may,5,96,2,failure,0,young
retired,divorced,secondary,no,3224,yes,no,cellular,7,apr,1,171,3,failure,1,older
blue-collar,married,primary,yes,76,no,no,cellular,7,jul,9,-1,0,unknown,0,young
blue-collar,married,primary,no,-61,no,no,unknown,5,jun,15,-1,0,unknown,0,young
blue-collar,single,tertiary,no,130,yes,no,cellular,24,oct,2,-1,0,unknown,0,young
blue-collar,married,primary,no,173,yes,no,unknown,6,may,1,-1,0,unknown,0,young
blue-collar,married,primary,no,36,yes,no,unknown,21,may,3,-1,0,unknown,0,older
self-employed,married,secondary,no,1681,yes,no,cellular,21,jul,3,-1,0,unknown,1,young
admin.,single,secondary,no,1641,yes,no,cellular,12,may,3,-1,0,unknown,0,young
entrepreneur,married,secondary,yes,1634,no,yes,telephone,28,jul,7,-1,0,unknown,0,older
blue-collar,married,unknown,no,7174,yes,no,unknown,11,may,5,-1,0,unknown,0,older
admin.,married,secondary,no,735,no,no,cellular,7,aug,1,-1,0,unknown,0,older
technician,married,secondary,no,8,yes,yes,cellular,13,may,1,-1,0,unknown,0,young
technician,divorced,secondary,yes,11878,no,no,cellular,22,nov,3,-1,0,unknown,0,older
self-employed,married,secondary,no,4087,no,no,unknown,11,may,1,-1,0,unknown,0,young
technician,married,primary,no,613,no,no,cellular,31,jan,1,-1,0,unknown,0,older
student,single,secondary,no,17,no,no,unknown,21,may,3,-1,0,unknown,0,young
management,divorced,secondary,no,21,no,yes,cellular,30,jan,4,183,1,failure,0,young
entrepreneur,married,tertiary,no,2980,no,no,unknown,12,jul,4,-1,0,unknown,0,older
self-employed,married,primary,no,2916,yes,no,unknown,5,jun,1,-1,0,unknown,0,older
unemployed,single,secondary,no,224,no,no,cellular,29,apr,2,99,1,unknown,0,young
technician,married,secondary,no,2895,no,no,cellular,22,dec,2,-1,0,unknown,0,young
blue-collar,married,primary,no,295,yes,no,cellular,13,jul,2,-1,0,unknown,0,older
blue-collar,married,secondary,no,1708,yes,no,unknown,16,may,4,-1,0,unknown,0,older
management,married,secondary,no,612,yes,no,cellular,5,feb,7,-1,0,unknown,0,young
technician,married,tertiary,no,272,no,no,cellular,8,jul,4,-1,0,unknown,0,older
retired,married,secondary,no,3111,no,no,telephone,4,apr,1,140,1,failure,1,older
technician,single,tertiary,no,2,yes,no,cellular,0,nov,2,110,11,other,0,young
services,married,secondary,no,1021,no,no,unknown,9,may,3,-1,0,unknown,0,young
housemaid,single,tertiary,no,1667,yes,no,cellular,30,jan,3,144,2,failure,0,young
services,married,secondary,no,-143,yes,no,unknown,11,may,2,-1,0,unknown,0,young
student,single,secondary,no,3484,no,no,telephone,22,mar,1,182,10,success,1,young
blue-collar,divorced,secondary,no,3900,no,no,cellular,12,may,1,350,1,failure,1,young
technician,single,secondary,no,103,no,no,unknown,13,may,1,-1,0,unknown,0,young
retired,married,secondary,no,212,no,no,unknown,12,jun,1,-1,0,unknown,0,older
unemployed,divorced,secondary,no,939,yes,no,telephone,30,apr,1,81,2,failure,0,older
management,married,tertiary,no,5575,yes,no,cellular,18,nov,1,-1,0,unknown,1,young
management,married,tertiary,yes,92,no,no,cellular,11,aug,4,-1,0,unknown,0,young
management,divorced,tertiary,no,5776,no,no,telephone,30,nov,2,-1,0,unknown,0,young
blue-collar,single,tertiary,no,995,no,no,unknown,11,may,1,-1,0,unknown,0,young
student,single,secondary,no,-194,no,no,unknown,22,jun,15,-1,0,unknown,0,young
unemployed,single,primary,no,84,yes,no,cellular,22,may,3,351,10,failure,0,young
management,single,tertiary,no,813,yes,no,cellular,16,jun,3,-1,0,unknown,0,young
retired,divorced,tertiary,no,4561,no,no,cellular,15,dec,2,188,1,failure,0,older
blue-collar,married,secondary,no,910,no,no,unknown,22,nov,1,-1,0,unknown,1,young
self-employed,married,secondary,no,5147,no,no,cellular,24,apr,3,91,6,success,0,young
blue-collar,married,secondary,no,3341,yes,no,telephone,2,jul,2,-1,10,unknown,0,older
blue-collar,divorced,secondary,no,-91,yes,yes,unknown,22,may,1,-1,0,unknown,0,young
housemaid,married,unknown,no,2431,no,no,cellular,18,aug,2,-1,0,unknown,0,older
technician,single,secondary,no,467,yes,yes,unknown,5,jun,1,-1,0,unknown,0,older
management,divorced,primary,no,1941,yes,no,cellular,12,may,5,355,3,other,0,young
services,married,secondary,yes,44,no,no,unknown,15,jun,1,-1,0,unknown,0,young
services,married,secondary,no,3060,yes,no,cellular,18,feb,2,346,1,failure,1,young
management,married,tertiary,no,1830,yes,no,cellular,21,nov,4,103,2,failure,0,young
management,divorced,tertiary,no,-391,yes,no,unknown,15,may,3,-1,0,unknown,0,young
management,divorced,tertiary,no,550,no,no,unknown,9,jun,1,-1,0,unknown,0,older
management,single,tertiary,no,3189,no,no,cellular,22,aug,9,-1,0,unknown,0,young
blue-collar,married,primary,no,2484,yes,no,cellular,19,nov,2,-1,0,unknown,0,young
entrepreneur,married,secondary,no,4684,yes,no,cellular,17,jul,2,-1,0,unknown,0,older
blue-collar,married,primary,no,76,no,no,telephone,4,feb,1,-1,0,unknown,1,older
blue-collar,married,secondary,no,4,yes,no,unknown,13,may,2,-1,0,unknown,0,older
student,single,secondary,no,368,no,no,cellular,15,aug,2,-1,0,unknown,0,young
management,divorced,tertiary,no,1972,no,no,unknown,1,jun,2,-1,0,unknown,0,older
technician,single,secondary,yes,1742,no,no,cellular,29,feb,1,270,4,failure,0,young
blue-collar,married,primary,no,2861,yes,no,cellular,20,nov,2,-1,0,unknown,0,young
technician,married,secondary,no,169,no,no,cellular,20,nov,4,-1,0,unknown,0,young
technician,divorced,secondary,no,62,no,no,telephone,17,jul,3,-1,0,unknown,0,young
technician,divorced,secondary,yes,-711,yes,yes,unknown,3,may,2,-1,0,unknown,0,young
blue-collar,divorced,secondary,no,39,yes,yes,cellular,20,may,1,-1,0,unknown,0,young
blue-collar,married,secondary,yes,-34,no,yes,cellular,19,jul,1,-1,0,unknown,0,young
housemaid,divorced,primary,no,118,no,no,cellular,26,aug,2,-1,0,unknown,0,young
retired,married,primary,no,1878,yes,no,telephone,5,feb,1,262,1,failure,0,older
unemployed,single,secondary,no,1064,no,no,cellular,2,feb,1,174,1,other,0,young
blue-collar,married,secondary,no,4800,yes,no,unknown,10,may,2,-1,0,unknown,0,older
management,divorced,tertiary,no,114,no,no,cellular,30,apr,4,174,4,success,0,older
blue-collar,married,primary,no,12841,no,no,cellular,4,apr,1,180,1,failure,1,older
management,divorced,tertiary,no,20,yes,no,cellular,29,jan,3,257,2,failure,0,young
blue-collar,married,secondary,no,136,no,no,telephone,28,aug,2,-1,0,unknown,0,older
blue-collar,divorced,primary,no,66,no,yes,cellular,13,jul,1,-1,0,unknown,0,older
services,married,secondary,no,99,no,no,unknown,21,jun,2,-1,0,unknown,0,young
management,single,tertiary,no,341,no,no,unknown,21,jun,9,-1,0,unknown,0,young
blue-collar,married,unknown,yes,903,no,no,unknown,19,may,1,-1,0,unknown,0,young
admin.,married,secondary,no,20343,yes,no,cellular,20,nov,2,183,2,failure,0,older
technician,single,secondary,no,692,yes,no,cellular,12,oct,2,-1,0,unknown,1,young
technician,married,secondary,no,57,yes,no,cellular,14,may,7,140,2,other,0,young
student,single,secondary,no,182,no,no,cellular,3,jun,3,109,1,success,0,young
self-employed,married,tertiary,no,150,no,no,cellular,21,nov,1,-1,0,unknown,0,older
blue-collar,married,secondary,no,1247,yes,no,unknown,13,may,1,-1,0,unknown,0,older
retired,divorced,secondary,no,1735,yes,no,cellular,0,apr,3,353,10,other,1,older
management,married,unknown,no,2006,yes,no,telephone,18,nov,1,-1,0,unknown,0,older
services,single,secondary,no,78,yes,yes,unknown,4,may,3,-1,0,unknown,0,young
management,divorced,tertiary,no,2233,no,no,cellular,4,apr,1,99,1,failure,0,older
blue-collar,married,secondary,no,2613,no,no,cellular,17,jun,2,-1,0,unknown,0,older
housemaid,married,unknown,no,123,no,no,cellular,10,aug,2,-1,0,unknown,0,young
technician,married,tertiary,no,-1045,yes,no,unknown,12,may,7,-1,0,unknown,0,young
technician,single,tertiary,no,505,yes,no,cellular,21,apr,1,-1,0,unknown,0,young
services,married,secondary,no,70,no,no,cellular,13,jul,4,-1,0,unknown,0,young
technician,married,tertiary,no,3917,yes,no,cellular,21,mar,2,99,4,success,1,young
blue-collar,married,secondary,no,1074,yes,no,cellular,11,apr,2,181,2,success,1,young
blue-collar,divorced,secondary,no,236,no,no,cellular,18,aug,2,-1,0,unknown,0,young
management,married,tertiary,no,4935,yes,no,cellular,15,may,3,349,3,failure,0,older
management,divorced,tertiary,no,1739,no,no,unknown,6,jun,2,-1,0,unknown,0,older
blue-collar,married,primary,no,2214,no,no,unknown,4,jun,1,-1,0,unknown,0,older
technician,divorced,secondary,no,194,no,no,cellular,20,nov,7,-1,0,unknown,0,older
services,married,secondary,no,45,no,no,cellular,24,jul,10,-1,0,unknown,0,young
technician,married,secondary,no,436,yes,no,cellular,3,jul,2,137,4,other,0,young
services,married,secondary,yes,407,yes,yes,cellular,25,may,1,-1,0,unknown,0,older
technician,married,secondary,no,196,no,no,cellular,10,aug,1,-1,0,unknown,0,older
entrepreneur,divorced,primary,no,-11,yes,no,unknown,13,may,1,-1,0,unknown,0,young
technician,married,tertiary,no,80,no,no,cellular,4,aug,7,-1,0,unknown,0,older
student,divorced,secondary,no,113,yes,no,cellular,21,may,1,-1,0,unknown,0,young
blue-collar,married,primary,no,657,yes,no,cellular,13,may,1,354,4,failure,0,young
self-employed,divorced,tertiary,no,3975,yes,no,unknown,15,may,5,-1,0,unknown,0,young
technician,married,secondary,no,4348,no,no,cellular,3,jul,2,-1,0,success,1,young
services,single,secondary,no,1399,no,no,unknown,11,may,3,-1,0,unknown,0,young
admin.,married,secondary,no,4169,yes,no,cellular,24,may,1,-1,0,unknown,0,young
management,divorced,secondary,no,131,yes,no,cellular,21,apr,2,98,6,failure,0,young
blue-collar,single,tertiary,yes,-940,yes,no,cellular,23,may,3,356,2,failure,0,young
blue-collar,divorced,primary,no,2092,yes,no,cellular,14,may,3,335,10,other,0,young
blue-collar,married,secondary,no,408,yes,no,cellular,21,jul,4,-1,0,unknown,0,older
technician,married,secondary,no,-412,yes,no,unknown,26,may,2,-1,0,unknown,0,young
blue-collar,married,primary,no,2515,yes,no,telephone,0,may,5,265,1,other,0,young
admin.,married,secondary,no,5053,yes,no,unknown,21,may,3,-1,0,unknown,0,young
management,single,tertiary,no,3340,no,yes,cellular,20,jul,4,-1,0,unknown,0,young
blue-collar,divorced,secondary,no,2135,yes,no,cellular,1,feb,1,190,4,failure,0,older
technician,single,tertiary,no,-105,no,no,cellular,21,aug,1,-1,0,unknown,0,young
blue-collar,married,primary,no,2597,no,no,telephone,2,dec,2,191,1,failure,0,young
management,married,secondary,no,128,yes,no,cellular,5,apr,4,-1,0,unknown,0,older
blue-collar,married,secondary,no,3553,no,no,telephone,8,jul,10,-1,0,unknown,0,young
management,divorced,tertiary,no,-405,yes,no,cellular,29,jan,7,366,2,failure,0,young
admin.,married,unknown,no,-332,yes,no,cellular,14,may,1,-1,0,unknown,0,young
self-employed,married,secondary,no,1874,no,no,cellular,17,aug,6,-1,0,unknown,0,young
management,married,secondary,no,2489,no,no,cellular,18,dec,1,0,0,unknown,0,young
blue-collar,divorced,secondary,no,2967,yes,no,cellular,15,nov,1,-1,0,unknown,0,young
retired,divorced,secondary,no,1644,no,no,telephone,19,mar,5,-1,0,unknown,1,older
blue-collar,married,primary,no,632,yes,no,unknown,21,may,4,-1,0,unknown,0,young
blue-collar,married,secondary,no,750,yes,yes,cellular,20,nov,2,152,4,failure,0,young
blue-collar,married,unknown,no,-39,yes,no,unknown,12,may,3,-1,0,unknown,0,older
blue-collar,married,primary,no,595,no,no,unknown,4,may,1,-1,0,unknown,0,older
management,married,tertiary,no,4106,yes,no,cellular,5,jul,3,-1,0,unknown,0,young
technician,single,secondary,no,-120,yes,yes,unknown,19,nov,3,-1,0,unknown,0,young
blue-collar,married,secondary,yes,-847,yes,no,unknown,15,may,2,-1,0,unknown,0,young
management,married,tertiary,no,18553,no,no,cellular,25,mar,7,91,1,success,0,older
self-employed,married,tertiary,no,162,no,no,cellular,3,jun,3,-1,0,unknown,0,young
technician,married,secondary,no,98,yes,no,cellular,28,jan,5,-1,0,unknown,0,older
technician,divorced,secondary,no,5491,yes,no,unknown,12,apr,3,-1,0,unknown,1,older
technician,married,secondary,no,-25,no,no,cellular,28,aug,2,-1,0,unknown,0,older
blue-collar,married,primary,no,424,no,no,unknown,3,may,2,-1,0,unknown,0,young
blue-collar,divorced,primary,no,55,yes,no,unknown,4,may,1,-1,0,unknown,0,young
management,single,tertiary,no,300,yes,no,unknown,12,may,1,-1,0,unknown,0,young
management,married,tertiary,no,920,no,no,cellular,2,aug,2,-1,1,unknown,0,older
services,married,secondary,no,74,yes,no,unknown,19,nov,3,-1,0,unknown,0,older
housemaid,married,primary,no,849,no,no,cellular,4,feb,2,268,1,failure,0,older
entrepreneur,married,tertiary,yes,82,yes,no,cellular,2,feb,1,-1,0,unknown,0,young
services,married,secondary,yes,2361,yes,no,cellular,9,jul,2,-1,0,unknown,0,young
technician,divorced,secondary,yes,135,yes,no,cellular,24,jul,1,-1,0,unknown,0,young
blue-collar,married,unknown,no,2627,no,no,unknown,1,jun,2,-1,0,unknown,1,older
technician,married,secondary,no,2439,no,no,cellular,21,aug,4,-1,0,unknown,0,young
unknown,married,secondary,no,5575,no,no,unknown,10,jun,1,-1,0,unknown,0,older
management,single,tertiary,no,2152,yes,no,cellular,16,apr,7,88,2,other,0,young
technician,married,secondary,no,234,no,no,unknown,28,jan,1,-1,0,unknown,0,older
admin.,married,secondary,no,5368,no,no,cellular,2,jul,2,-1,0,unknown,0,older
management,married,primary,no,623,no,no,cellular,6,jul,4,-1,0,unknown,0,older
blue-collar,married,primary,no,1447,no,no,cellular,21,may,1,-1,0,unknown,0,older
blue-collar,divorced,primary,yes,58,yes,no,unknown,5,may,1,-1,0,unknown,0,young
blue-collar,married,primary,no,-31,yes,no,unknown,10,may,2,-1,0,unknown,0,young
technician,married,secondary,no,-268,no,no,unknown,11,jun,1,-1,0,unknown,0,older
blue-collar,married,secondary,yes,134,no,yes,cellular,18,jul,3,-1,0,unknown,0,young
retired,divorced,secondary,no,574,no,no,cellular,8,oct,1,-1,0,failure,0,older
services,married,secondary,no,91,yes,yes,unknown,21,jun,2,-1,0,unknown,0,young
housemaid,married,primary,no,259,yes,no,unknown,11,may,4,-1,0,unknown,0,young
management,married,tertiary,no,-8,no,yes,cellular,21,jul,3,-1,0,unknown,0,older
self-employed,married,tertiary,no,82,no,no,cellular,9,aug,3,-1,0,unknown,0,young
blue-collar,divorced,unknown,no,1299,yes,no,telephone,12,may,1,-1,4,failure,0,older
management,single,tertiary,no,68,no,no,cellular,19,mar,2,-1,0,unknown,1,young
blue-collar,divorced,secondary,no,15,yes,no,unknown,14,may,3,-1,0,unknown,0,young
blue-collar,married,unknown,yes,256,yes,no,unknown,12,jul,5,-1,0,unknown,0,older
blue-collar,married,primary,yes,368,yes,no,unknown,15,may,1,-1,0,unknown,0,young
technician,divorced,secondary,no,-84,yes,no,cellular,11,jul,1,-1,0,unknown,1,young
blue-collar,married,secondary,no,2549,no,no,cellular,9,may,1,-1,0,unknown,0,young
blue-collar,married,primary,no,545,yes,no,telephone,4,may,1,-1,0,unknown,0,older
retired,divorced,secondary,no,100,no,no,cellular,12,aug,10,-1,0,unknown,0,older
self-employed,divorced,primary,no,1014,no,no,cellular,12,may,2,346,1,other,0,older
technician,single,tertiary,no,1569,no,no,cellular,4,jun,2,-1,0,unknown,1,young
services,married,secondary,no,997,no,yes,cellular,16,jul,3,-1,0,unknown,0,older
management,married,tertiary,no,73,yes,no,unknown,12,may,3,-1,0,unknown,0,older
management,married,tertiary,no,405,no,yes,cellular,28,jul,4,-1,0,unknown,0,young
technician,divorced,tertiary,no,931,yes,no,cellular,28,may,1,116,2,other,0,young
management,single,tertiary,yes,-241,yes,no,cellular,21,apr,1,-1,0,unknown,0,young
unemployed,married,unknown,no,6070,no,no,cellular,19,may,2,-1,0,unknown,0,older
services,single,secondary,no,-27,yes,no,unknown,13,may,2,-1,0,unknown,0,young
blue-collar,married,primary,no,57,yes,no,unknown,21,may,2,-1,0,unknown,0,young
management,single,secondary,yes,-141,no,no,cellular,21,jul,4,-1,0,unknown,0,young
services,married,secondary,no,-54,yes,yes,cellular,2,jul,2,-1,0,unknown,0,young
technician,divorced,secondary,no,260,no,no,cellular,20,nov,4,128,3,other,0,young
blue-collar,divorced,secondary,no,189,no,no,cellular,11,jul,1,-1,0,unknown,0,older
management,married,tertiary,no,4190,no,no,cellular,11,aug,1,-1,0,unknown,0,older
management,divorced,tertiary,no,-286,yes,no,unknown,30,may,5,-1,0,unknown,0,young
management,married,tertiary,no,1231,yes,no,cellular,31,aug,2,-1,0,unknown,0,older
unemployed,married,primary,no,-4,no,no,telephone,17,jul,2,-1,0,unknown,0,older
technician,divorced,secondary,no,-55,no,no,cellular,19,nov,2,149,2,failure,0,young
blue-collar,married,secondary,no,5513,yes,no,cellular,21,nov,3,-1,0,unknown,0,older
self-employed,married,secondary,no,-693,yes,yes,cellular,30,jan,5,344,1,failure,0,young
housemaid,married,secondary,no,528,yes,no,unknown,19,jun,1,-1,0,unknown,0,older
services,married,secondary,no,78,yes,no,cellular,16,may,4,-1,0,failure,0,young
management,married,secondary,no,6988,no,no,unknown,20,aug,2,-1,0,unknown,0,young
management,divorced,tertiary,no,512,yes,no,unknown,6,jun,1,-1,0,unknown,0,young
services,married,secondary,no,1081,no,no,cellular,4,feb,2,-1,4,unknown,0,young
technician,married,secondary,no,-373,yes,no,unknown,10,may,1,-1,0,unknown,0,young
management,divorced,tertiary,no,233,no,no,cellular,14,jan,3,179,3,failure,0,older
unknown,married,primary,no,-38,no,no,unknown,3,jun,1,-1,0,unknown,0,older
blue-collar,single,secondary,no,130,yes,no,cellular,12,may,1,-1,10,unknown,0,young
management,married,tertiary,no,1760,yes,no,cellular,21,may,1,-1,0,unknown,0,older
blue-collar,divorced,secondary,no,769,yes,no,cellular,13,feb,5,347,10,other,0,young
blue-collar,married,secondary,no,-180,yes,no,unknown,24,may,15,-1,0,unknown,0,young
technician,married,secondary,no,136,no,no,cellular,29,aug,3,-1,0,unknown,0,older
retired,divorced,primary,no,1830,no,no,cellular,10,mar,1,-1,0,unknown,0,older
technician,married,secondary,yes,1077,yes,no,unknown,28,jan,1,274,1,failure,0,young
technician,married,secondary,no,2053,no,no,cellular,26,aug,2,-1,0,unknown,0,older
management,married,tertiary,no,928,no,no,cellular,20,sep,1,379,1,success,1,young
management,single,secondary,no,1507,yes,no,telephone,20,may,13,-1,0,unknown,0,young
unemployed,single,tertiary,no,-82,yes,no,unknown,21,may,1,-1,0,unknown,0,young
management,divorced,tertiary,no,1413,no,no,cellular,12,mar,2,92,10,success,1,young
blue-collar,married,secondary,no,531,no,no,cellular,26,apr,1,-1,0,unknown,0,older
blue-collar,married,primary,no,3218,no,yes,cellular,5,aug,2,-1,0,unknown,0,older
blue-collar,married,secondary,no,61,no,no,telephone,14,jul,5,-1,0,unknown,0,older
blue-collar,divorced,tertiary,no,266,yes,no,cellular,14,may,3,353,9,failure,0,older
retired,married,secondary,no,2357,no,no,telephone,4,jul,5,91,1,failure,1,older
entrepreneur,married,secondary,yes,-252,yes,no,cellular,21,nov,2,-1,0,unknown,0,young
technician,married,secondary,no,311,no,no,cellular,25,aug,4,180,1,failure,0,young
blue-collar,single,primary,no,205,no,no,cellular,7,aug,2,-1,0,unknown,0,young
unknown,married,unknown,no,2231,no,no,cellular,27,aug,5,-1,0,unknown,0,older
blue-collar,married,secondary,yes,142,no,no,cellular,1,feb,2,-1,0,unknown,0,older
technician,divorced,secondary,no,1078,no,no,cellular,19,nov,6,-1,0,unknown,0,older
blue-collar,married,secondary,no,650,no,no,telephone,8,jul,2,-1,0,unknown,0,older
student,single,secondary,no,61,yes,no,cellular,13,may,3,360,11,failure,0,young
management,divorced,tertiary,no,40,no,no,cellular,6,aug,6,-1,0,unknown,0,older
blue-collar,single,secondary,no,-10,yes,no,cellular,14,may,3,358,10,failure,0,young
technician,divorced,tertiary,no,-312,yes,no,unknown,6,may,1,-1,0,unknown,0,older
technician,married,secondary,no,-49,no,yes,cellular,29,jul,17,-1,0,unknown,0,older
self-employed,divorced,secondary,no,88,no,no,unknown,21,may,1,-1,0,unknown,0,older
housemaid,divorced,primary,no,1334,no,no,telephone,13,may,7,249,2,failure,0,older
management,single,tertiary,no,2015,yes,no,unknown,13,may,1,-1,1,failure,0,young
retired,married,primary,no,1099,yes,no,telephone,11,apr,1,357,1,failure,0,older
entrepreneur,married,primary,yes,-187,no,no,cellular,29,jul,7,-1,0,unknown,0,older
retired,married,secondary,no,3096,no,no,unknown,15,jun,1,-1,0,unknown,0,older
blue-collar,divorced,primary,no,75,yes,no,cellular,11,may,5,-1,0,unknown,0,older
housemaid,divorced,primary,no,382,yes,no,cellular,13,jan,4,348,1,failure,0,older
blue-collar,married,primary,no,6068,yes,no,unknown,11,may,1,-1,0,unknown,0,older
management,married,primary,no,178,no,no,telephone,29,dec,2,0,0,unknown,0,older
student,single,secondary,yes,1521,no,no,cellular,11,aug,1,-1,0,unknown,1,young
services,single,secondary,no,128,yes,yes,cellular,21,may,4,366,10,failure,0,young
technician,married,secondary,yes,-138,no,yes,cellular,31,jan,3,280,1,failure,0,young
blue-collar,married,primary,no,730,yes,no,unknown,22,may,1,-1,0,unknown,0,older
technician,married,secondary,no,36,yes,no,cellular,16,may,1,-1,0,unknown,0,young
blue-collar,married,secondary,yes,-427,no,yes,cellular,18,nov,1,-1,0,unknown,0,older
management,married,tertiary,no,1798,no,no,cellular,20,dec,1,176,1,success,1,young
unemployed,single,primary,yes,123,no,no,cellular,15,may,1,-1,0,unknown,0,young
retired,divorced,tertiary,no,488,yes,no,cellular,11,dec,2,483,1,success,0,young
blue-collar,married,primary,no,665,yes,no,unknown,15,may,3,-1,0,unknown,0,young
retired,married,tertiary,yes,2746,yes,no,telephone,6,jul,1,-1,0,unknown,0,older
technician,married,tertiary,no,43,yes,no,cellular,25,may,1,-1,0,unknown,0,young
blue-collar,married,secondary,yes,-860,no,no,cellular,28,aug,4,-1,0,unknown,0,young
blue-collar,single,secondary,no,-28,yes,no,cellular,6,may,4,-1,0,unknown,0,young
blue-collar,married,secondary,no,-44,yes,no,cellular,19,jul,2,-1,0,unknown,0,young
admin.,married,secondary,no,282,yes,no,cellular,17,apr,3,-1,0,unknown,0,young
blue-collar,single,secondary,no,2365,no,no,unknown,21,jun,1,-1,0,unknown,1,young
housemaid,single,secondary,no,97,no,no,cellular,18,oct,1,-1,0,unknown,0,young
technician,married,secondary,no,3545,no,no,telephone,29,jan,4,-1,0,unknown,0,young
self-employed,married,secondary,no,985,yes,yes,cellular,18,nov,2,-1,0,unknown,0,young
management,divorced,tertiary,no,1371,yes,no,cellular,22,feb,4,178,1,other,1,young
management,divorced,tertiary,no,472,yes,no,unknown,28,may,4,-1,0,unknown,0,young
technician,single,secondary,no,907,no,no,cellular,11,jan,3,-1,0,unknown,0,older
management,married,tertiary,no,742,no,no,cellular,5,aug,2,141,0,unknown,0,young
retired,married,secondary,no,5099,no,no,cellular,9,mar,2,-1,0,unknown,1,young
blue-collar,single,secondary,no,117,yes,no,unknown,10,may,4,-1,0,unknown,0,young
blue-collar,married,primary,yes,12,no,yes,cellular,18,jul,2,-1,0,unknown,0,older
student,single,unknown,no,454,no,no,cellular,20,nov,5,186,1,failure,1,young
self-employed,married,tertiary,no,-1410,yes,no,unknown,23,jun,2,-1,0,unknown,0,young
blue-collar,divorced,primary,no,7045,no,no,unknown,3,jun,1,-1,0,unknown,0,young
technician,single,secondary,no,-35,yes,no,unknown,14,may,15,-1,0,unknown,0,young
student,single,tertiary,no,1277,yes,no,cellular,13,sep,1,448,1,failure,0,young
self-employed,married,primary,no,-74,yes,no,unknown,19,may,2,-1,0,unknown,0,young
blue-collar,married,primary,no,28197,yes,no,cellular,19,nov,1,-1,0,unknown,0,older
management,married,secondary,no,2611,no,yes,cellular,5,apr,23,-1,0,unknown,0,older
management,single,tertiary,no,-701,yes,no,unknown,4,may,1,-1,0,unknown,0,young
blue-collar,married,secondary,yes,259,yes,yes,cellular,15,may,3,-1,0,unknown,0,older
blue-collar,married,primary,no,-8,yes,yes,cellular,5,jul,2,256,0,unknown,0,young
blue-collar,divorced,secondary,no,60,no,no,unknown,5,jun,1,-1,0,unknown,0,young
unknown,married,secondary,no,304,no,no,unknown,28,jun,1,-1,0,unknown,0,older
technician,married,secondary,no,912,no,no,unknown,1,jun,3,-1,0,unknown,0,young
housemaid,married,tertiary,no,2887,yes,no,cellular,11,may,4,343,4,success,0,young
blue-collar,married,primary,no,1005,no,no,unknown,13,jun,1,-1,0,unknown,0,older
technician,married,unknown,no,-220,no,no,unknown,25,may,5,-1,0,unknown,0,young
management,married,tertiary,no,-652,no,no,unknown,22,jul,1,-1,0,unknown,1,older
unknown,divorced,primary,no,766,no,no,cellular,19,apr,7,-1,0,unknown,0,older
blue-collar,divorced,primary,no,-74,no,no,cellular,20,jul,1,-1,0,unknown,0,older
management,married,tertiary,no,107,yes,no,telephone,20,may,5,-1,0,unknown,0,young
management,married,tertiary,no,514,yes,no,telephone,2,jun,3,387,1,failure,0,older
entrepreneur,divorced,secondary,no,5674,no,no,telephone,17,nov,1,-1,0,unknown,0,older
technician,divorced,secondary,no,6792,no,no,cellular,18,nov,1,-1,0,unknown,0,older
management,married,unknown,no,1459,no,no,cellular,13,may,6,-1,0,unknown,0,older
blue-collar,married,secondary,no,1620,yes,no,unknown,20,may,3,179,2,unknown,1,young
blue-collar,married,secondary,yes,-173,yes,no,cellular,15,jul,3,-1,0,unknown,0,young
services,married,secondary,no,878,yes,no,unknown,7,may,1,0,0,unknown,1,young
technician,single,secondary,yes,-65,no,yes,cellular,26,jul,9,-1,0,unknown,0,young
management,married,tertiary,no,36,yes,no,unknown,23,may,9,-1,0,unknown,0,young
technician,single,secondary,no,2204,no,no,unknown,6,may,1,-1,0,unknown,0,older
technician,married,primary,no,2223,no,yes,unknown,19,jul,1,-1,0,unknown,0,older
housemaid,married,primary,no,7428,yes,no,unknown,9,jun,2,-1,0,unknown,0,young
technician,single,secondary,no,-442,yes,no,cellular,20,aug,4,-1,0,unknown,0,young
technician,divorced,tertiary,no,-10,yes,no,cellular,28,may,4,348,1,failure,0,young
housemaid,divorced,tertiary,no,170,no,no,cellular,20,nov,4,-1,0,unknown,0,older
management,divorced,tertiary,no,-19,yes,no,cellular,18,nov,4,-1,0,unknown,0,older
technician,married,secondary,no,26,no,no,cellular,5,jul,2,-1,0,unknown,0,older
management,married,tertiary,no,-54,yes,no,telephone,11,may,1,-1,0,unknown,0,older
blue-collar,married,primary,no,119,yes,no,unknown,10,may,2,-1,0,unknown,0,young
student,single,secondary,no,3402,no,no,cellular,22,sep,2,161,9,other,1,young
services,single,secondary,no,54,no,no,cellular,19,nov,1,-1,0,unknown,0,young
technician,married,secondary,yes,48,yes,yes,cellular,16,jul,2,-1,0,unknown,0,older
blue-collar,married,primary,yes,-459,yes,no,cellular,21,aug,4,-1,0,unknown,0,young
housemaid,married,tertiary,no,-10,no,no,cellular,6,jul,3,-1,0,unknown,0,young
unemployed,married,primary,no,713,yes,no,cellular,13,apr,2,354,1,failure,0,young
management,married,tertiary,no,145,yes,no,cellular,12,aug,4,-1,0,unknown,0,young
blue-collar,married,secondary,no,10698,no,no,telephone,5,jul,5,-1,0,unknown,0,older
self-employed,married,tertiary,no,-104,no,no,cellular,14,jul,7,-1,0,unknown,0,young
blue-collar,married,secondary,no,1628,no,no,telephone,23,mar,1,-1,0,unknown,1,older
management,divorced,tertiary,no,1942,yes,no,cellular,28,may,13,-1,0,unknown,0,older
blue-collar,married,secondary,yes,-43,yes,yes,cellular,19,may,4,355,4,failure,0,young
self-employed,divorced,tertiary,no,29303,yes,no,cellular,21,nov,2,93,0,failure,0,young
services,single,tertiary,yes,-3,yes,no,cellular,21,apr,1,-1,0,unknown,0,young
self-employed,married,unknown,no,1467,no,no,cellular,6,aug,4,-1,0,unknown,0,young
management,divorced,tertiary,no,1363,no,no,cellular,15,apr,5,-1,0,unknown,0,older
blue-collar,divorced,secondary,no,3726,yes,no,unknown,18,jun,5,-1,0,unknown,0,older
technician,divorced,secondary,no,20693,no,no,cellular,18,nov,5,93,1,failure,0,older
technician,divorced,secondary,no,3138,yes,no,cellular,12,may,3,355,10,other,0,young
blue-collar,married,secondary,yes,-232,yes,yes,cellular,27,jan,3,-2,0,unknown,0,young
technician,married,secondary,no,-275,yes,yes,cellular,20,jul,1,133,10,unknown,0,young
blue-collar,married,primary,no,1008,yes,no,unknown,20,may,1,-1,0,unknown,0,older
services,married,secondary,no,-1007,yes,no,unknown,11,may,3,-1,0,unknown,0,young
blue-collar,married,secondary,no,2768,no,no,unknown,19,jun,3,-1,0,unknown,0,older
blue-collar,single,primary,no,-31,yes,no,cellular,15,jul,1,-1,0,unknown,0,young
blue-collar,married,unknown,no,59,no,no,cellular,13,jul,3,-1,0,unknown,0,older
student,single,secondary,no,100,yes,no,cellular,12,may,1,351,1,failure,0,young
management,married,tertiary,yes,-196,no,no,cellular,20,jul,2,-1,0,unknown,0,older
entrepreneur,married,unknown,no,-73,yes,no,cellular,8,may,2,-1,0,unknown,0,young
blue-collar,divorced,primary,no,-66,yes,no,unknown,9,apr,3,-1,0,unknown,0,older
technician,divorced,secondary,no,1613,no,no,cellular,17,oct,2,122,2,other,0,older
entrepreneur,single,tertiary,no,237,no,no,cellular,25,nov,4,97,1,failure,0,young
technician,divorced,secondary,no,7007,no,no,cellular,4,aug,5,-1,0,unknown,0,older
management,married,secondary,no,173,no,yes,cellular,19,aug,7,-1,0,unknown,0,young
admin.,single,secondary,no,2195,yes,no,cellular,18,may,3,-1,0,unknown,0,older
blue-collar,married,secondary,no,329,yes,no,unknown,15,may,1,-1,0,unknown,0,young
technician,divorced,secondary,no,29,yes,no,unknown,12,may,3,-1,0,unknown,0,young
retired,divorced,tertiary,no,2,no,no,cellular,26,jul,2,-1,0,unknown,0,older
admin.,married,secondary,no,2054,yes,no,telephone,17,apr,3,-1,1,unknown,0,older
unemployed,divorced,primary,no,777,yes,no,cellular,12,may,1,338,4,failure,0,young
technician,married,unknown,no,128,no,no,cellular,3,aug,2,-1,0,unknown,0,older
technician,single,secondary,no,175,no,no,cellular,6,apr,10,-1,0,unknown,0,young
technician,married,secondary,yes,-237,no,no,unknown,6,aug,1,-1,0,unknown,0,young
technician,single,secondary,no,-47,yes,no,unknown,24,may,3,-1,0,unknown,0,young
retired,married,tertiary,no,313,no,no,cellular,4,feb,4,-1,0,unknown,0,older
blue-collar,married,primary,no,93,no,no,unknown,18,may,1,-1,0,unknown,0,older
blue-collar,married,primary,no,33,no,no,unknown,5,jun,1,-1,0,unknown,0,older
admin.,married,secondary,no,1748,no,yes,cellular,19,jun,1,-1,0,unknown,0,older
unemployed,single,tertiary,no,-278,no,yes,cellular,20,apr,3,-1,0,unknown,0,young
management,married,tertiary,no,1318,no,yes,cellular,5,feb,4,130,1,failure,0,young
technician,divorced,secondary,no,5474,no,yes,cellular,14,jul,4,-1,0,unknown,0,older
management,single,tertiary,no,960,no,no,cellular,5,aug,11,-1,0,unknown,0,young
housemaid,married,primary,no,1739,no,no,cellular,20,aug,4,-1,0,unknown,0,young
blue-collar,married,primary,no,381,yes,no,unknown,11,may,3,-1,0,unknown,0,young
technician,divorced,secondary,no,52,no,no,cellular,4,sep,5,245,11,failure,0,older
blue-collar,single,tertiary,yes,283,no,no,cellular,4,feb,1,-1,0,unknown,0,young
blue-collar,married,secondary,no,690,yes,yes,cellular,31,jul,1,290,2,failure,0,young
technician,single,secondary,no,95,no,yes,cellular,20,jul,3,-1,0,unknown,0,young
blue-collar,married,secondary,no,183,yes,no,cellular,3,aug,5,-1,0,unknown,0,older
technician,single,tertiary,no,1996,no,no,cellular,15,aug,3,-1,1,success,1,young
technician,single,tertiary,no,1695,yes,no,unknown,4,jun,1,-1,0,unknown,0,young
blue-collar,single,primary,no,1285,no,no,cellular,3,feb,1,263,1,failure,0,young
blue-collar,married,primary,no,1377,yes,no,cellular,16,may,3,-1,0,unknown,0,young
management,married,tertiary,no,1026,no,no,cellular,28,jan,1,266,4,other,1,young
blue-collar,married,primary,no,2872,no,no,cellular,11,feb,1,347,1,failure,0,older
self-employed,divorced,secondary,no,11035,yes,no,cellular,19,nov,1,-1,0,unknown,0,older
admin.,divorced,secondary,no,4004,no,no,cellular,25,jul,3,-1,0,unknown,0,young
housemaid,divorced,tertiary,no,7,yes,no,cellular,20,nov,5,183,1,other,0,young
blue-collar,married,primary,no,1550,no,no,telephone,9,aug,2,-1,0,unknown,0,older
technician,married,secondary,yes,735,no,yes,cellular,3,feb,1,-1,0,unknown,0,older
housemaid,divorced,primary,no,4878,yes,no,cellular,19,aug,4,-1,0,unknown,0,older
blue-collar,married,secondary,no,3422,yes,no,cellular,15,may,3,-1,0,unknown,0,young
management,married,tertiary,no,1808,no,no,cellular,28,aug,7,94,4,success,1,young
entrepreneur,married,secondary,yes,-615,yes,no,cellular,8,jul,1,-1,0,unknown,0,older
admin.,single,secondary,no,21,no,no,cellular,21,aug,4,-1,0,unknown,0,young
blue-collar,married,secondary,no,593,no,yes,cellular,12,jul,1,-1,0,unknown,0,older
management,divorced,unknown,no,3276,no,no,cellular,8,aug,3,-1,0,unknown,0,older
technician,married,secondary,no,118,no,no,cellular,4,aug,2,-1,0,unknown,0,young
management,divorced,tertiary,no,130,no,no,cellular,20,nov,4,-1,0,unknown,1,young
blue-collar,divorced,secondary,no,978,yes,no,cellular,15,may,3,350,10,other,0,young
blue-collar,divorced,secondary,no,2066,yes,no,cellular,13,may,3,347,10,other,0,young
blue-collar,married,primary,no,5576,no,no,cellular,21,apr,2,261,1,unknown,0,older
blue-collar,married,secondary,no,1813,no,no,unknown,15,may,1,-1,0,unknown,1,older
blue-collar,married,primary,no,77,yes,no,unknown,16,may,1,-1,0,unknown,0,older
technician,single,secondary,no,1033,yes,no,cellular,11,may,6,365,0,other,0,young
admin.,single,secondary,no,299,no,no,telephone,29,feb,2,-1,0,unknown,0,young
management,married,tertiary,no,151,yes,no,cellular,22,jul,5,-1,0,unknown,0,young
management,married,primary,no,384,no,yes,cellular,15,nov,1,339,1,failure,1,young
blue-collar,divorced,secondary,no,-275,yes,no,unknown,19,jun,3,-1,0,unknown,0,young
technician,married,tertiary,no,1132,no,no,cellular,28,aug,7,-1,0,unknown,0,young
student,married,tertiary,no,26928,no,no,cellular,21,oct,1,-1,1,unknown,0,young
management,married,secondary,no,1257,no,yes,cellular,9,jul,2,-1,0,unknown,0,older
services,divorced,tertiary,no,5385,yes,no,cellular,20,apr,3,346,1,other,0,older
housemaid,married,secondary,no,17,no,no,cellular,26,aug,4,-1,0,unknown,0,young
retired,married,secondary,no,3235,no,no,telephone,16,feb,7,-1,0,unknown,1,older
management,single,tertiary,no,74,no,no,cellular,26,aug,1,417,9,unknown,0,older
student,single,secondary,no,352,no,no,cellular,22,jul,1,-1,0,unknown,1,young
technician,divorced,secondary,no,1000,no,no,telephone,12,feb,5,99,1,other,0,young
blue-collar,married,secondary,no,275,yes,yes,cellular,8,jul,5,-1,0,unknown,0,young
blue-collar,married,primary,no,856,yes,no,unknown,16,may,3,-1,0,unknown,0,older
technician,married,secondary,no,1537,yes,no,unknown,10,may,1,423,0,unknown,0,older
technician,married,secondary,no,4356,yes,no,cellular,14,may,4,-1,0,unknown,0,young
management,married,tertiary,no,3767,yes,no,cellular,18,mar,1,-1,0,unknown,0,older
management,divorced,secondary,no,677,yes,no,cellular,8,apr,2,-1,0,unknown,0,young
student,single,secondary,no,51,no,yes,cellular,25,nov,3,-1,0,unknown,0,young
blue-collar,divorced,primary,no,3163,yes,no,telephone,12,may,3,356,4,failure,0,older
blue-collar,married,secondary,no,-369,no,yes,cellular,19,jul,1,-1,0,unknown,0,young
admin.,divorced,secondary,no,630,no,no,unknown,17,may,1,-1,0,unknown,0,young
technician,married,secondary,no,2788,yes,no,cellular,24,apr,1,182,9,success,0,young
management,single,tertiary,no,5382,no,no,cellular,21,oct,4,92,1,success,0,young
technician,single,secondary,no,543,yes,no,unknown,11,may,11,-1,0,unknown,0,young
management,single,secondary,no,1834,no,no,cellular,28,jan,2,97,0,unknown,0,young
admin.,single,secondary,no,978,yes,no,cellular,13,apr,4,347,1,failure,0,young
technician,divorced,tertiary,no,781,no,yes,cellular,22,nov,5,-1,0,unknown,0,young
admin.,married,secondary,no,436,no,no,unknown,6,jun,5,-1,0,unknown,1,older
blue-collar,divorced,secondary,no,1040,yes,no,unknown,11,may,1,-1,0,unknown,0,older
unemployed,divorced,secondary,no,401,no,no,cellular,18,jul,1,-1,0,unknown,0,young
blue-collar,married,primary,no,1014,no,no,cellular,4,feb,1,-1,0,unknown,0,older
technician,married,secondary,no,-97,yes,no,cellular,22,jul,3,-1,0,unknown,0,young
management,single,tertiary,no,3034,no,no,cellular,13,apr,1,-1,0,unknown,0,young
technician,married,secondary,no,1301,no,yes,cellular,22,jan,4,-1,0,unknown,0,young
admin.,divorced,secondary,no,315,no,no,unknown,19,jun,2,-1,0,unknown,1,older
technician,single,secondary,no,105,yes,no,cellular,19,may,2,-1,0,unknown,0,young
blue-collar,married,primary,no,1348,no,no,cellular,3,aug,2,-1,0,unknown,1,older
blue-collar,married,primary,no,133,no,no,unknown,10,may,10,-1,0,unknown,0,young
management,married,tertiary,no,811,no,no,cellular,14,apr,7,183,4,success,1,young
housemaid,married,secondary,no,-88,yes,no,unknown,9,may,1,-1,0,unknown,0,young
management,married,tertiary,no,5654,no,no,cellular,5,nov,7,-2,0,unknown,0,young
housemaid,divorced,secondary,no,234,no,no,cellular,20,aug,2,-1,0,unknown,0,older
technician,married,tertiary,no,173,yes,no,cellular,28,may,7,-1,0,unknown,0,young
management,married,tertiary,no,852,yes,no,unknown,6,may,2,-1,0,unknown,0,older
admin.,married,secondary,no,592,no,no,unknown,3,feb,1,-1,0,unknown,0,young
technician,married,secondary,no,82,no,yes,cellular,14,jul,5,-1,0,unknown,0,older
blue-collar,married,secondary,no,-126,yes,no,unknown,7,may,1,-1,0,unknown,0,young
blue-collar,divorced,primary,no,126,yes,yes,cellular,13,jul,1,-1,0,unknown,0,older
services,married,secondary,no,-85,yes,yes,cellular,21,may,1,-1,0,unknown,0,young
management,married,tertiary,no,1307,no,no,unknown,20,jun,1,-1,0,unknown,0,young
blue-collar,married,primary,no,3914,yes,no,cellular,26,apr,5,180,6,success,1,older
admin.,married,primary,no,497,no,no,unknown,4,feb,2,-1,0,unknown,0,older
management,married,tertiary,no,3605,no,no,cellular,28,jan,2,-1,0,unknown,0,young
management,married,tertiary,no,6263,no,no,cellular,27,oct,1,100,1,success,1,young
technician,single,tertiary,no,7916,no,no,cellular,21,aug,7,-1,0,unknown,0,young
technician,single,primary,no,1732,no,no,cellular,3,jun,1,-1,0,unknown,0,young
management,married,primary,yes,-266,yes,no,cellular,12,aug,2,-1,0,unknown,0,older
housemaid,married,primary,no,2113,no,no,telephone,22,jul,18,-1,0,unknown,0,older
self-employed,divorced,tertiary,no,2500,yes,no,cellular,18,nov,4,348,4,failure,0,young
retired,married,secondary,no,170,no,no,telephone,14,apr,7,-1,0,unknown,1,older
management,married,tertiary,no,-945,yes,no,unknown,16,may,2,-1,0,unknown,0,older
management,married,tertiary,no,781,yes,no,cellular,20,nov,2,167,4,failure,0,young
unemployed,married,secondary,no,27,yes,no,unknown,18,jun,2,-1,0,unknown,0,young
technician,married,secondary,no,673,no,no,unknown,7,jun,1,-1,0,unknown,0,older
technician,divorced,secondary,no,36,yes,yes,cellular,28,jul,1,-1,0,unknown,0,older
blue-collar,married,primary,yes,20,yes,yes,cellular,17,jul,3,-1,0,unknown,0,older
blue-collar,married,secondary,no,12,no,no,telephone,10,aug,4,-1,0,unknown,0,young
services,married,secondary,no,774,yes,no,cellular,11,may,7,358,2,failure,0,young
technician,married,secondary,no,76,yes,no,unknown,22,may,1,-1,0,unknown,0,young
entrepreneur,married,secondary,no,1599,no,no,telephone,17,jul,1,-1,0,unknown,0,older
technician,married,tertiary,no,-87,no,no,unknown,4,may,1,-1,0,unknown,0,young
blue-collar,married,secondary,no,93,yes,no,cellular,11,may,1,357,1,failure,0,older
retired,married,secondary,no,5991,yes,yes,telephone,22,jul,1,-1,0,unknown,0,older
services,divorced,secondary,no,582,no,yes,cellular,4,feb,3,-1,0,unknown,0,young
admin.,single,secondary,no,-27,yes,no,cellular,14,apr,3,-1,0,unknown,0,young
blue-collar,married,secondary,no,-65,no,no,unknown,19,jun,10,-1,0,unknown,0,young
retired,married,secondary,no,6334,no,no,telephone,6,mar,10,-1,0,unknown,0,older
retired,married,primary,no,987,yes,no,cellular,3,may,1,-1,1,unknown,0,older
technician,married,tertiary,no,6184,no,no,cellular,6,oct,1,122,1,failure,1,older
technician,divorced,secondary,no,-154,yes,no,unknown,22,may,2,-1,0,unknown,0,young
housemaid,married,primary,no,-6,no,no,cellular,6,aug,2,-1,0,unknown,0,older
management,married,secondary,no,885,no,no,cellular,24,jul,3,-1,0,unknown,1,young
technician,married,secondary,no,2227,no,yes,cellular,20,jul,23,-1,0,unknown,0,older
technician,married,secondary,no,-12,no,no,cellular,20,aug,4,-1,0,unknown,0,older
technician,married,secondary,no,780,no,no,cellular,18,nov,5,177,1,failure,0,young
management,married,secondary,yes,1216,yes,yes,cellular,19,jul,1,140,1,failure,0,young
blue-collar,married,secondary,no,1459,yes,yes,cellular,20,may,4,-1,0,unknown,0,older
blue-collar,married,tertiary,no,343,yes,no,unknown,20,nov,3,-1,0,unknown,0,older
unknown,married,unknown,no,483,no,no,unknown,13,jun,6,-1,0,unknown,0,older
management,married,tertiary,no,3157,yes,no,cellular,20,aug,7,92,1,other,0,young
admin.,single,secondary,no,-782,yes,no,cellular,14,apr,3,-1,0,unknown,0,young
blue-collar,married,secondary,yes,-426,no,no,cellular,4,aug,1,-1,0,unknown,0,young
blue-collar,married,primary,no,743,no,no,unknown,6,may,2,-1,0,unknown,0,older
management,divorced,tertiary,no,657,no,no,cellular,20,jul,2,142,4,failure,0,older
technician,married,secondary,no,2391,no,no,cellular,20,aug,10,-1,0,unknown,0,older
blue-collar,married,primary,no,1615,yes,yes,cellular,8,jul,4,-1,0,unknown,0,young
technician,single,secondary,no,1654,no,no,cellular,22,nov,1,105,2,other,0,older
admin.,single,secondary,no,-296,yes,no,unknown,15,may,3,-1,0,unknown,0,young
unemployed,single,primary,no,332,yes,no,unknown,11,jul,3,-1,0,unknown,0,young
management,married,secondary,no,5823,yes,no,cellular,21,apr,1,185,4,success,1,young
technician,divorced,secondary,no,3260,yes,no,cellular,23,sep,1,-1,2,success,1,young
blue-collar,married,secondary,no,2272,yes,no,unknown,7,may,1,-1,0,unknown,0,older
management,single,tertiary,no,2243,yes,no,cellular,6,may,2,346,1,failure,0,young
blue-collar,divorced,secondary,yes,-472,yes,yes,cellular,26,jul,3,-1,0,unknown,0,young
blue-collar,married,secondary,no,2262,yes,yes,unknown,7,may,3,-1,0,unknown,0,young
admin.,married,secondary,no,1423,no,no,unknown,1,jun,3,-1,0,unknown,0,older
blue-collar,married,secondary,no,15,yes,no,unknown,23,may,5,-1,0,unknown,0,young
management,married,tertiary,no,2602,no,yes,cellular,1,feb,4,-1,0,unknown,0,young
housemaid,married,secondary,no,4441,no,no,cellular,21,nov,4,-1,0,unknown,0,older
management,married,tertiary,no,119,yes,no,unknown,9,jul,1,-1,0,unknown,0,older
blue-collar,single,secondary,no,-69,yes,no,unknown,8,may,1,-1,0,unknown,0,young
management,single,tertiary,no,1316,yes,no,cellular,22,apr,4,-1,0,unknown,0,young
technician,single,secondary,no,1511,yes,no,telephone,13,mar,5,134,4,success,1,young
blue-collar,married,tertiary,no,246,no,no,unknown,2,jun,5,-1,0,unknown,0,young
technician,divorced,secondary,no,205,yes,no,cellular,16,apr,1,98,1,failure,0,young
unemployed,divorced,secondary,no,7146,no,no,cellular,2,mar,1,382,1,success,1,older
self-employed,married,tertiary,no,1996,no,no,cellular,2,apr,1,260,4,success,1,young
technician,married,secondary,no,5177,no,no,telephone,19,nov,1,90,3,failure,0,older
technician,married,secondary,no,6997,no,no,cellular,24,mar,3,177,2,success,1,young
student,single,secondary,no,2058,no,no,cellular,18,nov,1,119,10,other,0,young
technician,married,secondary,no,4860,yes,no,cellular,27,jan,1,-2,0,unknown,0,older
student,single,unknown,no,19,yes,no,cellular,13,may,1,358,6,failure,0,young
technician,married,secondary,no,115,yes,no,cellular,12,may,2,-1,0,unknown,0,young
retired,married,primary,no,3275,no,yes,telephone,4,feb,1,-2,0,unknown,0,older
blue-collar,single,tertiary,no,81,no,no,unknown,10,jun,3,-1,0,unknown,0,young
blue-collar,married,secondary,no,-48,no,yes,unknown,0,jun,3,-1,0,unknown,0,young
blue-collar,married,primary,no,582,yes,no,cellular,11,feb,5,354,2,unknown,0,young
technician,divorced,primary,no,589,yes,no,cellular,5,feb,4,148,1,failure,0,young
technician,married,secondary,no,1666,no,no,unknown,20,jun,2,-1,0,unknown,0,older
retired,married,secondary,no,6548,no,no,cellular,13,apr,1,180,6,success,1,young
technician,married,tertiary,no,2578,yes,no,cellular,4,feb,4,281,1,other,0,young
services,married,secondary,no,302,yes,yes,unknown,23,may,3,-1,0,unknown,0,young
services,married,secondary,no,899,no,no,unknown,18,jun,1,-1,0,unknown,0,older
management,single,tertiary,no,77,no,no,cellular,15,apr,5,184,1,failure,0,young
retired,married,primary,no,3273,no,no,unknown,7,jun,2,-1,0,unknown,0,older
management,single,tertiary,no,149,no,no,cellular,15,mar,2,345,6,unknown,1,young
blue-collar,married,secondary,no,326,yes,no,cellular,1,feb,5,-1,0,unknown,0,young
blue-collar,married,primary,no,42,no,no,telephone,9,may,5,-1,0,unknown,0,older
technician,married,tertiary,no,2371,yes,no,unknown,5,jun,3,-1,0,unknown,0,young
technician,married,secondary,no,5203,yes,no,cellular,20,aug,2,97,1,success,1,young
blue-collar,married,secondary,no,146,yes,no,unknown,12,may,1,-1,0,unknown,0,older
blue-collar,married,secondary,no,7979,yes,no,cellular,18,apr,5,-1,0,unknown,0,young
technician,single,secondary,no,1246,yes,no,unknown,15,may,3,-1,0,unknown,0,young
blue-collar,married,secondary,no,-299,yes,no,unknown,12,may,1,-1,0,unknown,0,older
management,married,tertiary,no,40,no,yes,cellular,8,aug,4,-1,0,unknown,0,young
retired,married,primary,no,4627,no,no,cellular,16,jun,4,139,4,failure,0,older
technician,single,secondary,no,924,yes,no,cellular,5,apr,2,340,3,success,1,young
blue-collar,married,primary,no,1086,no,no,telephone,4,aug,5,-1,0,unknown,0,older
blue-collar,single,secondary,no,121,no,no,cellular,8,may,3,-1,0,unknown,0,young
admin.,married,secondary,no,2358,no,no,telephone,29,apr,6,96,1,other,0,older
technician,single,secondary,no,181,yes,no,cellular,17,nov,2,-1,2,unknown,0,young
technician,married,tertiary,no,19,no,no,cellular,25,jul,4,-1,0,unknown,0,older
technician,married,secondary,no,-411,yes,no,unknown,18,may,3,-1,0,unknown,0,young
technician,divorced,secondary,no,2407,no,no,cellular,17,nov,1,-1,0,unknown,0,older
services,married,secondary,no,-660,yes,no,unknown,20,may,3,-1,0,unknown,0,young
blue-collar,married,secondary,no,2529,yes,no,telephone,12,may,4,347,6,other,0,young
technician,single,tertiary,no,1037,no,no,unknown,17,nov,1,-1,0,unknown,0,young
technician,married,secondary,no,1034,no,no,cellular,10,aug,11,-1,0,unknown,0,older
technician,divorced,secondary,no,190,no,no,unknown,11,nov,1,-1,0,unknown,0,older
admin.,single,secondary,yes,99,no,no,cellular,21,jul,2,-1,0,unknown,0,young
management,married,tertiary,no,2205,no,no,unknown,6,jun,2,-1,0,unknown,0,young
management,divorced,secondary,no,17824,no,no,cellular,17,nov,1,-1,0,unknown,1,older
blue-collar,married,unknown,no,488,no,no,cellular,28,jul,4,-1,0,unknown,1,young
blue-collar,married,tertiary,no,775,yes,no,cellular,14,may,1,345,1,failure,0,young
management,single,tertiary,no,-24,no,no,cellular,12,aug,4,-2,0,unknown,0,young
technician,married,secondary,no,1504,yes,no,cellular,11,may,3,359,1,failure,0,young
technician,divorced,tertiary,no,90,yes,no,cellular,11,apr,1,-1,0,unknown,0,older
technician,married,primary,no,-1444,yes,no,unknown,10,may,2,-1,0,unknown,0,young
blue-collar,married,secondary,no,-1111,yes,no,cellular,20,may,3,0,0,unknown,0,young
entrepreneur,married,secondary,no,-30,no,no,unknown,19,jun,1,-1,0,unknown,0,young
entrepreneur,divorced,tertiary,no,2788,no,no,cellular,29,dec,4,163,1,failure,0,young
management,married,primary,no,3913,no,no,telephone,13,jul,4,275,3,failure,0,older
self-employed,married,secondary,no,215,yes,no,unknown,9,dec,1,-1,0,unknown,0,young
technician,single,secondary,no,1182,no,no,cellular,28,jan,2,154,1,failure,0,young
management,married,tertiary,no,4171,yes,no,cellular,17,mar,1,-1,9,unknown,0,young
technician,married,secondary,no,765,no,no,cellular,10,aug,1,-1,0,unknown,0,older
unemployed,divorced,tertiary,no,8708,no,no,cellular,14,mar,1,-1,0,unknown,0,young
services,married,secondary,yes,-486,no,no,cellular,22,jul,2,-1,0,unknown,0,older
blue-collar,married,primary,no,-27,yes,yes,unknown,4,jul,1,-1,0,unknown,0,older
admin.,divorced,secondary,no,1102,yes,no,cellular,20,apr,3,-1,0,unknown,0,young
technician,divorced,secondary,no,-131,yes,yes,unknown,23,jun,1,-1,0,unknown,0,young
management,single,tertiary,no,2992,no,no,cellular,19,aug,4,-1,0,unknown,0,older
management,divorced,tertiary,no,221,no,no,cellular,30,oct,1,83,1,success,0,young
self-employed,married,tertiary,no,3646,no,no,cellular,4,jun,1,0,0,unknown,0,young
technician,married,unknown,no,1411,no,no,cellular,20,nov,5,-1,0,unknown,0,young
admin.,married,secondary,no,2266,no,no,unknown,1,jun,3,-1,0,unknown,0,young
technician,married,secondary,no,1750,no,no,cellular,4,nov,1,-2,0,failure,0,older
entrepreneur,divorced,tertiary,no,1757,yes,no,cellular,22,apr,4,-1,0,unknown,0,older
technician,married,primary,no,264,yes,no,unknown,12,may,1,-1,0,unknown,0,older
housemaid,divorced,secondary,no,1155,no,no,unknown,18,jun,1,-1,0,unknown,0,older
management,married,secondary,no,10662,no,no,cellular,18,nov,1,-1,0,unknown,1,young
blue-collar,married,secondary,no,-166,no,no,unknown,10,jun,1,-1,0,unknown,0,older
entrepreneur,single,tertiary,yes,60,yes,no,unknown,21,may,3,-1,0,unknown,0,young
retired,married,secondary,no,2258,no,no,telephone,4,mar,1,-1,1,unknown,1,older
blue-collar,single,unknown,no,1874,yes,no,cellular,16,may,2,-1,0,unknown,0,young
technician,divorced,secondary,no,939,no,yes,cellular,15,jul,4,-1,0,unknown,0,older
blue-collar,single,secondary,no,1537,yes,no,unknown,4,jun,1,-1,0,unknown,1,young
admin.,married,secondary,no,133,no,no,cellular,16,jul,3,-1,0,unknown,0,young
retired,married,primary,no,3056,no,no,telephone,2,feb,2,-1,0,unknown,0,older
management,single,secondary,yes,-343,no,yes,cellular,29,jul,7,-1,0,unknown,0,young
technician,married,secondary,no,1161,yes,no,unknown,19,jun,3,-1,0,unknown,0,young
retired,married,unknown,no,2213,no,no,unknown,3,feb,2,-1,0,unknown,0,older
technician,married,secondary,no,234,no,no,cellular,18,aug,1,-1,0,unknown,0,older
services,single,secondary,yes,-48,yes,no,cellular,4,feb,3,358,1,failure,0,young
technician,single,tertiary,no,-241,no,no,cellular,29,jan,3,88,1,other,0,young
unemployed,single,primary,yes,-513,yes,no,unknown,14,jul,10,-1,0,unknown,0,young
management,divorced,tertiary,no,1321,yes,no,cellular,28,may,2,347,4,failure,0,young
blue-collar,married,secondary,no,122,yes,no,unknown,10,may,1,-1,0,unknown,0,older
blue-collar,single,secondary,yes,-377,no,no,cellular,13,may,2,-1,0,unknown,0,young
services,single,secondary,no,162,no,no,unknown,3,jun,2,-1,0,unknown,0,young
technician,divorced,secondary,no,446,yes,no,unknown,11,jun,1,-1,0,unknown,0,older
technician,divorced,primary,no,1553,yes,no,unknown,11,may,1,-1,0,unknown,0,older
management,married,tertiary,no,834,yes,no,cellular,18,nov,4,-1,0,unknown,0,older
technician,divorced,secondary,yes,-169,no,yes,unknown,20,jul,3,-1,0,unknown,0,older
management,divorced,unknown,no,2859,no,no,telephone,19,mar,2,188,10,other,0,older
retired,married,primary,no,627,no,no,cellular,2,oct,1,179,1,failure,0,older
blue-collar,married,primary,no,-54,yes,no,unknown,12,may,1,-1,0,unknown,0,older
entrepreneur,married,unknown,no,1023,yes,no,unknown,13,may,1,-1,0,unknown,0,older
technician,married,secondary,no,584,yes,yes,cellular,19,nov,1,-1,0,unknown,0,young
blue-collar,single,secondary,no,-69,yes,no,cellular,16,may,3,354,1,other,0,young
housemaid,divorced,primary,no,101,yes,no,cellular,28,jul,4,-1,0,unknown,0,young
management,divorced,tertiary,no,1056,yes,no,cellular,17,apr,4,-1,0,unknown,1,young
retired,married,secondary,no,5690,yes,no,cellular,25,apr,1,183,1,success,1,older
services,married,tertiary,no,-213,yes,no,unknown,22,may,3,-1,0,unknown,0,young
management,married,secondary,no,1759,no,no,cellular,18,nov,6,-1,0,unknown,0,older
housemaid,married,tertiary,no,227,yes,no,cellular,21,apr,1,66,1,failure,0,older
retired,married,tertiary,no,1071,no,no,telephone,19,mar,1,-1,0,unknown,1,older
blue-collar,married,secondary,no,137,yes,no,cellular,9,jul,2,-1,0,unknown,0,older
management,single,tertiary,no,262,yes,no,cellular,28,jul,4,403,1,unknown,1,young
blue-collar,married,primary,no,3447,no,no,telephone,4,feb,2,269,10,failure,0,older
services,divorced,secondary,no,199,no,no,unknown,19,jul,9,-1,0,unknown,0,young
blue-collar,married,secondary,no,66,yes,yes,cellular,3,may,1,-1,0,unknown,0,young
student,married,secondary,no,198,no,no,cellular,16,may,1,-1,0,unknown,0,young
blue-collar,married,secondary,no,918,yes,no,cellular,2,feb,1,110,1,failure,0,young
management,single,tertiary,no,262,yes,no,cellular,14,apr,1,-1,0,unknown,0,young
technician,married,secondary,no,585,yes,yes,cellular,3,aug,10,-1,0,unknown,0,young
management,single,tertiary,no,-208,yes,no,cellular,22,may,3,121,2,unknown,0,young
technician,divorced,secondary,no,168,yes,no,cellular,20,apr,3,-1,0,unknown,0,young
blue-collar,single,primary,no,-165,no,no,unknown,15,may,3,-1,0,unknown,0,young
technician,married,secondary,no,2948,yes,no,cellular,12,apr,5,336,1,failure,0,young
housemaid,married,secondary,no,8100,no,no,cellular,20,jul,7,-1,0,unknown,0,older
management,divorced,tertiary,no,1052,yes,no,cellular,10,may,1,256,1,failure,0,older
technician,single,secondary,no,1915,no,no,unknown,7,jun,1,-1,0,unknown,0,young
housemaid,married,primary,no,3229,no,no,cellular,4,aug,4,-1,0,unknown,1,older
technician,divorced,secondary,no,261,no,no,cellular,24,oct,1,129,6,unknown,1,young
unemployed,single,tertiary,no,91,no,no,telephone,20,jul,4,-1,0,unknown,1,older
management,single,secondary,no,-3,no,no,cellular,18,aug,4,-1,0,unknown,0,young
technician,single,secondary,no,51,yes,no,cellular,9,may,5,-1,0,unknown,0,young
blue-collar,married,primary,yes,-542,no,no,unknown,20,nov,4,-1,0,unknown,0,older
blue-collar,married,primary,no,4144,yes,no,cellular,18,may,2,-1,0,unknown,0,older
technician,married,secondary,no,61,yes,no,unknown,8,may,1,-1,0,unknown,0,older
blue-collar,married,secondary,yes,-377,yes,yes,cellular,15,jul,5,-1,0,unknown,0,older
housemaid,married,tertiary,no,160,no,no,cellular,2,jun,3,120,2,failure,0,young
blue-collar,single,secondary,no,123,no,no,cellular,4,aug,1,-1,0,unknown,0,young
blue-collar,divorced,secondary,no,787,no,no,cellular,14,apr,1,118,6,other,0,young
management,single,tertiary,no,10053,no,no,cellular,4,nov,2,181,4,success,0,young
services,divorced,secondary,no,-408,yes,no,cellular,19,apr,1,-1,0,unknown,0,older
unemployed,married,primary,yes,191,no,no,unknown,9,may,1,-1,0,unknown,0,older
technician,married,secondary,no,833,no,no,unknown,17,jun,1,-1,0,unknown,0,older
management,married,primary,yes,265,no,no,telephone,14,jul,2,-1,0,unknown,0,young
technician,divorced,tertiary,no,213,no,no,cellular,17,nov,2,95,1,other,0,older
management,single,tertiary,no,7374,yes,no,cellular,22,apr,3,334,2,failure,0,young
management,single,tertiary,no,-23,yes,no,cellular,22,apr,4,344,2,failure,0,young
management,divorced,tertiary,no,1806,yes,no,unknown,16,may,3,-1,0,unknown,0,older
blue-collar,married,secondary,no,2646,yes,no,cellular,17,may,2,-1,0,unknown,0,young
blue-collar,single,primary,no,1090,yes,no,cellular,10,may,3,357,1,other,0,young
technician,married,secondary,no,589,no,no,telephone,20,nov,10,-1,0,unknown,0,young
admin.,married,secondary,no,8095,no,no,cellular,2,feb,2,-1,0,unknown,1,older
blue-collar,married,secondary,no,1960,yes,no,unknown,24,may,1,-1,0,unknown,0,older
self-employed,married,primary,no,16110,yes,no,cellular,13,may,5,-1,0,unknown,0,young
student,single,secondary,no,159,no,no,cellular,18,sep,1,-1,0,unknown,0,young
blue-collar,married,primary,no,3149,no,no,unknown,26,may,4,-1,0,unknown,0,older
self-employed,married,primary,no,120,yes,no,unknown,11,may,1,-1,0,unknown,0,young
technician,single,secondary,no,1961,no,no,telephone,5,feb,2,103,1,other,0,older
retired,married,tertiary,no,717,no,no,unknown,3,jun,1,-1,0,unknown,0,older
management,married,tertiary,no,-1077,yes,no,cellular,11,aug,1,-1,0,unknown,0,young
blue-collar,married,primary,no,-139,yes,no,cellular,3,may,4,-1,0,unknown,0,young
technician,married,secondary,no,6024,no,no,cellular,28,aug,4,158,1,other,0,young
management,divorced,tertiary,no,159,no,no,cellular,30,may,5,183,3,failure,0,older
admin.,married,secondary,no,2462,no,no,unknown,5,jun,1,390,1,failure,0,older
technician,divorced,secondary,no,225,yes,no,cellular,20,nov,2,97,1,other,0,older
technician,married,tertiary,no,341,no,yes,unknown,7,may,3,-1,0,unknown,0,young
management,married,tertiary,no,1305,yes,no,cellular,18,may,2,97,1,other,0,young
management,single,tertiary,no,4338,no,no,cellular,29,sep,4,-1,0,unknown,0,young
services,married,secondary,no,-106,yes,no,cellular,18,apr,2,118,9,failure,0,young
blue-collar,married,secondary,no,805,no,no,cellular,28,may,1,184,1,failure,0,young
management,married,tertiary,no,38,no,yes,unknown,15,jun,2,-1,0,unknown,0,older
technician,married,tertiary,no,3182,yes,no,cellular,22,nov,10,-1,0,unknown,0,young
admin.,single,primary,no,1976,no,no,unknown,18,jun,5,-1,0,unknown,0,older
blue-collar,married,primary,no,1492,yes,no,cellular,2,feb,2,-1,0,unknown,0,older
housemaid,single,secondary,no,68,no,yes,cellular,5,jul,7,-1,0,unknown,0,young
management,divorced,tertiary,no,640,no,no,cellular,25,jul,2,-2,0,unknown,0,older
management,divorced,tertiary,no,1280,yes,no,cellular,20,aug,7,-1,0,unknown,0,young
unknown,married,unknown,yes,1497,no,no,unknown,20,jun,1,-1,0,unknown,0,older
blue-collar,married,primary,no,-30,yes,no,unknown,3,may,1,-1,0,unknown,0,young
technician,divorced,secondary,no,-172,yes,no,cellular,11,may,2,359,1,failure,0,young
technician,married,secondary,no,-338,yes,no,cellular,17,may,4,348,10,failure,0,young
technician,married,secondary,no,2495,yes,no,cellular,20,apr,3,-1,0,unknown,0,young
technician,divorced,secondary,no,41,yes,no,unknown,14,may,3,-1,0,unknown,0,young
technician,single,secondary,no,132,no,no,cellular,12,aug,2,-1,0,unknown,0,young
blue-collar,married,secondary,no,82,yes,no,cellular,7,jul,4,-1,0,unknown,0,young
technician,divorced,secondary,yes,-2936,no,no,unknown,6,may,1,-1,0,unknown,0,older
blue-collar,married,tertiary,no,1050,no,yes,telephone,29,jul,3,139,1,failure,0,older
technician,divorced,unknown,no,1027,yes,no,cellular,18,apr,3,-2,0,unknown,0,young
management,divorced,tertiary,no,599,no,no,cellular,28,aug,7,94,2,success,0,young
blue-collar,married,primary,no,551,no,no,unknown,13,jun,1,0,0,unknown,1,older
services,married,secondary,no,556,no,no,cellular,14,jul,7,-1,0,unknown,1,young
admin.,married,secondary,yes,1390,no,no,unknown,1,jun,2,-1,0,unknown,0,older
services,married,tertiary,no,146,yes,no,cellular,19,jul,3,-1,0,unknown,0,young
housemaid,married,primary,no,339,no,no,telephone,27,jan,3,-1,0,unknown,0,older
blue-collar,married,unknown,no,230,yes,no,unknown,12,may,4,-1,0,unknown,0,young
technician,single,secondary,no,-69,yes,no,cellular,20,aug,16,-1,0,unknown,0,young
self-employed,married,secondary,no,1183,no,no,cellular,30,jan,3,-1,0,unknown,0,older
technician,married,secondary,no,-93,yes,no,unknown,28,may,3,-1,0,unknown,0,young
management,married,secondary,no,205,no,no,cellular,22,jul,2,-1,0,unknown,0,young
technician,divorced,secondary,no,-16,no,no,cellular,22,aug,3,-1,0,unknown,0,older
blue-collar,married,primary,no,-60,no,yes,cellular,24,jul,4,-1,0,unknown,0,young
management,divorced,secondary,no,3034,yes,no,cellular,20,apr,3,98,4,failure,0,young
management,married,tertiary,no,1021,yes,no,unknown,4,may,1,-1,0,unknown,0,young
management,married,tertiary,no,4710,yes,no,cellular,16,nov,1,-1,0,unknown,0,young
self-employed,married,secondary,no,163,yes,no,cellular,20,nov,5,101,2,success,0,young
blue-collar,married,primary,no,2221,yes,no,cellular,4,may,1,-1,0,unknown,0,older
technician,single,tertiary,no,97,no,no,cellular,17,nov,2,-1,0,unknown,0,older
management,single,tertiary,no,7343,yes,no,cellular,22,aug,4,-1,0,unknown,0,young
blue-collar,married,primary,no,259,no,no,unknown,13,jun,1,-1,0,unknown,0,older
technician,married,secondary,no,140,no,no,telephone,18,jul,4,-1,0,unknown,0,older
blue-collar,married,secondary,no,1092,no,no,unknown,0,may,1,-1,0,unknown,0,young
services,divorced,secondary,no,2627,no,no,cellular,19,nov,5,-1,0,unknown,0,older
entrepreneur,divorced,primary,no,3,yes,no,unknown,17,nov,1,-1,0,unknown,0,older
technician,single,secondary,no,389,no,no,cellular,27,aug,4,-1,0,unknown,0,young
blue-collar,married,secondary,no,269,no,yes,telephone,17,jul,3,-1,0,unknown,0,older
management,single,secondary,no,1350,no,no,telephone,14,sep,3,-1,0,unknown,0,older
blue-collar,married,primary,no,1871,no,no,cellular,14,may,2,-2,0,unknown,0,older
retired,divorced,primary,no,880,no,no,unknown,5,jun,1,-1,0,unknown,0,older
technician,married,tertiary,no,35,yes,no,cellular,30,may,2,-1,0,unknown,0,young
management,single,tertiary,no,308,no,no,cellular,23,aug,2,-1,0,unknown,0,young
management,single,tertiary,no,1233,no,no,cellular,5,may,1,-1,0,unknown,0,young
management,married,secondary,no,41,yes,no,cellular,17,nov,2,-1,0,unknown,0,young
technician,married,secondary,no,1952,yes,no,cellular,11,may,2,354,1,failure,0,older
blue-collar,married,secondary,no,218,yes,no,cellular,25,may,3,-1,0,unknown,0,young
management,divorced,secondary,no,-155,no,no,cellular,18,aug,10,-1,0,unknown,0,older
retired,married,primary,no,625,no,no,telephone,17,aug,5,-1,0,unknown,0,older
technician,married,tertiary,no,1864,no,no,cellular,20,nov,2,95,4,failure,0,older
technician,married,secondary,no,6883,no,no,cellular,22,mar,7,180,4,success,1,older
blue-collar,divorced,primary,no,6776,yes,no,telephone,10,may,2,352,5,other,0,older
entrepreneur,married,secondary,yes,-755,yes,no,unknown,18,nov,5,-1,0,unknown,0,older
retired,married,secondary,no,125,no,no,unknown,7,jun,1,-1,0,unknown,0,older
management,divorced,tertiary,yes,2350,yes,no,cellular,3,oct,3,118,6,success,0,young
management,married,tertiary,no,-301,yes,no,unknown,18,jun,1,-1,0,unknown,0,young
housemaid,divorced,secondary,yes,-162,no,no,cellular,27,jan,2,346,4,failure,0,young
housemaid,married,primary,no,-20,no,no,unknown,-1,jun,1,-1,0,unknown,0,older
technician,married,secondary,no,462,yes,no,unknown,10,may,2,-1,0,unknown,0,older
services,married,primary,no,299,yes,yes,cellular,4,may,2,-1,0,unknown,0,young
management,single,unknown,no,1390,no,no,unknown,10,jun,1,-1,0,unknown,1,young
technician,divorced,secondary,no,3210,no,yes,cellular,18,nov,1,-1,0,unknown,0,older
technician,married,tertiary,no,1167,yes,no,cellular,20,aug,2,-1,0,unknown,0,young
blue-collar,married,primary,yes,2201,no,yes,cellular,14,jul,5,-1,0,unknown,0,older
admin.,married,secondary,no,181,no,no,cellular,11,aug,10,-1,0,unknown,0,young
management,married,tertiary,no,3823,yes,no,unknown,17,jun,2,-1,0,unknown,0,young
management,single,tertiary,no,753,no,no,cellular,15,aug,7,-1,0,unknown,0,young
management,divorced,tertiary,no,221,yes,no,unknown,14,may,5,-1,0,unknown,0,young
management,single,secondary,no,3290,no,no,cellular,10,aug,7,-1,0,unknown,1,young
technician,single,secondary,no,2406,yes,no,telephone,6,may,5,-1,0,unknown,0,young
technician,married,secondary,no,-33,yes,no,cellular,1,apr,1,-1,0,unknown,0,young
blue-collar,single,unknown,yes,1759,no,no,cellular,24,jul,2,-1,0,unknown,0,older
management,single,tertiary,no,12859,no,no,telephone,30,dec,5,186,10,other,0,young
blue-collar,married,primary,no,424,yes,yes,unknown,3,may,2,-1,0,unknown,0,older
technician,married,secondary,no,841,yes,no,cellular,1,mar,1,140,1,other,0,young
blue-collar,married,secondary,no,2940,yes,no,cellular,5,aug,2,-1,0,unknown,0,young
technician,married,secondary,no,67,yes,no,unknown,13,jun,4,-1,0,unknown,0,older
technician,married,primary,no,3502,yes,no,unknown,19,may,2,-1,0,other,0,young
admin.,married,secondary,no,270,no,yes,cellular,17,jul,1,-1,0,unknown,0,older
management,married,primary,no,2522,no,no,cellular,18,jul,15,-1,0,unknown,0,young
blue-collar,single,unknown,no,9513,no,no,unknown,17,jun,1,-1,0,unknown,0,young
technician,married,secondary,no,157,no,no,cellular,2,nov,2,179,11,other,0,young
entrepreneur,divorced,secondary,no,72,yes,no,unknown,11,may,1,-1,0,unknown,0,young
management,married,tertiary,yes,-41,no,yes,cellular,15,jul,10,-1,0,unknown,0,young
housemaid,married,unknown,no,2075,yes,no,cellular,19,apr,2,350,1,unknown,0,young
blue-collar,divorced,secondary,no,5491,yes,no,cellular,12,jul,4,-1,0,unknown,0,older
blue-collar,divorced,secondary,no,-89,no,no,telephone,20,nov,4,-2,0,unknown,0,older
management,divorced,tertiary,no,-365,yes,no,cellular,3,feb,2,266,1,failure,1,young
management,married,secondary,no,395,no,no,cellular,18,aug,24,-1,0,unknown,0,young
technician,single,tertiary,no,208,yes,no,cellular,21,aug,2,-1,0,unknown,0,young
services,married,secondary,no,1044,no,no,telephone,17,feb,4,-1,0,unknown,0,older
unknown,married,unknown,no,330,yes,no,unknown,10,may,1,-1,0,unknown,0,older
housemaid,married,secondary,no,62,no,yes,cellular,12,aug,2,-1,0,unknown,0,young
self-employed,divorced,tertiary,no,2850,yes,no,cellular,21,nov,3,96,9,failure,0,young
technician,divorced,secondary,yes,-703,yes,yes,unknown,28,may,3,-1,0,unknown,0,young
self-employed,divorced,secondary,no,1148,no,no,cellular,20,mar,1,185,1,other,0,young
blue-collar,married,primary,no,26,yes,yes,unknown,30,may,1,-1,0,unknown,0,young
unemployed,married,primary,no,1428,no,no,cellular,4,feb,2,-1,0,unknown,1,young
blue-collar,married,secondary,no,989,no,no,cellular,6,aug,2,-1,0,unknown,0,older
unemployed,married,primary,no,1259,no,no,cellular,19,nov,1,-1,0,unknown,0,older
admin.,single,secondary,no,751,no,no,cellular,9,may,1,-1,0,unknown,0,young
technician,married,secondary,no,-67,yes,no,unknown,16,may,1,-1,0,unknown,0,older
management,divorced,tertiary,yes,1397,yes,no,cellular,24,jul,6,-1,0,unknown,0,young
blue-collar,single,secondary,no,1046,yes,no,cellular,11,may,3,356,11,other,0,young
blue-collar,married,primary,no,3007,yes,no,unknown,16,may,4,-1,0,unknown,0,young
technician,single,secondary,no,198,no,no,cellular,8,aug,4,-1,0,unknown,0,young
management,divorced,tertiary,no,792,yes,no,cellular,29,jan,4,129,1,failure,0,older
blue-collar,married,unknown,no,1652,no,no,unknown,12,jul,2,-1,0,unknown,0,older
technician,single,unknown,no,7178,yes,no,cellular,11,apr,2,354,1,failure,0,young
management,single,tertiary,no,-69,yes,no,cellular,13,may,3,-1,0,unknown,0,young
services,married,secondary,yes,-805,no,no,unknown,5,jun,1,-2,0,unknown,0,older
self-employed,single,secondary,no,2756,no,yes,cellular,11,oct,6,354,1,failure,0,young
blue-collar,single,secondary,no,259,yes,no,unknown,10,may,1,-1,0,unknown,0,young
blue-collar,married,primary,no,-477,yes,no,unknown,20,may,2,-1,0,unknown,0,young
blue-collar,married,primary,no,96,yes,no,cellular,20,may,4,-2,4,unknown,0,older
unknown,married,secondary,no,1697,no,no,telephone,26,jan,1,-1,0,unknown,0,older
entrepreneur,divorced,tertiary,no,4418,no,no,cellular,5,mar,2,-1,0,unknown,0,older
blue-collar,single,secondary,yes,2870,no,no,cellular,4,aug,3,-1,0,unknown,0,older
blue-collar,married,tertiary,no,3380,no,no,cellular,23,aug,2,-1,0,unknown,1,young
technician,divorced,secondary,yes,-194,yes,no,cellular,0,nov,2,-1,0,unknown,0,young
technician,married,secondary,no,1770,no,no,cellular,6,aug,2,-1,0,unknown,0,young
blue-collar,single,secondary,no,247,no,yes,cellular,20,nov,1,0,0,unknown,0,young
blue-collar,single,tertiary,no,4535,yes,no,cellular,12,may,1,342,2,other,0,young
blue-collar,married,primary,no,-54,yes,no,cellular,11,oct,1,-1,0,unknown,0,young
technician,single,secondary,no,1617,no,no,cellular,20,nov,6,108,6,failure,0,young
blue-collar,married,secondary,no,1068,no,yes,unknown,6,may,1,-1,0,unknown,0,older
admin.,married,secondary,no,462,no,yes,cellular,28,feb,3,-1,0,unknown,0,older
retired,single,primary,no,370,no,no,unknown,4,jun,5,-1,0,unknown,0,young
blue-collar,married,primary,no,882,yes,no,cellular,2,may,2,119,1,other,0,young
management,married,tertiary,no,853,yes,no,cellular,28,jan,4,-1,0,unknown,0,young
unknown,single,unknown,no,168,no,no,unknown,3,jun,1,-1,0,unknown,0,older
technician,married,secondary,no,2100,yes,no,cellular,15,mar,3,179,6,success,1,young
management,married,tertiary,no,2722,yes,no,cellular,16,may,3,-1,0,unknown,1,older
blue-collar,married,secondary,no,-65,yes,no,unknown,21,may,1,-1,0,unknown,0,older
blue-collar,married,primary,no,-49,yes,yes,unknown,17,may,2,0,0,unknown,0,young
blue-collar,divorced,secondary,no,1065,yes,no,cellular,17,jul,5,275,1,other,0,young
management,married,primary,no,-192,yes,no,unknown,11,may,1,-1,0,unknown,0,older
management,single,tertiary,no,2829,yes,no,cellular,18,nov,5,352,1,failure,0,young
retired,married,primary,no,1172,no,no,unknown,4,may,1,-1,0,unknown,0,older
student,single,secondary,yes,-89,yes,no,cellular,18,apr,3,-1,0,unknown,0,young
retired,married,unknown,no,16140,no,no,telephone,5,sep,1,123,1,success,1,older
blue-collar,married,primary,yes,110,no,yes,unknown,20,may,3,-1,0,unknown,0,young
technician,married,secondary,no,2743,no,no,cellular,14,jul,3,-1,0,unknown,0,young
retired,married,secondary,no,2344,no,no,cellular,5,feb,2,143,1,success,1,older
technician,divorced,tertiary,yes,2,yes,no,cellular,18,nov,4,352,2,failure,0,young
self-employed,married,tertiary,no,4740,yes,no,cellular,13,apr,3,91,5,other,0,young
technician,divorced,secondary,yes,728,yes,yes,cellular,22,jul,3,-1,0,unknown,0,young
technician,married,secondary,no,13,no,no,cellular,4,aug,1,-1,0,unknown,0,older
technician,divorced,secondary,no,1849,no,no,telephone,28,jul,11,-1,0,unknown,0,older
technician,married,tertiary,yes,-474,yes,no,cellular,4,feb,2,267,0,failure,0,young
services,married,secondary,no,1995,no,no,telephone,26,jul,7,-1,0,unknown,0,older
retired,married,secondary,no,141,no,no,telephone,18,oct,1,-1,0,unknown,0,older
management,single,tertiary,no,1589,no,no,cellular,18,nov,1,178,1,failure,1,young
technician,single,secondary,no,241,no,no,cellular,11,aug,2,-1,0,unknown,0,young
technician,married,secondary,no,-74,yes,no,cellular,11,may,3,348,1,failure,0,young
blue-collar,married,primary,yes,-53,yes,yes,cellular,8,jul,5,-1,0,unknown,0,older
technician,divorced,secondary,no,-79,yes,yes,cellular,11,may,1,349,3,failure,0,young
housemaid,divorced,tertiary,no,883,no,no,telephone,19,nov,4,-1,0,unknown,0,older
blue-collar,married,secondary,no,3676,yes,no,unknown,20,nov,1,-1,0,unknown,0,older
blue-collar,single,primary,no,2054,yes,no,cellular,16,may,4,345,1,failure,0,young
management,married,tertiary,no,66,yes,no,unknown,20,may,2,-1,0,unknown,0,older
technician,married,primary,no,5407,yes,no,cellular,11,may,5,351,1,failure,0,young
management,married,tertiary,yes,-150,yes,no,cellular,22,may,7,-1,0,unknown,0,young
management,married,tertiary,yes,28,yes,no,unknown,14,jun,3,-1,0,unknown,0,young
blue-collar,married,primary,no,-1162,yes,no,unknown,18,jun,1,-1,0,unknown,0,older
services,married,secondary,no,-75,yes,no,unknown,4,may,1,-1,0,unknown,0,young
technician,married,tertiary,no,2452,no,no,cellular,22,apr,1,97,4,failure,0,young
blue-collar,divorced,primary,yes,1680,yes,no,unknown,19,nov,1,-1,0,unknown,0,young
entrepreneur,married,secondary,no,618,no,yes,cellular,19,jul,2,-1,0,unknown,0,older
student,married,tertiary,no,4079,no,no,cellular,2,oct,1,136,1,failure,1,young
technician,divorced,primary,no,226,no,no,cellular,11,aug,2,90,1,failure,1,older
blue-collar,divorced,secondary,no,-310,yes,no,unknown,16,may,2,-1,0,unknown,0,young
blue-collar,married,secondary,yes,-421,no,yes,cellular,20,may,5,-1,0,unknown,0,young
technician,married,secondary,no,-634,yes,no,unknown,8,may,1,-1,0,unknown,0,young
housemaid,married,primary,no,3209,no,no,cellular,25,jul,2,-1,0,unknown,0,older
management,divorced,secondary,no,162,yes,no,unknown,21,apr,1,-1,0,unknown,0,older
blue-collar,married,primary,no,268,yes,no,cellular,14,jul,3,-1,0,unknown,0,young
blue-collar,single,unknown,no,-88,yes,no,cellular,8,jul,3,-1,0,unknown,1,young
retired,married,secondary,no,7471,no,no,telephone,21,nov,1,-1,0,unknown,0,older
management,divorced,tertiary,no,161,no,no,cellular,5,aug,2,-1,0,unknown,0,older
blue-collar,married,secondary,yes,67,no,no,cellular,2,feb,2,-1,0,unknown,0,older
blue-collar,single,secondary,no,1099,yes,no,cellular,14,apr,4,-1,0,unknown,0,young
admin.,married,secondary,no,308,no,no,cellular,12,dec,3,-1,0,unknown,0,young
self-employed,married,secondary,no,577,yes,no,cellular,3,feb,2,-1,0,unknown,0,young
unemployed,single,secondary,no,191,yes,no,cellular,5,nov,1,350,4,failure,1,young
technician,divorced,secondary,no,7037,no,no,cellular,18,nov,1,127,4,failure,0,older
services,married,secondary,no,2062,no,no,unknown,10,jun,3,-1,0,unknown,0,older
retired,married,secondary,no,100,no,no,telephone,25,aug,4,-1,0,unknown,0,older
technician,married,tertiary,no,3586,no,no,cellular,17,mar,2,92,6,success,1,young
blue-collar,married,secondary,no,202,no,no,telephone,12,jul,3,-2,0,unknown,0,older
technician,divorced,secondary,no,1052,yes,no,cellular,22,jul,3,-1,0,unknown,0,older
technician,single,tertiary,no,681,yes,no,cellular,29,jan,3,267,2,other,0,young
blue-collar,married,secondary,no,337,no,no,cellular,3,jun,1,-1,0,unknown,0,young
technician,single,secondary,no,769,yes,no,cellular,16,apr,2,133,4,other,0,young
retired,married,unknown,no,1566,no,no,telephone,15,jul,7,-1,0,unknown,0,older
services,married,secondary,no,1372,no,no,cellular,13,aug,7,-1,0,unknown,0,young
blue-collar,single,secondary,no,830,yes,no,cellular,22,nov,3,-1,0,unknown,0,older
management,married,tertiary,no,1906,yes,no,cellular,15,may,3,-1,1,unknown,1,older
management,married,primary,no,-17,yes,no,cellular,5,aug,2,352,4,failure,0,young
blue-collar,divorced,secondary,no,2714,no,no,cellular,18,nov,2,-1,0,unknown,0,older
blue-collar,married,unknown,no,159,yes,no,unknown,9,may,3,-1,0,unknown,0,older
management,married,primary,no,-19,no,no,cellular,27,jul,4,-1,0,unknown,0,older
admin.,married,secondary,yes,1455,yes,no,cellular,20,apr,3,266,0,unknown,0,young
technician,single,secondary,no,146,yes,no,cellular,8,may,1,346,1,success,0,young
management,divorced,primary,no,3991,no,no,unknown,3,jun,1,-1,0,unknown,0,older
self-employed,married,tertiary,no,3569,yes,no,cellular,18,apr,2,146,1,unknown,1,young
management,divorced,tertiary,no,3785,no,no,cellular,12,aug,4,-1,0,unknown,0,older
management,married,tertiary,no,3460,no,no,cellular,4,feb,2,390,2,failure,0,older
technician,married,secondary,no,8,yes,no,unknown,9,may,9,-1,0,unknown,0,older
management,divorced,tertiary,no,5804,yes,no,cellular,19,nov,3,-1,0,unknown,0,older
blue-collar,married,secondary,no,1594,no,no,telephone,30,jul,7,-1,0,unknown,0,older
blue-collar,married,primary,no,46,no,no,cellular,19,mar,4,-1,0,unknown,0,young
technician,single,secondary,no,-154,yes,no,cellular,28,jul,2,-1,0,unknown,0,young
management,married,tertiary,no,185,yes,no,cellular,4,feb,1,276,3,failure,1,young
blue-collar,divorced,secondary,no,533,yes,yes,unknown,12,may,1,-1,0,unknown,0,young
management,single,tertiary,no,2147,yes,no,cellular,21,aug,5,-1,0,unknown,0,young
self-employed,married,tertiary,no,2258,yes,no,unknown,20,jun,5,-1,0,unknown,0,young
management,single,tertiary,no,-17,yes,no,unknown,10,may,1,-2,0,unknown,0,young
blue-collar,married,primary,no,502,yes,no,unknown,15,may,2,-1,0,unknown,0,young
self-employed,single,secondary,no,-34,yes,no,unknown,21,nov,3,-1,0,unknown,0,young
management,single,tertiary,yes,243,no,no,cellular,3,feb,1,-1,1,failure,0,young
services,married,secondary,no,452,yes,no,unknown,19,jun,9,-1,0,unknown,0,young
technician,married,secondary,no,1021,no,no,cellular,29,jan,4,127,2,success,0,young
blue-collar,single,secondary,no,387,yes,yes,unknown,13,may,2,-1,0,unknown,0,young
blue-collar,married,primary,no,960,no,no,cellular,24,aug,1,-1,0,unknown,1,young
technician,married,tertiary,no,-172,yes,no,cellular,17,feb,3,187,1,failure,0,young
blue-collar,single,secondary,yes,272,no,yes,telephone,14,jul,1,-1,0,unknown,0,young
entrepreneur,married,secondary,no,1475,yes,no,cellular,12,may,1,348,1,success,0,young
admin.,married,secondary,no,125,yes,no,cellular,20,apr,3,-1,0,unknown,0,young
unemployed,married,secondary,no,-118,no,no,unknown,20,nov,3,-1,0,unknown,0,young
technician,married,secondary,no,1464,no,no,cellular,29,aug,4,-1,0,unknown,0,older
blue-collar,married,secondary,no,-455,yes,no,unknown,22,may,1,-1,0,unknown,0,young
technician,single,secondary,no,173,yes,no,cellular,21,may,3,152,10,failure,0,young
management,married,tertiary,no,1712,no,no,cellular,30,jul,2,-1,0,unknown,0,older
technician,single,tertiary,no,-1262,yes,no,cellular,10,aug,6,-1,0,unknown,0,young
services,married,secondary,no,574,yes,yes,cellular,23,jul,10,-1,0,unknown,0,older
management,married,tertiary,no,3840,no,no,telephone,21,jul,6,-2,0,unknown,0,older
blue-collar,married,primary,no,598,yes,no,unknown,16,may,2,-1,0,unknown,0,older
services,divorced,primary,no,-17,yes,no,unknown,27,may,3,-1,0,unknown,0,young
blue-collar,married,primary,yes,2052,yes,no,unknown,12,may,3,-1,0,unknown,0,young
blue-collar,divorced,secondary,no,-125,yes,yes,unknown,24,may,3,-1,0,unknown,0,young
blue-collar,married,primary,yes,475,yes,yes,cellular,8,may,2,-1,0,unknown,0,young
admin.,single,secondary,no,2178,yes,no,cellular,21,may,1,-1,0,unknown,0,young
services,married,secondary,no,621,no,no,cellular,30,jan,1,-1,0,unknown,0,young
technician,single,tertiary,no,-138,no,no,cellular,4,sep,1,-1,0,unknown,0,young
unemployed,married,secondary,no,18,no,no,cellular,5,aug,2,-1,0,unknown,0,older
management,married,secondary,no,101,yes,no,unknown,16,aug,7,-1,0,unknown,0,young
technician,married,secondary,yes,-1022,no,yes,cellular,28,jul,3,-1,0,unknown,0,young
housemaid,married,primary,no,5650,no,no,cellular,6,jun,1,-1,0,unknown,0,older
technician,married,tertiary,no,-590,yes,no,unknown,12,may,2,-1,0,unknown,0,older
technician,married,secondary,no,2694,no,no,cellular,26,aug,4,0,0,unknown,0,older
blue-collar,divorced,secondary,no,-332,yes,no,unknown,23,may,3,-1,0,unknown,0,older
technician,married,secondary,no,11,no,no,telephone,18,nov,7,-1,0,unknown,0,older
retired,married,primary,no,2061,no,no,cellular,5,aug,7,-1,0,unknown,0,older
retired,married,secondary,no,1323,no,no,cellular,15,sep,1,-1,0,other,1,older
retired,divorced,secondary,no,148,yes,no,cellular,2,apr,2,260,6,other,0,older
blue-collar,married,secondary,yes,-181,no,yes,cellular,13,jul,5,-1,0,unknown,0,older
admin.,divorced,secondary,yes,138,no,no,cellular,14,may,1,-1,0,unknown,0,older
technician,single,secondary,no,156,no,no,cellular,14,may,1,-1,0,unknown,0,young
technician,married,unknown,no,2788,no,no,telephone,20,nov,3,-1,0,unknown,0,older
blue-collar,married,primary,yes,38,no,no,cellular,7,aug,4,-1,0,unknown,0,older
technician,married,secondary,no,1886,yes,no,unknown,10,jun,3,-1,0,unknown,0,young
technician,married,secondary,no,-321,yes,yes,unknown,9,may,1,-1,0,unknown,0,young
technician,divorced,secondary,no,2283,yes,no,unknown,14,may,1,-1,0,unknown,1,young
technician,married,tertiary,no,2534,yes,no,cellular,11,may,1,350,4,failure,0,older
technician,divorced,secondary,no,1532,no,no,cellular,19,aug,4,-1,0,unknown,0,young
technician,married,secondary,no,4110,no,no,cellular,12,aug,2,-1,0,unknown,0,older
management,married,tertiary,no,2931,no,no,cellular,28,oct,2,103,10,success,0,young
blue-collar,married,primary,no,-12,no,no,unknown,9,may,1,-1,0,unknown,0,young
blue-collar,married,secondary,no,12,yes,no,cellular,8,apr,1,-1,0,unknown,0,young
technician,married,secondary,no,290,yes,no,cellular,21,aug,3,96,2,success,0,young
technician,married,secondary,no,2414,no,no,cellular,16,jul,2,-1,0,unknown,0,older
technician,divorced,primary,no,0,yes,no,unknown,19,jun,7,93,0,unknown,0,older
blue-collar,divorced,primary,yes,-716,yes,yes,cellular,9,jul,3,-1,0,unknown,0,older
blue-collar,divorced,primary,no,153,no,no,cellular,14,dec,2,0,6,unknown,0,young
blue-collar,married,primary,yes,550,yes,no,telephone,17,may,1,-1,0,unknown,0,young
blue-collar,married,primary,no,259,yes,no,cellular,20,jan,4,283,10,other,0,older
technician,married,tertiary,no,63,yes,no,cellular,8,mar,1,-1,0,unknown,0,older
management,single,tertiary,no,3057,no,no,cellular,5,jul,1,-1,0,unknown,0,older
blue-collar,married,primary,no,136,yes,no,unknown,23,may,1,-1,0,unknown,0,young
unknown,married,secondary,no,1658,no,no,cellular,13,apr,11,-1,0,unknown,0,young
admin.,single,secondary,no,-42,yes,no,cellular,18,jul,7,-1,0,unknown,0,young
blue-collar,single,primary,yes,167,yes,no,cellular,4,jul,1,-1,0,unknown,0,young
unemployed,married,secondary,no,137,yes,no,cellular,1,feb,2,-1,0,unknown,0,young
management,married,tertiary,no,864,yes,no,unknown,21,may,1,-2,0,unknown,0,young
management,single,tertiary,no,-444,yes,no,cellular,17,nov,3,-1,0,unknown,0,young
self-employed,divorced,secondary,no,3815,yes,no,telephone,14,may,1,345,1,failure,0,older
blue-collar,married,secondary,no,1238,no,yes,cellular,7,jul,3,-1,0,unknown,0,older
technician,married,secondary,yes,208,yes,no,cellular,20,apr,2,-1,0,unknown,0,young
technician,divorced,secondary,no,138,yes,no,cellular,17,jul,1,-1,1,failure,0,young
technician,married,secondary,no,-116,yes,yes,cellular,26,jul,3,-1,0,unknown,0,young
technician,married,secondary,no,579,yes,yes,cellular,6,feb,2,-1,0,unknown,0,young
unknown,married,unknown,no,1494,no,no,unknown,4,jun,6,-1,0,unknown,0,older
blue-collar,married,secondary,no,1327,no,no,cellular,7,aug,1,-2,0,unknown,0,older
housemaid,divorced,secondary,no,523,yes,yes,cellular,16,apr,3,85,2,failure,0,older
technician,married,secondary,no,1316,no,no,cellular,1,jun,1,-1,0,unknown,1,older
management,single,tertiary,no,1917,no,no,cellular,22,may,1,-1,0,unknown,0,young
unemployed,married,secondary,yes,-202,no,no,cellular,5,may,1,-1,0,unknown,0,older
housemaid,married,secondary,no,16,yes,no,cellular,13,may,1,347,10,unknown,0,young
technician,married,secondary,no,80,no,no,cellular,11,aug,5,-1,0,unknown,0,older
blue-collar,married,secondary,no,301,no,no,unknown,22,jun,1,-1,0,unknown,0,older
unemployed,married,secondary,no,82,no,no,cellular,5,aug,5,-1,0,unknown,0,young
self-employed,divorced,tertiary,no,669,no,yes,cellular,4,jul,3,-1,0,unknown,0,young
retired,single,tertiary,no,1622,no,no,telephone,7,mar,3,-1,0,unknown,1,older
self-employed,married,tertiary,no,-102,yes,no,unknown,17,may,1,-1,0,unknown,0,young
self-employed,married,tertiary,no,267,no,no,cellular,21,jul,5,-1,0,unknown,0,older
management,married,unknown,no,62,no,no,cellular,22,nov,4,-1,0,unknown,0,young
management,married,tertiary,no,1334,no,no,telephone,29,jul,7,-2,0,unknown,0,older
technician,married,secondary,no,4459,no,no,cellular,12,oct,5,120,1,success,0,young
technician,married,tertiary,no,-169,no,no,cellular,12,aug,4,-1,0,unknown,0,young
retired,married,secondary,no,28423,no,no,cellular,24,mar,1,94,4,success,1,older
management,divorced,tertiary,no,1678,no,no,unknown,12,may,1,-1,0,unknown,0,young
management,married,tertiary,no,3236,yes,no,cellular,21,jul,1,-1,0,unknown,0,young
technician,divorced,secondary,no,-66,no,no,unknown,14,jul,2,-1,0,unknown,0,older
technician,married,secondary,no,2550,yes,no,cellular,19,may,3,146,1,failure,0,older
student,single,secondary,no,1418,yes,no,unknown,12,apr,1,-1,0,unknown,1,young
blue-collar,married,secondary,no,1642,no,no,cellular,18,jul,1,-1,0,unknown,0,older
blue-collar,single,primary,no,-45,yes,no,unknown,10,may,1,-1,0,unknown,0,young
housemaid,divorced,primary,yes,30,no,no,unknown,7,jul,2,-1,0,unknown,0,older
blue-collar,married,secondary,no,118,no,no,cellular,4,feb,1,103,1,failure,0,young
entrepreneur,married,secondary,no,-144,yes,no,unknown,9,may,3,-1,0,unknown,0,young
retired,married,secondary,no,2849,no,no,telephone,8,jun,1,-1,0,unknown,1,older
student,single,secondary,no,368,no,no,cellular,29,mar,3,92,2,other,1,young
blue-collar,divorced,primary,yes,-692,yes,yes,unknown,22,jun,14,-1,0,unknown,0,young
blue-collar,single,primary,no,3715,no,no,cellular,8,sep,14,0,0,unknown,1,young
technician,single,tertiary,no,27,no,no,cellular,18,aug,2,-1,0,unknown,0,young
admin.,divorced,secondary,no,284,yes,no,unknown,28,may,1,-1,0,unknown,0,older
housemaid,married,primary,no,642,no,yes,cellular,23,apr,2,125,0,unknown,0,older
technician,married,secondary,no,3533,no,no,cellular,21,jun,4,137,4,failure,0,young
blue-collar,divorced,secondary,no,871,yes,no,cellular,13,jul,2,-1,0,other,0,young
retired,divorced,secondary,no,1691,no,no,telephone,8,jul,5,-1,0,unknown,0,older
management,single,secondary,no,591,yes,no,cellular,16,oct,5,179,4,success,0,young
management,divorced,tertiary,no,223,yes,no,cellular,1,jun,2,-1,0,unknown,0,older
technician,married,tertiary,no,2033,no,no,cellular,15,oct,2,91,1,success,1,young
management,divorced,primary,no,82,yes,no,cellular,18,jul,3,-1,0,unknown,0,older
management,divorced,tertiary,no,-842,yes,no,unknown,14,may,3,-1,0,unknown,0,young
blue-collar,single,primary,no,79,no,no,cellular,7,jul,2,-1,0,unknown,0,young
blue-collar,married,primary,no,124,no,no,unknown,6,may,1,-1,0,unknown,0,older
management,married,tertiary,no,181,no,no,cellular,28,feb,1,-1,0,unknown,0,young
blue-collar,married,secondary,no,219,yes,no,cellular,5,may,2,-1,0,unknown,0,young
management,married,primary,no,2737,yes,no,unknown,2,jun,2,-1,0,unknown,0,older
management,divorced,secondary,no,92,no,no,unknown,13,jun,15,-2,0,unknown,0,older
technician,single,tertiary,no,1874,yes,no,cellular,17,jan,3,395,1,success,0,young
technician,married,secondary,no,605,no,no,telephone,20,nov,5,94,4,failure,0,young
admin.,divorced,secondary,no,668,yes,no,cellular,30,jan,7,341,4,failure,0,young
housemaid,married,primary,no,572,no,no,cellular,14,jul,1,-1,0,unknown,0,older
self-employed,married,primary,yes,-449,no,yes,cellular,15,jul,1,-1,0,unknown,0,young
technician,divorced,secondary,no,2482,no,no,cellular,2,feb,2,-1,0,unknown,0,older
entrepreneur,married,secondary,no,1845,no,no,unknown,19,aug,2,-1,0,unknown,0,older
blue-collar,married,unknown,no,2179,no,no,cellular,3,feb,1,-1,0,unknown,0,older
blue-collar,married,secondary,no,-2601,yes,no,unknown,20,may,15,-1,0,unknown,0,young
services,married,secondary,no,-916,yes,no,unknown,21,may,5,-1,0,unknown,0,older
technician,single,secondary,no,731,no,no,cellular,26,aug,10,-1,0,unknown,0,young
blue-collar,married,secondary,no,-78,yes,no,cellular,4,feb,1,-1,0,failure,0,young
self-employed,divorced,primary,no,148,yes,no,unknown,14,may,3,-1,0,unknown,0,young
student,single,secondary,no,143,no,yes,cellular,4,feb,1,-1,0,unknown,0,older
self-employed,divorced,tertiary,no,12733,no,no,cellular,21,dec,1,100,1,unknown,0,older
admin.,single,secondary,no,4217,no,no,cellular,15,apr,1,-1,0,unknown,1,young
technician,married,secondary,no,364,yes,no,cellular,13,aug,2,-1,2,unknown,0,older
unemployed,divorced,secondary,no,2077,no,no,telephone,29,jul,1,-1,0,unknown,1,older
technician,single,tertiary,no,835,no,no,cellular,31,jan,8,-1,0,unknown,0,older
services,married,secondary,no,53,yes,yes,cellular,20,nov,1,-1,0,unknown,0,young
management,married,tertiary,no,557,yes,no,unknown,12,may,4,-1,0,unknown,0,young
blue-collar,married,primary,yes,487,yes,no,cellular,4,feb,4,257,11,failure,0,older
retired,married,secondary,no,5195,no,no,cellular,21,sep,2,0,0,unknown,1,older
management,married,primary,no,1542,no,no,telephone,17,jul,3,-1,0,unknown,0,older
technician,single,tertiary,no,576,yes,no,cellular,27,dec,2,351,11,other,1,young
technician,married,secondary,no,38,no,yes,cellular,19,aug,4,-1,0,unknown,0,young
admin.,married,secondary,no,1242,no,no,cellular,18,aug,3,188,1,failure,0,young
housemaid,married,secondary,no,1689,no,no,cellular,30,aug,4,-1,10,other,0,older
blue-collar,divorced,secondary,no,12311,yes,no,unknown,16,dec,3,-1,0,unknown,0,young
technician,married,unknown,no,-1024,yes,yes,cellular,29,jul,22,-1,0,unknown,0,older
management,married,tertiary,no,274,no,no,cellular,11,mar,2,-1,0,unknown,1,young
technician,married,secondary,no,-98,yes,no,cellular,2,feb,1,273,1,other,0,older
management,married,tertiary,no,4464,yes,no,cellular,20,nov,4,-1,0,unknown,0,young
technician,divorced,secondary,no,478,yes,no,cellular,14,may,1,-1,0,unknown,0,young
services,divorced,secondary,no,2426,yes,no,unknown,27,may,3,-1,0,unknown,0,older
technician,single,secondary,no,29,no,no,cellular,24,aug,10,-1,0,unknown,0,young
retired,married,primary,no,335,no,no,unknown,13,aug,3,-1,0,unknown,0,older
management,married,primary,no,114,no,no,cellular,20,jul,2,-1,0,unknown,0,older
blue-collar,married,primary,no,236,yes,no,unknown,7,may,2,-1,0,unknown,0,young
blue-collar,married,secondary,no,-5,yes,no,cellular,14,may,3,-1,0,unknown,0,older
technician,married,secondary,no,1071,no,no,cellular,6,aug,1,-1,0,unknown,0,older
retired,married,primary,no,-743,yes,no,unknown,12,may,1,-1,0,unknown,0,older
technician,divorced,secondary,no,-61,yes,no,unknown,12,jun,2,-1,0,unknown,0,older
blue-collar,married,secondary,no,1309,no,no,cellular,29,apr,3,124,1,other,0,young
self-employed,single,tertiary,no,-183,yes,no,unknown,14,may,3,-1,0,unknown,0,older
housemaid,married,primary,no,890,no,no,cellular,30,jul,3,391,1,unknown,1,older
blue-collar,divorced,tertiary,yes,-40,yes,yes,cellular,25,jul,5,349,1,failure,0,young
self-employed,married,primary,no,1503,yes,no,cellular,5,feb,1,276,1,other,0,older
technician,single,primary,no,3658,yes,no,unknown,4,may,1,-1,0,unknown,0,young
admin.,single,secondary,no,985,no,no,cellular,17,apr,2,-1,0,unknown,0,young
blue-collar,single,secondary,no,66,yes,no,cellular,19,jul,5,-1,0,failure,0,young
retired,married,secondary,no,2536,no,no,telephone,3,feb,2,-1,0,unknown,1,older
technician,single,secondary,no,2424,no,no,cellular,19,oct,1,90,1,success,1,young
technician,married,tertiary,no,-86,yes,yes,cellular,1,feb,2,272,1,other,0,young
retired,married,secondary,no,1187,no,no,telephone,19,sep,3,-1,0,unknown,1,older
technician,married,secondary,no,440,yes,no,unknown,4,jun,6,-1,0,unknown,0,young
admin.,married,secondary,no,584,no,no,cellular,28,apr,1,187,4,failure,1,young
blue-collar,married,secondary,no,2023,yes,no,cellular,13,may,3,353,1,failure,1,young
student,single,secondary,no,107,yes,yes,cellular,15,jul,3,-1,0,unknown,0,young
retired,married,primary,no,6027,no,yes,cellular,3,aug,7,-1,0,unknown,0,older
blue-collar,married,primary,no,1664,no,no,unknown,22,jun,3,-1,0,unknown,0,older
technician,divorced,secondary,no,2918,no,no,cellular,21,jul,2,-1,0,unknown,0,young
technician,married,secondary,no,319,no,no,cellular,7,may,3,-1,0,unknown,0,young
admin.,married,secondary,no,39,yes,yes,cellular,16,jul,3,-1,0,unknown,0,young
blue-collar,married,primary,no,1713,yes,no,unknown,21,may,2,-1,0,unknown,1,older
technician,single,secondary,no,79,no,no,unknown,13,aug,4,-1,0,unknown,0,young
entrepreneur,married,secondary,no,5558,no,no,cellular,18,aug,2,-1,0,unknown,0,young
blue-collar,divorced,secondary,no,1287,yes,no,cellular,13,may,6,-1,4,unknown,0,young
blue-collar,married,primary,no,-58,yes,no,unknown,28,may,2,-1,0,unknown,0,young
technician,single,secondary,no,-2073,yes,no,cellular,29,may,3,-1,0,unknown,0,young
unemployed,married,tertiary,no,852,no,no,cellular,1,jun,2,108,2,other,0,young
blue-collar,married,primary,yes,735,yes,no,cellular,3,may,1,-1,0,unknown,0,young
technician,married,secondary,no,1170,no,no,cellular,2,feb,5,-1,0,unknown,0,young
technician,married,secondary,yes,752,yes,yes,cellular,18,nov,2,-1,0,unknown,0,young
management,divorced,tertiary,no,8247,no,no,cellular,19,nov,3,85,0,unknown,0,older
unknown,divorced,primary,no,670,no,no,unknown,2,jun,1,-1,0,unknown,0,young
management,single,secondary,no,181,yes,no,cellular,13,may,3,-1,0,unknown,0,young
blue-collar,married,secondary,no,5241,no,no,telephone,20,oct,1,-1,0,unknown,0,young
technician,married,secondary,no,1375,yes,no,cellular,12,may,6,356,10,failure,0,young
blue-collar,married,primary,no,4191,yes,no,cellular,12,may,3,346,1,failure,0,older
technician,married,secondary,no,-62,no,no,cellular,13,aug,1,-1,0,unknown,0,young
technician,divorced,secondary,no,2372,yes,no,cellular,14,oct,3,150,1,success,0,older
management,divorced,tertiary,no,-103,yes,no,cellular,8,apr,1,-1,0,unknown,0,young
entrepreneur,divorced,tertiary,no,-1,yes,no,unknown,14,may,1,-1,0,unknown,0,young
services,married,tertiary,no,1220,yes,no,cellular,5,jul,2,-1,0,unknown,0,young
blue-collar,married,primary,no,941,no,no,telephone,4,may,1,-1,0,unknown,0,older
management,divorced,tertiary,no,-369,yes,no,cellular,11,apr,3,341,1,failure,1,young
blue-collar,married,unknown,no,2949,yes,no,unknown,13,may,5,-1,0,unknown,0,young
blue-collar,married,primary,no,205,no,no,telephone,19,nov,3,-1,0,unknown,0,older
management,married,tertiary,no,772,yes,yes,unknown,15,may,2,-1,0,unknown,0,older
blue-collar,married,primary,no,1369,no,no,cellular,24,aug,1,-1,0,unknown,0,older
services,married,secondary,no,-146,yes,no,unknown,14,may,1,-1,0,unknown,0,young
entrepreneur,married,secondary,no,1317,no,no,cellular,29,jan,7,96,1,success,0,older
management,married,secondary,yes,-104,yes,no,unknown,8,may,1,-1,0,unknown,0,young
unemployed,divorced,secondary,yes,-154,no,yes,cellular,9,jul,9,-1,0,unknown,0,young
technician,married,secondary,no,594,yes,no,cellular,11,aug,4,-1,0,unknown,0,young
blue-collar,married,secondary,no,-247,yes,no,cellular,12,may,1,348,10,other,0,older
blue-collar,married,primary,no,-338,yes,no,telephone,9,jul,2,-1,0,unknown,0,older
blue-collar,married,secondary,yes,-105,yes,yes,cellular,12,jul,1,345,2,failure,0,young
management,single,secondary,no,3155,no,no,cellular,20,nov,4,115,1,failure,0,young
retired,married,primary,no,6240,no,no,telephone,6,oct,1,115,1,failure,1,older
services,divorced,secondary,no,32,yes,no,cellular,17,jun,1,-1,0,failure,0,young
blue-collar,single,secondary,yes,-207,no,no,cellular,15,jul,4,-1,0,unknown,0,young
blue-collar,married,secondary,no,186,yes,yes,unknown,17,may,4,-1,0,unknown,0,young
blue-collar,single,primary,no,180,no,no,unknown,3,may,2,-1,0,unknown,0,young
technician,married,tertiary,no,246,no,no,cellular,29,jan,1,-1,0,unknown,0,older
services,married,secondary,no,1163,no,no,cellular,8,apr,1,-1,0,unknown,0,older
management,married,secondary,no,63,yes,no,unknown,21,jun,2,-1,0,unknown,0,young
management,married,tertiary,no,3059,no,no,cellular,21,sep,4,89,4,unknown,0,young
management,divorced,tertiary,yes,-532,yes,no,unknown,10,may,13,-1,0,unknown,0,young
management,married,unknown,no,477,no,no,cellular,14,may,5,189,1,failure,0,older
retired,married,primary,no,2276,yes,no,cellular,18,apr,3,-2,0,unknown,0,older
blue-collar,married,unknown,no,153,no,no,unknown,5,jun,1,-2,0,unknown,0,older
retired,married,primary,yes,16842,no,no,telephone,23,nov,1,-1,0,unknown,0,older
management,divorced,tertiary,no,-702,no,no,cellular,24,oct,3,-1,0,unknown,0,young
retired,divorced,tertiary,no,2055,no,no,telephone,21,mar,3,186,1,other,0,older
self-employed,married,primary,no,-65,yes,no,unknown,5,jun,2,-1,0,unknown,0,young
blue-collar,married,secondary,no,64,no,no,cellular,5,aug,4,-1,0,unknown,0,older
technician,single,tertiary,no,2623,no,no,cellular,23,jan,4,-1,0,unknown,0,young
management,divorced,tertiary,no,-209,no,no,cellular,15,jul,1,-1,0,unknown,0,older
management,married,tertiary,no,-84,yes,no,unknown,13,may,2,-1,0,unknown,0,older
management,divorced,tertiary,no,-81,yes,no,unknown,22,may,2,-1,0,unknown,0,young
blue-collar,married,tertiary,yes,2755,no,no,cellular,2,feb,7,273,3,failure,0,older
blue-collar,divorced,secondary,no,661,yes,no,telephone,4,may,1,-1,0,unknown,0,older
technician,single,tertiary,no,1598,yes,no,unknown,21,feb,3,-2,0,unknown,0,young
blue-collar,married,secondary,no,34,yes,no,cellular,24,may,1,-1,0,unknown,0,young
management,married,tertiary,no,2081,no,no,unknown,22,jul,4,-1,0,unknown,0,young
technician,divorced,secondary,no,-7,yes,no,unknown,14,jul,3,-1,0,unknown,0,young
retired,married,secondary,no,708,no,yes,unknown,21,jun,3,-1,0,unknown,0,older
unknown,married,secondary,no,-542,yes,no,unknown,11,may,1,-1,0,unknown,0,young
unemployed,divorced,secondary,no,66,yes,no,cellular,0,nov,1,-1,0,unknown,0,older
unemployed,divorced,tertiary,no,-20,yes,yes,cellular,5,jul,7,270,1,success,0,young
unemployed,married,secondary,no,27,yes,no,cellular,20,may,16,-1,0,unknown,0,young
unemployed,divorced,secondary,no,1069,yes,no,telephone,20,nov,3,127,1,failure,0,young
student,single,secondary,no,308,no,no,cellular,17,aug,1,-1,0,unknown,0,young
blue-collar,married,primary,no,572,yes,no,cellular,20,nov,4,-1,0,unknown,0,older
blue-collar,divorced,secondary,no,888,yes,yes,cellular,18,jul,9,-1,0,unknown,0,young
blue-collar,divorced,primary,no,766,yes,no,cellular,12,sep,1,-1,0,unknown,1,older
technician,single,secondary,yes,-142,yes,no,cellular,17,aug,1,-1,0,unknown,0,young
management,single,tertiary,yes,-26,no,yes,cellular,19,aug,2,353,0,unknown,0,young
blue-collar,married,secondary,no,4021,yes,no,cellular,15,apr,2,352,2,failure,0,young
services,single,secondary,no,-51,yes,no,cellular,20,aug,3,-1,0,unknown,0,young
technician,divorced,secondary,no,3392,no,no,cellular,17,jun,2,-1,0,unknown,1,older
technician,married,secondary,no,1458,yes,no,unknown,30,may,3,-1,0,unknown,0,young
admin.,married,secondary,yes,-122,no,no,unknown,5,jun,2,-1,0,unknown,0,young
unknown,married,unknown,no,2570,no,no,cellular,23,jul,2,-1,0,unknown,1,older
services,married,secondary,no,702,no,no,unknown,14,jun,2,-1,0,unknown,0,older
blue-collar,married,secondary,no,156,yes,no,cellular,12,feb,1,-1,0,unknown,0,older
blue-collar,single,secondary,yes,865,no,yes,cellular,8,jul,2,-1,0,unknown,0,older
management,divorced,tertiary,no,-89,yes,no,unknown,28,jun,4,-1,0,unknown,0,young
technician,married,secondary,no,193,no,no,cellular,2,feb,1,-1,0,unknown,0,older
blue-collar,married,unknown,no,4770,no,no,cellular,20,nov,1,109,4,failure,0,older
unemployed,single,tertiary,no,290,yes,no,cellular,15,apr,1,354,1,failure,0,young
technician,single,secondary,no,69,yes,no,unknown,24,jun,3,-1,0,unknown,0,young
blue-collar,divorced,secondary,no,164,yes,no,cellular,12,oct,3,178,1,success,0,young
housemaid,married,secondary,no,2566,no,no,cellular,10,feb,2,150,1,success,0,young
blue-collar,married,primary,no,1510,yes,no,unknown,12,may,15,-1,0,unknown,0,older
self-employed,divorced,tertiary,no,26,no,no,unknown,13,may,3,-1,0,unknown,0,young
blue-collar,married,secondary,no,2231,no,yes,cellular,9,jul,1,-1,0,unknown,0,older
technician,married,secondary,no,1751,no,no,cellular,28,may,2,-1,0,unknown,0,older
management,married,tertiary,no,89,yes,no,cellular,16,apr,1,388,0,unknown,0,older
management,single,secondary,no,60,yes,no,unknown,16,may,4,-1,0,unknown,0,young
management,divorced,tertiary,no,16453,yes,no,cellular,20,nov,2,124,1,failure,0,young
blue-collar,married,secondary,no,1885,no,yes,cellular,19,jul,10,-1,0,unknown,0,older
retired,single,tertiary,no,4062,no,no,cellular,10,oct,1,-1,0,unknown,1,young
management,divorced,tertiary,no,20569,yes,no,cellular,17,apr,2,175,1,failure,0,young
management,single,tertiary,no,2665,no,no,cellular,13,mar,4,-1,0,unknown,1,young
technician,married,secondary,no,-144,no,no,cellular,29,aug,4,-1,0,unknown,0,older
housemaid,married,primary,yes,471,no,no,unknown,10,jun,1,-1,0,unknown,0,older
blue-collar,single,secondary,no,-668,yes,no,unknown,13,may,3,-1,0,unknown,0,young
management,single,tertiary,no,-6,no,no,unknown,19,jun,2,-2,0,unknown,0,young
management,divorced,unknown,no,506,yes,no,cellular,21,nov,5,344,1,failure,0,young
retired,married,secondary,no,2554,no,no,telephone,9,jul,1,-1,0,unknown,0,older
technician,married,secondary,no,-1023,no,no,cellular,28,aug,4,-1,0,unknown,0,young
admin.,single,secondary,no,2094,no,no,cellular,27,jun,1,408,1,unknown,1,young
student,single,secondary,no,10353,no,no,cellular,22,may,1,180,6,unknown,1,young
management,divorced,tertiary,no,2030,yes,no,cellular,28,jan,2,257,1,failure,0,young
blue-collar,divorced,secondary,no,143,yes,no,unknown,13,may,2,-1,0,unknown,0,older
entrepreneur,married,secondary,yes,578,yes,yes,unknown,27,may,1,-1,0,unknown,0,young
blue-collar,married,primary,no,-88,yes,no,unknown,2,jun,3,-1,0,unknown,0,older
technician,married,secondary,no,1472,yes,no,cellular,2,jun,3,-1,0,unknown,0,young
blue-collar,married,primary,no,177,yes,no,cellular,17,may,5,331,7,other,0,older
admin.,single,secondary,no,3088,yes,no,cellular,22,apr,3,-1,0,unknown,0,young
blue-collar,married,primary,no,922,no,no,cellular,4,jun,1,109,4,failure,0,young
blue-collar,married,secondary,no,236,yes,no,unknown,12,may,2,-1,0,unknown,0,young
technician,married,secondary,no,95,yes,no,unknown,4,jun,3,-1,0,unknown,0,older
technician,single,tertiary,no,1049,no,no,telephone,19,nov,4,99,6,unknown,0,young
technician,divorced,secondary,no,-620,yes,no,unknown,24,may,4,-1,0,unknown,0,young
management,divorced,tertiary,no,2191,yes,no,cellular,20,oct,5,94,4,success,0,young
student,single,secondary,no,11,yes,no,cellular,11,may,2,343,6,success,0,young
blue-collar,married,primary,no,-511,yes,no,unknown,11,may,4,-1,0,unknown,0,older
management,divorced,primary,no,330,no,no,telephone,29,jan,5,92,2,failure,0,older
technician,married,tertiary,no,4409,no,no,unknown,20,jun,2,-1,0,unknown,1,older
management,married,secondary,no,17,no,yes,cellular,13,jul,3,-1,0,unknown,0,older
blue-collar,divorced,secondary,no,-28,yes,no,unknown,11,jun,2,-1,0,unknown,0,young
technician,divorced,secondary,no,798,yes,no,cellular,4,feb,2,-1,0,unknown,1,young
blue-collar,married,primary,no,-1,yes,no,cellular,14,may,5,341,1,failure,0,young
entrepreneur,married,secondary,yes,2771,yes,yes,cellular,4,feb,2,-1,0,unknown,0,young
self-employed,married,tertiary,no,243,yes,no,unknown,4,jun,2,-1,0,unknown,0,older
self-employed,married,secondary,no,1193,yes,no,cellular,17,nov,1,-1,0,unknown,0,older
blue-collar,divorced,secondary,no,34,no,no,cellular,21,feb,1,180,10,success,0,young
retired,married,primary,no,3322,no,no,telephone,3,aug,7,-2,0,unknown,0,older
admin.,married,secondary,no,-52,no,no,cellular,14,jul,4,-1,0,unknown,0,young
blue-collar,divorced,primary,no,463,yes,no,unknown,9,may,2,-1,0,unknown,0,older
technician,single,secondary,no,-23,no,no,cellular,18,aug,4,-1,0,unknown,0,young
services,divorced,secondary,no,3290,yes,no,cellular,17,nov,1,-1,0,unknown,0,older
blue-collar,married,unknown,yes,-68,yes,no,cellular,1,jul,7,-1,0,unknown,0,older
entrepreneur,divorced,secondary,no,1788,yes,no,unknown,19,nov,1,-1,0,unknown,0,older
technician,married,secondary,no,2498,yes,no,cellular,29,may,7,255,4,failure,0,young
self-employed,married,tertiary,no,4486,yes,no,cellular,4,feb,2,268,1,failure,0,older
management,married,tertiary,no,44,no,no,cellular,6,aug,1,-1,0,unknown,0,young
blue-collar,married,secondary,no,997,yes,no,cellular,13,apr,3,342,1,other,1,young
management,married,tertiary,no,4322,yes,no,cellular,12,apr,2,-1,0,unknown,0,older
blue-collar,married,primary,no,501,yes,yes,unknown,13,may,4,-1,0,unknown,0,young
technician,married,secondary,no,-513,yes,no,cellular,30,jul,7,-1,0,unknown,0,young
blue-collar,married,primary,no,-278,yes,no,unknown,12,may,3,-1,0,unknown,0,young
management,single,tertiary,no,3113,no,no,cellular,22,jul,7,-1,0,unknown,0,young
blue-collar,single,primary,no,2108,yes,no,cellular,16,jul,4,-1,0,unknown,0,young
technician,single,secondary,no,5118,no,no,cellular,22,jul,1,128,2,success,1,young
blue-collar,married,secondary,no,334,no,no,cellular,21,nov,6,-1,0,unknown,0,young
technician,single,tertiary,no,617,no,no,unknown,23,jun,1,-1,0,unknown,0,older
unemployed,married,secondary,no,3421,no,no,cellular,1,feb,2,-1,0,unknown,1,older
management,single,tertiary,no,137,no,no,cellular,29,jul,1,91,3,other,1,young
entrepreneur,divorced,secondary,no,1609,yes,no,cellular,10,may,2,348,1,failure,1,young
technician,divorced,secondary,no,334,yes,no,unknown,15,may,5,-1,0,unknown,0,older
student,single,secondary,no,16,yes,no,cellular,14,may,1,-1,0,unknown,0,young
entrepreneur,divorced,tertiary,no,1495,yes,no,cellular,11,may,2,343,1,failure,0,older
blue-collar,single,unknown,yes,-558,yes,no,unknown,6,may,3,-1,0,unknown,0,young
technician,single,tertiary,no,934,no,no,cellular,6,may,1,-1,0,unknown,0,young
technician,single,secondary,no,-15,yes,no,cellular,23,apr,4,350,4,failure,0,young
retired,married,secondary,no,301,no,no,cellular,4,dec,3,-1,0,unknown,0,older
technician,single,secondary,no,96,no,no,cellular,29,aug,10,-1,0,unknown,0,young
management,single,tertiary,no,2628,no,no,cellular,6,sep,2,-1,0,unknown,1,young
technician,married,secondary,no,2630,yes,no,unknown,14,may,3,-1,0,unknown,0,older
blue-collar,married,tertiary,no,570,yes,no,telephone,22,jul,2,-1,0,unknown,0,older
blue-collar,married,primary,no,546,no,no,telephone,20,aug,13,-1,0,unknown,0,older
blue-collar,married,unknown,no,-471,yes,no,unknown,20,may,10,-1,0,unknown,0,young
entrepreneur,married,unknown,no,2925,no,no,telephone,21,oct,2,-1,0,unknown,0,older
technician,single,secondary,no,440,no,no,unknown,20,may,3,-1,0,unknown,0,young
technician,divorced,secondary,no,850,no,no,unknown,30,may,1,-1,0,unknown,0,older
management,divorced,tertiary,no,4590,yes,no,cellular,30,may,1,-1,1,other,0,older
management,divorced,secondary,no,169,no,no,cellular,20,nov,1,-1,0,unknown,0,older
technician,single,secondary,no,-1,yes,yes,cellular,23,jul,3,-1,0,unknown,0,young
technician,single,tertiary,no,-146,no,no,cellular,22,jun,4,-1,0,unknown,0,young
blue-collar,divorced,secondary,no,-279,yes,no,unknown,14,may,1,-1,0,unknown,0,young
blue-collar,divorced,secondary,no,-2786,yes,no,unknown,13,may,1,-1,0,unknown,0,young
technician,single,unknown,no,711,no,no,cellular,20,dec,2,-1,0,unknown,0,older
technician,single,secondary,no,-273,yes,no,cellular,19,may,1,-1,0,unknown,0,young
technician,married,secondary,no,27,no,no,cellular,18,feb,1,-1,0,unknown,1,young
unemployed,married,secondary,no,-355,yes,no,unknown,16,may,3,-1,0,unknown,0,older
unemployed,married,unknown,no,2843,no,no,cellular,6,aug,7,-1,0,unknown,0,older
admin.,married,secondary,no,43,yes,no,unknown,11,may,3,-1,0,unknown,0,young
technician,married,unknown,no,3923,yes,no,cellular,8,jul,2,-1,0,unknown,0,older
blue-collar,divorced,primary,no,-108,no,no,unknown,6,jun,1,-1,0,unknown,0,older
blue-collar,married,secondary,no,59,yes,no,cellular,16,may,1,415,2,failure,0,older
blue-collar,married,secondary,no,1619,no,no,telephone,14,jul,10,-1,0,unknown,0,older
management,married,tertiary,no,-13,no,no,cellular,22,aug,4,-1,0,unknown,0,young
management,married,tertiary,no,4018,no,no,cellular,13,aug,2,-1,0,unknown,0,young
management,divorced,primary,no,1062,no,no,cellular,8,aug,2,-1,0,unknown,0,older
technician,married,primary,no,2416,yes,no,cellular,12,apr,1,355,0,failure,0,young
unknown,divorced,unknown,no,166,no,no,unknown,17,may,1,-1,0,unknown,0,older
unemployed,single,secondary,no,815,no,no,cellular,3,feb,7,94,1,failure,0,young
management,single,tertiary,no,-127,yes,no,unknown,14,may,1,-1,0,unknown,0,young
retired,married,primary,no,1366,yes,yes,cellular,12,jul,2,-1,0,unknown,0,older
blue-collar,married,primary,no,-16,no,no,cellular,21,apr,2,-1,0,unknown,0,older
blue-collar,single,primary,no,-11,yes,no,unknown,21,may,1,-1,0,unknown,0,young
entrepreneur,married,secondary,no,-563,yes,yes,cellular,7,may,3,-1,0,unknown,0,older
management,married,tertiary,no,3798,no,no,unknown,4,jun,2,-1,0,unknown,0,older
technician,single,secondary,no,345,no,no,cellular,30,jan,2,-1,0,unknown,0,young
blue-collar,divorced,secondary,no,1360,yes,no,cellular,7,jul,3,-1,0,unknown,0,older
technician,married,secondary,yes,175,no,no,cellular,12,aug,7,-1,0,unknown,0,young
blue-collar,married,primary,no,-116,no,no,cellular,8,jun,1,-1,0,unknown,0,young
blue-collar,married,secondary,no,56,no,no,cellular,12,may,2,-1,0,unknown,0,young
retired,married,primary,no,-43,no,no,unknown,8,jun,2,-1,0,unknown,0,older
blue-collar,divorced,primary,yes,-604,no,no,cellular,12,jul,6,-1,0,unknown,0,young
technician,divorced,secondary,no,703,no,no,cellular,19,nov,1,-1,0,unknown,0,young
technician,married,secondary,no,733,yes,no,cellular,22,may,4,185,0,unknown,0,young
technician,married,secondary,no,-77,no,no,cellular,2,jun,15,-1,0,unknown,0,older
technician,divorced,secondary,no,240,no,no,unknown,12,jun,3,-1,0,unknown,0,older
blue-collar,married,secondary,no,1714,yes,no,unknown,13,may,2,-1,0,unknown,0,young
management,married,primary,no,6372,yes,no,cellular,20,nov,1,-1,0,unknown,1,older
services,married,secondary,no,1739,no,no,unknown,4,jul,1,-1,0,unknown,1,older
technician,married,secondary,no,2407,no,no,cellular,24,aug,7,-1,0,unknown,0,older
blue-collar,divorced,secondary,no,685,yes,no,cellular,13,may,5,348,10,other,0,older
management,married,tertiary,no,8211,yes,no,cellular,22,nov,5,350,1,failure,0,young
retired,married,secondary,no,1530,no,yes,telephone,18,jul,1,98,4,success,1,older
blue-collar,divorced,secondary,no,-128,yes,yes,unknown,17,may,16,-1,0,unknown,0,young
technician,married,secondary,no,445,yes,no,cellular,19,apr,5,123,10,other,0,young
technician,divorced,secondary,no,96,no,no,cellular,4,aug,6,0,0,unknown,0,young
student,single,secondary,no,2161,yes,no,cellular,11,oct,1,137,1,other,1,young
blue-collar,married,secondary,no,286,yes,no,cellular,4,aug,4,-1,0,unknown,0,older
blue-collar,married,primary,no,515,yes,no,unknown,14,may,2,-1,0,unknown,0,older
technician,married,secondary,no,1266,no,no,cellular,29,aug,4,136,4,unknown,0,older
services,married,secondary,no,-14,yes,no,unknown,7,may,9,-1,0,unknown,0,young
management,divorced,secondary,no,7852,no,no,telephone,21,nov,2,92,1,success,1,older
self-employed,married,tertiary,no,228,yes,no,cellular,20,jul,2,-1,0,unknown,0,young
services,married,secondary,no,0,no,no,cellular,3,feb,4,-1,0,unknown,0,young
admin.,married,secondary,no,723,yes,no,cellular,15,oct,1,102,10,success,1,young
technician,married,secondary,no,6141,no,no,cellular,18,nov,7,94,6,success,1,young
blue-collar,divorced,secondary,no,-135,yes,no,unknown,7,may,2,-1,0,unknown,0,older
management,married,primary,no,224,yes,no,unknown,2,may,2,0,0,unknown,0,older
technician,married,primary,no,1337,no,yes,cellular,20,jul,3,-1,0,unknown,0,older
blue-collar,married,secondary,yes,-102,no,no,cellular,5,jul,1,-1,0,unknown,0,young
blue-collar,divorced,primary,no,2197,no,no,cellular,13,dec,1,192,1,failure,0,older
services,married,secondary,no,-176,yes,no,unknown,26,may,1,-1,0,unknown,0,young
blue-collar,married,secondary,no,232,no,yes,cellular,22,jul,3,-1,0,unknown,0,young
self-employed,divorced,secondary,no,2913,yes,no,cellular,21,apr,3,182,1,failure,1,older
unemployed,married,secondary,no,535,no,no,unknown,4,may,1,-1,0,unknown,0,older
services,married,primary,no,132,yes,no,cellular,15,apr,1,-2,0,unknown,0,older
blue-collar,single,unknown,no,4966,yes,no,telephone,18,nov,5,351,11,other,0,older
unemployed,married,secondary,no,2883,no,no,cellular,4,jun,1,-1,2,unknown,1,young
blue-collar,married,secondary,no,240,yes,no,cellular,15,may,1,-1,0,unknown,0,young
retired,married,unknown,no,3321,no,no,telephone,5,jun,7,-1,0,unknown,0,older
unemployed,divorced,tertiary,no,-413,yes,no,unknown,21,may,1,-1,0,unknown,0,young
housemaid,married,secondary,no,152,yes,no,unknown,15,may,3,-1,0,unknown,0,older
blue-collar,single,secondary,no,1052,no,no,cellular,16,oct,1,188,4,success,1,young
blue-collar,married,primary,no,686,yes,no,unknown,23,may,1,-1,0,unknown,0,young
admin.,married,tertiary,no,124,yes,no,unknown,18,may,4,-1,0,unknown,0,young
management,divorced,tertiary,no,-1209,yes,no,unknown,8,may,1,-1,0,unknown,0,young
self-employed,married,secondary,no,912,no,no,cellular,20,aug,2,-1,0,unknown,0,older
blue-collar,married,primary,no,737,no,no,unknown,11,jun,1,-1,0,unknown,0,older
housemaid,divorced,secondary,no,824,no,no,cellular,16,jul,4,-1,0,unknown,0,older
admin.,single,secondary,no,5049,yes,no,cellular,24,may,3,174,1,success,1,young
unemployed,single,secondary,no,1411,no,no,cellular,13,jul,1,-1,0,unknown,0,young
services,single,secondary,no,-88,yes,no,unknown,11,may,3,-1,0,unknown,0,young
management,divorced,tertiary,no,32,no,yes,unknown,4,jun,1,-2,0,unknown,0,young
self-employed,divorced,tertiary,no,1,yes,no,cellular,13,may,1,-2,0,unknown,0,older
retired,married,secondary,no,5306,no,no,telephone,3,mar,1,-1,0,unknown,0,older
blue-collar,single,secondary,no,781,no,yes,cellular,5,may,2,-1,0,unknown,0,young
housemaid,married,secondary,no,165,no,yes,cellular,27,jul,4,-1,0,unknown,0,older
management,married,tertiary,no,43,no,no,unknown,6,jun,1,-1,0,unknown,0,older
services,married,secondary,no,142,yes,yes,cellular,21,jul,1,-1,0,unknown,0,young
technician,married,unknown,yes,-57,no,no,unknown,6,jun,1,-1,0,unknown,0,older
technician,divorced,secondary,no,2684,no,no,cellular,16,jul,2,-1,0,unknown,1,young
services,married,secondary,yes,1980,yes,yes,unknown,19,jun,3,-1,0,unknown,0,young
blue-collar,married,unknown,no,284,yes,no,cellular,28,jan,3,261,1,failure,0,young
technician,single,secondary,no,4058,no,no,unknown,18,jun,3,-1,0,unknown,1,young
blue-collar,married,primary,no,-70,yes,no,unknown,1,jun,3,-1,0,unknown,0,young
unknown,married,secondary,no,241,no,no,unknown,3,jun,1,-1,0,unknown,0,older
services,married,secondary,no,846,yes,no,cellular,13,may,1,-1,0,unknown,0,young
management,married,tertiary,no,1943,no,no,cellular,6,jul,2,-1,0,unknown,1,young
technician,married,secondary,no,607,no,no,cellular,20,aug,4,0,0,unknown,0,young
technician,single,secondary,no,2138,yes,no,cellular,19,nov,2,-1,1,failure,0,young
blue-collar,married,secondary,no,558,no,no,cellular,3,feb,10,-1,0,unknown,0,young
blue-collar,married,secondary,no,109,no,yes,cellular,18,jul,1,-1,0,other,0,older
services,divorced,secondary,no,1361,yes,no,cellular,22,nov,1,-1,0,unknown,0,young
blue-collar,divorced,primary,no,-73,yes,no,unknown,20,may,3,-1,0,unknown,0,young
retired,married,primary,no,1517,no,no,telephone,2,feb,1,-2,0,unknown,1,older
blue-collar,married,secondary,no,91,yes,no,unknown,28,may,2,-1,0,unknown,0,older
blue-collar,married,primary,no,3845,yes,no,unknown,19,may,1,-1,0,unknown,0,older
technician,married,secondary,no,396,no,no,cellular,14,aug,5,-1,0,unknown,0,young
technician,married,secondary,no,33,no,no,unknown,2,jun,1,-1,0,unknown,1,young
retired,married,tertiary,no,710,no,no,telephone,22,sep,2,-1,0,unknown,1,older
blue-collar,married,secondary,yes,969,yes,yes,cellular,6,jul,1,279,1,failure,0,older
blue-collar,divorced,secondary,no,1064,yes,no,cellular,13,mar,3,346,11,other,1,young
services,divorced,secondary,no,-166,yes,no,unknown,14,may,15,-1,0,unknown,0,older
admin.,married,primary,yes,253,no,no,telephone,5,oct,1,-1,0,other,0,older
technician,married,secondary,no,35,yes,no,unknown,15,may,1,-1,0,unknown,0,young
technician,single,secondary,no,4085,yes,no,telephone,20,jul,4,-1,0,unknown,0,young
management,married,tertiary,no,77,no,no,cellular,23,aug,2,-1,0,unknown,0,young
entrepreneur,married,tertiary,no,177,no,no,cellular,18,jul,2,-1,0,unknown,0,older
services,single,secondary,no,225,no,no,cellular,6,may,1,-1,0,unknown,0,young
admin.,single,secondary,no,-56,no,no,cellular,21,nov,2,-1,0,unknown,0,young
management,single,tertiary,no,98,no,no,cellular,14,aug,10,-1,0,unknown,0,young
technician,married,primary,no,151,no,no,telephone,6,feb,1,-1,0,unknown,0,older
management,married,primary,no,81,no,no,unknown,19,may,4,-1,0,unknown,0,young
technician,married,tertiary,no,742,no,no,cellular,18,nov,5,99,1,failure,0,older
self-employed,divorced,primary,no,2791,yes,no,cellular,11,apr,2,387,1,failure,0,older
self-employed,divorced,tertiary,no,670,no,no,telephone,15,oct,1,-1,0,unknown,0,young
management,married,secondary,no,6570,yes,no,cellular,14,jul,7,-1,0,unknown,0,young
unknown,divorced,unknown,no,50,no,no,cellular,19,nov,4,-1,0,unknown,0,older
services,married,secondary,no,-67,yes,no,unknown,13,may,3,345,1,other,0,young
blue-collar,divorced,primary,no,649,yes,no,cellular,24,apr,4,-1,0,unknown,0,young
self-employed,married,secondary,no,1206,no,no,cellular,13,nov,2,-1,0,unknown,0,young
management,married,tertiary,no,410,no,no,cellular,25,mar,1,-1,0,unknown,1,older
services,divorced,secondary,no,1,yes,no,unknown,29,may,16,-1,0,unknown,0,older
blue-collar,married,secondary,no,116,no,no,cellular,13,jul,1,0,0,unknown,0,young
admin.,divorced,secondary,no,13583,no,no,cellular,17,nov,1,133,11,other,0,young
blue-collar,married,primary,no,4524,yes,yes,cellular,14,jul,2,-1,0,unknown,0,older
management,married,primary,no,3387,no,no,cellular,16,jun,1,-1,0,unknown,0,young
technician,single,secondary,yes,-196,no,no,cellular,19,nov,1,0,0,unknown,0,young
management,divorced,tertiary,no,545,no,no,cellular,3,aug,5,-1,0,unknown,0,young
retired,single,primary,no,2933,no,no,unknown,13,sep,1,-1,0,unknown,1,older
management,divorced,tertiary,no,-432,yes,no,cellular,8,apr,1,-1,0,unknown,0,young
blue-collar,divorced,primary,yes,128,yes,yes,cellular,14,jul,4,-1,0,unknown,0,older
retired,married,secondary,no,4111,no,no,cellular,15,jul,1,-1,0,unknown,1,older
blue-collar,married,secondary,no,2184,yes,no,cellular,5,aug,2,-1,0,unknown,0,older
technician,married,secondary,no,1214,yes,no,unknown,20,apr,1,-1,0,unknown,0,older
technician,divorced,secondary,no,1947,yes,no,unknown,22,may,3,-1,0,unknown,0,young
entrepreneur,married,secondary,no,11316,yes,no,unknown,17,nov,2,-1,0,unknown,0,older
management,married,tertiary,no,21,yes,no,cellular,14,aug,4,-1,0,unknown,0,young
services,divorced,secondary,no,921,yes,no,cellular,11,may,3,275,10,failure,0,young
management,married,primary,no,78,yes,no,cellular,21,may,2,379,0,unknown,0,young
admin.,married,secondary,no,992,yes,no,cellular,14,apr,2,340,2,success,1,young
blue-collar,married,primary,no,-117,yes,no,unknown,20,may,2,-1,0,unknown,0,young
management,married,tertiary,no,-773,yes,no,cellular,30,jan,1,97,1,failure,1,older
retired,married,primary,no,2837,no,no,telephone,21,aug,1,-1,0,unknown,1,older
technician,divorced,tertiary,no,943,no,no,cellular,28,jan,7,132,1,failure,0,young
services,single,secondary,no,748,no,no,cellular,28,aug,3,-1,0,unknown,0,young
blue-collar,divorced,secondary,no,83,yes,no,cellular,28,apr,3,-1,0,unknown,0,young
management,single,tertiary,no,-99,yes,yes,cellular,12,jul,4,-1,0,unknown,0,young
unemployed,divorced,secondary,no,-266,yes,no,unknown,26,may,1,-1,0,unknown,0,young
blue-collar,single,secondary,no,-80,yes,no,cellular,15,may,2,-1,0,unknown,0,young
blue-collar,married,secondary,no,53,no,no,cellular,12,jul,2,-1,0,unknown,0,older
management,single,secondary,no,91,yes,no,cellular,15,apr,3,348,2,failure,0,young
blue-collar,married,secondary,no,984,yes,no,unknown,8,may,2,0,0,unknown,0,older
blue-collar,married,secondary,no,202,no,no,cellular,2,jul,1,-1,0,unknown,0,older
housemaid,single,secondary,no,-154,no,no,cellular,21,aug,15,-1,0,unknown,0,young
management,married,tertiary,no,716,no,no,cellular,9,aug,4,-1,0,unknown,0,older
services,divorced,secondary,no,-56,yes,no,cellular,19,may,1,-2,0,unknown,0,young
retired,married,primary,no,440,no,no,cellular,29,may,1,-1,0,unknown,0,older
technician,married,primary,no,-202,yes,no,unknown,20,may,3,-1,1,success,0,older
management,married,primary,no,588,no,no,telephone,5,aug,2,-1,0,unknown,1,older
management,single,tertiary,no,12990,no,no,cellular,19,nov,1,101,4,failure,0,young
technician,single,tertiary,no,261,yes,no,cellular,21,jan,3,66,10,failure,0,young
retired,divorced,secondary,no,97,no,no,cellular,22,sep,7,-1,0,unknown,0,young
admin.,married,secondary,no,3027,yes,yes,unknown,7,may,14,-1,0,unknown,0,young
entrepreneur,married,secondary,no,-131,no,yes,cellular,22,jul,5,-1,0,unknown,0,young
retired,married,primary,no,5268,no,no,telephone,4,jul,1,-1,0,unknown,0,older
management,single,tertiary,no,247,no,no,cellular,31,jan,1,96,1,failure,0,young
technician,married,secondary,no,-59,yes,yes,unknown,21,may,3,-1,0,unknown,0,young
management,married,tertiary,no,511,yes,no,cellular,20,apr,1,90,2,other,0,older
blue-collar,married,secondary,yes,-220,yes,yes,unknown,4,may,2,-1,0,unknown,0,young
management,married,tertiary,no,2052,no,no,unknown,6,may,5,-1,0,unknown,0,older
technician,married,secondary,no,624,no,no,cellular,27,aug,7,-1,0,unknown,0,young
technician,married,secondary,no,2084,yes,no,cellular,18,mar,2,345,1,success,1,young
unknown,married,unknown,no,2171,no,no,unknown,19,jun,2,-1,0,unknown,0,young
technician,married,secondary,no,6962,no,no,cellular,24,apr,3,91,2,success,1,young
technician,married,tertiary,yes,-34,yes,no,unknown,4,jun,1,-1,0,unknown,0,young
technician,married,secondary,no,1405,no,no,cellular,20,nov,4,74,1,failure,0,older
technician,married,secondary,no,41,no,no,cellular,28,mar,2,-1,0,unknown,1,young
blue-collar,single,secondary,no,866,yes,no,cellular,19,may,1,348,6,failure,1,young
student,single,secondary,no,80,no,yes,cellular,22,jul,1,-1,0,unknown,1,young
technician,married,secondary,no,220,yes,yes,cellular,8,jul,4,-1,0,unknown,0,older
admin.,married,secondary,no,380,no,yes,telephone,16,sep,2,-1,0,unknown,1,older
blue-collar,single,secondary,no,233,no,no,cellular,19,jul,2,-1,0,unknown,0,young
technician,married,secondary,no,5014,yes,no,telephone,29,jan,4,-1,0,unknown,0,older
unknown,married,unknown,no,210,no,no,unknown,2,sep,2,-1,0,unknown,1,older
management,married,tertiary,no,46,no,no,cellular,16,jul,1,-1,0,unknown,0,older
housemaid,married,secondary,no,980,no,no,telephone,5,aug,10,-1,0,unknown,0,young
blue-collar,married,primary,no,-71,yes,no,cellular,20,jul,4,-1,0,unknown,0,young
blue-collar,divorced,secondary,no,487,yes,no,cellular,7,may,1,-1,0,unknown,0,young
blue-collar,married,secondary,no,182,yes,no,unknown,11,may,1,-1,0,unknown,0,older
technician,married,secondary,no,1288,no,no,cellular,20,aug,7,139,3,other,0,young
technician,divorced,secondary,no,2298,yes,no,cellular,23,mar,3,117,2,success,1,young
blue-collar,married,secondary,no,144,no,yes,cellular,8,jul,2,-1,0,unknown,1,young
technician,married,secondary,no,142,yes,yes,unknown,4,may,1,368,3,unknown,0,young
technician,married,secondary,no,50,no,no,cellular,5,nov,2,186,1,failure,0,older
technician,married,secondary,no,717,no,no,cellular,20,aug,1,-1,0,unknown,0,young
entrepreneur,single,primary,no,2401,yes,no,cellular,1,jul,3,-1,1,unknown,1,young
housemaid,married,primary,no,1149,no,no,cellular,5,jul,1,-1,0,unknown,0,older
blue-collar,single,secondary,no,5086,yes,no,cellular,20,apr,2,341,10,other,0,young
admin.,married,tertiary,no,23,yes,no,unknown,12,may,1,-1,0,unknown,0,young
self-employed,divorced,tertiary,no,1906,yes,no,cellular,21,aug,4,358,1,failure,0,young
blue-collar,single,secondary,no,1667,yes,no,cellular,11,may,4,344,1,unknown,0,young
management,divorced,tertiary,no,-74,no,no,cellular,14,may,4,98,1,other,0,young
blue-collar,single,secondary,no,25,no,yes,cellular,19,nov,1,-1,0,unknown,0,young
technician,married,secondary,no,1132,no,no,cellular,22,aug,10,-1,0,unknown,0,young
technician,married,secondary,no,1403,no,no,cellular,29,jan,5,121,10,other,0,older
technician,divorced,secondary,no,4581,yes,no,cellular,3,feb,2,267,9,failure,0,young
blue-collar,married,primary,no,387,no,no,unknown,11,jun,2,-1,0,unknown,0,older
technician,married,secondary,no,4286,yes,no,cellular,11,may,2,340,1,failure,0,older
management,divorced,secondary,no,1015,no,no,cellular,28,jan,2,-1,0,unknown,0,young
technician,divorced,secondary,no,659,yes,no,cellular,16,may,4,-1,0,unknown,0,young
technician,divorced,secondary,no,764,no,no,cellular,29,jan,8,-1,8,unknown,0,older
blue-collar,married,primary,no,986,yes,no,cellular,11,may,1,342,1,failure,0,older
technician,married,secondary,no,602,no,no,telephone,19,jul,7,-1,0,unknown,0,older
blue-collar,married,secondary,no,515,no,no,telephone,0,feb,2,-1,0,unknown,0,young
student,single,secondary,no,876,no,no,cellular,3,jun,1,118,1,failure,0,young
technician,divorced,secondary,no,1015,yes,no,cellular,11,jan,1,349,9,failure,0,older
services,married,tertiary,no,3862,yes,no,unknown,17,jun,1,-1,0,unknown,0,young
technician,married,secondary,no,-7,yes,yes,unknown,13,may,4,-1,0,unknown,0,older
management,married,tertiary,no,-23,no,no,unknown,22,jul,4,-1,0,unknown,0,young
blue-collar,married,secondary,no,203,no,no,cellular,26,jul,1,357,6,failure,0,young
student,single,secondary,yes,361,no,no,cellular,3,apr,1,357,1,unknown,0,young
management,divorced,tertiary,no,138,yes,no,cellular,21,aug,3,-1,0,unknown,0,older
technician,married,unknown,no,-495,yes,no,cellular,20,nov,2,-1,0,unknown,0,young
services,single,secondary,no,8464,yes,no,cellular,17,may,2,-1,0,unknown,0,young
services,married,secondary,no,497,no,yes,cellular,15,jul,2,-1,0,unknown,0,young
management,married,tertiary,no,-289,yes,no,cellular,13,may,2,-1,0,unknown,0,young
services,divorced,secondary,yes,-108,yes,no,cellular,21,aug,7,-1,0,unknown,0,young
blue-collar,married,primary,no,909,no,no,unknown,20,jun,1,-1,0,unknown,0,older
management,married,tertiary,no,2054,yes,no,cellular,21,mar,1,101,1,success,1,young
technician,married,secondary,no,643,no,yes,unknown,3,jul,2,-1,0,unknown,0,older
blue-collar,married,primary,no,-1335,yes,no,unknown,25,may,2,-1,0,unknown,0,young
management,married,tertiary,no,6,yes,yes,cellular,19,jul,7,124,4,failure,0,young
technician,married,secondary,no,1757,yes,no,cellular,15,apr,4,-1,9,other,0,young
blue-collar,married,secondary,no,938,no,no,unknown,18,jun,1,-1,0,unknown,0,young
technician,divorced,secondary,no,1374,no,no,cellular,20,nov,6,107,1,other,0,older
admin.,single,secondary,no,-39,no,no,cellular,11,jul,8,-1,0,unknown,0,young
technician,married,secondary,no,1120,yes,no,cellular,13,apr,2,144,1,failure,0,young
retired,married,secondary,no,27977,no,no,cellular,4,sep,1,345,1,failure,0,older
blue-collar,married,primary,no,254,yes,no,unknown,13,may,2,-1,0,unknown,0,older
management,married,primary,no,-109,yes,no,cellular,3,jan,2,259,1,failure,0,older
technician,divorced,secondary,no,954,yes,no,cellular,10,may,1,-1,0,unknown,0,older
blue-collar,married,secondary,no,194,no,no,cellular,14,jul,5,-1,0,unknown,0,young
technician,married,secondary,no,57,no,no,cellular,11,oct,1,98,3,unknown,0,older
blue-collar,married,secondary,no,576,no,no,cellular,11,aug,6,-1,0,unknown,0,older
management,divorced,tertiary,no,661,yes,no,cellular,12,may,1,328,3,failure,0,older
management,married,unknown,no,-157,yes,no,unknown,22,jul,1,-1,0,unknown,0,older
admin.,single,secondary,no,180,no,no,cellular,20,jul,1,-1,0,unknown,0,young
retired,married,unknown,no,1047,no,no,telephone,20,nov,5,-1,0,unknown,0,older
self-employed,married,tertiary,yes,1719,no,no,cellular,19,apr,1,89,6,unknown,0,older
blue-collar,divorced,secondary,no,-163,yes,yes,unknown,11,may,4,-1,0,unknown,0,young
retired,divorced,primary,no,1121,no,no,unknown,21,jun,1,-1,0,unknown,0,older
blue-collar,married,primary,no,2071,no,no,cellular,21,nov,1,-1,0,unknown,0,older
management,married,tertiary,no,126,no,no,cellular,21,aug,4,-1,0,unknown,0,older
blue-collar,married,primary,yes,-781,yes,yes,cellular,30,jul,3,-1,0,unknown,0,older
unemployed,single,secondary,no,11876,yes,no,unknown,16,nov,4,-1,0,unknown,0,young
housemaid,married,secondary,no,6003,no,no,unknown,16,apr,3,-1,0,unknown,1,older
blue-collar,divorced,primary,no,1275,no,no,telephone,10,jul,1,-1,0,unknown,0,older
management,single,tertiary,no,2059,yes,no,telephone,12,jan,2,-1,0,unknown,0,young
blue-collar,single,secondary,no,364,yes,no,unknown,3,may,1,-1,0,unknown,0,young
retired,married,secondary,no,82,yes,no,unknown,14,may,1,-1,0,unknown,0,older
management,married,tertiary,no,2054,yes,yes,cellular,17,jul,4,131,1,failure,0,young
unemployed,divorced,tertiary,no,101,no,no,cellular,18,sep,1,-1,0,unknown,1,young
technician,single,secondary,no,818,no,no,cellular,27,aug,3,179,1,other,0,young
blue-collar,married,primary,no,761,yes,no,cellular,14,may,4,-1,0,unknown,0,older
blue-collar,divorced,secondary,no,4698,yes,no,unknown,22,may,3,-1,0,unknown,0,young
blue-collar,divorced,primary,no,4482,yes,no,cellular,30,jan,2,344,1,failure,0,young
technician,married,secondary,no,1728,yes,no,cellular,17,apr,2,187,4,failure,0,young
blue-collar,married,secondary,no,669,no,no,unknown,11,jun,1,-1,0,unknown,0,young
blue-collar,married,secondary,yes,-54,no,yes,cellular,15,jul,4,-1,0,unknown,0,older
blue-collar,married,secondary,no,86,no,no,cellular,26,mar,2,97,10,success,1,young
blue-collar,married,secondary,yes,310,no,no,cellular,13,aug,2,-1,0,unknown,0,older
technician,married,tertiary,no,-1319,no,no,cellular,17,jan,7,273,10,other,0,young
management,married,tertiary,no,1075,no,no,cellular,16,may,4,-1,0,unknown,0,young
blue-collar,single,primary,no,5,yes,no,unknown,22,may,3,-1,0,unknown,0,young
technician,single,tertiary,no,239,no,no,cellular,13,aug,10,-1,0,unknown,0,older
admin.,single,secondary,no,16620,no,no,cellular,20,nov,3,-1,0,unknown,0,young
management,divorced,secondary,no,1390,no,no,cellular,4,feb,1,334,1,failure,0,older
housemaid,married,tertiary,no,-332,no,no,telephone,20,jan,3,-1,0,unknown,0,older
blue-collar,married,secondary,no,1216,yes,no,unknown,5,jun,1,-1,0,unknown,0,young
technician,married,secondary,no,47,no,yes,cellular,24,jul,5,-1,0,unknown,0,older
blue-collar,divorced,primary,no,445,yes,no,cellular,20,jul,2,-1,0,unknown,0,older
housemaid,married,primary,no,2770,no,no,cellular,17,feb,1,-1,0,unknown,0,older
technician,single,secondary,no,454,yes,no,cellular,17,apr,3,101,4,failure,0,young
technician,married,secondary,yes,338,yes,no,cellular,22,nov,1,-1,0,failure,0,older
blue-collar,married,secondary,no,12,yes,no,cellular,14,may,2,-1,0,unknown,0,young
retired,married,primary,no,497,no,no,telephone,13,oct,1,-1,0,unknown,0,older
blue-collar,married,secondary,no,-132,no,no,cellular,25,may,3,-1,0,other,0,young
retired,married,secondary,no,2267,no,no,telephone,8,aug,1,-2,0,unknown,0,older
admin.,married,secondary,no,-62,yes,no,unknown,12,may,1,-1,0,unknown,0,young
management,single,tertiary,no,742,no,no,cellular,4,aug,3,-1,1,success,0,young
blue-collar,single,primary,no,643,no,no,unknown,4,jun,1,-1,0,unknown,1,young
entrepreneur,married,primary,no,2693,yes,yes,cellular,15,aug,2,-1,0,unknown,0,older
blue-collar,married,secondary,yes,-540,yes,no,telephone,5,may,1,-1,0,unknown,0,young
management,married,tertiary,no,-812,no,no,unknown,19,jun,2,-1,0,unknown,0,older
technician,divorced,secondary,no,-20,no,no,cellular,20,aug,2,-1,0,unknown,1,young
management,divorced,tertiary,no,12344,yes,no,cellular,5,aug,7,-1,0,unknown,0,older
technician,married,secondary,no,1994,no,yes,cellular,6,aug,2,-1,0,unknown,0,older
management,single,tertiary,yes,-58,no,no,cellular,18,nov,7,-1,0,unknown,0,young
technician,married,primary,no,-58,yes,no,unknown,5,may,15,-1,0,unknown,0,young
blue-collar,married,secondary,no,177,no,yes,cellular,20,jul,1,-1,0,unknown,0,young
management,married,primary,no,2059,no,no,cellular,19,jul,3,-1,0,unknown,0,older
self-employed,married,secondary,no,-61,yes,no,unknown,11,may,1,356,1,failure,0,young
technician,divorced,tertiary,no,4620,yes,no,cellular,21,nov,1,89,1,other,0,older
management,single,tertiary,no,2776,no,no,cellular,24,nov,2,173,1,success,0,young
blue-collar,married,secondary,no,3932,yes,no,cellular,13,may,1,-1,0,unknown,0,older
technician,single,secondary,no,71,yes,no,cellular,5,may,1,350,1,other,0,young
technician,single,secondary,no,-83,yes,no,unknown,10,may,3,-1,0,unknown,0,young
technician,married,secondary,no,-311,yes,yes,cellular,20,jan,4,-1,0,unknown,0,young
admin.,married,secondary,no,120,no,no,cellular,3,feb,1,-1,0,unknown,0,young
technician,married,secondary,no,629,yes,yes,cellular,30,jan,3,340,1,failure,0,young
technician,married,secondary,no,426,yes,no,cellular,28,jan,1,-1,0,unknown,0,young
retired,married,primary,no,198,no,no,telephone,5,jul,1,-1,0,unknown,0,older
services,divorced,secondary,no,2656,yes,no,telephone,20,apr,3,107,10,other,1,young
blue-collar,divorced,primary,no,-194,yes,no,unknown,22,may,5,-1,0,unknown,0,young
technician,single,secondary,no,99,no,no,cellular,21,aug,1,96,4,failure,1,young
retired,married,secondary,no,1344,no,no,unknown,4,feb,1,-1,0,unknown,1,older
blue-collar,married,primary,no,1817,no,no,cellular,20,jul,2,-1,0,unknown,0,older
management,married,secondary,no,3637,no,no,cellular,8,aug,2,78,6,success,1,older
management,married,tertiary,no,187,no,no,cellular,11,may,5,290,4,failure,0,young
technician,married,secondary,no,709,no,no,cellular,11,aug,2,-1,0,unknown,0,older
retired,married,primary,no,231,no,no,cellular,5,sep,1,-1,0,unknown,0,older
blue-collar,married,secondary,no,211,no,no,cellular,3,dec,1,-1,0,unknown,0,older
unknown,divorced,unknown,no,1110,no,no,cellular,25,aug,11,-1,0,unknown,0,older
blue-collar,married,secondary,no,-87,yes,no,unknown,12,may,2,-1,0,unknown,0,young
technician,married,tertiary,no,714,no,no,unknown,13,may,1,-1,0,unknown,0,young
unknown,single,secondary,no,206,no,no,unknown,15,jun,1,-1,0,unknown,0,young
blue-collar,married,unknown,no,118,yes,no,cellular,3,jul,2,-1,0,unknown,0,young
self-employed,married,tertiary,no,137,yes,no,cellular,11,mar,1,-1,0,unknown,0,young
technician,married,secondary,no,400,no,no,cellular,20,aug,1,117,10,failure,0,young
blue-collar,married,primary,no,122,yes,no,unknown,10,may,5,-1,0,unknown,0,young
management,married,tertiary,no,6941,yes,no,unknown,20,may,1,-1,0,unknown,0,young
blue-collar,single,primary,no,-451,yes,no,unknown,3,may,1,-1,0,unknown,0,young
technician,married,secondary,no,-56,yes,yes,cellular,30,jul,4,274,1,failure,0,young
technician,married,secondary,no,-572,yes,no,unknown,20,may,1,-1,0,unknown,0,young
blue-collar,single,primary,no,863,yes,no,cellular,14,may,2,346,5,other,0,young
entrepreneur,divorced,tertiary,no,1968,no,no,unknown,22,jun,1,-1,0,unknown,0,older
technician,single,secondary,no,84,yes,no,unknown,11,may,1,-1,0,unknown,0,young
retired,married,primary,no,4682,no,no,telephone,12,jul,7,-1,0,unknown,0,older
management,married,tertiary,no,1204,no,no,cellular,22,dec,1,-1,0,unknown,1,older
housemaid,married,primary,no,1304,no,yes,telephone,30,jul,3,-2,0,unknown,0,older
technician,single,secondary,no,-58,yes,no,unknown,20,may,4,-1,0,unknown,0,young
retired,single,secondary,no,3953,no,no,telephone,14,jul,3,-1,0,unknown,1,older
technician,married,secondary,no,336,yes,yes,cellular,3,feb,2,-1,0,unknown,0,young
management,single,tertiary,no,14,no,no,cellular,21,jul,10,-1,0,unknown,0,older
blue-collar,married,secondary,no,1004,no,no,cellular,4,jan,5,117,1,failure,0,young
technician,single,tertiary,no,72,yes,no,cellular,16,may,3,-1,0,unknown,0,young
blue-collar,married,primary,no,5320,no,no,unknown,6,jun,2,-1,0,unknown,0,older
blue-collar,divorced,secondary,no,1416,yes,no,unknown,21,jun,1,-1,0,unknown,0,older
blue-collar,married,secondary,no,946,no,no,cellular,20,jan,1,-2,0,unknown,0,older
unknown,divorced,secondary,no,192,yes,no,unknown,14,may,3,-1,0,unknown,0,young
technician,married,secondary,no,61,yes,yes,cellular,29,jan,4,404,2,failure,0,older
management,single,secondary,no,7445,no,no,cellular,21,nov,2,95,4,success,1,young
technician,single,secondary,no,173,no,no,cellular,21,jun,2,-1,0,unknown,0,young
technician,divorced,secondary,no,-52,yes,no,unknown,27,may,2,-1,0,unknown,0,young
housemaid,married,primary,no,1035,no,no,telephone,8,jun,5,-1,0,unknown,0,older
blue-collar,married,secondary,no,-147,yes,no,unknown,8,may,2,-1,0,unknown,0,young
blue-collar,married,secondary,no,960,no,no,unknown,6,jul,10,-1,0,unknown,0,young
management,married,unknown,no,146,yes,no,cellular,7,mar,1,-1,0,unknown,0,older
blue-collar,married,tertiary,no,-722,yes,no,unknown,12,may,2,-1,0,unknown,0,young
management,married,tertiary,no,1698,no,no,unknown,24,aug,2,-1,0,unknown,0,older
retired,married,primary,no,1660,no,no,unknown,20,jun,3,-1,0,unknown,0,older
technician,single,secondary,no,1659,no,no,cellular,30,jan,2,285,1,failure,0,young
entrepreneur,divorced,secondary,no,841,no,no,cellular,21,nov,2,-1,0,unknown,0,older
retired,married,secondary,no,1020,no,no,unknown,12,may,3,-1,0,unknown,0,older
retired,divorced,secondary,no,5174,no,no,telephone,19,mar,2,74,11,other,0,older
management,married,tertiary,no,201,yes,no,cellular,3,may,1,-1,1,unknown,0,young
management,divorced,tertiary,no,86,yes,no,cellular,20,apr,2,-1,0,unknown,0,young
student,single,secondary,no,1851,no,yes,cellular,10,jul,1,-1,0,unknown,0,young
management,married,tertiary,no,12362,no,no,cellular,23,aug,2,-1,0,unknown,0,older
entrepreneur,married,primary,no,114,yes,no,cellular,9,may,1,354,1,failure,0,older
entrepreneur,married,secondary,no,1330,yes,no,unknown,22,nov,3,-1,0,unknown,0,young
unknown,married,tertiary,no,1787,yes,no,unknown,27,jun,2,-1,0,unknown,0,older
services,divorced,primary,no,-389,yes,no,unknown,23,may,2,-1,0,unknown,0,young
technician,married,tertiary,no,5355,no,no,cellular,26,mar,1,136,1,other,0,young
housemaid,married,primary,no,96,no,no,unknown,19,jun,2,-1,0,unknown,0,young
technician,married,tertiary,no,5585,no,no,cellular,15,aug,5,-1,0,unknown,0,young
technician,married,secondary,no,914,no,no,cellular,24,aug,5,-1,0,unknown,0,older
blue-collar,single,secondary,no,223,yes,no,unknown,14,may,1,-1,0,unknown,0,young
blue-collar,married,primary,yes,6370,yes,no,cellular,8,may,2,-1,0,unknown,0,older
blue-collar,single,primary,no,5759,yes,no,cellular,13,may,4,342,6,other,0,young
student,single,secondary,no,193,no,no,cellular,18,sep,2,-1,0,unknown,0,young
housemaid,divorced,primary,no,1071,no,no,unknown,17,jun,2,-1,0,unknown,0,older
technician,divorced,secondary,no,121,no,no,cellular,27,jan,1,283,0,unknown,0,older
management,divorced,tertiary,no,573,yes,yes,cellular,19,may,1,354,2,failure,0,young
blue-collar,divorced,secondary,no,54,yes,no,cellular,21,apr,3,332,2,failure,0,young
blue-collar,divorced,primary,no,1330,no,no,cellular,16,nov,1,-1,0,unknown,0,older
management,married,tertiary,no,126,yes,no,cellular,4,aug,2,277,0,unknown,0,young
services,single,secondary,no,149,yes,yes,cellular,13,may,4,-1,0,unknown,0,young
technician,married,secondary,no,68,no,no,cellular,12,jul,4,-1,0,unknown,0,older
blue-collar,married,secondary,no,379,no,no,unknown,22,jun,3,-1,0,unknown,0,young
blue-collar,married,secondary,no,-267,yes,no,cellular,21,apr,4,98,11,failure,0,older
technician,single,secondary,no,1739,no,no,cellular,28,jan,4,130,1,other,0,young
management,married,tertiary,no,244,no,no,cellular,22,nov,1,-1,0,unknown,0,young
admin.,single,secondary,no,1298,no,no,unknown,18,apr,5,-1,0,unknown,0,young
retired,married,primary,no,33,no,no,cellular,8,jan,4,-1,0,unknown,0,older
management,divorced,tertiary,no,238,no,no,cellular,23,aug,7,-1,0,unknown,0,older
technician,married,tertiary,no,-1372,yes,no,unknown,18,may,1,-1,0,unknown,0,young
technician,single,secondary,no,84,yes,no,cellular,14,may,4,346,1,failure,0,young
technician,married,primary,no,32,yes,no,unknown,5,may,1,-1,0,unknown,0,young
admin.,married,primary,yes,739,no,yes,cellular,3,jul,1,-1,0,unknown,0,older
technician,divorced,secondary,no,6030,no,no,cellular,17,aug,8,-1,0,unknown,0,older
management,married,tertiary,no,1122,no,yes,cellular,14,apr,1,-1,0,unknown,0,older
blue-collar,divorced,secondary,no,1321,no,no,cellular,30,apr,4,-1,0,unknown,0,young
blue-collar,divorced,primary,no,137,no,yes,cellular,2,jul,4,-1,0,unknown,0,older
technician,divorced,secondary,no,-71,yes,no,cellular,26,may,1,-1,0,unknown,0,young
blue-collar,divorced,primary,no,586,no,no,cellular,18,aug,4,-1,0,unknown,0,older
blue-collar,married,primary,no,-102,yes,no,unknown,22,nov,2,-1,0,unknown,0,older
technician,married,secondary,no,2251,no,no,cellular,5,jul,2,-1,0,unknown,0,older
blue-collar,single,secondary,no,3,no,no,cellular,6,may,3,-1,0,unknown,0,young
blue-collar,married,secondary,yes,-161,yes,yes,cellular,16,jul,1,-1,0,unknown,0,older
blue-collar,single,primary,no,770,yes,no,cellular,4,may,1,-1,0,unknown,0,young
technician,single,tertiary,no,5205,yes,no,unknown,27,may,6,-1,0,unknown,0,young
technician,married,secondary,no,31,no,yes,cellular,7,jul,1,-1,0,unknown,0,older
blue-collar,divorced,secondary,no,216,yes,no,unknown,20,jun,1,-1,0,unknown,0,older
blue-collar,divorced,secondary,no,377,yes,no,unknown,13,may,3,-1,0,unknown,0,young
technician,married,secondary,no,-367,yes,yes,unknown,21,may,1,-1,0,unknown,0,young
blue-collar,divorced,primary,no,115,yes,no,telephone,4,feb,1,-1,0,unknown,0,young
management,divorced,tertiary,no,2472,yes,no,cellular,14,may,3,351,1,other,0,young
technician,married,secondary,no,715,no,no,cellular,5,aug,1,-1,0,unknown,0,older
management,married,tertiary,no,2216,no,no,cellular,3,feb,2,-1,0,unknown,0,older
technician,single,secondary,no,6032,no,no,cellular,28,mar,3,100,1,success,1,young
admin.,married,secondary,no,4005,no,no,cellular,4,jun,2,90,0,success,1,older
management,single,tertiary,no,1049,no,no,cellular,7,aug,7,154,1,failure,0,young
management,married,tertiary,no,-417,no,yes,cellular,29,jul,4,-1,0,unknown,0,older
retired,married,secondary,no,174,yes,yes,cellular,12,may,3,403,6,unknown,0,older
self-employed,married,tertiary,no,5702,yes,no,cellular,22,nov,1,175,0,success,0,young
blue-collar,married,secondary,no,1595,no,no,unknown,4,jun,4,-1,0,unknown,0,older
technician,married,primary,no,607,yes,no,cellular,12,may,3,339,1,other,0,older
student,single,unknown,no,211,no,no,cellular,5,nov,1,-1,0,unknown,0,young
retired,married,unknown,no,6443,no,no,unknown,13,mar,2,-1,0,unknown,0,older
retired,single,secondary,no,120,no,no,cellular,10,oct,5,136,1,failure,0,older
blue-collar,single,primary,no,102,yes,no,unknown,20,may,1,-1,0,unknown,0,young
housemaid,single,secondary,no,272,no,no,cellular,22,mar,1,143,1,success,0,young
retired,married,tertiary,no,338,no,no,cellular,3,feb,1,141,1,failure,1,older
retired,divorced,primary,no,5791,no,no,cellular,9,oct,5,118,1,other,0,older
blue-collar,divorced,primary,no,456,yes,no,cellular,5,jun,2,170,4,other,0,older
services,married,secondary,no,-265,no,no,unknown,7,may,3,-1,0,unknown,0,young
unknown,married,unknown,yes,83,yes,no,unknown,17,jun,1,-1,0,unknown,0,older
management,divorced,tertiary,no,-206,no,yes,unknown,20,jun,3,-1,0,unknown,0,older
technician,married,secondary,no,152,yes,no,cellular,17,nov,2,-1,0,unknown,0,young
management,married,secondary,yes,-559,no,yes,unknown,27,jul,17,-1,0,unknown,0,young
technician,married,secondary,no,1697,no,no,cellular,16,sep,3,126,2,unknown,0,older
blue-collar,divorced,primary,no,65,yes,no,unknown,12,may,3,-1,0,unknown,0,young
technician,married,tertiary,no,5207,yes,no,cellular,16,mar,1,362,6,failure,1,young
technician,married,secondary,no,301,no,no,unknown,22,jun,1,-1,0,unknown,0,older
management,married,tertiary,no,528,no,no,cellular,12,aug,4,-1,0,unknown,0,older
management,married,secondary,no,147,no,no,cellular,26,jul,15,-1,0,unknown,0,young
management,married,tertiary,no,2568,no,no,unknown,9,jun,5,-1,0,unknown,0,young
management,single,tertiary,no,-2566,yes,no,unknown,21,jun,3,-1,0,unknown,0,young
technician,divorced,secondary,no,-61,no,no,unknown,23,jun,1,-1,0,unknown,0,young
entrepreneur,married,primary,no,194,no,no,unknown,22,jun,1,-1,0,unknown,0,young
blue-collar,married,secondary,no,1169,yes,no,cellular,12,may,1,351,3,failure,0,young
retired,married,unknown,no,2286,no,no,cellular,17,dec,5,181,1,other,0,older
services,divorced,secondary,no,-355,yes,no,unknown,21,may,1,-1,0,unknown,0,young
unemployed,divorced,secondary,no,817,no,no,cellular,24,jan,3,354,6,failure,0,young
services,married,secondary,no,-26,yes,yes,cellular,14,may,5,-1,0,unknown,0,young
management,single,tertiary,no,1475,yes,no,unknown,9,may,2,-1,0,unknown,0,young
admin.,married,secondary,no,2369,yes,no,cellular,10,may,3,-1,0,unknown,0,young
management,married,primary,yes,857,yes,no,cellular,2,jun,3,267,10,failure,0,young
unknown,married,unknown,no,2917,no,no,unknown,14,jun,1,-1,0,unknown,0,older
technician,married,secondary,no,1936,no,no,cellular,0,nov,2,140,3,success,1,young
management,married,tertiary,yes,6180,no,no,cellular,11,aug,2,-1,0,unknown,0,young
technician,single,secondary,no,253,yes,no,cellular,3,feb,2,352,1,other,0,young
management,married,tertiary,no,2033,no,no,unknown,21,may,1,-1,0,unknown,0,older
blue-collar,divorced,secondary,no,821,yes,no,cellular,10,may,5,353,3,failure,0,older
blue-collar,married,primary,yes,-31,no,no,cellular,5,feb,5,251,9,other,0,older
blue-collar,married,primary,yes,174,no,no,telephone,3,jul,2,-1,0,unknown,0,older
technician,married,unknown,no,2078,no,no,cellular,4,jul,7,-1,0,unknown,0,older
blue-collar,married,secondary,no,1171,yes,no,unknown,25,may,1,-1,0,unknown,0,older
blue-collar,married,primary,yes,934,no,no,cellular,11,jul,2,-1,0,unknown,0,older
blue-collar,married,secondary,no,2263,no,no,cellular,17,apr,3,-1,0,unknown,0,older
admin.,single,secondary,no,6436,no,no,cellular,25,oct,2,185,6,success,1,young
management,divorced,tertiary,no,901,yes,no,cellular,28,may,5,82,1,failure,0,young
technician,married,tertiary,no,433,yes,no,unknown,23,jun,2,-1,0,unknown,0,young
blue-collar,married,secondary,no,84,no,no,telephone,22,jul,10,-2,0,unknown,0,older
blue-collar,single,secondary,no,54,no,yes,unknown,16,jul,3,-1,0,unknown,1,older
blue-collar,married,primary,no,-223,yes,no,unknown,12,may,4,-1,0,unknown,0,older
technician,divorced,secondary,no,6576,yes,no,cellular,13,may,1,347,4,success,1,young
unknown,divorced,unknown,no,1992,no,no,cellular,5,feb,7,97,0,success,0,older
admin.,married,secondary,no,1792,no,no,cellular,13,oct,7,353,6,other,0,young
technician,married,secondary,no,2672,no,no,cellular,7,aug,4,-1,0,unknown,0,older
blue-collar,divorced,primary,no,-287,yes,no,unknown,23,may,3,-1,0,unknown,0,young
blue-collar,divorced,secondary,no,460,yes,yes,cellular,20,jul,3,265,1,failure,0,older
management,single,secondary,no,-63,yes,no,cellular,21,may,7,-1,0,unknown,0,young
technician,married,secondary,no,-820,no,no,unknown,21,may,7,-1,0,unknown,0,young
self-employed,married,tertiary,no,3148,yes,no,cellular,22,apr,5,99,6,success,1,older
technician,married,secondary,no,2024,no,no,cellular,14,mar,3,127,1,success,1,older
blue-collar,single,secondary,no,1004,no,yes,cellular,20,jul,10,-1,0,unknown,0,young
blue-collar,married,primary,no,891,yes,no,cellular,15,jul,4,341,10,failure,0,young
technician,married,secondary,no,3857,yes,no,unknown,17,jun,1,-1,0,unknown,0,older
blue-collar,divorced,secondary,no,779,yes,no,cellular,4,apr,1,266,1,failure,0,young
services,married,secondary,no,745,yes,no,cellular,18,may,3,350,0,failure,0,young
entrepreneur,divorced,secondary,no,69,no,no,cellular,28,jul,7,-1,0,unknown,0,older
technician,married,secondary,yes,279,no,no,cellular,6,jul,7,-1,0,unknown,0,older
technician,divorced,secondary,no,618,yes,yes,cellular,19,nov,5,128,9,unknown,0,young
self-employed,married,secondary,no,2584,yes,no,unknown,13,apr,5,-1,0,unknown,0,young
services,married,secondary,no,1370,no,yes,cellular,3,jul,1,-1,0,unknown,0,older
technician,single,tertiary,no,1536,yes,no,cellular,11,may,2,159,10,other,0,young
admin.,married,secondary,no,512,no,no,cellular,3,feb,5,-1,0,unknown,0,older
technician,divorced,secondary,no,4205,no,no,cellular,24,jul,2,-1,0,unknown,1,older
blue-collar,married,primary,no,58,no,no,unknown,4,may,2,-1,0,unknown,0,older
management,divorced,tertiary,no,467,no,no,cellular,20,mar,4,96,4,success,0,young
self-employed,married,secondary,no,999,yes,no,cellular,31,apr,3,136,4,other,1,older
student,single,unknown,no,5353,yes,no,unknown,20,may,3,-1,0,unknown,0,young
technician,single,secondary,no,30,yes,no,cellular,20,apr,3,102,1,failure,0,young
blue-collar,married,secondary,no,772,yes,no,telephone,13,may,1,-1,0,unknown,0,older
blue-collar,married,primary,no,5174,yes,no,telephone,7,jul,2,-1,0,unknown,0,older
self-employed,divorced,tertiary,no,23,no,no,cellular,31,oct,3,378,2,failure,1,older
self-employed,single,secondary,yes,189,no,no,cellular,25,jul,2,133,1,failure,0,young
management,divorced,tertiary,no,190,yes,no,cellular,18,jul,2,186,6,failure,0,young
housemaid,married,tertiary,no,3227,no,no,cellular,20,aug,5,-1,0,unknown,0,young
self-employed,married,tertiary,no,3197,no,no,cellular,14,aug,1,-1,0,unknown,0,older
retired,divorced,primary,no,739,no,no,cellular,1,feb,2,262,1,failure,0,older
unknown,married,unknown,yes,-220,no,no,unknown,1,jun,1,-1,0,unknown,0,older
technician,married,secondary,no,368,yes,no,cellular,20,nov,1,-1,1,unknown,0,young
management,divorced,secondary,no,1057,no,no,unknown,20,jun,3,-1,0,unknown,0,young
technician,married,secondary,no,69,yes,no,unknown,22,aug,5,-1,0,unknown,0,young
retired,married,primary,no,-482,no,no,unknown,13,jun,4,-1,0,unknown,0,older
unemployed,single,secondary,no,119,no,no,telephone,27,jan,2,362,3,failure,0,young
management,single,tertiary,no,2392,no,no,cellular,18,aug,4,-1,0,unknown,0,young
technician,divorced,secondary,no,1779,no,no,cellular,18,nov,6,-1,0,unknown,0,older
retired,divorced,secondary,no,1176,no,no,cellular,28,jul,4,139,1,unknown,0,older
technician,married,primary,no,-107,yes,no,unknown,22,jun,3,-1,0,unknown,0,older
housemaid,single,primary,yes,182,no,no,unknown,14,jun,2,-1,0,unknown,0,young
technician,married,secondary,no,368,yes,no,cellular,19,may,1,356,4,failure,0,young
retired,married,secondary,no,1688,no,no,cellular,10,oct,9,-1,0,unknown,0,older
blue-collar,divorced,primary,no,92,yes,no,cellular,8,jul,4,257,1,failure,0,older
management,married,unknown,no,-85,yes,no,cellular,22,apr,2,-1,0,unknown,0,young
admin.,married,secondary,no,569,yes,no,unknown,17,apr,1,-1,0,unknown,0,young
technician,married,secondary,no,2853,no,no,telephone,4,feb,2,-1,0,unknown,0,older
retired,divorced,secondary,no,15373,no,no,cellular,2,oct,5,154,1,failure,0,older
management,single,tertiary,yes,136,yes,no,cellular,17,feb,1,357,1,failure,0,young
unemployed,single,tertiary,no,-52,no,no,cellular,29,jan,3,-1,0,unknown,0,young
blue-collar,married,secondary,yes,101,no,no,cellular,20,nov,1,-1,0,unknown,0,young
technician,divorced,secondary,no,783,yes,no,cellular,17,apr,2,123,1,failure,0,young
technician,married,secondary,no,-290,yes,no,unknown,13,may,1,-1,0,unknown,0,young
self-employed,married,tertiary,yes,155,no,no,cellular,17,nov,1,-1,0,unknown,0,older
retired,married,secondary,no,1190,no,no,cellular,18,oct,4,-1,0,unknown,1,young
blue-collar,married,secondary,no,1028,no,yes,cellular,27,jul,10,-1,0,unknown,0,older
unemployed,married,tertiary,no,190,no,no,telephone,6,feb,1,-1,0,unknown,1,older
blue-collar,single,secondary,yes,4123,yes,yes,cellular,21,nov,1,-1,0,unknown,0,young
technician,single,tertiary,no,563,yes,no,cellular,29,jan,1,265,2,other,0,young
blue-collar,married,secondary,no,19,yes,yes,cellular,14,jul,10,-2,0,unknown,0,young
blue-collar,married,secondary,yes,625,yes,no,cellular,20,jul,5,-1,0,unknown,0,young
services,married,secondary,no,44,yes,yes,unknown,11,may,3,-1,0,unknown,0,young
housemaid,married,tertiary,no,3197,no,no,cellular,3,jan,3,252,1,other,0,older
blue-collar,married,secondary,no,3338,no,yes,cellular,2,jun,5,-1,0,unknown,0,young
blue-collar,married,primary,no,-634,yes,no,unknown,11,may,1,0,0,unknown,0,young
blue-collar,married,tertiary,no,12972,yes,no,cellular,20,apr,3,92,4,failure,1,young
admin.,married,secondary,no,539,no,yes,cellular,3,jun,1,-1,0,unknown,0,young
management,married,secondary,no,242,no,no,cellular,5,feb,1,-1,0,unknown,1,young
blue-collar,married,primary,no,81,yes,no,telephone,22,jun,2,-1,0,unknown,0,older
housemaid,single,secondary,no,1474,no,no,cellular,18,jul,7,-1,0,unknown,0,young
admin.,married,secondary,no,1385,no,no,cellular,21,mar,7,-1,0,unknown,0,older
blue-collar,married,secondary,no,-352,yes,yes,cellular,9,jul,1,-1,0,unknown,0,older
technician,married,tertiary,yes,513,no,no,cellular,22,jul,7,-1,0,unknown,0,young
services,married,secondary,no,2450,yes,no,cellular,13,apr,2,334,1,failure,0,young
blue-collar,single,secondary,yes,1266,yes,no,cellular,15,apr,1,354,4,failure,0,young
blue-collar,married,primary,no,256,yes,no,cellular,20,apr,2,334,1,success,0,young
unemployed,divorced,tertiary,no,794,no,no,cellular,28,jul,3,-1,0,unknown,0,young
technician,divorced,secondary,no,-1624,no,no,unknown,22,jul,2,-1,0,unknown,0,young
blue-collar,married,primary,yes,754,yes,no,unknown,5,may,5,-1,0,unknown,0,older
technician,divorced,secondary,no,199,yes,no,cellular,23,apr,3,346,6,other,0,young
technician,single,secondary,no,-114,yes,yes,cellular,21,nov,2,-1,0,unknown,0,young
management,single,tertiary,no,-130,no,no,cellular,14,apr,4,-1,0,unknown,0,young
blue-collar,divorced,secondary,yes,-159,yes,no,cellular,20,may,5,364,1,failure,0,young
retired,married,secondary,no,2616,no,no,cellular,23,sep,1,158,1,failure,1,older
blue-collar,married,primary,no,-145,yes,yes,unknown,14,may,1,0,0,unknown,0,young
technician,married,secondary,no,2774,yes,no,telephone,14,apr,3,-1,0,unknown,0,young
blue-collar,married,secondary,no,-23,no,yes,unknown,21,jul,1,-1,0,unknown,0,young
technician,married,primary,no,1184,yes,yes,cellular,11,may,4,354,10,other,0,young
technician,married,secondary,no,1119,yes,no,unknown,17,may,13,-1,0,unknown,0,young
admin.,single,secondary,no,39,no,yes,cellular,13,apr,2,-1,0,unknown,0,young
management,divorced,tertiary,yes,31,no,no,cellular,4,aug,7,-1,0,unknown,0,older
student,single,secondary,no,285,yes,no,unknown,16,jun,3,-1,0,unknown,0,young
unknown,divorced,primary,no,-61,no,no,unknown,21,jun,1,-1,0,unknown,0,older
blue-collar,married,primary,no,213,no,no,cellular,5,aug,15,-1,0,unknown,0,older
technician,married,secondary,no,2106,no,no,unknown,25,may,1,-1,0,unknown,0,older
retired,married,secondary,no,6738,no,no,telephone,7,sep,2,-1,0,unknown,0,older
management,married,tertiary,no,4388,no,no,cellular,5,jun,1,97,1,success,0,young
management,married,tertiary,no,1993,no,no,cellular,20,nov,1,-1,0,unknown,0,older
services,divorced,secondary,no,-45,yes,no,cellular,23,jul,2,-1,0,unknown,0,young
retired,married,primary,no,2714,no,no,telephone,25,aug,6,-1,0,unknown,0,older
blue-collar,married,primary,no,1268,yes,no,unknown,20,apr,1,-1,0,unknown,0,older
technician,single,secondary,no,502,yes,no,cellular,4,may,14,-1,0,unknown,0,young
technician,married,secondary,no,104,no,no,cellular,8,oct,2,-1,0,unknown,0,older
blue-collar,married,secondary,no,1222,yes,no,cellular,20,jul,2,-1,0,unknown,0,older
technician,married,secondary,no,-37,yes,yes,cellular,28,may,5,84,10,failure,0,young
blue-collar,divorced,secondary,no,-32,yes,no,cellular,22,jul,2,-1,0,unknown,0,young
blue-collar,married,primary,no,811,yes,no,unknown,5,may,3,-1,0,unknown,0,older
technician,married,secondary,no,1307,no,no,cellular,26,aug,4,-1,0,unknown,0,older
blue-collar,married,primary,yes,90,yes,yes,unknown,21,jul,1,-1,0,unknown,0,older
blue-collar,married,primary,yes,-812,yes,no,unknown,16,may,13,-1,0,unknown,0,young
retired,divorced,primary,no,3854,no,no,cellular,13,sep,1,431,1,failure,1,older
management,divorced,tertiary,no,3372,yes,no,cellular,14,apr,5,180,2,success,1,young
student,single,primary,no,172,no,no,unknown,1,jun,2,-1,0,unknown,0,young
services,married,secondary,yes,-265,yes,yes,unknown,2,jun,2,-1,0,unknown,0,young
blue-collar,single,secondary,no,810,no,no,cellular,23,aug,2,183,0,unknown,0,young
blue-collar,divorced,primary,no,-326,yes,no,cellular,7,may,2,354,11,other,0,young
technician,divorced,unknown,no,207,yes,no,cellular,20,apr,1,-1,0,unknown,0,older
services,married,secondary,no,2622,yes,no,unknown,11,may,3,-1,0,unknown,0,older
self-employed,single,tertiary,no,112,no,no,cellular,29,jul,2,-1,0,unknown,0,young
blue-collar,married,tertiary,no,3065,no,no,unknown,3,jun,6,-1,0,unknown,0,older
management,single,primary,no,124,yes,no,cellular,13,jul,2,-1,0,unknown,0,young
blue-collar,divorced,secondary,no,44,yes,no,unknown,9,may,4,-1,0,unknown,0,young
housemaid,married,primary,no,79,no,no,cellular,22,aug,7,-1,0,unknown,0,older
blue-collar,divorced,primary,no,824,yes,no,cellular,4,aug,1,-1,0,unknown,0,older
management,single,tertiary,no,1745,no,no,cellular,5,feb,1,-1,0,unknown,0,young
blue-collar,married,primary,no,-143,yes,no,unknown,12,may,3,-1,0,unknown,0,older
services,single,secondary,no,706,yes,no,unknown,18,may,6,-1,0,unknown,0,young
housemaid,divorced,secondary,yes,326,no,yes,cellular,27,jul,4,-1,0,unknown,0,older
blue-collar,married,primary,no,73,yes,no,cellular,13,apr,2,-1,0,unknown,0,young
unemployed,divorced,secondary,no,738,no,no,unknown,6,feb,2,-1,0,unknown,1,older
management,single,tertiary,no,83,no,no,cellular,18,jul,3,-1,0,unknown,0,young
unemployed,single,tertiary,no,1983,yes,no,unknown,28,may,1,-1,0,unknown,0,young
technician,married,secondary,no,-368,no,no,unknown,20,jun,1,-1,0,unknown,0,young
admin.,married,primary,no,-159,yes,no,unknown,14,may,1,-1,0,unknown,0,older
unemployed,married,secondary,no,-68,yes,yes,cellular,30,jul,10,-1,0,unknown,0,older
technician,divorced,secondary,no,5142,no,no,cellular,19,oct,1,157,1,other,0,young
technician,married,secondary,no,-204,no,no,cellular,20,nov,4,-1,0,unknown,0,young
blue-collar,married,secondary,no,261,yes,no,unknown,11,may,1,-1,0,unknown,0,young
housemaid,married,secondary,no,22,no,no,cellular,21,aug,6,-1,0,unknown,0,older
services,divorced,secondary,no,60,no,no,cellular,27,jul,7,-1,0,unknown,0,young
management,married,tertiary,no,-172,yes,no,unknown,14,may,3,-1,0,unknown,0,young
entrepreneur,married,tertiary,no,3276,yes,no,unknown,21,may,3,-1,0,unknown,0,young
blue-collar,single,primary,no,1118,yes,no,unknown,3,may,1,-1,0,unknown,1,young
blue-collar,married,unknown,no,525,no,yes,unknown,11,may,1,-1,0,unknown,0,young
blue-collar,married,primary,no,-41,no,no,telephone,29,jul,3,-1,0,unknown,0,older
blue-collar,married,primary,no,5839,no,no,unknown,17,sep,1,-1,0,unknown,1,older
technician,married,secondary,no,-24,yes,no,cellular,10,jul,1,-1,0,unknown,0,young
technician,married,secondary,no,959,yes,no,cellular,14,may,2,-1,0,unknown,0,young
admin.,married,secondary,no,3778,no,no,cellular,20,nov,5,-1,0,unknown,0,older
self-employed,single,secondary,no,824,no,no,unknown,9,feb,1,-1,0,unknown,0,young
management,married,tertiary,no,2038,yes,no,cellular,26,apr,3,-1,0,unknown,0,young
entrepreneur,divorced,unknown,no,4913,yes,no,cellular,20,nov,1,-1,0,unknown,0,older
blue-collar,single,secondary,no,-240,yes,no,unknown,15,may,3,347,1,other,0,older
technician,divorced,tertiary,no,-770,no,no,cellular,9,jul,2,-1,0,unknown,0,young
blue-collar,married,secondary,no,9281,yes,no,unknown,19,jun,1,-1,0,unknown,0,older
technician,married,primary,no,1456,yes,no,cellular,29,jan,2,-1,0,unknown,0,older
blue-collar,married,primary,no,-104,no,yes,cellular,19,nov,1,-1,0,unknown,0,older
admin.,divorced,secondary,no,564,yes,yes,cellular,9,may,3,-1,0,unknown,0,young
housemaid,married,primary,no,-21,yes,no,cellular,4,may,4,-1,1,unknown,0,older
unknown,married,tertiary,no,267,no,no,unknown,1,jun,3,-1,0,unknown,0,older
retired,married,primary,no,493,no,no,telephone,21,jan,1,267,1,other,1,older
retired,divorced,secondary,no,2214,no,no,cellular,17,nov,1,109,1,failure,0,older
student,single,secondary,no,219,no,no,cellular,1,feb,1,-1,0,unknown,1,young
retired,married,primary,no,1863,no,no,telephone,3,jul,1,-1,0,unknown,0,older
blue-collar,divorced,secondary,no,-43,yes,no,unknown,27,may,6,-1,0,unknown,0,older
blue-collar,married,secondary,no,222,no,no,cellular,10,may,2,-1,0,unknown,0,young
blue-collar,married,primary,no,1845,yes,no,unknown,25,jun,2,-1,0,unknown,0,older
blue-collar,married,secondary,no,558,no,no,cellular,28,jul,10,-1,0,unknown,0,young
management,divorced,tertiary,no,4886,yes,no,cellular,23,nov,1,98,1,failure,1,older
student,single,secondary,no,554,no,no,cellular,30,jan,10,-1,0,unknown,0,young
self-employed,divorced,primary,no,1475,yes,no,cellular,17,apr,1,-1,0,unknown,0,older
blue-collar,married,primary,no,-164,yes,no,unknown,14,may,1,-1,0,unknown,0,young
technician,single,secondary,no,6356,yes,no,cellular,14,may,1,91,1,success,1,young
management,married,tertiary,no,4375,yes,no,cellular,8,mar,7,-1,0,unknown,0,young
blue-collar,married,primary,no,-124,yes,no,unknown,27,may,4,-1,0,unknown,0,young
blue-collar,married,primary,no,5403,yes,yes,cellular,16,jul,2,-1,0,unknown,0,young
management,divorced,tertiary,no,780,yes,no,telephone,5,feb,2,257,1,unknown,0,young
management,married,tertiary,no,20864,no,no,cellular,5,sep,7,93,1,failure,0,older
management,divorced,tertiary,no,379,yes,no,unknown,16,may,1,-1,0,unknown,0,older
blue-collar,divorced,secondary,no,113,yes,no,cellular,8,jul,6,-1,0,unknown,0,older
technician,married,secondary,no,876,yes,yes,cellular,14,may,3,120,1,success,1,older
student,single,tertiary,no,842,no,no,cellular,20,mar,1,-1,0,unknown,1,young
housemaid,married,secondary,yes,-76,no,no,cellular,18,nov,3,-1,0,unknown,0,young
unemployed,married,secondary,no,1650,yes,no,cellular,20,may,1,-1,4,unknown,0,young
services,married,secondary,no,509,no,yes,cellular,13,jul,3,-1,0,unknown,0,older
services,single,secondary,yes,74,no,no,unknown,20,jul,3,-1,0,unknown,0,young
student,divorced,secondary,no,3687,yes,no,unknown,16,may,1,-1,0,unknown,0,young
blue-collar,single,primary,no,1997,yes,no,unknown,13,may,1,-1,0,unknown,0,young
retired,married,secondary,no,161,no,no,telephone,28,jul,11,-1,0,unknown,0,young
admin.,single,secondary,no,90,yes,no,cellular,11,aug,4,347,1,other,0,young
management,divorced,primary,no,25,yes,no,cellular,14,may,1,-1,0,unknown,0,young
technician,married,secondary,no,815,no,no,cellular,2,feb,1,-1,0,unknown,0,older
housemaid,married,secondary,no,2271,no,no,cellular,13,aug,9,-1,0,unknown,0,young
blue-collar,married,unknown,no,150,no,no,unknown,19,jun,2,-1,0,unknown,0,older
housemaid,divorced,primary,no,65,no,no,unknown,20,apr,4,-1,0,unknown,0,older
self-employed,divorced,tertiary,no,1452,yes,no,telephone,29,jul,2,-1,0,unknown,0,older
blue-collar,single,secondary,no,956,yes,no,unknown,13,may,3,347,1,other,0,young
technician,single,secondary,no,-47,yes,yes,cellular,1,may,1,348,4,other,0,young
retired,divorced,primary,no,681,yes,no,unknown,12,may,1,-1,0,unknown,0,older
management,married,primary,no,-198,yes,no,unknown,10,may,2,-1,0,unknown,0,older
blue-collar,married,secondary,no,6079,no,no,cellular,5,feb,1,-1,0,unknown,0,young
management,divorced,tertiary,no,-104,yes,yes,cellular,21,may,2,337,9,failure,0,young
blue-collar,single,primary,no,22,no,no,cellular,18,apr,1,-1,0,unknown,0,young
management,divorced,tertiary,no,-105,no,no,unknown,27,may,3,-1,0,unknown,0,young
retired,married,secondary,no,1922,no,no,cellular,15,aug,2,-1,0,unknown,0,older
admin.,married,secondary,no,1761,no,no,cellular,16,mar,3,175,6,success,1,older
retired,married,secondary,no,4795,no,no,telephone,29,mar,1,-1,0,unknown,1,older
entrepreneur,married,secondary,no,2989,no,no,unknown,4,jun,2,-1,0,unknown,0,older
self-employed,married,primary,no,116,yes,no,unknown,5,may,1,-1,0,unknown,0,young
technician,married,tertiary,no,8301,no,yes,cellular,30,jul,4,-1,0,unknown,0,older
blue-collar,married,secondary,no,839,yes,no,unknown,14,may,1,-1,0,unknown,0,young
housemaid,single,secondary,no,4940,no,no,cellular,21,oct,7,-1,0,unknown,1,young
unemployed,married,tertiary,no,114,no,no,cellular,18,nov,2,-1,0,unknown,0,older
blue-collar,married,primary,yes,-14,yes,no,cellular,5,aug,4,-1,0,unknown,0,older
blue-collar,married,secondary,no,2958,no,yes,cellular,9,nov,5,-1,0,unknown,1,young
management,single,tertiary,no,19,no,no,unknown,11,may,1,-1,0,unknown,0,young
management,married,secondary,no,82,no,no,cellular,1,feb,5,-1,0,unknown,0,older
retired,married,primary,no,12,no,no,unknown,5,may,1,-1,0,unknown,1,older
retired,married,primary,yes,162,no,no,telephone,1,feb,1,-1,0,unknown,0,older
technician,married,secondary,no,986,no,no,unknown,17,jun,1,-1,0,unknown,0,young
services,married,secondary,no,4595,no,no,unknown,19,nov,2,-1,0,unknown,0,young
blue-collar,married,primary,no,-59,no,no,cellular,13,jul,9,-1,0,unknown,0,older
technician,divorced,unknown,no,632,no,no,cellular,4,may,2,-1,0,unknown,0,young
retired,married,secondary,no,135,no,no,unknown,5,jun,1,-1,0,unknown,0,older
blue-collar,divorced,secondary,no,-1025,yes,yes,cellular,9,may,3,-1,0,unknown,0,young
admin.,divorced,secondary,no,1653,yes,yes,cellular,12,may,6,357,3,other,0,young
admin.,divorced,secondary,yes,38,no,no,cellular,4,jul,1,-1,0,unknown,0,young
technician,married,secondary,no,-109,yes,no,cellular,19,may,2,-1,0,unknown,0,young
blue-collar,married,primary,no,12139,yes,no,cellular,17,nov,3,358,4,failure,0,young
housemaid,married,primary,no,94,yes,no,cellular,21,jul,3,-1,0,unknown,0,young
technician,married,tertiary,no,108,yes,no,unknown,26,may,1,-1,0,unknown,0,young
blue-collar,divorced,primary,no,2386,no,no,telephone,12,jul,7,-1,0,unknown,0,young
unemployed,divorced,secondary,no,133,no,no,cellular,11,nov,3,183,1,failure,0,young
blue-collar,married,secondary,no,273,yes,no,cellular,28,may,1,266,1,failure,0,young
blue-collar,married,secondary,no,681,no,no,cellular,17,mar,1,-1,0,unknown,0,young
blue-collar,married,secondary,no,144,yes,yes,cellular,17,jul,1,-1,0,unknown,0,young
student,single,secondary,no,13074,no,no,cellular,16,jun,5,139,1,other,1,young
management,divorced,tertiary,no,222,yes,no,cellular,28,jan,4,121,2,other,0,young
unemployed,married,secondary,no,8426,yes,no,unknown,19,may,3,-1,0,unknown,0,young
management,single,tertiary,no,1440,yes,no,cellular,14,mar,3,180,10,other,1,young
self-employed,divorced,tertiary,no,105,no,no,cellular,18,apr,4,-1,0,unknown,0,young
technician,married,secondary,yes,-189,no,yes,cellular,9,aug,10,-1,0,unknown,0,older
blue-collar,married,secondary,no,7850,yes,no,cellular,20,nov,2,-1,0,unknown,0,young
technician,married,secondary,no,85,yes,no,cellular,17,apr,5,-1,0,failure,0,older
housemaid,married,tertiary,no,2640,no,no,telephone,20,oct,3,177,1,success,1,young
blue-collar,single,secondary,no,-53,yes,no,unknown,15,apr,3,-1,0,unknown,0,young
services,single,secondary,no,183,no,no,cellular,13,apr,1,-1,0,unknown,0,young
technician,single,tertiary,no,1400,no,no,cellular,27,jan,1,-1,0,unknown,0,young
self-employed,single,tertiary,no,6522,yes,no,unknown,14,may,2,-1,0,unknown,0,young
management,married,secondary,no,817,yes,no,cellular,18,nov,4,-1,0,unknown,0,older
blue-collar,married,primary,yes,59,yes,no,unknown,12,may,3,-1,0,unknown,0,young
technician,married,secondary,no,1899,no,no,cellular,20,nov,2,-1,0,unknown,0,older
management,married,tertiary,no,2154,no,no,cellular,5,aug,2,-1,0,unknown,0,older
technician,married,tertiary,no,-153,yes,yes,cellular,1,feb,1,177,1,other,0,young
blue-collar,divorced,primary,yes,660,yes,no,unknown,27,may,3,-1,0,unknown,0,older
blue-collar,single,secondary,yes,-222,yes,no,unknown,22,may,3,-1,0,unknown,0,young
management,divorced,tertiary,no,3172,yes,no,cellular,2,jan,4,99,4,other,0,young
technician,divorced,secondary,no,658,yes,no,cellular,28,jan,4,399,6,other,0,older
management,married,tertiary,no,1267,no,no,cellular,2,apr,2,-1,0,unknown,0,older
services,married,secondary,no,410,yes,no,cellular,13,may,3,353,1,unknown,0,young
technician,single,secondary,no,14185,yes,no,cellular,20,nov,3,191,9,other,0,young
technician,divorced,tertiary,no,2285,yes,no,cellular,14,may,1,340,6,success,0,young
blue-collar,married,secondary,no,593,yes,no,unknown,24,may,1,-1,0,unknown,0,young
management,single,tertiary,no,-53,yes,no,cellular,12,feb,2,-1,0,unknown,0,young
technician,divorced,secondary,no,3452,no,no,cellular,2,nov,1,148,1,failure,0,older
technician,married,secondary,no,1145,no,no,cellular,23,aug,7,-1,0,unknown,0,older
blue-collar,married,secondary,no,917,yes,yes,cellular,21,jul,4,-1,0,unknown,0,young
technician,married,primary,no,2,no,no,unknown,22,jun,1,-1,0,unknown,0,young
management,divorced,secondary,no,138,no,yes,cellular,27,aug,4,-1,0,unknown,0,older
technician,single,secondary,no,4845,no,no,unknown,19,apr,2,-1,0,unknown,0,young
technician,married,secondary,no,463,yes,no,telephone,28,jan,5,266,1,unknown,0,young
admin.,married,secondary,no,388,no,yes,cellular,14,may,5,-1,0,unknown,0,young
admin.,single,secondary,no,6258,no,no,cellular,21,nov,3,96,4,failure,0,young
unemployed,divorced,secondary,no,6527,yes,no,cellular,17,nov,1,-1,0,unknown,0,older
blue-collar,married,primary,no,2202,yes,no,cellular,3,may,2,-1,0,unknown,0,older
technician,married,secondary,no,1628,yes,no,cellular,20,apr,4,-1,0,unknown,0,older
blue-collar,married,secondary,yes,-1,yes,no,cellular,14,apr,1,-1,0,unknown,0,young
self-employed,divorced,tertiary,no,632,yes,no,cellular,4,apr,2,254,10,failure,0,young
technician,married,tertiary,no,-177,yes,no,unknown,15,may,1,-1,0,unknown,0,young
entrepreneur,married,tertiary,no,1179,no,no,cellular,3,feb,1,-1,0,unknown,0,young
blue-collar,married,secondary,no,1101,yes,no,unknown,12,may,3,-1,0,unknown,0,older
management,divorced,tertiary,no,3184,no,no,cellular,11,jul,2,-1,0,unknown,0,young
technician,single,secondary,no,-434,yes,no,cellular,21,may,3,358,1,other,1,young
admin.,married,secondary,no,832,no,yes,telephone,15,feb,5,-1,0,unknown,0,older
retired,divorced,secondary,no,1517,no,no,telephone,13,oct,2,-1,0,unknown,0,older
technician,single,tertiary,no,86,no,no,cellular,14,jul,2,-1,0,unknown,0,older
self-employed,married,primary,yes,1103,yes,no,cellular,5,feb,5,263,4,failure,0,older
blue-collar,divorced,primary,no,1288,no,no,telephone,15,jul,3,-1,0,unknown,0,young
self-employed,single,tertiary,no,144,no,no,cellular,20,aug,2,-1,0,unknown,0,young
blue-collar,married,secondary,no,279,no,no,cellular,15,jul,2,-1,0,unknown,0,older
technician,married,tertiary,no,-393,yes,no,unknown,10,may,1,-1,1,unknown,0,older
admin.,married,secondary,no,692,yes,no,unknown,8,jun,3,0,0,unknown,0,young
technician,single,secondary,no,5378,no,no,cellular,28,oct,5,88,9,success,1,young
housemaid,married,unknown,no,173,yes,no,cellular,19,apr,2,86,1,failure,0,older
technician,married,tertiary,no,-395,no,no,cellular,10,may,1,-1,1,unknown,1,young
unknown,divorced,secondary,no,-94,no,no,unknown,21,nov,1,-1,0,unknown,0,older
management,divorced,secondary,yes,-547,no,yes,cellular,26,jul,1,-1,0,unknown,0,older
technician,married,tertiary,no,1947,yes,no,cellular,18,jun,1,-1,0,unknown,0,older
blue-collar,married,primary,yes,427,no,no,cellular,5,jul,5,-1,0,unknown,0,older
student,single,primary,no,886,no,no,unknown,5,may,1,-1,0,unknown,1,young
blue-collar,married,secondary,no,-13,yes,no,cellular,20,apr,3,-2,0,unknown,0,young
blue-collar,married,primary,no,3434,yes,no,unknown,8,may,10,-1,0,unknown,0,older
blue-collar,married,secondary,no,172,no,yes,cellular,18,jul,3,-1,0,unknown,0,young
technician,married,secondary,no,303,no,no,cellular,6,aug,7,-2,0,unknown,0,older
services,divorced,primary,no,2158,yes,no,cellular,1,feb,1,355,1,failure,0,young
technician,divorced,secondary,no,-19,no,no,cellular,17,may,1,-1,0,unknown,0,older
entrepreneur,married,secondary,no,5596,no,no,cellular,18,jul,2,-1,0,unknown,0,older
management,married,tertiary,no,1966,no,no,cellular,10,jul,7,-1,0,unknown,1,older
blue-collar,married,secondary,no,-33,no,no,unknown,7,may,3,-1,0,unknown,0,young
technician,married,secondary,no,554,no,no,unknown,3,aug,4,-1,0,unknown,0,young
management,single,tertiary,no,191,no,no,cellular,14,aug,1,-1,0,unknown,0,older
admin.,divorced,secondary,no,231,no,no,cellular,27,jul,2,-1,0,unknown,0,older
technician,married,primary,no,2750,yes,yes,unknown,3,feb,1,257,1,other,0,older
technician,divorced,tertiary,no,601,yes,no,cellular,20,nov,1,112,1,failure,0,older
blue-collar,divorced,secondary,no,226,yes,yes,unknown,10,may,1,-1,0,unknown,0,young
technician,divorced,secondary,no,125,no,no,telephone,21,aug,2,-1,0,unknown,0,older
blue-collar,married,secondary,no,436,yes,no,cellular,22,jul,1,-1,0,unknown,0,young
management,divorced,tertiary,no,5993,yes,no,cellular,15,may,1,348,1,other,0,young
unknown,divorced,unknown,no,774,no,no,cellular,16,jul,6,124,1,failure,0,older
management,married,secondary,no,-59,yes,no,cellular,20,nov,3,-1,0,unknown,0,young
management,divorced,tertiary,no,1944,yes,no,cellular,3,jul,3,351,1,failure,0,young
self-employed,married,secondary,no,84,no,no,cellular,7,jul,7,-1,0,unknown,0,young
self-employed,divorced,secondary,no,1959,yes,no,cellular,28,jul,5,268,0,unknown,0,older
technician,single,secondary,no,1167,no,no,cellular,21,nov,1,285,1,failure,0,young
self-employed,married,tertiary,no,183,no,no,cellular,4,aug,1,-1,0,unknown,0,older
management,married,secondary,no,387,yes,no,unknown,15,may,2,-1,0,unknown,0,young
management,married,secondary,yes,-1701,no,no,unknown,30,jul,1,-1,0,unknown,0,older
admin.,single,secondary,no,3383,yes,no,cellular,15,apr,3,352,10,failure,0,young
management,married,tertiary,no,4689,yes,no,cellular,20,jul,3,-1,0,unknown,0,young
blue-collar,divorced,secondary,no,484,yes,no,cellular,11,may,1,-1,0,unknown,0,young
unemployed,married,secondary,no,-7,yes,no,cellular,13,may,1,-1,0,unknown,0,young
unemployed,divorced,secondary,no,7666,yes,no,cellular,18,jul,6,-1,0,unknown,0,young
housemaid,married,primary,no,212,no,no,cellular,20,apr,4,-1,0,unknown,0,young
blue-collar,married,secondary,no,169,yes,no,unknown,19,may,3,-1,0,unknown,0,young
retired,married,secondary,no,3588,no,no,telephone,10,mar,3,-1,0,unknown,1,older
blue-collar,divorced,primary,no,51,yes,no,cellular,21,apr,1,-2,0,unknown,0,older
services,married,secondary,no,2818,no,no,cellular,19,apr,3,-1,0,unknown,0,young
unemployed,married,secondary,no,7,no,no,unknown,18,may,1,-1,0,unknown,0,young
blue-collar,single,secondary,no,817,no,no,cellular,11,oct,1,72,10,other,0,older
blue-collar,married,secondary,no,12814,yes,no,cellular,21,apr,3,-1,6,unknown,0,older
management,married,tertiary,no,-7,yes,no,cellular,30,jul,7,-1,0,unknown,0,older
blue-collar,single,secondary,no,-8,no,no,cellular,7,apr,4,-1,0,unknown,0,young
retired,married,primary,no,2082,yes,no,cellular,6,mar,1,-1,0,unknown,1,young
technician,married,secondary,no,495,no,no,cellular,4,aug,7,-1,0,unknown,0,young
management,divorced,tertiary,no,1820,no,no,cellular,29,aug,4,-1,0,unknown,0,older
services,married,secondary,no,4159,yes,no,unknown,23,may,1,-1,0,unknown,0,older
blue-collar,married,primary,no,453,no,yes,unknown,9,jun,1,-1,0,unknown,0,older
technician,single,secondary,no,119,no,no,cellular,21,aug,1,-1,0,unknown,0,young
blue-collar,divorced,primary,no,-399,yes,no,unknown,11,may,4,-1,0,unknown,0,young
management,single,tertiary,no,10179,yes,no,unknown,17,may,1,-1,0,unknown,0,young
blue-collar,single,primary,no,2959,yes,no,cellular,11,apr,5,-1,0,unknown,0,young
entrepreneur,single,unknown,no,1367,no,no,cellular,29,aug,7,-1,0,unknown,0,young
management,divorced,tertiary,no,338,no,no,cellular,15,may,1,98,1,unknown,0,young
management,married,tertiary,no,143,no,no,cellular,30,jan,4,105,2,other,0,older
unemployed,married,secondary,no,3299,yes,no,cellular,17,apr,3,97,1,failure,0,older
blue-collar,married,secondary,no,3176,no,no,telephone,19,feb,5,-1,0,unknown,0,older
retired,married,secondary,no,1118,no,yes,cellular,0,apr,1,145,6,failure,0,older
blue-collar,married,secondary,no,-387,yes,no,unknown,19,may,1,-1,0,unknown,0,young
housemaid,single,tertiary,no,-76,no,no,cellular,30,jul,2,-1,0,unknown,0,young
technician,married,secondary,no,744,no,no,unknown,28,jun,14,-1,0,unknown,0,older
management,divorced,tertiary,no,546,yes,no,cellular,14,aug,7,-1,0,unknown,0,older
technician,divorced,secondary,no,-50,yes,no,cellular,19,may,2,344,9,failure,0,young
technician,single,secondary,no,-3,yes,no,cellular,23,apr,4,-1,0,unknown,0,young
blue-collar,married,primary,no,298,no,no,unknown,4,may,3,-1,0,unknown,0,older
blue-collar,married,secondary,no,274,yes,no,cellular,16,apr,1,-1,0,unknown,0,young
blue-collar,married,secondary,no,174,no,no,cellular,15,jul,3,-1,0,unknown,0,young
admin.,married,secondary,no,6032,yes,no,cellular,29,jul,7,-1,0,other,0,young
blue-collar,single,primary,no,3,no,no,unknown,20,may,4,-1,0,unknown,0,young
entrepreneur,married,tertiary,no,-42,yes,no,cellular,15,aug,4,-1,0,unknown,0,young
technician,married,secondary,no,54,no,no,cellular,17,jul,3,-1,0,unknown,0,young
technician,married,tertiary,no,6688,no,no,cellular,23,jan,1,-1,0,unknown,0,older
entrepreneur,married,tertiary,no,5653,yes,no,cellular,21,nov,3,182,1,failure,0,young
admin.,married,secondary,no,51,no,yes,cellular,15,jul,7,-1,0,unknown,0,older
services,married,secondary,no,-626,yes,no,unknown,13,may,9,-1,0,unknown,0,young
blue-collar,married,primary,yes,15,yes,yes,cellular,3,jul,1,-2,0,unknown,0,older
technician,married,secondary,no,1472,yes,no,cellular,30,may,10,-1,0,unknown,0,young
services,married,secondary,no,2408,yes,yes,unknown,10,may,1,-1,0,unknown,0,older
technician,divorced,secondary,no,703,yes,yes,cellular,17,jul,3,-1,0,unknown,0,older
blue-collar,single,secondary,no,4905,no,no,cellular,19,aug,2,0,0,unknown,0,young
management,divorced,secondary,no,156,no,no,cellular,21,nov,2,188,1,failure,0,young
housemaid,divorced,primary,no,612,yes,no,telephone,8,apr,3,-1,0,unknown,0,young
blue-collar,married,primary,no,197,yes,no,unknown,13,may,6,-1,0,unknown,0,young
technician,single,tertiary,no,82,no,no,cellular,31,jul,3,176,1,success,0,young
blue-collar,married,primary,no,-1797,no,no,unknown,19,jun,1,-1,0,unknown,0,older
technician,single,secondary,no,-576,no,no,unknown,21,jun,1,-1,0,unknown,0,young
admin.,single,secondary,no,14436,no,no,cellular,19,nov,1,365,6,failure,0,young
management,married,tertiary,no,1027,yes,no,cellular,21,apr,6,101,4,unknown,0,young
unemployed,divorced,unknown,no,4143,yes,no,unknown,19,may,3,-1,0,unknown,0,young
technician,married,secondary,no,123,no,yes,cellular,21,jul,1,-1,0,unknown,1,young
services,married,secondary,no,2007,no,no,cellular,19,nov,2,-1,0,unknown,0,young
technician,married,tertiary,no,3300,no,no,cellular,19,nov,2,-1,0,unknown,0,older
admin.,married,secondary,no,1026,no,no,unknown,10,jun,1,-1,0,unknown,0,older
management,single,tertiary,no,1123,no,no,cellular,30,sep,2,488,10,unknown,1,young
blue-collar,married,secondary,no,-95,yes,no,unknown,21,may,1,-1,0,unknown,0,young
blue-collar,single,primary,no,208,no,no,cellular,3,feb,2,-1,0,unknown,0,young
blue-collar,married,primary,no,684,yes,no,unknown,11,jun,1,-1,0,unknown,0,young
self-employed,married,tertiary,no,2456,yes,no,cellular,20,may,1,345,4,success,1,young
retired,married,tertiary,no,1366,no,no,telephone,15,jan,7,101,1,other,0,older
blue-collar,married,secondary,no,5792,no,no,cellular,1,jul,2,0,6,failure,1,older
blue-collar,married,secondary,no,1988,yes,no,cellular,27,apr,3,342,3,failure,0,young
management,married,tertiary,no,2380,no,no,cellular,19,jun,1,-1,0,unknown,0,young
retired,married,primary,no,1555,no,no,unknown,13,may,2,-1,0,unknown,0,older
technician,married,secondary,no,544,yes,no,cellular,16,may,2,347,2,success,0,young
blue-collar,divorced,primary,no,2057,yes,no,unknown,12,jun,3,-1,0,unknown,0,young
admin.,single,secondary,no,2985,yes,no,cellular,14,may,5,-1,0,unknown,1,young
blue-collar,married,primary,no,932,no,no,cellular,12,jul,4,-1,0,unknown,0,young
admin.,single,secondary,no,1017,yes,no,unknown,3,may,3,-1,0,unknown,0,young
management,divorced,tertiary,no,90,yes,no,cellular,19,may,1,330,1,failure,0,young
technician,married,secondary,no,7045,no,no,cellular,4,feb,1,-1,0,unknown,1,young
entrepreneur,divorced,primary,yes,31,yes,no,unknown,8,jun,3,-1,0,unknown,0,older
technician,married,secondary,no,73,no,no,cellular,20,feb,1,95,9,failure,0,young
housemaid,married,secondary,no,1043,no,no,cellular,6,aug,10,-1,0,unknown,0,older
technician,single,primary,no,107,yes,yes,unknown,12,may,3,-1,0,unknown,0,young
technician,married,tertiary,no,900,no,no,cellular,12,jul,2,-1,0,unknown,0,young
technician,married,secondary,no,834,no,no,cellular,17,apr,4,-1,2,unknown,0,young
technician,single,secondary,no,152,yes,no,cellular,31,jan,3,-1,0,unknown,0,young
blue-collar,married,secondary,no,125,yes,no,unknown,3,may,3,-1,0,unknown,0,young
student,single,secondary,no,1151,no,no,unknown,3,jun,2,-1,0,unknown,0,young
technician,married,tertiary,no,-2417,yes,no,unknown,28,jun,3,-1,0,unknown,0,young
student,single,secondary,no,6947,no,no,cellular,3,mar,2,181,1,success,0,young
blue-collar,married,primary,no,4671,yes,no,unknown,17,jun,3,-1,0,unknown,0,older
blue-collar,single,secondary,no,363,yes,no,cellular,13,may,3,-1,0,unknown,1,young
technician,single,primary,no,221,no,no,cellular,29,jul,10,-1,0,unknown,0,young
blue-collar,married,primary,no,-32,yes,no,unknown,5,may,3,-1,0,unknown,0,young
technician,married,tertiary,no,1143,yes,no,unknown,18,may,6,-1,0,unknown,0,young
blue-collar,married,primary,no,254,yes,no,cellular,14,may,5,-1,0,unknown,0,older
technician,married,secondary,no,1337,no,no,cellular,9,aug,5,-1,0,unknown,0,older
blue-collar,single,tertiary,no,362,yes,no,cellular,13,sep,3,268,9,other,0,young
management,married,tertiary,no,-6,no,no,cellular,13,jul,4,-1,0,unknown,0,young
blue-collar,married,tertiary,yes,-227,yes,no,cellular,15,jul,7,-1,0,unknown,0,young
management,single,secondary,no,3443,no,no,cellular,24,nov,3,-1,0,unknown,0,young
admin.,married,secondary,no,794,yes,no,cellular,17,apr,3,-1,0,unknown,0,older
management,married,secondary,no,4241,no,no,unknown,17,jun,2,-1,0,unknown,0,older
management,married,tertiary,no,17,yes,no,cellular,2,jun,2,94,1,failure,0,young
unemployed,divorced,secondary,no,3550,yes,no,unknown,8,may,1,-1,0,unknown,1,young
admin.,married,primary,no,1444,yes,no,unknown,10,may,2,-1,0,unknown,0,older
retired,married,tertiary,no,3068,no,no,telephone,29,nov,1,105,3,failure,0,older
technician,single,secondary,no,3775,yes,no,unknown,19,jun,3,-1,0,unknown,0,young
services,married,secondary,no,2714,yes,no,unknown,19,may,1,-1,0,unknown,0,young
management,divorced,tertiary,no,598,yes,no,cellular,15,apr,2,-1,0,unknown,0,young
technician,married,secondary,yes,-77,yes,no,unknown,21,jun,3,-1,0,unknown,0,young
self-employed,married,secondary,no,-530,yes,no,unknown,15,may,3,-1,0,unknown,0,young
technician,divorced,secondary,no,-201,yes,no,unknown,22,apr,3,-1,0,unknown,0,young
blue-collar,divorced,primary,no,7443,no,no,telephone,4,jun,2,-1,0,unknown,0,older
blue-collar,married,primary,no,30,yes,no,unknown,21,may,1,-1,0,unknown,0,older
entrepreneur,married,primary,yes,-1760,yes,no,cellular,27,may,4,-1,0,unknown,0,older
technician,divorced,secondary,no,1395,no,no,cellular,19,mar,1,-1,0,unknown,1,young
blue-collar,married,secondary,no,1016,no,no,unknown,22,may,1,-1,0,unknown,0,young
blue-collar,married,secondary,no,2270,yes,no,cellular,14,jul,2,-1,0,unknown,0,older
blue-collar,single,secondary,no,1293,no,no,cellular,12,aug,1,-1,0,unknown,0,young
retired,married,primary,no,3237,no,no,telephone,19,jul,1,-1,0,unknown,1,older
blue-collar,married,primary,no,19,yes,no,cellular,13,apr,2,-1,0,unknown,0,young
retired,married,tertiary,no,2870,no,no,cellular,7,mar,1,110,1,failure,0,older
technician,single,secondary,no,179,no,no,cellular,29,jan,4,-1,0,unknown,0,young
unemployed,married,primary,no,3212,yes,no,telephone,13,jun,2,-1,0,unknown,0,older
management,single,tertiary,yes,-382,no,no,cellular,22,jul,2,-1,0,unknown,0,young
entrepreneur,single,secondary,no,13,yes,no,cellular,15,jul,1,-1,0,unknown,0,young
management,married,tertiary,no,-2841,yes,no,unknown,15,may,1,-1,0,unknown,0,young
management,married,secondary,no,1461,yes,yes,cellular,13,jul,2,-1,0,unknown,0,older
blue-collar,married,secondary,no,957,yes,no,cellular,10,may,2,-1,0,unknown,0,older
retired,married,secondary,no,6903,no,no,telephone,20,sep,3,-2,0,unknown,1,older
blue-collar,divorced,primary,no,-80,yes,no,cellular,5,may,1,364,1,failure,0,young
blue-collar,divorced,primary,no,-13,yes,no,cellular,11,may,5,-1,0,unknown,0,older
blue-collar,married,secondary,no,1090,yes,no,cellular,6,jan,2,346,6,failure,0,young
management,married,secondary,no,1278,yes,no,cellular,11,may,2,-1,0,unknown,0,older
technician,married,tertiary,no,60,no,no,cellular,4,feb,4,178,1,failure,0,older
blue-collar,single,primary,no,33,yes,no,unknown,17,may,1,-1,0,unknown,0,young
technician,divorced,tertiary,no,343,yes,no,cellular,29,jan,1,263,1,failure,0,young
management,married,tertiary,no,96,no,no,unknown,23,may,1,-1,0,unknown,0,older
unemployed,divorced,secondary,no,-8,no,no,cellular,14,jul,1,-1,0,unknown,0,older
blue-collar,married,secondary,no,500,yes,yes,cellular,15,may,3,-1,0,failure,0,older
retired,married,tertiary,no,1642,no,no,cellular,29,jul,1,-1,0,unknown,0,older
blue-collar,married,unknown,no,29,yes,no,cellular,10,may,4,363,9,unknown,0,young
blue-collar,married,unknown,yes,-489,yes,no,telephone,11,may,3,-1,0,unknown,0,older
technician,married,tertiary,no,1610,no,no,cellular,21,sep,2,0,10,unknown,0,young
technician,married,secondary,no,201,no,no,cellular,26,aug,2,138,1,failure,0,older
blue-collar,married,secondary,no,13516,yes,no,unknown,2,jun,2,-1,0,unknown,1,older
blue-collar,married,tertiary,no,50,no,no,cellular,5,may,7,350,1,failure,0,young
management,divorced,tertiary,no,9,no,no,unknown,13,apr,2,-1,0,unknown,0,young
technician,divorced,secondary,no,3424,yes,no,cellular,20,nov,2,155,4,other,0,young
blue-collar,single,secondary,no,579,yes,no,cellular,21,may,7,-1,0,failure,0,young
management,divorced,tertiary,no,743,no,yes,cellular,13,jul,3,-1,0,unknown,0,older
blue-collar,married,secondary,no,579,no,yes,cellular,4,feb,2,-1,0,unknown,0,young
management,married,tertiary,no,5619,yes,no,cellular,20,nov,2,95,4,success,1,young
management,married,secondary,no,571,no,yes,unknown,5,may,3,-1,0,unknown,0,older
blue-collar,single,primary,no,-135,yes,no,unknown,12,may,3,-1,0,unknown,0,young
blue-collar,single,secondary,no,-293,no,yes,telephone,29,jan,9,-1,0,unknown,0,young
management,married,tertiary,no,2130,yes,no,unknown,29,may,1,-1,0,unknown,0,older
blue-collar,married,primary,no,838,yes,no,unknown,18,jun,3,-1,0,unknown,0,young
technician,married,secondary,no,19254,yes,no,cellular,15,nov,1,345,1,failure,0,older
technician,married,secondary,no,4638,no,no,unknown,20,jun,2,-1,0,unknown,0,older
blue-collar,married,primary,yes,-2681,yes,no,unknown,4,jun,2,-1,0,unknown,0,older
unknown,married,unknown,yes,2824,no,no,unknown,20,jun,2,-1,0,unknown,0,older
technician,married,secondary,no,480,yes,yes,cellular,19,jul,1,-1,0,unknown,0,older
management,divorced,tertiary,no,890,no,no,cellular,12,jul,5,-1,0,unknown,0,older
technician,married,secondary,no,5656,yes,no,cellular,13,apr,1,356,1,other,0,young
blue-collar,married,secondary,no,534,yes,yes,unknown,1,jul,1,-1,0,unknown,0,young
services,divorced,secondary,yes,-92,no,yes,cellular,17,jul,1,-1,0,unknown,0,older
management,divorced,tertiary,no,1727,yes,no,cellular,21,apr,2,-1,0,unknown,0,young
retired,divorced,secondary,no,529,no,no,cellular,29,jan,6,-1,0,unknown,0,older
blue-collar,single,primary,no,-888,yes,no,cellular,11,may,1,360,1,failure,0,young
technician,single,secondary,no,1203,yes,no,cellular,14,apr,4,-1,0,unknown,0,young
blue-collar,married,secondary,yes,-766,yes,no,unknown,3,may,2,-1,0,unknown,0,young
blue-collar,married,unknown,no,2182,no,no,unknown,19,nov,3,-1,0,unknown,1,older
technician,divorced,secondary,no,1097,yes,no,cellular,20,jan,1,387,1,failure,0,older
retired,married,primary,no,2110,no,no,telephone,13,mar,3,-1,0,unknown,0,older
blue-collar,married,primary,yes,-108,yes,no,unknown,17,jun,3,-1,0,unknown,0,young
technician,married,tertiary,no,1550,no,no,cellular,15,jun,2,-1,9,unknown,1,young
management,divorced,tertiary,no,-283,no,no,cellular,21,jun,1,-1,0,unknown,0,young
management,divorced,tertiary,no,23988,yes,no,cellular,18,nov,2,-1,0,unknown,0,older
retired,married,primary,no,1001,no,no,cellular,21,dec,1,0,0,unknown,1,older
blue-collar,divorced,tertiary,no,-56,no,no,cellular,23,nov,1,-1,0,unknown,0,young
management,married,tertiary,no,168,yes,no,cellular,20,nov,3,-1,0,unknown,0,young
blue-collar,married,primary,no,893,no,yes,telephone,3,feb,1,-1,0,unknown,0,older
blue-collar,divorced,primary,no,-117,no,no,cellular,15,jul,3,-2,0,unknown,0,older
blue-collar,married,primary,yes,-141,yes,no,unknown,7,may,3,-1,0,unknown,0,young
technician,divorced,secondary,no,77,yes,no,unknown,12,may,3,-1,0,unknown,0,older
unemployed,married,primary,no,486,yes,no,cellular,5,feb,1,-1,0,unknown,0,young
blue-collar,married,primary,no,2434,yes,no,cellular,10,may,1,360,1,failure,0,young
retired,married,secondary,no,5138,no,no,telephone,1,feb,2,-1,0,unknown,0,older
technician,divorced,secondary,no,145,no,no,cellular,10,aug,2,-1,0,unknown,0,older
blue-collar,single,secondary,no,-156,yes,no,telephone,9,apr,5,338,6,other,0,young
admin.,married,secondary,no,1387,yes,yes,cellular,9,jul,5,-1,0,unknown,0,young
blue-collar,divorced,primary,no,181,no,no,telephone,17,nov,1,-1,0,unknown,0,older
technician,single,secondary,yes,-26,yes,no,telephone,17,feb,1,92,1,failure,0,older
management,divorced,tertiary,no,259,no,no,cellular,17,aug,4,-1,0,unknown,0,older
management,married,primary,no,-1352,yes,yes,unknown,13,may,4,-1,0,unknown,0,older
technician,divorced,secondary,no,80,yes,no,unknown,13,may,1,-1,0,unknown,0,young
blue-collar,married,primary,no,3930,yes,no,unknown,4,may,1,-1,0,unknown,0,young
blue-collar,divorced,secondary,no,230,yes,no,cellular,28,jan,4,330,1,failure,0,older
technician,divorced,secondary,no,1962,no,no,cellular,20,nov,5,92,1,failure,0,young
technician,single,secondary,no,157,no,no,cellular,17,nov,1,84,6,success,0,young
management,married,tertiary,no,3395,no,no,cellular,2,nov,1,-1,0,unknown,0,older
admin.,married,secondary,no,1706,yes,no,cellular,12,may,3,362,4,failure,0,young
management,divorced,tertiary,no,150,no,no,cellular,21,aug,5,-1,0,unknown,0,older
technician,married,tertiary,no,2613,yes,no,cellular,18,may,2,340,4,other,0,young
blue-collar,single,secondary,no,-10,no,no,cellular,8,jul,1,-1,0,unknown,0,young
technician,divorced,secondary,yes,-45,yes,yes,cellular,30,jul,2,-1,0,unknown,0,young
technician,single,tertiary,no,-283,yes,no,cellular,29,jan,7,262,1,failure,0,young
admin.,married,secondary,no,905,yes,yes,unknown,4,jun,3,-1,0,unknown,0,older
blue-collar,single,secondary,no,104,no,no,cellular,12,may,4,-1,0,unknown,0,young
housemaid,single,secondary,no,110,no,no,cellular,19,aug,4,-1,0,unknown,0,young
blue-collar,married,secondary,no,1868,yes,no,cellular,20,apr,1,341,1,failure,1,young
blue-collar,married,primary,no,7271,yes,no,unknown,10,may,3,-1,0,unknown,0,older
blue-collar,married,secondary,no,2135,yes,yes,cellular,11,may,3,-1,0,unknown,0,young
self-employed,married,tertiary,no,4068,no,yes,cellular,20,nov,1,-1,0,unknown,0,older
technician,married,secondary,no,1254,yes,no,cellular,7,may,5,-1,0,unknown,0,older
unemployed,divorced,tertiary,yes,845,no,no,cellular,2,apr,1,151,1,failure,0,young
management,married,primary,no,603,yes,no,cellular,13,may,1,354,1,failure,1,older
blue-collar,married,primary,no,-2546,yes,no,unknown,14,may,3,-1,0,unknown,0,young
blue-collar,divorced,secondary,no,1057,yes,no,unknown,12,jun,3,-1,0,unknown,0,young
blue-collar,divorced,primary,no,52,no,no,cellular,3,feb,3,-1,0,unknown,0,older
management,divorced,tertiary,no,-71,no,no,cellular,3,aug,15,-1,0,unknown,0,young
technician,married,secondary,no,380,no,yes,cellular,2,jul,2,-1,0,unknown,1,young
blue-collar,single,primary,no,727,yes,no,cellular,12,apr,2,359,1,failure,0,young
blue-collar,married,primary,no,-70,yes,no,unknown,7,may,9,-1,0,unknown,0,older
blue-collar,divorced,primary,no,-689,yes,no,unknown,4,may,1,-1,0,unknown,0,young
technician,married,secondary,no,1230,no,no,cellular,27,jan,8,118,10,other,0,older
services,married,secondary,no,183,yes,no,cellular,17,aug,7,-1,0,unknown,0,young
retired,married,primary,no,1327,no,no,unknown,24,aug,1,-1,0,unknown,0,older
technician,divorced,secondary,no,130,no,no,cellular,9,aug,5,97,6,failure,0,older
unemployed,divorced,secondary,yes,6136,yes,no,cellular,18,nov,1,-1,1,unknown,0,young
technician,married,secondary,no,213,yes,yes,cellular,28,jul,2,-1,0,unknown,0,older
blue-collar,married,primary,no,-49,yes,no,unknown,10,may,4,-1,0,unknown,0,older
housemaid,divorced,secondary,no,1188,no,no,cellular,18,nov,2,-1,0,unknown,0,older
management,single,tertiary,no,2530,yes,no,cellular,20,mar,3,119,6,other,0,young
admin.,married,secondary,no,1964,no,yes,cellular,22,jul,1,-1,0,unknown,0,older
unemployed,married,secondary,no,456,no,yes,cellular,9,may,2,-1,0,unknown,0,older
technician,single,secondary,no,534,no,no,telephone,20,apr,2,65,10,unknown,0,young
services,divorced,secondary,no,4224,yes,no,cellular,19,apr,5,-1,4,unknown,0,older
management,divorced,tertiary,no,1440,yes,no,cellular,15,apr,1,102,1,failure,0,older
technician,married,secondary,no,-97,no,no,cellular,4,may,2,-1,0,unknown,0,young
technician,divorced,secondary,no,982,no,no,cellular,4,feb,1,-1,0,unknown,0,older
technician,divorced,secondary,no,-163,no,no,cellular,22,jul,2,-1,0,unknown,0,older
self-employed,single,tertiary,no,163,no,no,cellular,20,mar,4,187,1,failure,0,young
blue-collar,married,secondary,yes,4742,yes,no,cellular,3,feb,1,-1,0,unknown,0,older
technician,divorced,tertiary,no,3977,yes,no,cellular,2,feb,2,140,3,success,1,young
retired,divorced,secondary,no,656,yes,no,unknown,3,jun,2,-1,0,unknown,0,young
technician,married,secondary,no,863,no,no,unknown,5,may,11,-1,0,unknown,0,young
technician,married,secondary,no,656,no,no,cellular,20,aug,4,-1,0,unknown,0,young
blue-collar,married,secondary,no,1608,yes,no,unknown,19,may,1,347,4,unknown,0,older
management,single,tertiary,no,1456,yes,no,unknown,20,apr,2,-1,0,unknown,0,young
admin.,divorced,secondary,no,59,no,no,cellular,23,feb,1,-1,0,unknown,1,young
blue-collar,married,primary,no,-28,yes,no,unknown,19,may,1,-1,0,unknown,0,older
blue-collar,married,primary,no,2850,no,no,cellular,12,aug,4,-1,0,unknown,0,older
blue-collar,married,secondary,no,22,yes,no,cellular,12,jul,1,-1,0,unknown,0,young
technician,divorced,secondary,no,8404,no,no,cellular,24,nov,4,-1,0,unknown,0,young
self-employed,married,secondary,no,68,yes,no,cellular,21,nov,4,-1,0,unknown,0,older
management,single,tertiary,no,4055,no,no,cellular,28,jan,2,90,1,other,0,young
blue-collar,married,primary,no,1612,yes,no,cellular,24,may,2,349,6,other,0,young
management,married,secondary,no,1508,no,no,telephone,13,aug,4,-1,0,unknown,0,young
management,divorced,secondary,no,342,yes,no,cellular,3,may,2,-1,0,unknown,0,young
blue-collar,married,tertiary,no,2428,yes,no,cellular,12,may,5,-1,0,unknown,0,older
technician,married,secondary,no,2898,no,no,cellular,20,nov,3,191,6,success,0,young
blue-collar,married,secondary,no,2575,yes,yes,unknown,12,jul,3,-1,0,unknown,0,young
technician,single,secondary,yes,-672,yes,no,unknown,17,may,15,-1,0,unknown,0,young
student,single,secondary,no,754,no,no,cellular,16,apr,3,182,9,unknown,1,young
management,single,tertiary,no,266,no,no,cellular,22,nov,3,97,1,other,0,young
services,married,secondary,no,578,yes,no,unknown,27,may,2,-1,0,unknown,0,older
technician,married,secondary,yes,-612,yes,no,cellular,14,jul,2,-1,0,unknown,0,older
management,married,primary,no,-1904,no,no,unknown,13,jun,1,-1,0,unknown,0,older
management,married,tertiary,yes,-342,yes,no,cellular,17,jul,3,-1,0,unknown,0,older
management,married,tertiary,no,1029,yes,no,cellular,27,jul,3,-1,0,unknown,0,young
retired,divorced,primary,no,4472,no,no,telephone,5,feb,5,179,1,unknown,0,older
blue-collar,married,primary,no,214,yes,no,telephone,4,may,3,-1,0,unknown,0,older
blue-collar,married,secondary,no,1306,no,no,cellular,13,apr,3,98,6,success,0,young
blue-collar,single,primary,yes,-439,no,yes,cellular,3,apr,1,133,1,failure,0,young
technician,single,secondary,no,11504,yes,no,telephone,29,nov,4,168,2,failure,0,young
entrepreneur,divorced,secondary,no,28,yes,no,cellular,22,jul,1,-1,0,unknown,0,young
admin.,married,secondary,no,4273,yes,no,cellular,13,apr,2,105,10,other,0,young
management,married,tertiary,no,-13,yes,no,cellular,15,aug,7,-1,0,unknown,0,young
unemployed,divorced,unknown,no,1389,no,no,cellular,12,dec,3,-1,0,unknown,0,older
blue-collar,divorced,secondary,no,4067,no,no,telephone,27,jul,2,-1,0,unknown,0,young
technician,divorced,secondary,no,57,yes,no,cellular,29,jan,3,105,4,failure,0,young
management,single,tertiary,no,4646,no,no,cellular,18,jul,1,-1,0,unknown,0,young
management,married,tertiary,no,2012,no,no,cellular,15,aug,7,-1,0,unknown,0,young
technician,married,secondary,no,1507,no,no,cellular,30,oct,2,178,4,success,0,young
technician,married,secondary,no,-143,yes,no,unknown,21,may,1,-1,0,unknown,0,young
management,divorced,tertiary,no,758,yes,no,cellular,12,nov,5,144,1,other,0,young
blue-collar,single,primary,no,5532,yes,no,cellular,14,apr,3,344,1,failure,1,young
technician,married,tertiary,no,960,no,no,telephone,29,jan,2,-1,0,unknown,0,older
management,married,tertiary,no,770,yes,yes,cellular,16,jul,2,-1,0,unknown,1,young
technician,married,secondary,no,2819,no,no,cellular,5,feb,10,-1,0,unknown,0,older
management,married,secondary,no,728,no,no,telephone,16,nov,1,-1,0,unknown,0,older
technician,married,secondary,no,90,no,no,cellular,19,aug,4,-1,0,unknown,0,young
technician,single,secondary,no,3,yes,no,cellular,15,jul,3,-1,0,unknown,0,young
student,single,secondary,no,239,no,no,cellular,23,apr,1,-1,0,unknown,0,young
blue-collar,married,primary,no,4215,no,no,telephone,21,jul,3,-1,0,unknown,0,older
technician,married,secondary,yes,-72,no,yes,cellular,5,jul,2,-1,0,unknown,0,older
services,divorced,secondary,no,1418,yes,no,unknown,30,may,3,334,10,other,1,young
blue-collar,married,secondary,no,2022,no,no,telephone,14,jul,7,-1,0,unknown,0,older
entrepreneur,married,secondary,no,3091,no,no,cellular,24,mar,2,-1,0,unknown,0,young
blue-collar,married,secondary,no,787,no,no,cellular,9,jul,1,-1,0,unknown,0,older
admin.,married,secondary,no,2203,yes,no,telephone,12,apr,1,419,0,unknown,0,older
services,divorced,tertiary,no,666,yes,no,cellular,9,may,2,-1,1,unknown,0,young
blue-collar,married,secondary,no,-437,yes,no,unknown,24,may,3,-1,0,unknown,0,young
admin.,married,secondary,no,5792,no,no,cellular,20,jun,1,0,0,unknown,1,young
housemaid,married,secondary,no,992,no,no,unknown,19,may,1,-1,0,unknown,0,older
technician,divorced,secondary,yes,-447,yes,yes,cellular,13,jul,3,-1,0,unknown,0,young
services,married,secondary,no,-11,no,no,unknown,11,jun,2,-1,0,unknown,0,older
technician,married,secondary,no,-90,no,no,cellular,6,jul,3,-1,0,unknown,0,young
self-employed,married,tertiary,no,2243,no,no,cellular,21,jul,5,151,1,failure,0,young
blue-collar,married,secondary,no,2699,no,no,cellular,11,aug,5,-1,0,other,0,older
entrepreneur,married,unknown,no,21,yes,no,cellular,21,jul,5,-1,0,unknown,0,older
technician,divorced,secondary,no,252,yes,no,unknown,20,nov,1,-1,0,unknown,0,young
housemaid,married,primary,no,208,no,no,unknown,19,jun,3,-1,0,unknown,0,older
blue-collar,single,primary,no,72,yes,no,unknown,14,may,3,355,0,unknown,0,young
retired,married,unknown,no,823,no,no,unknown,17,jun,1,-1,0,unknown,0,older
unemployed,married,secondary,no,1832,no,no,cellular,21,nov,5,179,4,failure,0,older
retired,married,primary,no,2533,no,no,cellular,28,sep,1,111,4,other,1,older
blue-collar,married,primary,no,234,yes,yes,unknown,13,may,2,-1,0,unknown,0,older
retired,married,primary,no,3119,no,no,telephone,3,feb,2,-1,0,unknown,1,older
blue-collar,married,primary,no,-611,yes,no,unknown,8,jun,3,0,0,unknown,0,young
technician,single,tertiary,no,-46,no,no,cellular,24,dec,3,147,10,success,0,young
blue-collar,single,secondary,no,1211,no,no,cellular,21,apr,1,-2,0,unknown,0,young
blue-collar,married,secondary,no,887,yes,no,cellular,29,jul,3,-1,0,unknown,0,older
technician,single,secondary,no,1825,yes,no,cellular,15,apr,2,343,3,failure,0,young
student,single,secondary,no,8707,yes,no,cellular,13,may,3,346,2,success,1,young
technician,married,secondary,no,547,no,no,unknown,3,may,1,-1,0,unknown,0,young
blue-collar,divorced,unknown,no,-126,yes,no,unknown,20,may,1,-1,0,unknown,0,young
technician,married,secondary,no,-38,yes,no,unknown,27,may,4,-1,0,unknown,0,young
student,single,unknown,no,1264,no,no,cellular,1,jun,2,-1,1,failure,0,young
blue-collar,married,unknown,yes,362,no,no,cellular,11,may,4,-1,0,unknown,0,older
technician,divorced,secondary,no,2318,no,no,cellular,28,aug,1,-1,1,unknown,0,older
management,divorced,tertiary,no,1909,yes,no,unknown,12,may,3,-1,0,unknown,0,older
services,married,unknown,no,5340,yes,no,cellular,17,nov,1,-1,0,unknown,0,young
housemaid,divorced,secondary,no,682,no,yes,cellular,21,apr,2,355,1,other,0,older
housemaid,single,primary,no,5828,no,no,unknown,19,jun,1,-1,0,unknown,0,young
management,married,secondary,no,684,yes,no,unknown,25,aug,4,-1,0,unknown,0,young
technician,divorced,secondary,yes,-120,no,no,cellular,15,jun,2,-1,0,unknown,0,young
technician,married,secondary,yes,60,yes,yes,cellular,8,jul,5,-1,0,unknown,0,young
technician,single,tertiary,no,2366,no,no,cellular,12,aug,7,-1,0,unknown,0,young
technician,married,secondary,no,51,yes,no,cellular,4,may,24,-1,0,unknown,0,older
housemaid,divorced,unknown,no,139,no,no,cellular,4,aug,1,-2,0,unknown,0,older
blue-collar,married,primary,no,534,yes,no,cellular,21,may,1,351,2,success,0,young
blue-collar,married,secondary,no,141,yes,yes,cellular,18,nov,3,-1,0,unknown,0,young
blue-collar,divorced,primary,no,-52,yes,no,cellular,13,may,3,-1,0,unknown,0,young
services,single,secondary,no,-44,yes,no,unknown,16,may,1,-1,0,unknown,0,young
services,single,secondary,no,797,no,no,unknown,20,aug,3,-1,0,unknown,0,young
retired,married,tertiary,no,1974,no,no,telephone,4,mar,2,-1,0,unknown,0,older
technician,married,unknown,no,2154,no,no,unknown,3,jun,1,-1,0,unknown,0,older
management,married,tertiary,no,936,no,no,cellular,4,aug,4,-1,0,unknown,0,young
blue-collar,married,primary,no,-87,no,no,cellular,22,apr,7,-1,0,unknown,0,young
services,married,secondary,no,2679,yes,no,unknown,3,jun,2,-1,0,unknown,0,young
admin.,married,secondary,no,1781,yes,no,cellular,22,jul,4,-1,0,unknown,0,young
technician,married,primary,no,-2299,yes,yes,unknown,20,may,23,-1,0,unknown,0,young
admin.,married,secondary,no,4737,no,no,unknown,3,jun,3,-1,0,unknown,0,older
technician,single,tertiary,no,4665,no,no,cellular,11,may,3,98,4,failure,1,young
technician,married,unknown,no,-96,no,no,cellular,24,jul,5,-1,0,unknown,1,older
retired,divorced,primary,no,3137,no,no,telephone,7,feb,2,-1,0,unknown,0,older
self-employed,married,unknown,no,771,yes,no,cellular,28,feb,7,124,6,failure,1,young
technician,married,primary,no,247,no,no,cellular,29,may,5,391,3,failure,0,young
housemaid,married,primary,no,179,no,no,cellular,24,dec,2,182,7,other,0,older
technician,married,secondary,yes,-177,no,no,cellular,19,apr,1,97,2,failure,0,older
retired,married,primary,no,1997,no,no,telephone,2,mar,1,-1,0,unknown,0,older
blue-collar,married,primary,no,-49,yes,yes,cellular,4,feb,1,-1,0,unknown,0,young
blue-collar,married,secondary,no,469,yes,no,unknown,17,nov,5,-1,0,unknown,0,older
technician,married,secondary,no,4349,no,no,cellular,24,may,3,82,4,success,1,young
technician,married,primary,no,-247,no,yes,unknown,8,jun,10,-1,0,unknown,0,older
management,married,tertiary,no,474,yes,no,cellular,12,may,2,-1,0,unknown,1,young
blue-collar,married,primary,no,180,yes,no,telephone,12,may,1,-1,10,unknown,0,older
retired,divorced,secondary,no,7470,no,no,cellular,19,nov,1,-1,0,unknown,0,older
blue-collar,married,primary,yes,599,yes,no,unknown,17,jun,2,-1,0,unknown,0,older
unknown,married,unknown,no,191,no,no,unknown,20,jun,1,-1,0,unknown,0,older
blue-collar,single,unknown,no,1375,yes,no,unknown,12,may,3,-1,0,unknown,0,young
technician,single,secondary,no,-398,yes,no,unknown,26,may,1,-1,0,unknown,0,young
blue-collar,married,primary,no,4153,no,yes,cellular,14,jun,7,-1,0,unknown,1,older
blue-collar,married,primary,no,2250,yes,no,telephone,22,jul,3,-1,0,unknown,0,older
admin.,married,secondary,no,1887,no,no,unknown,6,jun,2,-1,0,unknown,1,older
management,divorced,tertiary,no,-158,no,yes,cellular,16,nov,1,112,0,failure,0,young
technician,married,secondary,no,1846,no,no,cellular,25,may,1,-1,0,unknown,0,young
student,married,secondary,no,3200,yes,no,unknown,19,nov,2,-1,0,unknown,0,young
self-employed,married,primary,no,5690,yes,no,cellular,1,feb,2,276,1,other,0,young
management,married,secondary,no,7389,no,no,cellular,9,aug,2,-1,0,unknown,0,older
technician,married,secondary,no,2829,no,no,telephone,21,nov,1,108,2,success,1,older
management,divorced,secondary,no,3795,yes,no,cellular,12,apr,2,98,9,failure,0,young
unemployed,married,secondary,no,1615,no,no,telephone,3,feb,1,-1,0,unknown,0,older
services,married,secondary,no,523,yes,yes,cellular,16,jul,1,-1,0,unknown,0,young
blue-collar,divorced,primary,no,319,yes,no,unknown,18,may,1,-1,0,unknown,0,older
self-employed,married,tertiary,no,251,no,no,telephone,4,feb,1,-1,0,unknown,1,older
blue-collar,married,primary,no,1761,yes,no,unknown,19,jun,3,-1,0,unknown,0,older
management,single,primary,no,242,yes,no,cellular,14,may,3,360,1,failure,0,young
technician,married,primary,no,534,yes,no,unknown,3,jun,2,-1,0,unknown,0,older
blue-collar,married,secondary,no,-119,yes,no,cellular,21,jul,1,-1,0,unknown,0,young
management,divorced,tertiary,no,1116,no,no,cellular,16,jun,1,-1,0,unknown,0,older
blue-collar,married,secondary,no,2082,yes,no,unknown,14,may,2,-1,0,unknown,0,older
technician,divorced,primary,no,5526,yes,no,cellular,21,apr,2,-1,1,unknown,0,young
unemployed,divorced,unknown,no,29,no,no,cellular,11,aug,4,-1,0,unknown,0,older
blue-collar,married,secondary,no,-100,yes,no,unknown,20,may,1,-1,0,unknown,0,young
technician,married,secondary,no,503,no,no,cellular,25,aug,2,-1,0,unknown,0,young
blue-collar,married,secondary,no,1297,no,no,cellular,20,jul,2,-1,0,unknown,1,older
blue-collar,married,secondary,no,1076,yes,no,cellular,14,oct,1,106,6,success,1,young
technician,single,secondary,no,405,no,no,cellular,1,aug,1,-2,0,unknown,1,young
blue-collar,married,primary,no,340,no,no,telephone,2,feb,1,-1,0,unknown,0,older
blue-collar,married,secondary,no,1381,yes,no,cellular,18,feb,2,-1,1,unknown,0,young
technician,married,secondary,no,100,no,no,unknown,11,may,16,-1,0,unknown,0,young
retired,single,secondary,no,3227,no,no,cellular,28,mar,1,397,1,failure,1,older
blue-collar,divorced,secondary,no,-158,yes,no,unknown,8,may,3,-1,0,unknown,0,older
management,married,tertiary,no,3880,no,no,cellular,19,aug,7,-1,0,unknown,0,young
technician,single,secondary,no,662,no,no,cellular,24,aug,7,-1,0,unknown,0,young
self-employed,single,tertiary,no,-203,no,yes,cellular,21,nov,4,-1,0,unknown,0,young
self-employed,single,tertiary,no,5693,yes,no,cellular,26,mar,3,180,1,failure,1,young
blue-collar,married,secondary,no,142,no,yes,telephone,24,jul,4,-1,0,unknown,0,young
management,married,tertiary,no,280,no,no,cellular,16,jul,3,-1,0,unknown,0,older
management,single,tertiary,no,-22,no,no,cellular,28,jul,4,93,1,success,1,young
technician,single,secondary,no,1229,yes,no,unknown,21,jun,2,-1,0,unknown,1,young
retired,divorced,secondary,no,3391,no,no,cellular,17,jun,1,-1,0,unknown,0,older
admin.,married,secondary,no,-40,yes,no,unknown,5,may,1,-1,0,unknown,0,older
technician,married,tertiary,no,788,yes,no,cellular,1,feb,1,265,1,failure,0,young
technician,married,secondary,no,265,no,no,cellular,11,aug,4,-1,0,unknown,0,young
management,single,secondary,no,7284,no,no,unknown,16,sep,2,-1,0,unknown,1,young
technician,married,secondary,no,187,no,no,cellular,10,mar,2,-1,2,unknown,1,young
services,divorced,tertiary,no,9296,yes,no,unknown,17,may,1,-1,0,unknown,0,older
self-employed,married,tertiary,no,1703,yes,no,unknown,15,may,3,-1,0,unknown,0,young
services,divorced,secondary,no,132,yes,no,unknown,16,may,2,-1,0,unknown,0,older
management,married,primary,yes,18,no,no,cellular,5,jul,2,-1,0,unknown,0,older
blue-collar,married,tertiary,no,3704,no,yes,cellular,18,apr,2,-1,0,unknown,0,older
student,single,tertiary,no,182,no,no,cellular,21,nov,1,-1,0,unknown,1,young
student,single,tertiary,no,4681,no,no,cellular,6,jun,1,185,1,success,1,young
technician,divorced,secondary,no,-516,yes,no,cellular,20,may,4,-1,0,unknown,0,young
management,married,tertiary,no,681,yes,no,cellular,11,apr,1,-1,0,failure,0,young
management,married,secondary,no,10523,yes,no,cellular,17,nov,3,-1,0,unknown,0,young
technician,single,secondary,no,2024,no,no,cellular,2,dec,1,178,1,failure,1,young
management,married,tertiary,no,1204,yes,no,cellular,19,apr,4,124,2,failure,0,young
self-employed,married,secondary,no,280,yes,no,cellular,1,feb,2,273,11,failure,0,young
management,married,tertiary,no,208,no,yes,cellular,18,jul,4,-1,0,unknown,0,young
blue-collar,married,secondary,no,798,no,no,cellular,29,may,1,-1,0,unknown,0,young
blue-collar,single,secondary,no,1288,no,no,unknown,2,jun,2,-1,0,unknown,0,young
blue-collar,married,secondary,no,2759,no,no,cellular,13,jul,2,-1,1,other,0,older
blue-collar,married,secondary,no,2466,yes,no,cellular,16,nov,1,-1,0,unknown,0,older
technician,single,secondary,yes,61,no,no,cellular,6,aug,4,-1,0,unknown,0,young
housemaid,married,unknown,no,5146,no,no,cellular,5,aug,2,-1,0,unknown,0,older
technician,married,unknown,no,425,no,no,cellular,2,aug,1,116,2,failure,0,young
technician,married,secondary,no,61,yes,no,cellular,14,may,3,-1,0,unknown,0,young
technician,single,tertiary,no,-123,yes,no,unknown,30,jan,3,-1,0,unknown,0,young
housemaid,married,secondary,no,1160,yes,no,cellular,15,jul,3,-1,0,unknown,0,older
management,divorced,tertiary,no,2016,no,no,cellular,21,nov,2,94,2,failure,0,young
technician,single,secondary,no,162,no,no,cellular,20,nov,7,93,1,success,1,young
blue-collar,divorced,primary,no,622,yes,no,telephone,10,may,2,358,1,failure,0,young
self-employed,married,unknown,no,344,yes,no,cellular,3,jun,3,142,2,failure,1,older
blue-collar,single,secondary,no,-240,yes,no,unknown,12,may,15,-1,0,unknown,0,young
technician,single,secondary,no,2952,no,no,cellular,6,oct,2,149,1,failure,1,young
admin.,divorced,secondary,no,4324,yes,no,cellular,12,may,2,353,1,other,0,young
services,divorced,primary,no,6112,yes,no,telephone,20,nov,5,-1,0,unknown,0,older
blue-collar,married,secondary,yes,141,yes,no,cellular,15,apr,1,-1,0,unknown,0,young
management,divorced,tertiary,no,771,no,no,unknown,21,may,5,-1,0,unknown,0,older
blue-collar,divorced,primary,no,217,no,yes,cellular,4,jul,1,-1,0,unknown,0,older
blue-collar,married,secondary,no,894,yes,no,cellular,17,apr,5,-1,0,unknown,0,young
services,married,secondary,no,1239,no,no,cellular,6,feb,1,-1,0,unknown,1,older
unknown,single,tertiary,no,2584,no,no,unknown,4,jun,1,-1,0,unknown,0,young
blue-collar,married,secondary,yes,-179,no,no,unknown,26,jun,5,-1,0,unknown,1,young
housemaid,married,secondary,no,2849,no,no,telephone,2,jul,2,-1,0,unknown,0,older
technician,divorced,secondary,no,17897,yes,no,cellular,17,oct,1,167,1,other,0,older
technician,divorced,primary,no,1159,yes,yes,telephone,0,feb,5,110,1,other,0,older
technician,divorced,secondary,no,484,yes,no,unknown,12,may,1,-1,0,unknown,0,older
blue-collar,married,secondary,no,141,yes,no,cellular,23,may,1,-1,0,unknown,0,young
technician,married,secondary,no,437,yes,no,cellular,25,jul,2,-1,0,unknown,0,older
management,married,tertiary,no,9341,no,no,telephone,28,jun,1,-1,0,failure,0,older
blue-collar,single,primary,no,-80,yes,no,unknown,7,may,1,-1,0,unknown,0,young
housemaid,married,primary,no,162,no,no,unknown,17,jun,1,98,2,unknown,0,young
blue-collar,married,primary,no,-2,yes,no,unknown,12,may,2,-1,0,unknown,0,older
technician,married,primary,no,2229,no,no,cellular,10,may,2,181,4,success,1,young
unknown,married,primary,no,21,no,no,unknown,4,jun,1,-1,0,unknown,0,older
housemaid,married,primary,yes,135,no,no,cellular,19,jul,3,-1,0,unknown,0,older
entrepreneur,divorced,tertiary,no,1646,yes,no,unknown,14,nov,2,-1,0,unknown,0,older
blue-collar,married,secondary,no,3435,yes,no,unknown,8,may,1,-1,0,unknown,0,young
technician,single,secondary,no,454,no,no,cellular,5,feb,3,-1,0,unknown,0,young
technician,divorced,secondary,no,2238,no,no,cellular,30,feb,2,-1,1,unknown,1,older
blue-collar,married,secondary,no,120,no,yes,cellular,17,nov,1,-1,0,unknown,0,older
services,married,secondary,no,-334,yes,no,unknown,21,may,10,-2,0,unknown,0,young
technician,married,secondary,no,1607,no,no,telephone,4,feb,5,-1,0,unknown,0,older
admin.,married,secondary,no,146,no,yes,cellular,29,jul,10,-1,0,unknown,0,young
technician,single,secondary,no,-1333,yes,no,cellular,13,may,2,348,10,failure,0,young
management,married,secondary,no,2652,no,no,cellular,22,mar,3,-1,0,unknown,1,older
management,married,secondary,no,47,no,no,cellular,19,feb,1,133,1,other,0,older
blue-collar,married,primary,no,2017,no,no,cellular,11,jul,5,-1,0,unknown,0,older
student,single,secondary,no,824,no,no,cellular,14,jul,1,187,1,other,0,young
blue-collar,divorced,primary,no,116,yes,no,cellular,28,may,2,342,1,failure,0,young
management,married,tertiary,no,424,no,no,cellular,14,jul,7,-1,0,unknown,0,young
technician,married,primary,no,1351,no,no,cellular,20,nov,4,-1,0,unknown,0,older
management,divorced,secondary,yes,3684,no,no,cellular,16,nov,5,128,1,other,0,older
blue-collar,divorced,primary,no,3964,yes,no,unknown,21,may,1,-1,0,unknown,0,older
services,married,secondary,no,-136,yes,no,cellular,24,may,27,-1,0,unknown,0,young
student,single,secondary,no,74,yes,no,unknown,13,may,1,-1,0,unknown,0,young
technician,married,secondary,no,560,no,no,unknown,17,jun,1,-1,0,unknown,0,young
technician,married,secondary,no,2231,yes,no,cellular,14,oct,2,116,9,other,0,young
retired,married,primary,no,999,yes,no,cellular,12,apr,1,183,5,failure,0,older
management,single,tertiary,no,1011,no,no,cellular,19,nov,1,-1,0,unknown,0,young
technician,married,secondary,no,2091,no,no,unknown,21,jun,2,-1,0,unknown,0,young
management,divorced,tertiary,no,4302,yes,no,cellular,21,nov,4,93,1,failure,0,older
technician,divorced,secondary,no,-46,yes,no,unknown,21,may,3,-1,0,unknown,0,older
technician,single,unknown,no,1648,no,no,cellular,20,jun,3,187,1,failure,0,older
blue-collar,divorced,primary,no,1637,yes,no,cellular,20,nov,5,105,1,other,0,older
technician,married,secondary,no,917,yes,yes,unknown,12,may,3,-1,0,unknown,0,older
technician,single,secondary,no,-108,no,no,cellular,23,aug,3,-1,0,unknown,0,young
housemaid,married,secondary,no,456,no,no,cellular,18,nov,4,-1,0,unknown,0,older
management,divorced,tertiary,no,1841,no,no,cellular,2,sep,2,133,3,other,0,young
blue-collar,married,primary,no,-234,yes,no,unknown,19,may,3,-1,0,unknown,0,young
blue-collar,married,secondary,no,118,no,no,unknown,13,may,1,-1,0,unknown,0,older
blue-collar,married,secondary,no,1339,no,no,cellular,16,jul,1,-1,0,success,0,young
technician,divorced,secondary,no,915,yes,no,cellular,11,may,23,-1,0,unknown,0,young
technician,married,secondary,yes,1864,no,no,telephone,21,oct,1,180,1,other,0,older
blue-collar,divorced,secondary,no,530,no,no,unknown,19,jun,2,-1,0,unknown,0,older
technician,married,secondary,yes,-528,no,no,unknown,8,jun,1,-1,0,unknown,0,young
technician,married,tertiary,no,4033,no,no,unknown,2,jun,2,-1,0,unknown,0,young
technician,divorced,secondary,no,967,no,no,cellular,11,dec,5,125,1,other,0,young
blue-collar,married,secondary,no,1002,no,no,cellular,7,apr,2,-1,0,unknown,0,young
technician,divorced,secondary,no,836,no,no,cellular,18,nov,3,-1,0,unknown,1,young
technician,married,secondary,no,451,no,no,cellular,19,aug,2,0,0,unknown,0,young
unemployed,single,secondary,no,225,no,no,cellular,19,oct,2,-1,0,failure,0,young
housemaid,married,tertiary,no,538,no,no,cellular,4,feb,4,-1,0,unknown,0,older
self-employed,married,secondary,yes,221,yes,no,unknown,17,may,1,-1,0,unknown,0,older
management,divorced,tertiary,no,3736,yes,no,cellular,14,apr,5,339,4,failure,0,older
admin.,married,secondary,no,4067,yes,no,cellular,4,apr,1,156,3,failure,0,young
entrepreneur,divorced,secondary,yes,-544,yes,yes,unknown,18,may,2,-1,0,unknown,0,young
self-employed,divorced,secondary,no,1092,no,no,unknown,8,may,1,-1,0,unknown,0,older
technician,married,secondary,no,855,yes,no,cellular,30,jan,2,264,1,failure,0,older
self-employed,married,secondary,no,618,no,no,unknown,8,jun,3,-1,0,unknown,0,older
student,married,secondary,no,1164,no,no,cellular,10,mar,3,-1,0,unknown,1,young
housemaid,married,primary,no,2700,no,no,telephone,15,jun,5,-1,0,unknown,0,older
technician,divorced,secondary,no,394,no,no,cellular,5,aug,9,-1,0,unknown,0,young
retired,married,primary,yes,218,no,no,telephone,5,jul,1,-1,0,unknown,0,older
blue-collar,married,secondary,no,4915,no,no,telephone,13,may,3,447,1,failure,0,young
management,married,secondary,no,30,yes,no,cellular,20,nov,2,-1,0,unknown,0,older
management,divorced,tertiary,no,-124,yes,no,cellular,21,jul,5,-1,0,unknown,0,young
blue-collar,married,primary,no,-61,yes,no,cellular,18,may,3,-1,0,unknown,0,older
technician,divorced,secondary,no,62,no,no,cellular,20,aug,4,-1,0,unknown,0,young
technician,single,secondary,no,1728,yes,no,telephone,21,apr,3,-1,0,unknown,0,young
blue-collar,divorced,primary,no,1133,no,no,cellular,17,jul,10,-1,0,unknown,0,older
services,married,secondary,yes,-782,yes,yes,unknown,17,may,5,-1,0,unknown,0,young
technician,divorced,secondary,no,1329,yes,no,cellular,17,nov,3,83,1,failure,0,young
blue-collar,married,primary,no,838,no,no,cellular,5,aug,4,-1,0,unknown,0,older
technician,married,secondary,no,395,no,no,cellular,15,mar,1,87,1,success,1,young
retired,married,secondary,no,556,no,no,unknown,8,mar,1,-1,0,unknown,1,older
management,married,tertiary,no,4513,no,no,cellular,19,oct,1,-1,0,unknown,0,young
management,married,secondary,no,1850,no,no,unknown,22,may,5,-1,0,unknown,0,older
blue-collar,divorced,secondary,no,3030,no,no,telephone,27,aug,3,-1,0,unknown,0,young
management,married,tertiary,no,1958,no,yes,unknown,13,jul,2,-1,0,unknown,0,older
management,married,tertiary,no,954,yes,no,unknown,23,may,4,-1,0,unknown,0,young
technician,divorced,secondary,no,475,no,no,unknown,20,nov,1,-1,0,unknown,1,older
technician,divorced,tertiary,no,192,no,no,cellular,30,mar,7,87,6,success,1,young
self-employed,divorced,primary,yes,96,no,no,cellular,20,jul,2,-1,0,unknown,0,young
technician,married,secondary,yes,-404,yes,no,cellular,8,nov,2,-1,0,unknown,0,older
blue-collar,married,secondary,no,1393,yes,no,cellular,14,may,1,-1,0,unknown,0,older
admin.,married,secondary,no,53,no,yes,cellular,27,jul,1,-1,0,unknown,0,young
student,single,secondary,no,5738,yes,no,cellular,7,may,3,-1,0,unknown,0,young
technician,married,secondary,no,2269,no,yes,cellular,19,aug,1,-1,0,unknown,0,young
technician,single,primary,no,-105,yes,no,unknown,15,may,1,-1,0,unknown,0,young
blue-collar,married,primary,no,787,yes,no,cellular,12,may,3,-1,0,unknown,0,older
entrepreneur,married,primary,no,114,no,no,cellular,22,jul,4,-1,0,unknown,0,older
blue-collar,married,secondary,no,38,no,no,cellular,20,jun,1,-1,0,unknown,1,older
management,married,primary,no,4027,no,no,cellular,29,feb,5,142,1,failure,1,young
technician,single,tertiary,no,3870,yes,no,cellular,22,dec,4,350,9,other,0,young
self-employed,married,primary,no,3199,no,no,cellular,2,feb,2,-1,0,unknown,0,older
student,single,unknown,no,183,no,no,cellular,20,nov,2,-1,0,unknown,0,young
management,single,tertiary,no,40,yes,yes,cellular,30,jul,2,-1,0,unknown,0,young
entrepreneur,divorced,unknown,yes,-142,no,no,unknown,17,may,1,-1,0,unknown,0,older
management,single,tertiary,no,336,yes,no,cellular,23,jul,3,-1,0,unknown,0,young
management,married,tertiary,yes,-194,yes,no,cellular,19,jul,2,-1,0,unknown,0,older
management,married,secondary,no,233,yes,no,unknown,13,may,1,-1,0,unknown,0,young
blue-collar,married,secondary,no,-98,no,yes,cellular,25,jul,23,-1,0,unknown,1,young
blue-collar,married,primary,no,-72,no,yes,unknown,23,jul,1,-1,0,unknown,0,older
blue-collar,married,secondary,no,19,yes,no,unknown,14,may,3,-1,0,unknown,0,young
entrepreneur,married,tertiary,yes,-269,yes,yes,unknown,7,jun,1,-1,0,unknown,0,older
technician,divorced,tertiary,no,247,yes,no,cellular,28,may,1,341,1,failure,0,young
technician,married,secondary,no,2800,no,no,unknown,4,jun,2,-1,0,unknown,0,young
services,married,secondary,no,1282,no,no,unknown,5,jun,2,-1,0,unknown,0,older
technician,single,tertiary,no,110,yes,no,cellular,29,jan,2,119,4,other,0,young
management,single,tertiary,no,-102,yes,no,cellular,11,may,2,-1,0,unknown,0,young
blue-collar,married,secondary,no,-598,yes,no,unknown,16,may,3,-1,0,unknown,0,young
blue-collar,married,primary,no,2455,yes,no,cellular,10,may,4,345,0,unknown,0,older
entrepreneur,married,secondary,no,28,yes,no,unknown,11,may,3,-1,0,unknown,0,young
management,married,tertiary,no,2064,no,no,cellular,21,aug,4,-1,0,unknown,0,older
retired,married,tertiary,no,6088,no,no,cellular,16,sep,7,494,1,success,1,older
technician,married,secondary,no,803,no,yes,unknown,13,jun,4,-1,0,unknown,0,young
management,single,tertiary,no,1274,yes,no,cellular,18,may,1,351,1,failure,0,young
management,married,tertiary,no,1260,yes,no,cellular,28,jan,2,174,4,failure,0,young
management,married,tertiary,no,3352,no,no,cellular,23,aug,2,-1,0,unknown,0,young
blue-collar,married,primary,no,3751,no,no,telephone,20,jul,1,-1,0,unknown,0,older
admin.,married,secondary,no,-810,yes,no,unknown,20,jun,3,-1,0,unknown,0,young
management,married,tertiary,no,8842,yes,no,telephone,20,feb,7,-1,0,unknown,0,young
management,married,tertiary,no,236,yes,no,cellular,29,jan,4,189,1,failure,0,young
blue-collar,married,secondary,no,-53,yes,no,cellular,15,jul,2,-1,0,unknown,0,young
admin.,divorced,secondary,no,454,yes,no,cellular,28,jul,2,-1,0,unknown,0,young
services,married,secondary,no,1749,no,yes,cellular,28,aug,2,-1,0,unknown,0,older
management,married,secondary,no,3745,no,no,cellular,21,nov,2,-1,0,unknown,0,older
blue-collar,married,secondary,no,1462,yes,no,unknown,15,may,4,0,0,unknown,0,older
management,married,tertiary,no,175,yes,no,cellular,17,jul,2,-1,0,unknown,0,young
blue-collar,married,primary,yes,-631,no,no,unknown,19,jun,10,-1,0,unknown,0,older
management,married,tertiary,no,1748,no,no,cellular,14,jul,7,-1,0,unknown,0,older
technician,single,secondary,no,-1693,yes,no,unknown,11,may,2,-1,0,unknown,0,young
retired,married,primary,no,314,yes,no,cellular,1,feb,2,-1,0,unknown,0,older
technician,married,secondary,no,-174,yes,no,unknown,19,jun,1,-1,0,unknown,0,young
technician,married,tertiary,no,19,no,no,cellular,29,aug,2,-1,0,unknown,0,older
admin.,married,secondary,no,-40,yes,no,cellular,15,may,5,356,3,failure,0,young
retired,divorced,secondary,no,-6,yes,no,unknown,19,may,1,-1,0,unknown,0,older
blue-collar,married,primary,no,-50,yes,no,unknown,6,jun,3,-1,0,unknown,0,older
management,married,primary,no,-1313,yes,no,unknown,17,jun,5,-1,0,unknown,0,older
technician,divorced,secondary,no,5087,yes,no,cellular,16,apr,1,-1,0,unknown,0,young
blue-collar,single,secondary,no,1149,no,no,cellular,21,dec,1,186,2,unknown,1,older
technician,married,secondary,no,3388,no,no,cellular,20,nov,1,98,1,success,0,young
retired,married,primary,no,2490,no,no,cellular,15,mar,2,-1,0,unknown,1,older
blue-collar,married,primary,yes,529,no,no,unknown,7,jun,2,-1,0,unknown,0,older
technician,married,secondary,no,2384,yes,no,cellular,19,jan,5,279,9,failure,0,young
technician,married,primary,no,3545,yes,no,unknown,16,jun,2,-1,0,unknown,0,older
management,married,secondary,no,378,no,yes,cellular,30,jul,3,150,1,failure,0,young
technician,married,secondary,no,201,yes,no,cellular,14,jul,7,-1,0,unknown,0,young
admin.,married,secondary,no,19,no,no,cellular,19,nov,1,-1,0,unknown,0,young
blue-collar,married,secondary,no,63,no,no,cellular,24,apr,10,-1,0,unknown,0,older
technician,married,secondary,no,1340,no,no,cellular,18,nov,3,-1,0,unknown,0,young
unknown,married,secondary,no,-59,no,no,cellular,5,jun,7,178,1,success,0,older
management,married,secondary,no,88,yes,no,unknown,16,may,7,-1,0,unknown,0,older
self-employed,married,tertiary,no,1982,yes,no,telephone,19,feb,2,-1,4,unknown,0,older
self-employed,married,primary,no,1465,no,no,cellular,27,aug,4,-1,0,unknown,0,young
technician,divorced,secondary,yes,675,no,no,cellular,28,jan,2,-1,0,unknown,0,young
blue-collar,married,primary,no,-134,no,no,cellular,5,aug,2,-1,0,unknown,0,young
blue-collar,married,unknown,no,67,yes,no,cellular,21,jul,1,-1,0,unknown,1,young
retired,married,secondary,no,2542,no,no,cellular,13,aug,2,-1,0,unknown,1,older
services,single,secondary,no,131,no,no,unknown,18,jun,3,-1,0,unknown,0,young
retired,married,secondary,no,2068,no,no,cellular,3,oct,1,-1,0,unknown,1,older
services,married,secondary,no,1570,yes,no,cellular,20,jun,3,168,4,failure,0,older
blue-collar,married,primary,no,22015,no,no,cellular,8,mar,2,-1,0,unknown,0,young
technician,single,secondary,no,1618,no,no,cellular,22,jul,2,-1,0,unknown,1,young
entrepreneur,married,tertiary,no,169,yes,no,unknown,18,may,1,-1,0,unknown,0,young
management,married,tertiary,no,1245,yes,no,cellular,14,apr,7,117,4,success,1,young
management,married,primary,no,281,yes,no,unknown,8,may,5,-1,0,unknown,0,older
management,single,tertiary,no,-205,no,no,unknown,5,jun,1,-1,0,unknown,0,young
student,single,secondary,no,260,no,no,cellular,14,sep,2,147,1,other,1,young
unknown,married,unknown,no,507,no,no,unknown,4,jun,1,-1,0,unknown,0,older
management,married,secondary,no,3653,yes,no,unknown,15,may,4,-1,0,unknown,0,older
admin.,single,secondary,no,361,no,no,cellular,17,jul,1,-1,0,unknown,1,young
retired,married,primary,no,2183,yes,no,unknown,12,dec,3,-1,0,unknown,0,older
retired,divorced,primary,no,276,no,no,cellular,10,dec,1,-1,0,unknown,0,older
retired,married,secondary,no,658,no,no,telephone,29,jul,7,-1,0,unknown,0,older
blue-collar,married,secondary,no,124,yes,yes,cellular,28,may,1,253,2,failure,0,young
technician,divorced,secondary,no,36,no,no,unknown,10,aug,1,-1,0,unknown,0,older
unemployed,married,secondary,no,132,yes,no,cellular,17,nov,2,134,9,failure,1,young
blue-collar,married,secondary,no,1209,yes,no,cellular,16,may,1,351,1,failure,0,young
admin.,single,secondary,no,226,no,yes,cellular,9,jul,7,-1,0,unknown,0,young
blue-collar,married,primary,no,111,no,yes,cellular,23,jul,7,-1,0,unknown,0,young
management,married,secondary,no,6226,yes,no,cellular,18,apr,2,176,4,other,0,older
retired,divorced,primary,yes,23,no,no,cellular,20,apr,2,352,1,failure,0,young
technician,single,secondary,no,2807,no,no,cellular,30,jul,3,-2,0,unknown,0,young
technician,divorced,secondary,no,760,yes,no,cellular,13,may,1,356,1,failure,0,young
management,single,tertiary,yes,72,yes,no,cellular,24,nov,2,-1,0,unknown,0,young
unemployed,married,secondary,no,5641,no,no,cellular,16,apr,3,-1,0,unknown,0,young
management,married,tertiary,no,1532,yes,no,telephone,28,may,2,-1,0,other,0,young
housemaid,single,primary,no,19362,no,no,cellular,20,nov,5,123,10,other,0,young
blue-collar,single,secondary,no,56,no,no,cellular,19,apr,1,-1,0,unknown,0,young
technician,married,secondary,no,6547,yes,no,unknown,17,may,1,-1,0,unknown,0,young
technician,divorced,secondary,no,1825,no,yes,cellular,7,jul,1,-1,1,unknown,0,older
technician,single,secondary,no,275,no,no,cellular,22,aug,2,90,1,failure,0,young
management,married,primary,yes,-187,yes,yes,unknown,20,jul,9,-1,0,unknown,0,young
management,single,tertiary,no,-269,no,no,cellular,30,may,5,95,1,failure,0,young
technician,married,secondary,no,486,no,no,unknown,26,jun,3,-1,0,unknown,0,older
retired,married,primary,no,3854,no,yes,cellular,6,jul,2,-1,0,unknown,1,older
blue-collar,single,secondary,no,2753,yes,no,unknown,12,may,3,-1,0,unknown,0,young
management,single,tertiary,no,1024,yes,no,cellular,11,nov,5,97,1,failure,0,young
blue-collar,single,primary,no,91,yes,no,cellular,13,may,3,-1,0,unknown,0,young
services,divorced,secondary,no,260,yes,no,cellular,19,jul,9,-1,0,unknown,0,older
services,divorced,secondary,no,-1260,yes,no,unknown,18,may,2,-1,0,unknown,0,young
blue-collar,single,secondary,no,2136,yes,no,unknown,25,apr,3,-1,0,unknown,0,young
management,married,tertiary,no,1038,yes,no,cellular,16,apr,2,61,1,failure,0,older
blue-collar,married,primary,no,1894,no,no,cellular,2,feb,7,-1,0,unknown,0,older
student,single,secondary,no,152,no,no,cellular,7,aug,2,-1,0,unknown,0,young
blue-collar,married,secondary,no,266,no,no,telephone,29,aug,2,-1,0,unknown,0,older
technician,married,secondary,no,2547,no,no,cellular,28,oct,4,93,1,success,1,young
entrepreneur,married,secondary,yes,-252,yes,yes,cellular,17,jul,1,-1,0,unknown,0,young
housemaid,married,primary,no,108,no,no,unknown,20,aug,4,-1,0,unknown,0,older
blue-collar,married,secondary,yes,385,yes,no,cellular,5,jul,1,274,0,failure,0,older
technician,married,primary,no,4132,yes,no,unknown,9,may,1,355,9,failure,0,older
services,divorced,secondary,no,419,no,yes,cellular,20,jul,3,-1,0,unknown,1,young
management,divorced,tertiary,no,-87,yes,yes,cellular,24,may,1,-1,0,unknown,0,older
blue-collar,divorced,secondary,yes,407,no,no,unknown,11,may,1,-1,0,unknown,0,young
blue-collar,married,primary,yes,-642,no,yes,unknown,11,may,4,-1,0,unknown,0,young
admin.,divorced,secondary,no,28,yes,no,cellular,12,may,5,-1,0,unknown,0,older
technician,married,secondary,no,16,no,yes,unknown,20,jun,1,-1,0,unknown,0,young
technician,married,secondary,no,-86,yes,yes,cellular,15,may,1,-1,0,unknown,0,older
blue-collar,divorced,secondary,no,2281,yes,yes,cellular,7,jul,5,-1,0,unknown,0,older
housemaid,single,tertiary,no,676,yes,no,cellular,18,apr,2,99,6,other,0,young
blue-collar,married,primary,no,75,no,no,cellular,17,jul,2,-1,0,unknown,1,older
management,single,secondary,no,87,yes,no,telephone,15,feb,5,-1,0,unknown,0,young
blue-collar,married,secondary,no,836,no,no,cellular,19,jul,4,-1,0,unknown,0,young
technician,married,secondary,no,2230,no,no,telephone,5,aug,2,-1,0,unknown,0,older
blue-collar,married,secondary,no,84,no,yes,cellular,2,jul,2,-1,0,unknown,0,young
services,married,secondary,no,2614,yes,no,cellular,21,apr,1,-1,0,unknown,0,young
management,married,tertiary,no,2353,yes,no,cellular,1,feb,2,96,3,other,0,young
management,divorced,tertiary,yes,-6,yes,no,cellular,6,feb,2,178,2,failure,0,older
management,divorced,tertiary,no,993,yes,no,cellular,16,feb,1,-1,0,unknown,0,older
management,married,tertiary,no,-58,no,yes,cellular,5,aug,4,-1,0,unknown,0,young
services,married,secondary,no,669,no,no,telephone,3,feb,1,-1,0,unknown,0,older
technician,single,secondary,no,259,no,no,cellular,4,may,2,-1,0,unknown,0,young
blue-collar,married,secondary,no,120,no,no,cellular,13,aug,2,-1,0,unknown,0,older
blue-collar,single,secondary,no,105,no,no,unknown,11,may,1,-1,0,unknown,0,young
blue-collar,divorced,secondary,no,941,yes,no,cellular,12,may,3,348,1,failure,0,young
admin.,married,secondary,no,636,no,no,cellular,5,aug,3,-1,0,unknown,0,young
blue-collar,married,secondary,no,8743,no,no,cellular,18,apr,1,-1,0,unknown,0,older
blue-collar,married,unknown,no,6365,no,no,unknown,3,may,1,-1,0,unknown,0,older
technician,married,secondary,no,408,yes,yes,cellular,1,may,1,268,1,failure,0,young
blue-collar,single,primary,no,705,yes,no,unknown,3,may,2,-1,0,unknown,0,older
blue-collar,single,secondary,no,81,yes,no,cellular,16,may,2,288,0,failure,0,young
blue-collar,married,secondary,no,134,yes,yes,cellular,20,jul,2,-1,0,unknown,0,older
technician,married,secondary,no,98,no,yes,cellular,14,jul,3,-1,0,unknown,0,young
technician,single,tertiary,no,-56,yes,no,cellular,17,jul,4,-1,0,unknown,0,young
technician,single,secondary,no,172,yes,no,unknown,11,jun,3,0,0,unknown,0,young
management,married,tertiary,no,423,yes,no,cellular,22,nov,1,83,1,failure,0,young
technician,divorced,secondary,yes,292,no,yes,cellular,14,aug,4,-1,0,unknown,0,older
blue-collar,single,primary,no,229,no,no,unknown,7,may,1,-1,0,unknown,0,young
unemployed,divorced,secondary,no,433,yes,no,cellular,30,feb,2,-1,0,unknown,0,young
management,single,tertiary,no,-21,no,no,cellular,30,jul,4,-1,0,unknown,0,young
blue-collar,married,secondary,no,38,yes,yes,cellular,13,aug,5,92,11,other,0,young
management,divorced,secondary,no,2283,no,yes,telephone,23,jul,3,-1,0,unknown,0,older
management,married,tertiary,no,16,yes,no,cellular,13,jul,4,-1,0,unknown,0,young
retired,married,primary,no,3593,no,no,telephone,14,oct,1,-1,0,unknown,1,older
management,married,tertiary,no,125,yes,no,cellular,21,nov,1,-1,0,unknown,0,young
unknown,married,unknown,no,1419,yes,no,unknown,14,jun,1,-1,0,unknown,0,older
retired,married,primary,no,6766,no,no,telephone,4,mar,1,-1,0,unknown,0,older
management,married,tertiary,no,1554,no,no,cellular,13,jul,1,-1,0,unknown,0,older
management,single,secondary,no,4900,no,no,cellular,6,sep,1,-1,0,unknown,0,young
blue-collar,married,primary,no,3091,no,no,telephone,3,may,1,-1,0,unknown,0,older
blue-collar,divorced,secondary,no,2849,yes,no,cellular,20,apr,1,349,1,other,0,young
technician,single,secondary,no,14,yes,no,cellular,22,may,3,184,5,other,1,young
management,single,secondary,no,-89,yes,no,unknown,16,jun,1,-1,0,unknown,0,young
technician,single,secondary,no,1497,no,yes,cellular,14,jul,3,-1,0,unknown,0,older
services,married,secondary,no,3082,no,no,cellular,3,jul,2,-1,0,unknown,1,older
admin.,divorced,secondary,no,134,yes,no,unknown,19,may,3,-1,0,unknown,0,young
blue-collar,married,primary,no,36,yes,no,cellular,22,may,1,-1,0,unknown,0,young
blue-collar,married,secondary,no,-42,yes,yes,cellular,14,may,1,-1,0,unknown,0,older
entrepreneur,married,secondary,no,5200,yes,yes,unknown,21,may,3,-1,0,unknown,0,young
technician,divorced,tertiary,no,1197,yes,no,cellular,18,apr,5,147,3,other,0,young
technician,married,tertiary,no,2844,no,no,cellular,14,aug,4,-1,0,success,0,young
management,divorced,tertiary,no,631,no,no,telephone,10,nov,4,-1,0,unknown,0,young
management,married,tertiary,no,225,no,no,cellular,29,aug,3,-1,0,unknown,0,young
management,married,tertiary,no,869,yes,no,cellular,2,feb,2,97,1,success,1,young
entrepreneur,divorced,primary,no,510,yes,no,cellular,16,nov,4,-1,0,unknown,0,older
entrepreneur,married,tertiary,no,4868,yes,no,unknown,18,nov,1,-1,0,unknown,0,young
technician,single,secondary,no,8354,yes,no,telephone,21,nov,1,331,1,failure,0,young
unemployed,divorced,secondary,no,215,yes,no,cellular,0,feb,2,352,1,failure,0,young
technician,married,secondary,no,860,no,yes,cellular,9,may,1,348,1,failure,0,young
technician,married,secondary,no,2134,no,yes,cellular,2,feb,3,114,1,other,0,young
admin.,married,secondary,no,1513,no,no,cellular,4,apr,1,159,2,success,1,young
retired,married,primary,no,2103,no,no,telephone,8,may,1,-1,0,unknown,0,older
management,married,tertiary,no,113,no,no,cellular,27,jul,4,108,1,failure,0,young
management,married,tertiary,no,2586,yes,no,cellular,2,feb,4,96,1,success,0,young
blue-collar,single,secondary,no,1535,yes,no,unknown,26,jul,2,-1,0,unknown,0,young
blue-collar,divorced,secondary,no,1651,yes,no,unknown,13,may,3,-1,0,unknown,0,young
management,divorced,tertiary,no,199,no,no,unknown,11,may,1,-1,0,unknown,0,older
technician,single,secondary,no,-476,yes,no,unknown,27,may,3,-1,0,unknown,0,young
student,single,unknown,no,1570,yes,no,cellular,19,nov,2,-1,0,unknown,0,young
technician,single,secondary,no,632,no,no,unknown,28,jun,4,-1,0,unknown,0,young
retired,married,primary,no,2964,no,no,telephone,14,dec,5,-1,0,unknown,0,older
blue-collar,married,secondary,no,-69,yes,no,unknown,7,may,2,-1,0,unknown,0,older
blue-collar,single,secondary,no,-177,yes,no,cellular,12,aug,4,-1,0,unknown,0,young
retired,married,secondary,no,2923,no,no,cellular,9,oct,2,-1,0,unknown,0,older
entrepreneur,married,tertiary,no,18662,no,no,cellular,5,apr,5,143,0,success,0,young
management,single,tertiary,no,4495,no,no,unknown,5,jun,1,-1,0,unknown,0,older
self-employed,married,tertiary,yes,-47,no,no,cellular,12,jul,1,-1,0,unknown,0,young
self-employed,married,tertiary,no,109,yes,no,unknown,4,may,1,0,0,unknown,0,young
blue-collar,married,primary,no,124,no,no,telephone,8,apr,2,-1,0,unknown,0,older
management,married,primary,no,1100,no,no,cellular,11,aug,7,-1,0,unknown,0,older
management,married,secondary,no,-21,no,no,unknown,19,jun,2,-1,0,unknown,0,young
blue-collar,single,primary,yes,-19,no,no,cellular,19,aug,2,-1,0,unknown,0,young
management,single,tertiary,no,-151,yes,yes,cellular,12,jul,2,-1,0,unknown,0,older
entrepreneur,married,secondary,yes,-80,yes,no,unknown,5,may,1,-1,0,unknown,0,young
retired,married,secondary,no,707,no,no,unknown,3,jun,1,-1,0,unknown,0,older
blue-collar,married,secondary,no,448,yes,no,unknown,14,may,2,-1,0,unknown,0,young
management,married,tertiary,no,-481,no,no,cellular,30,jul,1,-2,0,unknown,0,young
admin.,married,secondary,no,180,no,yes,cellular,12,aug,1,-2,0,unknown,0,young
services,married,secondary,no,618,yes,no,unknown,21,nov,2,-1,0,unknown,0,young
blue-collar,married,primary,yes,408,no,yes,unknown,3,may,2,-1,0,unknown,0,older
retired,married,secondary,no,100,no,no,cellular,5,jul,2,-1,0,unknown,0,older
technician,married,secondary,no,716,no,no,cellular,27,jul,1,-1,0,unknown,0,older
self-employed,married,primary,no,2674,no,no,unknown,4,jun,1,-1,0,unknown,0,older
management,married,tertiary,no,115,yes,no,cellular,23,nov,2,-1,0,unknown,0,young
blue-collar,single,primary,no,1483,yes,no,telephone,15,apr,4,-1,0,unknown,0,older
technician,married,secondary,no,1628,yes,no,cellular,28,jan,2,112,1,failure,0,young
unemployed,married,secondary,no,2236,yes,no,cellular,10,feb,7,186,1,success,1,young
retired,married,secondary,no,733,no,no,cellular,20,oct,1,-1,0,unknown,0,older
self-employed,married,tertiary,no,3053,no,no,unknown,24,jun,1,-1,0,unknown,0,young
blue-collar,married,secondary,no,60,yes,no,unknown,21,may,2,-1,0,unknown,0,young
blue-collar,divorced,secondary,no,1279,yes,no,unknown,24,may,3,-1,0,unknown,0,young
blue-collar,married,primary,no,843,no,no,unknown,3,jun,1,-1,0,unknown,0,older
blue-collar,married,primary,no,7,yes,yes,cellular,12,may,4,344,1,failure,0,young
unemployed,married,secondary,no,-41,no,no,unknown,5,jun,2,-1,0,unknown,0,young
retired,married,primary,no,720,no,no,cellular,22,mar,2,-1,0,unknown,0,older
technician,divorced,tertiary,no,2110,yes,no,cellular,11,may,3,347,10,other,0,young
management,single,tertiary,no,-58,yes,no,cellular,13,may,7,-1,0,unknown,0,older
student,single,unknown,no,2889,yes,no,cellular,14,may,3,289,1,other,0,young
services,divorced,secondary,no,-259,yes,no,cellular,16,may,1,-1,0,unknown,0,young
management,married,tertiary,no,4494,no,no,cellular,20,jan,2,185,1,failure,0,young
blue-collar,married,primary,no,6642,no,no,cellular,26,oct,7,92,4,success,1,older
blue-collar,married,secondary,no,3087,yes,no,cellular,13,feb,2,448,3,failure,1,young
blue-collar,married,secondary,no,4578,yes,no,telephone,13,may,1,351,4,failure,0,young
technician,single,secondary,no,501,yes,no,cellular,1,oct,6,184,1,failure,0,young
unknown,divorced,tertiary,no,3411,no,no,cellular,20,aug,4,-1,0,unknown,0,older
retired,married,primary,no,152,no,no,cellular,18,may,3,-1,0,unknown,0,older
services,married,secondary,no,199,yes,no,cellular,13,may,2,-1,0,unknown,0,older
unemployed,single,secondary,no,61,yes,no,unknown,14,may,2,0,0,unknown,0,young
blue-collar,married,secondary,no,779,no,yes,cellular,23,jun,5,-1,0,unknown,0,young
technician,married,secondary,no,154,yes,no,cellular,20,nov,2,0,0,unknown,0,young
management,single,tertiary,no,-325,yes,no,cellular,4,may,2,-1,0,unknown,0,young
blue-collar,single,primary,no,249,yes,yes,cellular,14,may,3,353,1,failure,0,young
admin.,single,secondary,no,2278,yes,yes,unknown,11,may,3,-1,0,unknown,0,young
blue-collar,married,secondary,no,167,no,no,cellular,20,jul,4,-1,0,unknown,0,young
technician,married,secondary,no,906,yes,no,cellular,1,feb,2,176,1,failure,0,young
entrepreneur,single,tertiary,yes,637,yes,yes,cellular,24,may,1,356,1,failure,0,young
technician,married,secondary,no,979,no,no,cellular,21,nov,4,128,0,failure,0,older
self-employed,married,tertiary,no,58,no,no,cellular,16,jul,1,-1,0,unknown,0,young
blue-collar,married,primary,no,876,no,no,unknown,4,may,2,-1,0,unknown,0,older
blue-collar,married,secondary,yes,2597,yes,no,cellular,20,jul,2,-1,0,unknown,0,older
management,single,primary,no,-902,yes,no,unknown,19,jun,3,-1,0,unknown,0,young
technician,single,tertiary,no,433,no,no,telephone,0,feb,2,263,0,unknown,0,young
blue-collar,single,secondary,no,-19,yes,no,cellular,13,apr,1,330,4,failure,0,young
retired,married,primary,no,2207,no,no,telephone,19,apr,1,-1,0,unknown,0,older
blue-collar,married,secondary,yes,-7,yes,no,cellular,20,feb,5,265,4,failure,0,older
management,married,tertiary,no,408,yes,no,unknown,24,jul,4,-1,0,unknown,0,young
blue-collar,single,secondary,no,103,no,no,cellular,18,aug,7,-1,0,unknown,0,young
blue-collar,single,secondary,no,258,yes,yes,cellular,30,aug,3,-1,0,unknown,0,young
technician,single,secondary,no,-49,no,yes,cellular,26,jul,3,-1,0,unknown,0,young
management,married,primary,no,3390,no,no,telephone,18,jul,1,-1,0,unknown,0,older
blue-collar,married,secondary,yes,301,yes,yes,unknown,23,jul,3,-1,0,unknown,0,young
entrepreneur,married,unknown,no,436,no,no,unknown,5,may,1,-1,0,unknown,0,young
technician,married,secondary,no,191,no,yes,cellular,23,aug,5,-1,0,unknown,0,older
blue-collar,married,secondary,no,1,no,no,unknown,8,may,2,-1,0,unknown,0,older
housemaid,single,secondary,no,544,yes,yes,cellular,7,sep,7,144,4,failure,0,young
technician,married,tertiary,no,2562,yes,no,cellular,14,may,4,345,4,failure,0,young
self-employed,married,tertiary,no,96,yes,no,cellular,12,feb,1,261,1,failure,0,young
blue-collar,married,secondary,no,-434,yes,no,unknown,19,may,1,-1,0,unknown,0,young
blue-collar,married,secondary,no,464,no,no,cellular,8,jul,6,-1,0,unknown,0,older
retired,married,primary,no,325,no,no,unknown,2,feb,2,-1,0,unknown,0,older
blue-collar,divorced,secondary,no,5392,yes,no,cellular,13,apr,2,-1,11,unknown,0,older
services,single,secondary,no,-686,yes,no,cellular,25,may,1,352,9,failure,0,young
management,divorced,tertiary,no,1840,yes,no,telephone,15,may,2,97,1,other,0,young
management,single,tertiary,no,0,no,no,cellular,20,aug,10,-1,1,failure,0,young
technician,married,secondary,no,194,no,yes,unknown,10,jun,11,-1,0,unknown,0,older
technician,married,secondary,yes,617,yes,yes,cellular,18,nov,1,-1,0,unknown,0,young
management,married,tertiary,no,110,no,no,cellular,20,nov,6,113,6,other,0,young
blue-collar,divorced,secondary,no,869,yes,no,unknown,2,may,1,-1,0,unknown,0,young
technician,married,secondary,no,1578,yes,no,cellular,21,apr,1,-1,0,unknown,0,young
technician,single,tertiary,no,991,yes,no,cellular,12,may,4,135,1,failure,1,young
services,married,secondary,yes,29,yes,no,unknown,12,feb,4,-1,0,unknown,0,older
blue-collar,married,primary,no,2566,no,no,unknown,22,may,2,-1,0,unknown,0,older
technician,single,secondary,no,-110,yes,no,cellular,18,apr,3,-1,0,unknown,0,young
management,divorced,secondary,no,1068,yes,no,cellular,15,apr,2,336,2,other,1,young
blue-collar,married,primary,no,526,no,no,cellular,21,apr,1,-1,0,unknown,0,older
management,married,tertiary,no,8584,yes,no,cellular,19,may,2,-1,0,unknown,1,young
management,single,tertiary,no,1934,no,no,cellular,31,aug,4,-1,0,unknown,0,young
technician,married,secondary,yes,-67,no,no,cellular,13,jul,3,-1,0,unknown,0,young
management,divorced,tertiary,no,461,no,no,telephone,15,may,2,-1,0,unknown,0,older
unemployed,single,tertiary,no,10182,yes,no,cellular,18,nov,3,-1,0,unknown,0,young
technician,divorced,secondary,no,-430,no,no,cellular,4,jul,2,-1,0,unknown,0,older
management,married,tertiary,no,39,yes,no,unknown,15,jun,4,-1,0,unknown,0,young
unemployed,divorced,secondary,no,10967,yes,yes,unknown,21,nov,1,-1,0,unknown,0,young
retired,single,tertiary,no,1522,no,no,telephone,7,sep,1,-1,0,unknown,0,older
blue-collar,married,primary,no,222,yes,no,cellular,13,may,2,-1,0,unknown,0,young
admin.,single,secondary,no,99,no,no,cellular,21,apr,3,-1,0,unknown,0,young
technician,divorced,secondary,no,-66,yes,no,cellular,3,feb,1,-1,0,unknown,0,young
management,single,tertiary,yes,-330,yes,no,cellular,12,jun,2,340,1,other,0,young
blue-collar,divorced,unknown,no,131,no,no,cellular,12,may,1,-2,0,unknown,0,older
blue-collar,married,primary,no,271,no,no,cellular,8,nov,2,351,1,failure,0,older
blue-collar,divorced,primary,no,2670,yes,no,unknown,14,apr,4,-2,0,unknown,0,older
housemaid,married,secondary,yes,6782,yes,no,telephone,2,nov,5,185,2,failure,0,older
unknown,single,unknown,no,1905,no,no,cellular,17,apr,1,-1,0,unknown,0,older
entrepreneur,married,secondary,yes,113,no,no,cellular,19,nov,10,-1,0,unknown,0,young
blue-collar,single,secondary,no,184,no,no,unknown,2,jun,5,-1,0,unknown,1,young
blue-collar,married,primary,no,11041,yes,no,cellular,20,apr,2,175,0,success,0,older
blue-collar,married,primary,no,140,no,no,cellular,2,feb,1,86,4,success,0,young
entrepreneur,divorced,secondary,no,6937,yes,no,telephone,21,jul,2,-1,0,unknown,0,young
self-employed,divorced,unknown,no,-28,yes,no,unknown,12,may,2,-1,0,unknown,0,young
technician,single,secondary,no,2021,yes,no,unknown,12,may,3,359,0,unknown,0,young
management,divorced,tertiary,no,7364,yes,no,unknown,12,jun,3,-1,0,unknown,0,older
blue-collar,married,secondary,no,224,no,no,cellular,5,aug,4,-1,0,unknown,0,young
self-employed,married,primary,yes,-337,yes,no,unknown,14,may,2,-1,0,unknown,0,young
management,married,tertiary,no,109,yes,no,cellular,8,jul,8,277,4,failure,0,young
blue-collar,married,primary,no,-38,yes,no,cellular,13,may,1,-1,0,unknown,0,young
services,divorced,secondary,no,2286,yes,no,cellular,20,apr,4,88,2,failure,0,young
technician,married,secondary,no,-311,no,yes,unknown,27,may,1,-1,0,unknown,0,older
blue-collar,married,secondary,no,1907,no,yes,cellular,19,nov,3,140,4,failure,0,older
management,married,primary,no,155,no,no,unknown,10,may,1,-1,0,unknown,0,young
management,married,tertiary,no,4935,no,no,unknown,12,jun,1,-1,0,unknown,1,older
admin.,married,secondary,no,2921,yes,yes,cellular,19,apr,3,-1,0,unknown,0,young
blue-collar,married,secondary,no,81,yes,no,cellular,14,apr,3,363,4,failure,0,young
technician,divorced,secondary,no,6648,yes,no,unknown,20,nov,1,0,0,unknown,0,young
housemaid,married,secondary,no,4781,yes,no,cellular,19,apr,2,-1,0,unknown,0,older
unemployed,single,secondary,no,2184,no,yes,cellular,31,jan,3,-1,0,unknown,0,young
management,single,tertiary,no,9,yes,no,cellular,20,nov,3,127,6,other,0,young
technician,divorced,secondary,no,2458,no,no,cellular,2,feb,4,-1,0,unknown,0,young
entrepreneur,single,tertiary,no,59,yes,no,cellular,15,may,3,339,1,failure,0,young
entrepreneur,married,secondary,no,4306,no,yes,cellular,17,jul,2,-1,0,unknown,0,older
admin.,single,secondary,no,726,yes,no,cellular,13,apr,3,355,1,other,0,young
technician,married,secondary,no,1585,no,no,cellular,15,jul,10,-1,0,unknown,1,young
technician,divorced,secondary,no,445,no,no,cellular,11,aug,2,-1,0,unknown,0,older
blue-collar,married,secondary,no,847,no,yes,telephone,29,jul,7,-1,0,unknown,0,older
unemployed,married,secondary,no,3445,no,no,cellular,24,mar,3,184,1,success,1,older
blue-collar,married,primary,no,1124,no,no,unknown,5,apr,1,-1,0,unknown,0,older
housemaid,married,primary,no,1492,no,no,cellular,16,jul,5,-1,0,unknown,0,older
blue-collar,married,primary,no,1561,yes,no,cellular,4,feb,2,351,9,failure,0,young
technician,married,secondary,no,1581,no,no,unknown,24,may,1,-1,0,unknown,0,young
management,divorced,primary,no,-586,yes,no,unknown,14,may,3,-1,0,unknown,0,young
retired,divorced,secondary,no,576,no,no,cellular,14,jul,1,-1,0,unknown,0,older
blue-collar,married,primary,no,1989,yes,no,cellular,15,nov,1,-1,0,unknown,0,older
technician,single,secondary,no,-45,no,no,cellular,17,jul,3,-1,0,unknown,0,young
blue-collar,married,primary,no,1558,yes,no,unknown,22,may,3,-1,0,unknown,0,older
blue-collar,married,primary,no,-139,yes,no,unknown,9,may,10,-1,0,unknown,0,young
blue-collar,divorced,primary,no,1720,yes,no,cellular,15,may,1,-1,0,unknown,0,young
management,married,tertiary,no,2988,no,no,unknown,10,aug,2,-1,0,unknown,0,young
retired,married,secondary,no,1868,no,no,telephone,22,jul,3,-1,0,unknown,0,older
blue-collar,single,secondary,no,530,no,no,telephone,26,jul,1,-1,0,unknown,0,young
technician,single,secondary,no,45,no,no,cellular,27,jul,7,-1,0,unknown,0,young
management,divorced,tertiary,no,-1817,no,no,unknown,27,jun,7,-1,0,unknown,0,young
services,married,secondary,no,3747,yes,no,cellular,11,jul,4,-1,0,unknown,0,young
management,single,tertiary,no,174,no,no,cellular,12,aug,4,-1,0,unknown,0,young
retired,married,secondary,no,2288,yes,no,cellular,13,may,3,352,4,failure,0,older
entrepreneur,divorced,secondary,yes,-133,no,no,cellular,21,jul,3,-1,0,unknown,0,young
technician,divorced,secondary,no,-20,no,no,cellular,22,aug,2,-2,0,unknown,0,older
blue-collar,married,secondary,no,3366,no,no,telephone,13,aug,1,-1,0,unknown,1,older
retired,divorced,primary,yes,183,no,no,unknown,5,jul,1,-1,0,unknown,0,older
technician,married,secondary,no,-2,no,no,cellular,5,feb,7,-1,0,unknown,0,older
blue-collar,married,primary,no,1299,yes,yes,cellular,5,feb,1,-1,0,unknown,0,older
blue-collar,married,secondary,no,-36,yes,yes,cellular,19,apr,3,-1,0,unknown,0,older
management,divorced,tertiary,no,559,no,no,cellular,25,aug,4,-1,0,unknown,0,young
technician,divorced,secondary,no,1581,no,no,cellular,8,jul,1,-1,0,unknown,0,older
unknown,divorced,secondary,no,2375,no,no,cellular,18,nov,2,-1,0,unknown,0,older
blue-collar,married,secondary,no,5577,yes,no,unknown,19,jun,4,-1,0,unknown,0,young
management,married,tertiary,no,948,yes,no,telephone,1,jun,2,138,1,failure,0,young
blue-collar,married,primary,yes,-165,yes,no,telephone,11,apr,4,-1,0,unknown,0,older
self-employed,married,tertiary,no,369,no,no,cellular,7,feb,7,-1,0,unknown,1,older
blue-collar,married,primary,no,-225,yes,no,unknown,15,may,3,-1,0,unknown,0,older
technician,married,secondary,no,145,no,yes,cellular,7,jul,3,-1,0,unknown,0,young
blue-collar,married,secondary,no,1922,no,yes,cellular,14,jul,4,-1,0,unknown,0,older
technician,married,secondary,no,1514,no,no,cellular,21,aug,9,-1,0,unknown,0,young
blue-collar,married,secondary,no,-171,yes,no,unknown,21,may,1,-1,0,unknown,0,young
student,divorced,unknown,no,10922,yes,no,unknown,20,may,1,-1,0,unknown,0,young
technician,married,secondary,no,566,no,no,cellular,19,aug,7,-1,0,unknown,0,young
admin.,married,secondary,no,179,no,no,cellular,13,aug,4,-1,0,unknown,0,young
self-employed,married,tertiary,no,-48,yes,no,unknown,9,may,3,-1,0,unknown,0,young
entrepreneur,married,tertiary,no,1078,no,no,unknown,21,jun,1,-1,0,unknown,0,older
management,single,tertiary,no,12196,yes,no,cellular,20,aug,3,-1,0,unknown,1,young
admin.,divorced,secondary,no,6867,yes,no,cellular,31,may,2,275,1,failure,0,young
retired,divorced,secondary,no,1316,no,no,cellular,13,jul,1,-1,1,failure,0,older
technician,married,secondary,no,-58,yes,yes,cellular,8,may,5,-1,0,unknown,0,young
technician,married,secondary,no,1087,yes,no,telephone,2,apr,2,96,2,failure,1,older
services,married,secondary,no,589,yes,no,cellular,16,jul,4,-1,0,unknown,0,young
blue-collar,married,primary,no,-277,yes,no,unknown,29,may,5,-1,0,unknown,0,older
management,married,tertiary,no,123,yes,no,cellular,11,jul,2,-1,0,unknown,0,older
blue-collar,married,secondary,no,4272,no,no,cellular,6,feb,1,-1,0,unknown,0,young
technician,divorced,secondary,no,1234,yes,no,cellular,4,feb,1,142,1,failure,0,older
management,divorced,tertiary,no,1066,no,no,cellular,24,feb,1,128,9,other,0,older
management,divorced,tertiary,no,144,no,yes,cellular,18,jul,1,-1,0,unknown,0,young
management,married,tertiary,no,11402,yes,no,cellular,3,apr,1,87,1,failure,0,young
blue-collar,married,primary,no,2010,no,no,telephone,2,feb,1,-1,0,unknown,0,older
technician,divorced,secondary,no,121,yes,no,cellular,3,nov,7,-1,0,unknown,0,young
entrepreneur,single,unknown,no,6153,no,no,cellular,3,jul,3,0,0,unknown,1,older
management,divorced,tertiary,no,672,yes,no,cellular,17,apr,2,-1,0,unknown,0,young
technician,married,secondary,yes,166,no,no,cellular,14,aug,4,-1,0,unknown,0,older
technician,married,secondary,no,-263,yes,no,cellular,20,apr,1,-1,0,unknown,0,young
housemaid,divorced,secondary,no,1133,no,no,cellular,18,nov,4,-1,0,unknown,0,young
blue-collar,married,primary,no,860,yes,no,telephone,16,jul,2,-1,0,unknown,0,older
blue-collar,single,secondary,no,557,no,no,unknown,2,jun,3,-1,0,unknown,0,young
management,divorced,tertiary,no,180,yes,no,cellular,20,apr,1,182,4,failure,0,older
retired,divorced,secondary,no,680,no,no,telephone,9,apr,1,-1,0,unknown,1,older
services,married,primary,no,3005,yes,no,cellular,14,jul,2,-1,0,unknown,0,older
technician,single,secondary,no,3608,no,no,unknown,3,may,1,-1,0,unknown,0,young
management,married,tertiary,no,2644,no,no,cellular,21,aug,7,-1,0,unknown,0,older
student,single,secondary,yes,211,no,yes,cellular,5,feb,3,-1,0,unknown,1,young
technician,single,secondary,yes,-106,no,no,cellular,20,aug,2,0,0,unknown,0,young
retired,married,primary,no,505,no,no,cellular,22,sep,1,-1,0,unknown,1,older
blue-collar,married,secondary,no,1198,no,no,cellular,14,may,1,-1,0,unknown,0,older
blue-collar,single,secondary,no,447,yes,no,unknown,5,may,1,-1,0,unknown,0,young
technician,divorced,secondary,yes,235,yes,no,cellular,18,nov,2,-1,0,unknown,0,young
blue-collar,married,primary,yes,428,no,no,cellular,18,jul,1,-1,0,unknown,0,older
services,single,secondary,yes,-111,yes,no,cellular,21,jul,1,-1,0,unknown,0,young
entrepreneur,married,secondary,no,52,yes,no,unknown,10,may,5,-1,0,unknown,0,young
services,married,secondary,no,156,no,no,cellular,13,jul,3,-1,0,unknown,0,older
blue-collar,married,secondary,no,423,yes,no,cellular,18,apr,4,243,1,failure,0,young
blue-collar,married,secondary,no,717,no,no,telephone,12,jul,4,-1,0,unknown,0,young
blue-collar,married,primary,no,68,no,yes,telephone,8,jul,3,-1,0,unknown,0,young
services,married,secondary,no,1643,yes,yes,unknown,22,may,3,-1,0,unknown,0,young
technician,single,secondary,no,1245,no,no,unknown,1,jun,5,-1,0,unknown,0,young
services,married,secondary,no,736,yes,no,unknown,12,may,2,-1,0,unknown,1,young
management,single,tertiary,no,152,no,no,cellular,15,may,3,-1,1,unknown,0,young
technician,married,unknown,no,1527,no,no,cellular,5,feb,2,-1,0,unknown,0,young
housemaid,divorced,tertiary,no,886,no,no,telephone,20,jul,7,-1,0,unknown,0,young
services,married,secondary,no,4036,no,yes,cellular,17,jul,7,-1,0,unknown,0,older
admin.,married,secondary,no,1544,yes,no,unknown,10,may,3,-1,0,unknown,0,young
management,single,tertiary,no,4035,no,no,cellular,18,may,5,96,1,success,1,young
technician,married,secondary,no,-92,yes,no,cellular,27,may,3,-1,0,unknown,0,young
retired,married,unknown,no,7713,no,no,unknown,2,jun,1,-1,0,unknown,0,older
retired,single,primary,no,3609,no,no,cellular,13,mar,1,-1,0,unknown,1,young
retired,married,primary,no,1845,no,no,unknown,2,feb,1,-1,0,unknown,1,older
blue-collar,married,secondary,no,-46,yes,no,cellular,27,may,1,-1,0,unknown,0,older
services,divorced,secondary,yes,40,yes,no,cellular,13,may,1,-1,0,unknown,0,young
blue-collar,married,primary,no,1085,yes,no,cellular,14,may,2,344,1,failure,0,older
technician,married,secondary,no,-58,no,no,unknown,25,may,1,-1,0,unknown,0,young
technician,single,secondary,yes,-132,no,no,cellular,29,jul,7,-1,0,unknown,0,young
services,married,secondary,no,187,no,yes,unknown,7,jun,1,-1,0,unknown,1,older
admin.,divorced,secondary,no,958,no,no,cellular,15,aug,5,-1,0,unknown,0,older
blue-collar,married,primary,no,568,yes,no,unknown,4,jun,7,-2,0,unknown,0,older
management,married,tertiary,no,-268,no,no,cellular,17,aug,7,-1,0,unknown,0,older
blue-collar,married,primary,yes,1860,yes,no,cellular,20,nov,5,-1,0,unknown,0,older
housemaid,married,primary,no,1597,no,no,cellular,13,jan,1,-1,0,unknown,0,older
services,married,secondary,no,3489,yes,no,cellular,13,jul,3,-1,0,unknown,0,older
entrepreneur,divorced,secondary,yes,292,yes,yes,cellular,23,jul,2,-1,0,unknown,0,young
blue-collar,married,primary,no,4126,yes,no,cellular,9,jul,4,-1,0,unknown,0,young
blue-collar,married,secondary,no,-240,yes,no,unknown,20,jun,10,-1,0,unknown,0,older
technician,divorced,tertiary,no,1327,no,no,cellular,29,aug,10,137,1,unknown,0,young
entrepreneur,single,tertiary,no,479,yes,no,unknown,11,may,1,-1,0,unknown,0,older
self-employed,married,secondary,no,4653,no,no,cellular,7,aug,6,-1,0,unknown,0,young
technician,married,secondary,no,4846,yes,no,cellular,18,apr,1,-1,0,failure,0,older
retired,married,secondary,no,21989,no,no,cellular,18,nov,7,-1,0,unknown,0,older
retired,married,primary,no,2092,no,no,telephone,29,jan,4,-1,0,unknown,0,older
technician,married,secondary,no,5122,no,no,telephone,13,feb,1,103,6,success,1,older
technician,single,secondary,no,54,no,no,cellular,19,jul,4,-1,0,unknown,1,young
self-employed,married,secondary,no,109,yes,no,cellular,12,may,4,128,4,failure,0,young
blue-collar,single,secondary,no,-365,yes,no,unknown,24,may,1,-1,0,unknown,0,young
management,divorced,tertiary,no,21518,no,no,cellular,18,nov,1,111,1,failure,0,older
technician,divorced,secondary,no,2564,yes,no,cellular,18,nov,1,0,0,unknown,0,young
management,married,tertiary,no,3781,no,no,cellular,6,aug,2,-1,0,unknown,1,young
retired,divorced,primary,no,2643,yes,no,telephone,19,may,1,-1,0,unknown,0,older
self-employed,married,tertiary,no,3030,yes,no,unknown,3,feb,2,-1,0,unknown,0,young
blue-collar,single,secondary,no,13717,yes,no,cellular,21,nov,3,365,2,other,0,young
retired,married,primary,no,1305,no,no,unknown,4,jun,1,-1,0,unknown,0,older
unemployed,divorced,secondary,no,5340,no,no,cellular,2,feb,2,-1,0,unknown,1,older
management,married,tertiary,no,1847,yes,no,cellular,17,apr,5,95,1,failure,0,older
management,married,primary,no,1564,yes,no,cellular,16,may,1,142,1,failure,0,young
blue-collar,divorced,secondary,no,378,yes,yes,cellular,13,may,2,352,1,other,0,young
blue-collar,divorced,secondary,no,448,yes,no,cellular,3,jul,1,-1,0,unknown,0,older
student,single,tertiary,no,824,no,no,cellular,4,jun,5,184,2,other,0,young
technician,married,secondary,no,1585,yes,no,unknown,20,may,3,-1,0,unknown,0,older
technician,single,tertiary,yes,-801,no,no,cellular,22,aug,4,-1,0,unknown,0,young
admin.,single,secondary,no,1762,yes,no,unknown,11,may,1,-1,0,unknown,1,young
self-employed,married,secondary,no,-85,no,no,unknown,7,may,3,-1,0,unknown,0,young
student,single,secondary,no,3830,no,no,cellular,18,aug,2,-1,0,unknown,0,young
blue-collar,divorced,tertiary,no,414,yes,no,cellular,22,apr,1,-1,0,unknown,1,older
management,married,tertiary,no,1412,no,no,cellular,22,mar,2,-1,0,unknown,1,young
unemployed,single,primary,no,23,no,no,unknown,4,may,14,-1,0,unknown,0,young
blue-collar,divorced,primary,no,692,yes,no,unknown,23,may,1,-1,0,unknown,0,young
technician,single,secondary,yes,-18,yes,yes,cellular,21,may,1,-1,0,unknown,0,young
blue-collar,married,primary,no,532,yes,no,cellular,12,may,7,-1,0,unknown,0,young
technician,married,tertiary,no,5350,no,no,unknown,21,jun,1,-1,0,unknown,0,young
self-employed,married,tertiary,no,5783,no,no,unknown,18,jun,3,-1,0,unknown,0,young
management,single,tertiary,no,810,no,no,unknown,15,jun,1,-1,0,unknown,0,older
management,married,tertiary,no,105,yes,no,unknown,9,may,4,-1,0,unknown,0,older
self-employed,married,tertiary,no,2515,no,no,unknown,20,jun,5,-1,0,unknown,0,older
management,single,secondary,no,46,yes,no,cellular,18,apr,4,-1,0,unknown,0,young
management,single,tertiary,no,2492,no,no,cellular,23,dec,5,188,1,success,1,young
blue-collar,married,tertiary,no,-153,yes,no,unknown,12,may,3,-1,0,unknown,0,young
admin.,divorced,secondary,no,3718,yes,no,cellular,14,jan,5,135,11,other,0,older
self-employed,divorced,tertiary,no,4943,no,no,cellular,30,jul,10,-1,0,unknown,0,older
technician,single,secondary,no,3566,no,no,unknown,30,jan,1,-1,0,unknown,0,young
blue-collar,married,primary,no,129,no,no,cellular,16,apr,1,-1,0,unknown,0,older
blue-collar,married,unknown,no,466,yes,yes,unknown,21,jul,2,-1,0,unknown,0,older
technician,married,secondary,no,503,no,yes,telephone,21,jul,1,-1,0,unknown,0,older
blue-collar,married,secondary,no,131,no,no,unknown,5,jun,1,-1,0,unknown,0,older
housemaid,married,secondary,no,947,no,no,cellular,19,aug,10,-1,0,unknown,0,young
admin.,married,secondary,yes,4794,no,no,cellular,21,jul,2,-1,0,unknown,0,older
retired,married,primary,no,3149,no,no,telephone,3,oct,1,-1,0,unknown,0,older
blue-collar,single,primary,no,-64,yes,no,unknown,12,may,3,-1,0,unknown,0,young
blue-collar,married,primary,yes,-54,yes,no,unknown,22,may,1,-1,0,unknown,0,young
retired,married,secondary,no,4963,no,no,telephone,21,nov,7,-1,0,unknown,0,older
technician,divorced,secondary,no,-32,yes,no,cellular,22,may,4,-1,0,unknown,0,young
retired,married,unknown,no,182,no,no,unknown,7,jun,1,0,0,unknown,0,older
technician,divorced,secondary,no,2519,yes,yes,cellular,14,may,3,-1,0,unknown,1,young
services,divorced,secondary,no,1128,yes,no,cellular,21,apr,2,-2,0,unknown,0,older
student,single,secondary,no,236,no,no,cellular,21,mar,2,-1,1,unknown,0,young
management,married,tertiary,no,671,no,no,cellular,22,aug,7,-1,0,unknown,0,young
housemaid,divorced,secondary,no,141,no,no,telephone,8,jul,7,-1,0,unknown,0,older
services,married,secondary,no,-311,yes,no,unknown,17,may,2,-1,0,unknown,0,young
technician,single,secondary,no,46,yes,no,cellular,12,jul,4,-1,0,unknown,0,young
technician,single,secondary,yes,-234,yes,no,cellular,22,jul,1,-1,0,unknown,0,young
technician,divorced,secondary,no,324,yes,no,cellular,17,apr,2,129,3,failure,0,young
admin.,married,secondary,no,3545,no,yes,cellular,17,nov,1,-1,0,unknown,0,older
management,single,tertiary,no,45,yes,no,cellular,21,jul,4,-1,0,unknown,0,young
blue-collar,married,primary,no,1529,yes,no,unknown,20,jun,3,-1,0,unknown,0,older
technician,married,secondary,no,-754,yes,no,unknown,23,may,3,-1,0,unknown,0,young
blue-collar,married,tertiary,no,1,yes,no,cellular,13,may,15,-1,0,unknown,0,older
management,married,tertiary,no,381,yes,no,unknown,10,may,1,-1,0,unknown,0,older
blue-collar,married,primary,no,-102,yes,no,unknown,16,may,3,-1,0,unknown,0,young
blue-collar,married,secondary,no,-35,yes,no,unknown,5,may,1,-1,0,unknown,0,young
management,married,secondary,no,1913,yes,no,cellular,10,jul,2,-1,0,unknown,0,young
management,divorced,tertiary,no,5765,no,no,cellular,15,jul,6,162,1,failure,0,young
technician,divorced,secondary,no,13,no,no,cellular,11,feb,6,175,6,failure,0,young
blue-collar,married,secondary,yes,-205,yes,no,unknown,12,may,1,-1,0,unknown,0,young
blue-collar,divorced,primary,no,62,yes,no,unknown,14,may,1,-2,0,unknown,0,older
blue-collar,married,primary,no,768,yes,no,unknown,3,may,3,-1,0,unknown,0,young
entrepreneur,married,tertiary,no,3039,yes,no,cellular,24,nov,1,-1,0,unknown,0,older
blue-collar,single,secondary,no,160,no,no,telephone,13,jul,2,-1,0,unknown,0,older
technician,divorced,secondary,yes,239,no,no,cellular,15,aug,4,-1,0,unknown,0,young
technician,married,secondary,no,431,yes,no,cellular,14,apr,2,177,1,other,0,young
blue-collar,married,primary,no,1111,yes,no,unknown,13,may,1,-1,0,unknown,0,young
blue-collar,married,primary,yes,95,yes,no,cellular,13,aug,4,-1,1,failure,0,young
blue-collar,married,primary,no,336,yes,no,unknown,20,may,2,-1,0,unknown,0,young
technician,divorced,primary,no,-194,yes,no,unknown,29,may,1,-1,0,unknown,0,older
management,married,tertiary,no,1495,yes,no,cellular,6,jul,1,-1,0,unknown,0,young
student,divorced,secondary,no,2402,no,no,unknown,12,jul,10,-2,0,unknown,0,young
self-employed,married,tertiary,no,19058,yes,no,cellular,20,nov,4,131,1,failure,0,young
technician,married,secondary,no,-1388,yes,no,unknown,13,may,1,-1,0,unknown,0,young
blue-collar,married,secondary,no,-100,yes,no,cellular,13,may,1,364,1,failure,0,young
self-employed,married,tertiary,no,439,yes,no,unknown,20,may,5,-1,0,unknown,0,older
technician,married,secondary,no,1338,no,no,unknown,20,aug,4,-1,0,unknown,1,older
blue-collar,married,secondary,no,-366,yes,no,cellular,17,apr,3,148,6,other,0,young
management,married,secondary,no,427,no,no,cellular,27,jul,1,-1,0,unknown,0,older
management,divorced,tertiary,no,1105,yes,no,unknown,6,may,4,-1,0,unknown,0,young
management,married,secondary,no,46,no,no,telephone,7,may,1,-1,0,unknown,1,older
entrepreneur,divorced,secondary,no,563,yes,no,unknown,18,jun,6,-1,0,unknown,0,older
blue-collar,divorced,secondary,no,453,yes,no,cellular,14,aug,4,-1,0,unknown,0,young
self-employed,married,tertiary,no,3330,no,no,cellular,24,apr,5,-1,0,unknown,0,older
blue-collar,married,secondary,no,125,no,no,cellular,3,feb,2,272,10,other,0,young
management,single,tertiary,no,5203,no,no,cellular,21,nov,1,96,0,unknown,1,young
technician,single,tertiary,no,816,no,no,cellular,14,oct,3,90,6,failure,0,young
blue-collar,married,secondary,no,1371,no,yes,cellular,10,aug,4,-1,0,unknown,0,older
management,married,tertiary,no,-1299,yes,no,unknown,21,jul,2,-1,0,unknown,0,young
management,married,tertiary,no,-87,yes,no,cellular,15,apr,4,-1,0,unknown,0,young
blue-collar,single,secondary,no,7996,yes,no,cellular,20,apr,3,366,2,failure,1,young
management,divorced,tertiary,no,167,no,no,cellular,20,jul,7,93,2,success,0,young
services,single,secondary,no,6879,no,no,cellular,8,aug,2,-1,0,unknown,0,young
blue-collar,married,primary,no,2340,no,no,unknown,4,jun,2,-1,0,unknown,0,older
blue-collar,divorced,primary,no,387,yes,no,cellular,14,may,1,356,1,failure,0,young
management,divorced,tertiary,no,-41,yes,no,cellular,12,aug,4,-1,0,unknown,0,young
technician,married,secondary,no,716,no,no,cellular,13,apr,3,122,2,failure,1,young
retired,divorced,tertiary,no,97,yes,no,cellular,19,nov,1,106,1,failure,0,older
management,single,tertiary,no,11391,yes,no,cellular,29,jan,1,-1,0,unknown,0,young
blue-collar,married,secondary,no,223,yes,no,unknown,12,may,2,-1,0,unknown,0,young
blue-collar,married,primary,no,196,yes,no,cellular,6,feb,2,-1,0,unknown,0,young
technician,single,secondary,no,127,no,no,cellular,19,aug,4,-1,0,unknown,0,young
services,married,secondary,no,702,no,yes,cellular,20,jul,4,-1,0,unknown,0,young
management,divorced,tertiary,no,2682,yes,no,cellular,31,apr,3,347,1,other,0,young
blue-collar,married,primary,no,155,yes,no,unknown,14,may,1,-1,0,unknown,0,young
technician,married,secondary,no,-212,yes,no,unknown,12,may,5,-1,0,unknown,0,young
technician,married,secondary,no,474,no,no,cellular,3,oct,1,-1,0,unknown,0,young
blue-collar,married,primary,no,46,yes,no,cellular,14,may,1,-1,0,unknown,0,older
technician,married,secondary,no,1112,no,no,cellular,3,feb,1,-1,0,unknown,0,older
management,single,tertiary,no,4936,no,no,cellular,18,nov,2,138,1,failure,0,young
technician,married,tertiary,no,376,no,no,unknown,21,may,14,-1,0,unknown,0,older
services,married,secondary,no,519,yes,no,cellular,11,may,5,341,4,other,0,young
self-employed,single,secondary,no,452,yes,no,cellular,16,nov,2,352,10,failure,0,young
admin.,divorced,secondary,no,140,no,yes,cellular,23,jul,1,-1,0,unknown,0,older
housemaid,married,secondary,no,-136,yes,no,cellular,30,jan,4,-1,0,unknown,0,older
technician,single,secondary,no,27,no,yes,cellular,22,jul,3,355,9,failure,0,young
self-employed,married,tertiary,no,3461,no,no,cellular,20,dec,3,-1,0,unknown,0,young
entrepreneur,divorced,secondary,no,1639,yes,no,telephone,20,nov,4,-2,0,unknown,0,older
blue-collar,married,tertiary,yes,-766,yes,yes,cellular,18,jul,1,-1,0,unknown,0,young
blue-collar,married,secondary,yes,-167,no,no,unknown,27,aug,5,-1,0,unknown,0,older
blue-collar,divorced,secondary,yes,628,yes,no,unknown,22,may,2,-1,0,unknown,0,older
housemaid,married,secondary,yes,-34,no,yes,cellular,18,jul,5,-1,0,unknown,0,older
management,married,tertiary,yes,-75,yes,no,cellular,27,may,4,-1,0,unknown,0,older
services,single,secondary,no,-126,yes,no,cellular,28,jul,4,-1,0,unknown,0,young
blue-collar,divorced,secondary,no,263,yes,no,cellular,12,may,3,349,4,failure,0,young
blue-collar,single,secondary,no,159,yes,no,unknown,4,may,1,-1,0,unknown,0,young
unemployed,married,secondary,no,3529,yes,no,cellular,8,apr,1,273,1,failure,0,young
blue-collar,single,secondary,no,1173,yes,no,unknown,10,may,1,-1,0,unknown,0,young
retired,married,secondary,no,2410,no,no,telephone,27,mar,4,-1,0,unknown,1,older
retired,married,secondary,no,1551,no,no,telephone,23,may,5,-1,0,unknown,0,older
technician,single,tertiary,yes,582,no,no,cellular,2,jan,2,270,1,failure,0,young
unemployed,married,secondary,no,-6,no,no,unknown,23,jun,3,-1,0,unknown,0,young
student,single,unknown,no,160,no,no,cellular,10,oct,1,-1,0,unknown,0,young
blue-collar,married,secondary,no,3464,no,no,cellular,18,jul,2,-1,0,unknown,0,older
student,single,tertiary,no,4759,no,no,cellular,19,sep,7,-1,0,unknown,0,young
technician,single,secondary,no,414,yes,no,unknown,9,jun,2,-1,0,unknown,1,young
blue-collar,married,primary,no,13359,yes,no,cellular,20,nov,4,-1,0,unknown,0,young
management,married,primary,no,948,no,yes,cellular,22,aug,3,-1,0,unknown,0,older
blue-collar,single,secondary,no,234,no,no,cellular,13,may,5,339,10,failure,0,young
blue-collar,married,primary,no,4323,no,no,cellular,12,apr,2,259,2,failure,0,older
self-employed,married,primary,no,605,yes,no,cellular,12,may,1,346,0,unknown,0,older
entrepreneur,married,secondary,no,5089,no,no,cellular,20,apr,4,-1,0,unknown,0,young
blue-collar,divorced,secondary,no,112,yes,no,cellular,12,may,2,-1,0,unknown,0,older
technician,single,secondary,no,1588,yes,no,cellular,16,may,3,344,6,success,0,young
management,divorced,tertiary,no,2805,yes,no,cellular,19,nov,4,-1,0,unknown,0,older
blue-collar,single,secondary,no,783,yes,no,cellular,4,may,5,102,2,other,0,young
services,married,secondary,no,1785,no,no,telephone,29,apr,9,-1,0,unknown,0,older
technician,single,secondary,no,1199,no,no,cellular,2,feb,1,-1,0,unknown,0,young
retired,divorced,unknown,no,2339,no,no,unknown,2,jun,2,-1,0,unknown,1,older
technician,single,secondary,no,223,no,no,cellular,7,sep,1,-1,0,unknown,0,young
management,divorced,tertiary,no,1324,yes,no,cellular,28,aug,2,281,9,failure,0,young
entrepreneur,married,tertiary,no,220,yes,yes,cellular,18,jul,4,-1,0,unknown,0,young
services,married,secondary,no,59,no,yes,cellular,13,jul,4,-1,0,unknown,0,young
blue-collar,divorced,secondary,no,913,yes,no,unknown,12,may,4,-1,0,unknown,0,young
blue-collar,married,primary,no,3470,yes,no,unknown,10,may,2,-1,0,unknown,0,older
housemaid,married,primary,no,477,yes,no,cellular,12,feb,1,-1,0,unknown,0,older
management,married,tertiary,no,51,yes,yes,unknown,21,may,3,-1,0,unknown,0,older
blue-collar,married,unknown,no,1382,yes,no,unknown,15,may,1,-1,0,unknown,0,young
entrepreneur,divorced,primary,no,1322,no,no,cellular,21,jun,7,162,1,unknown,0,older
blue-collar,married,primary,yes,152,no,no,cellular,10,oct,1,247,1,other,0,older
technician,married,secondary,no,1238,yes,no,unknown,11,may,5,-1,0,unknown,0,young
management,married,secondary,no,7104,no,no,cellular,9,mar,1,192,1,success,1,older
entrepreneur,married,secondary,no,-130,yes,yes,cellular,1,jun,2,-1,0,unknown,0,young
admin.,married,secondary,no,586,no,yes,cellular,10,jul,3,-1,0,unknown,1,young
management,divorced,tertiary,no,219,no,no,cellular,20,jun,8,-1,0,unknown,0,young
management,married,tertiary,no,-311,yes,no,unknown,13,may,3,-1,0,unknown,0,young
housemaid,married,primary,no,38,yes,no,unknown,20,jul,1,-1,0,unknown,0,older
management,married,tertiary,no,-141,yes,no,cellular,14,may,2,354,1,failure,0,young
housemaid,divorced,secondary,no,477,no,no,cellular,25,jan,5,109,1,other,0,older
blue-collar,married,tertiary,no,-244,yes,no,unknown,13,jun,5,-1,0,unknown,0,older
technician,married,tertiary,no,-758,no,no,unknown,20,jun,1,-1,0,unknown,1,young
blue-collar,married,primary,no,126,yes,no,unknown,15,may,1,-1,0,unknown,0,older
technician,married,unknown,no,1603,yes,no,unknown,20,jun,7,-1,0,unknown,0,older
technician,single,secondary,yes,76,no,yes,cellular,5,feb,1,185,0,success,1,young
technician,married,tertiary,yes,-510,yes,yes,unknown,13,may,3,-1,0,unknown,0,young
technician,married,secondary,no,1377,no,no,unknown,21,jun,7,-1,0,unknown,0,older
housemaid,married,secondary,no,242,no,no,cellular,19,aug,2,-1,0,unknown,0,older
technician,divorced,secondary,no,1205,yes,no,cellular,26,sep,1,269,1,failure,0,young
services,married,secondary,no,-128,yes,no,cellular,17,nov,1,0,0,failure,0,young
technician,married,secondary,no,70,yes,yes,cellular,30,jul,2,356,1,failure,0,older
management,married,tertiary,no,3499,yes,no,cellular,20,jun,1,359,4,failure,1,older
management,married,primary,no,4824,yes,no,unknown,21,may,2,-1,0,unknown,0,young
management,divorced,secondary,no,148,no,no,cellular,21,nov,9,-1,0,unknown,0,older
blue-collar,married,primary,no,672,no,no,cellular,5,feb,1,-1,0,unknown,0,older
entrepreneur,divorced,secondary,no,-47,yes,no,unknown,9,may,10,-1,0,unknown,0,older
management,married,tertiary,no,-54,yes,yes,unknown,10,may,1,-1,0,unknown,0,young
management,married,primary,no,-226,yes,no,cellular,6,may,5,-1,0,unknown,0,older
technician,single,secondary,no,83,no,yes,cellular,3,aug,10,-1,0,unknown,0,young
management,married,secondary,no,987,no,no,cellular,18,jul,7,-1,0,unknown,0,older
technician,married,secondary,no,1571,no,no,cellular,17,nov,1,126,1,other,0,older
technician,married,secondary,no,351,no,no,cellular,3,apr,1,0,0,unknown,0,older
technician,single,secondary,no,1720,no,yes,cellular,21,jul,2,-1,0,unknown,0,young
housemaid,married,primary,no,72,no,yes,cellular,29,jul,2,116,1,other,0,young
retired,divorced,tertiary,no,950,no,no,cellular,3,feb,2,68,1,failure,1,older
management,single,tertiary,yes,911,no,no,unknown,11,jun,1,-1,0,unknown,0,young
technician,single,secondary,no,339,yes,no,cellular,21,apr,2,-1,0,unknown,0,young
blue-collar,divorced,secondary,no,15,no,no,cellular,13,may,10,-1,0,unknown,0,young
blue-collar,divorced,primary,no,1355,no,no,telephone,5,apr,2,-1,0,unknown,0,older
unemployed,single,secondary,no,36,no,no,cellular,19,jul,1,-1,0,unknown,1,young
technician,married,secondary,no,2153,no,no,unknown,12,may,5,-1,0,unknown,0,young
blue-collar,married,secondary,no,-53,no,yes,telephone,8,jul,2,-1,0,unknown,0,older
admin.,married,primary,no,321,yes,no,unknown,20,may,3,-1,0,unknown,0,young
technician,married,secondary,no,2381,no,no,cellular,28,jul,3,-1,0,unknown,0,young
technician,married,secondary,no,-273,no,no,unknown,7,may,2,-1,0,unknown,0,young
blue-collar,married,primary,yes,732,no,yes,cellular,14,jul,3,-1,0,unknown,0,young
technician,married,secondary,no,132,no,no,cellular,23,aug,4,-1,0,unknown,0,older
management,single,tertiary,yes,-181,no,yes,cellular,1,nov,7,-1,0,unknown,0,young
technician,married,secondary,no,267,yes,no,cellular,17,may,3,264,6,failure,0,young
retired,married,secondary,no,6565,yes,no,cellular,16,may,3,170,1,success,1,young
unknown,married,secondary,no,7162,no,no,unknown,17,jun,3,-1,0,unknown,0,older
management,single,tertiary,no,2000,no,no,cellular,8,nov,4,110,2,other,0,young
blue-collar,single,secondary,no,644,yes,no,cellular,18,aug,13,-1,0,unknown,0,young
management,single,secondary,no,908,no,no,cellular,25,aug,3,93,2,success,0,young
unemployed,single,secondary,no,455,no,no,cellular,25,feb,1,273,1,failure,0,young
technician,married,secondary,no,192,no,no,unknown,19,nov,6,-1,0,unknown,0,young
blue-collar,married,secondary,no,71,yes,no,unknown,16,may,3,-1,0,unknown,0,young
unknown,divorced,unknown,no,2528,no,no,cellular,17,aug,4,-1,0,unknown,0,older
technician,married,tertiary,no,-52,yes,no,cellular,22,may,4,182,10,other,0,young
self-employed,married,secondary,no,543,yes,no,cellular,15,may,2,-1,1,unknown,0,young
unemployed,married,secondary,no,572,yes,no,cellular,12,may,2,-1,0,unknown,0,young
retired,married,primary,no,974,no,no,telephone,5,jul,1,-2,0,unknown,0,older
blue-collar,married,secondary,no,4860,no,no,cellular,5,aug,7,-1,0,unknown,0,older
technician,divorced,tertiary,no,-78,no,no,unknown,21,jun,3,-2,0,unknown,0,older
blue-collar,married,secondary,no,3053,no,no,unknown,8,jun,1,-1,0,unknown,1,older
blue-collar,married,secondary,no,196,yes,no,cellular,16,apr,1,-2,0,unknown,0,older
technician,married,secondary,no,4065,no,no,cellular,7,jun,1,-1,0,unknown,0,older
blue-collar,divorced,primary,no,-398,yes,no,cellular,11,may,3,-1,0,unknown,0,older
admin.,divorced,secondary,yes,806,yes,no,cellular,20,nov,1,-1,0,unknown,0,young
technician,divorced,tertiary,no,198,no,no,unknown,5,jun,1,-1,0,unknown,0,older
technician,married,secondary,no,267,yes,no,cellular,30,jul,3,279,4,other,0,young
retired,married,secondary,no,2046,no,no,telephone,3,mar,3,383,5,success,1,older
technician,divorced,secondary,no,720,yes,no,telephone,30,jul,2,-1,0,unknown,0,older
management,divorced,tertiary,no,3238,no,no,cellular,2,feb,2,112,1,other,0,young
management,married,tertiary,no,1078,yes,no,cellular,29,jul,2,-1,0,unknown,0,young
unemployed,divorced,secondary,no,320,yes,yes,cellular,18,nov,1,-1,0,unknown,0,young
technician,married,secondary,yes,223,yes,yes,cellular,13,jul,3,-1,0,unknown,0,older
entrepreneur,divorced,secondary,no,5673,yes,no,cellular,20,nov,2,117,1,failure,0,older
admin.,divorced,primary,no,882,no,no,cellular,1,oct,3,145,6,success,1,young
entrepreneur,married,secondary,no,790,no,no,cellular,20,jul,1,-1,0,unknown,0,young
student,married,secondary,no,6054,no,no,cellular,12,mar,3,154,1,success,1,young
blue-collar,married,primary,no,-323,yes,no,telephone,7,may,3,-1,0,unknown,0,older
technician,single,tertiary,no,250,yes,no,cellular,6,aug,7,142,1,other,0,young
technician,divorced,secondary,yes,-150,no,no,cellular,31,jul,15,-1,0,unknown,0,young
technician,single,secondary,no,573,no,yes,cellular,17,aug,4,92,6,other,0,young
services,married,secondary,no,426,no,no,telephone,3,jul,2,-1,0,unknown,1,young
technician,married,tertiary,no,4891,yes,no,telephone,21,nov,1,-1,0,unknown,0,older
technician,married,secondary,no,906,no,no,cellular,3,feb,2,-1,0,unknown,1,young
management,married,tertiary,no,2391,no,no,unknown,2,feb,1,-1,0,unknown,0,older
blue-collar,married,secondary,no,1122,yes,yes,cellular,1,feb,1,339,1,failure,0,older
technician,divorced,tertiary,no,-131,no,no,cellular,27,aug,9,-1,0,unknown,0,older
blue-collar,married,primary,no,1302,yes,no,unknown,15,jun,1,-1,0,unknown,0,young
management,divorced,tertiary,no,857,no,no,cellular,14,jan,2,-1,0,unknown,0,older
blue-collar,divorced,secondary,no,-741,yes,yes,cellular,12,may,4,348,1,failure,0,older
blue-collar,married,primary,no,116,no,no,telephone,14,aug,4,-1,0,unknown,0,older
management,divorced,tertiary,no,1626,no,no,cellular,17,aug,4,0,0,unknown,0,young
blue-collar,married,secondary,no,120,yes,no,unknown,13,may,4,-1,0,unknown,0,young
technician,divorced,tertiary,no,57,no,no,unknown,13,aug,1,-1,0,unknown,0,young
admin.,married,secondary,no,1372,yes,no,unknown,14,may,1,-1,0,unknown,0,older
management,divorced,primary,no,576,yes,no,cellular,13,may,2,356,10,other,0,young
technician,divorced,tertiary,no,1858,no,no,telephone,15,aug,2,-1,0,unknown,0,older
technician,single,secondary,no,-20,no,no,cellular,20,nov,2,-1,0,unknown,0,young
housemaid,single,tertiary,no,178,no,no,telephone,19,aug,4,-1,0,unknown,0,young
technician,married,tertiary,no,187,no,no,cellular,5,feb,1,-1,0,unknown,0,young
unknown,married,unknown,no,-883,no,no,unknown,2,jun,1,-1,0,unknown,0,older
technician,married,primary,no,628,no,no,unknown,12,may,5,-1,0,unknown,0,young
blue-collar,divorced,primary,no,246,yes,no,cellular,8,may,2,347,10,other,0,young
technician,single,secondary,no,299,no,no,cellular,28,jan,1,179,1,failure,1,young
student,single,secondary,no,81,yes,no,cellular,17,may,13,-1,0,unknown,0,young
management,divorced,tertiary,no,-270,yes,no,unknown,13,may,14,-1,0,unknown,0,young
unemployed,divorced,secondary,no,1584,yes,yes,cellular,18,jul,11,-1,0,unknown,0,young
self-employed,married,tertiary,no,1756,yes,no,cellular,23,apr,2,-1,0,unknown,0,young
blue-collar,divorced,primary,no,-171,no,yes,unknown,21,jul,3,-1,0,unknown,0,young
technician,single,secondary,no,3982,yes,no,unknown,16,may,1,-1,0,unknown,1,young
blue-collar,married,primary,yes,3483,yes,no,cellular,5,jul,1,260,4,failure,0,older
technician,divorced,tertiary,no,-138,yes,no,cellular,29,jul,2,-1,0,unknown,0,young
blue-collar,married,secondary,yes,-182,yes,no,unknown,8,may,2,-1,0,unknown,0,older
retired,married,primary,no,178,no,no,unknown,4,sep,1,-1,0,unknown,0,older
technician,divorced,secondary,no,-277,no,no,unknown,6,jul,1,-2,0,unknown,0,older
admin.,married,secondary,no,4041,yes,no,cellular,19,nov,1,94,2,failure,0,young
services,married,secondary,no,-26,yes,no,unknown,13,jun,1,-1,0,unknown,0,older
management,married,tertiary,no,17,no,no,unknown,8,may,4,-1,0,unknown,0,older
student,single,secondary,no,5124,no,yes,cellular,23,mar,3,-1,0,unknown,0,young
services,married,primary,no,-583,no,no,unknown,30,may,3,-1,0,unknown,0,older
blue-collar,married,primary,no,46,yes,no,unknown,13,may,1,-1,0,unknown,0,young
blue-collar,single,secondary,no,-74,yes,no,unknown,21,may,10,-1,0,unknown,0,young
blue-collar,divorced,primary,no,95,yes,no,unknown,7,may,2,-1,0,unknown,0,older
entrepreneur,divorced,primary,no,12,no,no,unknown,3,jun,2,-1,0,unknown,0,young
admin.,married,secondary,no,1312,no,no,cellular,15,jul,2,-1,0,unknown,0,young
retired,married,secondary,no,3541,no,no,cellular,4,jul,1,-2,0,unknown,0,older
student,single,secondary,no,-48,no,no,cellular,14,jul,4,291,1,failure,0,young
retired,divorced,tertiary,yes,-537,no,no,cellular,29,jul,1,-1,0,unknown,0,young
technician,married,secondary,no,361,no,no,cellular,27,aug,7,-1,0,unknown,0,young
entrepreneur,single,tertiary,no,5178,no,no,unknown,20,may,1,354,4,other,0,young
management,married,tertiary,no,665,yes,no,cellular,21,aug,5,134,2,failure,0,older
management,single,tertiary,no,120,no,no,cellular,30,jan,4,273,9,failure,0,older
management,married,tertiary,no,10927,yes,no,cellular,25,may,1,96,1,success,1,young
unemployed,divorced,secondary,no,90,yes,no,cellular,10,may,1,99,2,failure,1,young
technician,single,tertiary,no,-102,yes,no,unknown,31,may,3,-1,0,unknown,0,young
retired,married,primary,no,-122,no,yes,cellular,23,jul,1,-1,0,unknown,0,young
services,married,secondary,no,4,yes,yes,cellular,14,jul,10,-1,0,unknown,0,young
unemployed,married,secondary,no,558,yes,no,cellular,11,apr,1,108,1,failure,0,older
blue-collar,single,primary,no,-427,yes,no,cellular,12,jul,2,-1,0,unknown,0,young
technician,divorced,secondary,no,725,no,no,unknown,15,jun,3,-1,0,unknown,0,young
technician,single,secondary,no,1291,yes,yes,unknown,21,may,2,-1,0,unknown,0,young
services,married,secondary,no,211,no,no,cellular,7,feb,2,-1,0,unknown,0,young
technician,married,primary,no,593,yes,no,unknown,10,may,1,-1,0,unknown,0,young
unknown,married,unknown,no,1629,no,no,telephone,20,jun,10,-1,0,unknown,0,older
retired,married,secondary,no,882,no,no,telephone,4,feb,1,-1,0,unknown,0,older
housemaid,divorced,primary,no,428,yes,no,cellular,20,aug,2,-1,0,unknown,0,older
self-employed,divorced,secondary,no,-85,yes,no,cellular,22,may,3,-1,0,unknown,0,young
technician,divorced,secondary,no,104,yes,no,telephone,21,nov,3,-1,0,unknown,0,young
technician,divorced,secondary,no,-1010,yes,no,cellular,13,may,8,-1,0,unknown,0,young
retired,married,secondary,no,6068,no,no,cellular,14,sep,1,148,2,success,1,young
management,divorced,tertiary,no,-35,no,no,unknown,27,aug,4,-1,0,unknown,0,young
unemployed,single,secondary,no,316,yes,no,cellular,13,apr,1,356,1,failure,1,young
technician,divorced,secondary,no,2754,no,no,cellular,10,may,2,342,3,other,0,young
retired,married,primary,no,1858,no,no,telephone,8,sep,1,-1,0,unknown,0,older
blue-collar,married,secondary,yes,-120,yes,no,cellular,24,may,3,-1,0,unknown,0,young
technician,single,secondary,yes,612,no,no,cellular,19,jul,1,-1,0,unknown,0,young
blue-collar,married,secondary,no,-461,yes,no,unknown,9,may,1,-1,0,unknown,0,young
technician,divorced,secondary,no,51,no,no,cellular,16,aug,5,-1,0,unknown,1,older
entrepreneur,married,secondary,yes,-640,no,no,unknown,12,jul,1,-1,0,unknown,0,young
retired,married,primary,no,910,yes,no,telephone,12,may,1,351,3,failure,0,older
technician,single,secondary,no,1937,yes,no,cellular,14,may,2,361,1,failure,0,young
blue-collar,single,primary,no,-187,yes,no,cellular,19,may,3,-1,0,unknown,0,young
self-employed,married,tertiary,no,184,yes,no,cellular,20,nov,1,-1,0,unknown,0,older
blue-collar,divorced,secondary,no,-17,yes,no,unknown,13,may,1,-1,0,unknown,0,older
student,married,secondary,no,263,no,no,cellular,12,aug,4,-1,0,unknown,1,young
entrepreneur,married,primary,no,-430,yes,no,unknown,11,may,1,-1,0,unknown,0,older
technician,married,secondary,no,1324,no,no,cellular,21,oct,1,96,0,success,1,young
admin.,married,secondary,no,-23,yes,yes,cellular,21,jul,1,-1,0,unknown,0,young
technician,married,primary,no,1916,no,no,unknown,0,jun,4,-1,0,unknown,0,older
technician,single,tertiary,no,-30,no,no,cellular,19,nov,1,-1,0,unknown,0,young
technician,married,secondary,no,1233,yes,no,unknown,11,may,3,0,0,unknown,0,young
self-employed,married,tertiary,no,9979,no,no,cellular,23,oct,5,-1,0,unknown,0,older
management,single,tertiary,no,2672,no,no,cellular,5,feb,1,-1,0,unknown,1,older
housemaid,divorced,secondary,no,298,no,yes,cellular,16,jul,1,92,0,success,0,older
management,divorced,tertiary,no,3034,no,yes,cellular,2,jul,3,-1,0,unknown,0,young
blue-collar,married,secondary,no,1405,yes,no,cellular,8,may,5,116,4,failure,0,older
blue-collar,married,primary,no,1999,yes,no,unknown,20,may,2,0,0,unknown,0,young
technician,divorced,primary,no,4337,no,no,unknown,2,jun,3,-1,0,unknown,1,older
self-employed,married,tertiary,no,1259,yes,no,cellular,22,nov,4,-1,0,unknown,0,older
technician,divorced,secondary,no,1484,yes,no,cellular,20,apr,5,-1,0,unknown,0,older
technician,divorced,tertiary,no,1667,yes,no,cellular,9,may,5,354,2,failure,0,young
technician,married,secondary,no,274,no,no,unknown,10,jun,6,-1,0,unknown,0,young
technician,married,secondary,no,1554,no,yes,cellular,21,jul,7,-1,0,unknown,1,older
blue-collar,divorced,secondary,yes,1680,no,yes,cellular,6,jul,2,-1,0,unknown,0,older
student,single,secondary,no,193,no,no,cellular,8,aug,3,-1,0,unknown,0,young
blue-collar,married,primary,no,-1026,yes,no,unknown,11,may,1,-1,0,unknown,0,older
technician,married,secondary,no,163,no,no,cellular,12,apr,4,342,9,other,0,young
blue-collar,married,secondary,no,189,yes,no,cellular,20,apr,2,-1,0,unknown,0,young
blue-collar,married,primary,no,691,no,no,cellular,2,feb,6,395,2,failure,0,young
admin.,divorced,secondary,no,4931,yes,no,unknown,14,may,2,-1,0,unknown,0,young
unknown,married,primary,no,619,yes,no,unknown,5,may,2,-1,0,unknown,0,older
technician,divorced,secondary,no,1776,no,no,unknown,6,aug,2,-1,0,unknown,0,young
management,married,tertiary,no,2346,yes,no,cellular,2,nov,2,-1,0,unknown,0,older
blue-collar,married,primary,yes,-90,no,yes,unknown,13,may,1,-1,0,unknown,0,older
blue-collar,divorced,secondary,no,1051,yes,no,unknown,12,may,1,-1,0,unknown,0,young
management,single,tertiary,no,-164,yes,no,cellular,17,nov,4,185,1,success,0,young
admin.,married,secondary,yes,-524,no,yes,cellular,9,may,1,358,1,failure,0,young
technician,married,secondary,no,62,no,no,unknown,10,may,1,-1,0,unknown,0,older
blue-collar,married,primary,no,1740,no,no,telephone,5,feb,1,-1,0,unknown,0,older
technician,divorced,secondary,no,-137,no,yes,cellular,19,may,3,-1,0,unknown,0,young
blue-collar,married,secondary,no,58,yes,no,cellular,30,jul,3,-1,0,unknown,1,young
admin.,married,secondary,no,4271,no,no,cellular,9,apr,3,132,4,success,1,young
services,married,unknown,no,465,yes,no,unknown,0,may,4,-1,0,failure,0,older
management,married,tertiary,no,1148,no,no,cellular,8,jul,4,-1,0,unknown,0,young
self-employed,married,tertiary,no,4892,no,no,cellular,22,sep,1,184,1,other,0,young
technician,married,secondary,no,5051,yes,no,cellular,15,apr,1,176,2,success,0,older
blue-collar,married,secondary,no,111,yes,no,cellular,20,nov,2,-1,0,unknown,0,young
technician,married,secondary,no,-31,no,no,cellular,21,nov,14,-1,0,unknown,0,older
blue-collar,married,secondary,no,132,no,no,telephone,14,jul,1,-1,0,unknown,0,older
management,married,tertiary,no,1550,no,no,cellular,19,aug,3,94,1,success,1,young
blue-collar,married,secondary,no,98,no,no,unknown,20,jul,1,-2,0,unknown,0,older
entrepreneur,married,tertiary,no,4440,yes,no,cellular,14,apr,1,97,6,success,0,young
blue-collar,married,primary,no,1987,yes,yes,telephone,17,jul,5,-1,0,unknown,0,older
management,divorced,tertiary,no,365,yes,no,cellular,20,aug,6,-1,0,unknown,0,older
blue-collar,married,secondary,no,95,no,no,unknown,21,may,3,-1,0,unknown,0,young
management,divorced,tertiary,no,440,yes,no,cellular,20,jan,5,97,1,other,0,young
blue-collar,divorced,primary,no,2054,yes,no,telephone,22,may,1,-1,0,unknown,0,young
management,married,tertiary,no,104,no,no,cellular,13,aug,2,-1,0,unknown,0,young
technician,married,secondary,no,189,no,no,cellular,20,jun,2,-1,0,unknown,0,young
self-employed,married,tertiary,no,2055,yes,no,cellular,30,jan,4,-1,0,unknown,0,older
technician,married,secondary,yes,-506,no,no,cellular,27,jul,2,-1,0,unknown,0,young
housemaid,married,primary,yes,374,no,no,unknown,3,feb,1,-1,0,unknown,0,older
blue-collar,married,primary,yes,6414,yes,no,unknown,11,may,5,-1,0,unknown,0,older
blue-collar,married,primary,no,42,no,no,cellular,4,feb,2,-1,0,unknown,0,older
retired,married,secondary,no,4803,no,no,unknown,7,jun,3,-1,0,unknown,0,older
housemaid,divorced,primary,no,989,yes,no,telephone,14,jul,1,-1,0,unknown,0,older
student,single,tertiary,no,13238,no,no,cellular,18,nov,4,154,2,failure,0,young
blue-collar,married,primary,no,449,yes,no,unknown,14,may,3,-1,0,unknown,0,older
blue-collar,married,primary,no,1956,no,yes,cellular,9,may,2,-1,0,unknown,0,older
student,single,secondary,no,997,yes,no,cellular,2,feb,2,352,1,failure,0,young
technician,married,secondary,no,-186,no,yes,cellular,29,aug,7,-1,0,unknown,0,young
technician,single,tertiary,no,199,yes,no,cellular,13,may,2,350,0,other,0,young
technician,married,secondary,no,680,no,no,unknown,10,may,1,-1,0,unknown,0,young
technician,single,secondary,no,4565,no,no,telephone,16,nov,1,-1,0,unknown,0,older
housemaid,married,primary,no,1265,yes,no,telephone,27,jul,5,-1,0,unknown,0,older
technician,divorced,secondary,no,1292,no,no,cellular,5,feb,2,-1,0,unknown,0,older
blue-collar,single,primary,no,-109,yes,no,unknown,14,may,1,-1,0,unknown,0,young
unknown,divorced,unknown,yes,2217,no,no,unknown,3,aug,2,-1,0,unknown,0,older
technician,married,secondary,no,977,no,no,telephone,28,jul,2,-1,0,unknown,0,older
blue-collar,single,unknown,no,127,yes,no,unknown,11,may,1,-1,0,unknown,0,young
blue-collar,married,primary,no,1740,yes,no,cellular,17,may,1,-1,0,failure,0,older
technician,married,secondary,no,93,yes,no,cellular,16,jul,2,125,1,other,0,young
management,divorced,primary,no,769,yes,no,cellular,10,may,1,349,1,failure,0,young
technician,divorced,secondary,no,1568,yes,no,cellular,18,jan,5,120,10,other,0,young
technician,married,tertiary,no,2382,yes,no,cellular,4,oct,1,96,2,success,1,young
technician,single,tertiary,no,29,yes,no,cellular,16,may,1,-1,0,unknown,0,young
blue-collar,divorced,secondary,no,100,no,no,cellular,13,may,1,-1,0,unknown,0,young
blue-collar,married,secondary,no,180,yes,no,cellular,17,nov,2,-1,0,unknown,0,older
technician,married,secondary,no,2795,yes,no,cellular,30,jan,9,-1,0,unknown,0,young
technician,married,secondary,no,1569,no,no,cellular,23,aug,7,-1,0,unknown,0,older
admin.,single,secondary,no,217,yes,no,cellular,21,nov,5,-1,0,unknown,0,young
housemaid,married,primary,no,2994,no,no,cellular,4,feb,1,-1,0,unknown,0,older
entrepreneur,married,primary,no,5182,yes,no,cellular,17,nov,1,-1,0,unknown,0,young
management,married,secondary,no,461,yes,no,cellular,5,apr,3,-1,0,unknown,0,older
management,single,tertiary,no,3037,no,no,cellular,16,apr,3,344,1,failure,1,young
blue-collar,divorced,primary,no,-257,yes,no,cellular,28,jan,3,342,1,other,0,older
technician,married,secondary,no,648,no,no,cellular,19,jul,3,0,0,unknown,0,young
self-employed,married,secondary,yes,-2721,yes,no,unknown,16,may,3,-1,0,unknown,0,young
unemployed,divorced,tertiary,no,433,no,no,cellular,3,feb,1,159,1,failure,1,older
retired,divorced,secondary,no,172,yes,no,cellular,21,dec,2,107,1,other,0,young
services,married,secondary,no,494,yes,no,cellular,12,may,2,437,4,success,1,young
blue-collar,married,secondary,no,411,no,no,cellular,3,feb,1,182,1,failure,0,young
self-employed,divorced,primary,no,13846,yes,no,unknown,15,may,1,-1,0,unknown,0,older
management,married,tertiary,no,-45,no,yes,cellular,17,aug,2,-1,0,unknown,0,young
self-employed,married,secondary,no,585,no,no,cellular,21,nov,1,99,4,failure,0,young
technician,married,secondary,no,199,no,no,cellular,4,feb,2,-1,0,unknown,0,older
technician,married,tertiary,no,-388,no,no,unknown,16,may,2,-1,0,unknown,0,older
blue-collar,single,secondary,yes,-76,yes,no,cellular,6,may,6,-1,0,unknown,0,young
blue-collar,divorced,secondary,no,-216,no,no,unknown,15,jun,3,-1,0,unknown,0,young
admin.,married,secondary,no,1826,no,no,unknown,0,jun,3,-1,0,unknown,0,young
management,married,tertiary,no,2734,yes,no,cellular,17,apr,5,123,1,success,0,young
blue-collar,married,primary,yes,-454,yes,no,telephone,16,jul,2,-1,0,unknown,0,young
housemaid,married,secondary,no,-207,yes,yes,cellular,21,jul,3,-1,0,unknown,0,young
self-employed,married,secondary,no,-2,yes,yes,cellular,19,jul,2,-1,0,unknown,0,young
entrepreneur,single,tertiary,no,24,yes,no,cellular,13,may,3,354,1,failure,0,young
blue-collar,married,primary,no,-21,no,no,unknown,7,jun,1,-1,0,unknown,0,older
blue-collar,single,secondary,no,191,no,no,unknown,3,jun,1,-1,0,unknown,0,young
retired,divorced,secondary,no,843,no,no,cellular,21,apr,1,-1,0,unknown,0,older
blue-collar,single,secondary,no,66,yes,no,cellular,19,apr,5,-1,0,unknown,0,young
unemployed,divorced,secondary,no,2397,yes,no,unknown,14,may,6,-1,0,unknown,0,young
blue-collar,married,primary,no,8,yes,no,unknown,29,may,1,-1,0,unknown,0,older
technician,married,primary,no,-125,yes,no,unknown,15,may,4,0,0,unknown,0,young
technician,divorced,secondary,yes,-700,no,yes,cellular,17,jul,1,-1,0,unknown,0,older
student,single,unknown,no,-36,yes,no,cellular,30,jan,7,-1,0,unknown,0,young
management,married,tertiary,no,-761,yes,no,unknown,13,may,14,-1,0,unknown,0,young
technician,divorced,secondary,no,616,no,no,cellular,19,nov,3,91,0,failure,0,young
technician,married,secondary,no,-587,yes,no,cellular,10,may,4,-1,0,unknown,0,older
technician,married,secondary,no,115,yes,no,cellular,15,may,2,347,4,success,1,young
management,single,tertiary,no,1194,yes,no,cellular,4,may,5,364,1,failure,0,young
management,single,secondary,no,1698,no,no,unknown,24,jun,3,-1,0,unknown,1,young
admin.,divorced,secondary,no,398,yes,no,cellular,10,apr,3,-1,0,unknown,0,older
technician,married,secondary,no,-7,no,no,cellular,26,jan,7,-1,0,unknown,0,older
unemployed,married,secondary,no,85,yes,no,telephone,15,jul,5,173,4,failure,0,young
services,married,secondary,no,-13,no,no,unknown,15,may,1,-1,0,unknown,0,young
housemaid,married,primary,no,206,no,no,cellular,18,jul,6,-1,0,unknown,0,older
self-employed,married,tertiary,no,1932,no,no,cellular,29,jan,4,-1,0,unknown,0,young
blue-collar,married,primary,no,252,yes,no,unknown,17,may,2,-1,0,unknown,0,young
technician,married,tertiary,no,-688,yes,no,unknown,29,jun,2,-1,0,unknown,0,older
services,married,secondary,no,260,yes,no,unknown,9,may,1,-1,0,unknown,0,young
technician,married,secondary,no,3502,yes,no,cellular,16,dec,3,360,1,other,1,young
services,married,secondary,no,8,yes,no,cellular,14,jul,2,-1,0,unknown,0,young
management,married,tertiary,no,2096,yes,no,unknown,21,may,2,-1,0,unknown,0,young
blue-collar,married,secondary,no,-151,yes,no,unknown,10,jun,2,-1,0,unknown,0,young
management,single,tertiary,no,8057,no,no,cellular,18,jul,7,-1,0,unknown,0,young
management,single,tertiary,no,-29,yes,no,cellular,17,apr,1,-1,0,unknown,0,young
blue-collar,divorced,primary,no,410,yes,no,cellular,15,jul,4,-1,0,unknown,0,young
retired,married,primary,no,862,no,no,unknown,10,jun,3,-1,0,unknown,0,young
blue-collar,married,primary,no,5496,yes,no,unknown,3,jun,3,-1,0,unknown,0,older
blue-collar,divorced,secondary,no,-65,yes,no,unknown,12,may,1,-1,0,unknown,0,young
management,married,secondary,no,1031,no,no,cellular,17,jul,4,-1,0,unknown,0,young
blue-collar,married,primary,no,204,yes,no,unknown,7,jun,1,-1,0,unknown,0,older
blue-collar,married,secondary,no,1679,no,no,telephone,5,feb,7,-1,0,unknown,0,older
technician,divorced,secondary,no,-249,yes,no,unknown,11,may,4,-1,0,unknown,0,older
entrepreneur,married,tertiary,no,190,no,no,unknown,2,jun,2,-1,0,unknown,0,young
unemployed,single,secondary,no,172,no,no,cellular,3,aug,7,-1,0,unknown,0,young
housemaid,married,secondary,no,9045,no,no,cellular,6,apr,2,-1,0,unknown,0,young
blue-collar,divorced,secondary,no,135,yes,no,cellular,6,aug,2,-1,0,unknown,0,young
management,divorced,tertiary,no,2215,no,no,cellular,20,aug,1,-1,0,unknown,0,young
technician,married,secondary,no,-121,yes,no,cellular,29,jan,3,-1,0,unknown,0,young
retired,married,primary,no,2527,no,no,telephone,14,jul,4,-1,0,unknown,0,older
technician,single,secondary,no,1424,no,no,cellular,21,aug,4,185,2,other,0,young
management,single,secondary,no,29,no,no,cellular,22,nov,3,-1,0,unknown,0,young
technician,divorced,secondary,no,8146,yes,no,cellular,10,may,4,354,10,other,0,young
technician,single,secondary,no,2336,yes,no,cellular,16,apr,3,359,1,failure,0,young
blue-collar,married,secondary,no,1453,yes,yes,cellular,11,may,1,364,1,success,0,young
management,single,tertiary,yes,-35,yes,no,unknown,7,may,1,-1,0,unknown,0,young
retired,married,tertiary,no,1328,no,no,telephone,29,aug,7,-1,0,unknown,0,older
retired,married,primary,no,44,no,no,unknown,5,jun,2,-1,0,unknown,0,older
blue-collar,married,secondary,no,239,yes,no,cellular,19,jul,2,-1,0,unknown,0,young
self-employed,married,primary,no,160,yes,no,unknown,12,may,1,-1,0,unknown,0,young
management,married,tertiary,no,449,yes,no,cellular,15,aug,7,92,4,success,0,young
management,single,tertiary,no,4260,no,no,cellular,24,nov,1,188,1,failure,0,young
entrepreneur,married,secondary,no,9,no,no,cellular,18,jul,1,-1,0,unknown,0,older
student,single,secondary,no,838,no,no,unknown,22,jun,1,0,0,unknown,0,young
technician,married,tertiary,no,500,yes,no,cellular,12,jan,5,361,1,failure,0,young
technician,single,tertiary,no,471,no,no,cellular,12,nov,1,152,1,failure,0,young
unemployed,divorced,secondary,no,76,no,no,cellular,14,dec,1,-1,0,unknown,1,older
blue-collar,married,secondary,no,226,yes,no,cellular,14,may,1,-1,0,unknown,0,older
blue-collar,single,secondary,no,275,no,no,cellular,11,jul,1,-1,0,unknown,0,young
blue-collar,married,secondary,no,81,yes,yes,cellular,20,jul,3,0,0,unknown,0,young
blue-collar,married,secondary,no,237,no,no,telephone,10,jul,5,-1,0,unknown,0,older
management,married,tertiary,no,183,no,no,cellular,4,apr,1,90,1,failure,0,older
housemaid,married,primary,no,785,yes,no,unknown,0,jun,5,252,4,other,1,older
technician,divorced,secondary,no,-97,yes,no,unknown,10,may,1,-1,6,unknown,0,young
management,married,secondary,no,234,no,no,cellular,3,jul,1,-1,0,unknown,0,older
management,divorced,secondary,yes,-1900,yes,no,cellular,11,jul,2,-1,0,unknown,0,young
student,single,tertiary,no,1526,yes,no,cellular,20,jun,1,-1,0,unknown,0,young
management,married,tertiary,no,6134,yes,no,unknown,5,jun,1,-1,0,unknown,0,young
unknown,married,secondary,no,3332,no,no,unknown,7,jun,1,-1,0,unknown,0,older
blue-collar,married,primary,no,-93,no,yes,telephone,16,jul,5,-1,0,unknown,0,older
management,divorced,tertiary,no,199,no,no,cellular,22,dec,1,369,2,failure,0,older
management,divorced,tertiary,no,8723,no,no,cellular,20,nov,4,99,0,other,0,young
blue-collar,married,primary,no,4597,yes,no,unknown,14,may,2,-1,0,unknown,0,older
technician,married,secondary,no,509,no,no,cellular,5,jun,1,-1,0,unknown,1,older
self-employed,divorced,tertiary,no,3160,yes,no,unknown,13,may,1,-1,0,unknown,0,older
blue-collar,married,primary,yes,1047,no,no,telephone,16,jul,8,-1,0,unknown,0,older
management,divorced,tertiary,no,1667,yes,no,cellular,15,may,1,-1,0,unknown,0,young
entrepreneur,divorced,unknown,no,451,no,no,unknown,20,jun,4,-1,0,unknown,0,older
blue-collar,married,primary,no,-96,yes,no,unknown,5,may,3,-1,0,unknown,0,older
blue-collar,married,secondary,yes,-252,no,yes,cellular,15,jul,2,-1,0,unknown,0,young
services,single,secondary,yes,-1097,no,yes,cellular,5,jul,5,-1,0,unknown,0,young
blue-collar,married,primary,no,695,no,yes,cellular,16,jul,1,-1,0,unknown,0,older
unknown,married,unknown,no,675,no,no,cellular,22,may,3,-1,0,unknown,0,young
blue-collar,married,secondary,no,436,yes,no,cellular,8,apr,3,-1,0,unknown,0,young
services,married,secondary,no,1671,yes,no,unknown,10,may,2,-1,0,unknown,0,young
technician,divorced,secondary,no,-29,no,no,unknown,13,may,4,-1,0,unknown,0,young
entrepreneur,married,primary,no,5566,yes,no,cellular,20,nov,1,-1,0,unknown,0,young
retired,married,primary,no,-39,no,no,unknown,10,jun,1,-1,0,unknown,0,older
technician,married,secondary,no,3184,no,no,cellular,11,mar,2,96,6,success,1,older
blue-collar,married,primary,no,999,yes,yes,cellular,2,feb,2,-1,0,unknown,1,older
entrepreneur,married,secondary,no,1404,no,no,cellular,15,sep,1,0,0,unknown,1,young
unknown,married,primary,no,714,no,no,telephone,18,jun,5,-1,0,unknown,0,older
retired,married,primary,no,780,no,no,telephone,5,oct,1,-1,0,unknown,0,older
housemaid,divorced,primary,no,681,yes,no,unknown,14,may,7,-1,0,unknown,0,young
technician,divorced,secondary,no,1994,yes,no,cellular,11,may,7,340,1,failure,1,young
retired,married,primary,no,764,no,no,telephone,15,jul,1,-1,0,unknown,0,older
management,married,tertiary,no,1793,yes,no,cellular,20,nov,1,97,1,failure,0,young
technician,divorced,secondary,no,6473,no,no,cellular,3,aug,3,-1,0,unknown,1,young
technician,single,tertiary,no,17465,yes,no,cellular,11,oct,2,190,1,failure,0,older
technician,divorced,secondary,no,95,yes,no,cellular,15,may,1,-1,0,unknown,0,young
management,divorced,tertiary,no,3316,no,no,telephone,2,jun,5,-1,0,unknown,0,older
technician,divorced,secondary,no,3130,no,no,cellular,8,jul,1,-1,0,unknown,1,older
blue-collar,married,secondary,no,303,no,no,cellular,12,aug,1,-1,0,unknown,0,young
technician,single,tertiary,no,3729,no,no,cellular,15,oct,2,150,2,success,1,young
retired,divorced,primary,no,7052,no,no,cellular,19,apr,1,-1,0,unknown,1,older
technician,married,secondary,no,-226,yes,no,unknown,8,may,3,-1,0,unknown,0,older
technician,married,primary,no,3387,no,no,cellular,30,jan,1,-1,0,unknown,0,young
management,married,tertiary,no,6262,yes,no,unknown,20,jun,2,-1,0,unknown,0,young
blue-collar,married,primary,no,593,yes,no,unknown,28,may,3,-1,0,unknown,0,young
technician,divorced,tertiary,no,58,yes,no,cellular,4,may,4,-1,0,unknown,0,young
blue-collar,divorced,secondary,no,82,no,no,cellular,13,jul,1,-1,0,other,1,young
blue-collar,single,primary,no,195,no,no,cellular,5,may,5,-1,0,unknown,0,older
technician,married,secondary,no,59,yes,no,cellular,20,apr,4,345,0,unknown,0,older
technician,single,secondary,no,158,yes,no,cellular,2,feb,2,132,11,failure,1,older
management,divorced,tertiary,no,4751,no,no,cellular,20,oct,5,-1,0,unknown,0,young
management,single,tertiary,no,2934,no,no,cellular,16,aug,2,182,4,success,1,young
blue-collar,married,primary,yes,-805,yes,yes,cellular,11,jul,4,-1,0,unknown,0,older
blue-collar,married,secondary,no,931,no,no,cellular,16,nov,1,-1,0,unknown,0,older
self-employed,single,secondary,no,193,no,no,cellular,30,apr,3,89,1,other,0,young
technician,married,secondary,no,564,no,no,cellular,18,dec,2,143,4,failure,0,young
services,married,secondary,no,692,no,no,cellular,20,jul,2,-1,0,unknown,0,young
student,single,unknown,no,1245,no,no,cellular,18,jun,3,-1,0,unknown,0,young
technician,divorced,tertiary,yes,7,no,no,cellular,30,jul,7,-1,0,unknown,0,older
blue-collar,single,primary,no,799,no,no,unknown,18,jun,3,-1,0,unknown,0,young
blue-collar,divorced,secondary,no,392,yes,no,cellular,15,mar,1,351,10,failure,1,young
technician,single,secondary,no,120,no,no,cellular,8,jul,1,-1,0,unknown,0,young
technician,married,primary,no,-664,yes,no,unknown,28,may,1,-1,0,unknown,0,older
management,married,primary,no,256,no,no,cellular,8,feb,1,-1,0,unknown,1,young
student,single,tertiary,no,2853,no,no,cellular,17,dec,4,-1,0,unknown,1,young
blue-collar,married,primary,yes,-736,yes,no,unknown,1,may,1,-1,0,unknown,0,older
entrepreneur,married,primary,no,-16,yes,no,unknown,11,may,3,-1,0,unknown,0,young
blue-collar,married,primary,no,-288,yes,no,unknown,11,may,3,360,10,other,0,young
admin.,married,secondary,no,140,no,yes,cellular,22,jul,9,-1,0,unknown,0,older
retired,married,secondary,no,623,no,no,telephone,4,sep,1,-2,0,unknown,0,older
technician,single,secondary,no,5469,no,no,cellular,18,jun,2,-1,0,unknown,0,young
technician,married,primary,no,182,no,no,cellular,6,aug,2,-1,0,unknown,0,older
technician,divorced,tertiary,no,-113,yes,no,unknown,22,may,1,-1,1,unknown,0,older
management,single,tertiary,no,322,no,no,cellular,24,aug,2,-1,0,unknown,0,young
blue-collar,divorced,secondary,no,-4,no,no,unknown,21,jun,3,-1,0,unknown,0,young
technician,single,secondary,no,285,no,no,cellular,28,jan,3,-1,0,unknown,0,older
technician,married,secondary,yes,-642,no,no,cellular,12,jul,25,-1,0,unknown,0,older
blue-collar,divorced,secondary,no,2214,yes,yes,cellular,23,may,4,350,2,other,0,older
blue-collar,married,unknown,no,1791,yes,no,cellular,14,may,3,-1,0,unknown,0,older
blue-collar,married,secondary,no,45,yes,no,cellular,20,aug,4,-1,0,unknown,0,young
self-employed,married,primary,no,1085,yes,no,unknown,20,jun,1,-1,0,unknown,0,older
management,married,tertiary,no,-223,yes,no,cellular,2,apr,2,-1,0,failure,1,young
technician,married,secondary,no,1552,yes,no,cellular,22,apr,2,-1,0,unknown,0,young
technician,married,secondary,no,-5,no,yes,unknown,21,may,2,-1,0,unknown,0,young
technician,married,secondary,no,-644,yes,yes,unknown,14,may,1,-1,0,unknown,0,young
blue-collar,married,secondary,no,313,no,no,cellular,17,nov,3,-1,0,unknown,0,older
technician,single,secondary,no,-2453,yes,yes,unknown,12,may,3,-1,0,unknown,0,young
blue-collar,divorced,secondary,no,1103,no,no,cellular,9,aug,4,-1,1,failure,0,older
management,divorced,secondary,no,12157,yes,no,cellular,19,apr,4,149,1,failure,0,older
admin.,divorced,secondary,no,62,yes,no,cellular,16,jul,1,-1,0,unknown,0,young
admin.,single,secondary,no,495,no,no,cellular,21,may,1,-1,0,success,0,young
admin.,married,secondary,no,508,yes,yes,unknown,8,may,3,-1,0,unknown,0,young
blue-collar,divorced,primary,no,850,yes,no,cellular,18,jun,3,-1,0,unknown,0,young
retired,married,secondary,no,-11,no,no,cellular,30,jul,3,181,1,success,0,older
blue-collar,married,secondary,no,156,yes,no,cellular,29,jul,2,-1,0,unknown,0,older
management,married,unknown,no,80,yes,no,cellular,10,aug,4,-1,0,unknown,0,young
blue-collar,divorced,primary,no,-237,yes,no,unknown,3,may,1,-1,0,unknown,0,older
blue-collar,single,primary,no,638,no,no,cellular,3,feb,1,-1,0,unknown,0,young
technician,married,secondary,no,217,yes,no,unknown,15,may,2,-1,9,other,0,young
technician,divorced,secondary,no,2147,no,no,cellular,22,aug,7,183,4,other,0,older
blue-collar,married,secondary,no,796,yes,no,cellular,27,feb,5,268,3,other,0,older
housemaid,married,primary,no,838,no,no,telephone,23,mar,3,-1,0,unknown,0,older
retired,married,primary,no,15,no,no,unknown,20,jun,1,-1,0,unknown,0,young
blue-collar,married,secondary,no,147,yes,yes,cellular,11,may,2,-1,0,unknown,0,young
blue-collar,married,secondary,no,20395,no,no,unknown,3,feb,2,-1,0,unknown,0,older
blue-collar,married,secondary,no,79,yes,no,unknown,6,may,3,-1,0,unknown,0,older
services,married,secondary,no,-104,yes,yes,cellular,13,jul,5,-1,0,unknown,0,young
entrepreneur,married,tertiary,no,1512,no,no,cellular,8,aug,4,-1,0,unknown,0,older
management,divorced,tertiary,no,359,no,no,cellular,5,may,2,-1,0,unknown,0,older
self-employed,married,primary,no,4452,no,no,cellular,15,sep,2,155,2,success,0,older
self-employed,married,secondary,no,222,no,no,unknown,23,apr,10,-1,0,unknown,0,older
services,married,secondary,no,1364,no,yes,cellular,11,jul,3,-2,0,unknown,0,older
blue-collar,married,secondary,no,83,yes,yes,cellular,5,may,1,-1,0,unknown,0,young
blue-collar,married,secondary,no,-2329,yes,no,unknown,20,may,3,-1,0,unknown,0,older
blue-collar,married,primary,no,1009,no,no,unknown,1,jun,1,-1,0,unknown,0,older
technician,single,secondary,yes,-76,no,no,unknown,9,jun,1,-1,0,unknown,0,young
blue-collar,married,primary,no,649,yes,yes,unknown,8,jun,2,-1,0,unknown,0,older
blue-collar,married,secondary,no,578,no,no,cellular,12,may,2,-1,0,unknown,0,young
technician,single,tertiary,no,607,yes,no,cellular,11,apr,3,426,4,other,1,young
admin.,married,secondary,no,1116,no,yes,unknown,25,may,3,-1,0,unknown,0,older
admin.,single,secondary,no,1095,no,no,cellular,16,aug,4,-1,0,unknown,0,young
blue-collar,married,primary,yes,43,yes,no,unknown,4,may,1,-1,0,unknown,0,older
technician,single,tertiary,no,-142,yes,no,unknown,9,jun,1,-1,0,unknown,0,young
blue-collar,divorced,secondary,no,657,no,no,cellular,6,aug,1,-1,0,unknown,0,young
blue-collar,married,primary,no,1433,no,no,unknown,21,jun,1,-1,0,unknown,0,young
technician,single,secondary,no,291,yes,no,telephone,28,jan,3,-1,0,unknown,0,young
services,divorced,secondary,no,166,yes,no,cellular,6,jul,1,-1,0,unknown,0,older
blue-collar,married,secondary,no,5168,yes,no,cellular,28,jan,5,340,1,other,1,older
technician,married,secondary,no,-67,yes,yes,unknown,17,jul,1,-1,0,unknown,0,older
blue-collar,married,primary,no,-25,yes,no,unknown,7,feb,1,-1,0,unknown,0,older
self-employed,divorced,tertiary,no,8607,yes,no,cellular,20,nov,4,-1,0,unknown,0,older
blue-collar,married,secondary,no,3193,yes,no,telephone,19,apr,1,-1,0,unknown,0,older
blue-collar,married,secondary,no,460,yes,no,cellular,8,apr,5,-1,1,unknown,0,young
retired,married,primary,no,-66,no,no,unknown,20,jun,2,-1,0,unknown,0,older
blue-collar,married,primary,no,1252,yes,no,cellular,21,apr,1,322,2,other,0,young
technician,married,secondary,no,-127,no,yes,cellular,10,aug,1,-1,10,unknown,0,older
blue-collar,married,secondary,no,-12,yes,no,cellular,22,apr,3,-1,0,unknown,0,young
blue-collar,married,secondary,no,148,no,no,cellular,8,nov,1,-1,0,unknown,0,older
management,married,tertiary,no,117,yes,no,cellular,21,nov,7,-1,0,unknown,0,young
management,married,secondary,no,-103,no,yes,cellular,30,jul,1,-1,0,unknown,0,older
technician,divorced,tertiary,no,89,no,no,cellular,20,nov,9,-1,0,unknown,0,young
housemaid,married,unknown,no,186,no,no,cellular,4,aug,10,-1,0,unknown,0,young
technician,married,secondary,no,4305,no,no,unknown,21,nov,1,-1,0,unknown,0,older
technician,married,tertiary,yes,-77,yes,yes,cellular,27,jul,3,-1,0,unknown,0,older
management,single,tertiary,no,901,no,no,cellular,20,nov,1,194,4,failure,0,young
entrepreneur,married,tertiary,no,1519,yes,no,cellular,21,jul,4,-1,0,unknown,0,young
technician,married,tertiary,no,4417,no,no,cellular,21,may,1,-1,0,unknown,0,young
retired,married,secondary,no,3917,yes,no,cellular,20,apr,2,94,1,other,1,older
management,married,tertiary,no,2539,no,no,cellular,12,aug,5,90,1,success,1,older
retired,married,primary,no,1157,no,no,telephone,3,feb,2,-1,0,unknown,1,older
blue-collar,married,secondary,no,370,no,yes,cellular,21,nov,3,-1,0,unknown,0,older
student,single,secondary,no,1413,no,no,unknown,4,jun,11,-1,0,unknown,0,young
technician,married,secondary,no,153,no,no,cellular,6,jul,2,-1,0,unknown,0,young
management,married,tertiary,no,145,yes,no,cellular,19,may,1,-1,0,unknown,0,young
management,single,secondary,no,41,no,yes,cellular,30,jul,3,136,9,failure,0,young
technician,married,secondary,no,4275,no,no,cellular,19,oct,7,118,2,failure,0,older
blue-collar,married,secondary,no,180,no,no,cellular,5,aug,2,277,1,failure,0,young
blue-collar,married,primary,no,2096,no,no,unknown,10,may,1,-1,0,unknown,0,older
blue-collar,married,primary,yes,-176,yes,no,cellular,21,jul,1,-1,0,unknown,0,young
technician,married,secondary,no,-399,no,no,cellular,20,aug,10,0,0,unknown,0,young
management,married,tertiary,no,2135,no,no,cellular,3,feb,2,95,4,failure,0,older
unemployed,married,secondary,no,4852,no,no,cellular,27,oct,1,95,1,success,1,young
technician,married,tertiary,no,64,no,no,unknown,5,may,2,-1,0,unknown,0,older
management,single,tertiary,no,193,no,no,cellular,19,nov,1,-1,0,unknown,0,young
retired,single,primary,no,-409,no,no,cellular,4,apr,1,129,1,failure,0,young
blue-collar,married,primary,no,163,yes,no,cellular,11,may,4,-1,0,unknown,0,young
blue-collar,divorced,secondary,no,290,yes,no,cellular,12,nov,5,-1,0,unknown,0,young
unemployed,married,secondary,no,5555,no,no,unknown,19,nov,1,-1,0,unknown,0,older
technician,divorced,secondary,no,2290,no,no,unknown,29,may,3,-1,0,unknown,1,young
blue-collar,married,primary,no,170,yes,no,cellular,11,may,4,-1,0,unknown,0,older
entrepreneur,divorced,tertiary,yes,-190,yes,yes,unknown,18,jul,14,-1,0,unknown,0,young
blue-collar,divorced,secondary,no,-40,yes,no,cellular,16,oct,3,356,1,failure,0,young
admin.,divorced,secondary,no,7,yes,no,unknown,19,may,3,349,0,other,0,young
services,married,secondary,no,-51,yes,no,cellular,13,may,1,-1,0,unknown,0,young
student,single,unknown,no,3085,no,no,cellular,19,sep,1,-1,0,unknown,1,older
services,married,secondary,no,39,yes,yes,cellular,15,jul,1,-1,0,unknown,0,young
blue-collar,married,secondary,no,26286,no,no,telephone,20,nov,2,-1,0,unknown,0,older
blue-collar,single,unknown,no,3136,yes,no,cellular,18,jul,2,-1,0,unknown,0,young
technician,married,secondary,no,6276,yes,no,cellular,0,feb,7,183,2,other,0,young
management,married,tertiary,yes,98,yes,no,cellular,15,may,4,-1,0,unknown,0,young
services,married,secondary,no,281,yes,no,cellular,19,apr,2,-1,0,unknown,1,young
self-employed,married,tertiary,no,185,yes,no,unknown,14,may,1,-1,0,unknown,0,older
retired,married,primary,no,1746,yes,no,unknown,19,apr,1,-1,0,unknown,0,older
technician,married,secondary,no,543,no,no,cellular,28,jan,4,279,1,other,0,older
management,married,secondary,no,11788,no,no,cellular,20,oct,1,119,1,failure,0,older
management,married,tertiary,no,2386,yes,no,telephone,17,jul,6,-2,0,unknown,1,young
technician,married,secondary,no,1030,no,no,cellular,10,aug,4,-1,0,unknown,0,older
management,married,unknown,no,3035,yes,no,cellular,28,jan,2,270,1,failure,0,older
management,divorced,tertiary,no,-40,no,no,cellular,22,nov,1,322,2,other,1,young
technician,single,tertiary,no,2662,yes,no,cellular,15,apr,3,340,1,failure,0,young
technician,married,secondary,no,4670,yes,no,telephone,15,nov,8,184,2,other,0,older
self-employed,single,tertiary,no,150,no,no,unknown,27,jun,1,-1,0,unknown,0,young
blue-collar,married,secondary,no,37,yes,no,cellular,22,aug,4,-1,0,unknown,0,older
retired,divorced,tertiary,no,2177,no,no,telephone,4,mar,1,-1,1,unknown,0,older
self-employed,married,primary,no,2995,yes,no,cellular,16,mar,5,272,1,failure,0,older
blue-collar,single,secondary,yes,3106,yes,no,cellular,16,apr,1,-1,0,unknown,0,older
unknown,married,unknown,no,561,no,no,cellular,29,jan,2,-1,0,unknown,0,older
retired,married,secondary,no,980,no,no,telephone,0,feb,1,-2,0,unknown,0,older
services,married,secondary,no,99,no,no,unknown,20,may,3,-1,0,unknown,0,young
services,divorced,secondary,no,8,yes,yes,unknown,16,may,1,-1,0,unknown,0,young
management,married,unknown,no,4791,no,no,telephone,19,aug,2,-1,0,unknown,0,older
housemaid,married,primary,no,4666,no,no,cellular,17,jul,2,-1,0,unknown,0,older
blue-collar,married,secondary,no,34,no,no,telephone,20,aug,1,-1,0,unknown,0,young
management,married,tertiary,no,-185,yes,yes,cellular,1,jul,5,-1,0,failure,0,young
management,married,tertiary,yes,-561,yes,no,cellular,23,jul,3,-1,0,unknown,1,older
blue-collar,single,primary,no,85,yes,no,cellular,14,may,2,352,4,unknown,0,young
blue-collar,divorced,primary,no,172,yes,no,cellular,16,feb,3,-1,0,unknown,0,older
management,single,tertiary,no,130,no,no,cellular,22,jul,2,-1,0,unknown,1,young
management,married,tertiary,no,146,yes,no,cellular,11,feb,2,108,10,failure,0,young
blue-collar,married,secondary,no,134,yes,yes,unknown,15,may,3,-1,0,unknown,0,young
management,single,tertiary,no,252,no,no,cellular,18,feb,1,-1,0,unknown,0,young
admin.,divorced,secondary,no,479,no,yes,unknown,7,may,1,-1,0,unknown,0,older
technician,married,secondary,no,95,yes,no,unknown,13,may,1,-1,0,unknown,0,young
technician,single,secondary,no,675,no,no,telephone,19,nov,4,93,1,other,0,young
management,married,tertiary,no,710,no,no,cellular,12,aug,4,-1,0,unknown,0,older
retired,married,secondary,no,7437,no,no,telephone,27,oct,2,192,1,success,1,older
blue-collar,married,secondary,no,2009,yes,no,cellular,21,may,5,-1,0,unknown,0,young
management,married,tertiary,no,-50,yes,no,cellular,29,may,3,339,4,other,0,young
management,single,tertiary,no,579,yes,no,cellular,9,may,7,359,2,failure,0,young
blue-collar,married,primary,yes,106,yes,no,unknown,21,may,1,-1,0,unknown,0,young
student,single,secondary,no,1956,no,no,cellular,20,nov,2,-1,0,unknown,0,young
management,married,secondary,no,613,no,no,cellular,18,aug,2,191,10,failure,0,older
admin.,divorced,secondary,no,78,no,no,cellular,13,aug,2,-1,0,unknown,0,older
housemaid,married,primary,no,317,no,no,cellular,25,sep,2,268,0,unknown,1,older
blue-collar,divorced,secondary,no,-26,yes,no,cellular,21,may,4,-1,0,unknown,0,young
blue-collar,divorced,primary,no,814,no,no,unknown,11,may,1,-1,0,unknown,0,older
management,married,tertiary,no,1402,yes,no,unknown,20,nov,3,-1,0,unknown,0,older
blue-collar,divorced,primary,no,83,yes,no,unknown,14,may,1,-1,0,unknown,0,older
services,divorced,tertiary,no,3920,yes,no,unknown,21,apr,3,-1,0,unknown,0,young
technician,married,secondary,no,139,no,no,cellular,26,aug,4,-1,0,unknown,0,older
services,divorced,secondary,no,49,yes,no,cellular,13,apr,5,124,3,failure,0,young
blue-collar,married,secondary,no,15,yes,no,cellular,17,may,3,357,3,failure,0,young
management,married,tertiary,no,2454,no,no,telephone,11,aug,6,-2,0,unknown,0,older
retired,married,secondary,no,5048,no,no,telephone,4,mar,1,-1,0,unknown,1,young
self-employed,married,secondary,no,1258,yes,no,cellular,4,sep,2,179,2,failure,0,young
services,divorced,secondary,no,52,no,no,cellular,1,feb,1,183,1,failure,0,young
management,single,tertiary,no,1041,no,no,cellular,22,aug,4,-1,0,unknown,0,young
technician,divorced,secondary,no,932,yes,no,unknown,5,may,1,-1,0,unknown,0,young
unemployed,married,secondary,no,2445,no,no,cellular,19,nov,4,-1,0,unknown,0,older
blue-collar,divorced,primary,no,1498,yes,no,cellular,17,apr,3,349,2,other,0,older
blue-collar,divorced,secondary,no,2587,yes,no,unknown,22,may,2,-1,0,unknown,1,older
housemaid,married,primary,no,350,no,yes,cellular,17,jul,7,-1,0,unknown,0,older
technician,married,secondary,yes,1996,no,yes,cellular,20,jul,1,-1,0,unknown,0,young
blue-collar,married,primary,yes,153,yes,no,cellular,10,jul,5,-1,0,unknown,0,older
services,married,tertiary,no,3366,no,no,cellular,25,aug,4,-1,0,unknown,0,young
technician,married,secondary,no,1832,no,yes,cellular,8,jul,1,-1,0,unknown,0,older
management,married,tertiary,no,1435,no,no,cellular,20,aug,7,-1,0,unknown,0,young
unknown,married,unknown,no,402,no,no,unknown,29,jan,3,-1,0,unknown,0,older
blue-collar,single,secondary,no,163,no,no,unknown,7,jul,1,-1,0,unknown,0,young
technician,married,tertiary,no,38,no,no,cellular,18,aug,4,-1,0,unknown,0,older
technician,divorced,secondary,no,665,no,yes,cellular,29,jan,1,100,4,failure,0,older
blue-collar,married,primary,no,-282,yes,no,unknown,13,may,3,-1,0,unknown,0,young
unemployed,married,secondary,no,1447,no,no,cellular,13,aug,4,-1,0,unknown,0,older
management,single,tertiary,no,-78,yes,no,unknown,11,may,4,337,2,unknown,0,young
blue-collar,married,secondary,no,1206,yes,no,unknown,11,may,2,-1,0,unknown,0,young
technician,divorced,secondary,no,-326,yes,no,unknown,8,may,3,-1,0,unknown,0,young
blue-collar,married,primary,no,211,yes,no,cellular,14,may,2,-1,0,unknown,0,older
blue-collar,married,secondary,no,2447,yes,no,cellular,10,may,2,357,4,failure,0,older
technician,divorced,secondary,no,142,no,no,cellular,7,aug,3,-1,0,unknown,0,young
blue-collar,married,primary,no,61,yes,no,telephone,12,may,1,-1,0,unknown,0,older
blue-collar,divorced,primary,no,1307,yes,no,unknown,13,may,1,-1,0,unknown,0,older
management,single,tertiary,no,1973,yes,no,cellular,22,nov,5,97,1,other,0,young
entrepreneur,married,primary,no,110,no,no,unknown,8,jun,1,-1,0,unknown,0,young
technician,divorced,secondary,no,109,yes,no,unknown,12,may,3,-1,0,unknown,0,older
admin.,divorced,secondary,no,426,no,no,unknown,23,may,4,-1,0,unknown,0,young
student,single,secondary,no,2989,no,no,cellular,18,nov,2,-1,0,unknown,1,young
blue-collar,married,primary,no,795,yes,no,unknown,11,may,1,-1,0,unknown,0,older
blue-collar,married,primary,no,2174,no,no,unknown,6,jul,3,-1,0,unknown,0,young
unknown,married,unknown,no,-1212,no,no,telephone,28,jan,2,-1,1,unknown,0,older
technician,divorced,secondary,yes,-571,yes,yes,cellular,30,jul,7,-1,0,unknown,0,young
management,married,primary,no,107,no,no,cellular,19,nov,4,-1,0,unknown,0,older
management,single,tertiary,no,3757,yes,no,cellular,2,apr,1,91,6,success,0,young
management,divorced,tertiary,no,15673,yes,no,cellular,21,nov,5,179,2,failure,0,older
blue-collar,single,unknown,no,64,yes,no,cellular,13,apr,4,-1,0,unknown,0,young
services,married,secondary,no,-170,yes,no,cellular,10,jul,1,-1,0,unknown,0,older
management,married,secondary,no,918,yes,no,cellular,24,apr,2,340,1,other,0,young
retired,married,secondary,no,3372,no,no,unknown,5,jun,1,-2,0,unknown,0,older
management,married,primary,no,958,yes,no,cellular,13,may,1,-1,0,unknown,0,older
management,married,tertiary,no,4271,no,no,cellular,21,jul,5,-1,2,unknown,0,older
unknown,divorced,tertiary,no,3095,no,no,unknown,11,jun,14,-1,0,unknown,0,older
technician,married,secondary,no,137,no,no,cellular,19,aug,1,-1,0,unknown,0,young
management,married,tertiary,no,2512,no,no,cellular,21,nov,2,-1,0,unknown,0,older
technician,single,tertiary,no,114,no,no,unknown,24,aug,1,-1,0,unknown,0,young
blue-collar,married,primary,no,25,yes,no,cellular,9,may,1,270,1,failure,0,older
blue-collar,single,secondary,no,1038,yes,no,cellular,4,may,2,357,1,other,0,young
management,married,tertiary,no,231,no,no,cellular,30,jan,4,-1,0,unknown,0,young
blue-collar,married,secondary,no,142,yes,no,cellular,30,jan,3,188,1,failure,0,young
admin.,single,secondary,no,86,yes,no,cellular,28,may,4,345,1,failure,0,young
technician,married,secondary,no,92,no,no,cellular,18,nov,5,-1,0,unknown,0,young
unemployed,married,primary,yes,-53,no,no,cellular,12,may,2,-1,0,unknown,0,young
entrepreneur,married,unknown,no,97,no,no,unknown,12,jun,5,-1,0,unknown,0,young
blue-collar,married,secondary,no,1157,no,yes,cellular,5,feb,1,271,1,other,0,older
retired,married,primary,no,2722,no,no,unknown,4,jun,4,-2,0,unknown,0,older
blue-collar,single,secondary,no,1327,yes,no,cellular,16,apr,2,348,0,unknown,1,young
blue-collar,married,secondary,yes,87,yes,yes,cellular,17,jul,4,-1,0,unknown,0,young
technician,single,secondary,no,-617,yes,no,unknown,14,may,24,-1,0,unknown,0,young
retired,married,primary,no,1248,no,no,telephone,4,oct,1,-1,0,unknown,0,older
services,married,secondary,no,1248,no,no,unknown,13,may,5,-1,0,unknown,0,young
services,married,secondary,no,1935,yes,no,cellular,12,may,3,-1,0,unknown,0,young
self-employed,divorced,tertiary,no,-44,no,no,cellular,12,apr,2,-1,9,success,1,young
admin.,married,secondary,no,226,yes,no,cellular,12,may,2,-1,0,unknown,0,young
technician,divorced,secondary,yes,22,no,yes,cellular,9,nov,22,-1,0,unknown,0,older
retired,divorced,primary,no,11159,no,no,telephone,10,jul,4,134,1,failure,0,older
housemaid,married,secondary,no,120,no,no,cellular,17,feb,4,-1,0,unknown,0,older
technician,divorced,tertiary,no,483,no,yes,cellular,10,aug,4,92,10,failure,0,young
services,single,secondary,no,2183,yes,no,cellular,15,may,3,-1,0,unknown,0,young
blue-collar,married,tertiary,no,-9,yes,no,unknown,8,may,1,-1,0,unknown,0,young
admin.,married,secondary,no,217,yes,no,cellular,11,nov,2,-1,0,unknown,0,young
blue-collar,married,primary,no,5173,yes,no,cellular,16,apr,3,-1,1,unknown,0,older
technician,married,tertiary,no,2853,yes,no,cellular,20,aug,4,185,1,failure,0,young
self-employed,divorced,tertiary,no,1190,no,no,cellular,4,oct,1,133,1,failure,0,young
management,divorced,tertiary,yes,-177,no,no,cellular,7,aug,4,-1,0,unknown,0,young
technician,married,tertiary,no,1481,yes,no,cellular,1,jan,3,107,4,other,0,young
management,married,secondary,no,5686,yes,no,cellular,11,dec,1,122,4,success,1,older
technician,divorced,secondary,no,2034,yes,yes,cellular,17,feb,1,147,1,failure,0,young
management,divorced,tertiary,no,1555,no,no,cellular,20,apr,4,179,1,failure,0,older
technician,married,tertiary,no,676,yes,no,unknown,13,jul,5,-1,0,unknown,0,older
technician,divorced,secondary,no,-419,yes,no,cellular,10,may,6,-1,0,unknown,0,young
technician,married,secondary,no,4462,no,no,cellular,24,aug,7,-1,0,unknown,0,young
technician,married,secondary,no,1107,no,no,cellular,18,aug,1,-1,0,unknown,0,older
blue-collar,single,primary,no,24,no,no,unknown,14,may,2,-1,0,unknown,0,young
management,married,tertiary,no,722,yes,yes,cellular,3,may,2,-1,0,unknown,0,young
technician,single,tertiary,yes,320,yes,no,cellular,11,may,3,98,1,failure,0,young
unknown,married,secondary,no,72,no,no,unknown,12,may,1,-1,0,unknown,0,older
technician,single,secondary,no,111,no,no,cellular,29,jan,2,-1,0,unknown,0,young
technician,married,secondary,no,324,yes,yes,unknown,21,jul,2,-1,0,unknown,0,young
blue-collar,married,secondary,no,-683,yes,no,unknown,14,may,2,-1,0,unknown,0,young
technician,divorced,secondary,yes,1807,no,no,cellular,3,nov,1,-1,0,unknown,0,young
entrepreneur,married,secondary,no,22058,no,no,telephone,18,nov,1,-1,0,unknown,0,older
unemployed,divorced,primary,no,17632,no,no,telephone,17,apr,1,-2,0,unknown,0,older
blue-collar,single,secondary,yes,-567,yes,no,unknown,4,may,10,-1,0,unknown,0,young
technician,married,secondary,no,-154,yes,no,unknown,4,may,5,-1,0,unknown,0,young
blue-collar,married,primary,no,1108,no,no,telephone,3,aug,4,-1,0,unknown,0,older
technician,divorced,primary,no,1393,no,no,unknown,22,jun,1,-1,0,unknown,0,older
self-employed,married,tertiary,no,118,yes,no,unknown,19,may,7,-1,0,unknown,0,young
management,divorced,tertiary,no,5088,no,no,cellular,12,apr,2,346,1,success,1,young
services,married,tertiary,no,-59,yes,no,unknown,15,may,3,-1,0,unknown,0,young
blue-collar,married,primary,no,-108,yes,no,unknown,20,may,2,344,9,unknown,0,older
admin.,single,secondary,no,136,yes,no,cellular,8,mar,3,415,2,failure,0,young
blue-collar,married,secondary,no,1779,no,yes,cellular,21,apr,1,-2,0,unknown,0,young
blue-collar,married,secondary,no,-71,yes,yes,cellular,13,jul,2,-1,0,unknown,0,young
retired,married,primary,no,717,no,no,telephone,26,jul,1,-1,0,unknown,0,older
student,single,unknown,no,1074,no,no,cellular,20,sep,1,172,1,failure,1,young
blue-collar,married,secondary,no,5011,yes,no,cellular,15,apr,2,349,2,failure,0,young
admin.,married,secondary,no,2648,no,no,cellular,18,nov,7,182,6,success,0,young
retired,married,primary,no,2517,no,yes,telephone,5,feb,1,-1,0,unknown,0,older
technician,married,primary,no,219,yes,no,cellular,11,may,7,-1,0,unknown,0,older
technician,single,tertiary,no,1881,yes,no,cellular,3,may,5,350,1,failure,0,young
technician,divorced,secondary,no,458,no,no,cellular,3,aug,2,-1,0,unknown,0,young
unemployed,married,primary,no,4706,yes,no,unknown,11,may,1,-1,0,unknown,0,older
admin.,married,secondary,no,1668,yes,no,cellular,12,may,1,-1,0,unknown,0,older
management,single,tertiary,no,4690,no,no,cellular,25,oct,1,99,2,success,1,young
blue-collar,married,primary,no,2346,no,no,cellular,20,jun,3,-1,0,unknown,0,young
blue-collar,married,secondary,no,5578,no,no,unknown,3,may,3,-1,0,unknown,0,young
blue-collar,single,secondary,yes,151,no,no,cellular,6,jul,4,-1,0,unknown,0,young
blue-collar,single,secondary,no,230,no,no,cellular,22,jul,1,-1,0,unknown,0,young
blue-collar,married,unknown,no,934,no,no,telephone,19,jul,1,-1,0,unknown,0,older
blue-collar,divorced,primary,no,113,yes,yes,unknown,20,jun,2,-1,0,unknown,0,young
blue-collar,married,secondary,yes,14,yes,no,cellular,7,jul,1,-1,0,unknown,0,young
blue-collar,divorced,primary,no,-5,yes,no,unknown,18,may,1,-1,0,unknown,0,older
blue-collar,married,secondary,yes,-475,yes,no,unknown,14,may,1,-1,0,unknown,0,older
blue-collar,married,secondary,no,-118,yes,yes,unknown,7,may,2,-1,0,unknown,0,young
technician,single,secondary,no,3028,no,no,cellular,1,feb,2,-1,0,unknown,1,young
technician,married,secondary,no,1556,yes,yes,cellular,2,apr,2,119,4,success,1,young
technician,married,tertiary,no,13,yes,no,cellular,27,jan,5,275,10,other,0,older
retired,married,primary,no,238,no,no,telephone,2,aug,1,-1,0,unknown,0,older
blue-collar,married,secondary,yes,44,yes,no,cellular,9,jul,1,-1,0,unknown,0,older
blue-collar,divorced,secondary,no,3890,yes,no,cellular,14,apr,1,-2,0,unknown,1,older
management,married,tertiary,no,23,no,yes,cellular,5,jul,1,-1,0,unknown,0,young
management,divorced,tertiary,no,4608,yes,no,cellular,21,apr,2,-1,0,unknown,0,young
technician,married,tertiary,no,1531,no,no,cellular,16,may,1,-1,0,unknown,0,young
technician,divorced,secondary,yes,2,yes,no,cellular,20,nov,2,187,1,failure,0,young
blue-collar,married,secondary,yes,1122,no,no,cellular,15,jul,1,-1,0,unknown,0,older
housemaid,married,secondary,no,2132,no,no,cellular,15,jul,2,-1,0,unknown,0,older
admin.,married,secondary,yes,-18,no,no,unknown,18,jun,1,-1,0,unknown,0,young
blue-collar,married,secondary,no,70,no,no,cellular,5,apr,2,101,1,other,0,young
technician,married,secondary,no,3812,no,no,cellular,12,apr,1,153,1,other,0,older
management,married,tertiary,no,-62,no,yes,cellular,18,aug,4,-1,0,unknown,0,young
blue-collar,divorced,primary,yes,13,no,no,cellular,7,jul,2,-1,0,unknown,0,older
entrepreneur,married,unknown,no,261,yes,no,unknown,13,may,1,-1,0,unknown,0,young
technician,married,secondary,no,10,no,yes,unknown,15,may,1,-1,0,unknown,0,young
technician,married,secondary,no,117,no,no,cellular,24,jun,1,-1,0,unknown,0,young
technician,married,secondary,no,4167,no,no,cellular,12,nov,1,-1,1,unknown,0,older
management,married,tertiary,no,177,yes,no,unknown,15,may,4,-1,0,unknown,0,young
blue-collar,married,secondary,no,1345,no,no,telephone,22,nov,3,-1,0,unknown,0,young
management,married,tertiary,no,784,no,no,cellular,21,nov,1,-1,0,unknown,0,older
technician,married,secondary,no,244,no,no,unknown,19,nov,1,-1,0,unknown,0,older
technician,married,secondary,no,470,no,yes,cellular,28,feb,9,-1,0,unknown,0,young
entrepreneur,married,secondary,no,217,yes,no,cellular,21,nov,2,-1,0,unknown,0,young
management,married,tertiary,no,254,no,no,cellular,21,aug,4,-2,0,unknown,0,older
technician,single,secondary,no,47,no,no,cellular,25,jan,5,115,1,other,0,young
self-employed,divorced,tertiary,yes,-316,no,no,cellular,16,jul,3,-1,0,unknown,0,older
blue-collar,married,secondary,no,-547,no,no,cellular,23,jul,3,-1,0,unknown,0,young
management,married,tertiary,no,355,no,no,cellular,20,may,1,-1,1,other,0,young
admin.,married,secondary,no,-22,no,yes,unknown,4,jun,2,-1,0,unknown,0,young
student,single,secondary,no,938,no,no,cellular,5,mar,5,123,1,success,1,young
unemployed,married,unknown,yes,2120,no,no,unknown,23,jun,2,-1,0,unknown,0,older
technician,divorced,tertiary,no,1420,no,no,cellular,26,aug,9,-1,0,unknown,0,older
unemployed,divorced,secondary,no,1058,yes,no,cellular,18,feb,3,262,1,failure,1,young
blue-collar,married,secondary,no,1267,no,no,telephone,10,jul,2,275,2,failure,0,young
retired,single,tertiary,no,602,no,no,cellular,6,aug,1,-1,0,unknown,0,older
technician,married,tertiary,no,1368,no,no,cellular,14,aug,1,-1,0,unknown,0,young
blue-collar,married,secondary,no,416,no,no,telephone,5,feb,1,-1,0,unknown,1,young
management,divorced,tertiary,no,1433,no,no,cellular,20,nov,2,163,0,unknown,0,young
blue-collar,divorced,primary,no,8,yes,yes,unknown,20,may,1,-1,0,unknown,0,older
blue-collar,married,primary,yes,-328,yes,no,unknown,19,may,1,-1,0,unknown,0,young
technician,married,secondary,no,86,yes,no,cellular,3,feb,2,121,1,failure,0,young
services,married,secondary,no,91,yes,no,cellular,20,apr,2,-1,0,unknown,0,young
technician,married,secondary,no,5103,no,no,unknown,25,jun,5,-1,0,unknown,0,older
admin.,divorced,secondary,no,4409,no,no,cellular,13,may,5,146,9,other,0,young
technician,married,secondary,no,-354,yes,no,cellular,30,apr,3,-1,0,unknown,0,young
management,married,tertiary,yes,100,yes,no,cellular,8,aug,4,-1,0,unknown,0,young
management,married,tertiary,no,14231,no,no,cellular,20,nov,2,-1,0,unknown,0,older
blue-collar,married,secondary,no,-237,yes,no,unknown,14,may,1,-1,0,unknown,0,older
management,divorced,tertiary,no,2115,yes,no,cellular,13,jan,1,179,1,failure,0,young
technician,single,secondary,yes,89,yes,no,cellular,18,nov,2,-1,0,unknown,0,young
technician,married,tertiary,no,1914,no,no,cellular,19,oct,1,92,1,success,1,young
services,married,secondary,no,655,yes,no,unknown,17,may,1,-1,0,unknown,0,young
blue-collar,married,secondary,no,53,yes,no,unknown,7,may,2,-1,0,unknown,0,older
blue-collar,married,secondary,yes,-251,no,yes,cellular,22,jul,5,-1,0,unknown,0,older
blue-collar,married,primary,no,2453,yes,no,telephone,3,feb,2,75,4,failure,0,older
technician,married,secondary,no,70,no,yes,cellular,8,aug,7,-1,0,unknown,0,older
technician,divorced,secondary,no,1054,yes,no,unknown,19,may,1,-1,0,unknown,0,young
blue-collar,married,secondary,no,165,no,yes,cellular,21,jul,3,-1,0,unknown,0,young
unemployed,married,primary,no,637,yes,no,cellular,10,feb,6,-1,0,unknown,1,young
housemaid,married,primary,no,24,yes,yes,cellular,18,jul,3,-1,0,unknown,0,older
admin.,married,primary,no,3614,no,yes,unknown,5,may,3,-1,0,unknown,0,older
services,married,secondary,no,-510,yes,no,unknown,11,may,3,-1,0,unknown,0,young
blue-collar,divorced,primary,no,744,yes,no,unknown,16,may,10,-1,0,unknown,0,older
housemaid,married,secondary,yes,5223,yes,no,cellular,28,may,2,354,9,other,0,older
technician,married,secondary,no,4638,no,no,cellular,22,sep,2,180,5,success,0,older
retired,divorced,unknown,yes,951,no,yes,unknown,5,jun,2,-1,0,unknown,0,older
management,divorced,tertiary,no,20,no,no,cellular,27,aug,3,-1,0,unknown,0,young
blue-collar,married,secondary,no,-2365,yes,yes,unknown,8,jun,1,-1,0,unknown,0,young
admin.,married,secondary,no,146,no,no,cellular,16,nov,2,-1,0,unknown,0,older
management,married,tertiary,no,1372,no,no,cellular,4,aug,2,-1,0,unknown,0,young
retired,divorced,secondary,no,2374,no,no,telephone,24,jul,5,-1,0,unknown,0,older
management,married,tertiary,no,723,yes,no,cellular,21,aug,7,-1,0,unknown,0,young
self-employed,married,tertiary,no,1881,no,no,unknown,25,nov,1,-1,0,unknown,0,young
blue-collar,married,secondary,no,403,yes,no,cellular,16,may,5,-1,0,unknown,0,older
technician,married,secondary,no,984,yes,no,cellular,13,apr,1,400,9,failure,1,older
blue-collar,married,unknown,no,5575,no,no,cellular,11,aug,1,-1,0,unknown,0,older
management,married,tertiary,no,815,yes,no,cellular,29,may,5,271,4,failure,0,young
management,divorced,tertiary,no,161,yes,no,cellular,21,apr,3,-1,0,unknown,0,young
management,married,tertiary,no,-949,yes,no,unknown,18,may,3,-1,0,unknown,0,young
blue-collar,single,secondary,no,806,no,no,cellular,4,feb,2,276,4,failure,1,young
technician,married,tertiary,no,92,yes,no,unknown,3,jun,1,-1,0,unknown,0,young
management,divorced,tertiary,no,-92,yes,no,unknown,21,may,1,-2,0,unknown,0,young
housemaid,married,secondary,no,1042,no,no,cellular,12,jun,2,-1,0,unknown,0,older
blue-collar,married,secondary,no,151,yes,no,unknown,15,may,3,-1,0,unknown,0,young
blue-collar,divorced,primary,no,9928,yes,no,cellular,21,nov,14,-1,0,unknown,0,young
technician,divorced,secondary,yes,62,no,no,cellular,19,nov,1,-1,0,unknown,0,young
blue-collar,single,secondary,no,129,no,no,unknown,24,may,1,-1,0,unknown,0,young
self-employed,married,tertiary,no,324,yes,no,cellular,21,nov,4,336,1,failure,0,young
blue-collar,divorced,primary,no,64,yes,yes,cellular,20,jul,2,-2,0,unknown,0,older
blue-collar,married,primary,no,8,no,no,unknown,8,may,3,-1,0,unknown,0,older
blue-collar,married,primary,no,979,no,yes,telephone,24,aug,14,-1,0,unknown,0,older
unknown,married,unknown,no,2474,no,no,cellular,14,aug,5,107,2,failure,0,young
management,divorced,tertiary,no,-293,no,no,cellular,24,aug,4,-1,0,unknown,0,young
services,single,secondary,yes,-551,yes,yes,cellular,3,feb,2,276,1,failure,0,young
unemployed,single,tertiary,no,-5,yes,no,cellular,14,may,3,341,1,other,0,young
services,married,secondary,no,-25,no,yes,cellular,28,jul,2,104,4,other,0,young
unemployed,married,secondary,yes,2633,no,no,unknown,16,jun,3,-1,0,unknown,0,older
technician,married,secondary,yes,5119,yes,no,cellular,13,nov,1,77,1,failure,0,young
management,single,tertiary,no,4467,yes,no,cellular,15,jan,6,188,1,failure,0,young
entrepreneur,married,primary,no,-306,yes,no,cellular,23,jul,5,-1,0,unknown,0,young
technician,divorced,secondary,no,200,no,no,cellular,26,jun,3,-1,0,unknown,0,older
housemaid,married,primary,no,74,no,no,cellular,20,jul,1,-1,0,unknown,0,young
management,married,tertiary,no,435,yes,no,cellular,9,jul,5,-1,0,unknown,0,older
management,single,tertiary,no,-2062,yes,no,unknown,9,may,10,-1,0,unknown,0,young
management,married,tertiary,no,988,no,yes,cellular,13,aug,2,-2,0,unknown,0,older
management,married,tertiary,no,1967,yes,no,unknown,11,jun,1,-1,0,unknown,0,young
admin.,married,tertiary,no,320,yes,no,cellular,11,apr,4,414,4,failure,0,young
management,single,tertiary,no,452,no,no,cellular,22,jul,9,-2,0,unknown,0,young
blue-collar,single,primary,no,1265,no,no,unknown,22,may,4,-1,0,unknown,0,young
technician,married,secondary,no,62,yes,no,unknown,11,may,2,-1,0,unknown,0,older
technician,married,secondary,no,1017,yes,no,unknown,14,jun,3,-1,0,unknown,0,young
technician,single,unknown,no,2611,yes,no,cellular,6,nov,2,98,0,unknown,0,young
technician,divorced,secondary,no,181,yes,no,cellular,20,nov,2,-1,0,unknown,0,older
blue-collar,married,primary,no,954,yes,no,cellular,17,may,4,-1,0,unknown,0,older
management,married,tertiary,no,3139,no,no,cellular,17,apr,7,-2,0,unknown,1,young
blue-collar,married,primary,no,-51,yes,no,unknown,13,may,3,-1,0,unknown,0,young
blue-collar,married,secondary,no,3077,no,no,cellular,3,aug,2,-1,0,unknown,0,older
technician,divorced,unknown,no,1152,no,no,cellular,30,aug,1,-1,0,unknown,0,older
technician,married,secondary,no,85,yes,no,unknown,10,may,1,-1,0,unknown,0,older
management,single,tertiary,yes,271,no,no,cellular,9,jul,2,184,1,failure,0,young
retired,married,secondary,no,1002,no,no,cellular,18,dec,1,-1,0,unknown,0,older
student,single,unknown,no,2851,no,no,cellular,9,jul,7,-1,0,unknown,0,older
blue-collar,divorced,primary,no,-313,yes,no,unknown,8,may,5,-1,0,unknown,0,older
management,divorced,tertiary,no,216,yes,no,cellular,17,jul,4,-1,0,unknown,0,older
student,single,secondary,no,178,yes,no,cellular,20,jul,3,-1,0,unknown,0,young
admin.,married,secondary,no,1231,yes,no,unknown,22,jun,7,-1,0,unknown,0,older
student,single,secondary,no,1389,no,no,cellular,11,jul,4,-1,0,unknown,1,young
technician,divorced,secondary,no,3968,no,no,cellular,18,dec,3,87,1,other,0,older
technician,single,tertiary,no,5068,yes,no,cellular,14,jan,2,360,1,failure,1,young
student,single,secondary,no,222,no,no,cellular,12,apr,1,-1,0,unknown,0,young
blue-collar,single,secondary,no,982,yes,no,unknown,12,may,2,-1,0,unknown,0,young
blue-collar,married,tertiary,no,1178,no,no,cellular,26,jul,2,-1,0,unknown,0,young
blue-collar,married,secondary,no,135,yes,no,cellular,21,jul,1,-1,0,unknown,0,older
technician,married,secondary,no,4713,no,no,unknown,8,may,3,-1,0,unknown,0,young
blue-collar,married,primary,no,1167,yes,no,cellular,13,may,5,363,1,failure,0,older
management,married,primary,no,5608,no,yes,cellular,8,jul,2,-1,0,unknown,0,young
services,married,secondary,no,1392,yes,no,telephone,6,apr,2,-1,0,unknown,0,older
technician,divorced,tertiary,no,1459,yes,no,cellular,17,may,1,343,1,failure,0,young
retired,married,primary,no,1638,no,no,cellular,2,aug,1,-1,0,unknown,0,older
blue-collar,married,primary,no,-85,yes,no,unknown,13,may,1,-1,0,unknown,0,older
management,married,tertiary,no,4878,yes,no,telephone,17,jul,5,-1,0,unknown,0,older
technician,married,secondary,no,953,no,no,cellular,27,jul,2,290,1,failure,0,young
unemployed,married,primary,no,1838,yes,no,unknown,26,jun,3,-1,0,unknown,0,older
technician,divorced,tertiary,yes,224,yes,no,cellular,29,jan,3,-1,0,unknown,0,older
blue-collar,married,secondary,no,29,yes,no,cellular,15,may,3,346,1,unknown,0,young
technician,married,secondary,no,132,yes,yes,cellular,29,jan,1,258,1,failure,0,young
unemployed,married,secondary,no,2523,yes,no,unknown,3,feb,1,-1,0,unknown,0,young
services,married,secondary,no,1707,yes,no,cellular,20,nov,4,-1,0,unknown,0,young
blue-collar,married,secondary,no,5,yes,no,unknown,12,may,5,-1,0,unknown,0,young
unemployed,divorced,secondary,no,1225,no,no,cellular,20,aug,2,183,0,failure,1,older
blue-collar,married,primary,no,2809,yes,no,unknown,15,may,3,-1,0,unknown,0,older
admin.,married,secondary,no,-98,no,no,cellular,13,aug,1,-1,0,unknown,0,young
blue-collar,divorced,primary,no,53,no,yes,unknown,15,jul,1,-1,0,unknown,0,young
technician,married,secondary,no,2019,no,no,cellular,22,nov,9,-1,0,unknown,0,young
management,married,primary,no,135,yes,no,cellular,23,apr,3,359,1,failure,0,older
technician,divorced,primary,no,1340,yes,no,unknown,8,may,1,-1,0,unknown,0,older
blue-collar,married,primary,no,-25,yes,yes,unknown,19,may,3,-1,0,unknown,0,young
technician,married,secondary,no,1290,yes,no,cellular,21,may,2,-1,0,unknown,0,young
blue-collar,married,unknown,no,4691,no,no,telephone,12,jul,2,-1,0,unknown,0,young
services,divorced,secondary,no,3197,yes,no,cellular,21,nov,3,-1,0,unknown,0,young
technician,divorced,secondary,no,-486,yes,no,cellular,14,jul,1,-1,0,unknown,0,older
technician,married,secondary,no,3454,no,no,cellular,24,apr,5,176,4,failure,0,older
technician,married,secondary,no,859,no,no,telephone,3,apr,1,138,1,failure,0,young
self-employed,divorced,secondary,no,848,yes,no,cellular,18,jul,2,-1,0,unknown,0,older
technician,married,tertiary,no,3931,no,no,cellular,21,nov,1,-1,0,unknown,0,young
retired,married,secondary,no,3791,no,no,cellular,14,sep,3,-1,0,unknown,0,older
admin.,married,unknown,no,-1593,yes,no,unknown,23,may,3,-1,0,unknown,0,young
blue-collar,divorced,secondary,no,444,no,no,telephone,19,jul,1,-1,0,unknown,0,young
technician,married,secondary,no,3184,yes,no,unknown,10,may,1,-1,0,unknown,0,young
blue-collar,divorced,secondary,no,136,yes,no,unknown,16,may,1,-1,0,unknown,0,young
technician,divorced,secondary,no,568,no,no,cellular,19,aug,5,182,3,other,0,young
blue-collar,divorced,secondary,no,340,yes,no,cellular,14,may,4,354,1,failure,0,young
blue-collar,single,secondary,yes,-96,yes,no,unknown,12,may,1,-1,0,unknown,0,young
technician,married,secondary,no,-342,no,yes,cellular,20,jul,2,-1,0,unknown,0,older
retired,single,primary,no,83,yes,no,telephone,6,jul,1,-1,0,unknown,0,older
blue-collar,married,primary,no,497,yes,no,telephone,3,may,1,265,1,unknown,0,older
blue-collar,married,secondary,no,3022,no,no,telephone,15,jul,3,-1,0,unknown,0,older
technician,single,secondary,no,2112,no,no,unknown,11,may,1,-1,0,unknown,0,young
blue-collar,married,primary,yes,-17,yes,no,unknown,8,may,3,-1,0,unknown,0,young
self-employed,married,secondary,no,8109,yes,no,cellular,18,jul,1,-1,0,unknown,0,young
blue-collar,married,primary,no,252,yes,no,cellular,6,feb,1,356,3,failure,0,young
technician,single,secondary,no,4346,no,no,cellular,20,feb,2,-1,0,unknown,0,young
technician,single,secondary,no,1537,yes,no,cellular,20,mar,5,117,4,success,1,older
blue-collar,married,primary,no,322,no,no,unknown,5,jun,1,-1,0,unknown,0,young
blue-collar,married,primary,no,-489,no,no,cellular,26,may,1,-1,0,unknown,0,older
student,single,unknown,no,3172,no,no,cellular,4,feb,2,-1,0,unknown,1,young
blue-collar,married,primary,no,-730,yes,no,unknown,11,may,1,-1,0,unknown,0,young
entrepreneur,married,tertiary,no,3079,yes,no,unknown,15,may,3,-1,0,unknown,0,young
blue-collar,married,secondary,no,120,yes,no,cellular,21,nov,4,-1,0,unknown,0,young
unemployed,single,secondary,no,-269,yes,no,cellular,14,apr,3,344,1,failure,0,young
retired,married,secondary,no,834,yes,no,cellular,3,feb,1,136,1,failure,0,young
management,married,tertiary,no,243,no,no,cellular,14,aug,2,-1,0,unknown,0,older
technician,married,secondary,no,5877,no,no,unknown,0,jun,1,-1,0,unknown,0,older
unemployed,married,secondary,no,1643,yes,no,cellular,19,oct,1,-1,0,unknown,0,older
technician,single,secondary,no,5922,yes,no,unknown,22,may,1,-1,0,unknown,0,young
technician,married,tertiary,no,1264,yes,no,cellular,2,apr,1,268,1,failure,1,young
technician,divorced,secondary,no,50,no,no,cellular,13,dec,2,179,1,other,0,young
retired,married,secondary,no,4646,no,no,telephone,13,oct,1,-1,0,unknown,0,older
blue-collar,single,primary,yes,112,yes,no,cellular,12,may,3,354,0,unknown,0,young
entrepreneur,married,secondary,no,1468,no,no,cellular,4,aug,1,-1,0,unknown,0,older
admin.,married,secondary,no,3413,no,no,unknown,13,jun,5,-1,0,unknown,0,young
technician,single,secondary,no,53,yes,no,unknown,20,jun,3,-1,0,unknown,0,young
retired,married,secondary,no,15987,no,no,cellular,10,mar,1,72,4,success,1,young
management,divorced,tertiary,no,1007,no,no,unknown,9,jun,7,-1,0,unknown,0,young
blue-collar,married,primary,no,5,yes,no,unknown,20,may,5,-1,0,unknown,0,older
management,single,tertiary,no,2400,no,no,unknown,18,jun,3,-1,0,unknown,0,young
housemaid,married,primary,no,1380,no,no,telephone,28,jul,4,-1,0,unknown,0,older
retired,married,secondary,no,2705,no,no,unknown,16,jul,2,-1,0,unknown,0,older
unknown,married,secondary,no,-213,no,no,telephone,25,sep,1,-1,0,unknown,1,older
management,divorced,secondary,no,3517,yes,no,cellular,30,jul,3,-1,0,unknown,0,older
admin.,married,secondary,no,17,yes,no,cellular,13,may,2,-1,0,unknown,0,young
technician,single,secondary,no,541,yes,no,cellular,15,may,4,-1,0,unknown,0,young
technician,married,secondary,no,3137,no,no,cellular,6,feb,7,183,3,success,0,young
retired,divorced,secondary,no,7039,no,no,telephone,17,mar,4,108,1,failure,0,older
blue-collar,married,primary,no,1038,yes,no,unknown,18,jun,2,-1,0,unknown,0,older
self-employed,married,tertiary,no,1124,no,no,cellular,31,jan,5,-1,0,unknown,0,young
admin.,divorced,secondary,no,98,yes,no,cellular,8,jul,1,-1,0,unknown,0,young
blue-collar,single,tertiary,no,1210,no,no,unknown,17,jun,2,-1,0,unknown,0,older
technician,married,secondary,no,3326,yes,no,unknown,19,jun,2,-1,0,unknown,0,young
management,married,secondary,no,-111,no,no,cellular,16,jul,2,-1,0,unknown,1,young
management,single,tertiary,no,558,yes,no,cellular,24,apr,1,97,1,other,0,young
management,single,tertiary,no,165,no,no,cellular,12,aug,7,-1,0,unknown,0,young
technician,single,secondary,no,16905,no,no,cellular,19,mar,2,102,1,success,0,young
blue-collar,married,secondary,no,2336,no,no,cellular,5,aug,5,-1,0,unknown,0,older
technician,single,secondary,no,177,yes,no,cellular,28,aug,4,-1,0,unknown,0,young
technician,married,primary,no,52,no,no,cellular,8,jan,13,-1,0,unknown,0,young
services,single,secondary,no,-76,yes,no,cellular,17,may,3,347,3,other,0,young
entrepreneur,married,tertiary,yes,508,no,no,unknown,3,jun,5,-1,0,unknown,0,young
management,divorced,primary,no,13679,yes,no,telephone,20,may,2,174,1,other,0,older
technician,single,tertiary,no,-1399,yes,no,cellular,20,may,7,267,1,other,0,young
self-employed,married,tertiary,no,-79,yes,no,unknown,12,may,6,-1,0,unknown,0,young
blue-collar,married,primary,no,1397,yes,no,unknown,10,may,1,-1,1,unknown,0,older
blue-collar,married,secondary,no,2029,yes,no,cellular,13,jul,1,-1,0,unknown,0,older
technician,married,primary,no,-264,no,no,unknown,16,may,2,-1,0,unknown,0,young
management,single,tertiary,no,1489,yes,no,unknown,1,feb,3,278,1,success,0,young
entrepreneur,married,secondary,yes,-115,yes,yes,unknown,7,may,2,-1,0,unknown,0,older
blue-collar,married,secondary,yes,-854,yes,no,cellular,29,jul,4,-1,0,unknown,0,young
blue-collar,married,secondary,no,-12,no,no,cellular,19,aug,4,-1,0,unknown,0,older
services,married,secondary,no,-198,yes,yes,cellular,12,jul,3,-1,0,unknown,0,young
management,married,tertiary,no,-121,no,no,unknown,15,jul,2,-1,0,unknown,0,older
technician,divorced,secondary,no,217,yes,no,unknown,20,jun,5,-1,0,unknown,0,older
technician,divorced,tertiary,no,2572,no,no,cellular,28,jun,3,110,6,success,0,young
blue-collar,divorced,secondary,no,299,no,no,cellular,30,jan,3,-1,0,unknown,0,older
retired,married,primary,no,93,yes,no,telephone,12,may,3,343,4,failure,0,older
technician,single,secondary,no,862,yes,no,cellular,21,may,4,343,2,failure,0,young
blue-collar,married,primary,yes,159,yes,yes,cellular,21,jul,4,-1,0,unknown,0,older
technician,married,primary,no,981,yes,no,cellular,28,feb,5,-1,0,unknown,0,older
services,single,secondary,no,1072,yes,no,unknown,11,may,1,-1,0,unknown,0,young
unemployed,married,primary,no,1928,yes,no,unknown,12,may,1,-1,0,unknown,1,older
technician,single,secondary,no,5269,no,no,cellular,18,apr,1,-1,0,unknown,0,young
technician,married,tertiary,no,-60,yes,no,cellular,14,may,4,-1,0,unknown,0,older
technician,single,secondary,no,3253,yes,no,cellular,4,feb,1,-1,0,unknown,0,young
technician,married,secondary,no,5139,yes,no,unknown,3,jun,2,-1,0,unknown,0,older
technician,married,secondary,no,432,no,no,cellular,25,aug,9,-1,0,unknown,0,older
management,single,tertiary,no,640,no,no,cellular,17,apr,4,91,1,success,1,young
technician,married,secondary,no,1,yes,no,unknown,10,may,3,-1,0,unknown,0,young
blue-collar,married,primary,no,147,no,no,cellular,9,jul,2,-1,0,unknown,0,young
management,single,unknown,no,3404,no,no,unknown,19,jun,1,-1,0,unknown,0,older
technician,married,secondary,no,221,yes,no,unknown,12,may,1,-1,0,unknown,0,young
management,divorced,tertiary,no,2275,yes,no,unknown,13,may,4,397,3,failure,0,older
blue-collar,married,primary,no,3275,no,no,cellular,5,feb,2,-1,0,unknown,0,older
technician,single,secondary,no,-135,yes,no,unknown,23,may,3,-1,0,unknown,0,young
blue-collar,divorced,primary,no,10,no,no,cellular,20,aug,2,-1,0,unknown,0,older
technician,married,secondary,yes,138,no,no,cellular,7,jul,1,-1,0,unknown,0,older
blue-collar,married,primary,yes,534,no,no,cellular,20,nov,4,0,0,unknown,0,young
unknown,divorced,primary,no,68,no,no,unknown,16,jun,1,-2,0,unknown,0,older
retired,married,primary,no,3534,no,no,telephone,20,sep,1,180,9,success,0,older
blue-collar,married,primary,no,-5,no,no,cellular,4,dec,3,-1,0,unknown,1,young
technician,divorced,secondary,no,12493,yes,no,unknown,16,nov,1,-1,0,unknown,0,older
self-employed,divorced,secondary,no,14344,yes,no,cellular,21,nov,1,-1,0,unknown,0,older
technician,married,secondary,no,1448,yes,no,cellular,17,nov,4,-1,0,unknown,0,young
technician,divorced,tertiary,no,555,no,no,cellular,31,may,3,-1,0,unknown,0,young
management,divorced,tertiary,no,1628,no,no,cellular,29,mar,4,183,6,success,0,young
self-employed,divorced,tertiary,no,95,no,no,unknown,26,mar,1,-1,0,unknown,0,young
unemployed,single,primary,no,-52,no,no,unknown,7,jun,6,-1,0,unknown,0,young
blue-collar,divorced,secondary,no,-49,no,no,cellular,15,jul,7,-1,0,unknown,0,young
self-employed,married,primary,no,26430,yes,no,cellular,19,nov,2,-1,0,unknown,1,young
retired,divorced,primary,yes,500,no,no,cellular,24,jul,1,-1,0,unknown,0,older
admin.,divorced,secondary,yes,119,yes,yes,cellular,14,may,1,458,4,failure,0,young
blue-collar,married,primary,no,963,yes,no,unknown,14,may,5,-1,0,unknown,0,older
management,single,tertiary,no,180,yes,no,cellular,6,apr,2,121,1,other,0,young
blue-collar,married,primary,no,368,yes,no,cellular,2,feb,2,266,10,other,0,young
blue-collar,married,primary,no,823,yes,no,unknown,12,may,1,-1,0,unknown,1,young
blue-collar,married,secondary,no,205,yes,no,cellular,15,may,1,-1,0,unknown,0,older
blue-collar,married,secondary,no,339,yes,no,unknown,20,may,2,-1,0,unknown,0,young
management,married,tertiary,no,237,yes,no,unknown,6,may,1,-1,0,unknown,0,older
blue-collar,married,secondary,no,268,no,no,telephone,3,aug,2,-1,0,unknown,0,older
blue-collar,married,secondary,no,1215,yes,yes,cellular,4,may,2,261,2,failure,0,older
student,married,secondary,no,1346,no,no,cellular,16,mar,9,-1,0,unknown,0,young
services,divorced,secondary,no,3851,yes,no,unknown,14,may,1,-1,0,unknown,0,young
technician,married,secondary,no,2660,no,no,unknown,21,jun,3,-1,0,unknown,0,young
unemployed,single,tertiary,no,925,no,no,cellular,1,feb,1,126,1,failure,1,young
technician,single,secondary,no,126,no,no,cellular,21,jul,5,-1,0,unknown,0,young
blue-collar,married,secondary,no,2421,no,no,cellular,5,aug,3,-1,0,unknown,0,older
student,single,secondary,no,133,no,no,cellular,19,aug,4,-1,0,unknown,0,young
technician,single,secondary,no,596,no,no,cellular,16,may,3,146,2,unknown,0,young
technician,married,secondary,no,1628,no,no,telephone,30,oct,9,-1,0,unknown,0,older
technician,single,secondary,no,2117,no,yes,cellular,29,jul,9,-1,0,unknown,0,older
services,single,secondary,no,2064,no,no,unknown,1,jun,3,-1,0,unknown,1,older
technician,divorced,secondary,no,2694,yes,no,cellular,20,apr,3,124,6,failure,0,young
technician,married,secondary,no,5092,no,no,cellular,15,mar,3,112,1,success,1,young
technician,divorced,secondary,no,1308,yes,no,cellular,19,may,5,141,4,other,0,young
management,single,tertiary,no,48,yes,no,cellular,18,may,4,189,1,failure,0,young
technician,married,secondary,yes,278,no,no,telephone,15,jul,1,-1,0,unknown,0,young
management,married,tertiary,no,152,no,no,cellular,21,aug,4,-1,0,unknown,0,young
technician,married,unknown,no,1432,no,no,cellular,6,oct,3,91,1,success,0,young
blue-collar,married,secondary,no,730,yes,no,telephone,11,aug,4,-1,9,unknown,0,older
services,married,secondary,no,2009,yes,no,unknown,21,may,3,-1,0,unknown,0,young
retired,married,secondary,no,5430,yes,no,telephone,11,mar,1,185,0,other,0,older
blue-collar,married,secondary,no,182,yes,no,cellular,30,jan,2,260,4,unknown,0,young
entrepreneur,divorced,tertiary,no,2905,yes,no,cellular,7,nov,1,-1,0,unknown,0,older
technician,married,secondary,yes,1473,no,no,cellular,3,feb,1,-1,0,unknown,0,older
services,married,secondary,no,-49,no,yes,cellular,11,jul,1,-1,0,unknown,0,young
technician,married,primary,no,-201,yes,yes,unknown,8,may,3,-1,0,unknown,0,young
management,divorced,secondary,no,954,yes,no,unknown,26,feb,1,-1,0,unknown,0,young
student,single,secondary,no,2102,no,no,cellular,19,oct,1,144,1,success,1,young
blue-collar,married,primary,no,1768,yes,no,unknown,2,jun,2,-1,0,unknown,0,older
management,married,tertiary,no,1490,yes,no,cellular,28,jul,4,-1,0,unknown,0,young
admin.,married,secondary,no,412,yes,no,unknown,26,aug,2,-1,0,unknown,1,older
management,married,secondary,no,1,yes,no,cellular,13,may,3,273,1,other,0,young
blue-collar,divorced,primary,no,-497,no,no,unknown,25,jun,1,-1,0,unknown,0,older
student,single,secondary,no,115,no,no,cellular,27,aug,1,-1,0,unknown,0,young
self-employed,married,tertiary,no,3574,no,no,cellular,19,oct,1,-1,0,unknown,1,older
management,married,unknown,no,470,yes,no,cellular,18,apr,3,-1,0,unknown,0,young
blue-collar,married,secondary,no,1041,no,no,cellular,21,aug,7,-1,0,unknown,0,older
blue-collar,married,secondary,no,3711,yes,yes,unknown,15,may,2,-1,0,unknown,0,young
management,single,tertiary,no,382,no,no,cellular,27,aug,4,-1,0,unknown,0,young
student,single,tertiary,no,2049,no,no,cellular,4,feb,1,-1,0,unknown,0,young
blue-collar,married,secondary,yes,16,yes,yes,cellular,20,jul,4,-1,0,unknown,0,young
admin.,single,secondary,no,138,no,no,cellular,13,jul,3,-1,0,unknown,0,young
self-employed,married,tertiary,yes,-10,yes,yes,cellular,12,jul,4,-1,0,unknown,0,young
services,divorced,secondary,yes,2426,no,no,unknown,3,jun,3,-1,0,unknown,0,older
admin.,married,secondary,no,4330,yes,yes,cellular,8,jul,9,-1,0,unknown,0,older
blue-collar,married,primary,no,56,yes,no,cellular,13,may,3,340,1,failure,0,young
admin.,single,secondary,no,1002,yes,yes,cellular,19,jul,1,162,1,unknown,1,young
technician,single,secondary,no,380,yes,no,unknown,20,jun,1,-1,0,unknown,0,young
technician,married,secondary,no,256,no,no,cellular,29,jul,7,-1,0,unknown,0,older
technician,married,secondary,no,1704,yes,no,cellular,12,may,2,285,3,other,0,older
management,divorced,tertiary,no,2619,no,no,cellular,11,apr,3,98,1,success,0,young
technician,married,unknown,no,48,yes,no,unknown,15,may,3,-1,0,unknown,0,young
technician,single,tertiary,no,1129,no,no,telephone,28,aug,2,109,1,success,0,young
blue-collar,divorced,secondary,no,4,no,no,cellular,12,jan,1,-1,0,unknown,0,young
blue-collar,single,secondary,no,540,yes,no,unknown,22,may,5,-1,0,unknown,0,young
technician,married,tertiary,no,20,no,yes,cellular,13,may,1,-1,0,unknown,1,young
retired,married,secondary,no,3668,no,no,cellular,6,dec,1,-1,0,unknown,0,older
technician,divorced,secondary,no,942,yes,yes,cellular,14,jul,1,-1,0,unknown,0,young
technician,married,secondary,yes,-829,yes,no,unknown,27,jul,9,-1,0,unknown,0,older
blue-collar,married,secondary,no,96,no,yes,cellular,29,jul,4,-1,0,unknown,0,older
blue-collar,single,primary,no,173,no,no,unknown,4,jun,6,0,0,unknown,0,young
blue-collar,single,tertiary,no,-65,yes,no,unknown,20,may,1,-1,0,unknown,0,young
services,married,secondary,no,18,yes,no,cellular,10,nov,1,-1,0,unknown,0,young
management,divorced,tertiary,no,-18,no,no,telephone,7,aug,7,92,0,unknown,0,older
blue-collar,married,secondary,yes,-82,yes,yes,cellular,9,jul,2,-1,0,unknown,0,young
management,married,secondary,no,-375,no,no,cellular,22,jul,1,-1,0,unknown,0,young
technician,married,secondary,no,262,no,no,cellular,2,jun,1,142,4,failure,1,young
management,married,tertiary,no,3287,yes,no,cellular,11,may,7,184,1,failure,0,young
blue-collar,married,primary,no,89,yes,no,unknown,20,nov,1,-1,0,unknown,0,young
services,married,primary,no,-263,yes,no,unknown,4,jun,1,-1,0,unknown,0,older
blue-collar,divorced,primary,yes,-710,yes,yes,unknown,6,may,7,-1,0,unknown,0,young
management,single,tertiary,no,491,no,no,telephone,4,aug,10,-1,0,unknown,0,young
entrepreneur,married,secondary,no,240,no,no,cellular,8,jul,2,-1,0,unknown,0,older
blue-collar,divorced,secondary,no,905,yes,yes,cellular,12,may,1,348,4,failure,0,young
blue-collar,married,secondary,no,2834,no,no,cellular,15,aug,4,-1,0,unknown,0,older
blue-collar,married,tertiary,yes,-1021,yes,no,unknown,4,may,2,-1,0,unknown,0,young
self-employed,divorced,tertiary,no,812,yes,no,unknown,24,jun,3,-1,0,unknown,0,older
blue-collar,married,secondary,no,5898,no,no,unknown,11,jun,1,-1,0,unknown,0,older
blue-collar,married,primary,no,140,yes,no,cellular,12,may,1,346,1,failure,0,young
unemployed,divorced,secondary,no,75,yes,no,cellular,28,jul,5,-1,0,unknown,0,older
blue-collar,divorced,secondary,no,1570,yes,no,cellular,12,nov,1,93,9,other,0,young
management,married,primary,no,-58,yes,yes,cellular,19,jul,1,-1,0,unknown,0,young
technician,married,secondary,no,1345,yes,no,cellular,28,may,3,261,0,unknown,0,older
self-employed,married,secondary,no,3646,no,no,cellular,21,nov,4,95,0,success,0,young
self-employed,divorced,primary,no,6454,yes,no,cellular,4,feb,2,283,1,failure,0,older
management,married,tertiary,yes,5254,yes,no,cellular,18,nov,3,88,10,success,1,young
blue-collar,divorced,primary,no,2729,no,no,telephone,14,may,2,257,4,failure,0,young
technician,divorced,tertiary,no,3466,yes,no,cellular,13,may,1,351,1,failure,0,young
services,married,secondary,no,1277,yes,yes,cellular,27,may,3,-1,0,unknown,0,young
services,divorced,secondary,no,5227,yes,no,unknown,15,may,8,-1,0,unknown,0,older
technician,divorced,secondary,no,54,no,no,cellular,15,aug,1,-1,0,unknown,0,older
technician,married,secondary,no,97,no,no,cellular,23,may,3,-1,0,unknown,1,young
blue-collar,divorced,secondary,no,333,no,no,unknown,1,jun,1,-1,0,unknown,0,young
management,divorced,tertiary,no,335,no,no,cellular,29,apr,2,177,1,failure,0,young
management,divorced,tertiary,no,1193,no,no,cellular,25,mar,3,-1,0,unknown,0,young
admin.,married,secondary,yes,609,no,no,cellular,20,apr,1,-1,0,unknown,0,young
blue-collar,divorced,secondary,no,1174,yes,no,telephone,12,apr,1,-1,3,other,0,older
unemployed,married,secondary,no,3695,yes,no,unknown,11,may,1,-1,0,unknown,0,older
blue-collar,married,secondary,no,1086,yes,no,cellular,13,may,2,-1,1,unknown,0,older
admin.,married,secondary,no,3233,no,no,cellular,7,jul,1,-1,0,unknown,0,older
technician,married,secondary,no,1962,no,no,telephone,29,jul,4,-1,0,unknown,0,older
retired,married,secondary,no,2965,no,no,cellular,21,dec,3,-1,0,unknown,1,older
management,married,tertiary,no,13111,yes,no,cellular,21,apr,4,-1,0,unknown,0,young
technician,single,tertiary,no,762,yes,no,cellular,13,may,2,349,10,failure,0,young
blue-collar,divorced,secondary,no,-163,yes,no,unknown,20,may,1,-1,0,unknown,0,older
management,married,tertiary,no,7464,no,no,cellular,11,apr,1,91,1,success,0,older
technician,single,secondary,no,204,yes,no,cellular,22,jan,3,117,1,other,0,young
technician,divorced,tertiary,no,64,no,yes,cellular,5,jul,7,-1,0,unknown,0,older
blue-collar,married,secondary,no,1289,no,no,cellular,20,apr,4,-1,0,unknown,0,older
entrepreneur,married,secondary,yes,16,yes,yes,cellular,17,jul,1,-1,0,unknown,0,young
student,single,tertiary,no,6203,no,no,cellular,21,oct,1,-1,0,unknown,0,young
management,married,tertiary,no,3754,no,no,cellular,11,apr,7,-1,0,unknown,0,young
technician,married,tertiary,no,-40,no,no,cellular,19,nov,4,-1,0,unknown,0,young
unemployed,married,secondary,no,2114,no,no,cellular,13,dec,2,-1,0,unknown,0,older
technician,married,primary,no,2541,no,no,cellular,10,aug,4,-1,0,unknown,0,older
unknown,married,secondary,no,188,no,no,unknown,20,aug,4,-1,0,unknown,0,older
retired,married,primary,no,984,no,no,cellular,15,mar,7,-1,0,unknown,1,older
services,married,secondary,no,1097,yes,no,cellular,11,aug,3,-1,0,unknown,0,older
blue-collar,married,primary,no,2501,yes,yes,cellular,3,may,1,0,0,unknown,0,older
management,divorced,tertiary,no,3407,yes,no,cellular,29,mar,2,179,1,other,0,young
management,married,tertiary,no,191,no,no,cellular,8,jul,1,-1,0,unknown,0,older
self-employed,divorced,tertiary,yes,127,no,no,cellular,18,apr,1,-2,0,unknown,0,older
management,divorced,tertiary,no,2849,yes,no,cellular,1,oct,2,93,4,other,0,young
blue-collar,single,secondary,no,509,no,no,cellular,11,jun,1,-1,0,failure,0,young
technician,single,tertiary,no,104,no,no,cellular,19,nov,7,-1,0,unknown,0,young
technician,divorced,secondary,no,4650,yes,no,cellular,18,apr,4,-1,0,unknown,0,young
management,married,tertiary,no,2457,no,no,cellular,7,jul,2,-1,0,unknown,0,older
entrepreneur,married,tertiary,yes,-51,yes,no,unknown,10,may,1,-1,0,unknown,0,young
services,single,secondary,no,1460,no,no,unknown,23,may,3,-1,0,unknown,0,young
management,married,tertiary,no,-97,yes,no,unknown,20,may,2,-1,0,unknown,0,young
retired,divorced,secondary,no,725,no,no,unknown,4,jun,1,-1,0,unknown,0,older
self-employed,married,secondary,no,5461,yes,no,cellular,15,may,3,342,1,success,1,young
technician,married,secondary,no,112,yes,no,unknown,21,may,1,-1,0,unknown,0,young
blue-collar,married,secondary,no,164,no,no,cellular,14,jul,2,-1,0,unknown,0,older
blue-collar,married,secondary,no,767,no,no,cellular,7,aug,1,-1,0,unknown,0,young
technician,divorced,secondary,no,-58,no,yes,telephone,4,jul,1,-1,0,unknown,0,older
technician,single,secondary,yes,514,yes,no,cellular,10,nov,5,87,1,failure,0,young
blue-collar,married,secondary,no,787,yes,no,cellular,18,nov,3,-1,0,unknown,0,young
technician,divorced,secondary,no,1576,yes,no,telephone,2,feb,5,173,4,failure,1,young
technician,married,secondary,no,638,yes,no,unknown,11,apr,3,-1,0,unknown,0,young
management,single,tertiary,no,69,yes,no,cellular,21,nov,2,-1,0,unknown,0,young
blue-collar,married,secondary,no,812,no,yes,cellular,17,aug,3,-1,0,unknown,0,older
blue-collar,married,unknown,no,1635,yes,no,unknown,17,apr,6,-1,0,unknown,0,older
blue-collar,married,primary,no,-6,yes,no,unknown,8,may,3,-1,0,unknown,0,older
technician,divorced,secondary,no,-197,no,no,telephone,10,aug,7,-1,0,unknown,0,older
management,divorced,tertiary,no,3819,yes,no,cellular,21,may,4,344,4,failure,0,young
technician,married,primary,no,1130,no,no,telephone,12,aug,3,-1,0,unknown,0,older
housemaid,married,secondary,no,106,no,no,cellular,15,aug,7,-1,0,unknown,0,young
entrepreneur,divorced,secondary,yes,-75,yes,yes,cellular,2,may,1,137,1,failure,0,young
management,divorced,tertiary,no,1523,yes,no,unknown,6,jun,5,-1,0,unknown,0,older
blue-collar,married,primary,no,-60,yes,no,unknown,20,may,2,-1,0,unknown,0,older
management,divorced,tertiary,no,114,yes,no,unknown,14,may,3,-1,0,unknown,0,older
blue-collar,married,primary,no,2281,no,no,telephone,23,jul,2,-1,0,unknown,0,older
blue-collar,divorced,secondary,no,522,no,no,cellular,17,jul,1,-1,0,unknown,0,older
blue-collar,married,secondary,yes,31,no,no,cellular,19,nov,3,-1,0,unknown,0,older
self-employed,married,secondary,yes,-144,no,no,unknown,11,jun,1,-1,0,unknown,0,young
technician,divorced,tertiary,no,558,yes,no,cellular,23,may,5,90,6,success,1,young
housemaid,married,unknown,yes,525,no,no,unknown,18,jun,3,-1,0,unknown,0,older
entrepreneur,married,secondary,no,1673,yes,no,unknown,23,may,2,-1,0,unknown,0,young
blue-collar,single,secondary,no,1716,yes,no,cellular,1,feb,2,271,1,success,0,young
housemaid,married,primary,no,4,no,no,cellular,17,aug,7,-1,0,unknown,0,older
management,divorced,tertiary,no,152,yes,yes,cellular,21,jul,15,-1,0,unknown,0,young
retired,married,secondary,no,195,no,no,cellular,22,oct,1,-1,0,unknown,0,older
blue-collar,married,secondary,no,482,no,no,telephone,5,sep,1,-1,0,unknown,0,young
technician,divorced,secondary,no,475,yes,no,unknown,4,may,1,-1,0,unknown,0,young
blue-collar,divorced,primary,no,539,yes,no,unknown,15,may,1,-1,0,unknown,0,young
blue-collar,divorced,primary,yes,270,yes,no,cellular,23,jul,3,-1,0,unknown,0,young
technician,single,tertiary,no,8312,no,no,cellular,6,may,4,-1,0,unknown,0,young
blue-collar,married,secondary,no,-233,yes,yes,unknown,7,may,1,-1,0,unknown,0,young
retired,married,secondary,no,1089,no,no,unknown,1,jun,6,-1,0,unknown,0,older
blue-collar,married,secondary,no,-290,yes,no,unknown,11,may,1,-1,0,unknown,0,young
student,single,unknown,no,626,no,no,cellular,4,jan,1,184,1,other,0,young
blue-collar,married,secondary,yes,26,no,yes,unknown,3,may,1,-1,0,unknown,0,young
blue-collar,divorced,primary,no,160,yes,no,cellular,2,may,1,-1,0,unknown,0,older
management,divorced,tertiary,no,4387,yes,no,cellular,17,nov,2,190,1,failure,0,young
management,divorced,tertiary,no,5851,yes,no,unknown,14,may,4,-1,0,unknown,0,young
unemployed,married,secondary,no,115,no,no,cellular,6,feb,1,-1,0,unknown,0,older
blue-collar,married,primary,no,2489,yes,no,unknown,15,may,1,-1,0,unknown,0,young
blue-collar,married,primary,no,218,no,no,unknown,12,may,1,-1,0,unknown,0,young
retired,divorced,primary,no,237,no,no,cellular,19,oct,1,-1,0,unknown,1,older
housemaid,married,secondary,no,5486,no,no,cellular,18,nov,1,-1,0,unknown,0,older
technician,married,secondary,no,5238,yes,no,cellular,31,jan,3,-1,0,unknown,0,young
management,married,tertiary,no,205,no,no,cellular,28,mar,2,139,6,other,1,young
blue-collar,married,primary,yes,-192,yes,no,cellular,5,feb,1,261,1,unknown,0,older
management,single,tertiary,no,-207,no,no,cellular,24,aug,7,-1,0,unknown,1,young
blue-collar,married,secondary,yes,63,no,no,cellular,7,jul,3,-1,0,unknown,0,young
blue-collar,married,secondary,no,1388,no,no,cellular,19,apr,1,134,1,other,0,older
unemployed,married,primary,no,508,no,no,unknown,4,may,1,-1,0,unknown,0,older
retired,married,primary,no,3155,no,no,unknown,2,jun,1,-1,0,unknown,0,older
blue-collar,married,primary,no,337,yes,no,cellular,4,dec,2,99,11,other,0,older
technician,single,secondary,yes,25,no,yes,cellular,24,jul,1,-1,0,unknown,0,young
technician,single,secondary,no,44,yes,no,cellular,22,aug,3,-1,0,unknown,0,young
retired,married,secondary,no,141,no,no,telephone,16,sep,2,-1,0,unknown,1,older
blue-collar,married,secondary,yes,-138,yes,yes,telephone,19,jul,2,-1,0,unknown,0,young
blue-collar,divorced,primary,no,2020,no,no,cellular,19,dec,2,114,3,other,0,older
technician,married,tertiary,no,-34,yes,yes,unknown,20,may,2,-1,0,unknown,0,young
blue-collar,divorced,primary,no,2109,yes,no,cellular,3,may,5,336,2,failure,0,older
technician,married,secondary,no,1202,no,no,cellular,6,aug,7,-2,0,unknown,0,older
management,single,secondary,no,7886,no,no,cellular,19,nov,1,-1,0,unknown,0,young
blue-collar,married,primary,no,3105,no,no,cellular,14,jul,1,-1,0,unknown,0,older
blue-collar,divorced,primary,no,988,yes,no,cellular,15,apr,2,-2,0,unknown,0,young
blue-collar,divorced,secondary,no,-245,yes,no,cellular,19,may,3,0,0,unknown,0,young
blue-collar,divorced,primary,no,-34,no,no,unknown,17,jun,3,-1,0,unknown,0,older
management,married,tertiary,no,-12,no,no,cellular,8,jun,7,-1,0,unknown,1,older
student,single,secondary,no,2377,no,no,cellular,21,aug,4,-1,0,unknown,0,young
services,married,secondary,no,-1082,yes,yes,cellular,20,apr,4,181,1,failure,0,young
management,divorced,tertiary,yes,-138,yes,no,unknown,12,may,10,-2,0,unknown,0,young
services,divorced,secondary,no,64,yes,no,unknown,20,may,2,-1,0,unknown,0,young
management,married,tertiary,no,26,yes,no,unknown,25,may,2,-1,0,unknown,0,young
technician,single,secondary,no,1257,yes,no,cellular,0,feb,1,272,3,other,1,young
blue-collar,married,secondary,yes,-3,no,no,cellular,19,jan,4,88,1,failure,1,young
technician,single,secondary,no,55,no,no,unknown,5,feb,1,178,9,success,1,young
blue-collar,single,tertiary,no,2047,no,no,telephone,12,jul,3,-1,0,unknown,0,young
retired,married,primary,no,796,no,no,telephone,27,mar,1,-1,0,unknown,1,older
technician,married,tertiary,no,-69,no,no,cellular,19,aug,1,-1,0,unknown,0,young
technician,married,secondary,no,226,no,no,cellular,28,aug,4,-1,0,unknown,0,young
blue-collar,married,primary,no,-270,yes,no,unknown,17,may,1,-1,0,unknown,0,older
management,single,tertiary,no,659,no,no,telephone,21,nov,1,-1,0,unknown,0,young
retired,single,secondary,no,94,no,no,cellular,4,mar,1,427,1,failure,0,older
blue-collar,married,primary,no,-277,yes,no,unknown,9,may,1,-1,0,unknown,0,young
blue-collar,married,secondary,no,176,yes,no,cellular,13,may,3,-1,0,unknown,0,young
retired,single,secondary,no,3055,no,no,cellular,8,aug,8,-1,0,unknown,1,older
technician,married,secondary,no,14,yes,no,unknown,13,may,3,-1,0,unknown,0,young
blue-collar,single,secondary,no,-194,yes,no,unknown,21,may,3,-1,0,unknown,0,young
self-employed,married,tertiary,no,727,no,no,cellular,13,dec,5,90,1,failure,0,young
blue-collar,single,secondary,no,1432,yes,no,cellular,20,may,10,-1,0,unknown,0,young
management,divorced,secondary,no,5664,no,no,cellular,12,nov,3,-1,1,failure,0,older
management,divorced,tertiary,no,189,yes,no,cellular,19,nov,3,127,1,other,0,young
student,single,secondary,no,183,no,no,cellular,20,nov,4,-1,0,unknown,0,young
management,single,tertiary,no,867,no,no,cellular,27,jan,4,254,2,failure,0,young
blue-collar,married,unknown,no,2513,yes,no,cellular,11,may,3,353,0,unknown,0,older
admin.,divorced,secondary,no,-352,yes,yes,unknown,14,may,3,345,1,unknown,0,young
blue-collar,divorced,primary,no,-136,yes,no,unknown,4,may,1,-1,0,unknown,0,young
management,divorced,tertiary,yes,535,no,no,cellular,14,jul,4,-1,0,unknown,0,young
retired,married,primary,no,500,no,no,telephone,12,aug,3,-1,0,unknown,0,older
services,married,secondary,no,-209,yes,no,cellular,13,jan,3,345,4,failure,0,young
management,married,secondary,no,191,yes,yes,cellular,20,jul,2,-1,0,unknown,0,older
blue-collar,married,primary,no,222,yes,no,unknown,11,may,5,-1,0,unknown,0,older
technician,single,secondary,no,145,yes,no,cellular,15,may,3,342,1,unknown,0,young
housemaid,divorced,tertiary,no,1080,yes,no,cellular,8,nov,1,187,2,success,0,young
blue-collar,married,secondary,no,-34,yes,no,unknown,15,may,10,-1,0,unknown,0,young
technician,single,secondary,no,-20,no,no,unknown,20,jun,3,-1,0,unknown,0,young
housemaid,married,primary,no,831,no,no,cellular,19,aug,4,-1,0,unknown,0,older
management,single,secondary,no,70,no,no,cellular,15,aug,2,-1,0,unknown,0,young
admin.,married,secondary,no,67,no,yes,telephone,23,jul,1,-1,0,unknown,0,young
blue-collar,divorced,secondary,no,2227,yes,no,unknown,8,jun,1,-1,0,unknown,0,older
management,divorced,tertiary,no,4523,no,yes,telephone,21,feb,1,134,4,unknown,0,older
technician,married,secondary,no,-127,no,no,unknown,26,may,7,-1,0,unknown,0,older
technician,single,tertiary,no,168,no,yes,unknown,3,jun,1,-1,0,unknown,0,young
blue-collar,married,primary,no,546,no,no,telephone,1,feb,1,-1,0,unknown,0,older
retired,married,unknown,no,140,no,no,telephone,5,oct,1,410,1,success,1,older
services,divorced,secondary,no,16412,no,no,cellular,11,aug,3,184,1,failure,0,young
admin.,divorced,secondary,no,-41,yes,no,cellular,21,nov,1,332,1,failure,0,young
self-employed,married,primary,no,1363,yes,no,telephone,29,jul,16,-1,0,unknown,0,older
technician,married,secondary,yes,415,yes,no,cellular,0,jul,2,332,1,failure,0,young
management,married,tertiary,no,2021,yes,no,cellular,1,feb,4,-1,0,unknown,0,young
self-employed,married,secondary,no,2238,no,no,unknown,2,jun,1,-1,0,unknown,0,older
technician,divorced,secondary,no,-566,yes,no,cellular,16,jul,4,-1,0,unknown,0,young
technician,divorced,secondary,no,609,no,no,cellular,30,jan,9,-1,0,unknown,0,young
technician,divorced,secondary,no,6582,no,no,cellular,24,oct,3,155,1,success,1,young
blue-collar,divorced,primary,no,2177,no,no,cellular,23,may,3,-1,0,unknown,0,young
technician,single,secondary,no,4504,no,no,cellular,29,aug,3,119,10,success,0,young
technician,married,tertiary,no,5175,yes,no,cellular,19,feb,1,-1,0,unknown,0,older
blue-collar,married,primary,no,1890,no,yes,cellular,18,jul,2,-1,0,unknown,0,older
admin.,single,secondary,no,1660,no,no,cellular,21,nov,1,99,2,other,1,young
self-employed,married,secondary,no,-79,yes,no,cellular,11,apr,4,354,6,failure,0,young
management,single,tertiary,no,439,yes,no,cellular,29,jan,2,-1,0,unknown,0,young
entrepreneur,single,secondary,yes,-121,yes,no,cellular,15,apr,3,-1,0,unknown,0,young
services,married,secondary,no,3383,yes,no,unknown,11,jul,1,-1,0,unknown,1,older
management,married,tertiary,no,539,yes,no,cellular,22,aug,2,-1,0,unknown,0,young
technician,married,secondary,no,693,yes,no,telephone,21,jan,4,-1,4,unknown,0,older
management,married,tertiary,yes,-164,no,yes,cellular,14,aug,4,-1,0,unknown,0,older
retired,divorced,secondary,no,7552,no,no,cellular,23,oct,2,186,4,success,1,young
management,married,tertiary,no,1526,no,no,cellular,20,nov,4,350,1,failure,0,young
blue-collar,divorced,secondary,no,461,no,no,telephone,29,jul,2,-1,0,unknown,0,older
entrepreneur,married,secondary,no,1791,yes,no,cellular,24,jul,2,-1,0,unknown,0,young
services,married,secondary,no,-269,yes,no,unknown,1,may,3,-1,0,unknown,0,young
blue-collar,married,primary,no,600,no,no,unknown,11,may,5,-1,0,unknown,0,older
management,divorced,tertiary,no,764,yes,no,cellular,26,jul,3,-1,0,unknown,1,older
retired,married,primary,no,228,no,no,unknown,7,may,1,-1,0,unknown,0,older
unemployed,married,secondary,no,2017,no,no,telephone,6,feb,2,-1,0,unknown,0,older
technician,single,secondary,no,22,no,no,cellular,17,nov,3,-1,0,unknown,0,young
blue-collar,married,primary,no,115,yes,no,unknown,21,may,3,-1,0,unknown,0,young
technician,married,secondary,no,2054,no,no,cellular,19,nov,2,93,1,success,0,young
entrepreneur,married,tertiary,no,-3,no,no,cellular,21,nov,1,-1,0,unknown,0,older
technician,divorced,secondary,no,270,yes,no,unknown,21,nov,2,-1,0,unknown,0,older
services,single,unknown,no,24,yes,no,unknown,21,may,1,-1,0,unknown,0,young
blue-collar,married,secondary,no,1997,no,no,cellular,2,feb,2,-1,0,unknown,1,young
technician,single,secondary,no,3279,yes,no,cellular,23,apr,2,-2,0,unknown,0,young
management,married,tertiary,no,38,yes,no,unknown,12,may,1,-1,0,unknown,0,older
blue-collar,single,tertiary,no,369,no,no,cellular,10,aug,1,-1,0,unknown,0,older
self-employed,single,secondary,no,3837,no,no,unknown,4,jun,5,-1,0,unknown,0,young
admin.,divorced,secondary,no,-15,yes,no,cellular,20,aug,3,-1,0,unknown,0,young
technician,married,secondary,no,800,no,no,cellular,21,nov,1,-1,0,unknown,0,young
management,divorced,tertiary,no,1399,no,no,cellular,11,apr,1,381,2,success,1,older
blue-collar,married,secondary,yes,-540,no,no,cellular,7,jul,1,-1,0,unknown,0,older
entrepreneur,married,primary,no,336,no,no,telephone,17,jun,2,-1,0,unknown,0,older
blue-collar,married,primary,no,256,no,no,telephone,7,jul,3,101,1,failure,0,older
technician,married,secondary,no,116,no,no,cellular,16,may,3,-1,4,other,0,older
technician,divorced,tertiary,no,585,yes,no,cellular,28,jan,3,263,2,failure,0,young
unknown,single,tertiary,no,1411,no,no,unknown,21,jun,2,-1,0,unknown,0,young
entrepreneur,married,primary,no,-899,yes,no,unknown,29,may,1,-1,0,unknown,0,young
blue-collar,single,primary,no,1161,yes,no,cellular,19,apr,2,358,9,failure,0,young
management,married,tertiary,no,943,no,no,unknown,12,may,2,-1,0,unknown,0,older
technician,married,secondary,no,229,no,no,cellular,5,aug,10,-1,0,unknown,0,young
technician,married,tertiary,no,3834,yes,no,cellular,28,jan,2,338,1,failure,0,young
blue-collar,single,tertiary,yes,-43,yes,no,unknown,21,may,1,-1,0,unknown,0,young
management,married,tertiary,no,945,no,no,unknown,6,mar,2,-1,0,unknown,0,older
blue-collar,divorced,secondary,yes,-83,yes,yes,cellular,19,jul,1,-2,0,unknown,0,young
technician,married,secondary,no,798,yes,no,cellular,27,jul,10,-1,0,unknown,0,older
technician,divorced,secondary,no,3261,yes,no,unknown,20,may,3,-1,0,unknown,0,young
management,divorced,tertiary,no,2144,no,yes,cellular,14,aug,2,-1,0,unknown,0,young
unemployed,married,primary,yes,-59,yes,no,telephone,7,apr,3,176,1,failure,0,older
blue-collar,single,secondary,no,222,no,no,cellular,15,aug,4,-1,0,other,0,young
blue-collar,single,primary,yes,-359,yes,yes,telephone,9,jul,1,-1,0,unknown,0,older
management,single,tertiary,no,4808,no,no,cellular,29,aug,4,96,1,success,0,young
self-employed,married,primary,no,3205,no,no,cellular,19,jul,5,-1,0,unknown,0,older
blue-collar,married,primary,no,-876,yes,no,unknown,12,may,3,-1,0,unknown,0,young
blue-collar,married,secondary,no,6395,yes,no,unknown,13,may,1,-1,0,unknown,0,young
services,married,secondary,no,2637,yes,yes,cellular,17,nov,1,128,2,failure,0,older
management,married,tertiary,yes,633,no,no,cellular,23,oct,2,123,2,success,1,older
blue-collar,married,primary,no,684,yes,no,cellular,15,may,3,357,6,failure,0,young
technician,married,secondary,no,3663,yes,no,cellular,16,apr,3,171,1,failure,0,young
technician,single,secondary,no,132,no,no,cellular,20,jul,1,-1,0,unknown,0,young
technician,divorced,secondary,no,12105,no,no,telephone,23,nov,7,-1,0,unknown,1,young
blue-collar,married,primary,no,536,no,no,unknown,17,jun,10,-1,0,unknown,0,older
blue-collar,married,primary,no,72,yes,no,unknown,14,may,3,-1,0,unknown,0,young
technician,married,secondary,no,1228,no,no,cellular,16,nov,2,-1,0,unknown,0,young
admin.,single,secondary,no,19,yes,no,cellular,3,jan,1,141,9,failure,0,young
housemaid,married,secondary,no,1133,no,no,cellular,19,sep,2,396,0,unknown,0,older
management,divorced,secondary,no,2221,no,no,cellular,5,jul,2,267,4,failure,0,young
technician,married,secondary,no,72,no,no,unknown,5,jun,1,-1,0,unknown,0,older
technician,married,tertiary,no,1487,yes,yes,unknown,8,jul,3,-1,0,unknown,0,young
unemployed,married,primary,no,10424,no,no,cellular,16,oct,2,-1,0,unknown,0,older
technician,single,primary,no,-928,yes,no,unknown,2,jun,1,-1,0,unknown,0,young
unknown,divorced,secondary,no,123,no,no,cellular,17,jun,2,-1,0,success,0,young
management,single,tertiary,no,2264,yes,no,cellular,12,apr,4,-1,0,unknown,0,young
unemployed,divorced,primary,yes,439,no,no,telephone,4,jul,2,-1,0,unknown,0,older
technician,married,primary,yes,-178,no,no,telephone,6,jul,2,-1,0,unknown,0,older
housemaid,married,primary,no,157,no,yes,unknown,7,may,3,-1,0,unknown,0,young
retired,married,primary,no,5883,no,no,telephone,17,jul,5,-1,0,unknown,0,older
management,married,secondary,no,18,yes,no,cellular,23,apr,2,-1,0,unknown,0,older
blue-collar,single,unknown,no,95,yes,no,unknown,2,may,3,-1,0,unknown,0,young
unemployed,married,secondary,no,795,yes,no,cellular,17,apr,2,351,1,failure,0,young
admin.,married,secondary,no,275,yes,no,unknown,2,may,12,-1,0,unknown,0,young
technician,married,secondary,no,1998,no,no,cellular,13,jan,3,0,9,other,1,older
management,single,tertiary,no,510,yes,no,cellular,18,apr,3,179,4,failure,0,young
blue-collar,married,secondary,no,-175,no,yes,unknown,10,may,1,-1,0,unknown,0,young
student,single,secondary,no,2522,yes,no,cellular,14,may,3,338,1,other,0,young
blue-collar,married,secondary,no,-5,yes,yes,unknown,15,may,3,-2,0,unknown,0,young
technician,divorced,secondary,no,-125,no,yes,cellular,20,aug,2,107,1,unknown,0,young
technician,single,secondary,no,-51,no,yes,cellular,20,jul,3,-1,0,unknown,0,older
blue-collar,married,primary,no,3594,no,no,cellular,6,may,1,174,1,success,0,older
technician,married,secondary,no,1212,no,yes,cellular,11,aug,7,-1,0,unknown,0,older
retired,married,primary,no,1533,no,no,unknown,4,jul,1,-1,0,unknown,0,older
retired,married,secondary,no,1467,no,no,telephone,29,jan,4,-1,0,unknown,0,older
management,divorced,tertiary,no,134,yes,no,cellular,26,nov,3,341,4,failure,0,young
blue-collar,married,unknown,no,1821,yes,no,unknown,4,may,1,-1,0,unknown,0,older
blue-collar,married,primary,no,4216,yes,no,unknown,14,may,3,-1,0,unknown,0,older
management,married,secondary,no,577,no,no,cellular,19,apr,7,184,3,success,1,older
self-employed,married,tertiary,no,180,no,no,cellular,4,jun,1,-1,0,success,1,young
blue-collar,married,primary,yes,-248,yes,no,cellular,21,jul,2,-1,0,unknown,0,young
self-employed,married,tertiary,no,2389,no,no,cellular,4,jul,2,-1,0,unknown,0,young
blue-collar,married,secondary,no,2843,yes,no,unknown,12,may,1,-1,0,unknown,0,young
technician,single,secondary,no,86,no,no,cellular,21,jul,4,-1,0,unknown,0,young
retired,married,secondary,no,2324,no,yes,cellular,3,feb,5,136,11,other,0,older
blue-collar,married,secondary,no,2571,no,no,telephone,18,jul,3,-1,0,unknown,0,older
technician,married,secondary,yes,-503,no,no,cellular,5,may,1,-1,0,unknown,0,young
technician,divorced,secondary,yes,-83,no,yes,cellular,5,jul,4,-1,0,unknown,0,young
blue-collar,single,primary,no,-208,yes,no,unknown,3,jun,1,-1,0,unknown,0,young
management,single,tertiary,no,3170,yes,no,cellular,16,may,3,350,1,failure,0,young
unemployed,married,secondary,no,3681,no,no,unknown,18,jun,2,-1,0,unknown,1,older
technician,married,secondary,no,3366,no,no,cellular,13,dec,2,-1,0,unknown,1,young
services,married,secondary,no,129,yes,no,unknown,11,may,1,-1,0,unknown,0,young
technician,divorced,tertiary,no,1024,yes,no,telephone,20,may,1,-1,0,other,0,older
blue-collar,married,secondary,no,-471,yes,no,cellular,14,may,1,358,3,failure,0,young
technician,divorced,secondary,no,-228,yes,no,unknown,5,may,1,-1,0,unknown,0,young
management,married,secondary,no,-528,no,no,cellular,21,aug,16,-1,0,unknown,0,young
blue-collar,married,secondary,no,2350,yes,no,cellular,9,jul,1,-1,0,unknown,0,young
blue-collar,single,secondary,no,786,no,no,cellular,24,dec,2,393,1,other,0,young
retired,married,primary,no,1442,no,no,unknown,3,jun,1,-1,0,unknown,1,older
blue-collar,married,secondary,no,3849,no,no,cellular,21,nov,3,-1,0,unknown,0,young
blue-collar,married,secondary,no,-27,yes,no,unknown,19,jun,1,-1,0,unknown,0,young
blue-collar,married,secondary,no,2796,yes,no,cellular,12,may,1,348,1,failure,0,young
admin.,married,tertiary,no,2153,no,yes,unknown,14,jun,1,-1,0,unknown,0,older
management,married,tertiary,no,-1182,yes,no,unknown,11,may,4,-1,0,unknown,0,young
technician,married,secondary,yes,740,no,no,telephone,23,jul,5,-1,0,unknown,0,young
entrepreneur,married,primary,no,214,no,no,cellular,19,aug,2,-1,0,unknown,0,older
technician,married,unknown,no,-2001,no,no,unknown,9,jun,3,-1,0,unknown,0,older
blue-collar,divorced,primary,no,82,yes,no,cellular,21,may,4,359,1,failure,0,young
admin.,married,secondary,no,2980,no,no,cellular,14,jul,10,-1,0,unknown,0,older
blue-collar,married,primary,no,-483,yes,no,unknown,13,may,3,-1,0,unknown,0,older
retired,divorced,secondary,no,2612,no,no,telephone,5,jul,3,-1,0,unknown,0,older
technician,single,secondary,no,-6,yes,no,unknown,16,may,3,-2,0,unknown,0,young
technician,divorced,secondary,no,129,no,no,cellular,29,aug,4,-1,0,unknown,0,older
management,married,tertiary,no,83,yes,no,unknown,15,may,2,-1,0,unknown,0,young
management,married,tertiary,no,465,yes,no,unknown,11,may,1,-1,0,unknown,0,young
student,single,tertiary,no,2076,no,no,cellular,19,nov,5,-1,0,unknown,0,young
blue-collar,married,secondary,no,135,no,yes,cellular,11,aug,9,-1,0,unknown,0,young
entrepreneur,married,secondary,no,74,no,no,cellular,17,nov,2,-1,0,unknown,0,older
technician,single,secondary,yes,-96,no,no,cellular,26,aug,4,-1,0,unknown,0,young
unknown,married,unknown,no,151,no,no,unknown,6,jun,2,-1,0,unknown,0,older
management,married,tertiary,no,-15,no,yes,cellular,22,jul,23,-1,0,unknown,0,young
retired,divorced,primary,no,5388,no,no,cellular,29,jan,2,120,2,failure,0,older
technician,divorced,secondary,no,3612,yes,no,cellular,20,nov,2,-1,0,unknown,0,young
services,married,secondary,no,2887,yes,no,cellular,14,apr,5,259,1,failure,0,older
technician,married,secondary,no,297,no,no,cellular,18,jul,3,-1,0,success,1,young
services,married,secondary,no,-186,yes,no,cellular,5,apr,1,-1,0,unknown,0,older
services,married,secondary,yes,1603,yes,no,cellular,29,jul,1,-1,0,unknown,0,young
technician,married,secondary,no,2537,yes,yes,cellular,2,jan,2,292,3,unknown,0,older
technician,divorced,secondary,no,255,yes,yes,unknown,19,may,4,-1,0,unknown,0,young
technician,single,tertiary,no,-43,no,no,cellular,23,aug,1,-1,0,unknown,0,young
technician,married,secondary,yes,201,no,no,cellular,19,aug,2,-1,0,unknown,0,young
blue-collar,married,secondary,no,-127,no,yes,cellular,26,jul,7,-1,0,unknown,0,older
blue-collar,married,secondary,no,396,yes,no,cellular,20,may,2,-1,0,unknown,0,young
technician,married,secondary,no,1641,no,no,unknown,6,jun,2,-1,0,unknown,0,older
technician,divorced,unknown,no,648,yes,no,unknown,8,may,23,-1,0,unknown,0,older
technician,divorced,secondary,no,412,yes,no,unknown,20,may,1,-1,0,unknown,0,older
management,single,tertiary,no,1883,yes,yes,cellular,18,nov,1,157,1,failure,0,young
blue-collar,single,secondary,no,145,yes,no,unknown,14,may,1,-1,0,unknown,0,young
technician,married,secondary,no,-235,yes,no,unknown,27,may,5,-1,0,unknown,0,young
technician,married,secondary,no,139,yes,no,cellular,10,may,1,-1,0,unknown,0,older
retired,married,primary,no,2784,no,no,telephone,12,mar,3,-1,0,unknown,0,older
technician,single,tertiary,no,807,no,no,cellular,16,aug,7,-1,0,unknown,0,young
self-employed,divorced,secondary,no,2660,no,no,cellular,15,apr,2,-1,0,unknown,0,young
technician,married,secondary,no,5838,yes,no,cellular,6,feb,3,99,3,unknown,0,older
management,married,tertiary,no,238,no,no,cellular,17,nov,4,97,1,failure,0,young
management,married,tertiary,no,1008,yes,no,cellular,15,apr,2,-1,0,unknown,0,older
services,single,tertiary,no,7165,no,no,cellular,2,feb,2,-1,0,unknown,1,young
management,divorced,tertiary,no,9234,yes,no,cellular,18,nov,1,-1,0,unknown,0,young
management,married,tertiary,no,898,yes,no,unknown,16,apr,3,-1,0,unknown,0,young
blue-collar,married,secondary,no,58,yes,no,cellular,14,jul,2,-1,0,unknown,0,older
management,divorced,tertiary,no,26124,no,no,cellular,2,oct,5,178,1,failure,0,young
blue-collar,married,primary,no,375,yes,no,cellular,29,may,2,263,4,failure,0,older
technician,divorced,secondary,no,2722,no,no,unknown,8,jun,2,-1,0,unknown,0,older
technician,married,secondary,no,137,no,no,unknown,2,jun,1,123,1,failure,0,young
technician,married,tertiary,no,1087,no,no,cellular,16,aug,3,-1,0,unknown,0,young
blue-collar,divorced,secondary,no,7049,yes,no,cellular,21,may,4,-1,0,unknown,0,young
student,single,unknown,no,212,no,no,unknown,5,may,2,-1,0,unknown,0,young
technician,married,unknown,no,1463,no,no,unknown,27,jun,4,-2,0,unknown,0,older
blue-collar,divorced,primary,no,279,yes,no,unknown,16,may,4,-1,0,unknown,0,young
management,married,tertiary,no,2119,yes,no,cellular,4,may,5,178,3,other,0,young
management,single,secondary,no,104,no,no,cellular,20,apr,1,-1,0,unknown,0,young
technician,married,secondary,no,-1033,yes,no,unknown,16,may,1,-1,0,unknown,0,young
self-employed,divorced,secondary,no,1498,no,no,unknown,4,jun,1,-1,0,unknown,0,older
technician,divorced,secondary,no,-72,no,no,cellular,18,apr,2,-1,0,unknown,0,young
technician,married,primary,no,-946,yes,no,unknown,17,may,1,-1,0,unknown,0,young
technician,married,secondary,yes,-109,no,no,unknown,23,may,3,-1,0,unknown,0,young
technician,divorced,primary,no,463,no,no,unknown,13,may,10,-1,0,unknown,0,older
retired,married,secondary,no,276,no,no,telephone,6,jun,1,-1,0,unknown,0,older
blue-collar,married,primary,no,145,no,yes,unknown,7,jun,24,-1,0,unknown,0,older
admin.,single,secondary,no,2330,no,no,unknown,20,jun,3,-1,0,unknown,0,older
technician,married,secondary,no,806,no,no,cellular,13,aug,1,-1,0,unknown,0,older
blue-collar,married,primary,no,68,yes,no,cellular,12,may,7,-1,0,unknown,0,young
technician,single,secondary,no,2286,no,no,cellular,26,aug,2,-1,0,unknown,0,young
retired,married,secondary,no,3937,yes,no,cellular,14,may,2,340,2,success,1,older
housemaid,married,primary,no,2334,no,no,telephone,2,jun,5,124,1,failure,0,older
blue-collar,married,primary,no,-88,yes,no,cellular,20,nov,3,-1,0,unknown,0,older
self-employed,divorced,tertiary,no,1108,no,yes,cellular,17,sep,2,136,1,other,0,older
management,married,tertiary,yes,2313,yes,no,cellular,9,jul,1,-1,0,unknown,0,older
blue-collar,married,primary,no,2415,no,no,unknown,3,jun,1,-1,0,unknown,0,older
management,divorced,tertiary,no,5602,yes,no,cellular,19,oct,4,124,1,failure,1,young
services,single,secondary,no,33,yes,no,cellular,24,aug,2,-1,0,unknown,0,young
self-employed,married,tertiary,no,-116,yes,no,cellular,11,apr,1,357,4,failure,0,young
management,divorced,tertiary,no,997,no,no,cellular,13,jul,4,125,1,failure,0,older
management,married,tertiary,no,1555,yes,no,cellular,14,mar,1,-1,0,unknown,0,older
management,divorced,tertiary,no,128,no,no,cellular,6,aug,2,-1,0,unknown,0,young
retired,divorced,primary,no,1346,yes,no,telephone,29,jan,4,257,0,unknown,0,older
technician,single,secondary,no,88,no,no,cellular,30,aug,5,-1,1,success,0,young
management,single,tertiary,no,217,no,no,cellular,12,aug,4,-1,0,unknown,0,young
technician,divorced,tertiary,no,3813,no,no,cellular,12,may,2,94,3,success,1,older
technician,single,secondary,no,530,no,no,cellular,1,nov,4,-1,0,unknown,0,young
blue-collar,divorced,primary,no,-188,no,no,cellular,19,nov,2,-1,0,unknown,0,older
technician,single,secondary,no,-73,yes,yes,telephone,25,jul,3,-1,0,unknown,0,young
services,married,primary,no,3391,yes,yes,cellular,11,feb,1,-1,0,unknown,0,older
blue-collar,single,secondary,no,-763,no,no,unknown,12,jun,1,-1,0,unknown,0,young
technician,divorced,secondary,no,707,no,no,cellular,28,jul,2,-1,0,unknown,0,older
entrepreneur,single,tertiary,no,128,no,no,cellular,12,may,5,341,1,failure,0,young
services,divorced,secondary,no,3,yes,yes,cellular,20,apr,2,-1,0,unknown,0,young
technician,single,secondary,no,-1,yes,no,cellular,22,oct,4,96,5,success,1,young
management,married,tertiary,no,-479,yes,no,cellular,15,may,4,-1,0,unknown,0,young
technician,married,secondary,no,109,yes,no,unknown,14,may,3,-1,0,unknown,0,older
technician,married,secondary,no,785,no,no,cellular,21,aug,3,-1,0,unknown,0,older
technician,married,secondary,no,560,no,no,cellular,17,aug,2,-1,0,unknown,0,older
retired,divorced,secondary,no,531,no,no,telephone,6,feb,1,-1,0,unknown,0,older
self-employed,married,tertiary,no,1124,no,no,cellular,18,apr,1,124,1,other,0,young
management,married,primary,no,19002,no,no,cellular,22,sep,6,91,3,success,0,older
unemployed,single,tertiary,no,3443,no,no,telephone,5,feb,2,-1,0,unknown,0,young
admin.,married,secondary,no,114,yes,no,cellular,5,may,2,356,3,failure,0,young
technician,single,secondary,no,33,no,no,unknown,23,may,1,-1,0,unknown,0,young
blue-collar,married,primary,no,66,no,no,cellular,5,jun,10,-1,0,unknown,0,young
admin.,divorced,secondary,no,2870,yes,no,unknown,5,may,3,-1,0,unknown,0,older
blue-collar,married,secondary,no,156,yes,no,cellular,12,may,2,-1,0,unknown,0,young
management,married,tertiary,no,-2407,yes,yes,unknown,1,jun,5,-1,0,unknown,1,older
management,married,tertiary,no,4131,yes,no,cellular,6,feb,1,-1,0,unknown,1,young
blue-collar,married,primary,no,948,no,no,unknown,4,jun,3,-1,0,unknown,0,older
unemployed,married,unknown,no,4462,no,no,unknown,29,jun,7,-1,0,unknown,0,young
entrepreneur,married,secondary,no,168,yes,no,cellular,20,jul,2,-1,0,unknown,0,older
technician,single,secondary,no,3931,yes,no,cellular,28,may,1,96,2,success,1,young
blue-collar,divorced,secondary,no,588,no,no,cellular,15,sep,1,185,1,failure,0,older
unemployed,divorced,secondary,no,257,yes,no,cellular,20,jul,1,-1,0,unknown,0,older
blue-collar,married,secondary,no,1420,yes,no,cellular,17,may,5,-1,0,unknown,0,young
technician,single,primary,no,4043,no,yes,cellular,17,jul,2,-1,0,unknown,0,young
services,married,secondary,yes,-168,yes,no,cellular,5,feb,3,-1,0,unknown,0,young
technician,married,secondary,no,1107,no,no,cellular,29,jan,7,-1,0,unknown,0,young
self-employed,married,tertiary,no,1777,yes,no,cellular,20,nov,7,96,1,success,0,young
self-employed,divorced,secondary,no,43,no,no,cellular,25,jul,3,-1,0,unknown,0,older
entrepreneur,divorced,unknown,no,2478,yes,no,cellular,3,feb,1,145,1,other,0,older
self-employed,single,tertiary,no,-20,no,no,unknown,6,jun,1,-1,0,unknown,0,young
technician,single,secondary,no,1226,no,no,telephone,11,apr,4,-1,0,unknown,0,young
blue-collar,married,secondary,no,1829,no,yes,cellular,27,may,3,-1,0,unknown,0,older
blue-collar,married,secondary,no,81,no,no,unknown,7,jul,9,-1,0,unknown,0,young
blue-collar,married,secondary,no,163,no,no,cellular,15,jul,1,-1,0,unknown,0,older
technician,married,secondary,no,83,no,no,unknown,12,may,1,-1,0,unknown,0,older
entrepreneur,married,secondary,no,33,yes,no,cellular,14,may,7,-1,0,unknown,0,young
technician,single,secondary,no,168,no,no,cellular,5,mar,2,-1,0,unknown,0,young
technician,married,secondary,no,92,no,no,cellular,14,may,5,88,9,success,0,older
technician,single,secondary,no,1569,yes,no,cellular,28,apr,1,-1,0,unknown,0,young
blue-collar,married,primary,no,145,yes,no,telephone,18,may,5,-1,0,unknown,0,older
self-employed,married,secondary,no,191,yes,no,cellular,1,feb,1,-1,0,unknown,0,young
blue-collar,married,primary,no,1178,no,yes,cellular,22,aug,13,-1,0,unknown,0,older
blue-collar,divorced,secondary,no,-172,yes,no,cellular,18,jun,1,126,1,success,1,young
blue-collar,married,secondary,no,1639,no,no,telephone,11,aug,10,-1,0,unknown,0,older
technician,married,secondary,no,-506,no,no,telephone,21,jul,3,-1,0,unknown,0,older
management,single,tertiary,no,5484,yes,no,cellular,28,may,2,91,1,success,0,young
blue-collar,single,secondary,yes,1340,no,no,cellular,5,jul,1,-1,0,unknown,0,older
blue-collar,married,secondary,no,-789,yes,no,unknown,11,may,1,-1,0,unknown,0,young
management,single,tertiary,no,1321,no,no,telephone,21,nov,4,-1,1,failure,0,young
blue-collar,married,secondary,no,59,no,no,unknown,10,may,1,-1,0,unknown,0,older
admin.,single,secondary,no,11599,yes,no,cellular,22,nov,1,-1,0,other,0,young
technician,single,secondary,no,-54,yes,no,cellular,13,may,3,352,1,failure,0,young
technician,married,secondary,no,644,no,no,cellular,27,aug,8,-1,0,unknown,0,older
technician,single,secondary,no,2181,no,no,cellular,13,apr,3,341,1,success,1,young
management,married,tertiary,no,2874,yes,no,cellular,21,nov,4,185,3,failure,0,young
retired,divorced,primary,no,1042,no,no,telephone,29,jan,1,96,1,unknown,0,older
unknown,married,primary,no,698,no,no,cellular,5,feb,5,-1,0,unknown,0,older
technician,married,secondary,no,1183,no,yes,cellular,2,jul,5,-1,0,unknown,0,older
self-employed,married,secondary,no,2072,yes,no,unknown,15,may,3,-1,0,unknown,0,young
blue-collar,married,primary,no,-1869,yes,no,unknown,16,may,1,-1,0,unknown,0,older
services,married,secondary,no,1375,yes,no,cellular,1,feb,1,-1,0,unknown,1,young
blue-collar,married,secondary,no,48,yes,no,cellular,11,may,4,-1,0,unknown,0,young
technician,single,secondary,no,-88,no,no,cellular,10,aug,5,-1,0,unknown,0,young
blue-collar,divorced,secondary,no,528,yes,yes,cellular,13,apr,2,189,4,failure,0,young
unemployed,single,tertiary,no,-812,yes,no,unknown,19,may,6,-1,0,unknown,0,young
services,single,secondary,no,485,yes,no,cellular,26,may,4,-1,0,unknown,0,young
entrepreneur,married,tertiary,no,333,yes,no,cellular,18,nov,1,160,4,failure,0,young
blue-collar,married,primary,no,945,yes,no,unknown,2,may,1,-1,0,unknown,0,older
management,single,secondary,no,-55,no,no,unknown,25,may,5,-1,0,unknown,0,young
blue-collar,divorced,primary,no,157,yes,no,cellular,11,may,5,345,4,failure,0,older
technician,married,secondary,no,440,yes,yes,unknown,7,may,1,-1,0,unknown,0,young
retired,divorced,primary,no,1867,no,yes,telephone,26,jul,1,-1,0,unknown,0,older
technician,married,primary,no,248,no,no,unknown,5,jul,10,-1,0,unknown,0,older
blue-collar,single,secondary,yes,-141,yes,yes,cellular,18,jul,1,-1,0,unknown,0,young
technician,single,secondary,no,439,yes,no,cellular,14,apr,6,-1,0,unknown,0,young
technician,single,tertiary,no,4716,yes,yes,cellular,14,may,2,338,2,failure,0,young
technician,married,secondary,no,125,yes,no,cellular,19,may,3,-1,0,unknown,0,young
blue-collar,married,secondary,no,137,yes,no,unknown,21,may,1,-1,0,unknown,0,older
management,single,tertiary,no,48,yes,no,cellular,3,oct,2,92,4,success,0,young
retired,married,secondary,no,-109,no,yes,telephone,25,jul,10,-1,0,unknown,0,older
technician,married,secondary,no,473,no,no,cellular,28,jul,1,-1,0,unknown,0,young
management,single,tertiary,no,-2454,yes,no,unknown,3,may,3,-1,0,unknown,0,young
self-employed,single,tertiary,no,97,yes,no,cellular,20,apr,4,-1,0,unknown,0,young
blue-collar,divorced,primary,no,1075,yes,no,cellular,5,aug,2,-1,0,unknown,0,older
student,single,secondary,no,2066,yes,no,cellular,14,may,1,-1,0,unknown,0,young
blue-collar,married,primary,no,-127,no,no,unknown,16,jun,7,-1,0,unknown,0,older
technician,married,secondary,no,483,no,no,unknown,20,jun,3,-1,0,unknown,1,young
blue-collar,divorced,primary,yes,-584,no,no,unknown,2,jun,1,-1,0,unknown,0,older
management,single,tertiary,no,1808,no,no,cellular,11,mar,1,143,6,success,0,older
blue-collar,married,secondary,no,-101,yes,no,cellular,16,jul,1,-1,0,unknown,0,young
management,single,tertiary,no,868,no,no,cellular,30,aug,2,-1,0,unknown,0,young
management,divorced,primary,no,233,yes,no,telephone,29,may,7,-1,0,unknown,0,older
management,divorced,tertiary,yes,16526,yes,no,cellular,18,nov,4,77,3,other,0,older
management,divorced,tertiary,no,1414,no,no,cellular,14,may,3,74,1,failure,0,older
management,married,tertiary,no,39,yes,no,cellular,30,may,3,-1,0,unknown,0,young
technician,married,secondary,no,-83,yes,no,cellular,25,jul,3,-1,0,unknown,0,young
housemaid,married,primary,no,164,no,no,cellular,21,nov,2,-1,0,unknown,0,older
blue-collar,divorced,secondary,no,5081,yes,no,cellular,7,apr,2,-1,0,unknown,0,older
services,divorced,primary,no,680,yes,no,unknown,14,may,2,-1,0,unknown,0,older
blue-collar,divorced,secondary,no,29,no,no,cellular,13,sep,4,80,2,failure,0,older
admin.,single,secondary,no,1834,yes,no,cellular,21,nov,3,131,10,other,0,young
technician,single,secondary,no,540,no,no,cellular,19,may,1,353,9,failure,1,young
services,divorced,primary,no,3623,yes,no,cellular,8,may,1,-2,0,unknown,0,older
blue-collar,married,unknown,no,59,no,no,cellular,5,jul,3,-1,0,unknown,0,older
technician,married,secondary,no,-360,no,no,cellular,7,may,1,-1,0,unknown,0,older
self-employed,single,tertiary,no,-60,yes,no,telephone,14,may,1,-1,0,unknown,0,young
blue-collar,married,tertiary,no,154,no,no,cellular,13,apr,2,111,3,failure,0,young
management,married,tertiary,no,3228,no,no,cellular,29,jan,3,347,1,other,0,young
unemployed,married,tertiary,no,2447,no,no,cellular,1,sep,2,143,1,success,1,young
blue-collar,married,primary,no,-103,yes,no,unknown,7,may,1,-1,0,unknown,0,older
technician,married,secondary,no,1985,no,no,cellular,21,aug,2,-1,0,unknown,0,older
technician,single,secondary,no,169,yes,no,cellular,7,apr,3,-1,0,unknown,0,young
blue-collar,married,primary,no,445,yes,no,cellular,11,jul,2,183,5,unknown,0,older
technician,divorced,secondary,yes,149,yes,no,cellular,8,may,14,-1,0,unknown,0,young
technician,divorced,secondary,no,4759,no,no,unknown,13,may,1,-1,0,unknown,1,young
management,married,tertiary,no,1312,yes,no,cellular,2,feb,2,179,4,failure,0,young
technician,divorced,secondary,no,534,no,no,cellular,29,jul,2,-1,0,unknown,0,older
blue-collar,married,primary,yes,-576,yes,no,unknown,20,may,3,-1,0,unknown,0,older
technician,married,secondary,no,2020,yes,no,cellular,11,aug,2,-1,0,unknown,0,older
technician,married,unknown,no,-457,yes,no,cellular,25,jul,9,-1,0,unknown,0,young
entrepreneur,married,secondary,no,145,yes,no,cellular,3,jul,1,-1,0,unknown,0,young
management,married,tertiary,yes,141,yes,no,cellular,23,jul,4,-1,0,unknown,0,young
self-employed,divorced,secondary,no,318,no,no,cellular,20,nov,1,-1,0,unknown,0,older
management,married,tertiary,no,-372,no,no,unknown,20,jun,1,-1,0,unknown,0,young
management,married,tertiary,no,339,yes,no,cellular,28,dec,4,186,2,failure,1,young
technician,married,secondary,no,2331,no,yes,cellular,8,jul,3,-1,0,unknown,0,older
technician,single,primary,no,74,yes,no,cellular,14,may,3,0,0,unknown,0,young
blue-collar,married,secondary,no,2277,yes,no,cellular,15,apr,1,-1,0,unknown,0,older
technician,single,unknown,no,45,no,no,cellular,4,aug,4,-1,0,unknown,0,young
services,married,primary,no,-330,yes,no,unknown,22,jun,3,-1,0,unknown,0,older
blue-collar,married,primary,no,829,yes,no,unknown,16,may,4,-1,0,unknown,0,older
management,married,tertiary,no,13119,yes,no,cellular,19,nov,3,97,1,failure,0,young
retired,married,secondary,no,644,no,no,unknown,4,jun,5,-1,0,unknown,0,older
management,single,tertiary,no,3158,yes,no,cellular,5,jan,3,385,0,unknown,0,young
management,divorced,tertiary,no,3588,no,no,cellular,15,oct,2,181,1,failure,0,older
blue-collar,married,primary,no,149,yes,no,unknown,7,may,1,-1,0,unknown,0,young
management,married,secondary,no,140,yes,no,cellular,20,jul,1,-1,0,unknown,0,older
blue-collar,married,primary,no,914,no,no,unknown,2,jun,1,-1,0,unknown,0,young
blue-collar,married,secondary,no,979,no,no,unknown,16,jun,2,-1,0,unknown,0,young
blue-collar,married,unknown,yes,76,no,no,cellular,7,aug,7,-1,0,unknown,0,older
technician,divorced,secondary,no,2425,no,no,telephone,12,jan,1,83,9,other,0,young
technician,married,secondary,no,5226,no,no,cellular,17,nov,3,125,6,success,0,young
technician,married,tertiary,no,4817,yes,no,cellular,18,nov,1,-1,0,unknown,0,older
technician,single,secondary,no,4794,no,no,cellular,29,mar,2,-1,0,unknown,0,young
retired,married,secondary,no,122,no,no,cellular,4,aug,1,-1,0,unknown,0,older
entrepreneur,married,tertiary,no,666,yes,no,cellular,21,nov,1,-1,0,unknown,0,young
technician,divorced,tertiary,no,3307,no,no,cellular,21,nov,1,-1,0,unknown,0,young
blue-collar,single,secondary,no,191,yes,no,cellular,20,aug,4,-1,0,unknown,0,young
management,married,tertiary,no,2685,no,no,cellular,27,sep,7,454,2,failure,0,young
technician,married,secondary,no,1269,no,no,cellular,5,feb,1,129,0,other,0,older
blue-collar,married,secondary,no,53,yes,no,cellular,17,may,1,-1,0,unknown,0,young
unemployed,married,secondary,no,1664,no,yes,cellular,17,jan,1,-1,0,unknown,0,older
management,divorced,tertiary,no,3806,no,no,cellular,25,aug,4,115,2,failure,0,young
management,married,tertiary,no,39,no,no,unknown,22,jun,3,-1,0,unknown,0,young
management,married,tertiary,no,2024,no,no,cellular,23,aug,4,-1,0,success,1,young
unemployed,married,secondary,no,1159,no,no,telephone,18,nov,7,111,3,other,0,older
services,divorced,tertiary,no,1597,no,no,unknown,3,jun,3,-2,0,unknown,0,older
retired,married,primary,no,1159,no,no,unknown,7,jun,1,-1,0,unknown,0,older
technician,married,secondary,no,65,no,no,cellular,16,apr,1,-1,0,unknown,0,young
services,married,secondary,no,-334,yes,no,unknown,5,may,2,-1,0,unknown,0,young
technician,married,tertiary,no,260,yes,no,unknown,14,may,1,-1,0,unknown,0,young
blue-collar,single,primary,yes,-16,no,no,cellular,11,may,1,-1,0,unknown,0,young
technician,married,secondary,no,2867,no,no,cellular,2,feb,1,187,1,failure,1,young
management,single,tertiary,no,-63,no,no,cellular,5,dec,4,-1,0,unknown,0,young
student,single,unknown,no,1502,no,no,unknown,25,jun,3,-1,0,unknown,0,young
technician,married,secondary,no,-124,yes,no,unknown,5,may,1,-1,0,unknown,0,older
technician,married,secondary,no,132,no,yes,cellular,26,jul,4,-1,0,unknown,0,older
blue-collar,married,primary,yes,-414,yes,yes,cellular,20,apr,1,-1,0,unknown,0,older
services,divorced,secondary,no,-136,no,yes,cellular,26,aug,7,-1,0,unknown,0,older
unemployed,divorced,secondary,yes,-247,no,no,cellular,21,jul,3,-1,0,unknown,0,older
admin.,married,unknown,no,705,yes,no,unknown,14,may,1,-1,0,unknown,0,young
management,divorced,tertiary,no,1940,yes,no,cellular,3,may,3,344,3,failure,0,young
self-employed,married,primary,no,14984,yes,no,telephone,18,nov,1,-1,0,unknown,0,older
blue-collar,single,secondary,no,556,yes,no,cellular,10,apr,3,-1,0,unknown,1,young
blue-collar,married,secondary,no,113,yes,no,cellular,20,nov,4,-1,0,unknown,0,young
technician,single,secondary,no,-102,no,no,cellular,17,aug,4,0,0,unknown,0,young
technician,single,secondary,no,422,no,no,cellular,28,aug,3,-1,0,unknown,0,young
housemaid,married,primary,no,509,yes,no,cellular,12,jul,4,-1,0,unknown,0,older
blue-collar,married,primary,no,3288,yes,no,cellular,29,may,7,-1,0,unknown,0,young
management,married,tertiary,no,550,yes,no,cellular,24,jul,1,-1,0,unknown,0,older
blue-collar,married,secondary,yes,-18,yes,no,unknown,19,may,1,-1,0,unknown,0,young
services,divorced,secondary,no,86,no,yes,telephone,17,nov,2,-1,0,unknown,0,young
blue-collar,divorced,secondary,no,2994,no,no,cellular,1,apr,5,114,2,other,0,young
technician,married,secondary,no,2561,no,no,telephone,3,jul,2,-1,0,unknown,0,older
housemaid,single,secondary,no,580,no,no,telephone,10,aug,2,-1,0,unknown,0,young
technician,single,secondary,no,10,yes,no,cellular,13,may,1,-1,0,unknown,0,young
blue-collar,married,primary,no,1174,no,yes,cellular,19,jul,1,-1,0,unknown,1,older
blue-collar,married,unknown,no,621,no,no,cellular,14,jul,3,-1,0,unknown,0,older
technician,married,secondary,no,2656,yes,no,cellular,28,jan,4,90,4,success,0,young
student,divorced,unknown,yes,175,no,no,cellular,4,oct,1,-1,0,unknown,0,older
student,single,unknown,no,133,no,no,cellular,21,jul,2,-1,0,unknown,0,young
management,divorced,primary,no,-229,yes,no,telephone,17,may,5,355,9,failure,0,older
admin.,single,secondary,no,33,yes,no,unknown,29,may,3,-1,0,unknown,0,young
blue-collar,divorced,secondary,no,9,yes,yes,cellular,7,jul,1,-1,0,unknown,0,young
admin.,married,secondary,no,275,no,yes,cellular,17,nov,3,-1,0,unknown,0,young
blue-collar,married,primary,yes,-234,no,no,cellular,7,jul,4,-1,0,unknown,0,older
self-employed,married,tertiary,no,16916,yes,no,cellular,22,oct,4,349,1,failure,0,older
blue-collar,married,primary,no,1828,yes,yes,cellular,22,jul,1,-1,0,unknown,0,older
management,single,tertiary,yes,1084,no,yes,cellular,4,feb,4,188,2,failure,0,young
retired,divorced,secondary,no,2318,no,no,telephone,13,mar,1,107,1,success,0,older
blue-collar,married,secondary,no,530,no,no,cellular,12,aug,4,-1,0,unknown,0,older
blue-collar,divorced,secondary,no,72,no,no,cellular,16,aug,7,-1,0,unknown,0,older
unknown,married,unknown,no,1463,no,no,cellular,5,jun,6,-1,0,unknown,0,older
technician,single,secondary,no,26,yes,no,unknown,19,jun,3,-1,0,unknown,0,young
admin.,married,secondary,no,-105,no,no,cellular,19,jul,3,-1,0,unknown,0,older
management,married,tertiary,no,3472,no,no,unknown,0,jun,2,-1,0,unknown,0,young
blue-collar,married,primary,no,633,yes,no,cellular,10,apr,2,-1,0,unknown,0,older
technician,married,secondary,no,-164,yes,no,unknown,19,may,3,-1,0,unknown,0,young
technician,divorced,tertiary,no,673,yes,no,cellular,15,apr,3,178,1,unknown,0,young
management,divorced,tertiary,no,12839,no,no,cellular,18,aug,4,188,1,success,0,young
management,married,tertiary,no,-99,yes,no,unknown,8,may,1,-1,0,unknown,0,older
management,single,tertiary,no,-55,no,no,cellular,29,apr,1,-1,0,unknown,0,young
self-employed,married,secondary,no,1627,yes,no,telephone,13,may,1,-1,0,unknown,0,older
self-employed,married,primary,no,1077,no,no,cellular,6,aug,1,-1,0,unknown,0,older
management,married,tertiary,no,-99,yes,no,unknown,26,may,4,-1,0,unknown,0,young
blue-collar,married,primary,no,1147,no,no,cellular,23,jul,3,-1,0,unknown,0,older
blue-collar,married,secondary,no,1118,yes,no,unknown,13,may,1,-1,0,unknown,0,young
unemployed,divorced,secondary,no,1562,yes,no,cellular,9,may,3,-1,0,unknown,0,young
blue-collar,single,tertiary,no,118,no,no,cellular,19,jul,4,-1,0,unknown,0,young
retired,married,secondary,no,3786,no,no,telephone,28,feb,1,-2,0,unknown,0,older
student,single,tertiary,no,12,yes,no,unknown,17,may,1,-1,0,unknown,0,young
management,divorced,primary,no,240,no,no,cellular,5,may,1,-1,0,unknown,0,young
housemaid,married,primary,no,31,no,no,cellular,18,nov,1,115,1,failure,0,older
housemaid,married,primary,no,72,no,no,unknown,17,jun,2,-1,0,unknown,0,older
services,married,secondary,no,13362,yes,no,cellular,12,may,2,-1,0,unknown,0,older
admin.,single,secondary,no,3789,no,no,cellular,20,apr,1,-1,0,unknown,0,young
retired,divorced,secondary,no,2697,no,no,unknown,9,jun,1,-1,0,unknown,0,older
student,married,unknown,no,2164,no,no,cellular,17,jun,7,-1,0,unknown,0,older
student,single,secondary,no,4180,no,yes,cellular,6,feb,2,-1,0,unknown,0,young
retired,married,primary,no,6763,no,yes,unknown,6,jun,1,-1,0,unknown,0,older
blue-collar,divorced,primary,no,1247,yes,no,cellular,12,apr,2,339,1,failure,1,young
self-employed,single,tertiary,no,4631,no,no,cellular,21,mar,2,-1,0,unknown,1,young
technician,married,secondary,no,1283,yes,no,cellular,3,apr,2,-1,0,unknown,0,young
blue-collar,married,secondary,no,1494,yes,no,unknown,13,may,3,-1,0,unknown,1,older
blue-collar,divorced,primary,no,-45,yes,no,unknown,11,jun,5,-1,0,unknown,0,young
blue-collar,married,secondary,no,2162,yes,yes,cellular,16,jul,3,-1,0,unknown,0,young
retired,divorced,secondary,no,3249,no,no,unknown,14,may,3,-1,0,unknown,1,older
retired,married,primary,no,890,no,no,telephone,11,apr,1,-1,0,unknown,0,older
services,single,secondary,no,2035,yes,no,cellular,20,aug,1,-1,0,unknown,0,young
management,divorced,tertiary,no,4435,no,no,cellular,5,feb,1,-1,0,unknown,0,older
student,single,secondary,no,521,no,no,unknown,12,jun,1,-1,0,unknown,0,young
blue-collar,married,primary,no,-159,yes,no,unknown,11,may,3,-1,0,unknown,0,young
blue-collar,married,secondary,no,-53,yes,no,cellular,30,jul,5,97,10,other,0,young
technician,married,secondary,no,801,yes,yes,cellular,16,jul,2,152,1,failure,0,young
blue-collar,married,primary,no,134,no,no,cellular,1,feb,2,172,10,failure,1,young
unknown,divorced,unknown,no,6114,no,no,unknown,16,jun,1,-1,0,unknown,0,older
self-employed,divorced,primary,yes,-59,no,no,cellular,14,aug,4,-1,0,unknown,0,older
unemployed,married,unknown,no,863,no,no,cellular,4,aug,3,118,6,failure,0,young
management,single,secondary,no,231,no,no,cellular,7,nov,1,153,1,success,0,young
entrepreneur,married,secondary,no,1407,no,no,unknown,12,jun,5,-1,0,unknown,0,young
admin.,single,secondary,no,393,no,yes,cellular,21,jul,3,-1,0,unknown,1,young
blue-collar,married,primary,no,2311,no,no,unknown,17,jun,3,-1,0,unknown,0,older
student,single,unknown,no,389,no,no,unknown,11,jul,1,-1,0,unknown,0,older
services,married,primary,no,111,no,no,unknown,12,may,2,-1,0,unknown,0,older
blue-collar,married,primary,no,108,yes,no,cellular,13,may,3,346,10,failure,0,young
housemaid,married,primary,no,103,no,no,cellular,28,jul,4,-1,0,unknown,0,older
housemaid,divorced,secondary,no,6265,no,no,cellular,8,dec,1,-1,0,unknown,1,older
services,married,secondary,no,-82,yes,yes,cellular,28,may,3,272,4,failure,0,young
entrepreneur,married,secondary,no,397,no,no,cellular,18,aug,7,-1,0,unknown,0,older
management,divorced,tertiary,no,65,yes,no,cellular,9,jul,3,-1,0,unknown,0,older
unemployed,single,secondary,no,3182,no,no,cellular,19,oct,1,370,1,success,0,young
technician,married,secondary,no,5523,yes,no,unknown,2,feb,2,-1,0,unknown,0,young
blue-collar,married,secondary,no,110,yes,yes,cellular,9,may,7,345,3,failure,0,older
admin.,married,unknown,no,4149,no,no,unknown,10,jun,1,-1,0,unknown,1,older
blue-collar,married,primary,no,1022,yes,no,cellular,15,jul,2,360,2,failure,0,young
blue-collar,married,primary,no,1788,no,yes,telephone,22,jul,2,-1,0,unknown,0,older
blue-collar,single,secondary,no,188,yes,no,cellular,20,nov,3,95,1,failure,0,young
blue-collar,married,primary,yes,897,yes,no,unknown,17,jun,2,-1,0,unknown,0,older
blue-collar,divorced,secondary,no,3008,no,no,telephone,6,feb,1,-1,0,unknown,1,older
blue-collar,single,unknown,no,-44,yes,no,cellular,22,jul,2,-1,0,unknown,0,young
technician,divorced,secondary,no,277,yes,no,cellular,5,may,2,406,6,other,0,young
management,divorced,tertiary,no,1291,no,yes,cellular,21,apr,4,103,1,failure,0,young
blue-collar,married,secondary,no,3432,no,yes,cellular,2,jul,2,-1,0,unknown,0,older
blue-collar,married,secondary,no,671,no,no,cellular,12,sep,3,158,2,success,0,older
blue-collar,single,secondary,no,136,no,yes,cellular,15,jul,1,-1,4,failure,0,young
retired,married,secondary,no,165,no,no,unknown,3,jun,1,-1,0,unknown,0,older
technician,single,secondary,no,505,yes,no,cellular,15,may,1,370,2,other,1,young
management,married,tertiary,no,97,yes,no,cellular,10,may,1,346,1,failure,0,young
technician,single,secondary,no,-180,no,no,cellular,20,aug,4,-1,0,unknown,0,young
admin.,divorced,secondary,no,-504,yes,no,unknown,15,may,1,-1,0,unknown,0,young
admin.,married,secondary,no,872,no,no,cellular,2,aug,1,-1,0,unknown,1,older
management,divorced,tertiary,no,6269,no,no,cellular,20,apr,2,-1,0,other,0,older
admin.,married,secondary,no,352,no,no,cellular,21,may,1,-1,0,unknown,0,older
entrepreneur,married,primary,no,4250,yes,no,unknown,14,may,1,-1,0,unknown,0,older
student,single,secondary,no,4921,no,no,cellular,21,jul,5,-1,9,unknown,1,young
blue-collar,married,primary,no,1592,yes,no,cellular,11,may,1,348,1,other,0,young
blue-collar,single,secondary,yes,-701,yes,yes,unknown,16,may,3,-1,0,unknown,0,young
unknown,married,unknown,no,657,no,no,unknown,13,jun,3,-1,0,unknown,0,young
blue-collar,divorced,tertiary,no,1806,no,no,cellular,28,aug,4,-1,0,unknown,0,young
technician,divorced,tertiary,no,9073,no,no,cellular,20,nov,1,-1,0,unknown,0,older
blue-collar,single,unknown,no,1276,yes,no,cellular,13,may,3,347,1,other,0,young
blue-collar,divorced,primary,yes,-35,yes,no,unknown,14,may,2,-1,0,unknown,0,young
technician,single,secondary,no,-174,no,no,cellular,22,jul,1,-1,0,unknown,0,young
management,married,tertiary,no,1904,yes,no,cellular,12,may,1,338,1,failure,0,young
management,divorced,tertiary,no,78,yes,no,cellular,29,jul,2,265,4,failure,0,older
blue-collar,married,secondary,no,2234,no,yes,cellular,20,nov,2,181,1,failure,0,older
blue-collar,divorced,secondary,no,84,no,no,telephone,11,jul,3,-1,0,unknown,0,older
blue-collar,married,primary,no,-11,no,yes,unknown,20,nov,3,-1,0,unknown,0,older
blue-collar,married,secondary,no,44,yes,no,unknown,11,may,3,-1,0,unknown,0,young
self-employed,married,tertiary,no,56,yes,no,cellular,7,jul,4,-1,0,unknown,0,older
blue-collar,married,secondary,yes,4487,no,yes,cellular,29,jan,6,-1,0,unknown,0,older
blue-collar,divorced,primary,yes,-239,yes,no,unknown,4,jun,2,-1,0,unknown,0,young
management,married,tertiary,no,-143,yes,no,cellular,25,apr,4,-1,0,unknown,0,young
technician,married,tertiary,no,-85,no,no,unknown,7,jul,3,-1,0,unknown,0,young
technician,married,primary,no,80,no,no,unknown,16,jul,4,-1,0,unknown,0,older
services,divorced,secondary,no,488,yes,no,unknown,12,may,5,-1,0,unknown,0,older
admin.,married,secondary,no,-373,yes,no,unknown,15,may,2,-1,0,unknown,0,older
self-employed,single,tertiary,no,2791,no,no,cellular,16,apr,1,-1,0,success,1,young
blue-collar,divorced,primary,no,4,yes,no,cellular,13,may,2,348,10,failure,0,older
blue-collar,married,secondary,no,3758,no,no,unknown,5,jun,1,-1,0,unknown,0,older
technician,married,secondary,no,-28,no,yes,cellular,20,jul,11,-1,0,unknown,1,older
retired,married,secondary,no,5960,no,no,telephone,0,feb,7,69,11,other,0,older
blue-collar,married,primary,no,889,yes,no,unknown,13,jun,2,-1,0,unknown,0,older
services,divorced,secondary,no,-67,yes,no,cellular,14,may,3,356,10,other,0,young
blue-collar,married,primary,no,430,yes,yes,unknown,14,may,5,-1,0,unknown,0,young
management,single,tertiary,no,5742,no,no,cellular,15,mar,2,93,6,success,1,young
blue-collar,married,secondary,no,-42,yes,no,cellular,3,may,1,-1,0,unknown,0,older
blue-collar,married,unknown,no,4517,no,no,unknown,11,may,1,-1,0,unknown,0,older
technician,married,secondary,no,158,no,no,cellular,10,aug,4,-1,0,unknown,0,older
technician,single,secondary,yes,-179,yes,no,cellular,16,may,3,334,0,unknown,0,young
blue-collar,divorced,primary,no,-613,yes,no,unknown,21,may,1,-1,0,unknown,0,young
management,divorced,tertiary,no,188,no,no,cellular,14,jul,5,-1,0,unknown,0,older
blue-collar,divorced,secondary,no,1231,no,no,cellular,16,apr,3,89,1,failure,0,older
services,married,secondary,no,4260,no,no,cellular,18,nov,5,-1,0,unknown,0,older
technician,married,secondary,yes,-769,yes,yes,cellular,17,jul,10,-1,0,unknown,0,older
blue-collar,married,primary,no,22,yes,no,cellular,26,jul,10,-1,0,unknown,0,older
blue-collar,single,tertiary,no,5489,yes,no,cellular,19,nov,3,346,11,other,0,young
admin.,divorced,secondary,no,1920,yes,no,cellular,8,mar,2,183,1,success,1,young
blue-collar,divorced,secondary,yes,4746,no,no,cellular,3,feb,1,-1,0,unknown,1,young
technician,married,secondary,no,162,no,no,cellular,13,aug,10,-1,0,unknown,0,older
retired,married,secondary,no,1559,no,no,telephone,7,sep,1,-1,0,unknown,0,older
unemployed,married,secondary,no,2925,yes,no,cellular,20,apr,3,-2,0,unknown,0,young
technician,married,secondary,no,-41,no,no,unknown,25,jun,1,-1,0,unknown,0,young
management,single,tertiary,no,782,no,no,cellular,21,apr,3,121,3,failure,1,young
services,married,secondary,no,5233,no,no,unknown,6,jun,3,-1,0,unknown,0,young
student,single,unknown,yes,281,yes,no,cellular,23,dec,3,-1,0,unknown,0,young
technician,divorced,tertiary,no,4766,yes,no,cellular,20,jan,2,347,1,failure,0,older
blue-collar,married,primary,yes,68,yes,no,unknown,15,may,3,-2,0,unknown,0,young
management,divorced,tertiary,no,4742,no,no,cellular,16,nov,5,73,10,other,0,older
management,single,tertiary,no,1936,yes,no,unknown,18,mar,2,-1,0,unknown,0,young
blue-collar,married,secondary,no,5069,yes,no,unknown,22,may,1,-1,0,unknown,0,young
management,married,tertiary,no,2715,yes,no,cellular,21,may,7,-1,0,unknown,0,older
blue-collar,married,secondary,no,765,yes,yes,cellular,12,jul,4,-1,0,unknown,0,young
technician,married,secondary,no,-7,no,no,unknown,19,jun,1,-1,0,unknown,0,young
retired,married,secondary,no,-51,yes,no,cellular,14,mar,1,417,1,other,0,young
blue-collar,married,primary,no,103,yes,no,cellular,14,jul,1,-1,0,unknown,0,young
admin.,married,secondary,no,13439,no,no,cellular,1,feb,1,425,2,unknown,0,older
retired,divorced,tertiary,no,160,no,no,cellular,24,mar,11,-1,0,unknown,0,older
management,married,unknown,no,2806,no,no,cellular,11,may,1,-1,0,unknown,0,older
retired,married,primary,no,3229,no,no,cellular,10,aug,1,-2,0,unknown,0,older
retired,married,secondary,no,2800,yes,no,cellular,21,apr,3,92,2,other,0,older
blue-collar,married,secondary,no,101,no,no,cellular,4,jul,2,186,1,failure,0,young
unemployed,single,secondary,no,2184,yes,no,unknown,15,may,3,-1,0,unknown,1,young
technician,single,tertiary,no,-359,yes,no,unknown,21,may,3,-1,0,unknown,0,young
management,married,unknown,no,388,yes,no,unknown,6,jun,2,-1,0,unknown,0,older
retired,married,secondary,no,1776,no,no,telephone,8,jan,2,141,1,other,0,older
management,married,tertiary,no,-167,no,no,cellular,21,aug,2,-1,0,unknown,0,young
technician,married,secondary,no,-17,yes,no,unknown,11,may,1,-1,0,unknown,0,young
blue-collar,married,secondary,no,-161,yes,no,unknown,20,may,1,-1,0,unknown,0,young
technician,divorced,secondary,no,552,yes,yes,cellular,14,oct,4,167,1,failure,0,young
management,single,tertiary,no,3191,yes,no,cellular,2,jul,3,-1,0,unknown,1,young
management,divorced,tertiary,no,-76,yes,no,unknown,8,may,1,-1,0,unknown,0,older
blue-collar,married,primary,no,3188,no,no,unknown,11,aug,4,-1,0,unknown,0,young
student,single,secondary,no,611,yes,no,cellular,18,apr,5,-1,0,unknown,0,young
self-employed,single,secondary,no,546,no,yes,cellular,15,may,3,-1,0,unknown,0,young
blue-collar,married,secondary,no,2923,no,no,telephone,11,aug,4,-1,0,unknown,0,older
blue-collar,divorced,secondary,no,2629,yes,no,cellular,12,may,1,-1,0,unknown,0,young
blue-collar,married,primary,no,925,yes,no,cellular,11,may,4,344,2,other,0,older
blue-collar,married,secondary,no,328,yes,no,cellular,21,apr,1,-1,0,unknown,0,young
entrepreneur,single,secondary,no,1405,yes,no,telephone,23,may,4,-1,0,unknown,0,young
unemployed,married,secondary,no,14491,yes,yes,cellular,18,nov,1,99,4,failure,0,older
blue-collar,married,primary,no,298,yes,no,cellular,16,apr,3,-1,4,unknown,0,young
technician,single,tertiary,no,56,yes,no,cellular,0,feb,2,132,9,other,1,young
technician,divorced,secondary,no,2007,no,no,cellular,6,mar,1,186,1,failure,0,older
technician,single,tertiary,no,-103,no,no,cellular,6,apr,1,-1,0,unknown,0,young
housemaid,married,secondary,no,7631,no,no,cellular,19,aug,4,-1,0,unknown,0,older
technician,single,secondary,yes,-709,yes,no,unknown,20,apr,1,-1,0,unknown,0,young
blue-collar,single,secondary,no,417,yes,no,cellular,14,may,3,348,1,failure,0,young
blue-collar,married,primary,no,2622,no,no,unknown,4,jun,1,-1,0,unknown,0,older
technician,single,secondary,no,7,no,no,cellular,29,aug,13,-1,0,unknown,0,young
blue-collar,married,primary,no,26,no,no,cellular,5,jul,4,-1,0,unknown,0,older
blue-collar,married,primary,no,2947,no,no,cellular,4,jul,2,-1,0,unknown,0,older
management,married,tertiary,no,-13,no,no,cellular,19,nov,1,-1,0,unknown,0,young
retired,married,secondary,no,2580,no,no,cellular,11,nov,4,89,2,failure,0,older
retired,married,primary,no,780,no,no,unknown,6,jun,1,191,0,success,0,older
management,single,tertiary,no,91,no,no,cellular,5,aug,1,-1,0,unknown,0,young
entrepreneur,divorced,tertiary,no,-71,yes,no,unknown,13,may,6,-1,0,unknown,0,young
services,married,secondary,no,126,no,no,cellular,18,feb,3,-1,0,unknown,0,young
self-employed,married,tertiary,no,154,yes,no,cellular,20,jul,7,-1,0,unknown,0,older
entrepreneur,married,secondary,no,2867,no,no,cellular,21,nov,2,-1,0,unknown,0,older
technician,divorced,secondary,no,143,no,no,cellular,29,jan,5,270,4,other,0,young
retired,married,unknown,no,198,no,no,cellular,15,mar,1,-1,0,unknown,0,older
housemaid,divorced,tertiary,no,2496,no,no,cellular,5,jul,1,-1,0,unknown,0,young
retired,divorced,secondary,no,201,no,no,telephone,20,feb,2,-1,0,other,0,older
management,single,tertiary,no,-92,yes,no,cellular,9,jan,1,-1,0,unknown,0,young
management,married,tertiary,no,-113,no,no,cellular,20,apr,1,0,0,unknown,0,young
blue-collar,married,primary,no,798,no,no,unknown,16,jun,3,-1,0,unknown,0,older
technician,married,secondary,no,962,no,yes,cellular,17,jul,4,-1,0,unknown,0,older
blue-collar,married,secondary,no,-161,no,no,cellular,26,aug,7,-1,0,unknown,0,young
management,divorced,secondary,no,1537,yes,no,cellular,15,apr,5,-1,0,unknown,0,young
management,divorced,tertiary,no,666,yes,no,cellular,22,apr,3,-1,0,unknown,0,young
management,single,tertiary,no,1472,no,no,cellular,21,nov,2,142,1,success,1,young
blue-collar,married,primary,no,58,no,yes,cellular,6,jul,1,-1,0,unknown,0,older
technician,single,primary,no,23,no,no,telephone,23,oct,2,-1,0,unknown,0,young
management,divorced,primary,no,-123,yes,no,cellular,21,nov,1,-1,0,unknown,0,young
technician,single,secondary,no,816,no,no,telephone,1,feb,1,267,9,other,0,young
unknown,married,unknown,no,92,no,no,unknown,5,jun,3,-1,0,unknown,0,older
management,divorced,primary,no,106,yes,no,cellular,2,may,2,263,10,other,0,young
blue-collar,married,secondary,no,1213,yes,no,cellular,12,may,2,-1,4,unknown,0,older
technician,married,secondary,yes,-583,yes,no,cellular,29,jul,1,-2,0,unknown,0,young
technician,divorced,secondary,no,154,yes,no,cellular,15,feb,2,-1,0,unknown,0,young
management,divorced,tertiary,no,2031,yes,no,cellular,2,feb,2,75,1,other,0,young
technician,married,secondary,no,-12,no,yes,cellular,29,jul,14,-1,0,unknown,0,young
technician,married,secondary,no,128,yes,no,telephone,28,feb,3,267,2,failure,0,older
services,married,secondary,no,-39,yes,yes,cellular,29,jul,1,-1,0,unknown,0,older
self-employed,married,secondary,no,144,yes,yes,unknown,6,jul,3,-1,0,unknown,0,older
management,divorced,primary,no,9642,no,no,unknown,18,jun,1,-1,0,unknown,0,young
services,single,secondary,no,654,no,no,cellular,28,aug,14,-2,0,unknown,0,young
technician,married,secondary,yes,-259,yes,no,unknown,26,may,3,-1,0,unknown,0,young
blue-collar,divorced,primary,no,168,no,no,cellular,20,aug,5,-1,0,unknown,0,older
technician,married,secondary,no,-358,yes,no,telephone,15,jul,2,-1,0,unknown,0,older
retired,married,tertiary,no,4645,no,no,telephone,2,feb,1,262,1,failure,0,young
technician,married,secondary,no,45,no,no,cellular,11,aug,2,-1,0,unknown,0,young
services,married,secondary,no,107,yes,yes,unknown,11,may,1,-1,0,unknown,0,older
self-employed,married,tertiary,no,692,no,no,cellular,21,jan,3,-1,0,unknown,0,young
technician,married,tertiary,no,-867,yes,no,unknown,21,jun,1,-1,0,unknown,0,older
blue-collar,divorced,secondary,no,3285,no,no,telephone,4,oct,1,-1,0,unknown,0,young
blue-collar,married,primary,no,58,yes,no,unknown,9,may,1,346,2,failure,0,older
technician,married,secondary,no,3187,no,no,cellular,11,apr,1,114,1,success,1,young
technician,married,secondary,no,34,yes,no,cellular,9,may,1,445,2,unknown,0,young
blue-collar,married,primary,yes,-50,yes,no,unknown,8,jan,2,-1,0,unknown,0,young
technician,single,secondary,no,249,yes,no,cellular,1,feb,1,-1,0,unknown,0,young
self-employed,single,secondary,no,-114,yes,no,unknown,13,may,3,-1,0,unknown,0,young
blue-collar,married,secondary,yes,-91,no,no,unknown,20,may,1,-1,0,unknown,0,young
retired,married,primary,no,5381,no,no,telephone,5,mar,1,-1,0,unknown,0,older
blue-collar,married,primary,no,-213,yes,no,unknown,3,may,3,-1,0,unknown,0,older
management,married,tertiary,no,5784,no,yes,unknown,18,jul,1,-1,0,unknown,0,older
technician,married,secondary,no,726,yes,no,unknown,4,may,6,-1,0,unknown,0,young
services,married,tertiary,no,177,yes,no,cellular,17,apr,1,-1,0,unknown,0,young
blue-collar,married,primary,no,586,yes,no,unknown,12,may,1,-1,0,unknown,0,young
blue-collar,married,secondary,no,32,yes,no,unknown,7,jun,1,-1,0,unknown,0,young
unemployed,divorced,secondary,no,3735,no,no,telephone,5,jul,1,-1,0,unknown,0,older
retired,divorced,secondary,no,6331,no,no,unknown,10,jun,2,-1,0,unknown,0,older
services,married,secondary,no,-314,no,no,unknown,23,jun,3,-1,0,unknown,0,older
blue-collar,single,secondary,no,-24,yes,yes,unknown,14,may,1,344,1,failure,0,young
entrepreneur,married,tertiary,no,3501,yes,no,cellular,14,may,1,-1,0,unknown,0,older
retired,married,primary,no,7611,no,no,telephone,3,feb,7,-1,0,unknown,1,older
blue-collar,married,secondary,no,1507,no,no,unknown,22,jun,1,-1,0,unknown,0,older
entrepreneur,married,tertiary,no,2578,no,no,cellular,6,aug,2,-2,0,unknown,1,older
technician,married,secondary,no,68,no,no,cellular,11,aug,9,-1,0,unknown,0,older
unemployed,married,secondary,no,4789,no,no,cellular,2,feb,1,-1,0,unknown,0,older
unknown,married,unknown,no,537,no,no,cellular,10,jul,1,-1,0,unknown,0,older
retired,divorced,primary,no,489,no,no,telephone,3,aug,1,-1,0,unknown,0,older
retired,married,primary,no,1474,no,no,unknown,18,sep,1,-1,0,unknown,0,older
management,divorced,tertiary,no,8862,yes,no,telephone,11,jun,4,93,1,failure,0,young
blue-collar,married,unknown,no,2362,yes,no,unknown,4,may,1,-1,0,unknown,0,older
admin.,single,secondary,no,56,no,no,cellular,20,jul,3,97,1,other,0,young
management,married,tertiary,no,1079,yes,no,unknown,12,apr,2,-1,0,unknown,0,older
student,single,secondary,no,167,no,no,cellular,15,apr,2,98,1,failure,0,young
technician,married,secondary,no,-329,no,no,cellular,10,jul,3,-1,0,unknown,0,young
self-employed,single,tertiary,no,2903,yes,no,unknown,15,aug,5,-1,0,unknown,0,young
blue-collar,married,primary,no,715,yes,no,unknown,25,may,1,-1,0,unknown,0,young
technician,divorced,secondary,no,-1070,no,no,unknown,7,may,2,-1,0,unknown,0,older
retired,married,secondary,no,5888,no,no,cellular,10,mar,2,143,1,success,1,older
blue-collar,married,primary,no,296,yes,no,unknown,22,may,1,-1,0,unknown,0,older
retired,married,primary,yes,333,no,yes,cellular,18,jul,1,-1,0,unknown,0,older
retired,married,primary,no,519,no,no,cellular,3,mar,2,110,1,failure,0,older
housemaid,married,secondary,no,98,yes,yes,cellular,20,nov,2,-1,0,unknown,0,young
technician,married,secondary,no,1999,no,no,telephone,20,jul,7,-1,0,unknown,0,older
blue-collar,married,secondary,no,73,no,no,cellular,25,may,1,352,1,other,0,young
technician,married,secondary,no,2892,yes,yes,unknown,29,jul,3,-1,0,unknown,0,older
self-employed,single,secondary,no,500,yes,yes,cellular,15,may,2,-1,6,unknown,0,young
services,married,tertiary,no,-48,yes,no,unknown,10,may,22,-1,0,unknown,0,young
self-employed,married,tertiary,no,3363,no,no,unknown,16,jun,7,-1,0,unknown,1,young
unemployed,married,primary,yes,731,no,no,telephone,3,may,2,-1,0,unknown,0,young
blue-collar,married,unknown,yes,3,no,no,cellular,5,aug,9,-1,0,unknown,0,young
technician,single,secondary,yes,20,no,no,cellular,16,aug,13,-1,0,unknown,0,young
technician,married,unknown,no,88,yes,no,unknown,21,may,2,-1,0,unknown,0,older
blue-collar,single,primary,no,-631,yes,no,unknown,7,may,3,-1,0,unknown,0,young
technician,divorced,secondary,no,308,no,no,cellular,2,jun,2,143,10,other,0,young
management,single,secondary,no,-311,no,no,cellular,23,jul,11,-1,0,unknown,0,young
blue-collar,married,primary,no,1252,yes,no,unknown,17,may,1,-1,0,unknown,0,older
management,single,tertiary,no,3677,yes,no,cellular,30,jan,5,176,1,failure,0,young
retired,married,secondary,no,1187,no,no,telephone,16,nov,4,-2,0,unknown,0,older
management,married,tertiary,no,-2005,yes,no,unknown,8,may,1,-1,0,unknown,0,young
blue-collar,married,primary,no,3494,no,no,unknown,10,may,1,-1,0,unknown,0,older
technician,divorced,tertiary,no,505,yes,no,cellular,19,apr,1,257,2,other,0,young
blue-collar,divorced,secondary,no,1110,yes,no,cellular,0,feb,1,143,4,failure,0,older
admin.,married,secondary,no,946,no,yes,cellular,18,jul,2,-1,0,unknown,0,older
services,married,secondary,no,141,no,no,unknown,14,jun,1,-1,0,unknown,0,young
self-employed,single,tertiary,no,-64,no,no,cellular,20,nov,3,136,1,failure,0,young
technician,single,secondary,no,66,yes,no,unknown,9,may,1,-1,0,unknown,0,young
management,single,tertiary,no,5465,no,no,cellular,6,jun,3,68,4,success,0,young
unemployed,divorced,secondary,no,5516,no,no,cellular,17,jun,3,-1,0,unknown,0,older
blue-collar,married,secondary,no,1624,no,no,cellular,11,aug,7,-1,0,unknown,0,young
blue-collar,married,primary,no,4596,yes,no,cellular,9,jul,1,-1,0,unknown,0,older
blue-collar,married,secondary,no,35,no,no,unknown,20,may,14,-1,0,unknown,0,young
unemployed,single,primary,no,35,yes,no,cellular,15,may,2,337,1,other,0,young
technician,single,secondary,yes,-476,yes,yes,unknown,23,jul,10,-1,0,unknown,0,young
admin.,divorced,primary,no,3621,no,no,unknown,3,jun,1,-1,0,unknown,0,older
management,married,unknown,no,2452,no,no,unknown,5,jun,1,-1,0,unknown,0,older
technician,married,tertiary,no,-69,no,no,cellular,7,aug,7,-1,0,unknown,0,older
management,divorced,tertiary,no,1540,yes,no,cellular,28,oct,2,365,1,failure,0,older
entrepreneur,single,primary,no,1383,no,no,unknown,8,may,2,-1,0,unknown,0,young
admin.,married,secondary,no,608,no,no,unknown,18,jun,3,-1,0,unknown,0,young
technician,married,secondary,no,666,yes,no,cellular,29,may,1,285,2,failure,0,young
technician,divorced,secondary,no,168,no,no,cellular,13,aug,4,-1,0,unknown,0,older
technician,married,secondary,no,61,no,no,telephone,15,aug,4,-1,0,unknown,0,young
management,married,primary,yes,52,yes,yes,unknown,20,jul,2,-1,0,unknown,0,older
blue-collar,married,secondary,no,-35,yes,no,cellular,16,may,4,-1,0,unknown,0,older
management,married,tertiary,no,2752,no,no,cellular,1,jun,1,-1,6,unknown,1,young
management,married,secondary,no,159,yes,yes,cellular,18,jul,5,-1,0,unknown,0,young
self-employed,married,primary,no,2453,yes,no,cellular,10,sep,1,358,1,failure,0,older
management,divorced,secondary,no,2987,no,no,cellular,15,apr,2,-1,0,unknown,0,older
unknown,divorced,unknown,no,-863,yes,no,unknown,5,may,1,-1,0,unknown,0,older
blue-collar,divorced,secondary,no,188,no,no,cellular,23,jul,2,-1,0,unknown,1,older
blue-collar,married,primary,no,566,yes,no,cellular,2,feb,2,-1,0,unknown,0,young
services,married,secondary,no,2299,yes,no,cellular,14,jan,2,272,2,other,0,older
unemployed,married,secondary,no,217,no,no,unknown,5,jun,1,-1,0,unknown,0,young
management,married,tertiary,no,2129,no,no,cellular,16,jul,2,-1,0,unknown,1,older
blue-collar,married,secondary,yes,399,yes,yes,cellular,14,may,3,-1,0,unknown,0,young
blue-collar,married,secondary,no,-193,yes,no,cellular,16,aug,4,-1,0,unknown,0,young
management,single,tertiary,no,2708,yes,no,cellular,7,feb,1,120,3,failure,0,young
unemployed,married,primary,yes,908,no,no,cellular,28,jul,1,-1,0,unknown,0,older
entrepreneur,divorced,secondary,yes,528,yes,yes,cellular,6,jul,2,117,1,failure,0,older
blue-collar,married,secondary,no,137,no,yes,cellular,10,may,1,-1,1,unknown,0,older
technician,married,secondary,no,5563,no,no,cellular,19,nov,3,188,3,failure,0,young
admin.,married,secondary,no,74,yes,no,unknown,2,jun,2,-1,0,unknown,0,young
self-employed,married,secondary,no,1917,no,no,cellular,18,nov,1,-1,0,unknown,0,older
blue-collar,single,primary,no,254,no,no,unknown,10,may,1,-1,0,unknown,0,young
blue-collar,married,tertiary,no,1163,no,no,cellular,12,jan,4,-1,0,unknown,0,older
management,divorced,tertiary,no,23,no,no,cellular,11,jan,1,-1,0,unknown,0,older
blue-collar,divorced,primary,no,873,yes,no,unknown,18,nov,3,-1,0,unknown,0,older
self-employed,single,secondary,no,53,yes,no,cellular,14,may,2,183,1,failure,0,young
management,divorced,tertiary,no,-521,no,no,unknown,20,may,9,-1,0,unknown,0,young
management,married,tertiary,no,4045,yes,no,cellular,25,mar,2,94,1,success,1,young
blue-collar,married,secondary,no,6975,no,no,cellular,3,oct,1,129,4,success,1,young
technician,divorced,tertiary,no,-794,yes,no,unknown,11,may,15,-1,0,unknown,0,young
management,married,primary,no,2058,yes,no,cellular,21,apr,3,82,4,failure,0,young
blue-collar,married,primary,no,235,yes,yes,cellular,13,aug,2,-1,0,unknown,0,young
technician,single,secondary,no,-79,yes,yes,unknown,21,may,3,-1,0,unknown,0,young
technician,married,secondary,no,1156,no,no,cellular,19,nov,9,-1,0,unknown,0,young
technician,single,secondary,no,2057,yes,no,unknown,20,may,4,-1,0,unknown,0,young
unemployed,divorced,secondary,no,487,no,yes,cellular,17,nov,5,-1,0,unknown,0,older
management,single,tertiary,no,1812,no,no,cellular,20,aug,1,-1,0,unknown,1,young
blue-collar,married,secondary,no,12507,yes,no,cellular,15,may,7,340,1,success,0,young
management,married,tertiary,no,1130,yes,no,cellular,12,may,3,182,1,failure,0,young
technician,single,secondary,no,150,no,yes,cellular,20,nov,2,190,1,failure,0,young
student,married,secondary,no,11734,no,no,cellular,25,dec,1,0,0,unknown,1,older
management,divorced,tertiary,no,-261,yes,no,unknown,20,may,2,-1,0,unknown,0,young
unemployed,divorced,secondary,no,-135,yes,no,unknown,17,jun,1,-1,0,unknown,0,young
management,divorced,tertiary,no,942,no,no,telephone,29,mar,2,111,1,other,0,older
entrepreneur,married,primary,no,-14,yes,yes,cellular,7,jul,3,-1,0,unknown,0,young
unemployed,married,secondary,no,817,no,no,cellular,5,aug,3,-1,0,unknown,0,young
blue-collar,married,secondary,no,956,yes,no,cellular,17,may,5,348,2,other,0,young
admin.,divorced,secondary,yes,394,yes,no,unknown,15,may,3,349,1,failure,0,young
admin.,married,primary,no,410,yes,yes,telephone,21,nov,1,-1,0,unknown,0,older
blue-collar,married,secondary,no,11,no,no,cellular,14,jul,2,-1,0,unknown,0,young
student,divorced,tertiary,no,2648,no,no,cellular,1,sep,1,97,10,unknown,0,young
technician,married,secondary,no,-12,yes,no,cellular,20,nov,7,-1,0,unknown,0,young
housemaid,married,secondary,no,978,no,no,cellular,29,jan,2,-1,0,unknown,0,young
technician,divorced,tertiary,no,-64,yes,no,unknown,20,may,1,-1,0,unknown,0,young
admin.,divorced,secondary,no,-61,yes,no,unknown,15,may,1,-1,0,unknown,0,older
blue-collar,married,primary,no,4408,no,no,unknown,21,jun,3,-1,0,unknown,0,older
technician,married,secondary,no,1007,no,no,cellular,8,jan,1,-1,0,unknown,0,young
management,single,secondary,no,119,no,no,cellular,5,feb,7,-1,0,unknown,1,young
technician,divorced,secondary,no,3052,yes,no,telephone,28,apr,2,82,10,failure,0,older
self-employed,divorced,tertiary,no,179,no,no,cellular,12,jul,4,-1,0,unknown,0,young
technician,married,secondary,no,1586,no,no,unknown,6,may,3,-1,0,unknown,0,young
self-employed,divorced,secondary,no,2596,no,yes,cellular,4,jan,5,151,1,other,0,older
technician,married,secondary,no,5997,no,no,unknown,16,jun,1,-1,0,unknown,0,older
services,married,secondary,no,-331,yes,no,cellular,16,jul,2,-1,10,unknown,0,older
self-employed,married,secondary,no,53,no,no,cellular,22,jul,5,-1,0,unknown,0,older
technician,married,tertiary,no,1690,yes,no,cellular,19,apr,3,331,1,success,1,young
retired,married,secondary,no,1884,no,no,unknown,3,jun,1,95,4,unknown,0,older
admin.,married,secondary,no,3012,no,no,cellular,3,sep,1,97,10,success,1,young
technician,married,secondary,no,-18,yes,no,cellular,24,may,2,333,6,success,1,young
blue-collar,married,secondary,no,2558,yes,no,unknown,19,may,1,-1,0,unknown,0,young
self-employed,single,tertiary,no,412,yes,no,cellular,20,oct,3,-1,6,unknown,0,young
technician,single,secondary,no,781,no,no,cellular,7,apr,3,352,1,failure,1,young
blue-collar,married,secondary,yes,-86,yes,no,unknown,25,may,9,-1,0,unknown,0,older
management,married,tertiary,no,174,no,no,cellular,5,aug,1,-1,0,unknown,0,young
technician,married,unknown,no,82,no,no,cellular,21,jul,8,-1,0,unknown,0,young
self-employed,married,secondary,no,3805,no,no,cellular,4,jul,2,-1,0,unknown,1,older
technician,single,secondary,no,-16,yes,yes,cellular,23,jul,10,-1,0,unknown,0,young
services,married,secondary,no,105,yes,no,unknown,15,may,3,-1,0,unknown,0,young
technician,married,primary,no,1728,no,no,unknown,17,jun,1,-1,0,unknown,0,older
technician,married,secondary,no,4482,yes,no,unknown,18,may,1,-1,0,unknown,0,young
management,married,secondary,no,193,yes,yes,cellular,17,nov,1,-1,0,unknown,0,young
student,single,secondary,no,7315,no,no,cellular,15,jul,3,116,6,success,1,young
management,married,tertiary,no,1162,no,no,cellular,28,mar,2,-1,0,unknown,0,young
services,married,secondary,no,-12,no,no,telephone,11,may,2,-1,0,unknown,0,older
blue-collar,married,secondary,no,24,yes,no,unknown,15,may,2,-1,0,unknown,0,young
blue-collar,single,secondary,no,108,no,no,cellular,20,nov,2,-1,0,unknown,0,young
retired,divorced,primary,no,1386,no,no,telephone,15,jul,7,-1,0,unknown,0,older
student,divorced,unknown,yes,868,no,no,cellular,19,sep,1,153,2,failure,1,older
management,divorced,tertiary,no,-38,yes,no,unknown,19,may,3,-1,0,unknown,0,young
self-employed,divorced,tertiary,no,12455,no,no,cellular,13,aug,2,-1,0,unknown,0,older
services,divorced,secondary,no,3660,yes,no,unknown,20,may,1,-1,0,unknown,0,young
blue-collar,married,secondary,no,-23,yes,no,cellular,17,may,5,-1,0,unknown,0,young
self-employed,single,secondary,no,800,no,yes,cellular,19,oct,1,184,6,failure,1,young
blue-collar,married,secondary,yes,259,no,yes,cellular,5,jul,9,-1,0,unknown,1,older
technician,single,secondary,no,-58,yes,yes,cellular,12,may,5,345,2,failure,0,young
technician,single,tertiary,no,774,yes,no,cellular,15,may,4,351,1,failure,0,young
blue-collar,married,secondary,no,29,no,no,unknown,13,may,3,-1,0,unknown,0,older
unemployed,single,secondary,no,4712,no,no,cellular,20,nov,1,-1,0,unknown,0,young
management,single,tertiary,no,883,no,no,cellular,22,aug,4,-1,0,unknown,0,young
management,divorced,tertiary,no,16,yes,no,unknown,16,may,4,-1,0,unknown,0,young
blue-collar,married,secondary,no,-50,yes,no,cellular,11,apr,4,-1,0,unknown,0,young
technician,married,secondary,no,36,yes,no,cellular,16,may,3,-1,0,unknown,0,older
blue-collar,divorced,secondary,no,162,no,yes,cellular,18,nov,1,-1,0,unknown,1,older
blue-collar,married,secondary,no,471,yes,no,cellular,20,nov,4,-1,0,unknown,0,young
technician,divorced,secondary,no,-125,yes,no,cellular,20,may,4,356,1,failure,0,young
management,married,tertiary,no,609,yes,no,cellular,28,apr,1,-1,0,unknown,0,older
management,married,tertiary,no,544,yes,no,cellular,18,nov,4,-1,0,unknown,0,older
admin.,divorced,secondary,no,61,yes,no,unknown,21,apr,1,-1,0,unknown,0,older
technician,married,secondary,no,2910,yes,no,unknown,5,feb,3,-1,0,unknown,0,older
management,married,tertiary,no,1330,no,no,cellular,1,feb,1,-1,9,unknown,1,young
technician,divorced,secondary,no,1481,yes,no,cellular,13,nov,3,118,0,unknown,0,young
technician,married,tertiary,no,4708,yes,no,cellular,21,nov,2,-1,0,unknown,0,young
management,divorced,tertiary,no,22,yes,no,cellular,14,may,4,360,11,failure,0,young
blue-collar,married,secondary,no,111,yes,no,cellular,20,apr,1,346,4,failure,0,young
management,single,tertiary,no,135,yes,no,cellular,18,apr,5,-1,0,unknown,0,young
entrepreneur,married,unknown,no,1241,yes,no,cellular,20,jul,2,-1,0,unknown,0,older
blue-collar,divorced,secondary,no,16,yes,no,cellular,10,may,2,-1,0,unknown,0,older
services,married,secondary,no,746,yes,no,unknown,7,may,3,0,0,unknown,0,older
technician,single,tertiary,no,10221,yes,no,cellular,24,mar,3,182,1,success,1,young
technician,divorced,secondary,yes,-44,no,no,cellular,20,jul,7,-1,0,unknown,0,older
blue-collar,married,primary,yes,-122,no,yes,unknown,15,jul,9,-1,0,unknown,0,young
management,married,tertiary,no,6241,no,no,cellular,18,oct,1,-1,0,unknown,1,young
entrepreneur,divorced,primary,no,70,yes,no,cellular,14,jul,4,-1,0,unknown,0,older
blue-collar,single,primary,no,62,no,no,unknown,27,jun,4,-1,0,unknown,0,young
blue-collar,married,secondary,no,170,yes,no,cellular,20,nov,2,-1,0,unknown,0,young
retired,married,secondary,no,2032,no,no,cellular,3,feb,1,-1,0,unknown,0,young
technician,married,secondary,no,2268,yes,no,telephone,20,nov,1,179,4,failure,0,older
admin.,married,secondary,no,180,no,no,cellular,13,sep,1,-1,0,unknown,0,young
technician,married,secondary,no,-941,yes,no,cellular,29,may,2,355,1,failure,0,young
blue-collar,married,secondary,yes,-63,yes,no,unknown,6,may,2,-1,0,unknown,0,young
technician,married,secondary,no,-32,yes,no,unknown,12,may,1,-1,0,unknown,0,young
blue-collar,divorced,primary,yes,-102,no,no,cellular,12,jul,1,-1,0,unknown,0,older
blue-collar,married,primary,no,78,yes,no,unknown,12,may,1,-1,0,unknown,0,older
technician,single,secondary,no,-27,yes,no,cellular,20,nov,1,-1,0,unknown,0,older
management,divorced,tertiary,no,1815,no,no,cellular,30,jul,3,-1,0,unknown,0,older
management,single,tertiary,no,139,yes,no,cellular,10,may,3,116,0,failure,0,young
admin.,married,secondary,no,406,yes,no,unknown,4,aug,5,-1,0,unknown,0,young
management,divorced,tertiary,no,2261,no,no,cellular,5,sep,3,92,4,success,1,young
blue-collar,married,secondary,no,203,yes,no,cellular,11,may,1,-1,0,unknown,1,young
blue-collar,married,secondary,no,149,yes,no,unknown,17,jun,3,-1,0,unknown,0,older
blue-collar,married,primary,yes,-937,yes,no,unknown,21,may,1,-1,0,unknown,0,older
admin.,single,secondary,no,33,yes,no,cellular,17,may,1,-1,0,unknown,0,young
blue-collar,married,secondary,no,22,no,no,cellular,18,nov,4,-2,0,unknown,0,older
management,single,tertiary,no,-347,yes,no,unknown,15,may,3,-1,0,unknown,0,young
blue-collar,married,secondary,no,3407,no,no,unknown,3,feb,1,-1,0,unknown,0,young
services,divorced,primary,no,3454,yes,no,unknown,18,may,1,-1,0,unknown,0,young
management,divorced,tertiary,no,-2795,yes,no,unknown,15,may,1,-1,0,unknown,0,older
blue-collar,married,primary,no,-42,yes,no,unknown,8,may,1,-1,0,unknown,0,young
blue-collar,single,secondary,no,929,yes,no,cellular,14,may,2,362,10,failure,0,young
blue-collar,married,secondary,no,713,yes,no,unknown,22,may,4,-1,0,unknown,0,older
admin.,married,secondary,no,829,no,yes,cellular,13,jul,24,-1,0,unknown,0,older
technician,divorced,secondary,no,183,no,no,telephone,28,jan,6,-1,0,unknown,0,older
technician,single,secondary,yes,-118,no,yes,cellular,6,jul,1,-1,0,unknown,0,young
blue-collar,married,secondary,no,150,no,no,unknown,3,may,1,-1,0,unknown,0,young
blue-collar,married,unknown,yes,-1683,no,no,unknown,7,may,2,-1,0,unknown,0,young
technician,divorced,secondary,no,5541,yes,no,telephone,21,apr,1,-1,0,unknown,1,young
technician,divorced,secondary,no,264,no,no,cellular,20,nov,1,-1,0,unknown,0,older
technician,divorced,tertiary,no,253,yes,no,unknown,28,jun,2,-1,0,unknown,0,young
management,divorced,primary,no,935,no,yes,cellular,17,aug,4,-1,0,unknown,0,older
blue-collar,married,secondary,no,119,no,no,cellular,5,feb,2,268,1,failure,0,older
management,married,secondary,no,5370,yes,no,unknown,18,may,10,-1,0,unknown,0,older
management,married,primary,no,630,yes,no,cellular,2,feb,1,-1,0,unknown,0,older
management,divorced,secondary,no,3331,no,no,unknown,29,jun,4,-1,0,unknown,0,older
management,divorced,tertiary,no,2924,no,no,telephone,31,apr,2,-1,0,unknown,0,older
technician,married,secondary,no,232,no,no,cellular,23,aug,5,-1,0,unknown,0,young
management,single,tertiary,no,395,yes,no,cellular,19,feb,2,177,2,failure,0,young
admin.,married,tertiary,no,668,yes,yes,cellular,18,jul,2,150,10,failure,0,young
services,single,primary,no,16,yes,no,cellular,9,jul,3,126,2,failure,0,young
admin.,married,primary,no,243,yes,no,unknown,13,may,10,-1,0,unknown,0,older
blue-collar,divorced,secondary,no,219,yes,no,cellular,20,nov,6,95,4,other,0,older
services,married,secondary,no,698,yes,no,unknown,19,may,2,-1,0,unknown,0,older
blue-collar,married,secondary,no,976,yes,no,unknown,11,may,3,-1,0,unknown,0,young
technician,married,secondary,no,67,no,no,cellular,15,feb,7,-1,0,unknown,0,young
management,divorced,tertiary,no,246,no,yes,cellular,19,jul,4,-1,0,unknown,0,older
blue-collar,married,primary,no,1287,no,no,cellular,14,sep,3,-1,0,unknown,0,older
housemaid,divorced,primary,no,-4,no,no,cellular,13,jan,4,272,1,failure,0,young
blue-collar,married,secondary,yes,4547,yes,no,cellular,18,apr,3,145,1,failure,0,young
housemaid,married,primary,no,2851,no,no,unknown,19,jun,3,-1,0,unknown,0,young
blue-collar,married,secondary,no,177,yes,no,unknown,11,may,2,-1,0,unknown,0,young
admin.,married,secondary,no,1337,no,no,unknown,19,jun,1,-1,0,unknown,0,older
housemaid,married,secondary,yes,-49,no,no,cellular,4,aug,2,-1,0,unknown,0,older
technician,married,primary,no,1470,no,no,cellular,11,jul,4,-1,0,unknown,0,older
blue-collar,married,secondary,no,96,yes,no,cellular,11,aug,4,-1,0,unknown,0,young
blue-collar,married,primary,no,56,yes,no,unknown,17,nov,1,-1,0,unknown,0,older
blue-collar,married,primary,yes,2813,yes,no,cellular,6,jul,5,-1,0,unknown,0,older
technician,married,secondary,no,498,no,no,cellular,12,aug,4,-1,0,unknown,0,young
management,married,secondary,no,137,no,no,cellular,9,jul,4,-1,0,unknown,0,young
technician,married,secondary,yes,-154,yes,no,cellular,23,jul,1,-2,0,unknown,0,young
blue-collar,married,primary,no,529,no,yes,cellular,11,jul,2,-1,0,unknown,0,older
technician,single,secondary,no,137,yes,no,unknown,9,may,3,-1,0,unknown,0,young
management,married,primary,no,-46,yes,no,unknown,22,may,1,-1,0,unknown,0,young
services,single,secondary,no,465,yes,no,cellular,18,nov,2,-1,0,unknown,0,young
blue-collar,married,secondary,no,-447,yes,no,unknown,21,jun,3,-1,0,unknown,0,young
technician,divorced,secondary,no,69,yes,no,telephone,14,apr,5,-1,1,other,0,older
admin.,married,secondary,no,6060,yes,no,cellular,2,nov,1,142,1,other,0,young
self-employed,married,secondary,no,1519,no,no,cellular,19,jul,2,0,0,unknown,0,older
technician,single,secondary,no,1761,no,no,cellular,3,aug,4,-1,0,unknown,1,young
technician,single,secondary,no,-132,yes,no,cellular,10,may,1,345,1,unknown,0,young
technician,married,secondary,yes,228,yes,no,cellular,21,nov,1,186,2,failure,0,older
management,single,tertiary,no,-880,yes,no,cellular,17,may,4,-1,0,unknown,0,young
management,married,tertiary,no,18,yes,no,cellular,26,jul,7,-1,0,unknown,0,young
services,married,secondary,no,212,no,no,unknown,24,jun,3,-1,0,unknown,0,young
housemaid,married,secondary,no,299,no,no,telephone,14,jun,2,-2,0,unknown,0,older
blue-collar,divorced,secondary,no,801,yes,no,cellular,28,may,1,338,3,failure,0,older
management,single,tertiary,no,11688,no,no,cellular,21,mar,1,94,0,success,0,young
housemaid,divorced,tertiary,no,1199,no,no,cellular,21,aug,2,-2,0,unknown,0,older
entrepreneur,married,primary,yes,2136,no,no,telephone,3,jul,3,-1,0,unknown,0,older
management,married,secondary,no,8,yes,yes,cellular,6,may,1,-1,0,unknown,0,young
management,divorced,secondary,no,2650,no,no,cellular,18,oct,1,158,1,failure,0,young
technician,married,secondary,no,212,no,no,cellular,25,aug,10,-1,0,unknown,0,older
technician,married,tertiary,yes,-193,yes,no,cellular,18,nov,3,136,4,failure,0,young
services,divorced,secondary,no,712,yes,no,unknown,7,may,1,-1,0,unknown,0,older
technician,married,primary,no,153,no,no,cellular,6,aug,7,-1,0,unknown,0,older
management,divorced,tertiary,no,1924,no,no,cellular,1,apr,2,317,1,success,0,young
management,married,tertiary,no,590,no,no,cellular,17,nov,3,97,1,success,0,young
management,married,tertiary,yes,-69,yes,no,cellular,6,feb,2,94,1,failure,0,older
housemaid,married,secondary,no,137,no,no,telephone,18,aug,1,-1,0,unknown,0,older
management,married,tertiary,no,5180,no,no,cellular,22,mar,1,96,1,success,1,young
housemaid,single,primary,yes,26,yes,no,cellular,2,may,2,-1,0,unknown,0,young
technician,divorced,secondary,no,753,no,no,unknown,11,jun,7,-2,0,unknown,0,older
services,married,secondary,no,-587,yes,no,cellular,30,oct,7,-1,0,unknown,0,young
blue-collar,married,primary,no,-417,yes,yes,cellular,20,jul,4,-1,0,unknown,0,older
technician,divorced,tertiary,no,661,no,no,cellular,25,oct,2,111,1,success,1,young
technician,married,secondary,yes,-92,no,yes,unknown,3,jul,2,-1,0,unknown,0,young
management,married,primary,no,2115,yes,no,cellular,21,jul,4,-1,0,unknown,0,older
student,single,tertiary,no,3629,no,no,cellular,29,aug,4,183,0,unknown,1,young
management,divorced,secondary,no,940,no,no,cellular,28,mar,4,99,1,other,0,older
management,married,tertiary,no,-203,yes,no,cellular,15,jul,7,-1,0,unknown,0,young
management,single,secondary,no,90,yes,no,cellular,21,jan,5,89,1,failure,0,young
technician,married,secondary,no,-217,yes,no,unknown,15,may,20,-1,0,unknown,0,young
student,single,tertiary,no,-20,no,no,cellular,23,apr,4,-1,0,unknown,0,young
blue-collar,single,secondary,no,921,no,no,cellular,2,aug,4,-1,0,unknown,0,young
blue-collar,single,secondary,no,19,yes,no,cellular,16,may,13,-1,0,unknown,0,young
technician,married,secondary,yes,151,no,no,telephone,15,feb,1,-1,0,unknown,0,older
blue-collar,married,primary,no,3408,no,no,unknown,21,jun,1,-1,0,unknown,0,young
blue-collar,married,primary,no,225,no,no,cellular,27,aug,4,-1,0,unknown,0,young
housemaid,married,tertiary,no,-44,no,no,cellular,30,jul,4,-1,0,unknown,0,older
management,married,tertiary,no,1969,no,no,unknown,20,may,1,-1,0,unknown,0,older
technician,single,tertiary,no,288,yes,no,cellular,13,may,2,-1,0,unknown,0,older
blue-collar,married,secondary,no,91,yes,no,unknown,13,may,4,-1,0,unknown,0,young
services,married,secondary,no,-197,yes,no,unknown,29,jul,3,-1,0,unknown,0,older
admin.,single,secondary,no,4151,yes,no,cellular,8,jan,1,310,2,failure,0,young
retired,married,secondary,no,1261,no,no,cellular,29,jan,1,-1,0,unknown,0,young
retired,married,secondary,no,1007,no,no,cellular,27,jan,4,274,1,failure,0,older
blue-collar,divorced,secondary,no,825,yes,no,cellular,9,may,1,-1,0,unknown,0,young
technician,single,tertiary,no,85,no,no,cellular,26,aug,7,-1,0,unknown,0,young
entrepreneur,married,secondary,no,3900,no,no,unknown,8,jul,1,-1,0,unknown,1,older
management,divorced,tertiary,no,1931,no,no,cellular,14,apr,5,178,1,failure,0,older
management,married,tertiary,yes,1173,no,no,unknown,11,jun,5,-1,0,unknown,0,older
self-employed,single,tertiary,no,2714,yes,no,unknown,23,may,2,-1,0,unknown,0,young
technician,divorced,secondary,no,137,no,no,cellular,3,jun,2,-1,0,unknown,0,older
admin.,divorced,secondary,no,184,yes,no,cellular,14,may,1,352,1,failure,0,young
management,single,tertiary,no,4795,no,no,cellular,16,aug,3,106,6,success,1,young
self-employed,married,primary,no,97,no,no,unknown,3,may,1,-1,0,unknown,0,older
unemployed,married,primary,no,176,yes,no,unknown,10,may,1,-1,0,unknown,0,young
management,divorced,tertiary,no,133,no,no,unknown,25,jun,2,-1,0,unknown,0,young
retired,married,primary,no,1466,no,no,telephone,8,jul,5,-1,0,unknown,0,older
technician,single,secondary,no,1503,no,no,cellular,22,aug,7,-1,0,unknown,0,young
management,divorced,tertiary,no,5612,yes,no,cellular,20,apr,3,-1,0,unknown,1,young
management,married,tertiary,no,99,yes,no,unknown,11,may,1,-1,0,unknown,0,older
unknown,married,unknown,yes,1918,no,no,cellular,11,jul,3,-1,0,unknown,0,older
management,divorced,secondary,no,2532,yes,no,cellular,17,nov,2,-1,0,unknown,0,older
blue-collar,divorced,primary,no,-2664,yes,no,unknown,21,jun,1,-1,0,unknown,0,young
admin.,married,secondary,no,6585,no,no,cellular,19,nov,3,110,4,success,0,older
unemployed,single,secondary,no,262,no,no,cellular,19,jul,3,-1,0,unknown,0,young
blue-collar,married,primary,no,925,no,no,cellular,21,nov,2,124,10,failure,0,older
technician,single,secondary,no,8543,no,no,unknown,17,jun,1,-1,0,unknown,0,young
technician,married,secondary,yes,-94,no,no,cellular,11,aug,15,-1,0,unknown,0,young
technician,divorced,secondary,no,-146,yes,no,unknown,11,may,2,-1,0,unknown,0,young
blue-collar,married,primary,no,279,no,no,unknown,6,jun,14,-1,0,unknown,0,young
retired,married,unknown,no,703,no,no,telephone,7,feb,2,-1,0,unknown,0,older
blue-collar,married,secondary,no,-65,no,no,cellular,8,jul,5,-1,0,unknown,0,older
self-employed,married,tertiary,no,19,yes,no,unknown,14,may,1,-1,0,unknown,0,young
technician,divorced,secondary,no,-598,yes,no,unknown,23,may,4,-1,0,unknown,0,older
technician,divorced,secondary,no,-287,no,yes,cellular,12,jul,10,0,0,unknown,0,young
unemployed,single,secondary,no,3036,no,no,telephone,23,mar,3,-1,0,unknown,0,young
technician,married,unknown,no,-244,yes,no,unknown,21,jun,13,-1,0,unknown,0,young
blue-collar,married,secondary,no,1586,no,no,cellular,20,aug,21,-1,0,unknown,0,young
services,divorced,secondary,no,266,yes,no,cellular,20,apr,14,-1,0,unknown,0,young
self-employed,married,primary,no,123,no,no,cellular,13,jul,4,-1,0,unknown,0,older
management,divorced,tertiary,no,1472,yes,no,cellular,16,apr,3,90,1,success,1,young
technician,married,secondary,no,2945,no,no,cellular,11,may,2,96,1,failure,0,older
blue-collar,married,secondary,no,54,no,no,cellular,23,jul,1,-1,0,unknown,0,young
management,single,secondary,no,-47,no,yes,cellular,25,jul,4,-1,0,unknown,0,young
student,single,unknown,no,2249,yes,no,cellular,16,may,3,-1,0,unknown,0,young
management,single,tertiary,yes,10,no,no,cellular,14,aug,1,-1,0,unknown,0,young
services,married,secondary,no,1513,no,no,unknown,26,may,3,-1,0,unknown,0,young
entrepreneur,married,tertiary,no,-175,yes,no,cellular,21,nov,1,-1,0,unknown,0,young
admin.,married,secondary,no,269,yes,no,unknown,10,may,1,-1,0,unknown,0,older
blue-collar,married,primary,no,45,yes,no,cellular,4,feb,1,-1,0,unknown,0,older
retired,married,primary,no,1011,yes,no,unknown,12,may,1,-1,0,unknown,0,older
technician,married,secondary,no,2574,no,no,cellular,13,aug,1,-1,0,unknown,0,young
blue-collar,married,primary,no,3014,yes,no,cellular,15,nov,4,-1,0,unknown,0,young
technician,single,secondary,no,1902,yes,no,cellular,13,apr,4,113,10,other,0,young
blue-collar,married,primary,no,204,yes,no,unknown,14,may,1,-1,0,unknown,0,young
entrepreneur,married,tertiary,no,349,yes,yes,cellular,15,jul,3,-1,0,unknown,0,young
management,married,tertiary,no,4080,yes,no,cellular,13,may,1,353,3,failure,0,young
management,single,primary,no,1301,yes,no,cellular,23,oct,5,346,1,failure,0,young
blue-collar,single,primary,no,627,yes,no,cellular,12,may,4,355,11,other,0,young
technician,divorced,secondary,no,8097,no,no,cellular,19,aug,5,-1,0,unknown,0,older
technician,single,secondary,no,-306,yes,no,unknown,18,may,1,-1,0,unknown,1,young
services,married,secondary,no,-429,yes,no,unknown,22,may,22,-1,0,unknown,0,young
management,divorced,tertiary,no,4906,yes,no,cellular,14,may,5,271,3,failure,1,young
self-employed,single,secondary,no,54,yes,no,unknown,14,may,1,-1,0,unknown,0,young
services,divorced,secondary,yes,-13,no,yes,cellular,17,jul,3,-1,0,unknown,0,older
services,divorced,secondary,no,4477,yes,yes,telephone,12,oct,3,128,1,other,0,older
technician,single,secondary,no,106,yes,no,cellular,13,may,4,356,11,other,0,young
technician,married,unknown,no,4898,no,no,unknown,8,jul,1,-1,0,unknown,0,older
technician,single,secondary,no,863,no,no,unknown,14,aug,10,-1,0,unknown,0,young
management,married,tertiary,no,169,no,no,cellular,19,jul,7,-1,0,unknown,1,young
management,divorced,tertiary,no,2146,no,no,cellular,17,nov,1,-1,0,unknown,0,older
retired,divorced,secondary,no,21,no,no,cellular,11,feb,1,95,0,failure,0,older
blue-collar,married,secondary,no,-9,yes,no,cellular,14,may,1,-2,0,unknown,0,young
blue-collar,married,primary,no,214,yes,no,unknown,20,may,2,-1,0,unknown,0,young
technician,single,secondary,no,49,yes,no,cellular,15,may,2,363,1,failure,0,young
technician,single,secondary,no,6287,no,no,cellular,18,nov,5,195,1,failure,1,young
technician,married,secondary,yes,-638,yes,yes,cellular,15,may,3,-1,0,unknown,0,young
retired,married,unknown,no,1915,no,no,cellular,21,nov,3,117,6,failure,0,older
retired,single,secondary,no,857,no,no,telephone,13,jul,3,-1,0,unknown,0,older
entrepreneur,married,tertiary,no,-537,yes,no,unknown,18,jun,4,-1,0,unknown,0,young
blue-collar,divorced,primary,no,3192,yes,yes,unknown,15,may,2,-1,0,unknown,0,older
unknown,married,unknown,no,815,no,no,unknown,17,jun,1,-1,0,unknown,0,older
services,married,secondary,no,362,yes,no,cellular,16,jul,3,354,0,failure,0,young
retired,married,tertiary,no,6893,no,no,telephone,14,apr,3,348,1,unknown,0,older
blue-collar,married,primary,no,-297,yes,no,unknown,15,jun,2,-1,0,unknown,0,young
blue-collar,married,secondary,no,784,no,no,cellular,18,aug,2,-1,0,unknown,0,young
blue-collar,single,unknown,no,53,yes,no,unknown,11,may,1,-1,0,unknown,0,young
technician,married,secondary,no,-108,no,no,cellular,29,jun,1,-1,0,unknown,0,young
technician,married,secondary,no,-16,yes,no,cellular,13,apr,3,-1,0,other,0,young
services,married,secondary,no,-303,yes,no,unknown,19,jun,2,-1,0,unknown,0,young
technician,divorced,secondary,no,512,no,no,cellular,22,aug,4,-1,0,unknown,0,young
retired,married,secondary,no,36,no,no,cellular,18,mar,3,-1,0,unknown,0,young
management,married,tertiary,no,5879,yes,no,cellular,23,oct,3,95,4,success,1,young
retired,married,secondary,no,232,no,yes,telephone,9,mar,1,88,1,success,1,older
technician,married,secondary,no,-112,no,no,cellular,26,jul,1,-1,0,unknown,0,older
blue-collar,married,secondary,no,38,yes,no,cellular,14,may,2,344,1,failure,0,young
technician,divorced,secondary,no,1574,no,no,cellular,2,aug,3,-1,0,unknown,0,young
entrepreneur,married,tertiary,yes,-480,no,no,cellular,28,jul,1,-1,0,unknown,0,older
management,divorced,tertiary,no,1883,no,no,cellular,24,mar,3,-1,0,unknown,0,young
management,single,secondary,no,-10,yes,no,cellular,7,jul,2,-1,0,unknown,0,young
blue-collar,single,secondary,no,122,yes,no,cellular,12,may,1,341,1,failure,0,young
blue-collar,married,primary,no,-740,yes,no,unknown,11,may,1,-1,0,unknown,0,young
blue-collar,married,secondary,no,75,yes,yes,cellular,17,jul,2,-1,0,unknown,0,older
technician,married,secondary,no,845,no,no,cellular,2,feb,7,278,10,other,1,young
blue-collar,married,secondary,no,193,yes,no,unknown,11,may,2,-1,0,unknown,0,young
technician,married,primary,no,294,no,no,cellular,27,jan,7,-1,0,unknown,0,older
unknown,married,secondary,no,190,no,no,cellular,21,aug,5,-1,0,unknown,0,older
services,married,primary,no,-313,yes,no,unknown,12,jun,5,-1,0,unknown,0,older
entrepreneur,married,primary,no,2012,yes,no,cellular,16,nov,1,-1,0,unknown,0,young
blue-collar,married,secondary,no,1015,yes,no,unknown,14,may,3,-1,0,unknown,0,older
blue-collar,divorced,secondary,no,-137,yes,no,unknown,16,may,3,-1,0,unknown,0,young
blue-collar,divorced,secondary,no,85,yes,yes,cellular,19,may,3,-1,0,unknown,0,young
blue-collar,single,secondary,no,124,no,no,cellular,4,aug,1,-1,0,unknown,0,young
blue-collar,married,secondary,no,3664,yes,no,cellular,13,may,3,100,10,unknown,0,young
technician,married,primary,no,1609,no,no,unknown,22,jun,2,-1,0,unknown,0,older
technician,single,tertiary,no,335,no,no,cellular,1,jun,2,90,1,other,0,young
technician,single,tertiary,yes,-37,no,no,cellular,6,aug,2,-1,0,unknown,0,young
student,single,secondary,no,247,no,no,cellular,4,feb,7,-1,0,unknown,1,young
technician,married,secondary,no,758,no,no,cellular,18,aug,2,-1,0,unknown,0,older
services,married,secondary,no,3594,yes,no,cellular,13,apr,2,-1,0,unknown,0,older
technician,divorced,secondary,no,5126,yes,no,cellular,15,feb,1,190,4,failure,0,young
student,single,secondary,no,167,no,no,cellular,24,apr,3,183,1,failure,1,young
admin.,divorced,secondary,no,8977,no,no,unknown,6,jun,1,-1,0,unknown,0,young
retired,married,primary,no,561,no,no,cellular,19,jun,1,-1,0,unknown,0,older
technician,divorced,secondary,no,3640,yes,no,cellular,29,jan,1,80,10,other,0,young
blue-collar,married,secondary,yes,-213,no,no,cellular,4,jul,2,-1,0,unknown,0,young
admin.,single,secondary,no,3312,yes,no,cellular,15,nov,2,162,1,other,0,young
technician,single,secondary,no,408,yes,no,cellular,11,may,3,-1,0,unknown,0,young
blue-collar,single,secondary,no,-116,no,no,unknown,8,jun,3,-1,0,unknown,0,young
services,married,secondary,no,31,no,no,unknown,1,jun,3,-1,0,unknown,0,older
blue-collar,married,unknown,no,6169,yes,no,cellular,21,nov,5,-1,0,unknown,0,older
management,married,tertiary,no,1011,no,no,cellular,5,feb,2,133,1,failure,0,young
management,single,tertiary,no,5314,no,no,cellular,23,jan,4,73,2,success,0,young
blue-collar,single,primary,no,678,yes,no,cellular,11,may,5,354,4,failure,0,young
blue-collar,divorced,secondary,no,-363,yes,no,cellular,25,jul,10,-1,0,unknown,0,young
retired,married,primary,no,1255,no,no,unknown,20,jun,1,-1,0,unknown,0,older
self-employed,divorced,tertiary,no,-38,yes,no,cellular,20,apr,1,-1,0,unknown,0,young
blue-collar,married,secondary,yes,14,yes,no,unknown,5,may,1,-1,0,unknown,0,young
blue-collar,single,secondary,no,-58,yes,yes,unknown,19,may,1,-1,0,unknown,0,young
blue-collar,married,secondary,no,1055,no,no,cellular,27,aug,2,-1,0,unknown,0,young
technician,married,secondary,no,1430,no,no,cellular,7,aug,4,-1,0,unknown,0,older
blue-collar,divorced,primary,no,196,no,no,cellular,3,aug,1,-1,0,unknown,0,older
management,married,secondary,no,33,yes,no,unknown,8,may,14,-1,0,unknown,0,young
retired,married,primary,no,2403,no,no,telephone,3,oct,1,-1,0,unknown,0,older
services,married,secondary,no,1486,yes,no,cellular,12,apr,2,342,0,unknown,1,young
unemployed,married,unknown,no,3392,no,no,telephone,2,oct,2,-1,0,unknown,0,older
blue-collar,married,secondary,yes,-150,no,no,cellular,18,jul,7,-1,0,unknown,0,young
unknown,single,unknown,no,3167,no,no,telephone,19,may,5,-1,0,unknown,0,young
blue-collar,married,primary,no,702,yes,no,cellular,2,may,2,344,1,other,0,older
blue-collar,married,primary,no,71,yes,no,unknown,5,may,4,-1,0,unknown,0,older
retired,married,secondary,no,3784,no,no,cellular,13,sep,2,128,1,other,1,older
admin.,married,primary,no,873,no,no,cellular,4,may,5,-1,0,unknown,0,young
admin.,divorced,secondary,no,116,yes,yes,cellular,17,nov,2,-1,0,unknown,0,young
technician,single,secondary,no,1412,yes,no,cellular,18,may,5,358,1,failure,0,young
retired,divorced,primary,no,252,no,no,cellular,10,oct,1,-1,0,unknown,0,older
blue-collar,married,tertiary,no,217,no,no,telephone,20,jul,1,-1,0,unknown,1,young
admin.,single,secondary,no,-384,no,yes,unknown,6,jun,1,-1,0,unknown,0,young
blue-collar,divorced,primary,no,1526,yes,no,unknown,14,may,2,-1,0,unknown,0,older
management,divorced,secondary,yes,92,yes,no,cellular,20,nov,2,-1,0,unknown,0,older
blue-collar,married,secondary,no,906,yes,yes,cellular,11,may,1,353,4,failure,0,older
technician,married,secondary,no,196,yes,yes,unknown,27,may,2,-1,0,unknown,0,young
technician,single,secondary,no,65,no,no,cellular,27,jul,14,-1,0,unknown,0,older
blue-collar,single,secondary,no,1553,no,no,cellular,22,jul,1,-1,0,unknown,0,young
blue-collar,married,primary,no,562,no,no,unknown,11,jun,5,-1,0,unknown,0,older
student,single,secondary,no,263,no,no,cellular,11,jun,1,-1,0,unknown,0,young
retired,married,unknown,no,33,no,no,cellular,26,aug,1,94,6,failure,0,older
blue-collar,single,secondary,no,398,no,no,cellular,14,aug,4,-1,0,unknown,0,young
retired,divorced,tertiary,no,2544,yes,no,cellular,30,may,1,117,1,failure,0,older
technician,married,secondary,no,1383,no,no,cellular,20,aug,2,-1,0,unknown,0,older
technician,married,secondary,no,456,yes,no,unknown,26,jul,4,-1,0,unknown,0,young
retired,married,secondary,no,2330,no,no,telephone,4,feb,2,-1,0,unknown,0,older
blue-collar,married,primary,no,396,yes,no,unknown,16,may,2,-1,0,unknown,0,older
management,single,tertiary,no,2889,yes,no,cellular,3,may,1,-1,0,unknown,0,young
management,single,tertiary,no,3478,yes,no,unknown,15,may,4,-1,0,unknown,0,young
management,married,tertiary,no,3738,no,no,unknown,20,jun,1,-1,0,unknown,0,older
technician,married,tertiary,no,-668,yes,no,unknown,16,may,3,-1,0,unknown,0,young
blue-collar,single,secondary,yes,250,yes,no,cellular,24,aug,2,-1,0,unknown,0,young
management,single,tertiary,no,453,yes,no,cellular,13,may,2,349,10,failure,0,young
blue-collar,married,secondary,no,2593,yes,no,unknown,11,may,2,-1,0,unknown,0,young
technician,divorced,secondary,no,1195,no,no,cellular,14,aug,4,183,3,failure,0,older
blue-collar,married,primary,no,-717,no,no,unknown,9,may,2,-1,0,unknown,0,older
management,divorced,tertiary,no,21,yes,no,cellular,13,may,3,340,2,failure,0,young
blue-collar,married,secondary,no,807,yes,no,unknown,13,may,1,-1,0,unknown,0,older
technician,married,secondary,no,1622,yes,no,telephone,29,nov,9,-1,0,unknown,0,older
entrepreneur,married,primary,no,187,no,yes,unknown,11,aug,1,-1,0,unknown,0,older
management,married,secondary,no,261,no,no,cellular,5,feb,2,-1,0,unknown,0,young
technician,married,tertiary,no,7346,yes,yes,unknown,19,nov,2,-1,0,unknown,0,young
blue-collar,married,secondary,no,-71,no,no,cellular,16,jul,3,-1,0,unknown,0,older
management,married,secondary,no,1599,no,no,cellular,24,jul,6,-1,0,unknown,0,older
blue-collar,married,secondary,no,1091,no,no,telephone,1,aug,1,-1,0,unknown,1,older
services,single,secondary,no,-149,yes,no,cellular,15,apr,2,-1,0,unknown,0,young
technician,married,primary,no,20,yes,no,unknown,16,may,3,-1,0,unknown,0,young
retired,married,primary,no,1133,no,no,telephone,8,sep,1,428,6,other,1,older
management,married,tertiary,no,432,yes,no,cellular,22,apr,1,-1,0,unknown,0,young
blue-collar,single,secondary,no,94,yes,no,cellular,8,apr,3,-1,0,unknown,1,young
technician,single,tertiary,no,5381,no,no,cellular,19,apr,1,140,1,failure,0,young
retired,married,secondary,yes,1686,no,yes,cellular,2,jul,2,-1,0,unknown,0,older
blue-collar,single,unknown,no,-461,yes,no,unknown,19,may,3,-1,0,unknown,0,young
technician,single,secondary,no,737,no,no,cellular,4,aug,9,-1,0,unknown,0,young
unknown,married,secondary,no,1243,no,no,cellular,20,aug,8,-1,0,unknown,1,older
technician,divorced,tertiary,no,-463,no,no,unknown,21,jun,4,107,4,failure,0,young
blue-collar,single,secondary,yes,44,no,no,cellular,19,jul,10,-1,0,unknown,0,young
student,married,secondary,no,685,no,yes,cellular,24,jul,3,-1,0,unknown,0,older
blue-collar,married,secondary,yes,517,no,no,telephone,27,aug,1,-1,0,unknown,0,older
blue-collar,married,primary,yes,2567,no,no,telephone,11,jul,2,-1,0,unknown,0,older
retired,married,primary,no,-2,no,no,unknown,6,jun,7,-1,0,unknown,0,older
technician,married,secondary,no,2939,no,no,cellular,2,jun,2,-1,0,unknown,0,young
unemployed,divorced,secondary,no,143,no,no,cellular,16,nov,1,97,0,unknown,0,older
technician,single,secondary,no,5194,yes,no,cellular,10,aug,3,184,9,failure,0,young
technician,married,primary,no,203,no,no,cellular,7,aug,3,-1,0,unknown,0,older
admin.,married,secondary,no,130,no,no,cellular,14,aug,1,-1,0,unknown,0,older
self-employed,married,tertiary,no,1946,yes,no,cellular,13,apr,1,-1,0,unknown,0,older
technician,married,tertiary,no,3388,no,no,cellular,21,jul,1,-1,0,unknown,0,young
self-employed,married,tertiary,no,3592,no,no,cellular,18,aug,5,-1,0,unknown,0,older
student,single,secondary,no,921,yes,no,cellular,18,apr,3,-1,0,unknown,0,young
blue-collar,married,primary,no,289,no,yes,cellular,9,jul,1,-1,0,unknown,0,young
blue-collar,married,primary,no,1160,yes,no,unknown,18,jun,5,-1,0,unknown,0,older
blue-collar,married,primary,no,172,no,no,cellular,12,may,1,-1,0,unknown,0,older
services,divorced,secondary,no,574,yes,no,cellular,17,may,1,-1,0,failure,0,older
technician,single,secondary,no,-284,yes,no,unknown,15,may,2,-1,0,unknown,0,young
technician,single,tertiary,no,266,yes,no,unknown,9,may,1,-1,0,unknown,0,young
blue-collar,married,secondary,no,-134,no,no,unknown,21,may,1,-1,0,unknown,0,older
blue-collar,divorced,primary,no,279,no,no,telephone,3,jul,1,-1,0,unknown,0,older
unemployed,married,secondary,no,655,no,no,unknown,14,may,2,-1,0,unknown,0,young
blue-collar,married,primary,no,869,yes,yes,unknown,20,may,2,-1,0,unknown,0,young
blue-collar,married,secondary,no,644,yes,no,cellular,30,jul,7,-1,0,unknown,0,older
admin.,married,primary,no,188,no,no,telephone,4,jul,1,-1,0,unknown,0,older
management,married,tertiary,no,1917,no,no,cellular,13,jul,2,-1,0,unknown,0,older
blue-collar,married,secondary,no,1994,no,no,cellular,3,aug,2,-1,0,unknown,0,older
retired,divorced,secondary,no,2938,no,no,unknown,5,jun,5,-1,0,unknown,0,older
management,married,tertiary,no,912,no,no,cellular,28,jul,7,-1,0,unknown,0,young
technician,single,secondary,no,1611,no,no,unknown,22,jun,10,-1,0,unknown,0,young
blue-collar,married,secondary,yes,150,yes,no,cellular,31,jul,2,265,0,unknown,0,young
technician,married,primary,no,-28,no,no,unknown,2,jun,1,-1,0,unknown,0,young
technician,married,unknown,no,5525,no,no,cellular,17,jul,3,-1,0,unknown,1,older
technician,married,secondary,no,5,no,yes,cellular,20,jul,3,-1,0,unknown,0,young
blue-collar,married,primary,no,237,yes,no,cellular,2,feb,3,-1,0,unknown,0,older
self-employed,divorced,secondary,no,23476,yes,no,cellular,20,nov,4,111,4,other,0,older
management,divorced,tertiary,no,1511,no,no,cellular,15,apr,4,93,4,other,0,young
management,single,tertiary,yes,-344,yes,no,cellular,21,jul,1,-1,0,unknown,0,young
management,married,tertiary,no,356,yes,yes,cellular,11,may,1,-1,0,unknown,0,older
management,divorced,tertiary,no,2887,no,no,cellular,16,dec,4,100,1,success,0,young
entrepreneur,divorced,secondary,no,2606,yes,no,cellular,16,apr,3,87,1,success,0,young
entrepreneur,married,secondary,no,-2,yes,no,unknown,19,nov,3,-1,0,unknown,0,young
blue-collar,divorced,primary,no,134,yes,no,cellular,3,may,1,-1,0,unknown,0,older
technician,divorced,secondary,no,1069,yes,no,cellular,24,may,2,181,6,failure,0,young
entrepreneur,married,tertiary,no,851,no,no,cellular,27,jul,3,-1,0,unknown,0,older
blue-collar,married,secondary,no,104,yes,no,unknown,11,may,3,-1,0,unknown,0,young
blue-collar,married,primary,no,854,yes,no,cellular,13,apr,1,340,4,failure,0,young
self-employed,divorced,primary,no,640,yes,no,cellular,17,jul,4,353,2,other,0,young
technician,single,tertiary,no,34,no,no,cellular,12,aug,4,-1,0,unknown,0,young
blue-collar,married,secondary,no,277,no,no,cellular,19,dec,2,-1,0,unknown,0,older
self-employed,married,secondary,no,-9,yes,yes,cellular,15,jul,4,-1,0,unknown,0,older
blue-collar,divorced,secondary,no,-71,yes,no,cellular,7,may,1,-1,0,unknown,0,older
self-employed,divorced,unknown,no,2039,yes,no,cellular,30,may,5,-1,0,unknown,0,older
self-employed,married,unknown,no,2519,no,no,cellular,14,jun,7,-1,0,unknown,0,older
blue-collar,single,secondary,no,-513,yes,no,unknown,25,may,3,-1,0,unknown,0,young
blue-collar,married,secondary,no,94,yes,no,cellular,13,may,2,355,1,failure,0,young
blue-collar,married,secondary,no,5203,yes,no,cellular,20,apr,2,-1,0,unknown,0,older
unemployed,single,primary,no,994,no,no,cellular,1,feb,1,-1,0,unknown,1,young
blue-collar,single,secondary,no,77,yes,no,unknown,7,may,3,-1,0,unknown,0,young
housemaid,married,primary,no,88,no,no,cellular,2,aug,4,-1,0,unknown,0,older
retired,married,tertiary,no,2240,no,no,telephone,14,dec,7,-1,0,unknown,1,older
blue-collar,single,secondary,yes,31,no,yes,cellular,28,jul,7,-1,0,unknown,0,young
management,married,tertiary,no,612,no,yes,cellular,6,may,5,181,3,failure,0,older
unknown,single,secondary,no,2772,no,no,telephone,21,nov,2,-1,0,unknown,0,older
technician,single,secondary,no,180,no,no,cellular,9,jan,3,-1,0,unknown,0,young
entrepreneur,married,tertiary,yes,757,yes,no,cellular,16,nov,4,-1,0,unknown,0,older
blue-collar,divorced,primary,yes,2054,yes,no,cellular,31,may,3,340,3,failure,0,young
blue-collar,divorced,secondary,no,3250,yes,no,cellular,15,aug,4,-1,0,unknown,0,young
blue-collar,married,primary,no,-208,yes,no,unknown,5,may,2,-1,0,unknown,0,young
blue-collar,divorced,primary,no,-19,yes,no,cellular,7,may,1,-1,0,unknown,0,older
self-employed,married,primary,no,1410,yes,no,cellular,17,may,1,-1,0,unknown,0,older
blue-collar,married,secondary,yes,-65,yes,no,unknown,12,may,1,-1,0,unknown,0,older
blue-collar,married,primary,no,80,yes,no,unknown,7,may,1,-1,0,unknown,0,older
technician,divorced,tertiary,no,1406,no,no,cellular,21,nov,9,-1,0,unknown,0,young
blue-collar,single,secondary,no,1079,no,no,cellular,3,jul,2,-1,0,unknown,0,young
blue-collar,married,secondary,no,-237,yes,no,cellular,14,apr,5,270,4,failure,0,young
entrepreneur,married,tertiary,no,2113,no,no,telephone,4,feb,4,121,1,failure,0,older
management,married,tertiary,no,949,no,yes,cellular,10,aug,7,-1,0,unknown,0,young
retired,married,secondary,no,1770,no,no,telephone,20,dec,2,185,1,other,1,older
blue-collar,married,primary,no,158,yes,no,cellular,1,feb,2,-1,0,unknown,0,young
technician,married,secondary,no,4585,no,no,cellular,10,aug,1,-1,0,unknown,0,older
management,divorced,primary,no,253,yes,no,cellular,8,jul,9,98,11,other,0,older
technician,married,secondary,no,97,no,yes,cellular,12,jul,4,-1,0,unknown,0,young
housemaid,single,primary,no,229,yes,no,cellular,20,aug,2,-1,0,unknown,0,young
blue-collar,married,primary,no,4758,yes,no,unknown,12,may,1,-1,0,unknown,0,older
management,married,tertiary,no,-53,yes,no,cellular,6,may,7,-2,0,failure,0,young
blue-collar,married,secondary,no,1263,yes,no,unknown,9,jun,3,-1,0,unknown,0,older
technician,married,unknown,no,976,no,no,telephone,29,sep,2,-1,0,unknown,0,older
technician,divorced,secondary,no,4235,no,no,cellular,5,jul,5,-1,0,unknown,0,young
technician,married,secondary,no,1105,no,no,cellular,13,feb,1,-1,0,unknown,0,young
blue-collar,divorced,secondary,no,345,no,no,cellular,4,may,1,387,1,failure,0,young
housemaid,married,secondary,no,1148,no,no,cellular,20,aug,7,-1,0,unknown,0,young
self-employed,married,secondary,no,41,yes,no,unknown,15,may,1,-1,0,unknown,0,older
retired,married,secondary,no,208,no,no,cellular,28,jul,1,-1,0,unknown,0,older
retired,married,secondary,no,2931,no,no,telephone,19,jul,1,-2,0,unknown,0,older
blue-collar,married,primary,no,-761,yes,no,unknown,13,may,1,-1,0,unknown,0,young
technician,divorced,secondary,no,1134,no,no,cellular,5,aug,2,-1,0,unknown,0,older
entrepreneur,married,secondary,no,95,no,yes,unknown,14,jul,20,-1,0,unknown,0,young
technician,married,secondary,no,5278,yes,no,cellular,13,may,4,-1,0,unknown,0,older
technician,divorced,secondary,no,2232,no,no,cellular,17,nov,1,-1,0,unknown,0,young
management,divorced,tertiary,no,-44,yes,no,unknown,0,jun,3,96,1,other,0,young
self-employed,married,secondary,no,1126,yes,no,cellular,18,jul,4,-1,0,unknown,0,young
blue-collar,married,secondary,no,2018,no,yes,telephone,4,mar,1,102,0,failure,0,older
entrepreneur,married,secondary,yes,-2025,yes,yes,cellular,6,jun,2,-1,0,unknown,0,older
retired,married,primary,no,6400,no,no,telephone,1,jul,1,-2,0,unknown,0,older
admin.,married,secondary,no,-210,no,no,cellular,22,jun,1,-1,0,unknown,1,older
blue-collar,divorced,secondary,no,1580,yes,yes,cellular,30,nov,5,143,9,failure,0,older
technician,divorced,secondary,no,360,yes,no,cellular,28,jan,1,-1,0,unknown,0,older
self-employed,single,tertiary,no,-136,yes,no,unknown,13,may,1,-1,0,failure,0,young
technician,married,secondary,no,644,no,no,cellular,15,may,14,-1,0,unknown,1,young
services,married,secondary,no,704,no,no,unknown,25,jun,1,-1,0,unknown,0,older
housemaid,divorced,primary,no,130,no,no,unknown,4,jun,1,-1,0,unknown,0,older
self-employed,married,unknown,no,4097,yes,no,unknown,4,jun,1,-1,0,unknown,0,older
technician,divorced,secondary,no,1228,no,no,cellular,5,apr,1,144,4,other,0,older
blue-collar,single,primary,no,-81,yes,no,cellular,29,jan,4,266,1,failure,0,young
management,single,tertiary,no,10006,no,no,cellular,20,sep,3,-1,0,unknown,0,young
blue-collar,single,primary,no,-400,yes,no,unknown,22,may,1,-1,0,unknown,0,young
technician,married,tertiary,no,399,no,no,cellular,10,aug,4,105,10,success,0,young
technician,divorced,secondary,no,872,no,yes,cellular,24,aug,1,-2,0,unknown,0,older
entrepreneur,divorced,tertiary,yes,-162,no,yes,cellular,19,jul,7,-1,0,unknown,0,young
student,single,secondary,no,10028,no,no,cellular,22,aug,9,-1,0,unknown,0,young
technician,divorced,secondary,no,1795,no,no,cellular,22,nov,3,-1,0,unknown,0,older
blue-collar,married,secondary,no,813,no,yes,cellular,6,aug,6,-1,0,unknown,1,older
admin.,married,tertiary,no,1978,no,no,telephone,3,jun,1,-1,9,success,1,young
retired,divorced,primary,no,341,no,no,telephone,18,jul,2,85,10,failure,0,older
technician,divorced,secondary,no,-191,yes,no,unknown,29,may,13,-1,0,unknown,0,older
admin.,married,primary,no,-193,no,yes,cellular,5,aug,3,-1,0,unknown,0,older
technician,divorced,secondary,no,1221,yes,no,unknown,9,may,3,-1,0,unknown,0,young
management,divorced,tertiary,no,1548,yes,no,unknown,22,may,1,-1,0,unknown,0,older
management,single,tertiary,no,62,yes,yes,cellular,20,apr,3,343,6,other,0,young
self-employed,divorced,unknown,no,-299,yes,no,cellular,27,may,1,352,9,failure,0,young
self-employed,married,secondary,no,5474,yes,no,cellular,17,nov,1,-1,0,unknown,0,young
blue-collar,single,primary,no,123,yes,no,unknown,20,may,2,340,1,other,0,young
housemaid,single,unknown,no,6958,yes,no,unknown,9,may,5,-1,0,unknown,0,young
technician,divorced,secondary,no,573,yes,no,cellular,21,nov,2,-1,0,unknown,0,older
blue-collar,married,secondary,no,2442,yes,no,unknown,9,may,2,-1,0,unknown,1,older
blue-collar,single,secondary,no,35,yes,no,cellular,23,nov,1,101,2,failure,0,young
blue-collar,married,primary,no,3176,yes,no,unknown,5,may,2,-1,0,unknown,0,older
blue-collar,married,primary,no,2417,yes,no,unknown,6,may,2,-1,0,unknown,0,older
management,married,secondary,no,-131,yes,no,cellular,21,nov,4,-1,0,unknown,0,young
self-employed,married,unknown,no,9924,no,no,telephone,11,jun,5,-1,0,unknown,0,older
entrepreneur,single,primary,no,200,no,no,cellular,9,jul,1,-1,0,unknown,1,young
technician,single,tertiary,no,-1004,yes,no,cellular,21,may,7,-1,0,unknown,0,young
blue-collar,married,secondary,no,96,yes,yes,unknown,7,may,2,-1,0,unknown,0,older
services,married,secondary,no,-247,yes,yes,unknown,20,may,1,-1,0,unknown,0,young
technician,single,tertiary,yes,1040,no,no,cellular,20,nov,1,-1,0,unknown,0,young
management,single,tertiary,no,1933,no,no,cellular,20,apr,2,-1,0,unknown,1,young
unemployed,married,primary,no,238,no,no,cellular,14,jan,2,-1,0,unknown,0,older
management,divorced,tertiary,no,3130,yes,no,cellular,3,apr,3,345,2,other,0,young
technician,divorced,secondary,no,2765,yes,no,unknown,20,may,1,-1,0,unknown,0,older
blue-collar,married,secondary,no,-292,yes,no,cellular,30,may,1,-1,0,failure,0,young
management,single,tertiary,no,2214,no,no,cellular,21,mar,1,185,1,failure,1,young
technician,single,secondary,no,2351,yes,no,unknown,11,jun,2,-1,0,unknown,0,older
technician,married,tertiary,no,-223,yes,no,cellular,21,jun,4,182,4,other,0,young
management,single,tertiary,no,1584,yes,no,cellular,17,apr,3,-1,0,unknown,0,young
blue-collar,married,primary,yes,212,no,no,telephone,19,jul,3,-1,0,unknown,0,older
management,married,tertiary,no,-1630,yes,no,cellular,14,jul,1,-1,0,unknown,1,young
technician,married,secondary,no,237,no,yes,cellular,2,aug,2,-1,0,unknown,0,older
admin.,divorced,secondary,no,896,no,no,cellular,16,aug,3,-1,0,unknown,1,older
entrepreneur,married,secondary,no,68,yes,no,unknown,18,nov,1,-1,0,unknown,0,older
blue-collar,divorced,primary,yes,-69,no,no,cellular,3,feb,7,-1,0,unknown,0,older
technician,single,secondary,no,4555,no,no,cellular,1,aug,2,173,6,success,0,young
technician,divorced,secondary,yes,-429,no,yes,cellular,17,jul,1,-1,0,unknown,0,young
blue-collar,married,primary,yes,786,no,no,cellular,6,aug,1,-1,0,unknown,0,older
blue-collar,married,secondary,no,309,yes,no,cellular,8,jul,2,-1,0,unknown,0,older
admin.,married,secondary,no,3150,yes,no,unknown,4,jun,3,-1,0,unknown,0,older
student,single,secondary,no,4576,no,no,cellular,12,nov,2,-1,0,unknown,1,young
student,single,secondary,no,316,no,no,cellular,12,mar,1,194,1,other,1,young
blue-collar,married,secondary,no,979,no,no,telephone,20,feb,6,-1,0,unknown,0,older
blue-collar,married,secondary,no,2164,no,no,cellular,2,feb,2,-1,0,unknown,1,older
admin.,single,secondary,no,970,yes,no,unknown,2,jun,2,-1,0,unknown,0,young
unknown,divorced,secondary,no,607,no,no,cellular,18,jun,3,-1,0,unknown,0,older
technician,single,secondary,no,148,yes,no,unknown,15,may,15,-1,0,unknown,0,young
entrepreneur,divorced,secondary,yes,-169,no,yes,cellular,19,jul,1,-1,0,unknown,0,older
technician,divorced,tertiary,no,1012,no,no,cellular,2,feb,4,-1,0,unknown,0,young
blue-collar,divorced,primary,no,-703,yes,no,unknown,18,may,1,-1,0,unknown,0,older
blue-collar,divorced,secondary,no,1601,no,no,cellular,12,may,3,-1,0,unknown,0,older
management,divorced,tertiary,no,1005,yes,no,cellular,29,aug,7,-1,0,unknown,0,older
management,single,unknown,no,-108,yes,no,unknown,20,nov,3,-1,0,unknown,0,young
blue-collar,married,secondary,no,1993,yes,no,telephone,15,may,3,-1,0,unknown,0,young
unemployed,single,secondary,no,58,yes,no,unknown,7,may,1,-1,0,unknown,0,young
admin.,divorced,secondary,no,1757,yes,no,cellular,17,jul,6,-1,0,unknown,0,young
entrepreneur,divorced,tertiary,no,1449,no,yes,cellular,19,aug,1,-1,0,unknown,0,older
services,married,secondary,no,453,no,no,unknown,20,jun,2,-1,0,unknown,0,young
technician,divorced,tertiary,no,4774,no,no,cellular,15,oct,1,88,4,other,0,young
technician,single,secondary,no,94,no,no,telephone,19,jul,2,-1,0,unknown,0,young
services,married,secondary,no,127,no,no,cellular,17,may,1,-1,0,unknown,0,young
blue-collar,single,tertiary,no,-221,yes,no,cellular,21,may,1,350,2,failure,0,young
student,single,secondary,no,5,no,no,cellular,13,oct,4,127,1,failure,0,young
management,divorced,tertiary,no,-141,yes,yes,cellular,28,jan,4,-1,0,unknown,0,young
technician,married,secondary,yes,-171,yes,no,cellular,26,aug,2,-1,0,unknown,0,young
unknown,divorced,unknown,no,189,no,no,cellular,28,jan,5,-1,0,unknown,0,young
blue-collar,single,secondary,no,761,yes,no,unknown,10,may,1,-1,0,unknown,0,young
technician,divorced,secondary,no,-9,yes,no,unknown,22,may,3,-1,0,unknown,0,young
blue-collar,divorced,primary,yes,-134,yes,no,unknown,12,may,1,-1,0,unknown,0,young
technician,single,secondary,no,285,no,no,cellular,12,oct,1,270,1,failure,1,young
student,single,secondary,no,135,no,no,cellular,6,jun,1,-1,0,unknown,1,young
technician,single,secondary,no,-26,yes,no,cellular,11,may,1,327,6,success,0,young
technician,married,secondary,no,5679,no,no,cellular,14,oct,2,151,1,other,0,young
blue-collar,divorced,secondary,no,5093,yes,no,cellular,16,apr,2,-2,0,unknown,0,young
self-employed,married,secondary,no,62,yes,no,cellular,13,may,5,353,1,failure,0,young
unemployed,divorced,secondary,no,1552,no,no,cellular,18,jul,7,-1,0,unknown,0,older
retired,divorced,primary,no,1102,no,no,unknown,10,jun,1,-1,0,unknown,0,older
blue-collar,single,secondary,yes,131,no,yes,cellular,20,jul,1,-1,0,unknown,0,young
technician,single,secondary,no,-25,no,no,cellular,17,nov,1,-1,0,unknown,0,young
unemployed,married,secondary,yes,152,no,no,cellular,3,feb,1,-1,0,unknown,0,older
services,divorced,secondary,no,576,no,no,telephone,9,jul,3,-1,0,unknown,0,older
blue-collar,divorced,secondary,yes,4338,no,no,unknown,17,jun,9,-1,0,unknown,0,older
unemployed,divorced,primary,no,3145,no,no,telephone,15,jul,8,-1,0,unknown,1,older
blue-collar,married,secondary,no,152,no,no,cellular,11,aug,1,-1,0,unknown,0,young
technician,married,tertiary,no,1608,yes,no,cellular,13,apr,2,343,2,failure,0,older
services,single,secondary,yes,244,yes,yes,cellular,28,jul,1,182,1,failure,0,young
retired,married,tertiary,no,2598,no,no,cellular,12,oct,2,102,1,success,0,older
technician,married,tertiary,no,2884,no,no,cellular,20,apr,4,180,3,unknown,0,young
management,divorced,tertiary,no,18,no,no,cellular,19,aug,4,-1,0,unknown,0,young
technician,married,secondary,yes,-60,no,no,unknown,30,jun,3,-2,0,unknown,0,older
entrepreneur,married,tertiary,no,26,yes,no,cellular,13,nov,6,133,1,failure,0,young
blue-collar,divorced,primary,no,79,no,no,unknown,3,jun,1,-1,0,unknown,1,older
management,divorced,tertiary,no,792,yes,no,cellular,5,feb,2,-1,0,other,0,young
retired,divorced,secondary,no,2585,no,no,unknown,16,jun,1,-1,0,unknown,0,older
management,divorced,tertiary,no,-77,yes,no,cellular,30,jan,2,400,3,failure,0,young
retired,married,secondary,no,5369,no,no,cellular,16,mar,1,113,1,failure,0,young
unemployed,married,secondary,no,50,no,no,cellular,2,jul,7,146,1,failure,0,young
technician,married,secondary,no,679,no,no,telephone,8,jul,1,-1,0,unknown,0,older
technician,married,secondary,no,-33,yes,yes,cellular,10,aug,1,-1,0,unknown,0,young
blue-collar,married,secondary,no,-12,no,yes,unknown,3,may,5,-1,0,unknown,0,older
management,divorced,tertiary,no,1036,no,no,cellular,31,aug,4,90,4,other,0,older
admin.,divorced,secondary,no,214,yes,no,telephone,17,aug,5,-1,0,unknown,0,young
technician,single,secondary,no,776,no,no,cellular,19,apr,3,-1,0,unknown,1,young
blue-collar,married,primary,yes,-57,yes,yes,cellular,26,may,5,-1,0,unknown,0,older
management,divorced,tertiary,no,496,no,no,cellular,17,nov,10,-1,0,unknown,0,young
technician,divorced,tertiary,no,4629,no,no,cellular,22,apr,2,118,1,failure,0,young
services,single,secondary,no,-351,yes,no,unknown,24,may,1,-1,0,unknown,0,young
management,married,secondary,no,241,no,no,cellular,14,aug,4,-1,0,unknown,0,older
services,married,secondary,no,2445,yes,yes,unknown,14,may,1,-1,0,unknown,0,young
technician,single,secondary,no,-969,no,yes,cellular,22,jul,1,-1,0,unknown,0,young
services,married,secondary,no,1462,yes,no,unknown,12,jun,1,-1,0,unknown,0,older
technician,married,primary,no,990,no,no,telephone,14,oct,5,178,10,success,0,young
retired,married,secondary,no,750,no,no,telephone,7,jul,6,-1,0,unknown,0,older
technician,married,secondary,no,191,no,no,cellular,28,jul,2,-1,0,unknown,0,young
blue-collar,married,secondary,yes,-616,no,yes,cellular,7,jul,2,-1,0,unknown,0,older
management,married,tertiary,no,1794,no,no,cellular,5,aug,1,82,1,success,0,older
blue-collar,married,secondary,no,1478,yes,no,unknown,19,may,1,-1,0,unknown,0,young
blue-collar,single,primary,no,176,yes,no,unknown,2,may,1,-1,0,unknown,0,young
blue-collar,married,secondary,no,-75,yes,no,unknown,17,may,1,-1,0,unknown,0,older
management,married,tertiary,no,777,yes,no,cellular,15,may,2,-1,0,unknown,0,young
blue-collar,married,primary,yes,-324,yes,no,cellular,10,may,1,-1,0,unknown,0,young
technician,single,secondary,no,137,no,no,cellular,11,aug,3,-1,0,unknown,0,young
student,single,tertiary,no,7338,no,no,cellular,22,sep,1,490,4,success,1,young
technician,divorced,secondary,no,125,no,no,cellular,17,nov,3,-1,0,unknown,0,young
blue-collar,married,secondary,no,-38,yes,no,cellular,21,jul,1,-1,0,unknown,0,young
technician,divorced,tertiary,no,2113,yes,no,cellular,2,may,3,348,1,failure,0,young
blue-collar,single,primary,no,417,no,no,cellular,6,aug,1,-1,0,unknown,0,young
admin.,married,secondary,no,1272,no,no,cellular,4,nov,3,-1,0,unknown,0,young
technician,divorced,tertiary,no,5745,no,no,telephone,4,jun,5,-1,0,unknown,0,older
unemployed,single,secondary,no,864,no,yes,cellular,12,may,1,-1,0,unknown,0,young
management,married,tertiary,no,-72,no,no,cellular,5,aug,4,-1,0,unknown,0,young
technician,divorced,secondary,no,567,no,no,cellular,17,nov,2,-1,0,unknown,0,older
management,single,tertiary,no,4221,no,no,cellular,20,aug,2,-1,0,unknown,0,young
management,married,tertiary,no,43,yes,no,unknown,5,may,1,-1,0,unknown,0,young
technician,married,secondary,no,201,yes,no,cellular,19,nov,1,-1,0,unknown,0,older
entrepreneur,divorced,primary,no,2178,no,no,unknown,15,aug,7,-1,0,unknown,0,older
unknown,married,tertiary,no,1697,no,no,cellular,28,aug,7,-1,0,unknown,0,older
technician,married,secondary,no,74,yes,no,cellular,19,apr,15,-1,0,unknown,0,young
services,married,secondary,no,1729,no,no,cellular,20,apr,1,-1,0,unknown,0,young
technician,married,secondary,no,2794,yes,no,cellular,21,aug,3,-1,0,unknown,0,young
blue-collar,married,secondary,no,562,yes,no,cellular,17,jul,1,-1,0,unknown,0,young
technician,married,secondary,no,-68,yes,no,unknown,28,may,1,-1,0,unknown,0,young
technician,married,secondary,no,1830,yes,no,cellular,17,oct,1,183,4,failure,1,older
management,divorced,secondary,no,448,yes,no,cellular,1,jan,1,264,1,other,0,older
blue-collar,divorced,secondary,no,297,yes,no,cellular,17,apr,2,-1,0,unknown,0,older
technician,married,tertiary,no,951,no,no,cellular,5,aug,1,93,1,failure,1,young
retired,married,unknown,no,2204,no,no,telephone,4,jun,8,-1,0,unknown,0,older
blue-collar,married,secondary,no,3627,yes,no,cellular,19,feb,2,-1,0,unknown,0,young
self-employed,married,tertiary,no,1381,yes,yes,unknown,19,may,5,-1,0,unknown,0,young
services,divorced,tertiary,no,1371,yes,yes,unknown,12,may,1,-1,0,unknown,0,young
services,married,secondary,no,574,yes,yes,telephone,7,jul,9,-2,0,unknown,0,older
management,married,tertiary,no,-234,yes,no,cellular,28,jan,3,369,4,failure,0,young
housemaid,married,tertiary,no,1472,no,yes,cellular,20,jul,4,-1,0,unknown,0,older
self-employed,married,secondary,no,-38,yes,no,unknown,18,may,1,-1,0,unknown,0,young
services,married,secondary,no,-189,yes,no,unknown,10,may,2,-1,0,unknown,0,young
blue-collar,married,secondary,no,1238,no,yes,cellular,20,jul,7,-1,0,unknown,0,older
management,divorced,tertiary,no,160,yes,no,cellular,24,oct,1,71,1,failure,0,older
self-employed,married,primary,no,597,yes,no,cellular,13,may,1,356,2,failure,0,young
technician,married,secondary,no,1595,yes,no,cellular,1,jan,2,269,2,other,0,older
blue-collar,married,secondary,no,5746,yes,yes,cellular,21,apr,3,-1,0,unknown,0,young
technician,married,secondary,no,-15,yes,no,cellular,21,may,4,-1,2,unknown,0,young
technician,married,secondary,no,1112,yes,yes,cellular,15,may,5,-1,0,unknown,0,young
retired,married,secondary,no,1402,no,no,cellular,1,oct,1,137,1,failure,0,older
unknown,married,primary,no,514,no,no,unknown,2,jun,2,-1,0,unknown,0,older
blue-collar,married,primary,no,454,yes,no,unknown,9,may,3,352,4,failure,0,young
student,single,tertiary,no,289,no,no,cellular,5,mar,7,-1,1,success,1,young
blue-collar,married,primary,no,2721,no,no,telephone,20,nov,2,-1,0,unknown,0,older
self-employed,married,secondary,no,255,no,no,cellular,8,jul,1,-1,0,unknown,0,older
blue-collar,married,secondary,no,41,yes,no,cellular,21,may,2,-1,0,unknown,0,young
unemployed,single,secondary,no,3764,no,no,cellular,14,jul,3,-1,0,unknown,1,young
student,married,secondary,no,656,no,no,cellular,21,jun,1,-1,0,unknown,0,young
blue-collar,married,secondary,no,234,yes,no,cellular,12,jul,2,88,6,success,0,young
blue-collar,married,secondary,no,278,yes,no,unknown,23,apr,3,-1,0,unknown,0,young
management,married,secondary,no,-26,yes,no,cellular,31,jul,4,-1,0,unknown,0,older
blue-collar,married,secondary,no,-39,yes,yes,cellular,8,may,1,270,1,failure,0,young
blue-collar,married,primary,no,-270,yes,no,unknown,11,may,2,-1,0,unknown,0,young
technician,married,secondary,no,1093,no,no,unknown,2,jun,3,-1,0,unknown,0,young
blue-collar,married,secondary,no,3731,no,no,unknown,13,may,1,-1,0,unknown,0,older
self-employed,married,tertiary,no,9536,no,no,cellular,21,aug,2,-1,0,unknown,0,older
technician,single,secondary,no,-7,no,no,cellular,28,aug,7,-1,0,unknown,0,young
housemaid,married,secondary,no,114,no,yes,cellular,7,jul,13,-1,0,unknown,1,young
blue-collar,married,secondary,no,6340,no,no,unknown,21,jun,5,-1,0,unknown,0,young
blue-collar,divorced,secondary,no,168,no,no,cellular,21,jul,2,-1,0,unknown,0,older
blue-collar,divorced,primary,no,1242,yes,no,cellular,17,may,2,-1,0,unknown,0,older
technician,married,secondary,no,38,no,no,unknown,19,jun,2,-1,0,unknown,0,older
management,divorced,tertiary,no,4,no,no,cellular,13,aug,7,-1,0,unknown,0,young
student,single,secondary,no,311,no,no,cellular,18,aug,2,-1,0,unknown,0,young
technician,divorced,secondary,no,533,no,yes,cellular,1,jun,3,125,3,success,1,young
housemaid,divorced,primary,no,1979,yes,no,cellular,13,jul,2,-1,0,unknown,0,older
admin.,married,secondary,no,640,no,no,cellular,27,feb,1,137,2,failure,0,young
management,married,secondary,no,-61,no,no,unknown,17,jul,3,-1,0,unknown,0,young
blue-collar,married,secondary,yes,-177,yes,no,cellular,30,jan,5,-1,0,unknown,0,older
blue-collar,married,secondary,no,567,no,no,telephone,4,jun,1,-2,0,unknown,0,older
blue-collar,married,primary,no,-31,no,yes,cellular,27,jul,5,-1,0,unknown,0,older
technician,divorced,secondary,no,38,yes,no,unknown,9,jun,2,-1,0,unknown,0,young
management,married,tertiary,no,2549,no,no,telephone,23,jul,7,-1,0,unknown,0,older
blue-collar,married,unknown,no,2,yes,no,unknown,3,may,1,-1,0,unknown,0,older
technician,divorced,tertiary,no,399,no,no,cellular,6,aug,1,-1,0,unknown,0,young
technician,single,secondary,no,-10,no,no,unknown,7,jun,1,-1,0,unknown,0,older
retired,divorced,tertiary,no,134,yes,no,cellular,11,may,2,342,1,failure,0,older
services,married,secondary,no,-131,yes,no,unknown,4,may,1,-1,0,unknown,0,young
housemaid,married,primary,no,3155,yes,no,cellular,13,feb,2,-1,0,unknown,1,young
management,married,tertiary,no,471,yes,no,cellular,10,apr,2,-1,0,unknown,0,young
technician,divorced,tertiary,no,-210,yes,no,unknown,2,jun,14,-1,0,unknown,0,young
management,married,secondary,no,4720,no,no,telephone,26,mar,3,-1,0,unknown,0,young
self-employed,married,tertiary,no,1889,no,no,cellular,8,jun,3,-1,0,unknown,0,young
management,married,tertiary,no,595,no,no,cellular,6,aug,4,-1,0,unknown,0,older
technician,married,secondary,no,1092,no,no,cellular,4,jun,2,-1,0,unknown,0,older
management,divorced,secondary,no,342,yes,yes,cellular,8,jul,1,-1,0,unknown,0,older
services,married,secondary,yes,34,yes,no,cellular,26,aug,1,-1,0,unknown,0,young
management,divorced,tertiary,no,113,no,no,cellular,30,oct,2,184,4,failure,1,older
technician,married,secondary,no,-1542,yes,no,cellular,30,may,6,284,9,failure,0,older
retired,married,tertiary,no,647,no,no,telephone,28,mar,1,381,0,unknown,1,older
management,married,tertiary,no,982,yes,no,cellular,11,may,1,-1,0,unknown,0,young
admin.,married,secondary,no,2920,no,no,telephone,2,feb,2,-1,0,unknown,0,older
blue-collar,married,secondary,no,2855,no,no,cellular,18,jun,7,-1,0,unknown,1,young
housemaid,married,secondary,yes,231,yes,no,unknown,3,may,1,-1,0,unknown,0,older
technician,single,secondary,yes,357,yes,no,cellular,6,may,3,-1,0,unknown,0,young
management,single,secondary,yes,104,no,no,cellular,30,nov,1,110,4,other,0,young
blue-collar,single,secondary,no,263,no,no,cellular,13,jul,4,-1,1,unknown,0,young
blue-collar,divorced,primary,no,1,yes,no,cellular,13,may,2,-1,0,unknown,0,older
housemaid,married,primary,no,362,yes,no,cellular,12,aug,4,-1,0,unknown,0,older
retired,divorced,secondary,no,1615,no,no,telephone,28,feb,8,-1,0,unknown,0,older
blue-collar,married,primary,no,3071,yes,no,unknown,8,may,2,-1,0,unknown,1,older
management,married,tertiary,no,1768,yes,no,cellular,13,jun,2,-1,0,unknown,0,young
technician,divorced,secondary,yes,871,no,no,cellular,18,nov,1,90,1,success,0,young
blue-collar,single,secondary,no,-47,no,no,cellular,1,feb,1,-1,0,unknown,0,young
blue-collar,divorced,primary,yes,-15,yes,no,unknown,5,jun,1,-1,0,unknown,0,older
management,married,tertiary,no,1956,no,no,unknown,2,jun,14,-1,0,unknown,0,older
retired,married,secondary,no,440,no,no,telephone,21,sep,2,-1,0,unknown,0,older
technician,married,secondary,no,29,yes,no,unknown,25,may,3,-1,0,unknown,0,young
blue-collar,single,secondary,no,57,yes,no,unknown,16,may,1,0,0,unknown,0,young
services,married,primary,no,75,yes,yes,unknown,8,jul,1,-1,0,unknown,0,older
management,single,tertiary,no,7298,yes,no,cellular,21,nov,3,-1,0,unknown,0,young
blue-collar,divorced,primary,no,632,no,no,unknown,8,jun,2,-1,0,unknown,0,older
blue-collar,married,secondary,no,-17,yes,yes,telephone,23,jul,3,-1,0,unknown,0,older
retired,married,secondary,no,1114,no,no,telephone,5,aug,1,-2,0,unknown,0,older
blue-collar,married,primary,no,2679,yes,no,cellular,20,apr,4,-1,0,unknown,0,older
self-employed,married,secondary,no,304,yes,no,unknown,25,jul,1,-1,0,unknown,0,young
services,married,secondary,no,553,yes,no,unknown,20,jun,3,-1,0,unknown,0,young
self-employed,single,secondary,no,874,yes,no,cellular,5,mar,2,102,1,success,1,young
admin.,married,primary,no,7,no,no,unknown,1,jun,2,-1,0,unknown,0,young
management,single,tertiary,no,2000,no,no,cellular,8,feb,1,178,0,success,0,young
technician,married,unknown,no,1082,yes,no,unknown,15,may,2,-1,0,unknown,0,young
technician,single,tertiary,no,7,yes,no,unknown,3,may,15,-1,0,unknown,0,young
services,single,secondary,no,-116,yes,no,cellular,16,may,3,-1,0,unknown,0,young
technician,divorced,secondary,no,1216,yes,no,cellular,21,apr,2,-1,0,unknown,0,young
blue-collar,married,primary,no,243,yes,no,unknown,8,may,2,-1,0,unknown,0,older
technician,married,secondary,yes,-240,no,no,cellular,4,aug,4,-1,0,unknown,0,young
technician,divorced,secondary,yes,1436,yes,no,cellular,3,oct,7,86,3,other,0,older
retired,married,secondary,no,2256,no,yes,cellular,29,mar,2,145,4,success,1,young
technician,married,secondary,no,139,no,no,cellular,11,may,2,-1,0,unknown,0,young
services,married,secondary,no,66,no,no,cellular,14,may,1,346,1,failure,0,young
management,divorced,secondary,no,151,yes,no,cellular,24,jul,10,-1,0,unknown,0,young
technician,married,secondary,no,1767,no,yes,cellular,21,jul,3,-1,0,unknown,0,young
management,married,tertiary,no,857,no,no,cellular,21,apr,1,-1,4,failure,1,older
retired,married,primary,no,1792,yes,no,telephone,24,jul,1,-1,0,unknown,0,older
technician,married,secondary,no,353,no,no,cellular,28,aug,4,-1,0,unknown,0,young
management,divorced,tertiary,no,1530,no,no,unknown,20,may,1,-1,0,unknown,0,older
housemaid,married,secondary,no,2696,no,no,cellular,12,aug,5,-1,0,unknown,0,older
management,married,tertiary,no,949,no,no,cellular,11,aug,7,-1,0,unknown,0,older
services,married,secondary,no,734,yes,no,cellular,12,apr,4,127,1,failure,0,young
technician,married,secondary,no,622,no,no,cellular,19,jan,1,152,1,failure,0,young
admin.,married,primary,no,-53,yes,no,unknown,11,may,3,355,9,failure,0,young
technician,married,secondary,no,450,yes,no,cellular,5,may,1,-1,0,unknown,0,older
technician,married,secondary,no,195,yes,no,unknown,21,jun,1,0,0,unknown,0,older
technician,married,unknown,no,118,no,no,telephone,21,jul,5,-1,0,unknown,0,young
technician,single,secondary,no,251,no,no,cellular,15,jul,1,-1,0,unknown,0,young
entrepreneur,married,primary,yes,-247,yes,yes,cellular,8,jul,7,-1,0,unknown,1,older
technician,married,secondary,no,34,no,no,cellular,18,nov,1,-1,0,unknown,0,young
technician,divorced,secondary,no,1489,no,no,unknown,27,aug,2,-1,0,unknown,0,older
blue-collar,married,secondary,no,257,yes,no,unknown,4,may,1,-1,0,unknown,0,young
blue-collar,married,secondary,no,492,yes,no,unknown,18,jun,3,-1,0,unknown,0,older
management,married,tertiary,no,1765,yes,no,cellular,18,nov,4,-1,0,unknown,0,young
blue-collar,married,secondary,no,-203,no,no,cellular,3,may,1,-1,0,unknown,0,older
technician,single,secondary,no,84,yes,no,cellular,13,apr,3,-1,0,unknown,0,young
admin.,single,secondary,no,495,yes,no,cellular,9,jan,1,-1,0,unknown,0,young
admin.,single,secondary,no,1499,no,no,cellular,26,jul,2,-1,0,unknown,1,young
technician,divorced,primary,no,-393,yes,no,unknown,21,may,1,-1,0,unknown,0,older
blue-collar,married,secondary,no,2949,no,no,telephone,13,jul,2,-1,0,unknown,0,older
technician,married,unknown,no,632,no,no,unknown,21,may,1,-1,0,unknown,0,older
blue-collar,married,secondary,no,-185,yes,no,unknown,21,may,10,-1,0,unknown,0,young
services,married,secondary,no,-69,yes,yes,unknown,9,may,2,-1,0,unknown,0,young
technician,married,primary,no,373,no,no,unknown,5,may,4,-1,0,unknown,0,older
technician,married,secondary,no,1987,no,no,telephone,11,aug,2,-1,0,unknown,0,older
retired,married,primary,no,6086,no,no,telephone,8,jun,1,-1,0,unknown,0,older
services,married,secondary,yes,-63,yes,yes,unknown,8,jul,1,-1,0,unknown,0,young
management,married,primary,no,6256,yes,no,unknown,17,may,1,-1,0,unknown,0,young
blue-collar,divorced,secondary,no,32666,no,no,cellular,21,nov,2,127,4,other,0,young
admin.,married,secondary,no,151,no,no,cellular,13,jul,2,-1,0,unknown,0,older
blue-collar,single,primary,no,299,yes,no,unknown,7,may,2,-1,0,unknown,0,young
management,divorced,tertiary,no,138,no,no,cellular,30,jul,7,-1,0,unknown,0,older
admin.,divorced,secondary,no,660,yes,no,cellular,17,may,3,-1,0,unknown,0,young
management,married,tertiary,no,1672,yes,no,cellular,24,apr,3,330,1,failure,0,young
blue-collar,married,secondary,no,646,no,no,cellular,26,aug,3,-1,0,unknown,1,young
management,married,tertiary,no,79,yes,no,cellular,16,jul,3,-1,0,unknown,0,young
technician,divorced,tertiary,no,163,no,yes,unknown,13,may,1,-1,0,unknown,0,older
blue-collar,divorced,primary,no,59,yes,yes,cellular,21,apr,5,109,11,failure,0,older
technician,single,secondary,no,1040,no,no,cellular,29,jan,1,-1,0,unknown,0,young
management,married,tertiary,no,-455,yes,no,cellular,29,jul,4,267,1,failure,0,older
management,divorced,tertiary,no,155,no,no,cellular,10,oct,1,93,3,failure,0,young
management,married,tertiary,no,370,no,no,cellular,18,aug,4,-1,0,unknown,0,young
retired,married,secondary,no,6618,no,no,cellular,13,mar,3,100,1,success,1,young
technician,divorced,secondary,no,103,yes,no,unknown,17,jun,1,-1,0,unknown,0,young
blue-collar,divorced,primary,no,300,yes,no,cellular,12,may,1,-1,1,failure,0,young
housemaid,married,primary,yes,6504,yes,no,cellular,17,feb,1,176,1,failure,0,older
management,married,tertiary,no,2417,yes,no,cellular,18,aug,2,-1,0,unknown,0,older
blue-collar,married,secondary,no,60,yes,no,unknown,21,may,3,-1,0,unknown,0,young
blue-collar,single,secondary,no,104,no,no,cellular,16,jul,10,-1,0,unknown,0,young
self-employed,married,secondary,no,2620,yes,no,cellular,20,aug,2,-1,0,unknown,0,older
blue-collar,divorced,secondary,no,9993,yes,no,cellular,16,may,1,-1,0,unknown,0,older
retired,married,secondary,no,2671,no,no,unknown,4,jun,3,-1,0,unknown,1,older
blue-collar,married,primary,no,2364,yes,no,cellular,15,jul,2,-1,0,unknown,0,young
technician,single,secondary,no,-63,yes,no,cellular,4,may,1,-1,0,unknown,0,young
student,single,secondary,no,3519,no,no,cellular,16,mar,1,-1,0,unknown,0,young
management,married,tertiary,yes,-839,no,no,cellular,12,aug,14,-1,0,unknown,0,older
management,divorced,tertiary,no,1694,yes,no,cellular,20,nov,1,151,1,failure,0,older
management,married,secondary,no,112,yes,yes,cellular,22,jul,10,-1,0,unknown,0,older
housemaid,divorced,primary,no,130,yes,no,cellular,16,nov,2,328,12,other,0,young
housemaid,married,primary,yes,223,no,yes,cellular,8,jul,2,-1,0,unknown,0,older
blue-collar,married,secondary,no,4572,yes,no,cellular,14,jul,2,-1,0,unknown,0,young
retired,married,secondary,no,1287,no,no,cellular,3,feb,1,-1,0,unknown,0,older
student,single,secondary,no,50,no,no,unknown,20,jun,1,-1,0,unknown,0,young
management,single,tertiary,yes,1579,yes,no,cellular,19,apr,2,-1,0,unknown,1,young
blue-collar,married,secondary,no,-118,yes,yes,cellular,9,jul,1,-1,0,unknown,0,older
admin.,married,secondary,no,5041,no,no,cellular,18,nov,4,-1,0,unknown,0,young
retired,married,primary,no,4864,no,no,unknown,7,jun,1,-1,0,unknown,0,older
admin.,divorced,secondary,no,2551,yes,no,cellular,23,apr,2,-1,0,unknown,0,older
entrepreneur,married,secondary,no,1351,no,no,cellular,16,jul,2,-1,0,unknown,0,older
retired,married,primary,yes,232,no,no,cellular,10,aug,4,-1,0,unknown,0,older
blue-collar,married,primary,no,49,no,no,unknown,17,may,10,-1,0,unknown,0,older
housemaid,married,primary,no,105,no,no,telephone,3,aug,1,-1,0,unknown,0,older
entrepreneur,married,tertiary,no,513,no,no,cellular,31,jul,9,-1,0,unknown,0,older
blue-collar,single,unknown,yes,271,yes,no,cellular,21,jul,2,-1,0,unknown,0,young
housemaid,divorced,primary,no,162,no,no,cellular,20,aug,10,-1,0,unknown,0,older
unemployed,divorced,secondary,no,229,yes,no,cellular,20,apr,2,359,1,failure,0,young
student,married,secondary,no,215,no,no,cellular,17,aug,7,-1,0,unknown,0,older
student,single,secondary,no,242,no,no,cellular,5,aug,1,-1,0,unknown,1,young
blue-collar,married,secondary,no,56,no,no,cellular,8,aug,2,-1,0,unknown,0,older
technician,single,secondary,no,1726,no,no,cellular,27,aug,1,180,1,failure,0,young
blue-collar,married,secondary,no,-158,no,yes,cellular,22,jul,4,-1,0,unknown,0,older
unemployed,married,primary,no,1933,no,no,unknown,12,may,5,-1,0,unknown,0,older
housemaid,married,secondary,no,129,no,no,cellular,15,jul,2,-1,0,unknown,0,older
entrepreneur,married,primary,no,9055,yes,no,cellular,13,may,3,352,1,failure,0,young
management,married,tertiary,no,1098,no,no,cellular,20,aug,9,-1,0,unknown,0,older
blue-collar,divorced,secondary,no,-235,yes,yes,cellular,11,may,1,349,1,failure,1,young
management,married,tertiary,no,1652,no,yes,cellular,22,mar,2,184,4,other,1,older
blue-collar,single,tertiary,no,-37,yes,no,cellular,13,may,1,285,4,failure,0,young
blue-collar,single,secondary,no,981,no,no,cellular,3,may,1,114,1,failure,1,young
technician,married,secondary,no,199,yes,no,cellular,10,feb,1,-1,0,unknown,0,young
technician,married,tertiary,no,36,no,no,unknown,2,jun,5,-1,0,unknown,0,older
management,married,primary,no,8515,no,no,unknown,2,jun,1,-1,0,unknown,0,older
technician,single,secondary,no,-87,yes,no,unknown,21,may,1,-1,0,unknown,0,young
blue-collar,married,secondary,yes,191,yes,no,telephone,14,nov,1,-1,0,unknown,0,older
management,single,tertiary,no,159,no,no,cellular,27,aug,4,-1,0,unknown,0,young
management,divorced,tertiary,no,1335,yes,no,cellular,21,nov,3,-1,0,unknown,0,young
management,married,secondary,no,560,yes,no,cellular,21,nov,5,-1,0,unknown,0,older
blue-collar,single,secondary,no,706,no,no,cellular,24,aug,2,-1,0,unknown,0,young
blue-collar,married,primary,no,91,yes,no,cellular,26,may,1,-1,0,unknown,0,young
technician,divorced,secondary,no,955,no,no,telephone,4,aug,1,-1,0,unknown,0,older
unknown,married,secondary,no,4448,no,no,unknown,6,jun,2,-1,0,unknown,0,older
technician,married,secondary,no,1369,no,no,cellular,2,oct,5,105,1,other,0,young
blue-collar,married,secondary,no,1521,yes,yes,cellular,23,jul,7,-1,0,unknown,0,young
technician,married,primary,no,-1348,no,no,unknown,15,may,23,-1,0,unknown,0,older
admin.,married,secondary,no,1377,yes,no,cellular,20,apr,2,187,1,other,0,young
unknown,divorced,unknown,no,6730,yes,no,unknown,20,nov,5,-1,0,unknown,0,older
unemployed,married,primary,no,1357,no,no,unknown,2,jun,2,-1,0,unknown,0,young
blue-collar,married,secondary,no,201,yes,yes,unknown,20,may,3,-1,0,unknown,0,older
technician,divorced,unknown,no,1301,yes,no,cellular,30,apr,1,272,1,failure,0,older
management,married,tertiary,no,3636,no,no,cellular,20,sep,2,0,0,unknown,1,older
services,single,secondary,no,-3,yes,no,cellular,21,oct,3,98,9,other,0,young
technician,married,secondary,no,925,no,no,cellular,20,apr,2,-1,0,unknown,0,young
management,married,primary,yes,318,no,yes,unknown,5,jul,3,-1,0,unknown,0,older
unemployed,single,secondary,no,3993,no,no,cellular,8,apr,2,-1,0,unknown,0,young
services,single,secondary,no,5,no,no,cellular,15,jul,2,-1,0,unknown,0,young
technician,divorced,secondary,no,817,yes,no,unknown,20,nov,2,-1,0,unknown,0,older
admin.,married,secondary,no,-14,no,no,unknown,7,may,1,-1,0,unknown,0,older
management,single,tertiary,no,2225,no,no,unknown,0,jun,2,-1,0,unknown,0,older
management,single,tertiary,no,1965,yes,no,cellular,21,dec,2,188,1,other,0,young
management,married,primary,no,758,yes,no,cellular,16,aug,2,-1,0,unknown,0,older
entrepreneur,divorced,secondary,yes,-2882,yes,no,cellular,15,may,8,-1,0,unknown,0,young
blue-collar,divorced,primary,no,-685,yes,no,unknown,11,may,3,-1,0,unknown,0,young
management,single,tertiary,no,-1017,yes,no,unknown,12,may,3,-1,0,unknown,0,young
blue-collar,married,primary,no,174,yes,no,unknown,13,may,2,-1,0,unknown,0,young
services,married,secondary,no,6,no,no,unknown,20,may,7,-1,0,unknown,0,older
blue-collar,married,secondary,yes,-113,no,no,cellular,7,jul,3,-1,0,unknown,0,older
blue-collar,married,secondary,no,5,yes,no,cellular,14,aug,4,-1,0,unknown,0,young
housemaid,married,tertiary,no,2661,no,no,cellular,8,jul,3,-1,0,unknown,0,young
blue-collar,single,primary,no,-371,yes,no,unknown,16,may,3,-1,0,unknown,0,young
technician,married,secondary,no,27,yes,no,cellular,17,jul,2,-1,0,unknown,0,young
management,divorced,tertiary,no,1155,yes,no,cellular,19,may,5,82,4,other,0,older
management,married,tertiary,no,4081,yes,no,unknown,15,may,1,-1,0,unknown,0,older
blue-collar,single,primary,no,6467,no,no,unknown,12,jun,3,-1,0,unknown,0,older
technician,married,primary,no,-68,no,no,unknown,12,jun,2,-1,0,unknown,0,older
technician,divorced,primary,no,137,no,no,unknown,7,jun,5,-1,0,unknown,0,older
self-employed,single,tertiary,no,298,no,no,cellular,20,sep,3,178,4,failure,0,older
admin.,married,secondary,no,434,no,no,unknown,18,may,1,-1,0,unknown,0,older
technician,single,tertiary,no,1109,yes,no,cellular,6,feb,5,264,1,other,0,young
technician,divorced,secondary,yes,7570,no,no,cellular,30,jul,7,352,0,unknown,0,older
technician,married,secondary,no,29,no,no,cellular,15,jan,4,119,1,failure,0,young
student,single,tertiary,no,408,no,no,cellular,29,jul,4,-1,0,unknown,0,young
blue-collar,married,secondary,no,285,no,yes,unknown,22,may,4,-1,0,unknown,0,older
student,single,secondary,no,3288,no,no,unknown,5,jun,2,-1,0,unknown,1,young
services,married,secondary,no,118,no,no,cellular,9,jul,3,-1,0,unknown,0,older
blue-collar,single,unknown,no,178,no,no,unknown,11,jun,1,-1,0,unknown,0,older
technician,married,secondary,no,97,no,no,telephone,21,jul,10,-1,0,unknown,0,older
unknown,divorced,primary,no,2908,no,no,unknown,2,aug,5,-1,0,unknown,1,older
technician,married,secondary,yes,-67,yes,no,cellular,13,aug,1,-1,0,unknown,0,older
blue-collar,single,secondary,no,430,no,no,unknown,5,jun,2,-1,0,unknown,1,older
management,married,tertiary,no,1588,no,no,cellular,21,nov,2,122,1,other,0,older
technician,married,tertiary,no,107,yes,no,cellular,19,nov,4,-1,0,unknown,0,young
blue-collar,married,secondary,no,105,yes,no,unknown,12,may,1,-1,0,unknown,0,young
blue-collar,divorced,secondary,no,4615,yes,no,cellular,13,sep,1,188,1,failure,1,young
technician,divorced,tertiary,no,113,yes,no,cellular,15,aug,4,108,9,other,0,young
admin.,married,secondary,no,726,yes,no,cellular,20,apr,1,-1,0,unknown,0,young
technician,married,secondary,no,1976,no,no,cellular,4,aug,4,-1,0,unknown,0,older
blue-collar,married,secondary,yes,380,yes,no,unknown,4,jun,1,-1,0,unknown,0,young
admin.,married,secondary,no,1140,no,yes,cellular,11,jul,1,-1,0,unknown,0,older
technician,single,secondary,no,-118,no,no,unknown,26,may,11,-1,0,unknown,0,young
retired,married,primary,no,610,no,no,telephone,3,jul,1,-1,0,unknown,0,older
technician,single,tertiary,no,705,no,no,telephone,8,jul,15,-1,0,unknown,0,young
blue-collar,married,secondary,no,1409,yes,no,cellular,20,apr,3,179,1,failure,0,older
retired,married,primary,no,168,no,no,telephone,17,jun,5,-1,0,unknown,0,older
retired,divorced,secondary,no,10752,no,no,cellular,8,apr,1,186,1,failure,0,older
blue-collar,married,primary,no,6914,yes,no,cellular,12,may,1,346,1,failure,0,young
unemployed,married,tertiary,no,1531,no,no,cellular,27,oct,3,101,3,success,0,young
blue-collar,married,secondary,no,2129,no,yes,cellular,31,jul,3,-1,0,unknown,0,young
services,married,secondary,no,39,no,no,unknown,16,jun,1,-1,0,unknown,1,young
retired,married,secondary,no,43,no,no,unknown,12,jun,1,-1,0,unknown,0,older
admin.,married,secondary,no,722,yes,yes,cellular,11,jan,3,180,1,failure,0,older
management,married,tertiary,no,15886,yes,no,cellular,20,apr,3,92,2,success,0,young
self-employed,divorced,primary,no,5142,yes,no,cellular,12,may,3,351,1,failure,0,young
technician,married,tertiary,no,1778,no,no,cellular,30,jul,4,-1,0,unknown,0,young
blue-collar,married,primary,no,73,yes,no,unknown,13,may,3,-1,0,unknown,0,young
blue-collar,married,secondary,no,8,no,no,unknown,17,nov,6,-1,0,unknown,0,young
self-employed,married,secondary,no,98,no,no,cellular,13,may,1,346,1,failure,0,young
management,divorced,tertiary,no,1146,no,yes,cellular,23,jul,2,156,10,other,0,young
unemployed,married,secondary,no,2719,no,no,cellular,11,jun,1,-1,0,unknown,1,older
blue-collar,married,primary,no,252,yes,no,cellular,15,may,3,356,1,failure,0,young
blue-collar,divorced,secondary,no,5257,no,no,cellular,20,nov,2,345,6,failure,1,young
entrepreneur,married,tertiary,no,-1810,no,no,cellular,18,jul,1,-1,0,unknown,0,young
housemaid,divorced,secondary,no,888,yes,no,unknown,21,nov,3,-1,0,unknown,0,older
technician,single,secondary,no,-409,no,no,cellular,20,sep,4,184,1,failure,0,young
technician,single,tertiary,no,180,no,no,cellular,20,aug,5,-1,0,unknown,0,young
technician,divorced,secondary,no,724,yes,no,unknown,24,may,3,-1,0,unknown,0,older
unemployed,single,secondary,no,3230,no,no,cellular,1,feb,1,-1,0,unknown,0,young
blue-collar,divorced,secondary,no,3160,yes,no,cellular,10,may,1,-1,0,unknown,0,older
blue-collar,married,secondary,no,1966,yes,no,unknown,8,may,3,-1,0,unknown,0,older
blue-collar,married,primary,no,2466,yes,yes,cellular,17,apr,1,-1,0,unknown,0,older
technician,single,unknown,no,441,no,no,cellular,27,jan,7,272,3,failure,0,older
technician,divorced,secondary,no,522,no,no,unknown,5,may,1,-1,0,unknown,0,young
technician,married,secondary,no,4059,no,no,cellular,13,aug,4,-1,0,unknown,0,older
technician,married,secondary,yes,24,yes,no,unknown,9,may,1,-1,0,unknown,0,older
unknown,married,primary,no,1157,no,no,unknown,4,jun,3,-1,0,unknown,1,older
admin.,divorced,secondary,no,83,yes,no,cellular,20,nov,3,346,1,other,0,young
blue-collar,married,secondary,no,88,yes,no,cellular,15,may,3,-1,0,unknown,0,young
management,divorced,secondary,no,394,yes,no,cellular,21,apr,1,-1,1,unknown,1,young
blue-collar,married,primary,no,840,no,no,cellular,18,jul,5,-1,0,unknown,0,older
technician,married,secondary,no,714,no,no,cellular,10,aug,4,-1,3,unknown,0,older
technician,married,unknown,no,5214,no,no,cellular,20,jun,1,-1,0,unknown,0,older
blue-collar,married,primary,no,327,no,no,cellular,3,dec,2,-1,0,unknown,0,older
technician,married,secondary,no,3070,no,no,unknown,1,jun,6,-1,0,unknown,0,young
blue-collar,married,primary,yes,1946,no,no,cellular,15,jul,2,-1,0,unknown,0,older
blue-collar,married,secondary,no,1383,no,no,cellular,13,aug,4,-1,0,unknown,0,older
technician,divorced,primary,no,2784,yes,no,cellular,16,feb,1,-1,0,unknown,1,young
blue-collar,married,secondary,no,2066,yes,yes,unknown,29,may,3,-1,0,unknown,0,young
blue-collar,divorced,secondary,no,2897,no,no,cellular,9,jul,3,-1,0,unknown,0,older
technician,single,secondary,no,164,no,no,cellular,8,apr,4,-1,0,unknown,0,young
services,married,secondary,yes,39,no,yes,cellular,16,jul,4,-1,0,unknown,0,young
services,single,secondary,no,31,no,no,unknown,22,may,2,-1,0,unknown,0,young
housemaid,single,primary,no,100,no,no,cellular,17,jul,1,-1,0,unknown,1,young
unknown,married,unknown,no,122,no,no,cellular,5,aug,2,-1,0,unknown,0,older
admin.,married,secondary,no,723,no,no,unknown,2,may,1,-1,0,unknown,0,older
blue-collar,single,secondary,no,50,yes,no,cellular,20,aug,10,-1,0,unknown,0,young
blue-collar,married,secondary,no,64,yes,no,cellular,17,nov,3,135,0,other,0,young
blue-collar,married,secondary,yes,61,yes,no,cellular,14,may,3,-1,0,unknown,0,older
technician,single,tertiary,no,176,no,no,cellular,26,jan,1,-2,0,unknown,0,young
management,married,secondary,no,93,no,no,cellular,10,aug,2,-1,0,unknown,0,young
management,divorced,tertiary,no,2886,yes,no,cellular,28,jan,5,254,1,failure,0,young
technician,divorced,secondary,no,191,no,no,cellular,14,aug,7,-1,0,unknown,0,older
blue-collar,married,primary,no,-126,yes,yes,cellular,15,jul,3,-1,0,unknown,0,older
self-employed,married,secondary,no,1608,no,no,cellular,5,feb,7,-1,0,unknown,0,older
blue-collar,married,primary,no,1128,no,no,telephone,4,jul,4,-1,0,unknown,0,older
technician,married,secondary,no,306,no,no,telephone,18,sep,2,-1,0,unknown,0,older
unemployed,single,tertiary,no,-117,yes,no,unknown,16,may,15,-1,0,unknown,0,young
technician,divorced,secondary,no,-180,no,no,cellular,3,jul,5,-1,0,unknown,0,older
technician,divorced,secondary,no,-222,yes,no,cellular,21,may,1,-1,0,unknown,0,young
management,single,tertiary,no,-131,no,no,cellular,19,aug,2,-1,0,unknown,0,young
admin.,divorced,secondary,no,286,no,no,cellular,20,nov,3,-1,2,unknown,0,young
blue-collar,married,secondary,no,176,no,no,cellular,10,nov,7,93,10,other,0,older
management,married,primary,no,437,yes,no,unknown,13,may,2,-1,0,unknown,0,older
management,single,tertiary,no,47,yes,no,cellular,21,nov,2,185,4,failure,0,young
entrepreneur,married,tertiary,no,219,no,no,cellular,20,nov,7,-1,0,unknown,0,young
technician,married,secondary,no,2231,no,no,cellular,13,jul,3,-1,0,unknown,0,older
retired,married,secondary,no,278,no,no,cellular,22,dec,1,188,9,success,1,older
management,single,tertiary,no,-28,no,no,unknown,15,may,2,-1,0,unknown,0,young
entrepreneur,married,secondary,no,624,no,no,cellular,24,nov,4,-1,0,unknown,1,young
blue-collar,single,secondary,no,273,yes,no,cellular,14,may,3,-1,0,unknown,0,young
blue-collar,married,secondary,no,1410,yes,no,unknown,16,may,1,-1,0,unknown,0,young
blue-collar,married,primary,yes,-631,no,yes,telephone,5,jul,2,-1,0,unknown,0,older
management,single,tertiary,yes,241,yes,no,cellular,21,apr,4,343,4,failure,0,young
retired,married,secondary,no,550,no,no,cellular,7,sep,1,-1,0,unknown,0,older
self-employed,married,tertiary,no,1477,yes,no,cellular,16,may,1,-1,0,unknown,0,older
technician,divorced,tertiary,no,2781,yes,no,unknown,16,may,2,-1,0,unknown,0,young
admin.,married,secondary,no,2363,yes,no,cellular,19,may,7,132,2,other,0,young
retired,divorced,secondary,no,2959,yes,no,cellular,15,sep,3,359,1,other,0,older
technician,married,secondary,yes,133,no,no,cellular,16,apr,7,91,2,success,1,young
management,married,tertiary,no,5520,no,no,cellular,4,feb,1,-1,0,unknown,0,young
management,single,tertiary,no,-40,no,no,cellular,22,jul,4,-1,0,unknown,0,young
technician,married,tertiary,no,573,no,no,unknown,13,may,7,-1,0,unknown,0,older
technician,divorced,tertiary,no,4896,no,no,cellular,13,jun,1,-1,1,failure,0,older
technician,divorced,secondary,no,3142,no,no,cellular,20,nov,2,188,1,other,0,young
technician,single,secondary,no,-56,yes,no,unknown,20,may,3,344,1,other,0,young
blue-collar,married,primary,no,460,yes,yes,unknown,2,may,3,-1,0,unknown,0,young
unemployed,married,secondary,no,-75,no,no,cellular,13,jul,21,-1,0,unknown,0,young
blue-collar,married,secondary,no,-79,no,no,unknown,13,may,14,-1,0,unknown,0,older
retired,married,secondary,no,2547,no,no,telephone,4,mar,2,-1,0,unknown,1,older
self-employed,single,secondary,no,8534,no,no,cellular,3,oct,3,-1,0,unknown,0,older
unemployed,divorced,secondary,no,1128,yes,no,cellular,18,apr,2,-1,0,unknown,0,older
admin.,single,tertiary,no,4533,no,no,cellular,20,nov,3,101,4,failure,0,young
management,married,secondary,no,968,yes,no,cellular,15,apr,3,-1,0,unknown,0,young
blue-collar,married,primary,no,-696,yes,no,unknown,8,may,1,-1,0,unknown,0,young
blue-collar,single,secondary,no,-279,yes,no,cellular,11,may,1,-1,0,unknown,0,young
self-employed,married,tertiary,no,105,no,no,cellular,8,aug,4,-1,0,unknown,0,young
admin.,married,tertiary,no,4710,yes,no,cellular,22,apr,1,346,4,failure,1,young
blue-collar,single,secondary,no,144,no,no,unknown,16,may,1,-1,0,unknown,0,young
technician,single,secondary,no,907,no,no,unknown,10,may,1,-1,0,unknown,1,young
unknown,married,unknown,no,1070,no,no,cellular,4,mar,1,-1,0,unknown,0,young
retired,married,primary,no,2073,no,no,telephone,10,mar,2,-1,0,unknown,1,older
technician,divorced,secondary,yes,40,yes,no,cellular,19,nov,3,0,0,unknown,0,young
blue-collar,divorced,secondary,no,2544,no,no,cellular,18,may,2,109,3,failure,0,young
admin.,single,secondary,no,70,no,no,cellular,3,nov,2,-1,0,unknown,0,young
services,married,secondary,no,258,yes,no,unknown,19,jun,1,-1,0,unknown,0,older
self-employed,married,tertiary,no,2210,no,no,cellular,14,apr,1,-1,0,unknown,0,older
technician,divorced,secondary,no,5629,no,no,cellular,7,mar,10,-1,0,unknown,1,older
management,married,tertiary,no,9548,yes,no,cellular,18,nov,3,176,4,failure,0,young
management,married,tertiary,no,55,yes,no,cellular,17,apr,3,185,1,failure,0,young
management,single,tertiary,no,-465,yes,no,unknown,10,may,1,-1,0,unknown,0,young
retired,married,secondary,no,707,no,no,telephone,4,aug,2,-1,0,unknown,0,older
management,married,tertiary,no,5014,no,no,cellular,21,aug,1,-1,0,unknown,0,older
management,divorced,tertiary,no,-128,no,no,unknown,15,jul,21,-1,0,unknown,0,older
management,married,tertiary,no,1367,no,no,cellular,22,mar,1,131,0,unknown,1,young
technician,divorced,secondary,no,116,yes,no,cellular,10,apr,1,-1,0,unknown,0,young
student,single,secondary,no,951,no,no,cellular,19,oct,3,353,9,other,1,young
blue-collar,single,secondary,no,162,no,no,telephone,5,feb,1,-1,0,unknown,0,young
blue-collar,divorced,primary,no,-357,no,no,unknown,12,may,4,-1,0,unknown,0,older
blue-collar,divorced,primary,yes,-369,yes,no,cellular,11,may,1,343,1,other,0,older
technician,married,secondary,no,6048,no,no,cellular,9,dec,1,107,6,success,1,young
blue-collar,single,secondary,no,201,yes,no,unknown,10,may,15,-1,0,unknown,0,young
retired,married,primary,no,2941,no,no,telephone,28,mar,2,-1,0,unknown,0,older
management,single,tertiary,no,1070,no,no,cellular,21,jul,10,-1,0,unknown,0,young
technician,single,tertiary,no,9,yes,no,cellular,29,may,1,349,1,failure,0,young
blue-collar,married,secondary,yes,2082,no,no,telephone,24,jul,1,-1,0,unknown,0,older
blue-collar,married,primary,no,1163,no,no,unknown,19,aug,2,-1,0,unknown,0,young
management,married,tertiary,no,2275,no,no,cellular,15,jul,2,-1,0,unknown,0,young
technician,married,secondary,no,753,yes,no,unknown,19,jun,2,-1,0,unknown,0,young
technician,single,secondary,no,-151,yes,no,unknown,20,may,1,-1,0,unknown,0,young
technician,divorced,secondary,no,781,yes,no,cellular,13,may,3,-1,0,unknown,0,young
entrepreneur,single,tertiary,no,177,yes,no,cellular,13,may,2,-1,0,unknown,0,young
management,divorced,tertiary,no,1416,yes,no,cellular,2,dec,3,98,5,other,0,older
blue-collar,single,secondary,no,1123,no,no,cellular,16,may,4,-1,0,unknown,0,young
blue-collar,divorced,secondary,no,123,yes,no,unknown,11,may,3,-1,0,unknown,0,young
blue-collar,married,tertiary,no,1984,yes,no,cellular,5,feb,1,-1,0,unknown,0,older
management,married,tertiary,no,3161,yes,no,cellular,22,apr,4,-1,0,unknown,0,young
retired,married,primary,no,807,yes,no,unknown,11,may,3,-1,0,unknown,0,older
management,divorced,tertiary,no,8734,no,no,cellular,20,nov,2,-1,0,unknown,0,young
unemployed,single,secondary,no,208,no,no,cellular,13,may,2,-1,0,unknown,1,young
blue-collar,divorced,secondary,no,-85,no,no,unknown,6,jun,2,-1,0,unknown,0,older
management,single,secondary,no,-75,no,no,cellular,14,aug,2,-1,0,unknown,0,young
management,single,tertiary,no,139,no,no,unknown,21,may,2,-1,0,unknown,0,young
services,married,secondary,no,318,yes,no,unknown,22,may,3,-1,0,unknown,0,older
unemployed,single,secondary,yes,-256,yes,no,unknown,9,may,2,-1,0,unknown,0,young
blue-collar,married,secondary,no,70,yes,no,cellular,11,aug,2,-1,0,unknown,0,older
management,married,tertiary,no,5224,yes,no,cellular,24,oct,2,136,1,success,1,young
entrepreneur,divorced,tertiary,no,2511,no,no,cellular,6,aug,7,-1,0,unknown,0,older
blue-collar,married,secondary,no,266,no,yes,cellular,3,jul,2,-1,0,unknown,0,older
management,divorced,tertiary,no,-37,yes,yes,cellular,28,jul,3,-1,0,unknown,0,young
entrepreneur,divorced,secondary,no,2647,no,no,unknown,16,jun,2,-1,0,unknown,0,older
technician,married,secondary,yes,2517,no,no,cellular,26,aug,1,-1,0,unknown,0,young
self-employed,divorced,primary,no,89,yes,no,unknown,12,jun,1,0,0,unknown,0,older
management,married,tertiary,yes,126,yes,no,cellular,18,nov,1,-1,1,failure,0,young
self-employed,married,secondary,no,436,no,no,unknown,12,may,1,-1,0,unknown,0,young
blue-collar,married,secondary,no,13803,yes,no,cellular,29,may,7,272,1,failure,0,young
technician,single,secondary,no,413,yes,no,cellular,16,may,2,88,3,success,0,young
management,married,tertiary,no,27,yes,no,cellular,17,jul,4,-1,0,unknown,0,young
technician,divorced,primary,no,4210,yes,no,unknown,17,jun,1,-1,0,unknown,0,young
management,married,tertiary,no,545,no,no,cellular,28,aug,4,-1,0,unknown,0,young
technician,single,secondary,no,225,no,no,cellular,20,nov,1,-1,0,unknown,0,young
technician,divorced,tertiary,no,1265,yes,no,telephone,18,nov,4,91,3,unknown,0,older
management,divorced,tertiary,no,-20,no,no,cellular,18,aug,15,-1,0,unknown,0,young
services,divorced,secondary,no,-174,yes,no,cellular,14,may,3,342,1,other,0,young
housemaid,married,primary,no,669,no,no,cellular,5,aug,2,-1,0,unknown,0,older
technician,married,secondary,no,-1302,yes,no,unknown,17,may,13,-1,0,unknown,0,older
technician,single,secondary,no,6,yes,no,cellular,13,may,1,348,9,failure,0,young
unemployed,married,primary,no,112,no,no,unknown,18,jul,2,-1,0,unknown,0,older
student,single,tertiary,no,3020,yes,no,cellular,13,aug,2,96,1,failure,1,young
housemaid,married,tertiary,no,4849,no,no,cellular,21,apr,2,-1,0,unknown,0,older
self-employed,single,tertiary,no,137,no,no,cellular,7,jul,6,-1,0,unknown,1,young
technician,single,secondary,no,-74,yes,no,cellular,23,nov,10,-1,0,unknown,0,young
entrepreneur,married,secondary,yes,46,yes,no,unknown,9,may,1,-1,0,unknown,0,older
management,married,tertiary,no,-2227,yes,no,unknown,30,may,15,-1,0,unknown,0,young
technician,divorced,secondary,no,1146,no,no,unknown,13,aug,1,-1,0,unknown,0,young
self-employed,single,secondary,no,636,yes,no,unknown,19,nov,1,-1,0,unknown,0,young
unemployed,divorced,secondary,no,725,yes,yes,cellular,24,jul,4,-1,0,unknown,0,young
services,married,secondary,no,951,yes,no,cellular,11,may,1,-1,0,unknown,0,young
admin.,married,secondary,no,137,yes,yes,cellular,15,may,3,-1,0,unknown,0,young
self-employed,married,primary,no,505,no,no,cellular,2,sep,1,-1,0,unknown,0,older
housemaid,married,primary,no,104,yes,no,cellular,11,may,2,-1,0,unknown,0,young
management,married,tertiary,no,909,no,no,cellular,22,jul,7,-1,0,unknown,0,young
admin.,married,secondary,no,1245,no,no,cellular,29,may,3,72,1,other,0,older
admin.,divorced,secondary,no,182,yes,no,telephone,21,nov,9,-1,0,unknown,0,young
management,single,tertiary,no,130,no,no,cellular,12,may,4,-1,0,unknown,0,young
blue-collar,divorced,secondary,no,123,no,no,cellular,20,nov,1,-1,0,unknown,0,young
management,divorced,secondary,no,-98,yes,no,unknown,19,may,4,-1,0,unknown,0,young
admin.,married,secondary,no,3256,no,no,telephone,14,aug,7,-1,0,unknown,0,young
housemaid,divorced,secondary,no,1188,no,no,telephone,16,aug,4,105,6,unknown,0,older
management,married,tertiary,no,2655,no,no,cellular,19,aug,7,-1,0,unknown,0,older
blue-collar,married,secondary,no,1069,yes,yes,cellular,13,feb,1,274,3,other,0,older
services,married,tertiary,no,-153,yes,no,cellular,30,may,1,-1,0,failure,0,young
blue-collar,married,primary,no,596,no,no,unknown,24,jun,1,-1,0,unknown,0,young
technician,divorced,secondary,no,95,yes,no,cellular,11,jul,1,115,1,success,1,older
self-employed,single,tertiary,no,3163,yes,no,cellular,30,apr,5,108,1,success,0,young
blue-collar,married,secondary,no,297,yes,no,cellular,1,feb,1,283,1,failure,0,young
self-employed,married,secondary,no,2269,no,no,cellular,18,jul,1,98,6,failure,0,older
entrepreneur,married,primary,yes,-1339,yes,yes,cellular,2,jul,3,-1,0,unknown,0,young
blue-collar,married,primary,yes,36,yes,no,cellular,17,may,4,-1,0,unknown,0,older
student,single,unknown,no,2703,no,no,unknown,6,jun,2,-1,0,unknown,1,older
self-employed,married,secondary,no,840,yes,no,unknown,21,may,3,-1,0,unknown,0,young
technician,divorced,secondary,no,-26,yes,yes,cellular,20,nov,5,-1,0,unknown,0,young
blue-collar,married,primary,no,215,no,no,unknown,28,may,1,-1,0,unknown,0,older
unknown,divorced,secondary,no,516,no,no,unknown,7,jun,1,-1,0,unknown,0,older
blue-collar,divorced,primary,no,90,yes,no,telephone,4,jun,1,-1,0,unknown,0,young
technician,divorced,secondary,no,-133,no,no,unknown,1,jun,2,-1,0,unknown,0,older
management,divorced,tertiary,no,-3239,yes,no,unknown,16,jul,5,-1,0,unknown,0,older
management,married,tertiary,no,73,yes,no,unknown,6,may,2,-1,0,unknown,0,young
management,divorced,tertiary,no,537,yes,no,cellular,12,nov,4,101,10,failure,0,young
admin.,married,secondary,yes,185,no,no,cellular,8,apr,2,260,2,other,0,older
blue-collar,married,primary,no,771,no,no,cellular,3,feb,3,-1,0,unknown,0,older
technician,married,secondary,no,3825,no,no,cellular,22,oct,2,117,4,failure,0,older
blue-collar,married,primary,no,-215,yes,no,cellular,1,may,2,276,1,failure,0,young
blue-collar,married,secondary,no,228,no,no,cellular,20,jul,1,-1,0,unknown,0,young
retired,married,primary,no,3330,no,no,telephone,18,jun,5,-1,0,unknown,0,older
blue-collar,married,secondary,no,-131,yes,no,unknown,21,may,1,-1,0,unknown,0,young
entrepreneur,married,primary,no,121,yes,no,cellular,7,may,2,-1,0,unknown,0,young
blue-collar,married,primary,no,63,yes,no,cellular,27,may,2,-1,0,unknown,0,older
blue-collar,divorced,primary,no,-581,yes,no,unknown,15,may,2,-1,0,unknown,0,young
blue-collar,married,primary,no,873,yes,no,cellular,13,may,3,340,9,success,0,young
technician,divorced,tertiary,no,3590,yes,no,cellular,15,oct,4,105,1,success,0,young
management,divorced,secondary,no,71,yes,no,cellular,12,jul,5,-1,0,unknown,0,young
management,single,tertiary,no,1200,no,no,cellular,22,aug,15,-1,0,unknown,0,young
unemployed,divorced,secondary,no,-112,yes,no,unknown,4,may,3,-1,0,unknown,0,young
management,divorced,secondary,no,-8,yes,no,cellular,20,nov,4,76,10,other,0,older
admin.,married,secondary,no,183,yes,no,cellular,4,may,1,-1,0,unknown,0,young
management,married,tertiary,no,-546,yes,yes,cellular,10,jul,1,-1,0,unknown,0,older
blue-collar,married,secondary,no,371,yes,no,cellular,25,may,3,277,4,other,0,older
blue-collar,married,primary,no,1392,yes,yes,cellular,10,may,1,-1,0,unknown,0,older
blue-collar,married,secondary,no,1739,yes,no,cellular,14,apr,3,349,1,other,1,young
blue-collar,married,primary,no,-7,no,no,unknown,5,jun,2,-1,0,unknown,0,older
self-employed,married,secondary,no,13506,yes,no,cellular,20,nov,4,-1,0,unknown,0,young
technician,married,secondary,no,2229,no,no,telephone,8,jul,3,-1,0,unknown,0,older
technician,divorced,secondary,no,592,no,no,cellular,14,jul,5,-1,0,unknown,0,older
management,single,tertiary,no,11,yes,no,unknown,4,may,1,-1,0,unknown,0,young
services,divorced,secondary,no,734,yes,no,unknown,3,jun,1,262,4,failure,0,young
blue-collar,married,secondary,no,2079,no,no,telephone,28,mar,2,-1,0,unknown,0,older
blue-collar,single,secondary,no,2955,yes,no,cellular,15,apr,2,258,1,other,0,young
housemaid,married,primary,no,519,yes,no,cellular,20,aug,4,-1,1,unknown,0,young
technician,single,secondary,no,45,yes,no,unknown,27,apr,11,-1,0,unknown,0,young
blue-collar,married,secondary,no,72,yes,no,cellular,7,jul,2,-1,0,unknown,0,older
management,single,tertiary,no,-51,no,no,cellular,13,aug,4,-1,0,unknown,0,young
unemployed,single,secondary,no,373,yes,no,cellular,4,jun,1,-1,1,failure,0,young
technician,divorced,primary,no,-229,yes,no,telephone,8,may,2,326,2,failure,0,older
self-employed,married,primary,no,198,yes,no,cellular,3,nov,3,420,4,failure,0,older
blue-collar,married,secondary,yes,-49,yes,yes,cellular,20,apr,2,-1,0,unknown,0,young
blue-collar,married,secondary,no,1838,no,no,unknown,1,jun,7,-1,0,unknown,0,young
student,single,unknown,no,834,no,no,unknown,2,jun,1,-1,0,unknown,0,young
technician,married,tertiary,no,5278,no,no,cellular,30,jan,1,93,1,other,0,older
management,divorced,tertiary,no,-1020,yes,no,unknown,24,may,3,-1,0,unknown,0,young
management,married,tertiary,no,44,yes,no,unknown,6,may,1,-1,0,unknown,0,older
blue-collar,married,secondary,no,-142,yes,no,unknown,16,may,14,-1,0,unknown,0,young
blue-collar,married,primary,no,2518,yes,no,cellular,13,jul,2,-1,0,unknown,0,older
blue-collar,single,secondary,no,83,yes,no,cellular,17,may,5,-1,0,unknown,0,young
blue-collar,single,secondary,yes,22,yes,no,cellular,21,jul,1,-1,0,unknown,0,older
technician,divorced,tertiary,no,4003,no,no,cellular,11,oct,1,111,1,failure,0,young
services,single,secondary,no,776,yes,no,unknown,5,may,2,-1,0,unknown,0,young
entrepreneur,divorced,tertiary,no,3044,no,no,cellular,21,nov,2,-1,0,unknown,1,older
management,single,tertiary,no,248,no,no,cellular,23,oct,1,95,1,success,1,young
services,single,secondary,yes,15,yes,yes,cellular,17,jul,3,-1,0,unknown,0,older
retired,divorced,secondary,no,-39,no,no,cellular,12,feb,2,252,2,failure,0,older
self-employed,divorced,secondary,no,3325,no,no,cellular,15,dec,2,126,1,success,1,older
blue-collar,single,secondary,no,-680,yes,no,unknown,20,may,1,-1,0,unknown,0,young
blue-collar,married,secondary,no,2059,no,no,unknown,10,jun,2,-1,0,unknown,1,older
self-employed,married,secondary,no,-198,yes,yes,unknown,22,may,3,-1,0,unknown,0,young
services,married,secondary,no,409,no,no,cellular,12,apr,1,97,1,failure,0,older
services,married,secondary,no,1480,yes,no,unknown,20,jun,2,-1,0,unknown,0,young
self-employed,married,tertiary,no,1074,no,no,cellular,15,jul,2,173,2,unknown,1,older
management,married,tertiary,no,-268,yes,no,unknown,14,may,1,-1,0,unknown,0,young
blue-collar,married,secondary,no,3515,no,no,cellular,2,sep,1,181,2,failure,0,young
blue-collar,married,secondary,no,2465,yes,no,cellular,3,feb,2,261,1,failure,0,young
blue-collar,married,primary,no,-137,yes,no,unknown,22,jun,3,-1,0,unknown,0,young
blue-collar,single,primary,no,5823,no,no,telephone,5,feb,4,92,1,other,0,older
retired,married,primary,no,257,no,no,cellular,2,feb,1,122,2,failure,0,young
management,divorced,tertiary,no,2957,no,no,cellular,18,nov,2,-1,0,unknown,0,young
retired,married,primary,no,2585,no,no,telephone,21,jun,1,-1,0,unknown,0,older
blue-collar,married,secondary,no,-349,yes,no,cellular,27,oct,4,259,3,failure,0,older
housemaid,married,primary,no,58,yes,yes,cellular,1,feb,1,275,1,failure,0,older
management,single,tertiary,no,2376,yes,no,unknown,20,jun,6,-1,0,unknown,0,young
technician,single,tertiary,no,-634,yes,no,cellular,2,feb,1,284,3,failure,0,young
blue-collar,divorced,primary,no,1251,no,no,unknown,19,jun,3,-1,0,unknown,0,young
self-employed,married,tertiary,no,59,yes,no,cellular,21,nov,1,-1,0,unknown,0,older
blue-collar,married,tertiary,no,346,yes,no,cellular,3,may,3,354,6,failure,0,young
technician,married,secondary,no,2437,yes,no,telephone,22,nov,1,94,6,success,1,young
blue-collar,married,primary,no,76,no,no,cellular,21,aug,4,-1,0,unknown,0,young
blue-collar,married,primary,no,-836,yes,no,cellular,14,may,3,-1,0,unknown,0,young
technician,married,secondary,no,91,no,no,cellular,17,jul,1,-1,0,unknown,0,older
services,married,secondary,no,-344,yes,yes,cellular,4,jul,10,-1,0,unknown,0,older
blue-collar,married,primary,no,172,no,no,unknown,15,aug,1,-1,0,unknown,0,young
services,married,secondary,no,368,yes,no,cellular,12,mar,1,-1,0,unknown,0,young
blue-collar,married,primary,no,-582,yes,no,unknown,19,may,3,-1,0,unknown,0,young
technician,single,secondary,no,115,yes,no,cellular,14,jan,1,279,1,failure,1,young
technician,single,tertiary,no,174,yes,no,unknown,15,may,3,-1,0,unknown,0,young
management,married,secondary,no,130,no,no,cellular,5,aug,7,-1,0,unknown,0,older
services,married,secondary,no,350,yes,no,unknown,13,may,3,-1,0,unknown,0,older
housemaid,married,primary,no,233,no,no,cellular,17,jun,2,-1,0,unknown,0,older
services,married,secondary,no,829,no,no,cellular,18,may,3,-1,0,unknown,0,young
admin.,married,secondary,yes,-716,no,no,cellular,23,jul,1,-1,0,unknown,0,young
management,married,tertiary,no,1117,no,yes,unknown,20,jun,1,-1,0,unknown,0,young
management,single,tertiary,no,3680,no,no,cellular,6,dec,2,95,6,success,1,young
admin.,married,secondary,no,1490,yes,no,cellular,12,apr,5,119,11,other,0,young
management,married,tertiary,yes,166,no,yes,cellular,18,jul,2,-1,0,unknown,0,older
management,married,tertiary,no,-1126,yes,yes,unknown,26,may,15,-1,0,unknown,0,young
unemployed,divorced,secondary,no,272,no,no,cellular,19,nov,1,-1,0,unknown,0,older
management,married,primary,no,794,yes,no,cellular,20,jul,1,353,2,failure,0,young
technician,single,tertiary,no,218,no,no,cellular,23,jul,1,-1,0,unknown,0,young
blue-collar,married,primary,no,3224,no,no,telephone,16,nov,1,-1,0,unknown,0,older
services,married,secondary,yes,-16,no,no,cellular,5,jul,1,-1,0,unknown,1,young
technician,single,secondary,no,875,yes,no,cellular,21,apr,4,-1,0,unknown,0,young
technician,married,secondary,no,688,yes,no,cellular,20,apr,1,-1,0,unknown,0,young
blue-collar,married,primary,no,1664,no,no,telephone,28,jan,5,336,10,other,0,older
blue-collar,married,secondary,no,-122,yes,yes,unknown,28,may,1,-1,0,unknown,0,older
admin.,single,secondary,no,3882,yes,no,telephone,15,oct,3,344,3,other,0,young
technician,married,secondary,no,356,yes,no,unknown,6,feb,1,-1,0,unknown,0,older
management,single,tertiary,no,86,yes,no,unknown,11,may,5,-1,0,unknown,0,young
technician,divorced,secondary,no,2081,yes,no,cellular,13,may,1,-1,1,failure,1,young
self-employed,married,tertiary,no,2820,no,no,cellular,14,jul,1,-1,0,unknown,0,older
technician,divorced,secondary,no,532,no,no,cellular,8,may,10,-1,0,unknown,0,older
services,married,secondary,no,154,no,no,cellular,7,jul,3,-1,0,unknown,0,young
technician,married,secondary,no,9987,no,no,cellular,18,nov,4,94,1,success,1,young
technician,married,secondary,no,745,yes,no,cellular,28,jul,1,-1,0,unknown,0,older
management,divorced,secondary,no,333,no,no,cellular,20,nov,3,-1,1,unknown,0,young
self-employed,single,secondary,no,1829,yes,no,cellular,18,apr,1,347,1,failure,0,young
technician,divorced,secondary,no,-71,yes,no,unknown,20,may,3,-1,0,unknown,0,young
services,single,secondary,no,118,yes,no,cellular,12,may,2,-2,0,unknown,1,young
housemaid,married,primary,no,196,yes,no,cellular,20,apr,1,349,4,failure,0,older
blue-collar,divorced,secondary,yes,-233,yes,yes,unknown,20,jul,10,-1,0,unknown,0,older
management,single,tertiary,no,4335,no,no,cellular,21,sep,1,91,9,other,1,young
blue-collar,married,secondary,no,818,no,no,unknown,5,jun,5,-1,0,unknown,0,young
admin.,married,secondary,no,174,no,no,cellular,12,mar,2,89,3,success,1,young
blue-collar,married,secondary,no,1942,yes,no,cellular,28,apr,3,123,10,other,0,young
blue-collar,married,primary,no,1281,yes,no,unknown,11,may,3,-1,0,unknown,0,young
management,married,tertiary,yes,1326,no,no,unknown,10,dec,2,-1,0,success,1,young
technician,divorced,secondary,no,763,no,no,unknown,16,may,1,-1,0,unknown,0,young
blue-collar,divorced,secondary,no,1262,yes,no,cellular,18,mar,4,119,4,other,0,young
technician,single,secondary,no,183,no,yes,unknown,21,may,1,-1,0,unknown,0,young
self-employed,married,primary,no,179,no,yes,unknown,14,may,1,-1,0,unknown,0,older
technician,married,tertiary,no,3826,yes,no,cellular,18,nov,4,179,1,failure,0,older
blue-collar,married,primary,no,184,yes,no,cellular,8,may,3,348,1,failure,0,young
blue-collar,married,primary,no,-34,yes,no,unknown,24,may,2,-1,0,unknown,0,young
blue-collar,married,primary,no,-58,no,no,cellular,13,aug,1,-1,0,unknown,0,young
technician,single,tertiary,no,275,no,no,cellular,29,jul,13,-1,0,unknown,0,young
entrepreneur,married,tertiary,no,-77,yes,no,cellular,21,aug,2,-1,0,unknown,0,young
blue-collar,married,secondary,yes,-386,no,no,cellular,9,jul,3,-1,0,unknown,0,older
management,divorced,tertiary,no,177,no,no,cellular,5,jul,1,-1,0,unknown,0,older
admin.,single,secondary,no,1448,yes,no,cellular,21,apr,1,-1,0,unknown,1,young
unemployed,single,secondary,no,323,no,no,cellular,5,aug,3,163,10,failure,0,young
retired,divorced,secondary,no,1936,no,no,telephone,4,feb,1,-1,1,unknown,0,older
admin.,divorced,secondary,no,139,no,no,cellular,20,nov,4,-1,0,unknown,0,older
blue-collar,married,secondary,no,366,yes,no,cellular,19,aug,4,-1,0,unknown,0,young
management,divorced,secondary,no,1565,no,no,telephone,29,mar,2,171,10,unknown,0,older
technician,divorced,secondary,no,6276,yes,no,unknown,18,may,3,-1,0,other,0,young
blue-collar,married,primary,yes,112,yes,no,unknown,19,jul,5,-1,0,unknown,0,older
technician,divorced,secondary,no,1530,yes,no,cellular,3,feb,1,127,1,success,0,young
blue-collar,divorced,primary,no,1368,yes,no,cellular,21,apr,2,-2,0,unknown,0,older
blue-collar,divorced,primary,no,667,yes,no,unknown,15,may,1,-1,0,unknown,0,older
services,married,secondary,no,372,yes,no,unknown,11,may,2,-1,0,unknown,0,young
management,married,primary,no,1512,yes,no,unknown,19,may,1,-1,0,unknown,0,young
technician,divorced,primary,no,-532,no,no,unknown,0,jun,1,-1,0,unknown,0,young
retired,married,primary,no,3419,no,no,cellular,14,oct,1,122,7,success,1,young
admin.,single,secondary,no,1904,no,no,cellular,23,jul,5,-1,0,unknown,0,young
unknown,married,unknown,no,-1716,no,no,unknown,12,may,6,-1,0,unknown,0,older
technician,single,secondary,no,136,no,no,cellular,26,aug,1,-1,0,unknown,0,young
technician,married,unknown,no,-268,yes,yes,cellular,4,may,5,-1,0,unknown,0,young
unemployed,married,secondary,yes,7460,no,no,cellular,2,feb,1,-1,0,unknown,1,young
blue-collar,married,secondary,no,254,no,no,unknown,26,may,3,-1,0,unknown,0,older
admin.,divorced,secondary,no,4165,no,no,cellular,22,jul,3,-1,0,unknown,1,young
housemaid,divorced,primary,no,696,no,no,telephone,17,jul,5,-1,0,unknown,0,older
technician,married,secondary,no,2189,no,no,cellular,19,nov,2,133,1,failure,0,older
admin.,married,primary,no,19,yes,no,cellular,15,may,1,-1,0,unknown,0,older
blue-collar,single,secondary,no,175,no,no,cellular,13,may,2,-1,0,unknown,0,young
blue-collar,divorced,primary,yes,529,yes,no,unknown,7,may,2,-1,0,unknown,0,older
housemaid,divorced,primary,no,730,no,no,telephone,20,jul,2,-1,0,unknown,0,older
admin.,married,secondary,no,2625,yes,no,unknown,3,may,1,-1,0,unknown,0,young
retired,married,secondary,no,2408,no,no,cellular,3,oct,1,96,0,unknown,1,older
unknown,married,unknown,no,-9,no,no,unknown,13,jun,3,-1,0,unknown,0,older
unknown,married,tertiary,no,466,no,no,unknown,19,jun,1,-1,0,unknown,0,older
technician,married,primary,no,227,no,no,cellular,20,aug,7,-1,0,unknown,0,older
technician,married,unknown,no,-89,yes,yes,cellular,26,jul,2,-1,0,unknown,0,young
technician,single,secondary,no,185,no,no,cellular,4,jun,2,-1,0,unknown,0,older
technician,married,secondary,no,3060,no,no,unknown,13,jun,1,-1,0,unknown,0,older
blue-collar,married,secondary,no,576,yes,no,cellular,18,aug,3,-1,0,unknown,0,young
unemployed,married,secondary,no,5570,no,no,unknown,2,jun,2,-1,0,unknown,0,young
blue-collar,divorced,secondary,no,5476,yes,no,cellular,13,apr,1,-1,0,unknown,0,young
technician,married,secondary,no,319,no,yes,cellular,17,aug,6,-1,0,unknown,0,young
technician,married,tertiary,no,-104,no,no,cellular,26,aug,7,145,9,other,0,young
unemployed,married,primary,no,-1260,yes,no,unknown,3,jun,1,-2,0,unknown,0,older
blue-collar,divorced,secondary,no,73,yes,no,cellular,25,jul,3,66,1,other,0,young
blue-collar,single,secondary,no,79,no,no,cellular,29,jan,2,274,1,failure,0,young
management,single,tertiary,yes,-182,no,yes,cellular,17,apr,2,0,0,unknown,1,young
retired,married,tertiary,yes,2710,no,no,cellular,11,aug,4,-1,4,unknown,0,older
blue-collar,married,primary,no,300,no,no,cellular,26,aug,10,-1,0,unknown,0,older
technician,married,secondary,yes,158,no,no,cellular,20,oct,1,182,1,failure,0,young
technician,divorced,primary,no,1164,yes,no,unknown,10,may,1,-1,0,unknown,0,older
technician,married,secondary,no,5103,yes,no,unknown,3,jun,2,-1,0,unknown,0,older
self-employed,divorced,primary,no,831,yes,no,cellular,9,dec,3,-1,0,unknown,0,older
technician,divorced,primary,no,-1,no,no,cellular,5,aug,5,-1,0,unknown,0,older
technician,married,secondary,no,1301,yes,no,cellular,27,apr,2,-1,0,unknown,0,young
blue-collar,married,secondary,no,87,no,yes,cellular,14,jul,3,-1,0,unknown,0,young
blue-collar,divorced,secondary,no,541,yes,no,telephone,8,nov,2,-1,0,unknown,0,older
admin.,married,secondary,no,368,yes,yes,cellular,15,jul,1,-1,0,unknown,0,older
self-employed,divorced,tertiary,no,1664,no,yes,cellular,20,nov,3,-1,0,unknown,0,young
management,divorced,secondary,no,1204,no,no,cellular,12,aug,4,-1,0,unknown,0,older
self-employed,married,secondary,no,452,yes,yes,unknown,5,may,3,-1,0,unknown,0,young
management,married,tertiary,no,547,no,no,cellular,13,may,3,281,4,other,0,young
management,divorced,tertiary,no,1541,no,no,cellular,23,aug,2,-1,0,unknown,0,older
services,married,secondary,no,787,yes,yes,cellular,13,aug,7,-1,0,unknown,0,older
technician,divorced,secondary,no,118,yes,no,unknown,19,may,1,-1,0,unknown,0,young
management,divorced,tertiary,no,-52,yes,no,unknown,13,may,4,-1,0,unknown,0,young
technician,divorced,secondary,no,1104,no,no,cellular,12,aug,5,-1,0,unknown,0,older
entrepreneur,single,secondary,no,208,yes,no,telephone,14,apr,1,-1,0,unknown,0,young
management,divorced,tertiary,no,503,no,no,cellular,32,aug,4,-1,0,unknown,0,young
management,married,tertiary,no,8259,yes,no,unknown,21,may,1,-1,0,unknown,0,older
blue-collar,divorced,secondary,no,192,no,no,cellular,19,nov,1,-1,0,unknown,0,young
technician,divorced,secondary,no,-9,yes,no,cellular,17,aug,5,-1,0,unknown,0,young
services,single,secondary,no,960,no,no,cellular,22,nov,4,185,1,failure,0,older
retired,married,primary,no,101,no,no,telephone,5,jun,2,-1,0,unknown,0,older
unknown,married,unknown,no,173,no,no,cellular,10,aug,1,-1,0,unknown,0,older
technician,married,secondary,no,492,no,no,cellular,24,aug,1,-1,0,unknown,0,young
technician,married,secondary,no,3536,no,no,cellular,19,jun,7,-1,0,unknown,0,older
technician,married,secondary,no,3651,yes,no,telephone,29,jan,2,-1,0,unknown,0,older
management,married,tertiary,no,2407,yes,no,cellular,20,jul,2,-1,0,unknown,0,older
retired,divorced,secondary,no,227,yes,no,cellular,12,may,1,348,3,failure,0,older
retired,married,primary,no,519,no,no,unknown,7,jun,1,-1,0,unknown,0,older
blue-collar,married,secondary,no,1322,yes,no,cellular,19,may,2,350,6,unknown,0,young
retired,married,secondary,no,-75,no,no,cellular,17,aug,4,-1,1,unknown,0,young
blue-collar,married,secondary,no,2661,yes,yes,unknown,0,may,3,-1,0,unknown,0,young
admin.,divorced,secondary,no,302,yes,no,unknown,7,may,1,-1,0,unknown,0,young
management,divorced,tertiary,no,154,no,no,cellular,23,nov,3,141,6,success,0,young
services,divorced,secondary,yes,-157,yes,yes,cellular,14,jul,2,-1,0,unknown,0,young
technician,married,secondary,yes,1011,no,no,telephone,31,jan,3,-1,0,unknown,0,older
blue-collar,divorced,primary,no,160,yes,no,unknown,21,may,3,-1,0,unknown,0,older
technician,married,secondary,no,2063,no,no,cellular,21,aug,2,-1,0,unknown,0,young
blue-collar,married,primary,no,582,yes,no,unknown,8,may,20,-1,0,unknown,0,older
management,married,tertiary,no,2365,no,no,unknown,9,jul,3,-1,0,unknown,0,young
unemployed,married,secondary,no,147,no,no,cellular,14,jul,2,-1,0,unknown,1,young
management,married,secondary,no,277,no,no,cellular,9,jul,2,-1,0,unknown,0,older
blue-collar,married,primary,no,2111,no,no,unknown,5,jun,2,-1,0,unknown,0,young
blue-collar,married,secondary,no,1623,no,yes,unknown,18,jun,4,-1,0,unknown,0,young
blue-collar,married,secondary,no,218,no,no,cellular,13,aug,5,-1,0,unknown,0,young
management,married,tertiary,no,135,yes,no,cellular,20,nov,1,-1,0,unknown,0,young
blue-collar,divorced,secondary,no,1817,no,no,cellular,15,apr,3,89,10,other,0,young
management,married,tertiary,no,156,no,no,cellular,10,jul,1,-1,0,unknown,0,older
self-employed,single,secondary,yes,824,yes,no,cellular,21,jul,2,0,0,unknown,0,young
technician,divorced,secondary,no,522,no,no,unknown,12,jun,1,-1,0,unknown,0,older
management,single,tertiary,no,1748,yes,no,cellular,28,dec,1,103,1,other,0,young
unemployed,divorced,secondary,no,1451,no,no,cellular,23,jul,3,0,0,unknown,0,young
technician,married,secondary,yes,-189,no,no,cellular,20,aug,9,-1,0,unknown,0,young
self-employed,married,secondary,yes,-155,yes,no,unknown,19,may,5,-1,0,unknown,0,young
management,single,tertiary,no,850,yes,no,cellular,11,feb,1,-1,0,unknown,0,young
technician,married,tertiary,no,1868,yes,no,cellular,30,feb,2,122,0,success,1,young
housemaid,married,primary,no,2635,no,no,telephone,21,aug,10,-1,0,unknown,0,older
management,divorced,tertiary,no,28,no,no,cellular,6,nov,2,90,1,failure,0,young
management,single,tertiary,no,28,yes,no,unknown,12,may,1,-1,0,unknown,0,young
blue-collar,divorced,secondary,no,222,no,no,cellular,27,may,1,-1,0,unknown,0,young
management,married,tertiary,no,1893,yes,no,cellular,11,jul,4,-1,0,unknown,0,young
management,divorced,tertiary,no,-110,no,no,unknown,20,jun,4,-2,0,unknown,0,young
unemployed,married,secondary,no,2203,yes,yes,cellular,1,feb,3,-1,0,unknown,0,young
technician,married,secondary,yes,-86,yes,yes,cellular,21,may,1,-1,10,unknown,0,young
admin.,single,secondary,no,6482,no,no,cellular,23,mar,2,94,4,success,1,young
technician,single,tertiary,no,29,no,no,unknown,20,jun,3,-1,0,unknown,0,young
blue-collar,single,secondary,no,589,yes,no,unknown,12,may,3,356,1,unknown,0,young
technician,married,secondary,no,-67,no,no,telephone,9,jul,7,-1,0,unknown,0,older
technician,single,secondary,no,836,yes,yes,cellular,22,jul,1,-1,3,failure,0,young
admin.,married,secondary,no,16818,no,no,telephone,10,oct,2,144,1,failure,0,young
retired,married,secondary,no,1907,no,no,cellular,28,aug,7,185,1,failure,0,older
blue-collar,married,primary,no,1612,yes,no,cellular,12,jan,3,89,1,failure,0,young
housemaid,married,secondary,no,48,yes,yes,cellular,18,jul,5,-1,0,unknown,0,older
unemployed,divorced,tertiary,no,3874,no,no,cellular,1,feb,2,259,1,failure,0,older
admin.,married,secondary,no,-24,yes,no,cellular,17,apr,1,-1,0,unknown,0,young
technician,married,secondary,no,166,no,yes,cellular,19,jul,3,-1,0,unknown,0,young
technician,married,tertiary,no,1229,yes,no,cellular,5,jun,2,-1,0,unknown,0,young
student,single,unknown,no,230,no,no,cellular,11,aug,1,-1,0,unknown,0,young
technician,divorced,tertiary,no,186,yes,no,cellular,14,may,1,353,3,failure,0,young
technician,divorced,secondary,no,2851,no,yes,cellular,22,jul,1,-1,0,unknown,0,older
admin.,divorced,secondary,no,-134,no,no,unknown,21,jun,1,-1,0,unknown,0,young
student,single,secondary,no,82,yes,no,cellular,28,may,1,354,10,other,1,young
technician,single,secondary,no,509,yes,no,cellular,20,aug,1,-1,0,unknown,0,young
retired,single,primary,no,11753,no,no,cellular,10,feb,3,144,1,failure,1,older
unemployed,married,secondary,no,2434,no,no,telephone,29,sep,1,-1,0,unknown,1,older
technician,married,secondary,no,-1292,yes,no,unknown,24,may,1,-1,0,unknown,0,older
retired,married,primary,no,-283,yes,no,unknown,13,may,3,-1,0,unknown,0,older
admin.,single,secondary,no,208,yes,no,unknown,25,may,3,-1,0,unknown,0,young
technician,single,secondary,no,346,no,no,cellular,17,aug,1,-1,0,unknown,0,young
admin.,married,primary,no,850,yes,no,cellular,15,may,5,344,10,other,0,young
unemployed,married,secondary,no,-3,yes,no,cellular,18,apr,4,-1,0,unknown,0,young
technician,divorced,secondary,yes,-19,yes,no,unknown,5,may,1,-1,0,unknown,0,young
retired,married,unknown,no,2782,no,no,unknown,10,jun,3,-1,0,unknown,0,older
blue-collar,married,primary,no,1355,no,no,unknown,12,jun,2,-1,0,unknown,1,older
technician,married,primary,no,205,yes,no,unknown,5,may,3,-1,0,unknown,0,older
blue-collar,married,primary,yes,-93,yes,no,cellular,21,may,2,-1,0,unknown,0,older
housemaid,married,secondary,no,211,no,no,cellular,19,nov,3,155,4,other,0,young
unemployed,married,unknown,no,1909,no,no,cellular,3,feb,3,355,0,unknown,0,young
blue-collar,married,secondary,no,1152,no,no,telephone,20,jun,5,-1,0,unknown,0,young
retired,married,primary,no,432,no,no,cellular,7,aug,3,-1,0,unknown,0,older
student,single,tertiary,no,13212,yes,no,unknown,8,may,3,-1,0,unknown,0,young
technician,single,secondary,no,2286,no,no,cellular,18,apr,2,152,9,success,0,young
self-employed,married,tertiary,no,-30,yes,no,cellular,23,apr,2,95,1,failure,0,young
admin.,married,secondary,no,51,yes,yes,cellular,8,mar,3,-1,0,unknown,0,young
blue-collar,divorced,secondary,yes,-23,yes,no,cellular,21,jul,9,-1,0,unknown,0,young
unemployed,married,secondary,no,475,no,no,unknown,13,jun,6,-1,0,unknown,0,older
admin.,single,secondary,no,-24,yes,yes,unknown,18,may,2,-1,0,unknown,0,young
blue-collar,single,secondary,no,263,no,yes,cellular,16,jul,1,-1,0,unknown,0,young
retired,married,secondary,no,322,no,no,cellular,29,jul,7,-1,0,unknown,0,older
blue-collar,married,unknown,no,226,yes,no,cellular,11,feb,7,349,1,failure,0,young
self-employed,married,secondary,no,371,yes,no,unknown,11,may,1,0,0,unknown,0,older
management,divorced,secondary,no,792,yes,no,cellular,11,jan,2,270,1,failure,0,young
blue-collar,married,primary,no,220,no,no,cellular,14,jul,5,-1,0,unknown,0,older
blue-collar,married,secondary,no,3,yes,no,unknown,15,apr,5,-1,0,unknown,0,young
technician,married,tertiary,no,657,yes,yes,cellular,2,jul,2,183,4,failure,0,young
retired,married,primary,no,4024,no,no,telephone,18,apr,3,-1,0,unknown,0,older
management,married,tertiary,no,150,no,no,telephone,13,jul,7,-1,0,unknown,0,older
blue-collar,married,primary,no,4201,yes,no,cellular,19,apr,1,-1,0,unknown,0,young
technician,married,secondary,no,664,yes,no,cellular,20,may,3,169,6,other,0,young
management,married,tertiary,no,-309,yes,no,cellular,14,may,5,355,3,failure,1,young
technician,single,tertiary,no,-279,no,no,cellular,24,jul,10,-1,0,unknown,0,young
management,divorced,tertiary,no,3017,no,no,cellular,14,oct,1,130,1,failure,1,young
blue-collar,married,secondary,yes,-115,yes,no,unknown,12,jul,2,-1,0,unknown,0,older
technician,married,tertiary,no,531,no,no,cellular,25,aug,10,-1,0,unknown,0,young
unemployed,single,secondary,no,-96,yes,yes,unknown,16,may,4,-1,0,unknown,0,young
management,married,primary,no,1465,no,no,unknown,1,jun,2,-1,0,unknown,0,older
technician,single,secondary,no,670,yes,no,cellular,12,may,5,349,11,other,0,young
technician,single,secondary,no,682,no,no,cellular,28,jan,2,143,1,failure,0,young
blue-collar,married,secondary,no,977,no,no,cellular,4,feb,2,0,0,unknown,0,young
management,married,tertiary,no,299,yes,no,cellular,28,jul,4,285,4,other,0,young
technician,divorced,secondary,no,-10,no,no,cellular,21,aug,1,122,1,success,0,young
technician,divorced,secondary,no,-201,yes,no,cellular,29,may,4,-1,0,unknown,0,older
technician,married,secondary,no,1301,no,no,cellular,25,aug,2,-1,0,unknown,0,older
technician,divorced,secondary,no,37,no,no,cellular,20,nov,2,-1,0,unknown,0,young
technician,married,secondary,no,637,yes,no,unknown,3,jun,2,-1,0,unknown,0,older
services,single,secondary,no,-133,yes,no,unknown,10,may,2,-1,0,unknown,0,young
blue-collar,married,secondary,no,-542,yes,no,unknown,23,may,3,-1,0,unknown,0,young
technician,married,secondary,yes,5338,yes,no,cellular,18,nov,2,91,6,failure,0,young
admin.,married,secondary,no,223,no,no,cellular,9,jul,4,-1,0,unknown,0,young
technician,divorced,secondary,no,149,no,no,cellular,11,aug,2,132,2,failure,0,young
technician,single,tertiary,no,-29,yes,no,unknown,12,may,1,-1,0,unknown,0,young
admin.,married,secondary,no,203,yes,no,cellular,11,may,1,354,1,failure,0,young
retired,married,primary,no,2028,no,no,cellular,1,feb,2,268,4,failure,1,young
blue-collar,married,primary,no,1546,yes,no,unknown,11,may,1,-1,0,unknown,0,older
technician,married,secondary,yes,153,no,yes,cellular,21,jul,2,-1,0,unknown,0,young
technician,single,tertiary,no,-683,no,no,unknown,27,aug,2,-1,0,unknown,0,young
retired,married,primary,no,190,no,no,cellular,18,may,3,184,1,failure,0,older
technician,married,tertiary,no,763,yes,no,unknown,2,feb,1,-1,0,unknown,0,young
blue-collar,married,primary,no,805,yes,no,cellular,6,feb,1,175,1,failure,0,older
retired,divorced,primary,no,2188,no,yes,cellular,13,jul,1,-1,0,unknown,0,young
technician,divorced,tertiary,no,6374,no,no,telephone,16,nov,8,160,1,failure,0,older
technician,divorced,secondary,yes,158,no,no,cellular,20,nov,2,-1,0,unknown,0,older
management,single,tertiary,no,-520,no,no,cellular,6,aug,4,-1,0,unknown,0,young
blue-collar,divorced,tertiary,no,28,yes,no,cellular,13,may,4,341,1,failure,0,young
blue-collar,married,secondary,no,180,yes,no,cellular,13,jul,3,-1,0,unknown,0,older
admin.,divorced,secondary,no,10,yes,no,unknown,17,may,1,-1,0,unknown,0,young
management,divorced,secondary,no,-48,no,no,cellular,13,aug,4,-1,0,unknown,0,older
technician,married,secondary,no,598,yes,no,cellular,3,jul,3,122,1,failure,0,older
management,married,tertiary,no,532,yes,no,unknown,7,oct,1,-1,0,unknown,0,young
blue-collar,married,secondary,no,1081,yes,no,cellular,5,feb,2,355,2,failure,0,young
blue-collar,married,secondary,yes,651,no,no,cellular,14,jul,1,-1,0,unknown,0,older
services,divorced,secondary,no,677,yes,no,unknown,24,may,1,-1,0,unknown,0,young
entrepreneur,married,secondary,no,2036,no,no,unknown,18,jun,3,-1,0,unknown,0,young
blue-collar,single,secondary,no,943,yes,no,cellular,14,apr,3,-1,0,unknown,0,young
entrepreneur,married,primary,no,421,yes,no,unknown,28,may,2,-1,0,unknown,0,young
technician,single,secondary,no,-1310,no,no,unknown,23,may,4,-1,0,unknown,0,young
blue-collar,married,unknown,no,696,yes,no,unknown,2,jun,3,345,0,unknown,0,young
blue-collar,married,secondary,no,12,yes,no,unknown,18,may,3,-1,0,unknown,0,young
management,married,tertiary,no,1836,yes,no,cellular,5,feb,2,-1,0,unknown,1,older
blue-collar,divorced,primary,no,1675,yes,no,unknown,2,may,5,-1,0,unknown,0,young
management,married,secondary,no,57,no,no,cellular,24,jul,2,-1,0,unknown,0,older
retired,married,primary,no,1606,no,no,cellular,11,mar,2,-1,0,unknown,1,older
retired,married,tertiary,no,3517,no,no,cellular,4,oct,1,-1,6,unknown,1,older
technician,divorced,tertiary,yes,5697,yes,no,cellular,20,nov,2,139,4,other,0,young
student,married,unknown,no,14283,no,no,cellular,20,nov,1,99,1,failure,1,young
blue-collar,married,primary,no,172,no,no,cellular,19,jul,2,-1,0,unknown,0,older
technician,married,primary,yes,-1,no,no,telephone,5,aug,1,-1,0,unknown,0,young
management,married,primary,no,-43,yes,no,unknown,8,may,1,-1,0,unknown,0,young
housemaid,married,primary,no,206,no,no,cellular,20,jul,2,-1,0,unknown,0,older
blue-collar,married,primary,no,2295,yes,no,cellular,14,feb,3,98,6,other,0,older
technician,divorced,secondary,no,428,no,no,cellular,28,jan,7,-1,0,unknown,0,young
blue-collar,married,primary,no,721,yes,yes,unknown,19,may,2,-1,0,unknown,0,older
services,married,secondary,no,3922,yes,no,cellular,14,apr,3,128,1,failure,0,young
blue-collar,married,secondary,no,-299,yes,no,unknown,9,may,2,-1,0,unknown,0,young
self-employed,divorced,tertiary,no,2010,no,no,unknown,19,jun,2,-1,0,unknown,1,young
blue-collar,single,primary,no,-99,yes,no,unknown,12,may,4,-1,0,unknown,0,young
technician,married,secondary,no,-252,yes,no,unknown,10,may,3,-1,0,unknown,0,young
services,married,secondary,no,2394,no,yes,cellular,4,dec,2,-1,0,unknown,1,older
technician,married,unknown,no,-4,no,yes,unknown,18,jun,1,-1,0,unknown,0,older
self-employed,married,secondary,no,36,yes,no,cellular,13,may,1,-1,0,unknown,0,young
technician,married,secondary,no,281,yes,no,unknown,21,may,3,-1,0,unknown,0,young
retired,married,primary,no,1155,no,no,telephone,13,jul,1,-1,0,unknown,0,older
technician,married,primary,no,2256,yes,no,unknown,15,jun,1,-2,0,unknown,0,older
retired,divorced,secondary,no,384,yes,no,cellular,28,jan,1,248,2,failure,0,older
blue-collar,married,primary,no,80,yes,no,cellular,18,may,1,-1,0,unknown,0,young
management,divorced,tertiary,no,-21,yes,no,unknown,19,may,4,-1,0,unknown,0,older
unemployed,single,tertiary,no,-37,no,no,cellular,27,oct,1,75,1,failure,0,older
technician,married,secondary,no,670,yes,no,unknown,28,may,1,-1,0,unknown,0,older
blue-collar,married,primary,no,368,no,no,unknown,4,may,4,-1,0,unknown,0,older
blue-collar,married,primary,no,245,yes,no,cellular,7,aug,3,-1,0,unknown,0,older
technician,married,secondary,no,79,no,no,unknown,20,jun,1,-1,0,unknown,0,older
technician,single,secondary,no,-5,yes,no,unknown,21,may,1,-1,0,unknown,0,young
self-employed,divorced,secondary,no,3124,yes,no,cellular,18,jan,5,135,5,other,0,young
management,married,primary,no,133,no,yes,telephone,6,feb,1,-1,0,unknown,0,older
blue-collar,single,secondary,no,135,no,no,cellular,16,sep,1,-1,0,unknown,1,young
technician,married,secondary,no,1413,yes,no,unknown,20,may,1,-1,0,unknown,0,young
blue-collar,single,unknown,no,804,yes,no,cellular,21,apr,4,-1,0,unknown,0,young
technician,divorced,tertiary,no,219,no,no,cellular,12,oct,2,268,3,failure,0,older
blue-collar,married,secondary,yes,-26,no,yes,cellular,6,jul,2,-1,0,unknown,0,young
blue-collar,divorced,primary,no,181,yes,no,cellular,15,apr,4,-1,0,unknown,0,older
technician,single,secondary,no,-130,yes,no,unknown,13,may,2,-1,0,unknown,0,young
management,married,tertiary,no,-589,no,no,unknown,17,aug,7,-1,0,unknown,0,young
unknown,married,unknown,no,134,yes,no,unknown,3,may,1,-1,0,unknown,0,older
technician,divorced,secondary,no,504,yes,yes,telephone,22,jul,3,-1,0,unknown,0,older
technician,married,tertiary,no,-97,yes,no,cellular,4,may,1,355,1,failure,0,young
entrepreneur,married,tertiary,no,2734,yes,no,unknown,17,may,1,182,0,failure,0,young
technician,married,tertiary,no,4275,no,no,cellular,4,mar,2,180,1,success,1,older
blue-collar,married,secondary,no,75,yes,no,cellular,3,jul,1,-1,0,unknown,0,young
admin.,divorced,secondary,no,9,no,yes,cellular,30,jul,10,-1,0,unknown,0,young
management,married,tertiary,no,2295,no,no,cellular,20,jun,3,-1,0,unknown,0,young
admin.,married,secondary,no,587,no,no,cellular,11,nov,1,-1,0,unknown,0,young
management,single,tertiary,no,17,yes,no,cellular,23,aug,1,142,1,failure,0,young
management,divorced,secondary,no,5126,no,no,unknown,2,jun,1,91,0,success,1,young
retired,married,primary,no,765,no,no,cellular,6,aug,1,-2,0,unknown,0,older
entrepreneur,married,tertiary,no,559,no,no,cellular,29,jan,7,-1,0,unknown,0,older
blue-collar,divorced,secondary,no,-53,yes,no,cellular,11,may,1,-1,0,unknown,0,young
management,single,tertiary,no,6855,yes,no,unknown,21,may,5,-1,0,unknown,0,young
management,married,tertiary,no,318,no,no,cellular,14,mar,4,94,6,other,0,young
blue-collar,divorced,secondary,no,225,no,no,unknown,18,apr,1,-1,0,unknown,0,older
blue-collar,divorced,secondary,yes,-119,no,yes,cellular,17,jul,2,-1,0,unknown,0,older
blue-collar,single,secondary,no,-1970,yes,no,telephone,30,oct,4,147,10,other,0,young
blue-collar,married,secondary,no,131,no,yes,unknown,19,jul,1,-1,0,unknown,0,young
unemployed,married,secondary,no,2623,no,no,cellular,14,feb,1,-1,0,unknown,0,older
blue-collar,married,secondary,yes,463,yes,no,cellular,30,jan,5,-1,0,unknown,0,young
unknown,married,unknown,no,233,no,no,cellular,6,jul,7,-1,0,unknown,0,older
services,married,secondary,no,2188,yes,no,telephone,22,may,5,-1,0,failure,0,older
blue-collar,married,primary,no,3233,no,no,unknown,5,mar,2,-1,0,unknown,0,older
unemployed,married,secondary,no,4106,yes,no,cellular,9,apr,3,333,1,failure,0,older
blue-collar,married,unknown,no,670,no,no,unknown,8,jun,2,-1,0,unknown,0,older
management,single,tertiary,no,560,no,no,unknown,11,jun,13,-1,0,unknown,0,young
admin.,married,secondary,no,643,yes,no,cellular,6,nov,5,-1,0,unknown,0,young
entrepreneur,married,secondary,no,10406,no,no,cellular,20,dec,2,-1,0,unknown,0,young
management,single,secondary,no,-7,yes,no,cellular,18,aug,1,92,1,failure,0,young
retired,married,primary,no,297,no,no,telephone,2,jul,5,-1,0,unknown,0,older
services,divorced,secondary,no,874,yes,no,unknown,7,may,2,-1,0,unknown,0,young
management,divorced,tertiary,no,1082,no,no,cellular,17,jul,3,-1,0,unknown,0,young
blue-collar,divorced,primary,no,473,yes,no,cellular,18,nov,4,125,11,other,0,young
management,married,tertiary,no,856,no,no,cellular,11,aug,4,-1,0,unknown,0,young
blue-collar,married,secondary,no,-1024,yes,no,unknown,17,may,3,-1,0,unknown,0,young
blue-collar,married,primary,no,80,yes,yes,cellular,20,jul,1,-1,0,unknown,0,young
retired,divorced,secondary,no,-202,no,no,unknown,17,may,1,-1,0,unknown,0,older
self-employed,divorced,tertiary,no,164,no,no,cellular,27,aug,14,-1,0,unknown,0,young
self-employed,married,tertiary,no,666,no,yes,unknown,7,jun,1,-1,0,unknown,0,older
management,divorced,secondary,no,123,yes,no,cellular,20,nov,2,191,1,failure,0,young
student,single,unknown,no,-60,yes,no,unknown,24,may,1,-1,0,unknown,0,young
technician,divorced,secondary,no,127,no,no,unknown,21,may,1,-1,0,unknown,0,young
management,married,primary,no,1269,yes,no,unknown,2,may,2,-1,0,unknown,0,older
blue-collar,married,secondary,yes,-144,yes,no,cellular,28,jul,1,-1,0,unknown,0,young
technician,married,tertiary,no,559,no,yes,cellular,19,aug,5,176,1,failure,0,young
blue-collar,married,unknown,no,214,yes,no,cellular,6,may,1,-1,0,unknown,0,older
services,divorced,secondary,no,-947,yes,no,unknown,22,may,3,-1,0,unknown,0,young
services,married,secondary,no,384,yes,no,unknown,17,nov,3,-1,0,unknown,0,young
entrepreneur,married,secondary,no,2075,no,no,telephone,2,feb,7,-1,0,unknown,0,older
retired,married,secondary,no,1878,no,no,cellular,17,jul,1,-1,0,unknown,0,older
blue-collar,married,secondary,no,1738,no,no,cellular,4,aug,2,-1,0,unknown,0,older
services,married,unknown,no,70,no,no,cellular,7,aug,4,-1,0,unknown,0,young
technician,married,secondary,no,-64,yes,no,unknown,20,may,1,-1,0,unknown,0,young
management,single,tertiary,no,615,no,no,cellular,3,feb,2,96,1,success,1,young
management,married,tertiary,no,-345,yes,no,unknown,1,may,1,-1,0,unknown,0,young
retired,married,primary,no,6959,no,no,cellular,10,jun,1,-2,0,unknown,0,older
retired,married,primary,no,882,no,no,unknown,13,mar,1,-1,0,unknown,0,older
retired,married,secondary,no,3217,yes,no,telephone,1,sep,3,122,1,other,0,young
management,divorced,tertiary,no,26460,yes,no,cellular,20,nov,5,161,1,failure,0,young
blue-collar,married,primary,no,1108,yes,no,unknown,5,jun,2,-1,0,unknown,0,older
services,married,secondary,no,1371,yes,no,unknown,11,may,3,-1,0,unknown,0,older
blue-collar,divorced,secondary,yes,-294,no,no,unknown,5,jul,1,-1,0,unknown,0,older
management,single,tertiary,no,-143,yes,no,cellular,21,jul,12,-1,0,unknown,0,young
technician,married,secondary,no,1936,no,no,cellular,29,jul,7,-1,0,unknown,0,young
services,single,secondary,no,-108,no,yes,cellular,19,jul,1,-1,0,unknown,1,young
retired,divorced,unknown,no,1039,no,no,cellular,8,jul,3,-1,0,unknown,0,older
blue-collar,married,primary,yes,2274,yes,no,cellular,20,nov,5,176,1,failure,0,older
blue-collar,single,primary,no,1395,no,no,cellular,11,jul,10,-1,0,unknown,0,young
retired,divorced,secondary,no,2058,no,no,cellular,4,jul,1,-1,0,unknown,0,older
management,divorced,tertiary,no,3764,no,no,cellular,22,nov,4,-1,0,unknown,0,young
student,single,tertiary,no,4595,no,no,cellular,25,oct,1,98,1,success,0,young
management,divorced,tertiary,no,1228,yes,no,cellular,16,may,3,274,1,other,0,young
management,married,tertiary,no,258,yes,no,unknown,7,jun,3,-1,0,unknown,0,young
technician,divorced,secondary,no,1369,no,no,cellular,14,may,2,347,6,other,0,older
blue-collar,married,primary,no,610,no,no,unknown,12,jun,1,-1,0,unknown,0,young
blue-collar,single,secondary,no,20,yes,no,cellular,20,apr,3,-1,0,unknown,0,young
blue-collar,married,secondary,no,-78,yes,no,unknown,12,may,3,-1,0,unknown,0,young
management,married,tertiary,no,892,no,no,telephone,13,mar,3,-1,0,unknown,1,older
blue-collar,married,secondary,no,2346,yes,no,unknown,11,may,1,-1,0,unknown,0,young
admin.,single,secondary,no,498,yes,no,cellular,15,may,1,-1,0,unknown,0,young
technician,single,secondary,no,753,yes,no,unknown,17,apr,3,-1,0,unknown,0,young
student,single,secondary,no,2928,no,no,cellular,23,oct,3,178,4,other,0,young
technician,married,secondary,no,1886,no,yes,cellular,4,aug,1,-1,0,unknown,0,older
technician,divorced,secondary,no,542,no,no,unknown,16,jun,1,96,1,unknown,0,young
retired,married,secondary,no,3307,no,no,cellular,11,oct,2,182,0,other,1,older
admin.,married,secondary,no,329,no,no,cellular,14,apr,2,122,3,failure,0,young
blue-collar,single,secondary,no,1163,yes,no,cellular,18,aug,4,0,0,unknown,0,young
technician,single,secondary,no,3552,yes,no,cellular,11,may,3,346,1,unknown,1,young
technician,divorced,secondary,no,29,no,no,cellular,5,feb,2,-1,0,unknown,0,older
technician,married,secondary,no,-85,yes,no,cellular,17,nov,5,-1,0,unknown,0,young
technician,married,secondary,no,205,no,no,cellular,10,aug,4,-1,0,unknown,0,older
blue-collar,married,primary,no,2809,yes,no,telephone,1,feb,1,267,0,unknown,0,older
technician,divorced,secondary,no,432,no,no,cellular,23,aug,7,100,2,unknown,0,older
technician,single,secondary,no,3,yes,no,cellular,29,apr,1,-1,0,unknown,0,young
unknown,married,secondary,no,366,no,no,telephone,4,jun,4,-1,0,unknown,0,young
technician,divorced,tertiary,no,440,yes,no,cellular,30,jul,4,-1,0,unknown,0,older
management,married,tertiary,no,4306,yes,no,cellular,20,apr,1,181,4,failure,0,older
student,single,secondary,no,-440,yes,no,cellular,16,oct,3,148,1,failure,0,young
unemployed,married,tertiary,no,66,yes,no,cellular,20,oct,3,353,1,failure,0,young
technician,divorced,tertiary,no,180,no,no,cellular,5,may,1,-1,0,unknown,0,older
technician,married,secondary,no,-47,yes,no,cellular,6,aug,3,-1,3,other,0,older
blue-collar,married,primary,no,-32,yes,no,cellular,18,aug,1,-1,0,unknown,0,older
technician,married,secondary,no,1622,yes,no,unknown,14,may,1,-1,0,unknown,0,older
blue-collar,married,secondary,yes,517,no,yes,cellular,28,jul,1,-1,0,unknown,1,young
blue-collar,married,secondary,no,2396,yes,no,cellular,29,may,3,344,10,failure,0,young
retired,divorced,secondary,no,2691,no,no,cellular,19,jul,1,-1,0,unknown,0,older
entrepreneur,married,primary,no,1997,yes,yes,cellular,17,jun,2,-1,0,unknown,0,older
admin.,married,secondary,no,2912,no,no,unknown,9,jun,1,-1,0,unknown,0,older
management,divorced,tertiary,no,-3,yes,no,cellular,22,jul,4,-1,0,unknown,0,young
technician,single,secondary,no,11,no,no,cellular,16,jul,9,-1,0,unknown,0,young
management,married,tertiary,no,2882,no,no,cellular,11,jul,2,-1,0,unknown,0,young
unemployed,married,secondary,no,5431,no,no,cellular,3,apr,1,-1,0,unknown,1,older
blue-collar,married,secondary,yes,772,yes,yes,cellular,16,may,3,344,1,failure,0,young
blue-collar,married,primary,no,630,yes,no,unknown,13,may,1,-1,0,unknown,0,young
technician,married,secondary,no,1411,no,yes,cellular,29,aug,2,-1,0,unknown,0,young
technician,married,secondary,no,892,no,no,unknown,5,jun,1,-1,0,unknown,0,young
technician,married,secondary,no,180,no,no,cellular,6,feb,2,-1,0,unknown,0,young
self-employed,single,tertiary,no,744,yes,no,cellular,32,apr,4,363,4,unknown,0,young
management,single,tertiary,no,547,yes,no,cellular,3,oct,1,-1,0,unknown,0,young
retired,married,primary,no,599,no,no,telephone,2,aug,1,-1,0,unknown,0,older
management,divorced,primary,no,-65,yes,no,unknown,16,may,2,-1,0,unknown,0,older
management,divorced,tertiary,no,3075,yes,no,unknown,16,may,4,-1,0,unknown,0,young
technician,married,secondary,no,2661,no,no,cellular,1,jan,1,111,3,failure,0,young
management,married,tertiary,no,419,no,no,telephone,17,nov,5,-1,0,unknown,0,young
entrepreneur,married,tertiary,no,79,yes,yes,unknown,18,may,1,-1,0,unknown,0,young
blue-collar,married,secondary,no,655,yes,no,cellular,17,apr,3,-1,0,unknown,0,young
technician,divorced,secondary,no,1559,yes,no,cellular,29,apr,3,121,5,other,0,young
blue-collar,married,primary,yes,-74,yes,yes,cellular,20,jul,2,-1,0,unknown,0,young
management,married,tertiary,no,1428,yes,no,cellular,17,may,3,-1,0,unknown,0,young
self-employed,married,tertiary,no,-317,no,no,unknown,16,may,2,-1,0,unknown,0,older
blue-collar,married,primary,no,1259,yes,no,unknown,23,may,1,-1,0,unknown,0,young
blue-collar,single,secondary,no,-144,yes,no,cellular,22,may,3,-2,0,unknown,1,young
blue-collar,married,secondary,no,2154,no,no,unknown,24,jun,1,-1,0,unknown,0,young
technician,single,tertiary,no,384,yes,no,cellular,11,may,1,358,10,failure,0,young
blue-collar,married,primary,yes,-180,yes,no,unknown,11,may,5,-1,0,unknown,0,older
technician,married,secondary,no,80,yes,no,cellular,17,apr,2,-1,0,unknown,0,young
blue-collar,married,primary,no,-137,yes,no,unknown,21,may,1,362,1,failure,0,older
retired,married,secondary,no,445,no,no,unknown,4,may,2,-1,0,unknown,0,older
blue-collar,married,secondary,no,87,no,no,unknown,12,may,1,-1,0,unknown,0,young
blue-collar,married,secondary,no,378,yes,no,unknown,19,may,1,-1,0,unknown,0,young
entrepreneur,divorced,primary,no,992,yes,no,cellular,13,may,4,-1,0,unknown,0,older
management,married,tertiary,no,387,yes,yes,cellular,29,jul,3,-1,0,unknown,0,young
services,married,secondary,no,-92,yes,no,unknown,21,may,3,-1,0,unknown,0,young
housemaid,single,secondary,no,5441,no,no,cellular,19,nov,3,-1,0,unknown,0,young
blue-collar,married,primary,no,1310,yes,no,cellular,3,apr,2,-1,0,unknown,0,older
retired,married,primary,no,733,no,no,unknown,7,jun,1,-1,0,unknown,1,older
management,divorced,tertiary,no,794,no,no,cellular,29,aug,7,-1,0,unknown,0,young
management,single,tertiary,yes,-83,yes,no,cellular,28,feb,3,94,1,other,0,older
blue-collar,married,secondary,no,1162,yes,no,cellular,18,jul,8,-1,0,unknown,0,young
management,single,tertiary,no,2171,yes,no,unknown,14,may,3,-1,0,unknown,0,young
self-employed,single,secondary,no,6226,yes,no,unknown,21,apr,2,-1,0,unknown,0,young
blue-collar,married,secondary,no,442,yes,no,cellular,20,feb,2,-1,0,unknown,0,older
management,married,tertiary,no,973,yes,no,cellular,19,jan,3,-1,0,unknown,0,young
blue-collar,married,secondary,no,-37,yes,no,unknown,21,may,1,-1,0,unknown,0,older
blue-collar,divorced,secondary,no,5854,no,no,cellular,19,nov,1,182,1,success,0,young
blue-collar,married,secondary,yes,51,yes,no,unknown,24,jun,1,-1,0,unknown,0,older
blue-collar,married,secondary,no,3681,no,yes,cellular,17,jul,2,-1,0,unknown,0,older
management,married,tertiary,no,925,no,no,cellular,14,jul,7,-1,0,unknown,0,older
blue-collar,married,secondary,no,1500,no,no,cellular,24,mar,2,272,4,failure,0,young
technician,divorced,secondary,no,-114,yes,no,cellular,17,jul,1,-1,0,unknown,0,older
blue-collar,single,tertiary,no,147,yes,no,unknown,15,may,4,-1,0,unknown,0,young
blue-collar,married,secondary,no,185,no,no,cellular,21,jul,1,-1,0,unknown,1,young
blue-collar,single,tertiary,no,76,no,no,cellular,12,apr,1,-1,0,unknown,0,young
technician,married,secondary,no,841,yes,no,cellular,15,may,2,350,6,failure,0,young
self-employed,divorced,tertiary,no,22656,yes,no,cellular,22,nov,1,94,2,failure,0,older
services,married,secondary,no,-94,yes,yes,cellular,19,apr,3,-1,0,unknown,0,young
blue-collar,divorced,secondary,no,111,yes,no,cellular,14,may,4,351,10,other,1,young
blue-collar,single,secondary,no,5,yes,no,cellular,19,apr,1,340,1,failure,0,young
blue-collar,single,primary,no,-163,yes,no,unknown,12,may,1,-1,0,unknown,0,young
blue-collar,divorced,primary,no,-9,yes,no,unknown,13,may,3,-1,0,unknown,0,young
technician,married,secondary,no,-219,yes,no,unknown,10,may,1,353,1,failure,0,young
technician,married,secondary,no,3422,no,no,unknown,9,jun,7,-1,0,unknown,0,young
self-employed,married,tertiary,no,4364,yes,no,cellular,21,nov,2,187,3,success,0,young
services,divorced,secondary,no,2937,no,no,cellular,21,jul,5,-1,0,unknown,0,older
technician,married,secondary,no,45,yes,no,cellular,21,nov,1,-1,0,unknown,0,young
management,divorced,tertiary,no,2861,no,no,cellular,17,jul,4,-1,0,unknown,0,young
technician,single,primary,no,790,yes,no,cellular,25,apr,1,-1,0,unknown,0,young
technician,divorced,secondary,no,1712,yes,no,cellular,28,jan,7,178,10,other,0,young
blue-collar,married,secondary,no,52,yes,no,cellular,11,may,3,344,1,failure,0,young
blue-collar,married,primary,no,2266,no,no,unknown,7,jun,1,-1,0,unknown,0,older
blue-collar,married,unknown,no,2835,no,yes,cellular,18,jul,7,-1,0,unknown,0,older
management,married,tertiary,no,3504,no,no,cellular,20,aug,2,91,6,failure,0,older
admin.,single,unknown,yes,2207,no,no,cellular,3,aug,2,-1,0,unknown,0,young
blue-collar,single,primary,no,2253,yes,no,unknown,5,may,1,-1,0,unknown,0,young
blue-collar,married,secondary,no,-21,no,no,unknown,12,jun,2,-1,0,unknown,0,older
blue-collar,single,primary,no,42,yes,no,unknown,5,may,1,-1,0,unknown,0,young
retired,married,primary,no,750,no,no,unknown,3,jun,1,-1,0,unknown,0,older
technician,married,secondary,no,216,yes,yes,cellular,24,apr,3,-1,0,unknown,0,young
technician,single,secondary,yes,99,no,no,cellular,4,sep,7,148,0,failure,0,young
blue-collar,divorced,primary,no,2363,yes,no,unknown,22,jun,2,-1,0,unknown,0,older
technician,married,secondary,no,1049,no,no,telephone,21,jul,7,-1,0,unknown,0,older
housemaid,divorced,primary,no,189,no,no,unknown,6,jul,6,-1,0,unknown,0,older
technician,married,secondary,no,14120,yes,no,telephone,20,nov,1,-1,0,unknown,0,older
blue-collar,divorced,secondary,no,3861,yes,no,cellular,21,apr,1,359,1,failure,0,young
management,married,tertiary,no,908,no,no,unknown,7,jun,2,-1,0,unknown,0,young
student,single,secondary,no,21,yes,no,unknown,2,feb,5,-1,0,unknown,0,young
management,married,tertiary,no,2238,no,no,cellular,18,apr,1,339,1,failure,0,older
services,single,secondary,no,-166,yes,no,unknown,19,may,1,-1,0,unknown,0,young
unemployed,divorced,secondary,no,1479,no,no,cellular,16,jul,1,-1,0,unknown,0,older
management,divorced,tertiary,no,241,yes,yes,cellular,14,may,2,-1,0,unknown,0,young
services,married,secondary,no,930,no,no,cellular,17,aug,1,-1,0,unknown,0,young
unemployed,divorced,secondary,no,181,no,no,cellular,4,mar,2,-1,0,unknown,0,young
unknown,married,primary,yes,2640,no,no,unknown,5,jun,1,-1,0,unknown,0,older
blue-collar,single,tertiary,no,115,yes,no,cellular,6,may,1,362,1,other,0,young
self-employed,married,primary,no,19871,no,no,cellular,11,oct,2,123,1,failure,0,older
technician,married,tertiary,no,699,no,no,cellular,25,aug,4,-1,0,unknown,0,young
technician,single,secondary,no,-92,no,no,cellular,22,nov,4,138,10,failure,0,young
blue-collar,divorced,primary,no,4524,no,no,cellular,17,nov,1,-1,0,unknown,0,older
blue-collar,married,primary,no,883,no,no,cellular,13,feb,4,-1,0,unknown,0,older
services,married,secondary,no,674,yes,no,cellular,8,jul,2,-1,0,unknown,0,young
retired,divorced,secondary,no,107,no,no,unknown,19,jun,4,-1,0,unknown,0,older
management,divorced,primary,no,114,yes,no,cellular,10,jul,1,102,3,failure,0,young
blue-collar,married,secondary,no,217,yes,no,cellular,12,may,1,421,10,failure,0,young
technician,single,secondary,no,-131,yes,no,unknown,20,may,1,-1,0,unknown,0,young
unknown,married,unknown,no,206,no,no,unknown,17,jun,1,-1,0,unknown,0,older
entrepreneur,married,secondary,no,1049,yes,no,cellular,14,jul,2,-1,0,unknown,0,older
blue-collar,married,primary,no,4282,yes,no,cellular,16,apr,2,-1,0,unknown,0,older
blue-collar,single,primary,no,99,yes,no,cellular,16,apr,4,-2,0,unknown,0,young
technician,married,secondary,no,-208,yes,no,unknown,23,may,3,-1,0,unknown,0,young
management,married,tertiary,no,940,no,no,cellular,23,aug,1,121,1,success,1,young
technician,married,unknown,no,434,no,no,cellular,5,mar,1,92,1,failure,0,older
services,married,secondary,no,44,no,no,unknown,5,jun,4,-1,0,unknown,0,young
technician,single,unknown,no,2179,no,no,cellular,11,may,1,-1,0,unknown,0,older
unemployed,married,secondary,no,363,no,no,cellular,13,apr,1,-1,0,unknown,0,older
retired,divorced,secondary,yes,138,no,yes,unknown,4,feb,2,-1,0,unknown,0,older
blue-collar,married,secondary,no,2664,yes,no,cellular,24,apr,4,-1,0,unknown,0,young
technician,married,tertiary,no,813,no,no,cellular,21,nov,4,-1,0,unknown,0,older
management,married,tertiary,no,108,yes,no,cellular,25,jan,3,-1,0,unknown,0,young
blue-collar,married,secondary,yes,-537,yes,no,unknown,8,may,1,-1,0,unknown,0,older
technician,married,secondary,no,2686,no,no,cellular,28,aug,3,-1,0,unknown,0,older
blue-collar,married,primary,no,-28,yes,yes,unknown,11,may,4,-1,0,unknown,0,young
unknown,married,secondary,no,236,no,no,unknown,4,jun,1,-1,0,unknown,0,older
retired,married,secondary,no,3624,yes,no,cellular,15,may,3,-1,0,unknown,0,older
blue-collar,divorced,secondary,no,-75,yes,no,unknown,15,may,3,-1,0,unknown,0,young
admin.,married,secondary,no,2810,no,no,cellular,22,apr,2,96,1,success,1,young
blue-collar,married,secondary,yes,-76,yes,yes,cellular,12,jul,4,-1,0,unknown,0,young
blue-collar,divorced,primary,no,392,yes,no,unknown,11,may,2,-1,0,unknown,0,older
entrepreneur,married,secondary,no,3163,yes,no,cellular,15,dec,1,104,1,success,0,young
management,married,tertiary,no,-16,yes,no,cellular,20,nov,3,181,1,failure,0,young
student,single,secondary,no,1726,no,no,cellular,3,mar,3,190,9,success,1,young
unemployed,married,secondary,no,-398,yes,no,telephone,27,may,7,265,2,failure,0,young
blue-collar,divorced,primary,yes,170,no,yes,telephone,14,jul,1,-1,0,unknown,0,older
management,divorced,tertiary,no,6,yes,no,cellular,20,nov,3,-1,0,unknown,0,young
admin.,married,secondary,no,576,yes,no,cellular,20,apr,3,-1,0,unknown,0,young
admin.,married,secondary,no,320,no,no,cellular,10,aug,1,-1,0,unknown,0,young
retired,married,secondary,no,3844,no,no,telephone,12,feb,10,-1,0,unknown,0,older
technician,single,secondary,no,858,yes,no,cellular,19,apr,4,109,2,failure,0,young
technician,married,secondary,no,-203,yes,no,unknown,5,may,3,-1,0,unknown,1,young
blue-collar,married,secondary,yes,-329,yes,yes,unknown,29,may,3,-1,0,unknown,0,older
unknown,married,primary,no,220,no,no,telephone,6,aug,2,-1,0,unknown,0,older
services,married,secondary,yes,-701,no,no,unknown,11,jun,9,-1,0,unknown,0,older
self-employed,divorced,secondary,no,-30,yes,no,cellular,30,jul,1,-1,0,unknown,0,young
management,single,tertiary,no,206,no,no,cellular,11,aug,2,-1,0,unknown,0,young
admin.,married,secondary,no,1103,yes,no,cellular,1,may,3,-1,0,failure,0,older
self-employed,single,tertiary,no,243,yes,no,cellular,5,may,1,353,1,failure,0,young
blue-collar,married,secondary,yes,659,yes,no,cellular,18,nov,1,-1,0,unknown,0,older
blue-collar,married,secondary,no,1005,yes,no,cellular,6,jul,2,-1,0,unknown,0,older
management,married,tertiary,no,1257,yes,no,unknown,3,jun,2,-1,0,unknown,0,young
technician,married,secondary,no,567,yes,no,cellular,20,jun,1,-1,0,unknown,0,older
unemployed,married,secondary,no,684,no,no,cellular,17,jul,1,-1,0,unknown,0,older
management,divorced,tertiary,no,2646,yes,no,cellular,10,feb,2,113,10,other,0,young
management,married,unknown,no,3565,yes,no,unknown,2,jul,2,-1,0,unknown,0,older
entrepreneur,divorced,secondary,no,4045,no,no,cellular,23,oct,3,93,6,success,1,young
blue-collar,divorced,primary,no,1680,no,no,unknown,12,jun,2,-1,0,unknown,0,older
unemployed,married,secondary,no,1137,no,yes,cellular,21,jul,1,-1,0,unknown,0,young
management,married,primary,no,1267,yes,no,unknown,19,aug,2,-1,0,unknown,0,older
blue-collar,married,secondary,no,914,yes,no,telephone,23,may,2,-1,0,unknown,0,young
management,divorced,tertiary,no,3146,no,no,cellular,15,mar,2,110,1,failure,1,young
blue-collar,married,secondary,no,887,yes,no,cellular,15,jul,4,276,1,failure,0,young
blue-collar,divorced,secondary,no,588,yes,no,cellular,16,may,2,346,2,unknown,0,young
blue-collar,married,primary,no,147,no,no,cellular,10,may,2,350,4,failure,0,young
technician,single,secondary,no,115,yes,no,cellular,4,may,4,258,0,unknown,0,young
student,single,secondary,no,777,no,no,cellular,18,nov,3,150,1,failure,1,young
blue-collar,married,secondary,yes,6,yes,no,cellular,4,apr,2,-1,0,unknown,0,young
technician,married,tertiary,no,1664,no,no,cellular,30,jul,4,184,0,other,0,young
technician,married,secondary,no,6256,no,no,telephone,30,oct,2,183,2,success,1,young
blue-collar,married,primary,no,3040,no,no,cellular,1,feb,1,-1,0,unknown,0,older
technician,single,secondary,no,711,yes,no,unknown,15,jun,1,-1,0,unknown,0,older
management,divorced,tertiary,no,2814,yes,no,cellular,20,nov,5,118,1,failure,0,young
technician,divorced,secondary,no,395,yes,no,cellular,30,may,2,269,3,failure,0,young
entrepreneur,married,secondary,yes,1908,no,no,cellular,17,nov,2,-1,0,unknown,0,older
management,divorced,tertiary,no,143,no,yes,cellular,11,aug,8,123,4,failure,0,young
technician,married,secondary,no,1551,no,no,cellular,27,aug,4,-1,0,unknown,0,young
blue-collar,married,secondary,yes,-227,no,no,cellular,5,may,1,342,1,failure,0,young
technician,single,secondary,no,-20,no,no,cellular,5,aug,4,-1,0,unknown,0,older
housemaid,married,secondary,no,29,yes,no,unknown,8,may,3,-1,0,unknown,0,older
admin.,married,secondary,no,405,yes,no,unknown,18,jun,3,-1,0,unknown,0,young
retired,divorced,secondary,yes,-478,yes,yes,unknown,29,jul,1,-2,0,unknown,0,older
technician,married,secondary,no,4205,no,no,cellular,3,nov,1,-1,0,unknown,0,older
technician,divorced,tertiary,no,-58,yes,no,cellular,19,dec,2,150,10,other,0,young
blue-collar,married,primary,no,5849,no,no,cellular,6,mar,7,-1,0,unknown,1,older
housemaid,married,secondary,no,2058,no,no,cellular,14,jul,7,-1,0,unknown,0,older
blue-collar,married,secondary,no,6,yes,no,unknown,10,may,1,-1,0,unknown,0,older
management,single,tertiary,no,195,no,no,cellular,8,aug,4,-1,0,unknown,0,young
management,married,tertiary,no,2268,no,no,unknown,7,jun,4,-1,0,unknown,0,young
technician,married,secondary,no,736,no,no,cellular,14,jan,1,124,1,failure,0,older
technician,divorced,secondary,no,1586,yes,no,cellular,14,apr,3,-2,0,unknown,0,older
management,married,tertiary,yes,-716,no,no,cellular,6,jul,2,-1,0,unknown,0,young
blue-collar,married,secondary,no,71,yes,no,unknown,9,may,6,-1,0,unknown,0,young
management,divorced,secondary,no,11431,no,no,cellular,17,aug,5,93,1,unknown,0,older
services,married,secondary,no,145,yes,yes,cellular,15,nov,4,-1,0,unknown,0,older
technician,single,primary,no,776,yes,no,cellular,16,may,14,-1,0,unknown,0,young
unemployed,married,secondary,no,3508,no,no,cellular,29,jul,4,-1,0,unknown,0,older
retired,divorced,secondary,no,9253,yes,no,cellular,30,oct,3,180,1,failure,0,older
blue-collar,divorced,primary,no,597,yes,no,telephone,13,may,5,344,1,other,0,young
blue-collar,married,primary,no,763,yes,yes,unknown,12,may,3,-1,0,unknown,0,young
self-employed,married,tertiary,no,-41,yes,no,unknown,3,may,2,-1,0,unknown,0,older
blue-collar,married,secondary,no,581,yes,yes,cellular,15,jul,3,-1,0,unknown,0,young
services,married,secondary,no,1351,yes,no,unknown,2,jun,2,-1,0,unknown,0,young
blue-collar,married,primary,no,1179,yes,yes,unknown,7,jun,1,-1,0,unknown,0,older
management,single,tertiary,no,2022,no,no,cellular,2,apr,4,-1,0,unknown,0,young
blue-collar,married,primary,yes,-291,yes,yes,cellular,17,jul,3,-1,0,unknown,0,older
management,divorced,tertiary,no,304,yes,no,cellular,19,aug,7,-1,0,unknown,0,young
technician,married,tertiary,no,1155,no,no,telephone,15,aug,7,-1,0,unknown,0,older
services,married,secondary,no,735,yes,no,unknown,21,may,1,-1,0,unknown,0,older
blue-collar,married,secondary,yes,1189,no,no,cellular,16,jul,4,271,6,failure,0,young
blue-collar,married,secondary,no,174,no,yes,cellular,21,may,2,-1,0,unknown,0,older
management,divorced,tertiary,no,533,yes,no,unknown,29,may,2,-1,0,unknown,0,young
technician,divorced,tertiary,no,128,no,no,unknown,4,jun,1,-1,0,unknown,0,older
technician,divorced,primary,no,-374,yes,no,unknown,15,may,2,-1,0,unknown,0,young
management,married,tertiary,no,1420,no,no,cellular,21,nov,5,-1,0,unknown,0,older
blue-collar,married,secondary,no,-557,yes,no,unknown,15,may,2,-1,0,unknown,0,young
self-employed,married,secondary,no,3076,no,no,cellular,3,may,1,145,2,unknown,1,young
admin.,divorced,secondary,no,26651,yes,no,cellular,20,nov,2,100,1,failure,0,young
blue-collar,married,tertiary,no,121,no,no,cellular,16,may,4,-1,0,unknown,0,young
services,married,secondary,no,2310,no,yes,cellular,17,nov,1,-1,0,unknown,0,young
blue-collar,married,secondary,no,1453,yes,no,unknown,7,may,1,-1,0,unknown,0,young
management,divorced,tertiary,no,7,no,no,unknown,7,jun,1,-1,0,unknown,0,older
admin.,married,secondary,no,482,no,no,cellular,25,aug,7,-1,0,unknown,0,older
technician,married,tertiary,no,1823,no,no,unknown,2,jun,3,-1,0,unknown,0,young
management,married,tertiary,no,119,no,no,cellular,24,jul,3,109,4,success,1,older
management,divorced,secondary,yes,1326,yes,no,cellular,17,aug,4,-1,0,unknown,0,young
blue-collar,married,tertiary,no,1886,yes,no,cellular,15,jul,4,-1,0,unknown,0,young
housemaid,married,primary,no,630,no,no,cellular,20,nov,1,184,1,failure,0,older
blue-collar,married,primary,no,4862,yes,no,cellular,10,jun,4,-1,0,unknown,0,young
technician,married,secondary,no,-158,yes,no,unknown,11,may,4,-1,0,unknown,0,young
blue-collar,married,secondary,yes,-590,yes,no,cellular,29,may,1,-1,0,unknown,0,older
management,divorced,tertiary,no,1752,no,no,cellular,2,feb,2,126,1,other,0,older
blue-collar,married,secondary,no,964,no,no,telephone,28,mar,2,180,2,success,1,older
housemaid,married,tertiary,no,2110,no,no,cellular,4,feb,1,-1,0,unknown,0,older
self-employed,married,tertiary,no,6512,no,no,unknown,21,nov,4,-1,0,unknown,0,young
blue-collar,married,secondary,no,3482,no,yes,cellular,19,jul,3,272,1,failure,0,young
technician,single,secondary,no,63,no,no,cellular,18,nov,1,-1,0,unknown,0,older
management,married,tertiary,no,2125,no,no,cellular,19,sep,2,-1,0,unknown,0,young
services,married,secondary,no,-1402,yes,no,unknown,17,may,9,-1,0,unknown,0,young
technician,married,secondary,no,1267,no,no,cellular,17,dec,1,-1,0,unknown,0,older
blue-collar,single,secondary,no,3401,yes,no,cellular,12,apr,7,175,9,other,0,young
technician,married,secondary,no,3259,no,no,unknown,9,jun,1,-1,0,unknown,0,older
technician,married,secondary,no,-95,no,no,unknown,3,jun,2,-1,0,unknown,1,young
services,single,secondary,no,1133,no,no,cellular,12,jul,7,-1,0,unknown,0,older
admin.,divorced,secondary,no,5042,no,no,telephone,17,jul,3,-1,0,unknown,0,young
services,married,secondary,no,231,no,no,cellular,28,jul,9,-1,0,unknown,0,young
management,married,tertiary,no,467,no,no,cellular,12,jul,4,-1,0,unknown,0,older
self-employed,married,tertiary,no,2204,no,no,telephone,20,aug,2,-1,0,unknown,0,older
technician,single,secondary,no,243,no,no,telephone,1,feb,2,183,10,failure,0,young
services,divorced,secondary,no,-1026,yes,no,unknown,12,may,3,-1,0,unknown,0,young
technician,married,secondary,no,121,no,no,cellular,4,jun,1,-1,0,unknown,0,young
services,divorced,secondary,yes,-36,yes,yes,cellular,12,jul,10,-1,0,unknown,0,older
technician,divorced,tertiary,no,65,yes,no,unknown,5,may,1,-1,0,unknown,0,older
admin.,single,secondary,no,2619,no,no,unknown,11,jun,2,-1,0,unknown,0,young
technician,married,secondary,no,817,no,no,cellular,5,feb,5,-1,0,unknown,0,young
blue-collar,married,primary,yes,620,no,yes,cellular,8,aug,5,-1,0,unknown,0,older
retired,married,primary,no,1211,no,no,telephone,18,apr,1,-1,0,unknown,0,older
blue-collar,married,secondary,yes,-693,yes,no,cellular,22,aug,4,-1,0,unknown,0,young
technician,single,secondary,no,596,no,no,cellular,21,apr,10,-1,0,unknown,0,young
technician,married,secondary,no,1458,no,no,cellular,11,aug,4,-1,0,unknown,0,older
services,married,secondary,no,499,yes,no,unknown,5,may,3,-1,0,unknown,0,young
admin.,married,secondary,no,96,no,yes,cellular,3,feb,1,120,1,unknown,0,older
entrepreneur,married,tertiary,no,1514,no,yes,cellular,7,aug,2,-1,0,unknown,0,young
management,married,secondary,no,1505,no,yes,cellular,15,aug,2,-1,0,unknown,0,young
self-employed,married,tertiary,no,18480,yes,no,cellular,16,feb,1,146,1,unknown,0,young
services,married,secondary,no,92,no,no,unknown,6,may,1,-1,0,unknown,0,young
technician,divorced,secondary,no,846,no,no,cellular,1,may,2,151,1,other,0,older
blue-collar,married,secondary,no,203,no,no,cellular,5,aug,1,-1,0,unknown,0,young
entrepreneur,married,secondary,no,9862,no,no,cellular,18,nov,1,184,1,failure,0,young
admin.,single,secondary,no,79,no,no,cellular,18,nov,3,-1,0,unknown,0,young
blue-collar,married,primary,no,1093,no,no,unknown,10,may,5,-1,0,unknown,0,older
services,married,secondary,no,201,yes,no,cellular,29,aug,7,-1,0,unknown,0,young
blue-collar,married,primary,no,616,yes,no,unknown,14,may,2,-1,0,unknown,0,older
technician,married,tertiary,yes,-173,no,no,unknown,8,aug,26,-1,0,unknown,0,young
admin.,married,secondary,no,412,no,yes,cellular,10,aug,2,148,1,failure,0,young
admin.,married,secondary,no,101,no,no,cellular,21,jul,10,-1,0,unknown,0,young
housemaid,married,secondary,no,2137,yes,no,cellular,14,oct,1,-1,0,unknown,0,older
blue-collar,married,unknown,no,1084,no,no,cellular,26,jul,7,-1,0,unknown,0,young
blue-collar,divorced,secondary,no,583,yes,no,cellular,17,may,1,-1,0,unknown,0,young
blue-collar,married,secondary,no,5864,no,no,unknown,17,may,1,-1,0,unknown,0,young
management,married,tertiary,no,401,no,yes,cellular,20,feb,1,-1,0,unknown,0,young
management,single,tertiary,no,-1763,yes,no,cellular,22,jul,4,-1,0,unknown,0,young
entrepreneur,divorced,secondary,no,481,yes,no,cellular,19,nov,2,-1,0,unknown,0,older
technician,married,secondary,no,259,no,no,telephone,26,jul,1,-1,0,unknown,0,older
management,married,tertiary,no,155,no,no,cellular,22,nov,3,152,1,failure,0,young
admin.,married,secondary,no,1420,yes,no,unknown,16,jun,3,-1,0,unknown,0,young
retired,married,primary,no,-522,yes,no,unknown,13,may,3,-1,0,unknown,0,older
management,married,secondary,no,-61,no,no,cellular,21,jul,2,350,4,failure,0,young
retired,divorced,secondary,no,40,no,no,telephone,20,jul,5,-1,0,unknown,0,older
technician,married,secondary,no,2383,no,no,unknown,0,jun,3,-1,0,unknown,0,older
blue-collar,single,secondary,no,-2329,yes,no,unknown,14,may,2,-1,0,unknown,0,young
blue-collar,divorced,secondary,no,48,no,no,telephone,8,jul,1,-1,0,unknown,1,older
technician,married,primary,no,44,no,no,unknown,7,may,2,-1,0,unknown,0,older
unemployed,married,secondary,no,964,yes,no,cellular,29,jul,5,274,1,failure,0,older
services,single,secondary,no,-257,yes,no,cellular,21,may,1,-1,0,unknown,0,young
unemployed,single,primary,no,3358,no,no,unknown,16,jun,10,-1,0,unknown,0,young
management,married,tertiary,no,3194,yes,no,cellular,16,jan,2,118,1,failure,0,young
blue-collar,divorced,secondary,no,71,yes,no,cellular,13,may,2,350,2,failure,0,young
technician,married,secondary,no,1484,no,yes,cellular,26,may,5,-1,0,unknown,0,young
blue-collar,divorced,tertiary,no,1640,yes,no,telephone,18,jun,2,84,10,other,1,older
technician,divorced,secondary,no,123,yes,yes,cellular,17,nov,1,-1,0,unknown,0,young
technician,single,secondary,no,108,no,no,cellular,26,aug,3,-1,0,unknown,0,young
blue-collar,married,secondary,no,261,no,no,cellular,5,feb,1,-1,0,unknown,0,older
self-employed,married,tertiary,no,-205,no,no,unknown,13,jul,4,-1,0,unknown,0,young
admin.,married,secondary,no,2879,yes,no,cellular,11,may,1,-1,0,unknown,0,older
blue-collar,married,secondary,no,2160,no,yes,cellular,12,jul,4,-1,0,unknown,0,young
blue-collar,single,secondary,yes,228,no,no,unknown,12,jun,1,-1,0,unknown,0,young
housemaid,married,secondary,no,7078,no,no,cellular,7,jul,2,-1,0,unknown,0,older
management,divorced,secondary,no,12764,no,no,cellular,18,nov,1,-1,0,unknown,0,young
self-employed,married,tertiary,no,338,yes,no,cellular,20,may,1,374,2,failure,0,young
housemaid,divorced,primary,no,3076,no,no,telephone,12,oct,2,127,1,failure,1,older
blue-collar,married,secondary,yes,179,yes,no,unknown,12,may,15,-1,0,unknown,0,young
technician,single,secondary,no,45,yes,yes,cellular,24,may,4,-1,0,unknown,0,young
technician,married,secondary,yes,-86,no,no,cellular,19,aug,1,-1,0,unknown,0,older
technician,married,secondary,no,1418,no,no,cellular,11,nov,9,-1,0,unknown,0,older
retired,married,primary,no,223,no,no,unknown,3,jun,1,-1,0,unknown,0,older
admin.,married,secondary,no,2801,no,no,cellular,11,may,5,-1,0,unknown,0,young
blue-collar,married,primary,no,54,yes,no,cellular,14,may,3,-1,0,unknown,0,young
technician,single,secondary,no,-1,yes,no,cellular,20,jul,4,-1,0,unknown,0,young
admin.,married,secondary,no,127,yes,no,cellular,16,jul,2,-1,0,unknown,0,young
housemaid,married,unknown,no,2032,no,no,cellular,20,aug,2,-1,0,unknown,0,young
management,single,tertiary,no,-250,yes,no,cellular,12,jul,2,-1,0,unknown,0,young
technician,married,tertiary,no,5315,yes,no,cellular,17,nov,2,-1,0,unknown,0,young
management,divorced,tertiary,no,2131,no,no,telephone,15,sep,5,87,10,other,0,older
self-employed,divorced,secondary,no,864,yes,yes,cellular,21,jul,2,-1,0,unknown,0,young
management,divorced,primary,no,23879,yes,no,cellular,14,apr,2,349,1,failure,0,young
admin.,married,secondary,no,940,yes,no,cellular,14,jul,2,-1,0,unknown,0,older
blue-collar,single,secondary,no,-218,yes,no,cellular,14,may,3,-1,0,unknown,0,young
management,married,secondary,no,1735,no,no,cellular,11,aug,2,-1,0,unknown,0,older
blue-collar,married,primary,no,542,yes,no,unknown,11,may,1,-1,0,unknown,0,older
blue-collar,divorced,primary,yes,1614,yes,no,telephone,7,jul,1,-2,0,unknown,0,older
management,single,tertiary,no,3378,yes,no,cellular,12,aug,1,-1,0,unknown,0,young
technician,single,secondary,no,80,no,no,cellular,19,apr,5,182,6,failure,0,young
unemployed,married,secondary,no,2929,no,no,telephone,17,jul,9,-1,0,unknown,0,older
unemployed,single,secondary,no,1601,yes,no,unknown,18,jun,1,-1,0,unknown,0,young
management,divorced,tertiary,no,1461,yes,no,cellular,24,aug,2,-2,0,unknown,0,young
blue-collar,married,secondary,no,190,no,no,telephone,22,jul,3,-1,0,unknown,0,older
blue-collar,married,secondary,no,-852,yes,no,unknown,18,may,3,-1,0,unknown,0,young
blue-collar,married,secondary,no,1085,yes,yes,cellular,10,feb,5,346,11,other,0,young
housemaid,divorced,primary,no,14986,no,no,cellular,21,nov,4,-1,0,unknown,0,young
blue-collar,divorced,secondary,no,383,yes,no,cellular,20,apr,3,326,2,failure,0,young
technician,married,tertiary,no,712,yes,no,cellular,10,may,4,341,1,failure,0,young
technician,divorced,primary,no,-37,yes,no,unknown,20,aug,4,-1,0,unknown,0,young
services,single,secondary,no,4001,no,no,unknown,4,may,1,-1,0,unknown,0,young
blue-collar,married,secondary,no,950,no,no,cellular,7,may,4,-1,0,unknown,0,young
technician,married,secondary,no,-2,no,yes,cellular,16,jul,3,-1,0,unknown,0,young
technician,married,primary,no,666,no,no,telephone,1,feb,1,-1,0,unknown,0,older
blue-collar,married,primary,no,20,yes,no,unknown,23,may,2,-1,0,unknown,0,young
technician,married,secondary,no,864,no,no,cellular,10,oct,1,-1,0,unknown,0,young
student,single,secondary,no,170,no,no,cellular,21,jul,10,-1,0,unknown,0,young
self-employed,married,tertiary,no,-57,no,no,unknown,23,jun,2,-1,0,unknown,0,older
services,married,secondary,no,865,yes,yes,cellular,27,jul,1,275,4,failure,0,young
admin.,married,secondary,no,5505,yes,yes,cellular,17,nov,1,334,5,failure,0,young
services,divorced,secondary,no,-98,no,no,unknown,31,apr,3,-1,0,unknown,0,young
retired,married,secondary,no,2557,no,no,cellular,10,sep,1,-1,6,unknown,1,older
management,married,tertiary,no,1357,no,no,cellular,4,feb,4,182,6,success,0,young
technician,divorced,secondary,no,73,yes,no,unknown,17,may,1,-1,0,unknown,0,older
technician,single,tertiary,no,671,no,no,cellular,3,feb,2,139,1,failure,0,young
technician,divorced,secondary,no,3713,no,no,cellular,11,aug,4,120,10,other,0,young
technician,married,secondary,no,2200,no,no,cellular,22,dec,1,82,2,success,0,young
blue-collar,married,secondary,no,140,yes,no,cellular,12,aug,4,-1,0,unknown,0,young
management,married,secondary,no,672,yes,no,cellular,22,nov,1,182,4,failure,0,young
services,married,secondary,no,5321,yes,no,cellular,12,nov,5,125,1,failure,0,young
blue-collar,single,primary,no,39,yes,no,unknown,30,jan,3,-1,0,unknown,0,young
management,divorced,primary,no,286,yes,no,unknown,8,may,1,-1,0,unknown,0,young
technician,married,secondary,no,-148,yes,yes,cellular,29,jul,23,-1,0,unknown,0,young
technician,divorced,tertiary,no,520,no,no,cellular,25,sep,4,0,0,unknown,1,older
technician,single,secondary,no,226,no,yes,cellular,13,may,1,355,9,failure,1,young
self-employed,married,secondary,no,2039,no,no,telephone,8,jul,4,-1,0,unknown,0,older
blue-collar,divorced,primary,no,1675,no,no,unknown,15,aug,2,-1,0,unknown,0,older
technician,single,secondary,no,1861,yes,no,unknown,2,jun,5,-1,0,unknown,0,young
technician,single,secondary,no,87,yes,no,unknown,16,may,2,-1,0,unknown,0,young
self-employed,single,tertiary,no,1911,yes,no,unknown,24,may,5,-1,0,unknown,0,young
blue-collar,married,primary,yes,47,yes,no,unknown,13,may,1,-1,0,unknown,0,young
technician,married,secondary,no,-171,yes,no,unknown,9,may,8,-1,0,unknown,0,young
blue-collar,divorced,secondary,no,9992,yes,yes,cellular,11,may,5,-1,0,unknown,0,young
retired,married,unknown,no,967,no,no,unknown,27,may,1,-1,0,unknown,1,older
entrepreneur,married,secondary,no,769,yes,yes,cellular,29,jul,4,-1,0,unknown,1,young
technician,married,unknown,no,122,yes,no,unknown,11,jun,7,-1,0,unknown,0,older
technician,married,secondary,no,1467,no,no,cellular,21,mar,1,-1,0,unknown,0,older
services,married,secondary,no,-101,no,no,cellular,7,may,1,336,1,failure,0,young
technician,married,secondary,no,160,yes,yes,cellular,2,sep,3,-1,0,unknown,0,young
management,married,secondary,no,3396,yes,no,cellular,14,mar,1,184,1,success,1,older
blue-collar,divorced,primary,yes,3692,yes,no,cellular,13,may,1,351,2,failure,0,young
technician,single,secondary,no,-58,yes,no,cellular,19,nov,2,-1,0,unknown,0,young
retired,divorced,tertiary,no,83,yes,no,unknown,28,may,3,-1,0,unknown,0,older
management,married,tertiary,no,597,yes,no,unknown,28,may,5,-1,0,unknown,0,young
technician,single,tertiary,no,3274,yes,no,cellular,12,mar,4,177,6,success,1,young
retired,married,secondary,no,1056,no,no,telephone,7,may,1,-1,0,unknown,0,older
blue-collar,divorced,secondary,no,139,yes,no,unknown,11,may,1,-1,0,unknown,0,young
blue-collar,married,primary,no,-3,yes,no,unknown,21,may,2,-1,0,unknown,0,young
technician,married,secondary,yes,-140,no,no,cellular,6,feb,2,-1,1,other,0,older
blue-collar,married,primary,no,149,no,no,cellular,15,jul,4,-1,0,unknown,0,young
services,divorced,secondary,no,-160,no,yes,cellular,29,jul,3,-1,0,unknown,0,older
management,single,tertiary,no,-117,no,no,cellular,21,aug,5,-1,0,unknown,0,young
unknown,married,secondary,no,135,no,no,cellular,5,aug,11,-1,0,unknown,0,young
technician,married,secondary,no,1849,no,no,unknown,2,jun,2,-1,0,unknown,1,older
blue-collar,married,primary,no,22,yes,yes,cellular,20,may,2,-1,0,unknown,0,young
self-employed,married,secondary,no,42,yes,yes,cellular,11,jul,3,-1,0,unknown,0,young
blue-collar,single,secondary,no,894,yes,no,cellular,5,feb,1,-1,0,unknown,1,young
technician,single,secondary,no,-30,yes,yes,unknown,29,may,2,-1,0,unknown,0,young
retired,married,secondary,no,-28,no,no,cellular,29,jul,3,-2,0,unknown,0,older
blue-collar,married,primary,no,918,no,yes,telephone,7,jul,4,-1,0,unknown,0,older
technician,married,tertiary,no,-124,yes,no,telephone,14,jun,4,-1,0,unknown,0,young
technician,divorced,secondary,no,150,no,no,cellular,30,jan,1,403,10,failure,0,young
unemployed,married,secondary,yes,-53,yes,no,unknown,27,jan,2,-1,0,unknown,0,older
blue-collar,single,tertiary,no,-58,no,no,unknown,16,may,4,-1,0,unknown,0,young
technician,married,secondary,no,-1427,no,no,cellular,24,aug,9,-1,0,unknown,0,young
retired,divorced,secondary,no,757,yes,no,cellular,4,sep,2,368,4,other,0,older
technician,divorced,tertiary,no,150,yes,no,cellular,20,may,4,347,1,other,0,older
technician,divorced,secondary,no,3466,yes,no,cellular,16,may,3,338,1,failure,0,young
management,single,tertiary,no,4452,yes,no,cellular,17,mar,3,101,4,success,0,young
technician,married,secondary,no,-175,yes,no,unknown,11,may,2,-1,0,unknown,0,young
retired,married,secondary,no,2190,no,no,cellular,19,oct,1,122,10,success,0,older
student,married,primary,yes,-844,no,yes,unknown,8,aug,1,-1,0,unknown,0,young
retired,married,secondary,no,50,no,no,unknown,6,jun,9,-2,0,unknown,1,older
housemaid,married,secondary,no,4112,yes,no,cellular,19,nov,2,-1,0,unknown,1,young
services,divorced,secondary,no,704,yes,no,cellular,19,apr,1,345,1,failure,0,young
unemployed,single,secondary,yes,79,no,no,cellular,28,jul,2,-1,0,unknown,0,young
management,married,tertiary,no,1998,no,no,cellular,18,nov,4,-1,0,unknown,0,older
technician,married,secondary,no,693,no,no,cellular,29,jan,4,263,9,unknown,0,older
blue-collar,married,secondary,no,266,no,no,cellular,17,apr,4,89,10,unknown,0,young
admin.,married,secondary,no,2241,no,no,cellular,2,mar,3,180,1,success,1,young
technician,married,primary,no,-119,yes,no,unknown,15,may,1,-1,0,unknown,0,young
management,divorced,tertiary,no,12523,no,no,cellular,7,jun,1,-2,0,unknown,1,young
blue-collar,married,primary,no,-155,yes,no,unknown,21,may,2,-1,0,unknown,0,young
admin.,married,secondary,no,5025,no,no,cellular,22,nov,1,95,1,failure,0,older
blue-collar,married,primary,yes,1428,yes,no,unknown,10,may,3,-1,0,unknown,0,young
retired,married,secondary,no,3852,no,no,telephone,28,jul,2,-1,0,unknown,0,older
self-employed,married,tertiary,no,1048,no,no,cellular,5,mar,7,126,1,failure,0,older
management,divorced,tertiary,no,1984,yes,no,cellular,1,feb,1,90,1,success,0,young
retired,single,primary,no,6549,yes,no,unknown,5,may,1,-1,0,unknown,0,young
blue-collar,married,primary,no,59,no,no,unknown,12,may,1,0,0,unknown,0,young
blue-collar,married,secondary,no,217,no,yes,telephone,13,may,1,-1,0,unknown,0,older
blue-collar,divorced,secondary,no,492,yes,no,unknown,11,may,1,-1,0,unknown,0,older
blue-collar,divorced,primary,no,29119,no,no,cellular,20,nov,5,133,10,other,0,young
unemployed,single,tertiary,no,2859,yes,no,cellular,18,apr,3,0,0,unknown,0,young
housemaid,married,tertiary,no,1173,no,no,cellular,28,jan,7,-1,0,unknown,0,young
management,married,tertiary,no,2419,yes,no,unknown,8,may,1,-1,0,unknown,0,older
blue-collar,divorced,primary,no,-112,yes,no,cellular,20,nov,3,-1,0,unknown,0,older
technician,single,tertiary,no,159,no,no,cellular,28,oct,1,-1,1,unknown,1,young
retired,married,primary,no,1259,no,no,telephone,3,oct,1,-1,0,unknown,0,older
technician,married,primary,no,6089,no,no,cellular,9,jul,8,-1,0,unknown,0,older
blue-collar,married,primary,no,79,yes,no,unknown,11,may,2,-1,0,unknown,0,older
management,divorced,tertiary,no,3506,yes,no,cellular,22,nov,7,87,6,success,0,young
management,married,secondary,no,1729,no,no,cellular,14,jul,7,-1,0,unknown,0,older
technician,single,secondary,no,1593,yes,no,cellular,15,may,4,-1,10,unknown,0,young
blue-collar,married,secondary,no,3672,no,no,unknown,23,jun,1,-1,0,unknown,0,older
technician,married,unknown,no,5259,no,no,telephone,22,mar,4,-1,0,unknown,0,older
technician,divorced,secondary,no,838,no,no,cellular,26,aug,9,-1,0,unknown,0,older
blue-collar,single,secondary,no,244,yes,no,cellular,10,may,2,354,3,other,0,young
blue-collar,married,secondary,no,128,yes,yes,cellular,19,nov,2,-1,0,unknown,0,young
technician,married,tertiary,no,226,no,no,cellular,4,may,1,103,4,success,1,young
admin.,divorced,secondary,no,-8,yes,no,unknown,12,may,1,347,1,failure,0,young
unemployed,divorced,primary,no,1598,no,no,unknown,3,jun,1,-1,0,unknown,0,older
blue-collar,married,secondary,yes,-197,no,yes,unknown,12,jun,3,-1,0,unknown,0,young
blue-collar,single,secondary,no,-15,yes,no,unknown,6,may,1,-1,0,unknown,0,older
technician,divorced,secondary,no,1804,yes,no,unknown,12,may,1,-1,0,unknown,0,older
management,married,secondary,yes,-216,yes,no,unknown,7,jul,15,-1,0,unknown,0,young
blue-collar,married,primary,no,579,yes,no,cellular,3,feb,1,-1,0,unknown,0,older
admin.,single,secondary,no,4214,yes,no,cellular,21,sep,2,362,1,success,0,young
blue-collar,divorced,secondary,no,126,yes,no,cellular,19,nov,1,-1,4,failure,0,young
student,single,secondary,no,4822,no,no,unknown,22,may,3,-2,0,unknown,1,young
technician,married,secondary,no,1901,no,no,cellular,27,mar,2,-1,0,other,0,older
blue-collar,single,primary,no,169,yes,no,cellular,11,may,3,-1,0,unknown,0,young
technician,married,tertiary,no,-68,yes,no,unknown,13,jun,3,-1,0,unknown,0,older
management,married,tertiary,no,4188,yes,no,cellular,1,feb,2,125,1,failure,0,young
retired,married,primary,no,2684,no,no,telephone,28,oct,1,185,2,failure,0,older
management,divorced,secondary,no,1817,yes,no,telephone,12,apr,3,320,9,failure,0,older
technician,married,secondary,no,1856,yes,no,unknown,15,may,1,-1,0,unknown,0,young
blue-collar,married,secondary,no,1161,no,no,cellular,4,feb,1,-1,0,unknown,0,young
management,divorced,tertiary,no,780,yes,no,cellular,13,apr,4,93,1,other,0,young
admin.,divorced,primary,no,163,yes,no,unknown,2,feb,1,-1,0,unknown,0,young
services,divorced,secondary,no,29,yes,no,cellular,29,jul,3,-1,0,unknown,0,young
retired,married,secondary,no,2260,no,no,telephone,20,jun,1,-1,0,unknown,0,older
technician,married,secondary,no,1184,no,no,unknown,10,aug,1,-1,0,unknown,0,older
technician,single,secondary,no,4417,no,no,unknown,12,aug,2,-1,0,unknown,1,older
retired,married,primary,no,2298,no,no,telephone,12,mar,1,-1,0,unknown,1,older
management,divorced,tertiary,no,356,no,no,cellular,30,jul,4,-1,0,unknown,0,older
services,married,secondary,no,438,no,no,telephone,6,jul,3,-1,0,unknown,0,young
management,single,tertiary,no,1673,yes,no,cellular,14,may,3,93,4,failure,0,young
management,single,tertiary,no,126,yes,no,cellular,2,feb,3,-1,0,unknown,0,young
blue-collar,divorced,primary,no,928,yes,no,telephone,11,may,2,-1,0,unknown,0,young
blue-collar,married,primary,no,220,yes,no,unknown,12,may,4,-1,0,unknown,0,young
student,single,secondary,no,6855,no,no,cellular,19,apr,2,-1,0,unknown,0,young
housemaid,married,secondary,no,3277,no,no,cellular,2,aug,1,-1,0,unknown,0,older
technician,married,secondary,no,145,yes,no,cellular,27,may,1,415,3,success,1,young
blue-collar,married,secondary,no,34,yes,yes,cellular,27,may,1,343,1,other,0,young
technician,divorced,secondary,no,2720,no,no,cellular,28,aug,4,-1,0,unknown,0,older
admin.,married,secondary,no,0,yes,no,cellular,14,jul,2,-1,0,unknown,0,older
management,divorced,tertiary,no,23,no,no,cellular,19,may,3,126,1,other,0,young
blue-collar,single,secondary,yes,0,no,yes,cellular,20,jul,1,-1,0,unknown,1,young
housemaid,married,primary,yes,21937,no,yes,cellular,17,nov,4,-1,0,unknown,0,young
admin.,divorced,secondary,no,59,no,no,telephone,20,nov,5,-1,0,unknown,0,young
management,married,unknown,no,4307,no,no,cellular,22,jul,7,-1,0,unknown,0,older
technician,single,tertiary,no,343,no,no,cellular,12,apr,3,-1,0,unknown,1,young
management,divorced,primary,no,1745,yes,no,unknown,12,may,2,-1,0,unknown,0,young
management,married,tertiary,no,6494,no,no,unknown,6,jun,1,-1,0,unknown,0,young
blue-collar,divorced,secondary,no,248,yes,no,cellular,20,may,1,-1,0,unknown,0,young
blue-collar,married,secondary,no,588,yes,yes,cellular,17,jul,1,-1,0,unknown,0,young
admin.,married,secondary,no,2795,no,yes,cellular,11,jul,4,-1,0,unknown,0,older
blue-collar,married,secondary,no,2019,no,no,unknown,19,jun,5,-1,0,unknown,0,older
technician,single,secondary,yes,-155,no,yes,cellular,21,aug,2,-1,0,unknown,0,young
blue-collar,married,secondary,no,798,yes,yes,cellular,20,apr,1,103,1,failure,0,older
services,married,primary,yes,551,no,yes,cellular,12,aug,1,-1,0,unknown,0,older
blue-collar,married,primary,no,126,yes,no,unknown,29,may,3,-1,0,unknown,0,young
technician,single,tertiary,no,176,yes,no,telephone,15,may,5,329,10,other,0,young
technician,single,tertiary,no,4639,no,no,cellular,1,oct,1,187,1,failure,1,young
blue-collar,married,primary,no,222,yes,no,telephone,11,jan,4,-1,0,unknown,0,older
retired,married,primary,no,969,no,no,unknown,4,jun,2,-1,0,unknown,0,older
entrepreneur,married,secondary,no,90,no,yes,cellular,21,apr,3,80,0,failure,0,young
blue-collar,married,secondary,no,2912,yes,no,unknown,2,feb,2,-1,0,unknown,0,young
technician,married,secondary,no,3942,yes,no,unknown,11,may,1,-1,0,unknown,0,young
technician,divorced,secondary,yes,-129,yes,yes,cellular,30,jul,9,-1,0,unknown,0,older
self-employed,married,tertiary,no,1720,yes,no,cellular,20,jun,2,181,1,failure,0,young
entrepreneur,divorced,secondary,no,-48,yes,no,unknown,14,may,2,-1,0,unknown,0,young
admin.,married,primary,no,125,no,no,unknown,6,jun,1,-1,0,unknown,0,older
technician,married,secondary,no,135,no,no,cellular,20,aug,2,101,9,failure,0,young
technician,married,secondary,no,-73,yes,no,unknown,14,may,3,-1,0,unknown,0,young
technician,divorced,secondary,yes,6224,yes,no,cellular,20,nov,1,-1,0,unknown,0,older
retired,divorced,primary,no,5295,no,yes,cellular,3,feb,7,-1,0,unknown,0,older
blue-collar,single,secondary,no,44,yes,no,cellular,15,may,3,357,2,failure,0,young
blue-collar,married,primary,no,71,yes,no,cellular,23,nov,1,-1,0,unknown,0,young
technician,single,secondary,no,-34,yes,no,unknown,14,may,1,0,0,unknown,0,young
entrepreneur,married,secondary,no,-62,yes,no,unknown,4,feb,6,-1,0,unknown,0,older
technician,single,secondary,no,560,no,no,cellular,20,apr,4,-1,0,unknown,0,young
blue-collar,married,primary,no,299,yes,yes,unknown,7,may,2,363,0,unknown,0,young
technician,married,secondary,no,4335,no,no,cellular,15,oct,2,-1,0,unknown,1,older
entrepreneur,divorced,secondary,yes,-494,yes,no,unknown,30,may,3,-1,0,unknown,0,young
blue-collar,married,unknown,no,2128,yes,no,unknown,5,may,1,-1,0,unknown,0,older
technician,married,secondary,no,-19,no,no,unknown,17,aug,10,-1,0,unknown,0,older
technician,divorced,tertiary,no,704,yes,no,cellular,28,jan,3,-1,0,unknown,0,young
blue-collar,married,primary,no,338,no,no,telephone,20,aug,1,-1,0,unknown,0,older
technician,married,secondary,no,648,no,no,cellular,12,aug,4,-1,0,unknown,0,young
self-employed,single,tertiary,no,549,no,no,cellular,14,jul,1,-1,0,unknown,0,young
blue-collar,divorced,primary,no,67,yes,no,telephone,1,feb,1,255,9,failure,0,older
blue-collar,married,primary,no,809,no,no,cellular,17,jul,1,-1,0,unknown,0,older
technician,single,tertiary,no,-1639,yes,no,unknown,2,may,14,-1,0,unknown,0,young
technician,married,secondary,no,2237,no,no,cellular,11,aug,7,-1,0,unknown,0,young
unemployed,married,secondary,no,110,yes,no,cellular,14,jul,1,-1,0,unknown,0,young
blue-collar,married,primary,no,2696,yes,no,cellular,13,jul,2,-1,0,unknown,0,older
blue-collar,divorced,primary,no,170,yes,no,unknown,13,may,3,348,1,failure,0,young
entrepreneur,divorced,secondary,yes,1134,yes,no,cellular,20,nov,1,-1,0,failure,1,young
blue-collar,married,secondary,no,2321,yes,no,cellular,15,mar,2,-1,0,unknown,1,older
management,married,tertiary,no,596,yes,no,cellular,28,jan,7,102,3,failure,0,young
technician,divorced,secondary,no,6572,no,no,telephone,18,sep,1,97,0,success,1,young
blue-collar,married,secondary,no,-60,no,no,unknown,23,jun,1,-1,0,unknown,0,young
management,divorced,tertiary,no,330,no,no,cellular,5,aug,7,-1,0,unknown,0,older
entrepreneur,married,secondary,no,1568,yes,no,unknown,14,may,2,-1,0,unknown,0,older
admin.,divorced,secondary,no,49,no,yes,cellular,5,jul,1,-2,0,unknown,1,young
technician,single,secondary,no,2,yes,yes,cellular,27,aug,4,-1,0,unknown,0,young
retired,divorced,primary,no,-5,yes,no,unknown,3,jun,1,-1,0,unknown,0,older
management,married,tertiary,no,1245,no,no,unknown,13,jun,8,-1,0,unknown,0,young
retired,married,secondary,no,27287,yes,no,cellular,17,nov,2,185,1,failure,0,older
blue-collar,married,secondary,no,2706,no,no,cellular,14,jan,3,134,3,failure,0,older
services,married,secondary,yes,145,yes,yes,cellular,20,jul,3,-1,0,unknown,0,older
admin.,single,secondary,no,3352,no,no,cellular,21,aug,7,-1,0,unknown,0,young
housemaid,married,primary,no,113,no,no,cellular,22,apr,4,-1,0,unknown,0,older
admin.,married,secondary,no,-77,yes,no,unknown,12,may,2,-1,0,unknown,0,older
technician,married,secondary,no,47,no,no,cellular,21,jul,2,-1,0,unknown,0,young
blue-collar,married,secondary,no,360,yes,no,cellular,30,jan,1,-1,0,unknown,0,young
blue-collar,single,secondary,no,157,yes,no,cellular,14,aug,2,351,3,failure,0,young
services,married,secondary,no,1021,yes,no,cellular,14,jul,2,-1,0,unknown,0,older
technician,single,secondary,no,198,no,no,cellular,5,feb,1,-1,0,unknown,0,young
services,married,secondary,no,3492,yes,no,unknown,13,may,3,-1,0,unknown,0,young
management,single,tertiary,no,2929,no,no,cellular,24,jul,1,94,1,success,0,young
housemaid,married,secondary,no,963,no,yes,unknown,6,may,10,-1,0,unknown,0,older
retired,married,primary,no,438,no,no,telephone,19,mar,2,-1,0,unknown,0,older
self-employed,married,tertiary,no,220,no,no,cellular,16,jul,1,-1,0,unknown,0,older
management,married,tertiary,no,181,yes,no,unknown,17,may,4,-1,0,unknown,0,young
management,married,tertiary,no,2975,yes,no,cellular,30,oct,3,130,1,success,1,young
blue-collar,divorced,secondary,no,11,yes,no,unknown,5,may,1,-1,0,unknown,0,young
admin.,married,secondary,yes,-50,no,yes,cellular,4,jul,3,-1,0,unknown,0,older
housemaid,married,secondary,yes,1852,no,no,cellular,19,aug,2,-1,0,unknown,0,older
services,single,secondary,no,-104,yes,no,unknown,12,may,1,-1,0,unknown,0,young
unemployed,divorced,secondary,no,1713,no,no,cellular,16,jun,2,-1,0,unknown,0,young
retired,married,primary,no,685,yes,yes,cellular,12,may,3,354,1,failure,0,older
blue-collar,married,primary,no,1174,no,no,cellular,21,feb,3,181,6,failure,0,young
blue-collar,married,primary,no,210,yes,no,unknown,19,jun,1,-1,0,unknown,0,older
management,married,tertiary,no,1452,no,no,cellular,29,aug,2,-1,0,unknown,0,older
blue-collar,married,primary,no,-36,no,yes,cellular,17,jul,2,-1,0,unknown,0,older
student,single,secondary,no,86,yes,no,unknown,7,may,1,-1,0,unknown,0,young
management,married,secondary,no,21,yes,no,unknown,17,apr,3,-1,0,unknown,0,older
retired,married,primary,no,4223,no,no,telephone,29,oct,1,94,2,success,1,young
unemployed,single,secondary,no,95,yes,no,unknown,18,nov,1,-1,0,unknown,0,young
unemployed,divorced,secondary,yes,305,yes,no,cellular,15,may,2,355,6,failure,0,young
services,married,secondary,no,86,no,no,cellular,13,jul,2,-1,0,unknown,0,young
management,married,secondary,no,69,no,yes,cellular,21,jul,1,-1,0,unknown,0,young
retired,married,secondary,no,168,no,yes,cellular,13,jul,1,79,0,unknown,0,older
blue-collar,married,secondary,no,16,yes,no,unknown,12,jun,2,-1,0,unknown,0,older
student,single,tertiary,no,8021,no,no,unknown,6,may,3,-1,0,unknown,1,young
services,married,secondary,no,-115,yes,yes,unknown,9,jun,2,-1,0,unknown,0,older
unemployed,married,secondary,no,900,yes,no,cellular,14,aug,4,-1,0,unknown,0,older
blue-collar,married,primary,no,5146,yes,no,cellular,18,nov,2,122,3,failure,0,young
blue-collar,married,secondary,no,704,yes,no,unknown,11,jun,2,-1,0,unknown,0,young
management,married,tertiary,yes,-294,yes,yes,unknown,16,may,2,-1,0,unknown,0,young
housemaid,single,primary,no,-8,yes,no,cellular,11,may,1,-1,0,unknown,0,young
blue-collar,married,primary,no,-232,yes,no,cellular,30,jul,1,-1,0,unknown,0,older
management,divorced,secondary,no,3647,yes,yes,cellular,20,nov,2,-1,0,unknown,0,older
blue-collar,married,primary,no,229,yes,no,cellular,13,apr,3,335,3,failure,0,young
blue-collar,married,secondary,no,750,yes,yes,unknown,16,may,2,-1,0,unknown,0,older
self-employed,single,secondary,no,7048,yes,no,cellular,22,nov,1,95,2,failure,0,young
blue-collar,divorced,primary,no,1407,yes,no,cellular,14,jul,1,-1,0,unknown,0,older
blue-collar,divorced,secondary,no,674,yes,no,cellular,2,apr,4,-1,0,unknown,0,young
technician,divorced,secondary,no,3548,no,no,cellular,21,nov,6,-1,0,unknown,0,older
blue-collar,married,secondary,no,34,yes,no,cellular,24,may,1,-1,0,unknown,0,young
management,divorced,tertiary,no,-520,yes,no,cellular,13,may,4,278,1,failure,0,young
unemployed,married,secondary,no,6884,no,no,unknown,1,jun,1,-1,0,unknown,1,older
admin.,married,secondary,no,-273,no,no,unknown,19,jun,2,-1,0,unknown,0,young
blue-collar,divorced,secondary,no,3830,no,no,cellular,8,may,3,-1,0,unknown,0,older
services,divorced,secondary,no,62,no,no,unknown,20,jun,1,-1,0,unknown,0,older
services,divorced,secondary,no,1801,yes,no,cellular,20,apr,3,-1,0,unknown,0,young
blue-collar,married,secondary,no,775,yes,no,cellular,13,jul,1,-1,0,unknown,0,older
blue-collar,divorced,primary,no,-521,yes,no,unknown,13,may,1,-1,0,unknown,0,young
blue-collar,married,primary,no,868,yes,no,unknown,12,may,1,-1,0,unknown,0,young
technician,married,secondary,no,713,no,yes,cellular,20,jul,4,-1,0,unknown,0,young
housemaid,married,secondary,no,583,yes,no,cellular,17,feb,2,-1,0,unknown,0,young
technician,married,secondary,no,51,no,no,cellular,19,aug,4,-1,0,unknown,0,young
technician,married,secondary,no,-708,no,no,cellular,12,aug,4,-1,0,unknown,0,young
admin.,married,secondary,no,2377,yes,no,cellular,29,apr,1,95,6,success,0,young
technician,married,secondary,yes,1913,yes,yes,unknown,22,may,3,-1,0,unknown,0,young
retired,married,tertiary,no,1730,no,no,telephone,28,sep,1,-1,0,unknown,0,older
technician,married,secondary,no,109,yes,no,cellular,18,nov,3,-1,0,unknown,0,young
management,divorced,tertiary,no,3504,yes,no,cellular,12,nov,6,-1,0,unknown,0,young
blue-collar,single,tertiary,no,-87,yes,no,unknown,15,may,3,343,1,failure,0,young
retired,married,primary,no,661,no,no,telephone,3,jul,5,-1,0,unknown,0,older
management,divorced,tertiary,no,3676,yes,no,cellular,21,jul,3,185,4,failure,0,older
entrepreneur,married,tertiary,yes,2073,no,no,cellular,22,aug,1,-1,0,unknown,0,older
services,divorced,secondary,no,3194,yes,no,telephone,27,jan,5,183,4,failure,0,older
blue-collar,divorced,primary,no,151,yes,no,cellular,18,apr,1,-1,0,unknown,0,older
admin.,divorced,secondary,no,310,yes,no,cellular,3,apr,5,341,10,other,0,young
blue-collar,divorced,secondary,no,5278,yes,no,cellular,17,may,3,363,3,failure,0,young
technician,married,tertiary,no,1899,no,no,cellular,10,aug,4,-2,0,unknown,0,young
management,divorced,tertiary,no,4168,no,no,cellular,10,aug,2,-1,0,unknown,0,older
blue-collar,married,primary,no,1488,no,no,unknown,4,jun,2,-1,0,unknown,0,older
blue-collar,single,secondary,no,124,no,no,cellular,26,apr,3,-1,1,unknown,1,young
student,married,secondary,no,25,no,yes,cellular,28,jul,2,-1,0,unknown,0,young
blue-collar,married,secondary,no,2078,no,no,unknown,5,jun,1,-1,0,unknown,0,older
entrepreneur,married,primary,no,355,yes,yes,cellular,22,jul,4,-1,0,unknown,0,young
blue-collar,married,secondary,no,114,yes,yes,unknown,8,may,1,-1,0,unknown,0,older
management,single,tertiary,no,-90,no,no,cellular,19,nov,4,-1,0,unknown,0,young
services,married,primary,no,-459,yes,no,unknown,6,may,3,-1,0,unknown,0,young
housemaid,married,secondary,no,268,no,no,cellular,3,aug,4,-1,0,unknown,0,older
admin.,divorced,secondary,no,454,yes,no,cellular,15,may,4,-1,0,unknown,0,young
blue-collar,single,secondary,no,174,no,no,cellular,13,jul,4,-1,0,unknown,0,young
technician,married,secondary,no,2400,no,no,cellular,3,feb,3,-1,0,unknown,0,older
retired,married,secondary,no,936,no,no,telephone,29,jan,4,-1,0,unknown,0,older
blue-collar,single,secondary,no,775,no,no,unknown,4,jun,1,-1,0,unknown,1,young
services,married,secondary,no,1567,yes,no,cellular,14,may,3,-1,0,unknown,0,young
blue-collar,divorced,primary,no,331,yes,yes,unknown,15,may,1,-1,0,unknown,0,young
blue-collar,single,tertiary,no,2260,yes,no,cellular,1,may,1,-1,1,unknown,0,young
retired,married,secondary,no,-1028,no,no,cellular,26,jul,1,-1,0,unknown,0,older
housemaid,divorced,secondary,yes,401,no,no,cellular,5,aug,10,-1,0,unknown,0,young
entrepreneur,married,secondary,no,1077,no,no,unknown,1,jun,1,-1,0,unknown,0,young
technician,divorced,tertiary,no,220,no,no,telephone,19,sep,1,113,5,other,0,older
blue-collar,married,primary,no,137,yes,no,unknown,8,may,3,-1,9,unknown,0,young
blue-collar,married,secondary,no,181,no,yes,telephone,21,jul,3,-1,0,unknown,1,older
management,divorced,tertiary,no,102,no,no,cellular,27,jul,1,-1,0,unknown,0,young
management,married,tertiary,no,-1247,no,no,cellular,30,aug,21,-1,0,unknown,0,older
services,divorced,secondary,no,-295,yes,yes,cellular,11,may,5,258,1,failure,0,older
management,married,tertiary,no,12961,yes,no,telephone,2,feb,2,258,3,failure,0,older
technician,married,secondary,yes,1156,no,yes,cellular,12,jul,1,-1,0,unknown,0,older
blue-collar,married,primary,no,168,yes,no,cellular,13,jul,1,-1,0,unknown,0,older
services,married,secondary,no,146,yes,no,cellular,12,apr,3,339,11,failure,0,young
management,single,tertiary,no,159,yes,no,cellular,6,oct,5,269,3,failure,0,young
technician,married,secondary,no,1414,no,no,unknown,17,may,1,-1,0,unknown,0,young
management,single,secondary,no,1510,yes,no,unknown,21,apr,2,-1,0,unknown,0,young
management,divorced,tertiary,no,3644,no,no,cellular,15,oct,3,179,6,success,1,young
student,single,secondary,no,5448,no,no,unknown,12,jul,3,-1,0,unknown,1,older
entrepreneur,divorced,secondary,yes,103,yes,no,cellular,3,jul,3,-1,0,unknown,0,older
technician,single,secondary,no,90,yes,no,cellular,17,jul,3,187,1,failure,0,young
blue-collar,married,secondary,no,-1006,yes,no,cellular,20,apr,2,355,10,failure,0,young
entrepreneur,married,secondary,no,204,yes,yes,cellular,12,jun,1,-1,0,unknown,0,older
unemployed,divorced,primary,no,5998,no,no,unknown,11,may,1,-1,0,unknown,0,young
retired,married,tertiary,no,2972,yes,no,cellular,5,jul,1,-1,0,unknown,0,older
blue-collar,married,primary,no,159,no,no,cellular,20,dec,5,75,12,other,0,young
blue-collar,married,secondary,no,537,yes,no,unknown,14,may,1,-1,0,unknown,0,young
technician,married,secondary,no,7838,no,no,unknown,2,feb,2,-1,0,unknown,0,older
retired,married,secondary,no,2660,no,no,cellular,3,aug,1,-1,0,unknown,0,older
management,divorced,tertiary,no,135,yes,no,cellular,13,may,1,-1,1,unknown,0,young
services,married,secondary,yes,-288,yes,no,cellular,31,jan,4,265,1,other,0,young
management,married,tertiary,no,-95,yes,no,cellular,18,apr,1,258,2,failure,0,young
technician,married,secondary,no,-1046,no,no,telephone,30,aug,11,-1,0,unknown,0,older
management,single,tertiary,no,958,no,no,cellular,6,apr,2,-1,0,unknown,0,young
retired,married,secondary,no,4425,no,no,telephone,19,nov,2,-1,0,unknown,0,older
retired,married,primary,no,703,yes,no,cellular,20,jan,4,407,1,failure,0,young
self-employed,married,primary,no,4863,yes,no,cellular,20,apr,5,-1,0,unknown,0,older
technician,married,tertiary,no,51,no,no,cellular,6,aug,1,-1,0,unknown,0,young
technician,married,secondary,no,1598,yes,no,cellular,16,nov,6,-1,0,unknown,0,older
services,married,secondary,no,112,yes,no,unknown,15,may,3,-1,0,unknown,0,older
technician,divorced,secondary,no,680,no,no,unknown,18,jun,2,-1,0,unknown,0,young
management,married,tertiary,no,1498,no,no,cellular,19,aug,2,-1,0,unknown,0,young
student,single,secondary,no,684,no,no,cellular,19,sep,3,-1,0,unknown,1,young
blue-collar,married,primary,no,122,yes,no,unknown,6,may,1,-1,0,unknown,0,young
entrepreneur,married,secondary,no,4591,no,no,telephone,11,aug,1,-1,0,unknown,0,older
blue-collar,married,secondary,no,4652,yes,no,unknown,6,may,1,-1,0,unknown,0,older
services,single,secondary,no,1847,no,no,unknown,17,jun,2,-1,0,unknown,0,older
blue-collar,married,primary,no,-190,yes,no,unknown,21,may,1,-1,0,unknown,0,young
blue-collar,married,secondary,no,2223,no,no,unknown,14,jun,3,-1,0,unknown,0,older
technician,married,secondary,no,870,yes,no,cellular,3,feb,2,258,10,other,0,young
management,divorced,tertiary,no,2083,yes,no,cellular,10,nov,4,355,10,other,0,older
blue-collar,married,secondary,no,-11,yes,no,telephone,21,aug,9,-1,0,unknown,0,young
management,single,tertiary,no,-972,no,no,unknown,30,may,10,-1,0,unknown,0,young
blue-collar,married,secondary,no,1791,yes,no,cellular,18,jul,1,-1,0,unknown,0,older
admin.,single,secondary,no,1941,no,yes,cellular,2,jul,1,147,2,unknown,1,young
self-employed,divorced,secondary,no,103,yes,no,unknown,15,may,6,-1,0,unknown,0,young
housemaid,divorced,primary,no,66,no,no,cellular,27,jul,4,-1,2,unknown,0,young
management,single,tertiary,no,206,no,no,cellular,18,aug,3,-1,0,unknown,0,young
blue-collar,divorced,primary,no,2120,no,no,cellular,16,aug,2,-1,0,unknown,0,older
technician,single,tertiary,no,1291,no,no,cellular,6,feb,5,-1,0,unknown,0,older
student,single,secondary,no,319,no,no,unknown,6,jun,1,-1,0,unknown,0,young
blue-collar,single,secondary,no,455,yes,no,unknown,12,may,3,-1,0,unknown,0,young
self-employed,divorced,secondary,no,9824,yes,no,cellular,21,nov,3,160,2,failure,0,young
management,single,tertiary,no,-111,yes,no,cellular,18,nov,2,-1,0,unknown,0,young
technician,married,tertiary,no,128,yes,yes,cellular,27,may,7,-1,0,unknown,0,older
blue-collar,married,primary,no,84,no,no,cellular,7,feb,2,-1,0,unknown,0,older
technician,divorced,secondary,no,128,yes,no,cellular,28,jan,2,116,1,other,0,young
self-employed,married,tertiary,no,1703,no,no,unknown,17,jun,2,-1,0,unknown,1,young
management,married,tertiary,no,436,yes,no,cellular,31,may,2,-1,0,unknown,0,young
blue-collar,married,primary,no,-18,yes,no,cellular,30,jan,1,247,4,unknown,0,older
technician,divorced,tertiary,no,4036,yes,no,cellular,21,may,3,-1,1,unknown,0,young
retired,divorced,secondary,no,2432,no,no,telephone,5,sep,3,100,1,other,0,older
blue-collar,married,unknown,no,629,no,no,telephone,10,may,2,-1,0,unknown,0,older
management,divorced,tertiary,no,10880,yes,yes,unknown,9,feb,3,-1,0,unknown,0,older
blue-collar,single,tertiary,yes,173,yes,yes,cellular,15,jul,1,-1,0,unknown,0,young
unknown,married,unknown,no,2821,no,no,unknown,4,jun,2,-1,0,unknown,0,older
blue-collar,divorced,primary,no,-119,yes,no,unknown,8,may,1,-1,0,unknown,0,young
services,single,secondary,no,239,no,no,cellular,3,aug,3,182,10,unknown,0,young
technician,divorced,secondary,no,112,no,no,telephone,28,jan,5,-1,0,unknown,0,older
management,single,tertiary,no,694,yes,no,cellular,20,jul,2,-1,0,unknown,1,young
entrepreneur,divorced,tertiary,no,-2,yes,no,unknown,5,may,1,-1,0,unknown,0,older
technician,divorced,tertiary,no,2047,yes,no,cellular,1,feb,4,269,1,failure,0,young
management,divorced,tertiary,no,962,yes,no,cellular,18,apr,5,263,1,failure,0,young
blue-collar,married,secondary,no,-190,yes,no,unknown,23,may,3,-1,0,unknown,0,young
technician,divorced,tertiary,no,2002,no,no,cellular,27,mar,3,273,3,other,0,young
management,divorced,tertiary,no,2318,no,no,cellular,11,aug,2,-1,0,unknown,0,older
admin.,divorced,secondary,no,-160,yes,no,unknown,14,may,1,-1,0,unknown,0,young
services,married,primary,no,-2790,yes,no,unknown,21,jun,2,-1,0,unknown,0,older
blue-collar,married,secondary,no,523,no,no,telephone,1,feb,2,-1,1,other,0,older
technician,married,tertiary,no,1820,yes,no,cellular,24,jul,4,-1,0,unknown,0,young
unknown,married,secondary,no,168,no,no,unknown,13,may,3,-1,0,unknown,0,young
technician,married,secondary,no,139,yes,no,unknown,28,jun,5,-1,0,unknown,0,older
technician,married,tertiary,no,1960,no,no,cellular,26,aug,4,131,1,success,0,young
management,married,tertiary,no,2536,no,no,cellular,11,aug,5,-1,0,unknown,0,young
blue-collar,married,primary,no,42,yes,no,cellular,18,apr,3,-1,0,unknown,0,young
management,married,tertiary,no,1079,no,no,unknown,21,oct,3,-1,0,unknown,0,young
blue-collar,divorced,primary,no,187,yes,no,unknown,20,jun,5,-1,0,unknown,0,older
entrepreneur,married,secondary,no,241,no,no,cellular,17,nov,3,-1,0,unknown,0,older
technician,divorced,secondary,no,613,no,no,cellular,14,sep,1,343,1,other,1,older
admin.,divorced,secondary,no,30,no,no,cellular,10,jul,1,-1,0,unknown,1,older
blue-collar,married,primary,yes,-110,yes,no,unknown,19,jul,1,-1,0,unknown,0,older
technician,married,secondary,no,40,yes,no,cellular,15,jul,1,-1,0,unknown,0,young
blue-collar,divorced,primary,no,4218,yes,no,unknown,20,nov,5,-1,0,unknown,0,older
blue-collar,married,primary,no,1010,no,no,unknown,8,aug,4,-1,0,unknown,0,older
management,married,tertiary,no,4724,no,no,telephone,8,mar,1,-1,0,unknown,0,older
admin.,married,secondary,no,4999,no,no,cellular,20,nov,2,117,9,other,0,young
housemaid,married,tertiary,no,2350,yes,no,cellular,19,nov,1,115,6,failure,0,young
retired,married,secondary,no,4131,yes,no,telephone,15,feb,1,-1,0,unknown,0,older
technician,divorced,secondary,no,4500,no,no,cellular,11,aug,10,-1,0,unknown,0,older
management,single,tertiary,no,252,yes,no,cellular,20,nov,4,-1,0,unknown,0,young
technician,married,primary,no,569,yes,no,cellular,18,jul,3,-1,0,unknown,1,young
blue-collar,married,secondary,no,-348,no,no,unknown,8,may,1,-1,0,unknown,0,older
technician,married,secondary,no,655,no,no,unknown,1,jun,3,-1,0,unknown,0,young
technician,married,unknown,no,1576,yes,no,unknown,29,jan,1,-1,0,unknown,0,older
student,single,secondary,no,-7,no,no,unknown,11,jun,1,-1,0,unknown,0,young
management,married,tertiary,no,374,yes,yes,cellular,15,may,4,340,10,failure,0,young
blue-collar,single,secondary,yes,504,yes,yes,cellular,15,sep,2,-1,0,unknown,0,young
housemaid,divorced,primary,yes,3845,yes,no,cellular,21,nov,2,-1,0,unknown,0,young
management,divorced,tertiary,no,299,yes,no,cellular,20,nov,5,-1,4,failure,0,young
unknown,married,tertiary,no,1355,no,no,cellular,10,oct,1,-1,0,unknown,0,older
student,single,secondary,no,232,no,no,cellular,22,aug,4,-1,0,unknown,1,young
retired,married,secondary,no,4359,no,yes,cellular,6,jan,5,-1,0,unknown,0,older
blue-collar,married,secondary,yes,426,yes,no,telephone,27,jul,1,-1,0,unknown,0,older
management,divorced,tertiary,no,288,no,no,cellular,11,aug,4,133,1,failure,0,young
blue-collar,married,primary,yes,662,yes,yes,cellular,18,may,1,-1,0,unknown,0,older
technician,single,secondary,no,85,no,yes,cellular,18,jun,2,-1,0,unknown,0,young
housemaid,divorced,secondary,no,1859,no,no,cellular,19,oct,1,-1,0,unknown,0,older
technician,married,secondary,no,2017,no,no,cellular,27,aug,7,133,4,success,0,young
management,married,tertiary,no,-550,yes,no,unknown,13,may,1,-1,0,unknown,0,young
technician,divorced,tertiary,no,-69,no,no,unknown,22,may,16,-1,0,unknown,0,older
retired,divorced,secondary,no,17668,no,no,cellular,27,dec,2,-1,0,unknown,0,older
management,single,tertiary,no,4158,no,no,cellular,12,jun,1,92,0,success,0,young
technician,single,secondary,no,5295,no,no,cellular,20,oct,1,-1,0,unknown,1,older
services,divorced,secondary,no,2851,yes,no,cellular,2,nov,2,-1,0,unknown,0,young
management,married,tertiary,no,210,yes,yes,cellular,20,jan,1,142,1,other,0,young
technician,single,tertiary,no,959,no,no,cellular,28,jan,1,337,1,failure,1,young
services,divorced,secondary,no,2343,yes,no,cellular,16,nov,3,-1,4,failure,0,older
unknown,married,unknown,no,-2774,no,no,cellular,27,aug,6,-1,0,unknown,0,older
management,single,secondary,no,918,no,no,cellular,29,nov,1,106,1,failure,1,young
technician,divorced,secondary,no,82,no,no,cellular,15,may,1,-1,0,unknown,0,young
services,married,secondary,no,376,no,no,cellular,26,may,1,-1,0,unknown,0,older
management,single,tertiary,no,95,yes,no,cellular,15,aug,4,-1,0,unknown,0,young
services,married,secondary,no,814,yes,no,cellular,3,may,1,-1,0,unknown,0,older
management,married,tertiary,yes,-166,yes,no,unknown,11,may,2,-1,0,unknown,0,young
management,single,secondary,no,6344,no,no,cellular,22,sep,7,99,2,success,1,young
management,single,tertiary,no,2433,no,no,cellular,12,nov,5,113,1,failure,0,young
blue-collar,divorced,primary,no,-370,yes,no,unknown,12,may,5,-1,0,unknown,0,young
technician,divorced,secondary,no,2863,yes,no,cellular,19,nov,3,-1,0,unknown,0,young
blue-collar,married,primary,no,3,yes,no,cellular,17,jul,4,-1,0,unknown,0,older
management,married,tertiary,no,1312,no,no,unknown,19,jul,1,-2,0,unknown,0,older
entrepreneur,married,secondary,no,63,no,no,unknown,21,jul,3,-1,0,unknown,0,young
retired,married,primary,no,3373,no,no,telephone,7,mar,1,-1,0,unknown,0,older
blue-collar,divorced,primary,no,455,yes,yes,cellular,10,may,2,344,1,failure,0,older
management,divorced,secondary,no,164,no,no,cellular,9,jul,4,-1,0,unknown,0,older
technician,married,secondary,no,2333,no,no,cellular,12,may,2,186,4,other,0,older
self-employed,married,secondary,no,170,no,no,unknown,3,jun,3,-1,0,unknown,0,young
admin.,single,secondary,yes,412,no,yes,cellular,20,nov,3,130,1,failure,0,young
technician,divorced,secondary,no,-22,yes,no,cellular,22,apr,3,-1,0,unknown,0,young
management,divorced,tertiary,no,1044,no,no,cellular,27,aug,2,121,6,success,0,older
services,married,secondary,no,369,yes,no,cellular,12,may,3,-1,0,unknown,0,young
student,single,secondary,no,100,yes,no,cellular,23,nov,2,-1,0,unknown,1,young
student,single,tertiary,no,989,yes,no,cellular,9,may,3,-1,0,unknown,0,young
technician,single,tertiary,no,652,yes,no,unknown,25,jun,2,-1,0,unknown,0,young
blue-collar,married,secondary,no,-587,no,no,unknown,11,jun,3,-1,0,unknown,0,older
management,single,tertiary,no,31,no,no,cellular,4,sep,4,117,1,failure,0,young
entrepreneur,divorced,secondary,no,954,no,no,telephone,2,jan,7,75,1,failure,0,older
technician,married,tertiary,no,4366,no,no,cellular,15,jan,2,165,9,success,0,young
technician,divorced,secondary,no,-110,yes,no,cellular,30,jul,8,-1,0,unknown,0,older
housemaid,divorced,primary,yes,-24,yes,no,unknown,17,jun,1,-1,0,unknown,0,older
technician,married,secondary,no,3194,no,no,cellular,9,oct,3,175,1,success,1,young
admin.,married,secondary,no,2172,no,no,unknown,22,jun,1,-1,0,unknown,1,young
blue-collar,married,primary,no,474,no,no,unknown,6,may,3,-1,0,unknown,0,older
admin.,divorced,secondary,no,-764,no,no,unknown,17,nov,2,-1,0,unknown,1,older
technician,married,tertiary,no,742,no,no,telephone,27,apr,2,394,0,success,1,young
management,married,tertiary,no,2035,yes,no,cellular,11,aug,7,-1,0,unknown,0,young
blue-collar,married,primary,yes,100,no,yes,cellular,9,jul,2,-1,0,unknown,0,older
blue-collar,married,secondary,no,186,yes,no,cellular,17,nov,2,184,4,failure,0,older
blue-collar,married,primary,yes,360,no,no,unknown,17,jun,2,-1,0,unknown,0,older
blue-collar,married,primary,no,3190,yes,no,cellular,22,aug,2,-1,0,unknown,0,young
entrepreneur,married,tertiary,no,68,no,no,cellular,26,jul,7,-1,0,unknown,0,older
blue-collar,married,secondary,no,585,yes,no,cellular,13,jul,2,-1,0,unknown,0,older
management,married,tertiary,yes,434,no,no,cellular,6,aug,1,-1,0,unknown,0,young
technician,single,secondary,no,655,yes,no,cellular,20,aug,2,-1,0,unknown,0,young
technician,married,secondary,no,2342,no,no,unknown,20,aug,2,-1,0,unknown,0,older
blue-collar,married,primary,no,334,yes,yes,unknown,3,may,3,-1,0,unknown,0,older
retired,married,primary,no,2085,no,no,telephone,13,apr,2,-1,0,unknown,0,older
self-employed,married,secondary,no,1350,no,no,cellular,30,jul,4,-1,0,unknown,1,young
blue-collar,married,primary,no,762,no,no,unknown,4,may,5,-1,0,unknown,0,young
management,married,tertiary,no,95,yes,no,unknown,17,may,15,-1,0,unknown,0,young
services,married,secondary,no,-107,no,no,cellular,23,jul,6,-1,0,unknown,0,young
technician,divorced,secondary,no,995,no,yes,cellular,12,aug,3,-1,0,unknown,0,young
entrepreneur,married,secondary,no,1644,yes,no,cellular,21,jul,4,-1,0,unknown,0,young
management,divorced,tertiary,no,77,no,no,cellular,29,jul,2,-1,0,unknown,0,older
retired,married,secondary,no,1252,no,no,cellular,10,mar,1,139,1,failure,1,older
management,divorced,tertiary,no,221,no,no,cellular,5,jun,2,92,4,other,1,young
management,married,tertiary,no,678,no,no,cellular,2,feb,2,179,1,success,0,young
blue-collar,married,primary,no,4767,no,no,telephone,13,jul,5,-1,0,unknown,0,older
management,married,primary,no,608,yes,no,cellular,11,may,4,355,1,failure,0,young
management,married,tertiary,no,137,yes,no,cellular,20,apr,1,93,1,failure,0,young
blue-collar,married,primary,no,1235,no,no,unknown,5,jun,2,-1,0,unknown,0,young
retired,married,secondary,no,1343,no,no,unknown,5,jun,1,-1,0,unknown,0,older
management,married,tertiary,no,2194,yes,no,cellular,5,apr,7,-1,0,unknown,0,older
retired,married,secondary,no,2280,no,no,telephone,5,oct,1,-1,0,unknown,1,older
retired,married,primary,no,4713,no,no,telephone,7,mar,1,-1,0,unknown,1,older
blue-collar,married,primary,no,-274,yes,no,unknown,8,may,2,-1,0,unknown,0,older
blue-collar,divorced,secondary,no,1458,no,no,unknown,21,jun,3,-1,0,unknown,0,young
blue-collar,single,secondary,no,4749,no,no,cellular,21,nov,3,-1,0,unknown,0,young
services,married,secondary,no,1,yes,yes,unknown,7,may,3,-1,0,unknown,0,young
technician,married,secondary,no,82,yes,no,cellular,22,jul,1,-1,0,unknown,0,older
management,married,tertiary,no,963,no,no,cellular,11,aug,4,-1,0,unknown,0,young
technician,single,secondary,no,-85,yes,no,unknown,15,may,3,-1,0,unknown,0,young
management,married,tertiary,no,2876,yes,no,unknown,25,may,7,-1,0,unknown,0,young
entrepreneur,married,secondary,no,856,yes,no,cellular,5,apr,1,-1,0,unknown,0,young
services,married,secondary,no,-33,no,yes,cellular,17,jul,10,-2,0,unknown,0,older
management,married,tertiary,yes,-733,no,no,unknown,23,may,9,-1,0,unknown,0,young
technician,divorced,secondary,no,4613,yes,no,cellular,20,nov,3,-1,0,unknown,0,young
blue-collar,married,primary,no,1958,no,no,telephone,20,oct,1,-1,0,unknown,0,older
blue-collar,married,secondary,no,189,yes,no,unknown,14,may,1,-1,0,unknown,0,older
self-employed,married,primary,no,181,no,no,unknown,11,jun,1,-1,0,unknown,0,older
unemployed,divorced,secondary,no,1051,no,no,cellular,13,may,1,-1,0,unknown,0,young
blue-collar,married,secondary,no,5323,no,no,cellular,14,jul,3,-1,0,unknown,0,older
blue-collar,divorced,tertiary,no,1098,yes,no,cellular,14,apr,4,287,6,failure,0,young
technician,single,secondary,no,2907,no,no,cellular,1,oct,2,81,1,failure,0,young
self-employed,married,tertiary,no,574,no,no,cellular,22,nov,1,-1,0,unknown,0,young
blue-collar,married,secondary,no,717,yes,no,cellular,15,jul,1,-1,0,unknown,0,young
unknown,married,unknown,no,3275,no,no,cellular,3,oct,1,-1,4,unknown,1,young
blue-collar,married,tertiary,yes,1992,no,yes,cellular,2,feb,1,-1,0,unknown,0,older
technician,single,tertiary,no,1302,yes,no,cellular,29,jan,2,278,4,failure,0,young
housemaid,married,secondary,no,186,yes,no,telephone,6,may,1,84,4,other,0,young
blue-collar,divorced,secondary,no,953,yes,no,cellular,14,may,3,348,4,other,0,young
retired,married,primary,no,801,yes,no,unknown,5,may,1,-1,0,unknown,0,older
management,married,tertiary,no,-726,yes,no,unknown,21,jun,2,-1,0,unknown,0,older
entrepreneur,married,secondary,no,901,no,yes,cellular,18,jul,1,-1,0,unknown,0,young
management,married,primary,no,6357,no,no,unknown,5,jun,7,-1,0,unknown,0,older
management,single,tertiary,no,667,yes,no,unknown,21,may,2,-1,0,unknown,0,young
blue-collar,married,secondary,no,289,yes,no,unknown,19,may,1,340,3,other,0,young
self-employed,married,tertiary,no,4690,no,yes,cellular,21,apr,1,47,1,failure,1,older
admin.,married,secondary,no,121,no,no,cellular,3,feb,2,181,4,failure,0,young
admin.,single,secondary,no,1019,no,no,cellular,18,feb,2,-1,3,other,0,young
blue-collar,single,primary,no,806,yes,no,cellular,11,may,1,351,6,failure,1,young
services,divorced,primary,no,-396,yes,no,telephone,29,jul,4,-1,0,unknown,0,older
technician,married,secondary,no,201,no,no,cellular,26,aug,7,-1,0,unknown,0,older
technician,married,secondary,no,103,no,no,cellular,21,aug,2,-1,0,unknown,0,older
management,divorced,tertiary,no,590,yes,no,cellular,16,may,4,354,1,failure,0,young
technician,married,primary,no,6703,no,no,unknown,7,may,1,-1,0,unknown,0,older
technician,single,secondary,no,5005,no,no,cellular,6,aug,5,-1,0,unknown,0,older
blue-collar,married,secondary,no,37,yes,no,cellular,7,may,3,-1,0,unknown,0,older
student,single,unknown,no,2010,no,no,cellular,16,oct,7,125,6,failure,0,young
blue-collar,married,secondary,no,169,yes,no,cellular,16,apr,5,-1,0,unknown,0,young
services,married,unknown,no,285,no,no,cellular,6,aug,3,-1,0,unknown,0,young
blue-collar,single,secondary,no,706,yes,no,unknown,19,jun,1,-1,0,unknown,0,young
technician,married,secondary,no,380,no,yes,cellular,15,jul,3,-1,0,unknown,0,older
blue-collar,single,secondary,yes,-143,yes,no,unknown,4,may,1,-1,0,unknown,0,young
technician,married,secondary,no,-764,yes,no,unknown,11,may,1,-1,0,unknown,0,young
blue-collar,single,secondary,no,2170,yes,no,cellular,20,nov,4,-1,0,unknown,0,young
blue-collar,single,primary,no,2614,no,no,unknown,13,may,3,353,9,failure,0,older
unknown,married,secondary,yes,-1624,no,no,unknown,17,jun,1,-1,0,unknown,0,older
self-employed,single,secondary,no,793,yes,no,cellular,13,feb,2,272,1,failure,0,young
self-employed,married,secondary,no,1251,yes,no,cellular,14,apr,2,151,1,success,0,young
services,single,secondary,no,185,no,no,cellular,21,jul,3,-1,0,unknown,0,young
management,married,tertiary,no,4499,no,no,cellular,17,aug,1,-1,0,unknown,0,young
technician,married,primary,no,153,no,yes,unknown,6,feb,1,-1,0,unknown,0,older
management,divorced,tertiary,no,-82,yes,no,unknown,12,jun,1,-1,0,unknown,0,older
management,married,tertiary,no,96,no,no,cellular,20,aug,4,-1,0,unknown,0,young
blue-collar,married,primary,no,2989,yes,no,cellular,5,feb,1,-1,0,unknown,0,young
admin.,married,secondary,no,269,yes,no,cellular,2,feb,1,-1,6,other,0,young
blue-collar,divorced,primary,no,343,yes,no,cellular,21,apr,1,344,1,unknown,0,young
blue-collar,divorced,secondary,no,59,yes,no,telephone,13,may,1,350,1,failure,0,young
management,single,tertiary,no,4501,no,no,cellular,24,may,1,-1,0,unknown,0,young
admin.,married,secondary,no,-54,no,no,cellular,17,jul,7,-1,0,unknown,0,young
management,married,tertiary,no,754,no,no,unknown,5,jun,4,-1,0,unknown,0,young
housemaid,married,primary,no,406,no,no,cellular,11,aug,5,286,10,other,0,older
retired,married,secondary,no,984,yes,no,cellular,3,apr,2,337,1,failure,0,older
entrepreneur,married,secondary,no,209,no,no,cellular,7,jul,1,-1,0,unknown,0,older
services,single,secondary,no,2308,yes,no,cellular,12,may,1,-1,0,unknown,0,young
blue-collar,divorced,secondary,no,309,yes,no,cellular,3,may,5,364,1,other,0,young
blue-collar,married,secondary,no,59,yes,no,unknown,12,may,1,-1,0,unknown,0,young
technician,single,secondary,no,241,no,yes,cellular,17,jul,7,-1,0,unknown,0,young
blue-collar,married,secondary,no,223,yes,yes,cellular,15,may,2,-1,0,unknown,0,older
self-employed,married,primary,no,2864,yes,no,unknown,15,may,1,-1,0,unknown,0,young
self-employed,married,primary,no,246,no,no,cellular,10,may,3,346,6,failure,0,young
management,married,tertiary,no,60,yes,no,cellular,13,may,4,92,2,failure,0,young
blue-collar,married,unknown,no,2018,no,no,unknown,16,may,10,-1,0,unknown,0,older
management,divorced,tertiary,no,1816,yes,no,cellular,12,jul,5,-1,0,unknown,0,older
self-employed,divorced,secondary,no,1108,no,no,cellular,16,apr,4,-1,0,unknown,0,older
blue-collar,married,secondary,no,2852,no,yes,cellular,29,aug,1,-1,0,unknown,0,older
management,single,tertiary,yes,216,yes,yes,cellular,13,may,3,-1,0,unknown,0,young
management,married,tertiary,no,12373,no,no,cellular,21,nov,1,-1,0,unknown,0,young
blue-collar,married,secondary,no,-65,yes,no,unknown,11,may,4,-1,0,unknown,0,young
services,married,secondary,no,125,no,no,cellular,18,aug,2,-1,0,unknown,0,older
technician,divorced,secondary,no,-296,no,no,unknown,31,may,6,-1,0,unknown,0,older
management,single,secondary,no,344,yes,no,cellular,13,may,3,353,2,other,0,young
technician,married,secondary,no,2200,no,no,cellular,16,nov,3,96,0,failure,0,older
services,divorced,secondary,no,91,no,no,cellular,20,jul,4,-1,0,unknown,0,young
technician,married,secondary,no,2599,no,no,telephone,3,feb,7,-2,9,success,0,older
services,married,secondary,no,110,no,yes,cellular,14,jul,1,-1,0,unknown,0,young
admin.,married,secondary,yes,6549,no,no,telephone,21,apr,5,-1,0,unknown,0,young
services,married,primary,no,227,yes,no,cellular,15,apr,3,-1,0,unknown,1,young
management,married,primary,no,715,yes,no,cellular,2,feb,5,-1,0,unknown,0,older
technician,single,secondary,no,-150,yes,no,unknown,14,may,2,-1,0,unknown,0,young
unemployed,married,secondary,yes,-245,no,no,cellular,22,jul,2,-1,0,unknown,0,older
technician,married,secondary,no,2219,yes,yes,cellular,21,jul,2,-1,0,unknown,0,older
unknown,married,unknown,no,-660,no,no,unknown,11,may,1,-1,0,unknown,0,older
retired,single,primary,no,3588,no,no,telephone,6,jun,1,-1,0,unknown,0,older
blue-collar,divorced,primary,yes,-558,yes,no,unknown,28,may,9,-1,0,unknown,0,young
blue-collar,divorced,secondary,no,318,yes,no,cellular,19,may,10,-1,0,unknown,0,young
retired,married,secondary,no,211,no,yes,telephone,8,jul,2,-1,0,unknown,0,older
blue-collar,divorced,secondary,yes,-92,yes,no,cellular,20,apr,1,-1,0,unknown,0,young
entrepreneur,divorced,tertiary,no,2283,no,no,cellular,19,jul,7,-2,0,unknown,0,older
housemaid,married,secondary,no,536,yes,no,telephone,4,feb,7,-1,0,unknown,0,older
blue-collar,married,primary,no,2282,yes,no,unknown,17,jun,3,-1,0,unknown,0,older
blue-collar,married,secondary,no,65,no,no,cellular,13,jul,1,-1,0,unknown,0,young
technician,married,secondary,yes,947,no,no,cellular,11,aug,2,-1,0,unknown,0,young
blue-collar,divorced,primary,yes,-59,yes,no,unknown,5,may,3,-1,0,unknown,0,young
management,single,tertiary,no,13,yes,no,cellular,24,apr,1,-1,0,unknown,1,young
technician,married,secondary,no,-412,yes,no,unknown,16,may,1,-1,0,unknown,0,young
blue-collar,divorced,primary,yes,222,no,no,cellular,7,aug,1,-1,0,unknown,0,older
blue-collar,married,secondary,no,397,yes,no,cellular,14,apr,3,94,1,failure,0,young
management,single,tertiary,no,197,no,no,cellular,9,jul,2,-1,0,unknown,0,young
blue-collar,married,secondary,yes,-269,yes,yes,cellular,17,may,1,277,1,failure,0,young
blue-collar,married,primary,no,-65,yes,no,unknown,11,may,1,-1,0,unknown,0,young
management,single,tertiary,no,-46,yes,no,cellular,20,jul,4,-1,0,unknown,0,young
blue-collar,married,secondary,yes,48,yes,no,cellular,4,feb,7,278,4,failure,0,older
student,single,tertiary,no,1074,no,no,cellular,30,aug,4,181,2,other,0,young
management,married,tertiary,no,10941,no,no,unknown,17,jun,1,-1,0,unknown,0,older
technician,married,secondary,no,1748,no,no,cellular,28,oct,5,-1,0,unknown,0,older
blue-collar,married,primary,no,802,no,yes,telephone,14,jul,1,-1,0,unknown,0,older
technician,single,tertiary,no,-73,no,no,cellular,12,jul,1,-1,1,success,0,young
technician,divorced,secondary,no,480,no,no,cellular,2,may,5,367,9,failure,1,young
technician,single,secondary,no,17,yes,no,unknown,22,may,3,-1,0,unknown,0,young
blue-collar,married,primary,no,-131,no,no,unknown,10,jun,1,-1,0,unknown,0,young
blue-collar,single,secondary,no,266,yes,no,telephone,17,nov,1,-1,0,unknown,0,young
unknown,married,primary,no,3513,no,no,cellular,21,nov,1,-1,0,unknown,0,older
technician,divorced,tertiary,no,127,yes,no,cellular,13,apr,3,344,1,other,0,young
technician,divorced,tertiary,no,79,yes,no,cellular,28,jan,2,353,4,failure,0,young
blue-collar,married,primary,yes,-120,yes,no,unknown,6,may,3,-1,0,unknown,0,young
retired,married,secondary,no,199,no,no,cellular,1,feb,1,-1,0,unknown,0,older
blue-collar,single,secondary,no,2014,yes,no,telephone,17,apr,3,-1,0,unknown,0,young
blue-collar,married,secondary,no,67,yes,no,unknown,13,may,2,-1,0,unknown,0,older
management,married,secondary,no,4477,no,no,cellular,17,jul,2,-1,0,unknown,0,young
blue-collar,married,secondary,no,591,yes,no,cellular,20,nov,1,-1,0,failure,0,older
management,divorced,tertiary,no,-1833,yes,no,unknown,8,may,2,-1,0,unknown,0,young
management,single,primary,yes,4402,no,no,cellular,2,jun,3,-1,0,unknown,0,young
self-employed,married,tertiary,no,4289,yes,no,telephone,10,may,5,341,9,failure,0,older
blue-collar,single,secondary,yes,75,yes,no,cellular,14,may,1,-1,0,unknown,1,young
retired,married,primary,no,867,no,no,cellular,3,oct,1,-1,1,unknown,1,older
retired,divorced,secondary,no,1579,no,no,telephone,30,jul,4,-1,0,unknown,0,older
blue-collar,divorced,primary,no,120,no,no,unknown,8,may,1,-2,0,unknown,0,older
technician,married,primary,no,340,no,no,unknown,20,feb,1,-1,0,unknown,0,older
self-employed,married,tertiary,no,4475,no,no,cellular,7,mar,7,97,4,success,1,older
self-employed,divorced,secondary,no,7050,no,no,unknown,20,jun,1,-1,0,unknown,0,older
technician,married,secondary,no,108,no,no,cellular,10,aug,4,-1,0,unknown,0,older
blue-collar,married,secondary,no,1551,no,no,telephone,16,nov,5,-1,0,unknown,0,older
self-employed,married,tertiary,no,-544,yes,no,unknown,7,may,3,-1,0,unknown,0,young
entrepreneur,married,secondary,yes,-174,yes,no,unknown,21,nov,3,-1,0,unknown,0,young
unemployed,single,secondary,no,-13,yes,no,unknown,21,may,1,-1,0,unknown,0,young
technician,married,secondary,no,738,yes,no,cellular,6,jan,2,283,1,failure,0,young
admin.,married,secondary,no,3558,yes,no,cellular,11,nov,1,124,1,success,0,older
retired,divorced,secondary,no,2606,no,no,cellular,1,feb,1,84,2,other,0,young
blue-collar,single,secondary,yes,622,yes,no,cellular,19,may,8,358,0,unknown,0,young
blue-collar,married,secondary,no,577,yes,no,cellular,11,may,2,-1,0,other,0,young
technician,single,secondary,no,3215,yes,no,cellular,19,dec,4,122,4,success,0,young
services,married,secondary,no,2066,no,no,telephone,1,feb,2,-1,0,unknown,0,older
student,single,unknown,no,-28,yes,no,cellular,17,apr,3,-1,0,unknown,0,young
technician,married,secondary,no,163,yes,no,cellular,5,jun,1,133,1,failure,1,young
management,married,primary,no,2331,no,no,telephone,14,may,5,-2,0,unknown,0,older
housemaid,divorced,primary,no,988,no,no,telephone,17,nov,1,-1,0,unknown,0,older
technician,single,secondary,no,-19,no,yes,cellular,14,may,3,256,0,unknown,0,young
blue-collar,married,primary,no,379,yes,no,unknown,11,may,8,-1,0,unknown,0,older
blue-collar,single,secondary,no,-503,yes,no,unknown,12,may,3,-1,0,unknown,0,young
management,married,tertiary,no,614,no,yes,cellular,11,jul,1,-1,0,unknown,0,young
technician,divorced,secondary,no,4094,yes,no,cellular,20,jan,2,178,1,failure,0,young
technician,married,secondary,no,5140,yes,no,cellular,20,nov,4,-1,0,unknown,0,young
unemployed,single,secondary,no,-417,yes,no,cellular,21,nov,2,-1,0,unknown,0,young
management,married,tertiary,no,-148,yes,no,unknown,8,may,4,-1,0,unknown,0,young
management,single,tertiary,no,1110,yes,no,cellular,23,apr,3,185,1,other,0,young
technician,divorced,secondary,no,250,yes,no,cellular,19,nov,4,341,2,failure,0,young
management,married,tertiary,no,1180,no,yes,cellular,20,jul,1,-1,0,unknown,0,young
technician,married,secondary,no,2859,no,no,cellular,4,aug,3,-1,0,unknown,0,older
blue-collar,married,primary,yes,-769,yes,no,unknown,5,may,3,-1,0,unknown,0,young
management,married,tertiary,no,3265,no,no,cellular,12,aug,7,-1,0,unknown,0,young
management,divorced,tertiary,no,271,yes,no,cellular,29,jan,2,262,2,other,0,older
admin.,married,secondary,no,586,yes,yes,cellular,17,nov,3,-1,0,unknown,0,older
student,divorced,secondary,no,5763,yes,yes,cellular,28,jan,3,119,10,other,1,young
technician,married,secondary,no,71,no,no,cellular,29,jun,1,-1,0,unknown,0,older
blue-collar,married,secondary,no,621,yes,no,cellular,2,feb,2,277,2,failure,0,young
blue-collar,married,secondary,yes,422,yes,no,unknown,9,may,1,-1,0,unknown,0,older
management,married,tertiary,no,212,yes,no,cellular,27,jul,7,-1,0,unknown,0,older
services,divorced,tertiary,no,781,yes,no,cellular,13,jan,5,76,10,other,0,young
blue-collar,married,primary,no,78,yes,no,cellular,17,may,1,-1,0,unknown,0,older
management,married,primary,yes,300,yes,no,cellular,11,may,1,181,1,failure,0,young
blue-collar,married,secondary,no,197,yes,yes,cellular,29,jul,7,-1,0,unknown,0,older
blue-collar,single,unknown,no,465,yes,no,cellular,27,jan,7,270,11,failure,0,older
technician,single,secondary,no,232,no,no,telephone,25,jul,10,-1,0,unknown,0,young
blue-collar,married,secondary,no,1152,no,no,telephone,14,aug,4,-1,0,unknown,0,older
blue-collar,married,primary,no,239,yes,no,unknown,15,may,14,-1,0,unknown,0,older
services,divorced,secondary,yes,-103,yes,no,unknown,14,may,1,-1,0,unknown,0,young
services,married,secondary,no,510,no,no,cellular,22,jul,2,-1,0,unknown,0,young
technician,single,secondary,no,2142,no,no,cellular,12,jul,3,-1,0,unknown,1,young
blue-collar,married,secondary,no,-204,no,no,unknown,4,may,2,-1,0,unknown,0,older
blue-collar,divorced,secondary,no,4018,no,no,unknown,18,jun,1,-1,0,unknown,0,older
blue-collar,married,primary,no,256,no,no,telephone,14,jul,5,-1,0,unknown,0,older
services,single,secondary,no,158,no,yes,cellular,21,may,6,-1,0,unknown,0,young
blue-collar,married,secondary,no,539,yes,no,unknown,3,may,1,-1,0,unknown,0,young
blue-collar,married,secondary,no,-80,yes,no,cellular,22,mar,1,-1,0,unknown,1,young
blue-collar,married,primary,no,412,yes,no,unknown,1,jun,5,-1,0,unknown,0,older
blue-collar,divorced,primary,no,1607,yes,no,cellular,14,apr,3,-1,0,unknown,0,older
admin.,married,secondary,no,5847,no,yes,cellular,5,jun,2,-1,0,unknown,1,older
management,divorced,primary,no,-308,yes,no,cellular,12,jul,2,-1,0,unknown,0,older
management,married,tertiary,no,31,yes,no,cellular,26,aug,2,187,1,failure,0,young
retired,divorced,secondary,no,1442,no,no,telephone,22,jul,3,-1,0,unknown,0,older
management,single,tertiary,no,116,yes,no,cellular,7,may,5,-1,0,unknown,0,young
technician,married,tertiary,no,-418,yes,no,unknown,19,may,3,-1,0,unknown,0,young
technician,single,secondary,no,3545,no,no,cellular,6,aug,2,-1,0,unknown,0,young
management,married,primary,no,2178,yes,no,cellular,7,jun,1,-1,0,success,1,young
technician,married,secondary,no,2075,no,no,telephone,4,jun,1,-1,0,unknown,0,older
technician,divorced,secondary,no,52,yes,no,unknown,11,may,1,-1,0,unknown,0,young
blue-collar,married,primary,yes,147,yes,no,cellular,23,dec,1,269,4,failure,0,young
blue-collar,married,primary,no,3658,no,no,unknown,9,may,3,-1,0,unknown,0,older
management,single,tertiary,no,108,yes,yes,unknown,6,jun,1,-1,0,unknown,0,young
self-employed,married,tertiary,no,66,yes,no,cellular,1,nov,4,104,4,failure,0,young
technician,single,secondary,yes,95,no,no,cellular,17,feb,1,-1,1,unknown,1,young
technician,married,primary,no,145,yes,no,cellular,9,may,1,-1,0,unknown,0,young
technician,single,secondary,no,1218,no,no,cellular,28,jul,9,-1,0,unknown,0,young
blue-collar,married,secondary,yes,482,yes,no,cellular,22,jul,1,-1,0,unknown,0,young
self-employed,married,tertiary,no,1109,no,no,cellular,19,jul,3,-1,0,unknown,0,young
blue-collar,divorced,secondary,no,-121,yes,no,telephone,14,may,2,-1,0,unknown,0,young
blue-collar,married,secondary,no,4750,no,no,cellular,12,dec,1,98,1,success,1,older
admin.,divorced,secondary,no,5800,yes,no,cellular,14,may,2,182,4,success,1,young
unemployed,single,secondary,no,12649,no,no,cellular,21,oct,2,-1,0,unknown,0,young
blue-collar,divorced,primary,no,1281,yes,no,unknown,4,jun,2,-1,0,unknown,0,young
management,married,tertiary,no,31,yes,no,cellular,21,apr,1,-1,0,unknown,0,young
management,divorced,tertiary,no,169,no,no,cellular,19,aug,4,-1,0,unknown,0,older
management,married,tertiary,no,3307,yes,no,unknown,21,jun,1,-1,0,unknown,0,older
blue-collar,married,primary,no,687,yes,no,telephone,7,may,1,-1,0,unknown,0,older
admin.,married,unknown,no,-68,yes,no,unknown,29,may,7,152,10,other,0,older
technician,single,tertiary,no,440,no,no,cellular,5,feb,1,129,1,failure,0,young
retired,married,secondary,no,3618,no,no,cellular,21,oct,3,113,4,success,1,young
blue-collar,married,secondary,no,-37,yes,no,cellular,20,apr,4,142,1,failure,0,young
unknown,married,unknown,no,-2028,no,no,unknown,21,nov,1,-1,0,unknown,0,older
technician,single,secondary,no,1277,no,no,cellular,21,aug,4,-1,0,unknown,0,young
technician,married,secondary,no,1985,yes,no,unknown,17,may,5,-1,0,unknown,0,older
blue-collar,married,primary,no,901,no,yes,unknown,7,may,1,-1,0,unknown,0,older
services,married,secondary,no,1681,yes,no,cellular,13,may,1,348,1,failure,0,older
services,married,secondary,no,52,no,no,telephone,20,nov,2,-1,0,unknown,0,young
management,married,tertiary,no,2570,no,no,cellular,5,jun,2,-1,0,unknown,1,older
blue-collar,married,primary,no,232,no,no,unknown,16,jun,2,-1,0,unknown,0,older
retired,married,primary,no,2308,no,no,telephone,29,mar,1,-1,0,unknown,0,older
services,single,secondary,no,-274,yes,no,unknown,15,may,3,-1,0,unknown,0,young
blue-collar,married,tertiary,no,3489,no,no,unknown,5,jun,2,-1,0,unknown,0,older
technician,single,secondary,no,3312,yes,no,cellular,15,jan,3,338,1,failure,1,young
admin.,married,secondary,no,60,no,no,unknown,4,jun,2,-1,0,unknown,0,older
technician,married,secondary,no,4026,yes,no,cellular,14,apr,5,351,1,failure,0,young
technician,single,secondary,yes,-580,yes,yes,cellular,6,jul,1,-1,0,unknown,0,young
blue-collar,married,primary,no,2640,yes,no,cellular,17,feb,2,179,3,failure,0,young
technician,married,secondary,no,474,yes,no,cellular,10,jan,2,133,1,failure,0,older
retired,married,secondary,no,1442,no,no,telephone,3,aug,5,-2,0,unknown,0,older
entrepreneur,married,secondary,yes,113,no,yes,telephone,5,jul,2,-1,0,unknown,0,older
unemployed,married,secondary,no,-27,no,no,cellular,4,aug,3,-1,0,unknown,0,young
technician,married,secondary,no,233,yes,no,cellular,12,may,5,359,4,other,0,young
technician,single,tertiary,no,2436,no,no,cellular,19,mar,7,-1,0,unknown,0,young
management,married,secondary,no,3807,yes,no,cellular,21,apr,1,159,1,failure,1,young
management,single,tertiary,no,319,yes,no,unknown,9,may,1,-1,0,unknown,0,older
self-employed,divorced,tertiary,no,430,no,no,cellular,6,feb,2,365,2,failure,0,older
technician,married,secondary,no,868,no,no,cellular,8,aug,4,-1,0,unknown,0,young
blue-collar,married,secondary,no,-247,no,yes,cellular,3,jul,2,-1,0,unknown,1,young
management,married,tertiary,no,418,no,no,cellular,29,may,1,-1,0,unknown,1,older
blue-collar,married,secondary,no,129,yes,no,unknown,13,may,1,-1,0,unknown,0,older
blue-collar,divorced,secondary,no,4179,no,no,cellular,18,nov,1,-1,0,unknown,0,older
management,married,tertiary,no,2627,yes,no,cellular,14,may,4,356,1,other,0,young
student,single,secondary,no,81,no,no,cellular,21,nov,1,186,1,failure,0,young
blue-collar,married,secondary,no,157,no,no,cellular,15,jul,3,-1,0,unknown,0,older
technician,single,unknown,no,191,no,no,unknown,5,jun,3,-1,0,unknown,0,young
management,married,tertiary,no,1292,yes,yes,cellular,19,nov,4,-1,0,unknown,0,young
blue-collar,married,tertiary,no,88,no,no,unknown,2,jun,3,-1,0,unknown,0,young
management,divorced,secondary,yes,125,no,yes,cellular,17,jul,3,-1,0,unknown,0,older
services,divorced,tertiary,no,-2060,yes,no,unknown,26,may,1,-1,0,unknown,0,young
retired,married,tertiary,no,2199,no,no,cellular,29,jan,2,-1,0,unknown,0,older
housemaid,divorced,secondary,no,3195,no,no,cellular,20,aug,1,-1,0,unknown,0,older
services,single,secondary,no,135,yes,no,telephone,12,may,10,-1,0,unknown,0,young
blue-collar,divorced,secondary,no,556,yes,no,unknown,20,may,3,-1,0,unknown,0,young
blue-collar,married,secondary,no,1309,yes,no,cellular,3,feb,2,280,1,failure,0,young
housemaid,married,primary,no,88,no,no,cellular,5,aug,2,-1,0,unknown,0,older
technician,divorced,secondary,no,211,no,no,cellular,22,jul,5,-1,0,unknown,0,young
blue-collar,married,primary,no,590,yes,no,unknown,3,may,2,-1,0,unknown,0,young
admin.,married,secondary,no,-66,no,no,unknown,1,jun,1,-1,0,unknown,0,young
technician,single,secondary,no,5271,yes,no,cellular,1,feb,1,-1,0,unknown,0,young
management,married,tertiary,no,-446,yes,no,unknown,14,may,22,-1,0,unknown,0,older
services,married,secondary,no,108,yes,no,unknown,6,jun,1,-1,0,unknown,0,young
management,married,tertiary,no,645,yes,yes,cellular,17,jul,4,143,1,failure,0,young
retired,divorced,primary,no,1467,no,no,telephone,12,apr,1,-1,0,unknown,0,older
management,single,primary,no,159,no,no,telephone,22,jul,4,256,4,other,0,young
blue-collar,single,secondary,no,1414,yes,no,cellular,15,apr,3,356,2,failure,0,young
retired,married,secondary,no,3159,no,no,telephone,4,oct,1,-1,0,unknown,1,older
blue-collar,divorced,primary,no,-93,yes,no,unknown,15,may,2,-1,0,unknown,0,young
technician,married,tertiary,no,265,no,no,cellular,13,aug,10,-1,0,unknown,0,young
unemployed,married,primary,no,473,no,no,cellular,6,aug,2,-1,0,unknown,0,older
unemployed,divorced,primary,no,594,no,no,cellular,13,aug,1,-1,0,unknown,0,older
blue-collar,single,secondary,no,6161,no,no,cellular,16,jul,2,-1,0,unknown,1,older
technician,single,secondary,no,167,no,no,cellular,11,aug,10,-1,0,unknown,0,older
management,married,secondary,no,-129,no,yes,cellular,11,nov,3,187,1,failure,0,young
blue-collar,married,primary,no,1539,yes,no,unknown,1,jun,1,-1,0,unknown,0,older
technician,married,primary,no,1279,yes,no,unknown,26,may,4,-1,0,unknown,0,young
technician,married,secondary,no,45,no,yes,cellular,1,jul,3,-1,0,unknown,0,older
entrepreneur,married,tertiary,no,-613,yes,no,unknown,8,may,5,-1,4,failure,0,older
housemaid,married,primary,no,712,no,no,telephone,6,aug,2,-1,0,unknown,0,older
management,married,tertiary,no,-58,no,yes,cellular,25,jul,3,-1,0,unknown,0,young
admin.,married,secondary,no,2792,yes,no,cellular,17,jul,2,-1,0,unknown,0,young
self-employed,single,tertiary,no,288,yes,no,cellular,16,may,1,96,2,other,0,young
blue-collar,married,unknown,no,533,yes,no,unknown,20,jun,3,-1,0,unknown,0,older
management,divorced,secondary,yes,25810,yes,no,cellular,18,nov,1,148,4,failure,0,young
management,married,tertiary,no,1526,yes,no,cellular,6,aug,2,182,1,failure,1,older
self-employed,married,tertiary,no,160,yes,no,unknown,20,may,14,-1,0,unknown,0,young
entrepreneur,married,secondary,no,-68,yes,no,unknown,9,may,3,-1,0,unknown,0,older
student,single,secondary,no,4721,yes,no,cellular,17,oct,1,-1,10,unknown,1,young
entrepreneur,single,secondary,no,-29,yes,no,cellular,15,may,3,339,1,failure,0,young
technician,married,tertiary,no,10538,no,no,cellular,12,aug,1,96,1,success,0,older
housemaid,married,tertiary,no,1667,no,no,cellular,30,aug,2,-1,0,unknown,1,young
technician,divorced,tertiary,no,2509,no,no,cellular,19,apr,3,-1,0,unknown,0,older
student,single,secondary,no,870,no,no,cellular,18,oct,2,-1,0,unknown,1,young
technician,married,secondary,no,-11,yes,no,unknown,14,may,3,-1,0,unknown,0,older
blue-collar,married,primary,no,-20,yes,no,unknown,24,may,1,-1,0,unknown,0,young
retired,married,primary,no,153,no,yes,cellular,16,jan,1,271,4,failure,0,older
technician,single,secondary,no,1570,no,no,cellular,25,aug,3,-1,0,unknown,0,young
unemployed,married,secondary,no,7786,no,no,cellular,20,aug,2,-1,0,unknown,0,older
technician,single,tertiary,no,720,yes,no,cellular,28,may,2,337,3,other,0,young
self-employed,single,secondary,no,58,yes,no,unknown,13,jun,3,-1,0,unknown,1,young
management,divorced,tertiary,no,-72,no,no,cellular,26,aug,9,-1,0,unknown,0,young
technician,married,secondary,no,-212,no,no,unknown,20,jun,1,-1,0,unknown,0,young
blue-collar,single,primary,yes,-546,no,yes,unknown,16,may,4,-1,0,unknown,0,young
services,married,secondary,no,-73,yes,yes,unknown,13,may,3,-1,0,unknown,0,older
technician,married,secondary,no,1307,no,no,cellular,20,aug,3,-1,0,unknown,0,older
services,married,secondary,no,3777,yes,no,unknown,5,may,7,-1,0,unknown,0,older
services,married,secondary,no,860,no,no,unknown,14,jun,3,-1,0,unknown,1,older
services,single,secondary,no,33,yes,yes,cellular,13,may,4,335,4,failure,0,young
technician,married,secondary,yes,177,no,no,cellular,27,apr,3,152,3,failure,0,young
technician,single,secondary,yes,22,no,no,cellular,19,jul,1,-1,0,unknown,0,young
blue-collar,married,primary,no,52,no,no,cellular,18,nov,1,-1,0,unknown,0,older
blue-collar,single,secondary,no,-10,yes,no,unknown,24,may,1,-1,0,unknown,0,young
management,divorced,secondary,no,1779,yes,yes,unknown,21,apr,1,-1,0,unknown,1,older
management,married,primary,no,-28,yes,no,cellular,16,may,3,-1,0,unknown,0,young
blue-collar,married,secondary,no,367,no,yes,telephone,22,jul,7,-1,0,unknown,0,young
technician,divorced,secondary,no,-62,no,no,unknown,4,jun,1,-1,0,unknown,0,older
blue-collar,married,secondary,no,665,no,no,cellular,3,feb,2,-1,0,unknown,0,young
housemaid,married,primary,no,1297,no,no,cellular,12,jun,1,-1,0,unknown,0,older
technician,married,secondary,no,1578,yes,no,cellular,1,feb,2,254,1,success,0,young
entrepreneur,single,secondary,yes,164,yes,yes,unknown,14,may,3,-1,0,unknown,0,young
technician,married,secondary,no,-192,yes,no,cellular,7,jul,1,-1,0,unknown,0,young
entrepreneur,married,tertiary,no,6099,no,no,cellular,21,nov,1,-1,0,unknown,0,young
technician,divorced,secondary,no,1,yes,no,unknown,18,jun,1,-1,0,unknown,0,older
housemaid,married,primary,no,-269,no,no,cellular,15,jul,3,-1,0,unknown,0,young
student,single,unknown,no,841,no,no,cellular,14,may,4,-1,9,unknown,0,young
technician,married,tertiary,no,-16,no,no,cellular,19,aug,4,-1,0,unknown,0,young
self-employed,married,secondary,no,1435,no,no,unknown,24,jun,3,-1,0,unknown,0,older
technician,single,secondary,no,-45,no,yes,cellular,18,nov,1,-1,0,unknown,0,young
self-employed,divorced,secondary,yes,223,no,no,cellular,18,dec,1,-1,0,unknown,0,older
technician,single,tertiary,no,-10,no,no,cellular,26,feb,2,284,10,failure,0,young
blue-collar,married,secondary,no,191,no,no,cellular,13,jul,1,-1,0,unknown,1,older
blue-collar,single,secondary,yes,196,yes,no,cellular,19,nov,1,190,1,failure,0,young
management,married,tertiary,no,1188,yes,no,unknown,20,may,4,-1,0,success,0,young
technician,single,secondary,no,-119,yes,yes,cellular,13,may,3,350,1,failure,0,young
management,single,tertiary,no,14184,no,no,cellular,20,nov,7,102,2,other,0,young
services,divorced,secondary,no,-57,yes,no,unknown,19,may,3,-1,0,unknown,0,young
technician,divorced,secondary,no,-39,yes,yes,cellular,18,may,4,0,0,unknown,0,young
unemployed,single,unknown,no,185,no,no,cellular,20,aug,10,-1,0,unknown,0,young
unknown,married,unknown,no,5633,no,no,telephone,16,jun,1,-1,0,unknown,0,older
technician,married,primary,no,-444,no,no,telephone,21,dec,11,-1,0,unknown,0,older
admin.,married,secondary,no,625,no,no,unknown,9,jun,1,-1,0,unknown,0,older
technician,single,secondary,no,13179,no,no,cellular,19,apr,4,-1,0,unknown,0,young
retired,married,primary,no,2914,no,no,unknown,7,jul,1,-1,0,unknown,1,older
technician,single,secondary,no,1950,no,yes,cellular,27,aug,7,-1,0,unknown,0,young
technician,married,tertiary,no,32,yes,no,unknown,12,may,1,-1,0,unknown,0,young
technician,single,secondary,no,-419,yes,no,cellular,31,jul,4,-1,0,unknown,0,young
blue-collar,divorced,secondary,no,1270,no,no,cellular,4,aug,2,-1,0,unknown,0,older
services,married,primary,no,316,yes,no,cellular,3,may,1,-1,0,unknown,0,young
management,divorced,secondary,no,1351,no,no,cellular,15,jun,1,-1,0,unknown,1,older
services,married,secondary,yes,-203,yes,yes,cellular,21,jul,2,-1,0,unknown,0,older
management,married,secondary,yes,-176,no,yes,cellular,21,jul,7,-1,0,unknown,0,older
retired,married,primary,no,397,no,no,telephone,16,jul,5,-1,0,unknown,0,older
self-employed,married,tertiary,no,80,yes,no,cellular,23,jul,1,-1,1,other,0,young
retired,married,primary,no,859,yes,no,cellular,6,aug,1,-1,0,unknown,0,older
technician,single,secondary,no,96,yes,no,cellular,18,nov,4,-1,0,unknown,0,older
admin.,married,secondary,no,1377,yes,no,cellular,2,feb,1,188,4,other,1,older
student,single,secondary,yes,926,no,no,cellular,13,aug,2,79,10,other,1,young
management,divorced,secondary,no,500,no,yes,cellular,7,jul,5,126,1,failure,0,older
entrepreneur,divorced,tertiary,yes,-157,yes,no,cellular,5,oct,2,-1,0,unknown,0,young
housemaid,married,secondary,no,761,no,yes,telephone,12,jul,10,-1,0,unknown,0,older
management,single,secondary,no,142,no,no,cellular,19,apr,3,-1,0,unknown,0,young
services,single,secondary,no,789,yes,no,telephone,20,may,1,-1,0,unknown,0,young
student,single,unknown,no,2585,no,no,unknown,12,may,3,-1,0,unknown,0,young
management,single,tertiary,no,1952,yes,no,cellular,20,jul,4,-1,0,unknown,0,young
technician,divorced,tertiary,no,3652,yes,no,cellular,13,oct,2,147,1,success,1,young
management,married,tertiary,no,-188,yes,yes,cellular,23,jul,1,-1,0,failure,0,older
blue-collar,divorced,secondary,no,1019,yes,no,cellular,3,aug,2,-1,0,unknown,0,older
blue-collar,married,primary,no,-28,yes,yes,cellular,18,may,1,353,1,failure,0,young
admin.,married,secondary,no,42,no,no,cellular,20,nov,3,-1,0,unknown,0,young
management,married,tertiary,no,-237,yes,no,unknown,20,may,3,-1,0,unknown,0,young
unknown,married,secondary,no,-1996,no,no,unknown,22,may,1,-1,0,unknown,0,older
blue-collar,divorced,primary,no,64,no,yes,telephone,12,jul,1,-1,0,unknown,0,older
technician,single,secondary,no,5230,no,no,cellular,21,apr,3,-1,0,unknown,1,young
unemployed,married,secondary,no,3659,no,no,unknown,15,jun,2,-1,0,unknown,1,older
blue-collar,single,secondary,no,116,no,yes,cellular,5,jul,7,-1,0,unknown,0,young
technician,married,tertiary,no,-40,no,no,cellular,14,aug,1,-1,0,unknown,0,older
housemaid,married,secondary,no,968,no,no,cellular,11,apr,4,131,1,failure,0,young
management,married,tertiary,no,1716,yes,no,cellular,8,apr,2,-1,0,unknown,0,older
blue-collar,married,primary,yes,392,yes,no,cellular,14,jul,2,-2,0,unknown,0,older
entrepreneur,married,unknown,no,7157,no,no,cellular,21,sep,7,89,9,other,1,older
housemaid,married,primary,no,7,no,yes,cellular,12,aug,1,-1,0,unknown,0,young
management,divorced,tertiary,yes,818,yes,no,cellular,21,nov,1,-1,0,unknown,0,young
blue-collar,married,secondary,no,597,no,no,unknown,3,jun,1,-1,0,unknown,0,young
management,single,tertiary,no,1491,no,no,cellular,27,jul,1,-1,0,unknown,0,young
technician,married,secondary,yes,1783,no,no,cellular,13,aug,3,-1,0,unknown,0,young
retired,divorced,secondary,no,622,no,no,cellular,11,dec,1,-2,0,unknown,0,older
blue-collar,married,secondary,no,100,yes,no,cellular,18,apr,3,111,10,other,0,young
technician,divorced,secondary,no,357,no,no,cellular,19,nov,2,-1,0,unknown,0,older
blue-collar,single,secondary,no,500,yes,no,cellular,21,may,3,268,0,unknown,0,young
management,married,secondary,no,904,yes,yes,cellular,4,jun,1,-1,0,unknown,0,older
technician,married,secondary,no,5580,no,no,cellular,28,oct,1,180,6,failure,1,young
blue-collar,married,primary,no,131,no,no,unknown,6,jun,2,-1,0,unknown,0,older
services,married,secondary,no,19,yes,no,unknown,2,jun,3,-1,0,unknown,0,young
technician,divorced,secondary,no,1284,yes,no,cellular,16,feb,1,148,1,failure,0,older
technician,divorced,primary,no,2614,no,no,cellular,3,feb,2,186,1,failure,0,older
management,divorced,tertiary,no,60,yes,no,cellular,20,aug,2,-1,0,unknown,0,young
management,married,secondary,no,254,yes,no,cellular,10,apr,7,133,2,failure,0,young
retired,divorced,primary,no,2085,no,no,cellular,7,jul,1,265,1,other,0,older
blue-collar,married,primary,yes,-1305,yes,no,cellular,14,jul,7,-1,0,unknown,0,older
unemployed,married,secondary,no,393,no,no,cellular,29,jan,4,374,2,failure,0,older
management,divorced,tertiary,no,4128,yes,no,cellular,19,nov,3,116,1,other,0,young
retired,married,secondary,no,2171,no,no,cellular,4,sep,1,-1,0,unknown,0,older
blue-collar,married,secondary,no,1636,yes,yes,telephone,20,jul,7,-1,0,unknown,0,older
blue-collar,married,primary,no,15801,yes,no,cellular,3,may,5,267,1,failure,0,young
blue-collar,married,primary,no,2065,yes,no,unknown,18,jun,5,-1,0,unknown,0,older
management,divorced,tertiary,no,895,no,no,unknown,3,aug,2,-1,0,unknown,0,older
blue-collar,married,secondary,no,1036,yes,no,cellular,5,feb,1,-1,4,unknown,0,older
blue-collar,married,primary,no,261,yes,no,cellular,12,may,1,348,1,failure,0,older
admin.,single,secondary,no,1071,yes,no,cellular,17,nov,3,351,1,failure,0,young
technician,married,secondary,no,1890,no,no,cellular,4,aug,2,-1,0,unknown,0,older
management,divorced,tertiary,no,-115,yes,no,cellular,21,jul,4,-1,0,unknown,0,young
self-employed,single,primary,no,171,yes,no,cellular,17,may,1,342,1,other,0,young
technician,married,secondary,no,323,yes,no,unknown,20,may,2,-1,0,unknown,0,young
blue-collar,married,primary,no,-332,no,no,cellular,5,sep,7,-1,0,unknown,1,older
admin.,married,primary,no,11568,yes,no,telephone,17,nov,2,93,2,unknown,1,young
blue-collar,married,secondary,no,-140,yes,yes,unknown,5,may,1,-1,0,unknown,0,young
admin.,divorced,secondary,no,7719,no,no,cellular,1,apr,3,91,1,failure,1,young
blue-collar,married,secondary,no,-60,yes,no,unknown,17,may,3,-1,0,unknown,0,young
technician,married,secondary,no,1022,no,no,telephone,13,jul,2,-1,0,unknown,0,older
blue-collar,married,secondary,no,150,no,no,cellular,5,aug,2,-1,0,unknown,0,young
blue-collar,divorced,secondary,no,18,no,no,cellular,14,oct,3,95,6,success,1,young
housemaid,divorced,tertiary,no,2460,no,no,cellular,20,aug,3,90,1,other,0,older
self-employed,married,tertiary,no,3742,yes,no,cellular,0,jun,3,90,4,failure,0,older
blue-collar,married,unknown,no,220,yes,yes,cellular,15,may,3,347,1,failure,0,older
services,married,secondary,no,-30,yes,no,unknown,14,may,2,-1,0,unknown,0,young
blue-collar,married,secondary,no,4425,no,no,cellular,16,may,1,190,9,success,0,young
blue-collar,married,primary,no,426,yes,no,unknown,2,feb,1,-1,0,unknown,1,older
admin.,married,secondary,no,1742,no,yes,unknown,24,jun,3,-1,0,unknown,0,older
retired,married,primary,no,3062,yes,yes,unknown,4,jun,1,-2,0,unknown,0,older
technician,divorced,secondary,no,1745,no,no,unknown,19,may,3,-1,0,unknown,0,older
housemaid,married,primary,no,106,no,no,telephone,4,jul,2,-1,0,unknown,0,older
blue-collar,married,secondary,no,18,yes,no,unknown,10,may,2,-1,0,unknown,0,older
technician,married,secondary,no,5997,no,no,cellular,20,nov,2,186,1,failure,0,older
blue-collar,married,secondary,no,83,yes,no,cellular,18,jul,2,-1,0,unknown,0,young
technician,married,secondary,no,-98,no,no,unknown,1,jun,1,-1,0,unknown,0,young
blue-collar,single,secondary,no,3562,yes,no,unknown,13,may,1,-1,0,unknown,1,young
blue-collar,single,secondary,no,-419,no,no,cellular,5,feb,1,345,1,failure,0,young
blue-collar,married,secondary,no,534,yes,no,cellular,20,may,10,-1,0,unknown,0,young
unemployed,married,secondary,no,5371,yes,no,unknown,14,may,3,-1,0,unknown,0,young
housemaid,married,primary,no,2021,yes,no,telephone,19,nov,5,-1,0,unknown,0,older
retired,divorced,secondary,no,236,yes,no,unknown,4,feb,1,-1,0,unknown,0,older
technician,married,secondary,no,-119,yes,no,unknown,11,may,1,-1,0,unknown,0,young
blue-collar,divorced,secondary,no,-5,yes,no,unknown,10,may,3,-1,0,unknown,0,young
services,married,secondary,no,863,yes,no,cellular,21,jul,2,-1,0,unknown,0,young
self-employed,divorced,tertiary,no,2851,yes,yes,cellular,17,apr,2,-1,0,unknown,0,young
self-employed,married,secondary,no,3271,yes,no,cellular,15,may,3,345,4,failure,0,older
management,divorced,tertiary,no,17,yes,no,unknown,12,may,3,-1,0,unknown,0,young
technician,married,tertiary,no,2728,no,no,cellular,9,aug,1,91,4,unknown,0,young
unemployed,married,tertiary,no,4319,no,no,cellular,29,jan,2,-1,0,unknown,0,older
technician,single,secondary,yes,169,no,yes,cellular,19,jul,3,0,0,unknown,0,young
technician,single,tertiary,no,420,yes,no,cellular,24,may,1,-1,0,unknown,0,young
management,divorced,tertiary,no,2177,no,no,telephone,14,aug,5,-1,0,unknown,0,older
student,single,unknown,no,258,no,no,unknown,11,jun,3,-1,0,unknown,0,young
services,divorced,primary,no,222,yes,no,cellular,27,may,1,349,1,failure,0,older
technician,married,unknown,no,1075,no,no,cellular,19,nov,1,-1,0,unknown,0,older
unknown,married,secondary,no,2786,no,no,cellular,6,feb,1,98,1,unknown,0,older
blue-collar,divorced,secondary,no,-62,yes,no,cellular,13,may,3,343,1,other,0,young
technician,single,secondary,no,-24,yes,no,cellular,19,apr,4,-1,6,unknown,0,young
self-employed,married,tertiary,no,4720,yes,no,cellular,21,nov,1,-1,0,unknown,0,young
retired,married,secondary,no,499,no,no,cellular,20,aug,1,-1,0,unknown,0,older
technician,divorced,secondary,no,1708,yes,no,cellular,20,apr,1,264,1,failure,0,young
admin.,single,secondary,no,-142,no,no,cellular,28,jan,1,99,3,unknown,0,young
blue-collar,married,secondary,no,-47,no,no,unknown,6,jun,1,-1,0,unknown,0,young
technician,divorced,secondary,no,2310,no,no,unknown,16,jun,2,-1,0,unknown,0,older
management,divorced,tertiary,no,784,yes,no,cellular,12,apr,4,95,0,unknown,0,young
retired,married,primary,no,1250,no,no,unknown,17,aug,5,-1,0,unknown,0,older
services,divorced,secondary,no,704,yes,yes,cellular,12,jul,2,-1,0,unknown,0,older
services,married,secondary,no,151,no,no,unknown,3,jun,1,-1,0,unknown,1,young
admin.,divorced,secondary,no,1020,yes,no,cellular,18,apr,3,0,0,unknown,0,young
blue-collar,divorced,primary,no,202,no,no,unknown,3,jun,1,-1,0,unknown,0,older
management,divorced,tertiary,no,4190,no,no,cellular,3,aug,2,-1,0,unknown,0,older
unknown,married,unknown,no,-335,no,no,unknown,22,jun,1,-1,0,unknown,0,older
management,married,primary,no,440,yes,no,cellular,21,apr,5,-1,0,unknown,0,young
technician,single,secondary,no,153,yes,no,cellular,1,feb,1,-1,0,unknown,0,young
services,married,secondary,no,123,yes,no,cellular,12,may,4,355,2,failure,0,young
entrepreneur,married,tertiary,no,568,yes,no,unknown,20,jun,3,-1,0,unknown,0,older
blue-collar,married,primary,no,-5,no,no,unknown,5,jun,2,-1,0,unknown,0,older
blue-collar,single,secondary,no,1440,no,yes,cellular,20,jul,4,-1,0,unknown,0,young
management,divorced,tertiary,no,5550,no,no,telephone,5,aug,7,-2,0,unknown,0,older
blue-collar,married,primary,no,-753,no,no,unknown,21,jun,3,-1,0,unknown,0,older
management,married,secondary,no,3533,no,no,cellular,23,mar,1,95,1,other,0,older
self-employed,married,secondary,no,2887,no,yes,cellular,8,nov,7,92,1,success,1,young
technician,married,secondary,no,317,no,no,unknown,26,jun,4,-1,0,unknown,0,older
technician,single,tertiary,no,-60,yes,no,cellular,20,nov,3,357,11,other,0,young
blue-collar,married,secondary,no,1929,yes,yes,unknown,12,jul,23,-1,0,unknown,0,young
unknown,married,unknown,no,86,no,no,unknown,3,jun,2,-1,0,unknown,0,older
blue-collar,single,tertiary,no,-406,yes,yes,cellular,14,may,3,351,1,failure,1,young
technician,divorced,secondary,no,252,yes,no,cellular,7,mar,1,92,1,success,1,young
services,married,secondary,no,1315,no,no,unknown,14,may,2,-1,0,unknown,0,young
entrepreneur,married,tertiary,no,314,yes,yes,cellular,13,jul,2,-1,0,unknown,0,young
blue-collar,married,primary,no,226,no,no,cellular,21,jul,2,-1,0,unknown,0,older
technician,married,secondary,no,433,no,yes,cellular,10,sep,4,116,4,failure,0,young
unknown,married,secondary,no,-1094,yes,no,unknown,21,jun,14,-1,0,unknown,0,young
self-employed,divorced,tertiary,no,56,yes,no,cellular,28,jul,1,94,6,failure,0,young
technician,divorced,secondary,no,5692,yes,no,cellular,15,apr,3,353,1,failure,0,young
housemaid,married,tertiary,no,159,yes,no,cellular,20,jun,2,-1,0,unknown,1,young
management,divorced,secondary,no,45,no,no,cellular,18,apr,4,-1,0,unknown,0,young
blue-collar,single,primary,yes,438,no,no,unknown,4,jul,3,-1,0,unknown,0,young
technician,divorced,secondary,yes,-492,no,yes,unknown,5,jul,3,-1,0,unknown,0,older
technician,married,secondary,no,526,no,no,telephone,29,jul,2,-1,0,unknown,0,young
management,divorced,tertiary,no,9117,yes,no,cellular,21,nov,2,91,10,other,0,older
blue-collar,divorced,secondary,no,132,yes,no,cellular,18,apr,1,-1,1,unknown,0,young
technician,divorced,tertiary,no,7283,yes,no,cellular,17,may,1,95,1,failure,0,young
services,married,secondary,no,-162,no,no,unknown,21,jun,1,-1,0,unknown,0,young
technician,divorced,secondary,no,-4,yes,no,unknown,3,may,1,-1,0,unknown,1,older
blue-collar,divorced,primary,no,10526,no,no,cellular,17,nov,3,-1,0,unknown,0,young
housemaid,married,primary,no,251,no,no,cellular,17,aug,2,-1,0,unknown,0,older
unknown,married,unknown,no,2697,no,no,cellular,20,jun,2,-1,0,unknown,0,older
technician,married,secondary,no,5023,yes,no,cellular,15,may,3,346,6,success,1,young
unemployed,divorced,secondary,no,5139,no,no,cellular,22,jul,2,-1,0,unknown,1,young
management,married,secondary,no,-639,yes,no,cellular,14,may,4,-1,0,unknown,0,young
management,married,unknown,no,4602,yes,no,unknown,15,may,7,-1,0,unknown,0,older
retired,married,primary,no,1619,no,no,unknown,19,jun,1,-1,0,unknown,0,older
technician,divorced,secondary,no,-1044,no,no,unknown,14,may,13,-1,0,unknown,0,older
blue-collar,married,secondary,no,-33,no,no,unknown,19,jun,3,-1,0,unknown,0,older
admin.,single,secondary,no,4267,no,no,cellular,23,nov,4,413,1,failure,1,young
technician,married,secondary,no,1039,no,yes,cellular,13,jul,1,-1,0,unknown,1,older
entrepreneur,divorced,tertiary,no,514,yes,no,cellular,21,nov,5,-1,0,unknown,0,older
blue-collar,married,primary,yes,171,yes,yes,cellular,9,jul,1,-1,0,unknown,0,older
technician,married,secondary,no,-86,yes,no,unknown,3,jun,2,-1,0,unknown,0,young
blue-collar,married,primary,no,-31,no,no,unknown,4,jun,1,-1,0,unknown,0,young
entrepreneur,divorced,secondary,no,30,no,no,cellular,24,jul,1,-1,0,unknown,0,older
technician,married,secondary,no,-386,yes,no,unknown,14,may,10,-1,0,unknown,0,young
services,married,primary,no,-691,yes,no,unknown,13,may,1,-1,0,unknown,0,older
blue-collar,married,secondary,no,3929,yes,no,unknown,17,may,5,-1,0,unknown,0,young
retired,married,primary,no,636,no,no,telephone,28,sep,7,345,4,failure,0,older
management,married,unknown,no,1812,no,no,unknown,5,jun,2,-1,0,unknown,0,older
management,divorced,tertiary,no,-943,yes,no,unknown,15,may,2,-1,0,unknown,0,young
technician,divorced,secondary,no,-91,no,yes,unknown,16,jul,10,-1,0,unknown,0,young
management,divorced,tertiary,no,-302,yes,no,cellular,21,apr,3,-1,9,unknown,0,young
technician,married,secondary,no,51,yes,no,unknown,22,may,9,-1,0,unknown,0,young
management,married,secondary,no,47,no,yes,cellular,2,sep,7,97,2,failure,0,young
blue-collar,married,secondary,no,72,no,no,telephone,21,jul,2,-1,0,unknown,0,young
retired,married,primary,no,2962,no,no,cellular,12,apr,1,108,3,failure,0,older
blue-collar,divorced,secondary,no,5118,no,no,telephone,12,may,3,349,4,other,0,young
blue-collar,married,primary,no,2680,no,no,cellular,4,feb,1,-1,0,unknown,0,older
blue-collar,divorced,secondary,no,-10,yes,no,cellular,10,may,1,-1,0,unknown,0,older
management,single,secondary,no,45,no,no,cellular,21,may,1,-1,0,unknown,0,young
student,married,secondary,no,126,no,no,cellular,12,jul,3,-1,0,unknown,1,young
blue-collar,divorced,primary,no,32,yes,no,unknown,7,may,2,-1,0,unknown,0,young
technician,married,tertiary,no,99,yes,no,cellular,11,may,1,349,9,failure,0,older
blue-collar,divorced,primary,no,2431,no,no,cellular,19,aug,7,-1,0,unknown,0,older
management,married,tertiary,no,-789,yes,no,unknown,12,may,3,-1,0,unknown,0,young
blue-collar,married,primary,no,-8,yes,no,cellular,15,jul,4,-1,0,unknown,0,young
management,divorced,tertiary,no,666,yes,no,cellular,20,nov,2,272,1,failure,0,young
management,divorced,tertiary,no,890,no,no,cellular,29,jan,2,159,4,failure,0,young
housemaid,married,primary,no,-49,yes,no,cellular,19,jun,5,-1,0,unknown,0,young
management,single,tertiary,yes,181,yes,no,cellular,18,apr,2,-1,0,unknown,0,young
technician,married,secondary,no,176,no,yes,cellular,19,nov,1,-1,0,unknown,0,young
management,married,tertiary,no,3492,no,no,cellular,19,aug,2,-1,0,unknown,0,young
unemployed,married,primary,no,1501,no,no,unknown,20,apr,1,-1,0,unknown,1,older
management,married,primary,no,170,yes,no,unknown,9,may,3,-1,0,unknown,0,older
blue-collar,married,secondary,yes,-85,no,yes,cellular,6,jul,1,-1,0,unknown,0,young
unemployed,divorced,secondary,no,59,no,no,cellular,1,jul,3,183,1,failure,0,young
management,divorced,tertiary,no,967,yes,no,cellular,12,may,2,-1,0,unknown,0,older
management,divorced,tertiary,no,1649,yes,no,cellular,13,feb,2,274,2,success,0,older
technician,single,secondary,yes,-239,yes,yes,cellular,26,jul,14,-1,0,unknown,0,young
management,single,unknown,no,66,yes,no,cellular,19,nov,4,106,1,failure,0,young
management,married,tertiary,no,-71,yes,no,cellular,26,jun,3,-1,0,unknown,0,young
blue-collar,married,unknown,no,22103,no,no,telephone,17,jul,7,-1,0,unknown,0,older
management,married,tertiary,no,4840,yes,no,cellular,15,may,5,-1,0,unknown,0,young
technician,divorced,secondary,no,4370,yes,no,cellular,14,dec,1,507,10,success,0,young
unemployed,married,secondary,no,533,yes,no,cellular,21,apr,1,330,1,unknown,1,young
self-employed,married,tertiary,no,-136,no,yes,cellular,17,jul,3,-1,0,unknown,0,young
technician,single,secondary,no,-203,no,yes,cellular,21,aug,10,-1,0,unknown,0,young
retired,married,secondary,no,1342,no,no,telephone,28,mar,1,86,4,other,0,older
blue-collar,single,primary,no,-34,yes,no,unknown,8,may,1,-1,0,unknown,0,young
blue-collar,married,secondary,no,273,no,no,cellular,11,apr,1,-1,0,unknown,0,older
student,single,tertiary,no,546,no,no,cellular,16,apr,3,-2,0,unknown,0,young
admin.,divorced,tertiary,no,1894,no,no,cellular,23,aug,9,-1,0,unknown,1,older
services,married,secondary,yes,-1060,no,yes,unknown,23,jul,5,-1,0,unknown,0,young
technician,married,secondary,no,4263,yes,no,unknown,16,jun,2,-1,0,unknown,1,older
management,married,tertiary,no,1317,no,yes,cellular,13,jul,1,-1,0,unknown,0,young
blue-collar,single,secondary,no,3995,yes,no,cellular,20,apr,5,347,10,other,0,young
blue-collar,married,primary,yes,-113,yes,no,unknown,16,may,8,-1,0,unknown,0,young
technician,divorced,secondary,no,397,no,no,unknown,14,aug,1,-1,0,unknown,0,older
management,divorced,tertiary,no,1469,yes,no,cellular,17,feb,5,83,1,failure,0,older
management,married,tertiary,no,2668,no,no,cellular,3,feb,2,-1,0,unknown,0,older
housemaid,divorced,secondary,no,2724,no,yes,cellular,4,nov,5,-1,0,unknown,0,older
technician,married,secondary,no,2082,yes,no,cellular,15,apr,1,-1,0,unknown,0,older
management,married,unknown,no,1988,no,no,cellular,1,mar,2,185,3,success,0,older
management,married,secondary,no,3,no,no,cellular,15,jul,3,-1,0,unknown,0,older
retired,single,tertiary,no,2311,no,no,cellular,13,mar,1,96,1,success,1,young
self-employed,married,secondary,no,2,yes,no,cellular,5,jul,5,-1,0,unknown,0,older
technician,divorced,secondary,no,-112,yes,no,unknown,26,may,14,-1,0,unknown,0,young
management,married,tertiary,no,-18,no,no,cellular,17,aug,4,-1,0,unknown,0,young
entrepreneur,single,tertiary,no,170,no,no,cellular,24,jul,4,-1,0,unknown,1,young
retired,married,primary,no,2061,no,no,cellular,20,oct,1,-2,0,unknown,1,older
technician,divorced,tertiary,no,1648,yes,no,unknown,9,jun,1,-1,0,unknown,0,young
housemaid,married,secondary,no,158,no,no,unknown,28,aug,2,-1,0,unknown,1,older
blue-collar,single,primary,yes,-116,no,no,cellular,14,jul,2,-1,0,unknown,0,young
management,divorced,tertiary,no,42,no,yes,cellular,26,jul,11,-1,0,unknown,0,young
management,single,tertiary,no,1317,no,no,cellular,27,aug,4,-1,0,unknown,0,young
blue-collar,married,primary,no,312,yes,no,telephone,19,apr,1,343,0,unknown,0,older
housemaid,married,secondary,yes,-181,no,yes,cellular,17,jul,14,-1,0,unknown,0,older
management,divorced,tertiary,no,1686,yes,no,cellular,20,may,1,355,2,failure,0,young
services,single,secondary,no,153,yes,no,cellular,11,may,2,-1,0,unknown,0,young
management,married,tertiary,no,-406,yes,no,cellular,12,may,2,-1,0,unknown,0,young
blue-collar,married,secondary,no,471,no,no,unknown,14,may,3,-1,0,unknown,0,older
technician,married,secondary,no,212,no,no,telephone,14,jul,4,-1,0,unknown,0,older
management,divorced,tertiary,no,1973,yes,no,cellular,5,aug,4,-1,0,unknown,0,young
blue-collar,married,primary,no,249,no,no,cellular,29,jul,7,-1,0,unknown,0,older
blue-collar,married,primary,no,2777,yes,no,cellular,19,nov,1,-1,0,unknown,0,older
entrepreneur,married,secondary,no,-363,yes,no,unknown,12,may,3,-1,0,unknown,0,young
technician,married,secondary,no,1258,no,no,unknown,19,may,21,-1,0,unknown,0,young
management,married,tertiary,no,180,yes,no,telephone,11,may,7,-1,0,unknown,0,young
blue-collar,married,primary,no,3135,no,no,unknown,10,jun,3,-1,0,unknown,0,older
blue-collar,married,secondary,no,5979,yes,no,cellular,27,feb,5,274,10,failure,0,young
admin.,married,secondary,no,4204,no,no,unknown,20,jun,6,-1,0,unknown,0,older
management,divorced,secondary,yes,107,yes,no,cellular,20,nov,1,-1,0,unknown,0,young
unemployed,single,secondary,no,717,no,no,cellular,14,apr,1,396,2,failure,0,young
blue-collar,divorced,secondary,no,730,no,no,cellular,23,jan,4,-1,0,unknown,0,young
blue-collar,married,secondary,no,752,yes,no,cellular,6,jul,3,-1,0,unknown,0,older
management,divorced,tertiary,no,-203,yes,no,cellular,1,may,2,339,2,failure,0,young
unemployed,divorced,primary,no,292,yes,no,cellular,21,apr,1,-1,0,unknown,0,young
technician,divorced,secondary,no,564,yes,no,cellular,10,may,1,349,4,success,0,older
blue-collar,married,primary,no,150,no,no,cellular,14,may,2,-2,0,unknown,0,young
technician,single,secondary,no,3299,no,no,cellular,19,apr,1,94,1,failure,0,older
technician,married,secondary,no,74,no,no,cellular,14,jul,4,-1,0,unknown,0,young
retired,married,primary,no,680,no,no,unknown,5,jun,1,-2,0,unknown,0,older
blue-collar,divorced,secondary,no,3818,yes,no,cellular,11,may,3,354,1,failure,0,young
blue-collar,divorced,secondary,no,-470,yes,no,cellular,7,apr,1,-1,0,unknown,0,young
blue-collar,married,primary,no,162,yes,no,unknown,11,may,3,-1,0,unknown,0,young
blue-collar,married,secondary,no,104,no,no,cellular,20,jul,1,-1,0,unknown,0,young
technician,married,secondary,no,69,no,no,unknown,22,jun,5,-1,0,unknown,0,young
management,married,secondary,no,1883,yes,no,cellular,12,aug,2,175,1,success,0,young
self-employed,married,primary,yes,444,yes,yes,cellular,16,apr,1,-1,0,unknown,0,older
blue-collar,married,primary,no,757,no,no,cellular,21,nov,4,-1,0,unknown,0,young
management,single,tertiary,no,58,no,no,cellular,22,may,1,-1,0,unknown,0,young
management,single,tertiary,no,5953,no,no,cellular,1,jun,2,111,1,other,0,young
blue-collar,married,primary,no,1039,yes,no,cellular,13,may,3,-1,0,unknown,0,young
blue-collar,married,primary,no,2484,no,no,cellular,13,jul,1,-1,0,unknown,0,older
blue-collar,married,secondary,no,1164,no,yes,cellular,23,jul,1,0,0,unknown,0,older
blue-collar,married,secondary,no,294,no,no,unknown,19,jun,1,-1,0,unknown,0,young
technician,married,secondary,no,3143,yes,no,unknown,20,may,2,-1,0,unknown,0,young
blue-collar,married,secondary,no,2555,yes,yes,telephone,23,jul,1,-1,0,unknown,0,young
blue-collar,divorced,secondary,no,998,yes,no,cellular,18,apr,4,-1,0,unknown,0,older
technician,married,secondary,no,1134,no,no,cellular,27,aug,11,-1,0,unknown,0,older
blue-collar,divorced,secondary,no,828,yes,no,cellular,21,apr,1,280,1,failure,1,young
blue-collar,married,primary,no,4639,no,no,telephone,5,jun,1,-1,0,failure,1,older
blue-collar,married,secondary,no,2766,no,no,unknown,17,jun,1,-1,0,unknown,0,young
services,single,secondary,no,-104,yes,no,unknown,8,may,1,-1,0,unknown,0,young
blue-collar,married,secondary,no,-337,yes,yes,cellular,8,jul,1,-1,0,unknown,0,young
technician,divorced,secondary,no,-81,yes,no,cellular,10,jul,7,-1,0,unknown,0,older
student,single,secondary,no,467,no,no,cellular,8,jul,7,-1,0,unknown,0,young
blue-collar,married,secondary,no,712,yes,no,unknown,4,feb,2,-1,0,unknown,0,older
student,single,unknown,no,243,no,no,cellular,14,mar,2,181,1,other,0,young
management,married,tertiary,no,6962,no,no,cellular,23,may,1,94,4,success,1,older
services,divorced,secondary,no,525,yes,no,unknown,11,may,3,-1,0,unknown,0,young
admin.,married,secondary,no,769,no,yes,cellular,17,jul,5,-1,0,unknown,0,older
blue-collar,married,primary,no,3278,yes,no,unknown,16,may,5,-1,0,unknown,0,young
entrepreneur,married,tertiary,no,1033,yes,no,cellular,11,may,7,-1,0,unknown,0,young
technician,married,secondary,no,136,no,no,cellular,11,may,1,350,1,failure,0,older
technician,single,tertiary,no,2868,yes,no,telephone,29,may,5,272,1,other,0,young
blue-collar,single,secondary,no,88,no,no,unknown,15,may,3,-1,0,unknown,1,young
blue-collar,married,primary,no,648,yes,no,cellular,1,jun,2,264,2,failure,0,older
technician,single,secondary,no,17298,no,no,cellular,18,nov,4,-1,0,unknown,0,young
admin.,divorced,secondary,no,4772,no,no,cellular,7,jul,5,-1,0,unknown,0,older
technician,single,secondary,no,3022,yes,no,cellular,25,jul,3,-1,0,unknown,0,young
retired,married,primary,no,11478,no,no,telephone,8,oct,1,-1,0,unknown,0,older
blue-collar,married,secondary,yes,51,no,no,telephone,10,oct,3,-1,0,unknown,1,young
housemaid,single,secondary,no,1398,no,no,cellular,17,oct,10,-1,0,unknown,0,young
management,divorced,tertiary,no,1592,yes,no,cellular,20,jul,2,263,4,failure,0,young
services,single,secondary,no,7268,yes,no,telephone,21,may,1,-1,0,unknown,0,young
management,married,tertiary,no,4548,no,no,cellular,0,mar,5,177,10,other,1,young
blue-collar,married,primary,no,-96,no,no,cellular,2,jun,3,-1,0,unknown,0,young
blue-collar,married,primary,no,34,no,yes,unknown,3,jun,1,-1,0,unknown,0,older
retired,married,unknown,no,8052,no,no,cellular,21,dec,3,183,11,other,0,older
services,divorced,secondary,no,-23,no,no,cellular,19,apr,4,-1,0,unknown,0,young
unemployed,divorced,secondary,no,3643,no,no,cellular,3,apr,1,96,6,success,1,older
blue-collar,married,secondary,yes,-89,no,yes,cellular,21,nov,3,-1,0,unknown,0,older
blue-collar,married,secondary,no,641,no,no,telephone,26,aug,2,-1,0,unknown,0,older
technician,married,secondary,no,132,no,no,cellular,12,aug,4,-1,0,unknown,0,older
blue-collar,married,secondary,yes,-37,yes,yes,cellular,10,may,4,-1,0,unknown,0,young
technician,married,primary,no,-299,no,no,unknown,2,jun,4,-1,0,unknown,0,older
blue-collar,married,secondary,no,2091,yes,no,unknown,21,apr,1,-1,0,unknown,0,older
blue-collar,married,primary,no,-2190,yes,no,unknown,17,may,3,-1,0,unknown,0,young
entrepreneur,married,secondary,yes,6187,yes,no,cellular,20,nov,3,-1,0,unknown,0,older
technician,married,secondary,no,130,no,no,cellular,4,aug,9,-1,0,unknown,0,older
housemaid,divorced,tertiary,no,-18,yes,no,unknown,7,may,13,-1,0,unknown,0,older
unemployed,single,secondary,no,198,no,no,cellular,7,may,4,-1,0,unknown,0,young
technician,divorced,secondary,no,848,no,no,cellular,20,jun,4,92,4,failure,0,young
technician,single,unknown,no,4525,no,no,cellular,18,nov,3,155,1,failure,0,young
self-employed,married,tertiary,no,236,no,no,unknown,7,may,1,-1,0,unknown,0,older
student,single,secondary,no,6855,no,no,cellular,19,may,1,178,0,unknown,0,young
blue-collar,married,secondary,no,955,yes,no,cellular,18,jul,4,-1,0,unknown,0,young
technician,married,unknown,no,1885,yes,no,cellular,28,sep,3,93,10,other,0,young
blue-collar,married,secondary,no,633,no,no,cellular,25,aug,4,-1,0,unknown,1,young
housemaid,single,secondary,no,753,no,no,cellular,19,nov,5,-1,0,unknown,0,young
management,divorced,tertiary,no,4833,yes,no,cellular,27,oct,5,100,4,failure,1,young
services,married,secondary,no,991,no,yes,cellular,15,jul,1,-1,0,unknown,0,young
blue-collar,divorced,secondary,no,-9,yes,no,unknown,13,may,1,348,6,failure,0,young
retired,married,primary,no,8459,no,no,telephone,14,dec,1,-1,0,unknown,0,older
services,married,secondary,no,-90,yes,no,unknown,14,may,1,-1,0,unknown,0,young
blue-collar,single,primary,no,-139,no,no,unknown,8,jun,5,-1,0,unknown,0,young
management,single,tertiary,no,1802,yes,no,cellular,3,may,3,346,1,failure,0,young
blue-collar,married,secondary,no,245,yes,no,unknown,7,may,1,-1,0,unknown,0,older
blue-collar,married,secondary,no,79,no,no,cellular,22,jul,4,-1,0,unknown,0,young
unemployed,married,tertiary,no,1823,no,no,unknown,20,jun,3,-1,0,unknown,0,older
entrepreneur,married,primary,no,4293,yes,no,unknown,13,may,3,-1,0,unknown,0,older
self-employed,married,secondary,no,3417,yes,yes,cellular,20,jul,2,381,2,failure,0,older
management,married,tertiary,no,171,yes,no,cellular,4,may,1,379,4,failure,0,young
management,married,tertiary,no,-444,yes,no,unknown,22,aug,4,-1,0,unknown,0,young
retired,divorced,primary,no,16429,no,no,unknown,12,jun,1,-1,0,unknown,0,older
management,single,secondary,no,2972,yes,no,cellular,22,apr,3,361,4,failure,1,young
blue-collar,married,primary,no,-40,yes,no,unknown,24,may,4,-1,0,unknown,0,young
retired,married,secondary,no,6995,no,no,cellular,22,mar,1,180,1,success,1,older
services,married,secondary,no,-10,yes,yes,cellular,16,may,2,-1,0,unknown,0,young
blue-collar,married,primary,no,2463,no,no,cellular,20,jul,5,-1,0,unknown,0,older
retired,divorced,primary,no,259,no,no,unknown,19,may,1,-1,0,unknown,0,older
management,married,tertiary,no,2977,yes,no,cellular,15,aug,1,-1,0,unknown,0,older
blue-collar,single,secondary,no,2682,yes,no,cellular,15,apr,1,336,3,failure,0,young
technician,married,secondary,no,2164,yes,no,telephone,28,jan,4,93,2,other,0,older
housemaid,single,tertiary,no,2708,no,no,cellular,18,mar,3,185,1,failure,0,young
services,divorced,secondary,no,176,no,yes,cellular,20,nov,5,-1,0,unknown,0,older
services,married,secondary,no,-124,yes,no,cellular,3,jul,3,344,4,failure,0,young
technician,divorced,secondary,no,55,yes,no,cellular,26,may,1,-1,0,unknown,0,young
management,single,tertiary,no,2599,no,no,cellular,21,nov,3,-1,0,failure,0,young
blue-collar,married,secondary,no,940,yes,no,cellular,30,jul,2,-1,0,unknown,0,young
unemployed,married,secondary,no,563,yes,no,cellular,14,oct,2,281,1,success,0,young
blue-collar,divorced,unknown,no,2463,no,no,telephone,21,may,1,-1,0,unknown,0,older
technician,married,secondary,no,75,yes,no,cellular,18,apr,1,-1,0,unknown,0,young
blue-collar,married,primary,no,143,yes,no,cellular,19,jul,3,-1,0,unknown,0,older
technician,single,secondary,no,677,no,no,cellular,24,aug,4,-1,0,success,0,young
blue-collar,married,secondary,yes,1165,no,no,cellular,31,jul,10,-1,0,unknown,0,older
management,married,tertiary,no,60,no,no,cellular,30,aug,5,-1,0,unknown,0,older
self-employed,married,secondary,no,580,yes,no,unknown,28,may,2,-1,0,unknown,0,older
technician,divorced,secondary,no,2255,no,yes,cellular,14,feb,2,-1,0,unknown,0,older
retired,married,primary,no,180,no,no,telephone,4,may,5,-1,0,unknown,0,older
blue-collar,divorced,secondary,no,819,yes,no,unknown,17,may,5,-1,0,unknown,0,older
management,married,tertiary,no,1268,yes,no,unknown,10,may,1,-1,0,unknown,0,young
blue-collar,divorced,secondary,no,106,yes,yes,cellular,15,nov,3,352,1,failure,0,young
retired,divorced,primary,no,491,no,no,telephone,6,feb,4,-1,0,unknown,0,older
blue-collar,married,secondary,yes,-167,no,no,cellular,4,jul,2,-1,0,unknown,0,older
services,married,secondary,no,-475,yes,no,unknown,12,may,2,-1,0,unknown,0,young
blue-collar,married,secondary,yes,534,no,no,unknown,8,aug,1,-1,0,unknown,0,older
housemaid,married,primary,yes,169,no,yes,telephone,10,jul,6,-1,0,unknown,0,older
student,single,secondary,no,6388,no,no,telephone,6,sep,1,-1,0,unknown,1,young
technician,divorced,secondary,no,417,yes,no,cellular,4,apr,4,185,4,other,0,young
blue-collar,single,primary,no,-125,yes,no,unknown,7,may,3,-1,0,unknown,0,young
blue-collar,married,unknown,no,50,yes,no,cellular,28,may,2,-1,0,unknown,0,older
retired,divorced,secondary,no,74,no,no,cellular,18,mar,2,-1,0,unknown,0,young
self-employed,married,secondary,no,1204,no,no,cellular,23,jun,3,-1,0,unknown,1,young
blue-collar,married,primary,no,58,yes,yes,unknown,12,may,4,-1,0,unknown,0,older
technician,married,secondary,no,59,yes,no,cellular,21,nov,4,95,8,failure,0,young
blue-collar,married,secondary,no,141,no,yes,unknown,21,jul,1,-1,0,unknown,0,young
technician,single,tertiary,no,-37,yes,no,cellular,5,may,2,351,1,other,0,young
management,divorced,tertiary,no,2895,no,no,cellular,11,aug,4,-1,0,unknown,0,young
management,married,tertiary,no,1037,yes,no,unknown,19,jun,2,-1,0,unknown,0,older
technician,divorced,secondary,yes,-223,no,yes,cellular,7,aug,4,-1,0,unknown,0,older
management,married,tertiary,no,-1455,no,no,unknown,23,may,3,-1,0,unknown,0,young
entrepreneur,married,secondary,no,-2,no,yes,cellular,30,jul,3,90,0,failure,0,young
housemaid,divorced,secondary,yes,70,yes,no,cellular,10,jul,1,349,2,failure,0,young
student,single,unknown,no,12931,no,no,cellular,20,nov,4,179,1,other,0,young
blue-collar,married,primary,no,326,yes,yes,cellular,22,jul,2,-1,0,unknown,0,young
technician,single,secondary,no,-132,yes,no,cellular,10,may,1,352,10,failure,0,young
technician,married,tertiary,no,1245,no,no,unknown,15,jul,22,-1,0,unknown,0,older
housemaid,married,primary,no,1446,no,no,telephone,3,feb,7,-1,0,unknown,0,older
admin.,single,secondary,no,1436,yes,no,cellular,22,jul,3,-1,0,unknown,0,young
technician,divorced,tertiary,no,3373,yes,no,cellular,20,apr,4,336,6,other,0,young
blue-collar,married,secondary,no,634,yes,no,unknown,10,may,1,-1,0,unknown,1,young
housemaid,married,primary,no,1256,yes,no,cellular,23,may,3,354,4,failure,0,older
management,single,tertiary,no,137,yes,no,unknown,27,jun,3,-1,0,unknown,0,young
management,married,tertiary,no,12554,yes,no,cellular,22,nov,3,94,1,success,0,young
blue-collar,married,primary,no,-89,yes,no,unknown,21,may,1,-1,0,unknown,0,older
blue-collar,single,secondary,no,8,yes,no,cellular,23,may,3,-1,0,unknown,0,young
technician,married,secondary,no,-131,no,yes,cellular,20,aug,4,-1,0,unknown,0,young
blue-collar,married,primary,no,51,no,no,unknown,7,jun,4,-1,0,unknown,0,older
retired,married,primary,no,2267,yes,no,unknown,10,jun,1,-1,0,unknown,0,older
blue-collar,married,secondary,no,-699,no,no,unknown,20,jun,3,-1,0,unknown,0,young
services,single,secondary,yes,181,yes,no,unknown,18,may,1,-1,0,unknown,0,young
services,married,secondary,no,-194,yes,no,unknown,7,may,3,-1,0,unknown,0,young
management,single,tertiary,no,1227,yes,no,cellular,14,apr,3,184,4,failure,1,young
blue-collar,divorced,secondary,no,-140,yes,no,unknown,11,may,3,-1,0,unknown,0,young
technician,divorced,tertiary,no,356,yes,no,cellular,28,aug,5,128,9,failure,0,older
blue-collar,married,primary,no,88,yes,yes,cellular,22,may,1,340,4,unknown,0,young
blue-collar,married,unknown,no,6560,yes,no,telephone,18,apr,4,-1,0,unknown,0,older
management,divorced,tertiary,no,407,no,no,cellular,28,jul,1,-1,0,unknown,1,older
housemaid,married,primary,no,1745,no,no,telephone,12,jul,4,-1,0,unknown,0,older
services,married,secondary,yes,-473,yes,no,cellular,12,jul,4,-1,0,unknown,0,young
technician,married,tertiary,no,1019,no,no,telephone,29,jan,2,-2,0,unknown,0,older
self-employed,married,tertiary,no,874,no,yes,unknown,12,jun,1,-1,0,unknown,0,older
management,married,tertiary,no,3001,yes,no,cellular,20,apr,3,-1,0,unknown,0,young
blue-collar,married,secondary,no,39,no,yes,telephone,12,jul,2,-1,0,unknown,0,young
blue-collar,divorced,unknown,no,2799,yes,no,cellular,8,jul,3,-1,0,unknown,0,young
services,single,tertiary,no,1177,yes,no,unknown,15,may,3,-1,0,unknown,0,young
technician,single,secondary,no,127,no,no,cellular,29,aug,4,-1,0,unknown,0,young
unemployed,married,primary,no,38,no,no,telephone,27,feb,1,-2,0,unknown,0,older
self-employed,married,secondary,no,-384,no,no,unknown,20,jun,2,-1,0,unknown,0,older
management,married,tertiary,no,6787,yes,no,cellular,5,mar,2,-1,0,unknown,0,young
management,married,tertiary,yes,2943,no,no,cellular,23,aug,7,179,1,failure,0,young
entrepreneur,married,secondary,no,1347,no,no,cellular,13,jul,4,-1,0,unknown,0,older
self-employed,divorced,secondary,no,243,yes,no,cellular,17,nov,1,109,1,failure,0,older
blue-collar,married,secondary,no,-411,yes,no,unknown,8,may,1,-1,0,unknown,0,young
blue-collar,married,primary,no,109,yes,no,telephone,5,may,2,-1,0,unknown,0,older
technician,married,secondary,yes,-623,yes,no,cellular,28,jul,7,-1,0,unknown,0,young
retired,married,secondary,no,349,no,no,cellular,11,sep,1,425,1,failure,1,young
blue-collar,divorced,secondary,yes,369,no,no,cellular,12,jul,1,-1,0,unknown,0,older
retired,married,tertiary,no,2734,no,no,telephone,8,jul,3,-1,0,unknown,0,older
admin.,married,secondary,no,50,yes,no,cellular,21,may,3,-1,0,unknown,0,young
management,married,secondary,yes,-222,no,no,cellular,17,may,1,-1,0,unknown,0,older
technician,divorced,secondary,no,181,no,no,cellular,20,apr,2,-1,0,unknown,0,young
admin.,single,secondary,no,-188,yes,no,cellular,22,jul,10,-1,0,unknown,0,young
housemaid,married,tertiary,no,9024,no,no,cellular,21,aug,4,-1,0,unknown,0,young
technician,divorced,secondary,no,127,no,no,unknown,7,jun,1,-1,0,unknown,1,young
technician,married,secondary,no,2391,no,no,cellular,17,jul,2,99,1,failure,0,older
technician,single,secondary,no,111,no,no,cellular,20,nov,1,-1,0,unknown,0,young
technician,married,tertiary,no,2828,no,no,cellular,29,mar,2,-1,0,unknown,0,young
blue-collar,married,primary,no,1882,no,no,unknown,19,nov,1,-1,0,unknown,0,older
housemaid,single,secondary,no,-190,no,no,cellular,26,aug,4,-1,0,unknown,0,older
technician,married,secondary,no,491,no,no,cellular,21,feb,2,-1,0,unknown,0,older
blue-collar,married,secondary,no,93,yes,no,unknown,12,may,1,-1,0,unknown,0,young
unknown,married,unknown,no,965,no,no,telephone,6,jul,1,-1,0,unknown,0,older
management,single,tertiary,no,232,yes,yes,cellular,2,feb,2,364,1,other,0,young
unemployed,divorced,secondary,no,5908,no,yes,telephone,4,jun,1,352,1,success,0,older
technician,married,secondary,yes,-154,no,no,cellular,4,aug,10,-1,0,unknown,0,older
blue-collar,divorced,secondary,no,810,no,no,unknown,21,may,2,-1,0,unknown,0,older
technician,married,secondary,no,1734,yes,no,cellular,21,apr,10,-2,0,unknown,0,young
technician,married,secondary,no,33,no,no,cellular,19,jul,7,-1,0,unknown,0,young
technician,divorced,secondary,no,-22,yes,no,cellular,12,jul,2,-1,0,unknown,0,young
retired,married,primary,no,10,no,no,telephone,13,jul,2,-1,0,unknown,0,older
technician,divorced,secondary,no,670,no,no,unknown,14,may,2,-1,0,unknown,0,older
management,divorced,tertiary,no,809,yes,no,unknown,13,may,4,-1,0,unknown,0,young
management,divorced,primary,no,1988,no,yes,cellular,23,nov,3,82,1,other,1,older
unknown,married,unknown,no,2828,no,no,cellular,14,jul,4,-1,0,unknown,0,older
technician,single,tertiary,no,475,no,no,cellular,10,aug,1,-1,0,unknown,0,young
blue-collar,single,secondary,no,2808,yes,no,unknown,17,may,4,-1,0,unknown,0,young
blue-collar,married,primary,no,193,yes,yes,cellular,21,apr,1,116,1,failure,0,young
blue-collar,married,secondary,no,5499,yes,no,cellular,8,jul,2,-1,0,unknown,0,young
retired,married,unknown,no,131,no,no,telephone,21,jul,1,-1,0,unknown,0,older
services,married,secondary,no,2216,yes,no,unknown,9,may,2,-1,0,unknown,0,young
blue-collar,married,primary,yes,696,yes,no,unknown,13,may,4,-1,0,unknown,0,young
technician,divorced,secondary,no,3767,no,no,cellular,21,oct,5,398,6,success,0,young
technician,married,tertiary,no,7,no,no,unknown,26,may,1,-1,0,unknown,0,young
services,married,secondary,no,437,no,no,unknown,2,jun,3,-1,0,unknown,0,older
management,single,tertiary,no,5481,yes,no,cellular,23,apr,1,-1,0,unknown,0,young
blue-collar,divorced,secondary,no,185,yes,no,unknown,19,jun,1,-1,0,unknown,0,older
management,married,tertiary,no,332,no,no,unknown,22,may,1,-1,0,unknown,0,young
technician,single,secondary,no,724,yes,no,cellular,25,apr,1,360,1,failure,0,young
technician,single,tertiary,yes,383,no,no,unknown,9,jun,4,-1,0,unknown,0,young
housemaid,married,primary,no,44,yes,no,cellular,8,aug,1,-1,0,unknown,0,young
technician,single,secondary,no,368,no,no,cellular,29,aug,9,-1,0,unknown,0,young
blue-collar,married,secondary,no,1694,yes,no,telephone,29,may,3,-1,0,unknown,0,young
blue-collar,single,primary,no,2359,yes,no,cellular,20,nov,3,278,1,other,0,young
retired,married,primary,no,2833,no,no,telephone,28,aug,3,-1,0,unknown,1,older
retired,married,unknown,no,4365,no,no,telephone,2,feb,1,-1,0,unknown,1,older
management,single,tertiary,no,23,yes,no,cellular,5,may,1,283,1,failure,0,young
technician,single,secondary,no,7014,no,no,cellular,5,aug,4,-1,0,unknown,0,young
unemployed,married,secondary,no,2961,no,no,cellular,18,nov,1,185,1,failure,1,young
technician,single,tertiary,no,2235,yes,no,cellular,27,aug,2,346,1,other,0,young
technician,married,secondary,no,1440,no,no,cellular,11,aug,7,-1,0,unknown,0,older
management,single,tertiary,no,-286,yes,no,unknown,8,may,1,-1,0,unknown,0,young
technician,married,secondary,no,147,no,no,cellular,28,aug,4,366,4,failure,0,older
self-employed,divorced,tertiary,no,705,yes,no,cellular,13,may,1,95,3,failure,0,young
technician,married,secondary,no,5106,no,no,cellular,21,nov,3,185,0,unknown,0,young
management,divorced,secondary,no,866,no,no,cellular,20,jun,1,-1,0,unknown,0,older
student,single,secondary,no,6505,yes,no,cellular,14,oct,3,-1,0,unknown,0,young
admin.,married,secondary,no,1558,yes,no,telephone,12,nov,5,-1,0,unknown,0,older
blue-collar,single,primary,no,-242,no,no,unknown,3,jun,3,-1,0,unknown,0,young
retired,divorced,secondary,no,3942,no,no,telephone,18,mar,1,185,1,success,1,older
retired,married,secondary,no,2584,no,no,telephone,13,jul,2,-1,0,unknown,0,older
unknown,married,unknown,no,4721,no,no,unknown,2,jun,3,-1,0,unknown,0,older
management,divorced,tertiary,no,14253,yes,no,cellular,18,nov,3,-1,0,unknown,1,older
blue-collar,single,secondary,no,78,yes,no,cellular,15,may,4,353,1,success,1,young
blue-collar,married,secondary,no,144,yes,no,cellular,12,aug,4,-1,0,unknown,0,young
student,single,secondary,no,233,no,no,unknown,4,jun,2,-1,0,unknown,0,young
blue-collar,single,secondary,no,-2199,yes,no,unknown,13,may,1,-1,0,unknown,0,young
student,single,secondary,no,3979,no,no,cellular,20,mar,1,400,1,failure,1,young
self-employed,divorced,tertiary,no,6567,no,no,cellular,17,oct,1,-2,0,unknown,0,older
student,single,secondary,no,40,no,no,cellular,21,jul,1,-1,0,unknown,0,young
management,divorced,tertiary,yes,86,no,no,cellular,21,nov,3,-1,0,unknown,0,young
technician,divorced,tertiary,no,-1940,yes,no,unknown,7,may,6,-1,0,unknown,0,young
technician,divorced,secondary,no,191,no,no,unknown,14,may,1,-1,0,unknown,0,young
housemaid,married,secondary,no,205,no,no,cellular,12,jun,3,432,10,failure,1,young
blue-collar,married,secondary,no,1215,yes,no,cellular,26,jul,3,-1,0,unknown,0,young
blue-collar,single,tertiary,no,1875,yes,no,unknown,12,may,1,354,1,unknown,0,older
management,married,tertiary,no,2021,yes,no,cellular,12,apr,2,108,6,success,1,young
management,married,tertiary,no,3031,yes,no,cellular,21,apr,2,179,1,success,1,older
blue-collar,married,secondary,no,150,no,no,cellular,10,aug,4,-1,0,unknown,0,young
blue-collar,divorced,secondary,yes,112,yes,no,unknown,25,may,3,-1,0,unknown,0,older
management,married,tertiary,no,224,no,no,telephone,23,jul,6,-1,0,unknown,0,young
technician,married,secondary,yes,2929,yes,no,cellular,16,apr,5,348,1,failure,0,young
blue-collar,married,secondary,no,1684,no,no,telephone,3,jul,2,-1,0,unknown,0,older
blue-collar,single,secondary,no,6129,no,no,cellular,22,jul,4,-1,0,unknown,0,young
management,married,secondary,no,1679,yes,no,cellular,13,may,5,-1,0,unknown,0,young
retired,divorced,secondary,no,242,yes,no,cellular,9,apr,2,400,4,failure,0,older
blue-collar,married,secondary,yes,76,no,no,cellular,22,jul,5,-1,0,unknown,0,older
management,divorced,tertiary,no,-197,yes,no,unknown,5,may,12,-1,0,unknown,0,young
self-employed,married,tertiary,no,-18,no,no,unknown,21,jun,2,-1,0,unknown,0,young
admin.,single,secondary,no,8121,no,no,cellular,24,jul,2,-1,0,unknown,0,young
retired,married,primary,no,1300,no,no,unknown,4,dec,1,-1,0,unknown,0,older
retired,married,primary,no,2346,no,no,telephone,6,sep,1,-1,0,unknown,0,older
unknown,married,secondary,no,706,no,no,telephone,13,feb,4,-1,0,unknown,0,older
management,married,tertiary,no,2024,no,no,cellular,21,sep,1,97,2,success,1,older
management,divorced,tertiary,yes,85,yes,no,cellular,29,nov,7,106,1,failure,0,young
technician,single,secondary,no,90,yes,no,cellular,21,apr,2,-1,0,unknown,0,young
unemployed,divorced,secondary,no,232,no,no,cellular,18,nov,2,-1,0,unknown,0,older
unknown,married,unknown,yes,3637,no,no,unknown,4,jun,2,-1,0,unknown,0,older
unemployed,married,secondary,no,233,no,no,cellular,3,feb,1,385,1,other,1,young
management,married,unknown,no,887,yes,no,unknown,22,may,2,-1,0,unknown,0,older
unknown,married,unknown,no,1539,no,no,cellular,18,jan,1,-1,0,unknown,0,older
technician,divorced,secondary,no,5332,no,no,unknown,5,jun,1,-1,0,unknown,0,young
blue-collar,single,secondary,no,755,no,no,cellular,3,feb,1,139,4,failure,1,young
technician,divorced,tertiary,no,1414,no,no,cellular,24,sep,1,-1,0,unknown,0,older
retired,married,secondary,no,1115,no,no,unknown,10,jun,1,-1,0,unknown,0,older
technician,divorced,secondary,no,1375,no,no,unknown,27,jun,10,-1,0,unknown,0,older
self-employed,divorced,tertiary,no,10,yes,no,unknown,3,jun,2,-1,0,unknown,0,young
management,divorced,tertiary,no,473,no,no,cellular,15,jul,4,-2,0,unknown,0,young
management,divorced,tertiary,no,3309,yes,no,cellular,20,nov,2,118,2,failure,0,young
management,single,tertiary,no,2787,yes,no,cellular,19,apr,4,331,1,failure,1,young
technician,divorced,tertiary,no,1637,no,no,cellular,26,jan,7,-1,0,unknown,0,older
management,married,tertiary,no,806,no,no,cellular,22,aug,4,-1,0,unknown,0,young
admin.,married,secondary,no,2302,no,no,telephone,30,oct,7,175,1,unknown,1,older
technician,single,secondary,no,160,no,no,unknown,18,aug,10,-1,0,unknown,0,young
management,divorced,unknown,no,809,no,no,cellular,18,aug,1,-1,0,unknown,0,older
management,married,tertiary,no,2479,no,no,telephone,21,sep,2,140,0,unknown,0,older
blue-collar,married,primary,no,834,yes,no,cellular,10,may,4,342,10,failure,0,young
management,divorced,tertiary,no,2116,no,no,cellular,18,nov,1,127,1,failure,0,young
technician,divorced,secondary,no,78,no,no,cellular,23,jul,10,-1,0,unknown,0,older
technician,single,primary,no,253,no,no,unknown,18,jun,5,-1,0,unknown,0,young
blue-collar,married,secondary,no,321,yes,no,cellular,18,apr,2,-1,0,unknown,0,young
management,divorced,tertiary,no,6667,yes,no,cellular,24,may,1,-1,0,unknown,0,young
retired,divorced,secondary,no,210,no,no,cellular,4,may,1,-1,0,unknown,0,older
technician,married,primary,no,2197,no,no,cellular,15,oct,3,83,6,success,1,young
blue-collar,married,primary,no,389,no,no,unknown,4,jun,1,-1,0,unknown,0,older
management,divorced,tertiary,no,4590,no,no,cellular,14,oct,2,120,1,success,1,young
housemaid,married,primary,no,3586,yes,no,cellular,25,apr,2,-1,0,unknown,1,older
technician,single,secondary,no,3578,yes,no,cellular,12,may,6,355,2,failure,0,young
services,divorced,secondary,no,958,no,no,unknown,8,jun,3,-1,0,unknown,0,older
management,single,tertiary,no,432,no,no,cellular,23,jul,4,-1,0,unknown,0,young
unknown,married,unknown,no,157,no,no,unknown,1,jun,3,-1,0,unknown,0,young
technician,married,secondary,no,8420,no,no,unknown,20,jun,2,-1,0,unknown,0,older
blue-collar,married,secondary,no,146,no,no,unknown,6,jun,3,-1,0,unknown,0,older
management,divorced,tertiary,no,-216,yes,no,cellular,30,may,3,384,6,other,0,young
blue-collar,married,secondary,yes,942,no,no,cellular,23,jul,2,-1,0,unknown,0,older
technician,married,secondary,no,-404,no,no,unknown,18,jun,3,0,0,unknown,0,older
management,married,tertiary,no,1496,yes,no,unknown,5,may,2,-1,0,unknown,0,older
services,single,tertiary,no,-17,yes,no,cellular,30,jan,11,-1,0,unknown,0,young
services,single,secondary,yes,-10,no,yes,cellular,20,jul,1,-1,0,unknown,0,young
blue-collar,married,primary,no,3377,yes,no,cellular,11,may,1,-1,0,unknown,0,older
technician,married,tertiary,no,228,yes,no,unknown,28,may,3,-1,0,unknown,0,older
technician,single,tertiary,yes,-39,no,no,cellular,21,jul,3,-1,0,unknown,0,young
retired,married,secondary,no,6490,no,no,telephone,24,mar,2,179,1,success,0,older
blue-collar,married,secondary,no,-56,no,yes,cellular,8,jul,2,-1,0,unknown,0,young
retired,divorced,secondary,no,5522,no,no,cellular,4,oct,1,110,1,failure,0,older
management,divorced,tertiary,no,204,yes,no,unknown,12,may,1,-1,0,unknown,0,older
services,single,secondary,no,314,no,no,unknown,23,jul,21,-1,0,unknown,0,young
technician,single,secondary,no,31,yes,no,cellular,11,may,1,94,1,other,0,young
entrepreneur,divorced,tertiary,no,4038,yes,no,cellular,21,nov,3,-1,0,unknown,0,young
blue-collar,married,primary,yes,-767,yes,no,unknown,12,may,1,-1,0,unknown,0,young
management,married,tertiary,no,2469,no,no,cellular,12,mar,1,93,1,success,1,young
entrepreneur,married,tertiary,no,590,no,no,unknown,20,jun,1,-1,0,unknown,0,young
self-employed,divorced,tertiary,no,1804,yes,no,cellular,20,oct,2,132,1,success,0,older
blue-collar,married,primary,no,138,yes,no,cellular,12,may,9,-1,0,unknown,0,young
services,single,secondary,no,222,yes,no,telephone,20,may,1,-1,0,unknown,0,older
entrepreneur,married,secondary,no,189,yes,no,cellular,27,jul,2,-1,0,unknown,0,young
blue-collar,married,primary,no,-11,yes,no,unknown,4,may,1,-1,0,unknown,0,older
blue-collar,married,primary,no,641,yes,no,cellular,13,apr,4,-1,0,unknown,0,older
blue-collar,married,primary,no,-35,yes,no,unknown,6,may,3,-1,0,unknown,0,young
services,married,primary,no,11,no,no,cellular,11,aug,3,-1,0,unknown,0,young
blue-collar,married,primary,no,616,yes,no,unknown,13,may,3,-1,0,unknown,0,older
management,married,tertiary,no,381,no,no,cellular,7,aug,2,-1,0,unknown,0,older
management,married,tertiary,no,-3,no,no,unknown,7,jun,1,-1,0,unknown,0,older
admin.,single,secondary,no,486,no,no,cellular,5,feb,2,-1,0,unknown,0,young
management,single,tertiary,no,182,no,no,cellular,18,aug,4,-1,0,unknown,0,young
admin.,single,secondary,no,2576,yes,no,cellular,14,jan,5,335,6,other,0,young
self-employed,married,secondary,no,47,no,no,cellular,18,jun,4,-1,0,unknown,0,young
blue-collar,divorced,secondary,no,810,no,no,telephone,19,nov,1,-1,0,unknown,0,older
admin.,married,primary,no,37,yes,yes,unknown,3,may,3,-1,0,unknown,0,young
blue-collar,married,secondary,no,2097,no,no,cellular,25,sep,2,191,6,success,1,young
technician,divorced,secondary,no,179,yes,no,unknown,18,may,2,-1,0,unknown,0,older
admin.,divorced,secondary,no,2160,yes,no,cellular,18,jul,4,-1,0,unknown,0,young
services,married,secondary,no,4598,yes,no,telephone,17,nov,7,115,1,failure,0,older
management,single,tertiary,no,1084,no,no,cellular,5,jan,2,106,1,success,0,young
management,married,primary,no,217,no,no,cellular,21,feb,4,181,1,failure,0,older
blue-collar,married,primary,no,-60,no,no,cellular,26,jul,10,-1,0,unknown,0,older
technician,married,secondary,no,568,no,no,cellular,22,aug,10,-1,0,unknown,0,older
technician,married,secondary,no,5760,yes,no,telephone,20,nov,2,102,1,failure,0,young
entrepreneur,married,primary,no,1608,yes,no,cellular,12,may,4,-1,0,unknown,0,young
student,single,tertiary,no,4709,no,no,cellular,23,dec,4,123,1,success,0,young
unemployed,married,secondary,yes,-160,no,no,cellular,7,jul,5,-1,0,unknown,0,older
services,married,secondary,no,-470,yes,no,unknown,20,may,1,-1,0,unknown,0,young
unemployed,married,primary,yes,1964,no,no,telephone,6,feb,1,-1,0,unknown,0,older
technician,married,secondary,no,12275,yes,no,cellular,21,nov,3,-1,0,unknown,0,young
admin.,married,secondary,no,2162,yes,no,cellular,26,apr,3,-1,0,unknown,0,older
management,divorced,tertiary,no,341,no,yes,cellular,25,aug,4,-1,0,unknown,0,older
technician,married,secondary,no,45,no,no,cellular,16,nov,2,-1,0,unknown,0,young
technician,married,secondary,no,2975,yes,no,telephone,28,jan,3,280,2,failure,0,older
blue-collar,married,secondary,no,5229,yes,no,cellular,12,may,5,353,4,failure,0,young
unknown,divorced,unknown,no,2744,no,no,unknown,19,jun,1,-1,0,unknown,0,older
blue-collar,divorced,secondary,no,43,yes,yes,cellular,13,may,2,343,4,failure,0,young
blue-collar,married,tertiary,no,242,no,no,cellular,5,jul,1,-1,0,unknown,0,young
technician,married,primary,no,2011,yes,no,cellular,23,jul,7,-1,0,unknown,0,older
technician,divorced,primary,no,-170,yes,yes,unknown,26,may,4,-1,0,unknown,0,young
management,married,tertiary,no,5516,no,no,cellular,3,dec,2,179,2,success,1,young
services,married,secondary,no,1374,yes,no,unknown,10,may,2,-1,0,unknown,0,young
technician,married,primary,no,87,yes,no,unknown,6,may,3,-1,0,unknown,0,older
services,married,secondary,no,105,yes,yes,cellular,26,jul,2,-1,0,unknown,0,young
technician,married,secondary,no,599,no,no,cellular,0,aug,2,126,1,failure,0,older
self-employed,married,primary,no,-782,yes,no,unknown,19,may,2,353,0,unknown,0,young
management,married,tertiary,no,101,yes,no,cellular,19,aug,1,-1,0,unknown,0,young
blue-collar,single,primary,no,248,yes,no,unknown,19,may,2,-1,0,unknown,0,young
self-employed,married,tertiary,no,181,no,no,cellular,14,apr,7,188,1,failure,1,older
services,single,secondary,no,11,no,no,cellular,11,may,1,-1,0,unknown,0,young
blue-collar,single,secondary,no,213,yes,no,unknown,19,may,1,-1,0,unknown,0,young
entrepreneur,divorced,secondary,no,-403,yes,no,unknown,9,may,16,-1,0,unknown,0,young
management,married,tertiary,no,1138,yes,no,cellular,17,nov,6,-1,0,unknown,0,older
technician,divorced,secondary,no,53,no,no,cellular,17,nov,2,-1,0,unknown,0,young
blue-collar,married,secondary,no,264,no,no,cellular,5,aug,2,-1,0,unknown,0,older
admin.,married,secondary,no,4219,no,no,unknown,25,jun,1,-1,0,unknown,0,older
technician,married,secondary,no,576,no,no,cellular,21,aug,4,-1,0,unknown,0,young
services,married,secondary,no,4884,no,no,cellular,3,jul,3,-1,0,unknown,0,older
technician,divorced,tertiary,no,484,yes,no,cellular,19,apr,4,333,4,failure,0,young
blue-collar,married,secondary,no,520,yes,yes,cellular,14,jan,1,251,4,other,0,young
unknown,married,unknown,no,-518,no,no,unknown,5,jul,1,-1,0,unknown,0,older
services,divorced,unknown,no,62,yes,no,unknown,5,may,1,-1,0,unknown,0,young
services,single,secondary,no,1183,yes,no,cellular,19,may,2,364,9,unknown,0,young
blue-collar,married,secondary,no,-1882,yes,no,unknown,15,may,3,-1,0,unknown,0,older
technician,single,secondary,no,631,no,no,cellular,2,feb,1,287,4,other,0,young
admin.,divorced,secondary,no,125,yes,no,unknown,7,may,1,-1,0,unknown,0,young
blue-collar,married,secondary,no,339,no,no,cellular,13,jul,1,-1,0,unknown,0,young
management,married,tertiary,no,88,yes,no,unknown,3,may,2,-1,0,failure,0,older
unemployed,married,primary,no,2378,yes,no,unknown,13,may,1,-1,0,unknown,0,older
technician,married,secondary,no,290,yes,yes,cellular,2,feb,2,261,4,other,0,older
blue-collar,single,secondary,no,323,yes,no,cellular,14,may,1,352,9,failure,0,young
technician,married,secondary,no,-89,no,no,cellular,16,aug,2,-1,0,unknown,0,young
technician,married,secondary,no,872,yes,no,cellular,14,jan,5,276,1,failure,0,young
technician,single,tertiary,no,202,yes,no,cellular,1,feb,2,292,1,failure,0,young
retired,married,primary,no,1008,yes,no,telephone,3,feb,5,176,1,failure,0,older
technician,single,secondary,no,276,no,no,cellular,16,aug,3,-1,0,unknown,1,young
management,married,tertiary,no,2550,no,no,cellular,20,aug,4,-1,0,unknown,0,young
retired,divorced,primary,no,608,no,no,unknown,5,jun,2,-1,0,unknown,0,young
technician,single,unknown,no,420,yes,no,cellular,16,nov,4,116,2,failure,0,young
blue-collar,divorced,secondary,no,2290,yes,no,unknown,6,may,2,-1,0,unknown,0,older
admin.,divorced,secondary,no,0,yes,yes,cellular,9,jul,5,-1,0,unknown,0,older
services,married,secondary,no,6200,yes,no,cellular,2,feb,1,-1,0,unknown,0,older
management,single,tertiary,no,-78,yes,no,cellular,12,may,3,397,1,failure,1,young
blue-collar,married,primary,yes,121,no,no,telephone,6,jul,5,-1,0,unknown,0,older
blue-collar,married,primary,no,45,no,no,cellular,13,oct,6,140,2,failure,0,older
technician,married,secondary,no,27,yes,no,cellular,13,may,1,273,3,other,0,young
technician,divorced,secondary,no,2180,no,yes,cellular,17,jul,2,-1,0,unknown,0,older
unknown,married,primary,no,6065,no,no,unknown,3,jun,1,-1,0,unknown,0,older
technician,single,secondary,no,4442,no,no,unknown,11,may,2,-1,0,unknown,0,older
blue-collar,married,primary,no,249,yes,no,unknown,3,may,3,-1,0,unknown,0,older
management,married,tertiary,no,1802,yes,no,unknown,11,may,5,-1,0,unknown,0,older
blue-collar,married,primary,yes,2531,no,no,unknown,5,jun,2,-1,0,unknown,0,older
technician,married,secondary,no,87,no,yes,cellular,3,aug,5,-1,0,unknown,0,older
technician,married,secondary,no,-131,no,yes,cellular,29,jul,25,-1,0,unknown,0,young
self-employed,single,tertiary,no,6165,yes,no,cellular,13,mar,3,162,1,failure,1,young
management,divorced,tertiary,no,9157,yes,no,cellular,20,may,2,171,2,failure,0,young
management,married,tertiary,no,729,no,yes,cellular,23,jul,2,-1,0,unknown,1,older
services,married,secondary,no,2059,yes,no,cellular,1,apr,2,-1,0,unknown,0,young
blue-collar,single,unknown,no,4127,yes,no,cellular,14,jun,2,281,3,other,0,young
technician,married,secondary,no,8297,yes,no,cellular,20,nov,1,-1,0,unknown,0,young
blue-collar,married,secondary,no,735,no,no,telephone,4,feb,2,-1,0,unknown,0,older
admin.,married,secondary,no,2755,no,no,cellular,11,jul,1,-1,0,unknown,0,young
blue-collar,married,primary,no,-1541,yes,no,unknown,15,may,8,-1,0,unknown,0,young
retired,married,primary,no,1953,no,no,cellular,21,apr,1,-1,0,unknown,0,older
blue-collar,married,primary,no,3129,no,no,unknown,21,may,3,-1,0,unknown,0,young
management,divorced,primary,yes,60,yes,no,cellular,17,nov,6,-1,0,unknown,0,older
management,married,primary,no,1562,yes,no,unknown,21,may,2,-1,0,unknown,0,young
retired,married,secondary,no,-82,yes,no,cellular,1,apr,2,271,1,failure,0,young
management,married,tertiary,no,9486,yes,no,cellular,22,nov,4,93,4,success,0,young
technician,married,secondary,no,1579,no,no,cellular,15,aug,7,-1,0,unknown,0,older
admin.,single,secondary,no,20,no,no,cellular,5,aug,3,-1,0,unknown,0,young
blue-collar,married,secondary,no,268,no,no,cellular,19,jul,5,-1,0,unknown,0,older
retired,married,secondary,no,1061,yes,no,cellular,5,feb,2,-1,0,unknown,1,older
management,divorced,tertiary,no,486,no,no,cellular,31,jul,2,-1,0,unknown,0,young
blue-collar,married,secondary,no,-429,yes,no,unknown,19,may,1,-1,0,unknown,0,young
blue-collar,married,primary,no,522,no,no,unknown,17,jun,3,-1,0,unknown,0,older
unemployed,married,secondary,no,4027,no,no,cellular,20,sep,1,152,1,success,1,older
technician,single,secondary,no,2496,no,no,unknown,1,jun,7,-1,0,unknown,0,older
technician,single,tertiary,no,44,yes,no,cellular,8,may,2,-1,0,unknown,0,older
management,divorced,tertiary,no,1292,no,no,cellular,22,jan,7,89,1,success,0,older
blue-collar,married,secondary,no,3744,no,no,cellular,25,jul,3,113,1,success,1,young
services,single,secondary,no,2096,yes,no,cellular,21,apr,7,-1,1,other,0,young
technician,married,secondary,no,951,yes,yes,cellular,10,jul,4,-1,0,unknown,0,older
management,divorced,tertiary,no,-407,yes,no,cellular,14,may,4,340,1,other,0,older
services,married,secondary,no,1202,no,no,unknown,4,may,1,-1,0,unknown,0,older
technician,single,tertiary,no,-375,yes,no,unknown,16,may,3,-1,0,unknown,0,young
housemaid,married,primary,no,468,no,no,unknown,11,jun,3,-1,0,unknown,0,older
services,married,secondary,no,2495,yes,no,unknown,19,may,5,-1,0,unknown,0,older
technician,married,secondary,no,5258,yes,no,cellular,11,apr,3,87,2,success,0,young
management,divorced,primary,no,168,no,no,cellular,20,nov,1,-1,0,unknown,0,older
management,divorced,tertiary,no,2226,no,no,cellular,13,aug,4,99,0,failure,0,young
management,divorced,tertiary,no,-27,yes,no,cellular,13,apr,4,-1,0,unknown,0,young
services,married,secondary,no,69,yes,yes,unknown,24,may,1,-1,0,unknown,0,young
technician,divorced,secondary,no,409,yes,no,unknown,4,may,1,-1,0,unknown,0,older
technician,married,secondary,no,231,no,no,cellular,2,mar,1,-1,0,unknown,0,young
technician,married,secondary,no,2154,no,no,telephone,20,aug,4,-1,0,unknown,0,older
technician,divorced,secondary,no,991,yes,no,cellular,12,may,1,353,6,other,0,young
entrepreneur,married,secondary,no,570,yes,no,cellular,14,aug,5,-1,0,unknown,0,older
technician,divorced,secondary,no,1279,no,no,telephone,29,may,7,-1,0,unknown,0,older
housemaid,divorced,secondary,no,107,no,no,telephone,21,nov,3,-1,0,unknown,0,older
blue-collar,married,primary,no,2570,yes,no,unknown,12,may,1,-1,0,unknown,0,older
entrepreneur,married,tertiary,yes,415,no,no,cellular,28,jul,1,-1,0,unknown,0,young
admin.,divorced,secondary,no,1634,no,no,cellular,19,nov,3,-1,0,unknown,0,young
services,married,secondary,yes,-260,no,no,cellular,15,jul,7,-1,0,unknown,0,young
blue-collar,married,secondary,no,71,yes,no,cellular,21,may,2,-1,0,unknown,0,young
retired,married,primary,no,2526,no,no,telephone,11,jul,1,-1,0,unknown,1,older
admin.,single,secondary,no,1209,no,no,cellular,19,jul,3,-1,0,unknown,0,young
unemployed,married,secondary,no,1332,no,no,cellular,9,aug,1,-1,0,unknown,0,older
technician,single,secondary,no,3306,yes,no,cellular,11,may,2,348,9,success,1,young
blue-collar,divorced,secondary,no,11,yes,no,cellular,14,apr,5,-1,0,unknown,0,young
services,married,primary,yes,-1395,yes,yes,cellular,27,jul,3,-1,0,unknown,0,older
blue-collar,married,primary,no,-1432,yes,no,unknown,25,may,3,-1,0,unknown,0,older
management,single,tertiary,no,549,no,no,unknown,20,jun,3,-1,0,unknown,0,young
management,divorced,primary,no,4712,yes,no,cellular,2,feb,4,254,0,failure,0,older
blue-collar,married,primary,no,2840,yes,no,unknown,11,may,1,-1,0,unknown,0,older
technician,married,secondary,no,863,yes,no,cellular,15,aug,4,-1,0,unknown,0,older
retired,divorced,primary,no,2810,no,no,telephone,11,mar,1,-1,0,unknown,1,older
blue-collar,single,secondary,no,110,no,no,cellular,19,jan,1,-1,0,unknown,0,young
self-employed,married,tertiary,no,845,yes,no,unknown,4,feb,2,-1,0,unknown,0,older
unknown,married,unknown,no,1433,no,no,unknown,8,jun,8,-1,0,unknown,0,older
blue-collar,married,primary,yes,-175,yes,no,unknown,7,may,3,-1,0,unknown,0,older
blue-collar,married,secondary,yes,8,yes,yes,telephone,26,jul,9,-1,0,unknown,0,young
management,divorced,tertiary,no,71,yes,no,cellular,22,apr,1,-1,0,unknown,0,older
admin.,single,secondary,no,569,yes,no,cellular,2,feb,3,91,2,other,0,young
management,married,tertiary,no,123,no,no,cellular,18,aug,2,-1,0,unknown,0,older
admin.,single,secondary,no,163,yes,yes,cellular,23,jul,1,-1,0,unknown,0,young
technician,divorced,secondary,no,1521,yes,no,cellular,21,nov,10,-1,0,unknown,0,young
management,single,tertiary,no,2158,no,no,cellular,21,apr,2,183,1,failure,0,young
services,divorced,primary,no,887,no,yes,cellular,17,nov,2,-1,1,unknown,0,older
blue-collar,married,unknown,no,64,yes,no,cellular,8,jul,10,-1,0,unknown,0,young
blue-collar,married,primary,no,791,no,no,cellular,7,jul,7,142,1,failure,0,young
technician,single,secondary,no,529,yes,yes,cellular,8,may,3,-1,0,unknown,0,young
technician,single,secondary,no,-43,yes,no,cellular,28,may,1,-2,0,unknown,0,young
admin.,single,secondary,no,-145,yes,no,cellular,16,may,2,-1,9,unknown,0,young
retired,married,primary,no,452,yes,no,unknown,8,apr,4,-1,0,unknown,0,older
unemployed,married,secondary,no,103,no,no,cellular,4,feb,1,-1,0,unknown,0,older
services,divorced,secondary,no,865,no,no,cellular,16,jul,3,0,0,unknown,0,young
management,divorced,tertiary,yes,11221,yes,no,cellular,20,nov,1,177,1,failure,0,older
services,married,secondary,no,2886,no,no,unknown,28,may,10,-1,0,unknown,0,young
technician,divorced,secondary,yes,50,no,yes,cellular,5,jul,2,-1,0,unknown,0,older
unknown,married,primary,no,2103,no,no,unknown,10,jun,4,-1,0,unknown,0,young
blue-collar,married,secondary,no,1221,yes,no,cellular,15,may,2,343,0,other,0,young
blue-collar,divorced,secondary,no,80,no,no,unknown,13,may,1,-1,0,unknown,0,young
unemployed,single,secondary,no,189,no,no,cellular,2,feb,2,185,4,failure,0,young
technician,single,secondary,no,2096,no,no,cellular,29,jan,2,-2,0,unknown,0,young
management,married,tertiary,no,1247,no,no,cellular,12,aug,7,-1,0,unknown,0,older
blue-collar,married,primary,no,3562,yes,no,cellular,16,jul,3,-1,0,unknown,0,young
blue-collar,divorced,primary,no,770,yes,no,cellular,22,may,3,95,4,failure,0,older
management,single,tertiary,no,-402,no,no,cellular,24,sep,4,-1,0,unknown,0,young
blue-collar,married,secondary,no,384,no,no,unknown,5,jun,3,-1,0,unknown,0,older
technician,married,secondary,no,774,yes,no,unknown,4,may,2,-1,0,unknown,0,young
blue-collar,married,secondary,no,2351,no,no,unknown,6,jun,3,-1,0,unknown,0,older
technician,divorced,secondary,no,21543,no,no,cellular,21,nov,5,118,1,failure,0,older
blue-collar,married,secondary,yes,128,yes,yes,cellular,28,may,1,347,0,unknown,0,young
retired,married,primary,no,735,no,no,telephone,28,jan,3,-2,0,unknown,0,older
technician,married,secondary,no,268,no,no,unknown,21,jun,5,-1,0,unknown,0,young
technician,divorced,tertiary,no,18631,no,no,cellular,4,aug,2,-1,6,success,1,young
self-employed,divorced,secondary,no,0,no,no,cellular,11,apr,5,76,6,success,0,young
technician,divorced,secondary,no,662,yes,no,unknown,16,may,3,-1,0,unknown,0,young
blue-collar,married,primary,no,73,yes,no,unknown,3,jun,3,-1,0,unknown,0,older
admin.,divorced,secondary,yes,798,no,no,cellular,17,jul,2,-1,0,unknown,0,older
management,married,tertiary,no,3968,yes,yes,cellular,30,jul,2,270,0,failure,0,young
blue-collar,married,primary,no,125,yes,no,unknown,13,may,1,-1,0,unknown,0,older
admin.,single,secondary,no,-51,yes,no,cellular,10,may,3,366,1,failure,0,young
blue-collar,married,secondary,no,310,yes,yes,unknown,2,may,1,-1,0,unknown,0,young
blue-collar,single,secondary,yes,-85,yes,no,unknown,4,may,4,-1,0,unknown,0,young
technician,single,secondary,no,-4,yes,no,unknown,20,may,14,-1,0,unknown,0,older
technician,divorced,secondary,no,142,yes,no,cellular,12,aug,4,0,0,unknown,0,young
blue-collar,married,primary,no,761,yes,no,cellular,15,jul,5,-1,0,unknown,0,older
blue-collar,married,primary,no,-62,yes,no,cellular,12,jun,4,-1,0,unknown,0,young
technician,married,secondary,no,616,no,no,cellular,29,jul,4,-1,0,unknown,0,young
student,single,primary,no,2838,no,no,telephone,11,sep,2,-1,0,unknown,0,young
technician,single,tertiary,no,1683,no,no,cellular,2,feb,1,184,2,success,1,young
admin.,divorced,secondary,yes,-177,yes,yes,unknown,15,may,1,-1,0,unknown,0,older
housemaid,married,primary,no,1627,no,no,unknown,19,jun,3,-1,0,unknown,0,young
retired,married,secondary,no,1113,no,no,cellular,3,jun,2,124,1,success,0,older
management,single,tertiary,no,1267,yes,no,cellular,11,may,5,-1,0,unknown,0,young
unknown,married,unknown,no,2778,no,no,cellular,19,aug,1,-1,0,unknown,0,older
retired,divorced,primary,no,664,yes,no,cellular,21,nov,2,-1,0,unknown,0,older
technician,married,secondary,no,562,yes,yes,cellular,17,jan,3,132,1,failure,0,older
blue-collar,married,primary,no,197,no,no,cellular,22,jul,2,-1,0,unknown,0,older
admin.,divorced,tertiary,no,248,yes,no,cellular,5,feb,5,268,9,failure,0,young
management,divorced,tertiary,no,1612,yes,no,unknown,16,may,2,-1,0,unknown,0,young
management,single,tertiary,no,225,yes,no,cellular,22,may,2,-1,0,unknown,0,young
blue-collar,married,primary,no,-381,no,no,unknown,9,may,1,-1,0,unknown,0,older
blue-collar,married,secondary,yes,107,no,no,cellular,5,aug,2,-1,0,unknown,0,older
blue-collar,married,primary,yes,1795,yes,yes,cellular,25,jul,4,-1,0,unknown,0,young
blue-collar,married,secondary,no,221,yes,no,cellular,19,apr,4,337,2,other,0,young
blue-collar,married,secondary,no,182,no,no,unknown,25,apr,1,-1,0,unknown,0,young
blue-collar,married,primary,no,-43,yes,no,unknown,5,jun,1,-1,0,unknown,0,older
management,divorced,tertiary,no,86,yes,no,cellular,13,may,3,137,2,failure,0,young
management,divorced,tertiary,no,1179,no,no,cellular,28,jul,2,-1,0,unknown,0,older
management,married,secondary,no,-331,no,no,unknown,3,jun,1,-1,0,unknown,0,older
technician,divorced,secondary,no,774,no,no,cellular,5,mar,2,-1,0,unknown,0,older
