pregnancies,glucose,blood_pressure,skin_thickness,insulin,bmi,diabetes_pedigree,target,age_group
0,92.0,65.0,28.0,120.0,22.7,0.224,0,young
2,123.0,76.0,33.0,121.0,35.6,0.273,0,young
3,89.0,74.0,28.0,131.0,29.2,0.198,0,young
6,96.0,60.0,28.0,130.0,27.2,0.334,0,young
4,84.0,70.0,35.0,122.0,27.7,0.386,1,older
9,116.0,84.0,29.0,131.0,34.9,0.263,0,older
9,90.0,91.0,29.0,123.0,36.4,0.247,1,older
8,97.0,64.0,21.0,128.0,31.8,0.218,0,young
1,111.0,79.0,30.0,126.0,38.9,0.21,0,young
10,116.0,85.0,31.0,124.0,36.8,0.192,1,older
5,99.0,78.0,30.0,124.0,30.8,0.154,0,young
2,106.0,85.0,30.0,124.0,28.5,0.313,0,young
7,149.0,87.0,33.0,133.0,31.8,0.242,1,older
1,86.0,60.0,11.0,46.0,22.6,0.344,0,young
8,85.0,69.0,15.0,128.0,28.7,0.212,0,young
1,107.0,76.0,26.0,129.0,41.4,0.37,0,young
7,116.0,63.0,22.0,124.0,25.5,0.171,0,older
1,122.0,75.0,26.0,122.0,34.8,0.244,0,young
3,113.0,64.0,25.0,128.0,28.2,0.31,0,young
1,103.0,67.0,41.0,78.0,28.1,0.265,0,young
9,115.0,68.0,29.0,121.0,21.7,0.233,0,young
5,101.0,55.0,29.0,125.0,24.6,0.2,0,older
2,122.0,89.0,41.0,126.0,35.2,0.284,1,young
8,106.0,90.0,29.0,126.0,34.6,0.194,0,older
3,124.0,78.0,29.0,127.0,37.5,0.189,0,older
1,101.0,59.0,30.0,198.0,40.0,0.702,1,young
10,114.0,81.0,28.0,125.0,27.2,0.28,0,older
2,95.0,72.0,29.0,77.0,29.2,0.374,0,young
7,99.0,67.0,28.0,129.0,28.8,0.254,0,young
0,88.0,82.0,30.0,123.0,29.5,0.26,0,young
1,112.0,78.0,39.0,123.0,42.4,0.15,1,young
8,150.0,88.0,40.0,203.0,29.2,0.712,1,older
7,83.0,70.0,32.0,125.0,39.3,0.354,1,older
0,120.0,58.0,21.0,127.0,31.1,0.371,0,young
4,127.0,82.0,28.0,115.0,33.0,0.335,1,older
8,119.0,61.0,25.0,120.0,35.3,0.321,0,young
2,98.0,66.0,28.0,117.0,21.9,0.319,0,young
1,106.0,50.0,37.0,132.0,32.4,0.266,0,young
3,83.0,81.0,30.0,123.0,32.2,0.15,0,older
0,95.0,67.0,22.0,120.0,30.4,0.262,0,young
1,102.0,68.0,18.0,120.0,24.1,0.221,0,young
4,119.0,68.0,30.0,128.0,41.1,0.225,0,older
1,88.0,85.0,30.0,133.0,30.5,0.182,0,young
15,107.0,79.0,32.0,124.0,35.7,0.222,1,older
5,107.0,73.0,28.0,133.0,26.1,0.136,0,young
1,122.0,60.0,27.0,75.0,31.0,0.41,0,young
5,106.0,79.0,29.0,133.0,31.8,0.254,1,older
9,107.0,79.0,26.0,122.0,25.6,0.389,0,older
8,74.0,79.0,29.0,125.0,31.6,0.268,0,young
1,99.0,49.0,25.0,53.0,34.1,0.332,0,young
5,81.0,69.0,28.0,124.0,27.5,0.194,0,young
8,107.0,87.0,28.0,124.0,24.4,0.178,0,older
1,93.0,73.0,39.0,122.0,27.6,0.193,0,young
4,117.0,82.0,29.0,125.0,30.7,0.203,0,young
1,111.0,71.0,34.0,123.0,30.0,0.532,0,young
8,91.0,73.0,30.0,126.0,29.0,0.29,0,older
7,109.0,59.0,28.0,126.0,21.0,0.139,0,young
1,90.0,63.0,20.0,92.0,30.5,0.32,0,young
12,74.0,71.0,28.0,125.0,30.2,0.241,0,older
10,91.0,67.0,29.0,127.0,34.6,0.199,0,young
9,104.0,71.0,28.0,123.0,29.8,0.272,0,older
3,94.0,77.0,29.0,121.0,26.7,0.227,0,young
2,104.0,70.0,30.0,128.0,28.3,0.246,0,young
1,107.0,73.0,30.0,124.0,30.1,0.236,0,young
8,124.0,78.0,27.0,126.0,31.1,0.274,0,young
0,101.0,75.0,30.0,132.0,31.3,0.287,0,young
10,161.0,88.0,27.0,125.0,29.5,0.329,1,older
6,84.0,75.0,33.0,128.0,36.5,0.356,1,young
9,98.0,75.0,35.0,128.0,35.7,0.24,0,older
1,82.0,68.0,34.0,130.0,43.9,0.117,0,young
3,156.0,66.0,29.0,125.0,24.9,0.213,0,older
0,120.0,58.0,33.0,198.0,38.2,0.415,0,young
7,143.0,72.0,29.0,130.0,24.8,0.245,0,older
8,109.0,82.0,36.0,122.0,38.0,0.412,1,young
2,94.0,74.0,14.0,131.0,29.0,0.18,0,young
2,158.0,73.0,34.0,128.0,38.3,0.287,1,young
0,86.0,76.0,36.0,123.0,34.5,0.24,0,young
1,127.0,64.0,39.0,195.0,41.5,0.55,1,young
4,134.0,75.0,29.0,129.0,32.6,0.135,0,young
1,97.0,74.0,25.0,125.0,20.0,0.171,0,young
0,120.0,79.0,28.0,123.0,38.1,0.2,0,young
6,97.0,85.0,30.0,125.0,28.6,0.238,0,young
3,179.0,89.0,40.0,123.0,32.4,0.27,1,older
1,98.0,63.0,29.0,128.0,30.8,0.179,0,young
2,141.0,83.0,30.0,125.0,37.3,0.999,1,young
5,102.0,59.0,23.0,126.0,29.8,0.243,0,young
7,93.0,74.0,29.0,125.0,30.8,0.219,0,young
2,100.0,76.0,28.0,123.0,32.3,0.271,0,young
4,125.0,75.0,35.0,124.0,33.9,0.278,0,young
1,89.0,72.0,41.0,126.0,30.3,0.295,0,young
9,92.0,81.0,29.0,126.0,38.8,0.192,1,older
7,105.0,66.0,34.0,124.0,26.3,0.222,0,young
1,118.0,59.0,46.0,119.0,31.7,0.129,0,young
1,112.0,60.0,20.0,52.0,26.3,0.162,0,young
3,98.0,63.0,28.0,122.0,30.4,0.217,0,young
2,117.0,65.0,35.0,219.0,31.3,0.408,0,young
10,116.0,71.0,28.0,131.0,39.8,0.18,0,older
1,109.0,73.0,30.0,132.0,28.9,0.325,0,young
1,129.0,64.0,30.0,119.0,35.2,0.18,0,young
1,127.0,77.0,49.0,121.0,34.5,0.362,1,young
1,106.0,77.0,37.0,192.0,38.2,0.371,1,young
8,129.0,73.0,28.0,127.0,35.2,0.243,1,older
7,76.0,65.0,52.0,34.0,31.1,0.262,0,young
6,81.0,75.0,29.0,121.0,33.7,0.256,0,older
6,125.0,70.0,29.0,136.0,32.0,0.407,0,young
1,93.0,67.0,29.0,85.0,32.0,0.323,0,young
5,80.0,44.0,28.0,129.0,32.7,0.338,0,young
1,103.0,78.0,41.0,121.0,34.4,0.212,1,young
1,112.0,70.0,13.0,116.0,22.6,0.17,0,young
11,125.0,73.0,29.0,124.0,30.1,0.225,1,older
2,97.0,61.0,10.0,96.0,24.6,0.625,0,young
6,102.0,79.0,33.0,124.0,35.3,0.366,0,young
3,106.0,68.0,26.0,121.0,30.1,0.287,1,older
2,111.0,69.0,18.0,126.0,32.5,0.167,0,young
0,83.0,76.0,39.0,97.0,42.3,0.265,0,young
2,125.0,78.0,40.0,119.0,31.2,0.26,0,young
2,101.0,60.0,34.0,122.0,22.3,0.177,0,young
2,104.0,46.0,30.0,87.0,36.7,0.16,0,young
12,120.0,68.0,30.0,118.0,31.3,0.246,0,older
0,107.0,65.0,16.0,59.0,25.2,0.539,0,young
3,92.0,89.0,28.0,126.0,33.5,0.313,0,young
0,100.0,75.0,29.0,127.0,36.9,0.375,0,young
1,117.0,60.0,14.0,112.0,25.1,0.369,0,young
9,126.0,67.0,15.0,128.0,27.9,0.31,0,young
2,111.0,71.0,33.0,53.0,39.3,0.297,0,young
3,95.0,84.0,16.0,45.0,24.8,0.322,0,young
1,82.0,72.0,27.0,125.0,30.5,0.138,0,young
0,109.0,67.0,32.0,46.0,33.1,0.183,0,young
6,78.0,67.0,28.0,122.0,34.3,0.084,0,young
3,92.0,56.0,25.0,76.0,31.6,0.166,0,young
2,155.0,75.0,36.0,133.0,38.9,0.249,1,young
7,88.0,91.0,31.0,124.0,39.7,0.223,1,older
9,128.0,67.0,28.0,121.0,26.1,0.321,0,older
2,82.0,55.0,48.0,70.0,26.1,0.204,0,young
1,85.0,79.0,30.0,124.0,24.5,0.224,0,young
10,78.0,69.0,29.0,132.0,32.1,0.219,0,young
9,95.0,69.0,29.0,134.0,32.8,0.221,1,older
5,78.0,70.0,30.0,125.0,26.6,0.338,0,young
1,122.0,70.0,39.0,217.0,31.9,0.296,0,young
9,125.0,78.0,28.0,128.0,28.9,0.111,0,older
6,163.0,82.0,48.0,123.0,36.4,0.34,1,older
0,130.0,58.0,22.0,126.0,25.9,0.159,0,young
1,77.0,65.0,11.0,73.0,24.1,0.359,0,young
0,125.0,74.0,31.0,122.0,32.4,0.341,0,young
0,122.0,69.0,38.0,118.0,34.3,0.288,0,young
1,131.0,62.0,30.0,194.0,27.4,0.424,1,young
0,124.0,72.0,44.0,40.0,37.8,0.332,0,young
11,106.0,80.0,33.0,125.0,35.8,0.31,1,older
1,114.0,80.0,30.0,126.0,36.9,0.338,0,young
6,122.0,68.0,28.0,125.0,25.6,0.286,0,young
1,75.0,59.0,35.0,55.0,31.2,0.543,0,young
1,109.0,70.0,29.0,128.0,37.2,0.106,0,older
5,115.0,80.0,29.0,124.0,26.0,0.272,0,older
10,93.0,66.0,30.0,124.0,34.6,0.141,1,older
2,78.0,61.0,42.0,52.0,33.0,0.228,0,young
9,120.0,69.0,50.0,127.0,41.6,0.308,1,older
10,112.0,83.0,30.0,127.0,32.1,0.26,0,older
6,106.0,56.0,29.0,123.0,30.1,0.318,0,young
13,106.0,68.0,30.0,124.0,27.1,0.112,0,older
10,114.0,86.0,29.0,122.0,35.3,0.122,0,older
0,125.0,67.0,48.0,133.0,39.1,0.299,0,young
1,116.0,82.0,40.0,178.0,33.2,0.257,1,young
8,118.0,61.0,28.0,128.0,27.2,0.211,0,young
4,86.0,65.0,23.0,120.0,27.8,0.383,0,young
3,108.0,66.0,17.0,124.0,25.6,0.184,0,young
2,92.0,55.0,18.0,49.0,27.1,0.284,0,young
3,110.0,75.0,28.0,125.0,28.7,0.28,0,young
2,86.0,68.0,26.0,120.0,26.8,0.25,0,young
8,140.0,75.0,30.0,129.0,30.1,0.101,0,older
2,99.0,70.0,34.0,122.0,35.3,0.152,0,young
0,113.0,71.0,21.0,119.0,31.3,0.315,0,young
3,124.0,66.0,29.0,125.0,29.4,0.272,1,older
6,120.0,68.0,29.0,126.0,30.1,0.218,0,young
0,86.0,77.0,30.0,121.0,33.0,0.302,0,young
2,119.0,66.0,44.0,126.0,43.5,0.377,0,young
0,112.0,66.0,30.0,122.0,27.4,0.209,0,young
7,108.0,75.0,29.0,123.0,30.3,0.22,0,older
6,83.0,81.0,30.0,126.0,26.9,0.208,0,older
2,94.0,71.0,36.0,126.0,36.9,0.207,0,young
6,134.0,74.0,30.0,126.0,33.6,0.251,1,young
0,116.0,74.0,16.0,98.0,27.8,0.27,0,young
9,104.0,74.0,30.0,130.0,32.8,0.267,0,older
0,93.0,71.0,36.0,189.0,39.2,0.626,0,young
1,118.0,76.0,32.0,124.0,36.5,0.261,0,young
10,125.0,81.0,30.0,126.0,32.8,0.413,1,older
7,97.0,64.0,22.0,123.0,40.6,0.218,0,young
8,96.0,76.0,28.0,127.0,25.4,0.173,0,young
1,89.0,64.0,30.0,126.0,39.2,0.38,0,young
4,97.0,68.0,29.0,130.0,30.8,0.377,0,older
10,56.0,72.0,28.0,125.0,37.9,0.245,0,older
1,74.0,72.0,34.0,123.0,31.9,0.159,0,young
0,95.0,70.0,40.0,224.0,30.0,0.531,1,young
12,115.0,68.0,30.0,129.0,30.0,0.288,1,older
2,119.0,63.0,27.0,122.0,32.7,0.272,0,young
6,113.0,67.0,29.0,121.0,28.9,0.092,0,young
1,125.0,73.0,29.0,124.0,29.5,0.157,0,young
2,100.0,69.0,36.0,79.0,28.9,0.336,0,young
1,101.0,68.0,32.0,130.0,31.9,0.149,0,young
3,102.0,58.0,33.0,60.0,40.5,0.26,0,young
1,97.0,65.0,16.0,122.0,24.1,0.221,0,young
0,91.0,73.0,28.0,39.0,24.8,0.422,0,young
9,117.0,80.0,31.0,124.0,35.8,0.236,1,older
1,67.0,58.0,33.0,30.0,35.5,0.297,0,young
5,112.0,78.0,29.0,126.0,28.4,0.259,0,older
0,81.0,65.0,38.0,127.0,20.3,0.469,0,young
11,106.0,77.0,30.0,124.0,34.6,0.284,1,older
0,93.0,63.0,14.0,124.0,30.8,0.358,0,young
6,105.0,83.0,25.0,131.0,24.9,0.316,1,older
2,116.0,50.0,46.0,187.0,41.2,0.365,0,young
1,126.0,66.0,21.0,119.0,32.3,0.241,0,young
1,102.0,65.0,30.0,104.0,29.5,0.666,0,young
9,102.0,70.0,30.0,126.0,36.1,0.249,0,older
11,155.0,77.0,30.0,127.0,37.0,0.278,1,older
1,124.0,74.0,30.0,123.0,31.0,0.32,1,older
1,111.0,72.0,37.0,204.0,34.9,0.628,1,young
12,122.0,78.0,34.0,122.0,24.6,0.41,1,older
1,99.0,63.0,41.0,115.0,32.6,0.471,0,young
1,119.0,70.0,45.0,125.0,38.5,0.445,0,young
2,75.0,77.0,23.0,122.0,22.0,0.219,0,young
0,95.0,79.0,29.0,120.0,38.3,0.208,0,young
2,116.0,63.0,38.0,130.0,32.0,0.193,0,young
0,91.0,61.0,22.0,122.0,35.7,0.263,0,young
3,116.0,77.0,30.0,124.0,33.9,0.294,0,older
1,105.0,66.0,36.0,130.0,42.7,0.739,1,young
1,185.0,83.0,47.0,266.0,44.1,0.554,1,young
1,120.0,70.0,30.0,130.0,25.8,0.265,0,young
11,115.0,69.0,26.0,124.0,28.4,0.304,1,older
1,113.0,74.0,29.0,127.0,30.6,0.193,0,young
2,132.0,73.0,44.0,125.0,31.6,0.211,1,older
6,107.0,66.0,29.0,125.0,30.0,0.291,0,young
0,94.0,78.0,17.0,60.0,25.5,0.587,0,young
3,89.0,79.0,30.0,126.0,33.4,0.11,0,young
0,121.0,80.0,45.0,145.0,54.2,0.366,0,young
1,149.0,72.0,39.0,127.0,43.6,0.161,1,young
7,105.0,87.0,29.0,126.0,30.2,0.365,0,older
2,127.0,69.0,34.0,128.0,36.8,0.7,1,young
5,106.0,69.0,28.0,132.0,23.8,0.084,0,young
2,99.0,61.0,28.0,106.0,22.6,0.366,0,young
6,104.0,67.0,30.0,129.0,32.1,0.282,0,older
0,121.0,75.0,34.0,130.0,35.9,0.204,0,young
8,110.0,78.0,30.0,133.0,31.8,0.218,0,young
2,98.0,54.0,34.0,94.0,29.2,0.199,0,young
2,102.0,73.0,27.0,124.0,19.4,0.213,0,young
6,111.0,74.0,28.0,122.0,34.1,0.222,0,young
0,102.0,70.0,32.0,131.0,28.3,0.376,0,young
2,114.0,64.0,26.0,121.0,34.0,0.232,0,young
1,98.0,62.0,44.0,175.0,34.6,0.803,0,young
0,119.0,68.0,39.0,74.0,34.8,0.195,0,young
4,120.0,61.0,38.0,184.0,35.5,0.72,1,young
10,152.0,67.0,34.0,129.0,35.1,0.579,1,young
4,123.0,75.0,34.0,120.0,35.0,0.318,1,young
0,126.0,60.0,34.0,121.0,28.0,0.429,0,young
0,113.0,75.0,34.0,128.0,38.6,0.386,0,young
0,104.0,64.0,34.0,70.0,28.7,0.226,0,young
7,106.0,85.0,29.0,127.0,33.7,0.217,0,young
2,90.0,72.0,33.0,122.0,29.1,0.252,0,young
6,83.0,72.0,33.0,115.0,32.3,0.182,0,young
1,104.0,65.0,38.0,158.0,29.6,0.439,1,young
4,111.0,79.0,38.0,122.0,39.0,0.339,0,older
12,133.0,88.0,27.0,122.0,33.8,0.254,1,older
7,118.0,80.0,29.0,121.0,31.9,0.107,0,young
4,94.0,69.0,36.0,120.0,27.4,0.417,1,older
8,109.0,66.0,29.0,121.0,24.3,0.355,0,older
2,92.0,63.0,39.0,63.0,32.1,0.221,0,young
4,145.0,89.0,38.0,123.0,38.5,0.351,1,older
1,111.0,71.0,10.0,121.0,29.5,0.301,0,young
5,114.0,80.0,36.0,125.0,27.3,0.312,0,young
10,105.0,65.0,27.0,124.0,34.0,0.235,0,young
6,97.0,67.0,29.0,127.0,31.1,0.263,1,older
5,112.0,72.0,30.0,127.0,31.9,0.246,0,young
2,95.0,70.0,30.0,125.0,33.4,0.214,0,young
0,114.0,67.0,28.0,78.0,37.9,0.516,0,young
0,105.0,69.0,31.0,136.0,29.2,0.738,0,young
1,104.0,78.0,30.0,174.0,40.9,0.546,1,young
4,105.0,81.0,26.0,128.0,36.2,0.163,0,older
1,99.0,74.0,29.0,129.0,32.9,0.226,0,young
0,106.0,68.0,30.0,124.0,33.8,0.23,0,young
1,101.0,68.0,31.0,128.0,33.6,0.11,0,young
6,171.0,74.0,39.0,123.0,33.6,0.25,1,older
1,139.0,70.0,27.0,124.0,34.9,0.313,0,young
1,119.0,69.0,14.0,125.0,28.7,0.726,0,young
0,85.0,56.0,16.0,43.0,33.3,0.295,0,young
0,130.0,75.0,37.0,120.0,36.3,0.24,0,young
2,120.0,70.0,42.0,128.0,26.9,0.366,1,young
6,90.0,69.0,30.0,118.0,39.5,0.114,0,young
0,92.0,73.0,44.0,130.0,36.0,0.21,0,young
2,96.0,78.0,32.0,124.0,34.1,0.208,0,young
0,118.0,69.0,39.0,194.0,35.9,0.553,1,young
1,123.0,72.0,30.0,127.0,37.1,0.272,0,young
2,115.0,66.0,43.0,76.0,35.5,0.389,0,young
0,115.0,68.0,39.0,124.0,33.1,0.232,0,young
5,93.0,55.0,42.0,124.0,31.4,0.376,1,older
4,93.0,75.0,29.0,124.0,26.3,0.207,0,young
5,161.0,89.0,28.0,128.0,29.9,0.317,1,older
1,103.0,75.0,21.0,129.0,38.6,0.199,0,young
8,113.0,57.0,29.0,120.0,27.0,0.318,0,older
1,91.0,69.0,30.0,124.0,30.6,0.175,0,young
1,117.0,83.0,30.0,125.0,27.8,0.196,0,young
1,102.0,70.0,30.0,125.0,33.6,0.223,0,young
5,91.0,69.0,30.0,126.0,34.1,0.105,0,older
6,104.0,71.0,28.0,125.0,34.5,0.249,0,young
3,100.0,73.0,27.0,123.0,33.5,0.268,1,young
2,96.0,80.0,29.0,127.0,33.9,0.139,0,young
1,100.0,65.0,37.0,123.0,39.6,0.091,0,young
1,82.0,71.0,15.0,81.0,25.2,0.2,0,young
2,92.0,83.0,38.0,133.0,37.4,0.335,1,young
1,127.0,56.0,30.0,83.0,28.7,0.429,0,young
0,94.0,62.0,25.0,123.0,31.7,0.242,0,young
1,134.0,64.0,14.0,126.0,35.2,0.213,0,young
2,111.0,66.0,29.0,123.0,33.1,0.156,0,older
0,95.0,77.0,34.0,123.0,33.0,0.532,1,young
7,148.0,78.0,23.0,136.0,31.5,0.093,1,older
1,106.0,58.0,16.0,52.0,25.4,0.117,0,young
0,107.0,60.0,32.0,129.0,32.4,0.381,0,young
5,186.0,74.0,43.0,126.0,37.7,0.224,1,older
6,99.0,68.0,28.0,129.0,27.8,0.18,0,older
5,99.0,69.0,39.0,126.0,32.1,0.186,0,young
0,91.0,57.0,30.0,120.0,30.6,0.175,0,young
10,122.0,72.0,29.0,130.0,44.7,0.326,1,older
2,102.0,77.0,21.0,37.0,32.5,0.232,0,young
2,100.0,73.0,30.0,121.0,32.8,0.189,0,young
2,89.0,64.0,22.0,123.0,26.8,0.233,0,young
4,78.0,68.0,34.0,132.0,38.7,0.176,0,young
1,145.0,87.0,40.0,126.0,41.6,0.29,1,young
2,118.0,73.0,34.0,167.0,40.8,0.285,1,young
6,119.0,74.0,30.0,124.0,32.5,0.299,0,older
0,92.0,80.0,31.0,50.0,27.9,0.404,0,young
0,98.0,78.0,38.0,128.0,38.6,0.254,0,young
2,93.0,68.0,32.0,40.0,29.3,0.225,0,young
7,119.0,76.0,29.0,123.0,30.1,0.256,0,young
1,131.0,69.0,38.0,129.0,27.3,0.303,0,young
6,169.0,79.0,42.0,194.0,33.0,0.822,1,young
1,102.0,78.0,33.0,123.0,32.1,0.126,0,young
11,114.0,84.0,29.0,128.0,28.0,0.293,1,older
1,95.0,74.0,29.0,126.0,33.9,0.307,0,young
0,117.0,64.0,40.0,123.0,33.8,0.222,0,young
2,85.0,69.0,34.0,126.0,37.8,0.169,0,young
12,193.0,79.0,34.0,121.0,38.4,0.22,1,older
10,112.0,70.0,47.0,127.0,37.7,0.167,1,older
8,124.0,72.0,29.0,128.0,32.8,0.15,0,young
4,89.0,66.0,28.0,125.0,27.6,0.216,0,young
1,118.0,92.0,29.0,124.0,26.9,0.245,0,young
1,95.0,70.0,30.0,125.0,32.2,0.243,0,young
1,114.0,66.0,15.0,128.0,25.7,0.084,0,young
1,177.0,87.0,33.0,190.0,45.5,0.635,1,young
8,98.0,74.0,30.0,132.0,33.2,0.096,0,older
0,90.0,75.0,45.0,59.0,37.2,0.291,0,young
0,71.0,78.0,29.0,122.0,19.2,0.17,0,young
6,135.0,96.0,37.0,125.0,42.2,0.714,1,young
8,123.0,64.0,29.0,121.0,25.4,0.391,0,older
6,119.0,78.0,32.0,128.0,30.5,0.084,0,older
2,74.0,62.0,25.0,123.0,30.5,0.14,1,young
2,110.0,80.0,39.0,121.0,33.7,0.263,0,young
1,133.0,63.0,30.0,129.0,26.3,0.288,0,young
0,89.0,69.0,41.0,120.0,38.2,0.133,0,young
7,157.0,95.0,30.0,123.0,29.8,0.295,1,older
2,118.0,65.0,28.0,121.0,25.1,0.261,0,young
3,101.0,67.0,28.0,130.0,35.9,0.288,0,young
8,106.0,81.0,31.0,131.0,42.1,0.678,1,young
5,157.0,76.0,28.0,129.0,32.4,0.251,1,older
2,91.0,69.0,35.0,125.0,35.1,0.123,0,young
6,72.0,58.0,29.0,122.0,35.7,0.245,0,older
3,149.0,66.0,44.0,128.0,30.6,0.454,1,older
1,141.0,63.0,52.0,130.0,44.7,0.206,0,young
5,96.0,74.0,29.0,123.0,32.6,0.296,0,young
0,107.0,69.0,28.0,124.0,38.0,0.304,0,young
7,110.0,77.0,30.0,127.0,34.7,0.361,0,older
8,106.0,79.0,29.0,126.0,32.9,0.171,0,older
2,95.0,65.0,29.0,78.0,29.4,0.35,0,young
2,97.0,67.0,29.0,119.0,35.4,0.084,0,young
0,117.0,80.0,38.0,127.0,43.2,0.388,0,young
4,56.0,63.0,41.0,129.0,34.1,0.218,0,young
1,103.0,67.0,30.0,126.0,32.0,0.253,0,young
0,101.0,60.0,15.0,127.0,23.5,0.182,0,young
0,116.0,66.0,42.0,125.0,32.7,0.269,0,young
12,121.0,71.0,28.0,127.0,28.3,0.227,0,older
3,113.0,67.0,43.0,166.0,34.8,0.543,1,young
4,123.0,65.0,22.0,125.0,35.0,0.35,0,young
0,83.0,75.0,19.0,66.0,23.1,0.126,0,young
3,112.0,49.0,41.0,127.0,26.3,0.185,0,young
1,117.0,79.0,30.0,128.0,33.3,0.396,0,young
5,117.0,74.0,30.0,120.0,29.3,0.352,0,young
4,78.0,61.0,36.0,86.0,29.9,0.141,0,young
1,103.0,79.0,30.0,124.0,27.0,0.191,0,young
1,118.0,68.0,40.0,122.0,34.1,0.175,0,young
6,81.0,72.0,27.0,124.0,40.3,0.267,0,young
1,105.0,73.0,40.0,124.0,36.8,0.276,0,young
0,94.0,78.0,30.0,132.0,32.0,0.383,0,young
3,103.0,86.0,27.0,132.0,33.3,0.3,1,young
1,86.0,72.0,28.0,125.0,25.9,0.274,0,young
6,89.0,74.0,28.0,129.0,34.9,0.353,0,young
5,93.0,65.0,32.0,118.0,25.0,0.308,0,young
0,112.0,75.0,30.0,125.0,34.7,0.256,0,young
5,102.0,79.0,28.0,128.0,27.8,0.288,0,older
1,73.0,72.0,41.0,96.0,30.2,0.24,0,young
1,98.0,76.0,20.0,126.0,22.1,0.219,0,young
0,91.0,60.0,21.0,124.0,29.4,0.206,0,young
2,125.0,73.0,28.0,122.0,35.9,0.271,0,young
1,100.0,82.0,33.0,127.0,35.7,0.227,0,young
1,105.0,70.0,28.0,126.0,28.6,0.084,0,young
7,114.0,64.0,28.0,125.0,25.4,0.219,1,older
16,117.0,74.0,31.0,124.0,36.6,0.287,0,older
8,117.0,82.0,28.0,194.0,39.1,0.518,1,older
2,86.0,72.0,30.0,125.0,30.6,0.267,0,young
5,156.0,86.0,32.0,124.0,34.8,0.321,1,older
10,116.0,72.0,52.0,122.0,34.6,0.271,0,older
5,127.0,83.0,28.0,132.0,28.6,0.246,0,older
4,96.0,72.0,36.0,131.0,28.4,0.214,0,young
1,121.0,70.0,26.0,129.0,34.8,0.191,0,young
12,97.0,79.0,37.0,130.0,29.9,0.266,1,older
1,126.0,69.0,38.0,167.0,33.7,0.71,1,young
0,102.0,66.0,24.0,30.0,21.1,0.273,0,young
2,116.0,59.0,16.0,123.0,25.7,0.199,0,young
2,83.0,81.0,28.0,126.0,33.9,0.169,0,young
9,99.0,81.0,30.0,135.0,28.6,0.25,1,older
1,98.0,77.0,30.0,116.0,32.5,0.219,0,older
1,119.0,79.0,32.0,33.0,28.2,0.446,0,young
4,108.0,70.0,34.0,122.0,30.8,0.141,1,young
7,166.0,90.0,34.0,133.0,35.0,0.378,1,older
1,92.0,68.0,26.0,125.0,30.3,0.53,0,young
8,149.0,73.0,29.0,125.0,30.2,0.287,1,older
0,109.0,79.0,29.0,126.0,32.1,0.207,0,young
9,112.0,66.0,29.0,126.0,33.4,0.084,0,young
1,110.0,74.0,45.0,132.0,47.8,0.649,1,young
0,103.0,60.0,30.0,123.0,33.6,0.172,0,young
11,121.0,75.0,28.0,121.0,37.8,0.432,0,older
1,99.0,76.0,29.0,126.0,36.5,0.289,0,young
1,99.0,71.0,18.0,122.0,27.4,0.183,0,young
6,106.0,80.0,24.0,129.0,27.9,0.243,0,young
0,98.0,82.0,27.0,118.0,22.4,0.501,0,young
1,148.0,93.0,51.0,123.0,37.7,0.35,1,young
6,113.0,77.0,29.0,126.0,32.4,0.246,0,older
0,123.0,75.0,41.0,123.0,35.3,0.498,0,young
1,102.0,62.0,20.0,130.0,23.9,0.214,0,young
3,118.0,72.0,29.0,126.0,22.3,0.181,0,older
1,116.0,70.0,20.0,73.0,32.2,0.251,0,young
0,86.0,80.0,30.0,132.0,33.3,0.349,0,young
5,157.0,69.0,34.0,125.0,36.5,0.194,1,older
4,100.0,84.0,30.0,131.0,34.9,0.41,1,older
1,95.0,43.0,27.0,65.0,27.6,0.61,0,young
2,107.0,69.0,38.0,83.0,31.2,0.273,0,young
1,98.0,58.0,41.0,66.0,22.3,0.282,0,young
2,135.0,61.0,39.0,126.0,35.3,0.279,0,young
0,114.0,66.0,15.0,130.0,21.9,0.182,0,young
8,122.0,72.0,30.0,126.0,24.8,0.094,1,young
1,167.0,79.0,29.0,131.0,21.3,0.326,1,older
10,190.0,79.0,38.0,126.0,26.3,0.294,1,older
0,96.0,71.0,28.0,127.0,26.7,0.261,0,young
0,129.0,69.0,26.0,114.0,38.5,0.178,0,young
4,111.0,72.0,29.0,124.0,32.2,0.119,0,young
1,108.0,81.0,32.0,196.0,36.7,0.63,1,young
1,103.0,85.0,28.0,130.0,36.1,0.297,0,young
2,82.0,80.0,48.0,122.0,32.7,0.198,0,young
1,72.0,59.0,20.0,54.0,34.3,0.356,0,young
7,128.0,72.0,24.0,124.0,24.5,0.386,0,young
2,160.0,73.0,26.0,185.0,38.8,0.747,1,young
0,122.0,70.0,29.0,119.0,29.0,0.326,0,young
5,117.0,79.0,29.0,122.0,26.6,0.169,0,older
6,116.0,87.0,28.0,126.0,30.5,0.195,1,older
1,127.0,69.0,30.0,122.0,29.6,0.148,0,young
10,98.0,69.0,29.0,126.0,29.5,0.177,0,older
0,101.0,75.0,40.0,116.0,32.0,0.262,0,young
2,71.0,57.0,28.0,127.0,29.4,0.16,0,young
8,120.0,67.0,30.0,132.0,37.4,0.279,0,young
0,96.0,63.0,20.0,28.0,27.3,0.364,0,young
1,92.0,68.0,24.0,62.0,26.9,0.225,0,young
6,115.0,75.0,37.0,130.0,33.5,0.241,1,young
1,80.0,68.0,28.0,120.0,29.7,0.319,0,young
2,118.0,62.0,18.0,83.0,26.3,0.246,0,young
0,103.0,78.0,29.0,126.0,29.1,0.117,0,young
0,101.0,72.0,41.0,129.0,35.4,0.909,1,young
1,102.0,69.0,45.0,69.0,37.1,0.2,0,young
5,125.0,66.0,24.0,124.0,23.4,0.354,1,older
1,121.0,78.0,37.0,233.0,45.1,0.571,1,young
4,89.0,64.0,22.0,124.0,27.2,0.264,0,young
1,90.0,68.0,29.0,127.0,33.3,0.2,0,young
1,133.0,70.0,37.0,128.0,35.2,0.326,0,young
1,115.0,73.0,37.0,121.0,25.1,0.24,0,young
3,107.0,60.0,29.0,124.0,33.5,0.357,0,young
2,122.0,88.0,42.0,173.0,33.6,0.674,1,young
9,133.0,81.0,29.0,123.0,26.6,0.156,1,older
0,90.0,63.0,29.0,123.0,34.1,0.223,0,young
13,102.0,75.0,28.0,122.0,32.0,0.279,0,older
6,185.0,85.0,39.0,126.0,29.2,0.212,1,older
0,116.0,75.0,29.0,128.0,31.8,0.173,0,young
7,144.0,75.0,40.0,133.0,33.3,0.192,1,older
1,98.0,59.0,12.0,81.0,28.1,0.309,0,young
0,109.0,76.0,30.0,129.0,37.8,0.22,0,young
2,132.0,70.0,39.0,121.0,36.7,0.165,0,young
1,94.0,80.0,33.0,131.0,42.2,0.376,0,young
5,109.0,86.0,29.0,127.0,34.6,0.226,0,older
8,94.0,85.0,37.0,127.0,35.5,0.183,1,older
3,82.0,74.0,38.0,125.0,29.2,0.26,0,young
0,104.0,68.0,29.0,114.0,29.7,0.285,0,young
1,122.0,56.0,36.0,120.0,39.7,0.202,0,young
0,118.0,56.0,30.0,124.0,32.8,0.282,0,young
1,130.0,83.0,30.0,122.0,25.2,0.233,0,young
1,96.0,69.0,21.0,70.0,20.5,0.152,0,young
6,99.0,82.0,30.0,122.0,31.2,0.173,0,older
0,94.0,75.0,29.0,124.0,25.2,0.117,0,young
5,98.0,69.0,29.0,138.0,32.2,0.175,0,young
6,122.0,81.0,33.0,126.0,39.6,0.248,0,older
7,111.0,87.0,50.0,133.0,33.0,0.172,1,older
6,99.0,68.0,35.0,124.0,34.3,0.084,0,young
1,127.0,74.0,34.0,128.0,29.4,0.283,0,young
12,106.0,60.0,29.0,120.0,28.8,0.285,0,older
0,103.0,81.0,30.0,129.0,31.0,0.285,0,young
8,103.0,71.0,28.0,123.0,26.4,0.267,0,young
2,72.0,67.0,29.0,127.0,27.9,0.274,0,young
1,88.0,85.0,42.0,128.0,31.4,0.319,0,young
3,106.0,76.0,30.0,132.0,32.6,0.234,0,young
8,119.0,73.0,30.0,128.0,36.1,0.245,0,young
2,98.0,68.0,33.0,121.0,41.7,0.281,0,older
5,114.0,74.0,29.0,135.0,32.8,0.207,0,older
1,90.0,71.0,28.0,130.0,26.9,0.118,0,young
0,62.0,69.0,26.0,126.0,22.2,0.242,0,young
7,187.0,82.0,25.0,128.0,39.4,0.229,1,older
0,73.0,69.0,17.0,49.0,22.4,0.325,0,young
3,123.0,77.0,29.0,125.0,31.9,0.341,1,older
1,99.0,67.0,21.0,126.0,27.8,0.232,0,young
2,130.0,45.0,14.0,60.0,24.9,0.352,0,young
1,103.0,70.0,34.0,128.0,32.3,0.1,0,young
8,105.0,59.0,24.0,134.0,30.8,0.734,1,young
7,92.0,69.0,29.0,119.0,38.4,0.168,0,young
10,98.0,75.0,29.0,123.0,26.1,0.253,0,older
6,112.0,69.0,29.0,124.0,35.0,0.223,0,older
10,115.0,69.0,30.0,126.0,31.4,0.303,1,older
2,89.0,59.0,29.0,124.0,31.0,0.228,0,young
9,123.0,66.0,35.0,128.0,37.1,0.297,1,older
0,133.0,79.0,38.0,118.0,38.7,0.298,0,young
1,106.0,71.0,21.0,117.0,29.2,0.307,0,young
1,119.0,72.0,41.0,122.0,43.4,0.169,0,young
0,91.0,68.0,44.0,125.0,37.8,0.242,0,young
1,86.0,68.0,28.0,127.0,24.7,0.294,0,young
4,120.0,75.0,30.0,127.0,34.2,0.158,0,young
1,118.0,71.0,41.0,72.0,33.8,0.286,0,young
8,165.0,85.0,39.0,131.0,32.5,0.222,1,older
0,106.0,81.0,30.0,123.0,28.5,0.288,0,young
1,107.0,64.0,29.0,126.0,32.6,0.321,0,young
1,97.0,63.0,28.0,61.0,28.4,0.41,0,young
0,109.0,74.0,31.0,143.0,38.6,0.8,1,young
4,106.0,69.0,29.0,124.0,28.4,0.295,0,older
8,133.0,86.0,33.0,116.0,33.1,0.186,1,older
1,112.0,85.0,29.0,127.0,28.3,0.273,0,young
2,96.0,75.0,29.0,123.0,27.4,0.205,0,young
2,92.0,69.0,32.0,124.0,28.4,0.262,0,young
1,83.0,77.0,33.0,201.0,35.1,0.633,0,young
2,113.0,74.0,30.0,123.0,24.1,0.342,0,young
3,90.0,74.0,30.0,130.0,24.3,0.138,0,young
1,86.0,61.0,35.0,201.0,27.6,0.271,1,young
5,101.0,63.0,30.0,119.0,31.0,0.291,0,young
8,80.0,70.0,29.0,124.0,32.2,0.165,0,young
1,113.0,68.0,43.0,124.0,36.4,0.248,0,young
1,116.0,79.0,29.0,122.0,29.7,0.262,0,young
6,108.0,60.0,30.0,122.0,30.9,0.22,0,older
2,108.0,73.0,28.0,128.0,24.4,0.279,0,young
6,111.0,70.0,29.0,123.0,32.7,0.145,1,older
0,100.0,63.0,12.0,126.0,20.8,0.162,0,young
5,115.0,75.0,30.0,122.0,27.2,0.326,0,young
0,88.0,58.0,25.0,122.0,30.4,0.289,0,young
0,132.0,72.0,37.0,162.0,48.6,0.788,0,young
10,97.0,72.0,29.0,125.0,35.4,0.217,0,older
1,97.0,77.0,27.0,61.0,30.2,0.318,0,young
1,106.0,72.0,28.0,131.0,29.5,0.158,0,young
1,105.0,59.0,30.0,128.0,37.0,0.209,0,young
6,84.0,67.0,29.0,127.0,34.5,0.406,0,older
2,139.0,63.0,26.0,195.0,27.7,0.333,1,older
0,105.0,73.0,34.0,55.0,32.7,0.366,0,young
2,103.0,59.0,28.0,84.0,27.9,0.65,0,young
1,123.0,72.0,22.0,118.0,33.2,0.337,0,young
8,108.0,67.0,30.0,124.0,34.9,0.299,1,older
10,77.0,74.0,30.0,128.0,33.8,0.23,0,young
0,116.0,73.0,30.0,125.0,35.4,0.174,0,young
6,113.0,74.0,29.0,126.0,30.4,0.256,1,older
9,176.0,78.0,29.0,119.0,34.0,0.315,1,older
0,83.0,68.0,32.0,74.0,30.8,0.147,0,young
1,121.0,67.0,18.0,124.0,24.9,0.14,0,young
2,105.0,60.0,17.0,124.0,26.5,0.232,0,young
8,114.0,73.0,23.0,129.0,29.5,0.272,0,young
9,127.0,78.0,47.0,122.0,34.5,0.284,1,older
1,127.0,71.0,27.0,130.0,36.9,0.253,0,young
8,135.0,72.0,29.0,127.0,25.2,0.224,0,older
6,93.0,68.0,30.0,130.0,26.5,0.238,0,young
3,122.0,75.0,29.0,125.0,34.7,0.295,0,older
1,88.0,72.0,18.0,65.0,31.9,0.237,0,young
7,103.0,61.0,26.0,125.0,30.0,0.177,0,young
2,84.0,65.0,16.0,125.0,25.8,0.166,0,young
0,94.0,78.0,37.0,127.0,28.8,0.267,0,young
6,100.0,72.0,41.0,106.0,28.1,0.25,0,young
1,121.0,70.0,21.0,130.0,31.7,0.28,0,young
8,95.0,64.0,30.0,124.0,37.2,0.205,0,young
6,103.0,71.0,30.0,124.0,30.7,0.269,0,older
0,143.0,69.0,31.0,224.0,33.5,0.318,1,young
9,123.0,74.0,28.0,126.0,29.5,0.145,0,older
6,105.0,70.0,28.0,133.0,31.4,0.279,0,older
4,114.0,67.0,28.0,129.0,32.6,0.257,0,older
1,104.0,68.0,32.0,89.0,33.2,0.433,0,young
9,116.0,70.0,32.0,121.0,29.8,0.306,0,young
0,86.0,69.0,29.0,121.0,32.8,0.238,0,young
3,112.0,57.0,43.0,150.0,36.4,0.267,0,young
2,115.0,64.0,29.0,125.0,37.3,0.335,0,young
1,69.0,62.0,30.0,119.0,35.5,0.333,0,young
6,96.0,54.0,13.0,128.0,29.4,0.202,0,young
7,105.0,65.0,29.0,126.0,29.3,0.152,0,young
1,131.0,66.0,29.0,127.0,33.1,0.126,0,young
1,124.0,68.0,31.0,125.0,29.3,0.295,0,young
1,93.0,70.0,43.0,222.0,47.3,0.682,1,young
10,110.0,87.0,28.0,123.0,28.4,0.228,1,older
5,87.0,82.0,29.0,129.0,30.5,0.184,0,older
1,126.0,69.0,35.0,128.0,29.1,0.435,1,young
1,102.0,73.0,20.0,118.0,29.5,0.194,0,young
5,98.0,70.0,30.0,123.0,27.5,0.211,0,young
10,82.0,94.0,29.0,124.0,31.7,0.316,0,older
2,89.0,47.0,13.0,105.0,35.0,0.213,0,young
9,111.0,76.0,29.0,128.0,34.5,0.29,0,young
8,90.0,69.0,29.0,121.0,31.8,0.287,0,older
6,109.0,68.0,18.0,122.0,26.4,0.242,0,young
6,100.0,64.0,29.0,119.0,31.5,0.252,0,young
0,113.0,70.0,45.0,123.0,27.8,0.226,0,young
6,72.0,76.0,32.0,120.0,36.7,0.324,0,young
0,95.0,69.0,30.0,122.0,31.3,0.291,0,young
2,89.0,49.0,17.0,126.0,28.0,0.135,0,young
1,96.0,68.0,32.0,40.0,30.7,0.173,0,young
10,116.0,82.0,29.0,124.0,34.8,0.243,1,older
10,109.0,65.0,30.0,124.0,28.0,0.312,0,older
2,107.0,78.0,37.0,129.0,37.8,0.373,1,young
15,97.0,53.0,29.0,128.0,33.5,0.252,0,older
1,106.0,59.0,31.0,122.0,35.3,0.149,0,young
4,92.0,72.0,29.0,126.0,35.6,0.084,0,young
1,109.0,71.0,29.0,124.0,32.6,0.323,0,young
4,132.0,81.0,28.0,122.0,26.1,0.238,0,young
0,93.0,48.0,17.0,67.0,18.2,0.235,0,young
4,105.0,65.0,30.0,120.0,34.7,0.182,0,young
2,75.0,63.0,30.0,118.0,29.7,0.224,0,young
2,106.0,72.0,26.0,132.0,28.8,0.18,0,young
6,98.0,62.0,30.0,125.0,35.6,0.233,0,young
11,75.0,67.0,28.0,125.0,32.5,0.226,0,older
1,109.0,70.0,13.0,126.0,18.7,0.185,0,young
6,105.0,74.0,30.0,124.0,29.1,0.198,1,older
2,113.0,61.0,20.0,123.0,24.2,0.295,0,young
1,104.0,69.0,36.0,128.0,33.6,0.482,1,young
2,118.0,63.0,32.0,126.0,26.8,0.281,0,older
1,86.0,73.0,30.0,128.0,39.8,0.206,0,young
9,91.0,69.0,29.0,128.0,37.4,0.34,0,older
8,109.0,60.0,29.0,124.0,25.1,0.185,0,older
6,136.0,96.0,29.0,131.0,34.1,0.217,1,older
0,96.0,79.0,29.0,120.0,38.2,0.289,0,young
9,111.0,68.0,28.0,123.0,32.7,0.304,0,young
6,104.0,72.0,43.0,127.0,38.0,0.278,1,young
8,94.0,57.0,32.0,123.0,28.2,0.342,0,young
1,130.0,83.0,40.0,127.0,32.5,0.274,0,young
1,108.0,80.0,29.0,121.0,33.9,0.278,0,young
7,103.0,71.0,30.0,123.0,31.7,0.194,0,young
2,117.0,69.0,33.0,124.0,30.2,0.189,0,young
0,101.0,64.0,19.0,91.0,36.4,0.134,0,young
8,143.0,87.0,31.0,125.0,38.5,0.308,1,older
2,125.0,76.0,34.0,126.0,30.6,0.3,0,young
4,90.0,78.0,30.0,120.0,31.9,0.219,0,young
8,96.0,67.0,32.0,122.0,25.8,0.218,0,older
6,118.0,69.0,26.0,125.0,37.1,0.33,1,older
5,124.0,69.0,30.0,126.0,29.3,0.143,0,young
1,124.0,69.0,42.0,224.0,36.0,0.215,0,young
8,98.0,71.0,29.0,126.0,36.6,0.229,0,older
5,118.0,78.0,29.0,125.0,34.8,0.148,0,young
1,99.0,80.0,34.0,147.0,31.3,0.516,1,young
3,137.0,65.0,43.0,124.0,36.3,0.25,0,older
0,91.0,72.0,39.0,135.0,50.8,0.602,1,young
1,94.0,64.0,45.0,222.0,38.2,0.437,0,young
7,151.0,86.0,36.0,122.0,30.3,0.167,1,older
11,95.0,78.0,30.0,124.0,36.6,0.275,0,older
7,118.0,71.0,14.0,122.0,20.9,0.32,0,young
1,97.0,65.0,37.0,126.0,30.6,0.191,0,young
6,99.0,83.0,37.0,126.0,33.6,0.143,1,young
1,95.0,68.0,29.0,119.0,31.7,0.175,0,young
1,115.0,74.0,20.0,127.0,24.2,0.203,0,young
7,134.0,83.0,35.0,123.0,35.8,0.398,1,older
1,102.0,80.0,24.0,123.0,27.6,0.125,0,young
1,96.0,63.0,35.0,67.0,33.8,0.132,0,young
2,115.0,65.0,47.0,212.0,32.3,0.371,0,young
2,90.0,62.0,24.0,73.0,37.3,0.257,0,young
2,99.0,60.0,32.0,49.0,27.1,0.258,0,young
1,74.0,80.0,32.0,92.0,38.0,0.279,0,young
0,112.0,69.0,49.0,126.0,31.5,0.269,0,young
2,116.0,74.0,28.0,124.0,34.3,0.13,0,young
1,97.0,77.0,34.0,217.0,28.7,0.608,1,young
2,147.0,74.0,27.0,127.0,25.6,0.206,0,young
1,122.0,70.0,23.0,127.0,26.0,0.209,0,young
4,103.0,65.0,33.0,127.0,30.6,0.394,1,young
1,99.0,78.0,34.0,124.0,36.4,0.296,0,young
8,103.0,70.0,29.0,126.0,25.5,0.233,0,older
1,104.0,72.0,29.0,117.0,25.9,0.307,0,young
6,127.0,85.0,39.0,120.0,31.0,0.373,1,older
0,109.0,78.0,30.0,124.0,26.7,0.324,0,young
2,70.0,69.0,35.0,61.0,32.5,0.504,0,young
11,116.0,77.0,27.0,127.0,40.1,0.278,0,young
2,126.0,71.0,28.0,120.0,40.1,0.189,0,young
4,94.0,74.0,30.0,120.0,33.2,0.373,0,young
10,99.0,82.0,42.0,129.0,28.2,0.274,1,older
6,116.0,73.0,29.0,132.0,27.8,0.229,1,older
12,141.0,93.0,34.0,128.0,34.0,0.225,1,older
1,99.0,73.0,18.0,120.0,28.9,0.124,0,young
0,100.0,64.0,12.0,125.0,21.0,0.236,0,young
6,96.0,74.0,30.0,123.0,30.7,0.268,1,young
11,112.0,84.0,34.0,124.0,36.5,0.311,0,older
1,90.0,70.0,30.0,121.0,42.6,0.252,0,young
5,119.0,91.0,41.0,131.0,36.9,0.567,1,young
1,128.0,76.0,33.0,124.0,30.6,0.084,0,young
6,86.0,63.0,19.0,126.0,20.5,0.374,0,older
0,86.0,78.0,26.0,127.0,19.0,0.229,0,young
10,104.0,68.0,32.0,120.0,33.3,0.155,1,young
7,115.0,75.0,29.0,125.0,35.8,0.448,1,older
0,116.0,68.0,28.0,126.0,23.6,0.28,0,young
1,56.0,73.0,28.0,119.0,34.9,0.084,0,young
0,106.0,56.0,27.0,79.0,32.5,0.885,0,young
4,153.0,72.0,38.0,196.0,29.3,0.286,1,young
1,113.0,70.0,34.0,122.0,32.8,0.309,0,young
2,139.0,72.0,34.0,145.0,42.9,0.271,1,young
1,110.0,71.0,29.0,131.0,30.5,0.233,0,young
6,85.0,70.0,35.0,130.0,35.4,0.302,0,young
0,98.0,67.0,20.0,127.0,25.1,0.231,0,young
7,100.0,90.0,33.0,127.0,34.3,0.229,1,older
2,118.0,61.0,34.0,134.0,26.4,0.526,0,young
5,111.0,59.0,33.0,127.0,30.9,0.159,1,older
6,92.0,79.0,28.0,126.0,38.0,0.254,0,older
3,109.0,65.0,37.0,128.0,30.1,0.253,0,young
8,103.0,79.0,30.0,124.0,26.2,0.368,1,older
8,126.0,73.0,29.0,120.0,34.7,0.266,0,older
11,95.0,75.0,28.0,133.0,35.3,0.262,1,older
1,119.0,74.0,35.0,129.0,35.7,0.216,0,young
0,103.0,84.0,29.0,135.0,27.2,0.108,0,young
3,120.0,69.0,20.0,118.0,26.7,0.275,0,young
1,98.0,66.0,29.0,131.0,34.9,0.395,0,young
2,121.0,60.0,24.0,131.0,21.8,0.257,0,young
7,122.0,64.0,39.0,129.0,38.6,0.236,1,older
1,69.0,67.0,36.0,47.0,30.0,0.22,0,young
0,91.0,73.0,20.0,120.0,28.9,0.246,0,young
9,96.0,63.0,38.0,124.0,29.5,0.084,0,older
1,83.0,70.0,29.0,117.0,35.3,0.313,0,young
0,103.0,71.0,39.0,127.0,29.6,0.277,0,young
9,142.0,75.0,31.0,128.0,29.5,0.589,1,young
10,104.0,71.0,43.0,129.0,28.3,0.238,0,young
1,111.0,63.0,28.0,126.0,29.7,0.23,0,young
1,107.0,68.0,28.0,121.0,33.9,0.154,0,young
6,112.0,76.0,30.0,124.0,23.7,0.235,0,older
11,146.0,78.0,29.0,117.0,28.8,0.219,1,older
2,112.0,70.0,37.0,133.0,30.1,0.209,0,older
4,96.0,66.0,29.0,129.0,28.0,0.261,0,young
6,76.0,78.0,30.0,124.0,30.5,0.216,0,young
1,115.0,69.0,29.0,129.0,27.2,0.253,0,young
1,112.0,72.0,30.0,123.0,33.5,0.262,0,young
12,109.0,73.0,34.0,118.0,32.5,0.375,0,older
3,81.0,75.0,29.0,125.0,31.4,0.26,0,older
4,80.0,66.0,23.0,118.0,32.5,0.196,0,young
1,116.0,61.0,33.0,133.0,38.0,0.251,0,young
1,96.0,54.0,20.0,30.0,22.9,0.261,0,young
1,117.0,60.0,33.0,122.0,30.9,0.179,0,young
0,122.0,81.0,18.0,129.0,29.6,0.692,0,young
0,110.0,71.0,45.0,202.0,37.9,0.423,1,young
8,81.0,63.0,29.0,127.0,26.2,0.237,0,older
8,128.0,59.0,29.0,135.0,31.8,0.103,0,young
3,123.0,68.0,36.0,123.0,28.6,0.184,1,young
1,106.0,80.0,36.0,125.0,33.2,0.153,1,older
3,96.0,66.0,29.0,122.0,25.9,0.435,0,young
2,111.0,74.0,46.0,129.0,32.8,0.25,1,young
0,130.0,71.0,31.0,129.0,34.3,0.34,0,young
1,99.0,71.0,31.0,121.0,39.2,0.103,0,young
6,142.0,66.0,35.0,119.0,32.8,0.849,1,young
1,81.0,68.0,29.0,120.0,35.1,0.338,0,young
11,119.0,74.0,28.0,115.0,29.6,0.18,1,older
6,110.0,74.0,29.0,132.0,30.1,0.213,0,young
1,99.0,71.0,28.0,124.0,32.3,0.266,0,young
3,127.0,80.0,29.0,118.0,32.3,0.275,0,young
2,101.0,63.0,22.0,119.0,37.6,0.182,0,young
1,103.0,64.0,24.0,126.0,33.3,0.388,0,young
4,150.0,88.0,27.0,120.0,40.7,0.356,1,young
2,116.0,77.0,42.0,131.0,39.4,0.337,1,young
0,99.0,54.0,22.0,77.0,32.9,0.193,0,young
7,75.0,68.0,29.0,125.0,34.0,0.147,0,older
0,118.0,68.0,14.0,124.0,26.9,0.292,0,young
1,175.0,63.0,29.0,172.0,43.2,0.723,1,young
7,102.0,72.0,32.0,125.0,31.8,0.139,0,young
3,92.0,79.0,18.0,127.0,30.1,0.236,0,young
0,85.0,67.0,17.0,128.0,32.5,0.169,0,young
4,164.0,70.0,34.0,127.0,30.0,0.378,1,older
1,92.0,75.0,12.0,130.0,30.1,0.319,0,young
1,121.0,72.0,24.0,122.0,29.6,0.288,0,young
8,116.0,76.0,43.0,126.0,33.8,0.236,1,young
3,123.0,74.0,29.0,125.0,30.1,0.227,0,young
5,102.0,77.0,30.0,127.0,33.3,0.247,0,young
9,115.0,74.0,28.0,122.0,31.0,0.332,0,older
6,90.0,65.0,29.0,130.0,23.7,0.275,0,young
1,84.0,67.0,29.0,123.0,26.7,0.297,0,young
0,120.0,71.0,35.0,131.0,33.3,0.261,1,young
6,98.0,71.0,29.0,126.0,23.8,0.182,0,young
1,190.0,65.0,48.0,188.0,36.3,0.367,1,young
5,92.0,71.0,27.0,119.0,33.3,0.142,0,young
1,80.0,62.0,18.0,72.0,24.1,0.616,0,young
4,136.0,92.0,38.0,130.0,40.0,0.684,1,older
1,122.0,75.0,28.0,126.0,29.8,0.237,0,young
2,83.0,70.0,29.0,124.0,30.0,0.192,0,young
9,144.0,65.0,41.0,126.0,36.7,0.183,1,older
8,122.0,75.0,30.0,128.0,29.3,0.162,1,older
6,95.0,74.0,26.0,122.0,31.6,0.231,0,young
2,107.0,71.0,32.0,216.0,40.4,0.573,1,young
12,103.0,85.0,53.0,130.0,36.3,0.258,1,older
2,106.0,76.0,29.0,128.0,33.3,0.189,0,young
11,160.0,77.0,43.0,131.0,37.8,0.219,1,older
8,124.0,74.0,29.0,122.0,28.0,0.152,0,older
2,110.0,70.0,29.0,122.0,33.1,0.185,0,young
1,107.0,67.0,21.0,118.0,24.5,0.303,0,young
5,180.0,88.0,37.0,127.0,30.3,0.185,1,older
0,102.0,73.0,29.0,126.0,35.7,0.309,0,young
0,102.0,61.0,25.0,129.0,24.7,0.115,0,young
0,79.0,81.0,30.0,123.0,35.7,0.207,0,young
0,84.0,68.0,27.0,94.0,31.3,0.308,0,young
0,100.0,82.0,29.0,124.0,29.2,0.149,0,young
6,113.0,72.0,30.0,126.0,30.8,0.335,0,older
1,109.0,74.0,29.0,130.0,38.7,0.329,0,older
0,82.0,71.0,29.0,129.0,27.1,0.286,0,young
4,121.0,71.0,31.0,120.0,26.8,0.262,0,young
1,90.0,75.0,35.0,131.0,38.0,0.19,0,young
10,112.0,71.0,29.0,121.0,36.0,0.267,0,young
0,108.0,69.0,15.0,49.0,24.5,0.259,0,young
1,89.0,65.0,21.0,54.0,30.7,0.546,0,young
2,116.0,68.0,38.0,130.0,34.1,0.221,1,young
8,116.0,71.0,29.0,124.0,34.7,0.292,0,older
8,82.0,75.0,29.0,128.0,34.3,0.195,0,older
0,96.0,64.0,23.0,30.0,18.2,0.229,0,young
8,114.0,65.0,47.0,91.0,32.6,0.679,0,young
7,115.0,73.0,29.0,123.0,26.7,0.22,0,older
5,153.0,65.0,28.0,119.0,28.0,0.181,1,young
2,122.0,75.0,31.0,126.0,33.0,0.218,0,older
7,134.0,66.0,29.0,126.0,33.6,0.25,0,older
1,107.0,73.0,40.0,125.0,29.9,0.299,0,young
0,86.0,63.0,11.0,48.0,24.8,0.358,0,young
1,96.0,64.0,35.0,207.0,36.2,0.206,0,young
7,113.0,75.0,29.0,116.0,35.5,0.207,0,young
0,108.0,66.0,28.0,125.0,39.4,0.135,0,young
6,143.0,80.0,29.0,129.0,29.2,0.192,1,older
8,91.0,64.0,42.0,133.0,30.2,0.29,0,young
0,101.0,64.0,38.0,53.0,27.5,0.549,0,young
0,76.0,83.0,43.0,120.0,32.2,0.313,0,young
1,87.0,67.0,29.0,123.0,30.0,0.361,0,young
11,96.0,70.0,28.0,118.0,30.8,0.235,0,older
1,74.0,68.0,28.0,129.0,30.6,0.269,0,young
6,144.0,69.0,30.0,123.0,37.3,0.271,1,young
4,69.0,73.0,24.0,122.0,33.8,0.258,0,young
0,107.0,73.0,37.0,132.0,37.2,0.214,0,young
1,109.0,67.0,38.0,93.0,29.3,0.515,0,young
1,84.0,64.0,22.0,94.0,28.6,0.17,0,young
12,85.0,83.0,43.0,132.0,32.6,0.297,1,older
1,112.0,76.0,30.0,125.0,30.2,0.2,0,young
6,106.0,67.0,22.0,123.0,31.8,0.289,1,older
10,84.0,71.0,30.0,120.0,29.3,0.322,0,older
2,114.0,72.0,33.0,128.0,32.0,0.236,1,young
4,101.0,67.0,27.0,126.0,34.9,0.246,1,older
6,95.0,74.0,27.0,124.0,42.3,0.193,1,older
1,68.0,72.0,29.0,123.0,33.9,0.215,0,young
0,129.0,73.0,30.0,131.0,33.5,0.305,0,young
9,141.0,84.0,38.0,121.0,40.5,0.221,1,older
8,142.0,80.0,42.0,128.0,34.7,0.25,1,older
11,99.0,69.0,30.0,121.0,38.2,0.322,1,older
0,101.0,65.0,29.0,128.0,24.2,0.215,0,young
0,77.0,72.0,29.0,127.0,35.1,0.275,0,young
1,77.0,83.0,30.0,21.0,30.1,0.301,0,young
0,117.0,70.0,22.0,124.0,45.1,0.353,0,young
1,83.0,72.0,36.0,62.0,29.6,0.294,0,young
5,104.0,76.0,39.0,119.0,40.7,0.507,1,young
5,112.0,68.0,20.0,121.0,18.9,0.206,0,young
2,104.0,65.0,32.0,64.0,31.1,0.154,0,young
1,113.0,55.0,28.0,126.0,28.3,0.238,0,young
5,173.0,78.0,26.0,120.0,37.2,0.219,1,older
1,94.0,69.0,12.0,127.0,31.3,0.374,0,young
1,193.0,81.0,40.0,527.0,34.1,0.472,1,young
0,97.0,73.0,31.0,127.0,27.7,0.171,0,young
0,121.0,56.0,8.0,126.0,26.4,0.193,0,young
2,119.0,76.0,16.0,120.0,34.7,0.237,0,young
0,111.0,58.0,28.0,116.0,33.2,0.539,0,young
0,86.0,83.0,28.0,121.0,28.1,0.308,0,young
9,83.0,85.0,28.0,126.0,34.6,0.3,0,older
7,87.0,55.0,28.0,123.0,34.4,0.207,0,older
8,85.0,83.0,30.0,123.0,36.6,0.319,0,older
5,118.0,78.0,32.0,128.0,27.4,0.237,1,older
1,91.0,75.0,29.0,130.0,30.3,0.365,0,young
7,93.0,86.0,34.0,120.0,28.7,0.268,1,older
5,105.0,73.0,34.0,118.0,30.6,0.133,0,young
0,71.0,66.0,31.0,128.0,35.5,0.385,1,young
5,97.0,66.0,30.0,132.0,30.0,0.289,0,young
1,97.0,62.0,33.0,79.0,31.3,0.234,0,young
8,119.0,66.0,24.0,123.0,28.3,0.254,1,older
11,113.0,79.0,30.0,130.0,35.3,0.391,0,older
0,107.0,62.0,15.0,123.0,31.1,0.268,0,young
2,145.0,85.0,41.0,127.0,42.2,0.37,1,young
6,102.0,65.0,33.0,129.0,31.4,0.094,0,young
1,129.0,70.0,30.0,122.0,34.2,0.427,1,young
1,84.0,77.0,26.0,129.0,29.8,0.249,1,young
11,99.0,74.0,23.0,123.0,39.1,0.143,0,young
1,108.0,62.0,37.0,126.0,26.7,0.084,0,young
4,181.0,85.0,29.0,127.0,36.0,0.291,1,older
6,103.0,71.0,29.0,120.0,35.6,0.133,0,older
2,115.0,61.0,21.0,121.0,21.9,0.205,0,young
6,116.0,67.0,25.0,117.0,35.4,0.277,0,young
1,167.0,84.0,31.0,133.0,33.2,0.429,1,young
0,116.0,68.0,12.0,51.0,32.6,0.364,0,young
7,107.0,74.0,39.0,124.0,35.9,0.186,1,young
6,126.0,71.0,28.0,123.0,28.6,0.205,0,older
8,108.0,71.0,30.0,115.0,24.6,0.194,0,older
1,118.0,63.0,13.0,90.0,31.8,0.159,0,young
6,105.0,78.0,29.0,133.0,25.0,0.178,0,older
2,113.0,81.0,32.0,127.0,33.7,0.145,0,young
6,81.0,61.0,28.0,127.0,25.1,0.253,0,young
2,81.0,78.0,28.0,123.0,32.2,0.268,0,young
1,130.0,70.0,36.0,128.0,30.0,0.273,0,young
0,103.0,65.0,34.0,177.0,34.1,0.489,0,young
5,110.0,78.0,29.0,119.0,27.3,0.111,0,older
6,134.0,72.0,32.0,130.0,40.7,0.603,1,young
2,108.0,61.0,18.0,128.0,32.1,0.177,0,young
1,121.0,65.0,12.0,124.0,30.8,0.245,0,young
1,114.0,79.0,36.0,123.0,29.2,0.178,0,young
0,103.0,82.0,29.0,58.0,37.7,0.671,0,young
0,89.0,69.0,37.0,123.0,35.4,0.504,0,young
9,125.0,88.0,31.0,124.0,41.1,0.275,0,young
0,106.0,78.0,34.0,116.0,33.5,0.385,1,young
7,122.0,62.0,30.0,133.0,32.6,0.146,0,older
1,84.0,60.0,16.0,77.0,18.5,0.228,0,young
7,98.0,69.0,39.0,120.0,27.6,0.288,0,young
8,144.0,80.0,23.0,133.0,39.5,0.561,1,young
0,96.0,73.0,29.0,130.0,37.9,0.371,0,young
11,150.0,82.0,30.0,129.0,35.1,0.224,1,older
10,96.0,69.0,35.0,124.0,28.7,0.324,0,older
1,114.0,65.0,28.0,81.0,25.8,0.464,0,young
2,108.0,80.0,29.0,130.0,35.0,0.084,0,young
11,167.0,85.0,44.0,136.0,38.2,0.256,1,older
0,118.0,61.0,27.0,120.0,31.3,0.113,0,young
1,115.0,75.0,42.0,57.0,36.9,0.263,0,young
1,138.0,73.0,29.0,120.0,33.8,0.158,0,young
2,120.0,61.0,31.0,125.0,29.6,0.193,0,young
6,110.0,75.0,30.0,121.0,40.0,0.208,0,older
2,102.0,76.0,46.0,73.0,31.0,0.256,0,young
1,110.0,79.0,28.0,125.0,34.9,0.259,0,young
0,78.0,54.0,30.0,133.0,39.9,0.253,0,young
1,105.0,63.0,30.0,123.0,31.1,0.124,0,young
8,156.0,76.0,34.0,128.0,32.6,0.435,1,young
0,107.0,62.0,32.0,134.0,34.1,0.496,0,young
2,116.0,68.0,24.0,126.0,28.5,0.153,0,young
1,71.0,73.0,41.0,121.0,37.3,0.368,0,young
1,108.0,75.0,33.0,126.0,31.8,0.359,0,young
11,97.0,69.0,34.0,128.0,31.8,0.184,0,young
2,105.0,65.0,41.0,101.0,38.3,0.347,0,young
2,115.0,78.0,44.0,124.0,34.4,0.231,0,young
1,121.0,62.0,46.0,126.0,26.0,0.563,0,young
2,117.0,73.0,31.0,118.0,31.1,0.25,1,older
9,101.0,79.0,29.0,124.0,36.7,0.084,0,older
1,103.0,63.0,39.0,121.0,32.5,0.662,0,young
8,192.0,77.0,39.0,128.0,38.9,0.328,1,young
12,98.0,70.0,29.0,124.0,32.5,0.146,0,older
0,82.0,71.0,30.0,126.0,31.9,0.3,0,young
10,95.0,73.0,23.0,121.0,34.1,0.207,0,young
1,110.0,62.0,19.0,126.0,26.3,0.225,0,young
8,109.0,70.0,29.0,126.0,28.2,0.464,0,older
6,111.0,83.0,29.0,125.0,36.4,0.251,0,older
2,101.0,63.0,35.0,124.0,27.5,0.349,0,young
1,101.0,65.0,43.0,198.0,41.1,0.636,0,young
4,121.0,70.0,26.0,124.0,24.5,0.294,0,young
1,87.0,74.0,31.0,128.0,33.4,0.272,0,young
4,90.0,80.0,35.0,124.0,31.1,0.214,0,young
6,117.0,81.0,29.0,127.0,31.1,0.29,0,older
2,96.0,77.0,28.0,129.0,30.3,0.241,0,young
4,102.0,81.0,30.0,123.0,41.8,0.252,0,young
7,129.0,87.0,42.0,130.0,29.9,0.306,1,older
8,175.0,59.0,11.0,124.0,35.4,0.189,1,older
6,180.0,91.0,41.0,127.0,34.0,0.199,1,older
5,106.0,75.0,30.0,121.0,29.5,0.171,0,older
6,185.0,80.0,34.0,124.0,35.8,0.296,1,older
1,126.0,70.0,29.0,131.0,31.7,0.237,0,young
1,125.0,71.0,32.0,120.0,33.7,0.228,0,young
0,103.0,64.0,23.0,72.0,23.6,0.195,0,young
7,100.0,78.0,29.0,136.0,30.3,0.227,0,young
1,102.0,72.0,46.0,128.0,31.4,0.363,0,young
2,100.0,70.0,30.0,127.0,29.4,0.22,1,older
1,113.0,76.0,17.0,123.0,26.7,0.204,0,young
1,109.0,70.0,22.0,22.0,32.5,0.253,0,young
1,135.0,62.0,36.0,129.0,40.0,0.142,0,young
2,115.0,78.0,29.0,122.0,35.6,0.257,0,young
9,149.0,81.0,40.0,129.0,30.5,0.327,1,older
1,88.0,64.0,16.0,124.0,23.3,0.204,0,young
1,106.0,71.0,29.0,125.0,23.8,0.353,0,young
2,98.0,69.0,24.0,121.0,32.3,0.123,0,young
6,163.0,70.0,34.0,129.0,30.6,0.153,1,older
6,108.0,75.0,30.0,129.0,30.1,0.215,0,young
1,107.0,73.0,18.0,124.0,39.9,0.271,0,young
6,123.0,80.0,28.0,128.0,26.0,0.235,0,young
7,125.0,80.0,29.0,130.0,36.7,0.343,0,young
11,109.0,65.0,28.0,120.0,32.4,0.238,1,older
3,96.0,73.0,36.0,67.0,32.2,0.291,0,young
7,92.0,79.0,31.0,121.0,31.6,0.242,0,young
0,115.0,73.0,7.0,128.0,20.4,0.272,0,young
11,126.0,67.0,40.0,131.0,33.4,0.236,1,older
3,172.0,65.0,34.0,161.0,31.3,0.525,1,older
5,110.0,82.0,29.0,119.0,37.4,0.445,0,young
2,117.0,66.0,29.0,125.0,21.2,0.291,0,young
7,145.0,72.0,30.0,128.0,40.4,0.32,0,older
8,120.0,75.0,28.0,133.0,33.1,0.155,1,older
1,97.0,57.0,26.0,61.0,29.6,0.218,0,young
7,85.0,69.0,29.0,129.0,26.5,0.232,0,older
6,108.0,67.0,33.0,131.0,26.5,0.277,0,young
10,97.0,86.0,30.0,119.0,30.8,0.084,0,older
1,110.0,59.0,39.0,31.0,31.8,0.339,0,young
5,119.0,74.0,31.0,128.0,30.3,0.276,0,older
0,109.0,58.0,25.0,86.0,24.8,0.294,0,young
0,96.0,61.0,28.0,132.0,32.3,0.199,0,young
5,88.0,66.0,29.0,127.0,29.6,0.259,0,older
9,107.0,72.0,28.0,131.0,29.9,0.317,0,older
0,135.0,77.0,41.0,116.0,34.6,0.197,0,young
1,103.0,68.0,28.0,118.0,23.7,0.31,0,young
1,127.0,68.0,26.0,215.0,30.1,0.284,0,young
4,117.0,69.0,29.0,127.0,29.1,0.211,0,young
1,105.0,76.0,29.0,120.0,39.0,0.218,0,young
9,109.0,71.0,18.0,128.0,31.1,0.185,0,young
5,89.0,59.0,7.0,127.0,26.6,0.245,0,young
0,93.0,68.0,34.0,124.0,31.4,0.311,0,young
7,86.0,70.0,37.0,130.0,29.7,0.355,0,young
1,109.0,65.0,16.0,128.0,30.7,0.22,0,young
1,102.0,56.0,16.0,121.0,31.0,0.315,0,young
0,115.0,69.0,30.0,120.0,33.9,0.255,0,young
6,196.0,90.0,37.0,126.0,29.0,0.33,1,older
9,117.0,74.0,43.0,129.0,33.9,0.308,1,young
1,133.0,69.0,30.0,124.0,32.4,0.183,0,young
1,122.0,68.0,28.0,126.0,35.3,0.177,0,young
0,106.0,75.0,29.0,126.0,33.5,0.223,0,young
1,86.0,61.0,14.0,64.0,23.9,0.249,0,young
7,91.0,53.0,31.0,126.0,29.3,0.261,0,young
7,84.0,72.0,29.0,127.0,33.2,0.271,0,young
1,118.0,83.0,43.0,126.0,32.7,0.213,1,young
2,98.0,76.0,15.0,127.0,31.5,0.157,0,young
6,111.0,79.0,30.0,116.0,33.1,0.329,0,older
6,113.0,72.0,30.0,140.0,27.5,0.719,1,young
1,80.0,60.0,14.0,95.0,24.0,0.296,0,young
5,90.0,78.0,29.0,123.0,35.1,0.27,0,young
5,99.0,75.0,30.0,125.0,32.4,0.168,0,older
5,114.0,59.0,27.0,128.0,24.5,0.248,1,older
6,143.0,67.0,35.0,130.0,32.1,0.326,1,young
0,142.0,62.0,33.0,126.0,39.0,0.525,1,young
3,133.0,75.0,29.0,124.0,35.3,0.346,1,older
1,111.0,74.0,17.0,124.0,32.5,0.203,0,young
0,101.0,61.0,44.0,135.0,35.5,0.26,0,young
7,133.0,61.0,24.0,122.0,37.8,0.097,0,young
1,99.0,69.0,21.0,128.0,32.0,0.215,0,young
1,114.0,66.0,29.0,127.0,25.5,0.152,0,young
0,115.0,78.0,30.0,128.0,31.1,0.63,1,young
9,111.0,90.0,37.0,124.0,42.3,0.654,1,young
0,105.0,68.0,29.0,128.0,36.7,0.307,0,young
6,140.0,74.0,37.0,127.0,22.6,0.318,1,older
0,130.0,78.0,30.0,116.0,29.9,0.135,0,young
6,122.0,70.0,36.0,126.0,28.3,0.345,0,young
1,85.0,57.0,29.0,122.0,34.7,0.42,0,young
11,152.0,83.0,48.0,135.0,36.2,0.365,1,older
5,92.0,60.0,21.0,129.0,29.0,0.262,0,young
6,99.0,65.0,37.0,121.0,30.0,0.241,0,older
2,76.0,77.0,29.0,129.0,28.2,0.153,0,young
0,128.0,78.0,29.0,120.0,26.2,0.192,0,young
10,110.0,69.0,28.0,125.0,30.4,0.299,0,young
0,121.0,75.0,28.0,123.0,36.4,0.707,1,young
5,123.0,70.0,24.0,129.0,32.1,0.239,0,young
1,111.0,62.0,14.0,118.0,34.3,0.22,0,young
3,157.0,69.0,45.0,126.0,31.0,0.611,1,young
1,120.0,83.0,35.0,244.0,37.9,0.54,1,young
6,100.0,67.0,44.0,122.0,31.0,0.19,0,young
7,96.0,70.0,28.0,133.0,25.1,0.286,0,older
1,99.0,72.0,16.0,126.0,26.0,0.257,0,older
1,105.0,64.0,32.0,47.0,25.2,0.51,0,young
0,86.0,71.0,16.0,121.0,30.0,0.253,0,young
7,105.0,58.0,7.0,123.0,27.2,0.353,0,young
1,125.0,72.0,22.0,126.0,33.8,0.564,0,young
1,109.0,73.0,41.0,174.0,35.2,0.241,1,young
1,120.0,79.0,36.0,124.0,35.9,0.357,0,young
1,96.0,61.0,9.0,131.0,30.2,0.147,0,young
10,150.0,79.0,38.0,127.0,28.2,0.28,1,older
9,90.0,80.0,28.0,126.0,29.7,0.136,0,young
0,117.0,74.0,20.0,130.0,21.6,0.203,0,young
3,89.0,68.0,29.0,120.0,31.1,0.245,0,young
0,81.0,56.0,37.0,57.0,27.1,0.476,0,young
10,132.0,67.0,30.0,124.0,36.9,0.296,0,older
0,109.0,70.0,40.0,61.0,29.3,0.28,0,young
0,127.0,88.0,29.0,126.0,38.5,0.283,0,young
1,121.0,73.0,22.0,126.0,25.1,0.281,0,young
9,118.0,72.0,29.0,123.0,32.8,0.202,0,older
1,89.0,60.0,14.0,83.0,24.5,0.233,0,young
1,102.0,70.0,29.0,129.0,33.2,0.726,0,young
3,94.0,71.0,17.0,124.0,26.7,0.265,0,young
2,111.0,84.0,27.0,127.0,30.7,0.712,0,young
1,110.0,86.0,30.0,130.0,40.2,0.368,0,young
1,108.0,62.0,36.0,53.0,28.7,0.196,0,young
2,80.0,53.0,49.0,76.0,30.5,0.278,0,young
1,85.0,57.0,26.0,61.0,34.7,0.336,0,young
9,124.0,73.0,35.0,117.0,38.6,0.278,1,young
2,133.0,66.0,35.0,126.0,38.2,0.262,0,young
1,97.0,71.0,29.0,135.0,26.1,0.452,0,young
0,120.0,82.0,24.0,120.0,22.7,0.326,0,young
0,82.0,78.0,13.0,73.0,27.0,0.37,0,young
14,100.0,82.0,30.0,129.0,31.0,0.237,0,older
8,143.0,87.0,29.0,122.0,33.3,0.197,0,young
0,92.0,72.0,17.0,125.0,31.6,0.197,0,young
0,151.0,67.0,38.0,130.0,38.7,0.649,0,young
1,108.0,70.0,35.0,129.0,43.0,0.34,0,young
2,109.0,72.0,48.0,127.0,36.7,0.285,0,young
0,117.0,66.0,30.0,126.0,35.1,0.311,0,young
4,78.0,68.0,28.0,126.0,32.7,0.282,0,young
0,111.0,76.0,10.0,120.0,24.7,0.279,0,young
5,83.0,65.0,14.0,121.0,24.2,0.253,0,young
13,113.0,93.0,30.0,114.0,29.7,0.084,0,older
2,86.0,66.0,14.0,123.0,32.4,0.402,0,young
6,187.0,72.0,37.0,125.0,39.5,0.659,1,young
0,117.0,73.0,42.0,133.0,29.8,0.178,0,young
0,100.0,77.0,28.0,124.0,30.1,0.197,0,young
0,109.0,67.0,38.0,130.0,29.1,0.206,0,young
2,108.0,78.0,29.0,73.0,40.3,0.116,0,young
1,117.0,78.0,28.0,122.0,27.5,0.34,0,young
1,98.0,67.0,35.0,43.0,33.5,0.169,0,young
9,113.0,72.0,35.0,132.0,32.7,0.224,0,older
5,97.0,63.0,29.0,123.0,29.4,0.227,0,older
0,94.0,69.0,23.0,97.0,30.1,0.289,0,young
1,113.0,51.0,40.0,185.0,39.6,0.615,0,young
1,121.0,77.0,29.0,124.0,29.0,0.301,1,older
1,93.0,67.0,17.0,60.0,21.8,0.381,0,young
11,107.0,95.0,28.0,121.0,34.4,0.199,1,older
6,106.0,52.0,38.0,130.0,32.9,0.294,0,young
2,99.0,68.0,19.0,125.0,32.7,0.271,0,young
5,109.0,74.0,29.0,121.0,33.2,0.301,0,older
3,112.0,82.0,41.0,126.0,35.5,0.342,1,older
2,73.0,81.0,36.0,63.0,35.7,0.355,0,young
7,174.0,81.0,36.0,565.0,41.3,0.751,1,older
1,126.0,77.0,30.0,128.0,27.9,0.26,0,young
1,118.0,65.0,39.0,131.0,36.5,0.216,1,young
1,96.0,76.0,13.0,117.0,23.4,0.154,0,young
3,85.0,66.0,18.0,34.0,26.4,0.15,0,young
8,104.0,84.0,29.0,129.0,33.5,0.26,0,older
0,118.0,69.0,16.0,115.0,27.4,0.238,0,young
0,119.0,74.0,56.0,88.0,38.3,0.264,0,young
1,98.0,69.0,26.0,120.0,33.2,0.327,0,young
10,102.0,56.0,28.0,122.0,28.5,0.295,0,older
6,108.0,62.0,42.0,128.0,34.2,0.092,1,older
7,122.0,72.0,41.0,124.0,29.8,0.486,1,young
1,114.0,62.0,16.0,124.0,29.4,0.165,0,young
0,100.0,54.0,20.0,128.0,24.8,0.346,0,young
6,104.0,84.0,36.0,117.0,38.2,0.589,1,young
7,96.0,60.0,29.0,123.0,28.0,0.413,0,young
1,94.0,65.0,26.0,47.0,25.3,0.285,0,young
1,106.0,69.0,27.0,128.0,31.5,0.244,0,young
1,99.0,60.0,30.0,128.0,33.3,0.294,0,young
2,118.0,83.0,40.0,190.0,32.3,0.267,0,young
1,89.0,51.0,46.0,72.0,39.9,0.314,0,young
9,113.0,69.0,28.0,125.0,25.3,0.223,0,young
1,109.0,87.0,28.0,71.0,29.9,0.342,0,young
1,95.0,76.0,29.0,129.0,38.2,0.296,0,young
2,112.0,68.0,29.0,121.0,22.9,0.268,0,young
7,92.0,74.0,42.0,123.0,36.2,0.198,0,young
1,71.0,71.0,39.0,129.0,31.5,0.39,0,young
1,129.0,70.0,39.0,126.0,26.9,0.217,0,young
0,90.0,78.0,49.0,235.0,40.1,0.3,1,young
10,117.0,85.0,31.0,124.0,40.2,0.289,1,older
2,107.0,71.0,46.0,126.0,28.5,0.148,1,young
2,94.0,69.0,12.0,64.0,31.2,0.303,0,young
12,113.0,77.0,29.0,126.0,34.3,0.264,0,older
1,104.0,67.0,31.0,172.0,31.0,0.281,0,young
1,110.0,75.0,44.0,125.0,41.5,0.231,0,young
0,88.0,58.0,34.0,57.0,27.8,0.095,0,young
1,114.0,71.0,22.0,124.0,29.9,0.268,0,young
10,96.0,87.0,29.0,119.0,32.7,0.38,0,older
1,93.0,69.0,27.0,76.0,26.6,0.325,0,young
4,119.0,66.0,38.0,123.0,33.0,0.212,1,young
6,119.0,79.0,29.0,135.0,29.6,0.159,1,older
0,106.0,78.0,26.0,126.0,23.2,0.141,0,young
6,178.0,74.0,42.0,132.0,30.0,0.263,1,older
2,97.0,64.0,19.0,127.0,33.8,0.289,0,young
1,128.0,59.0,27.0,129.0,40.0,0.232,0,young
1,70.0,64.0,15.0,121.0,24.6,0.208,0,young
1,112.0,66.0,36.0,88.0,33.1,0.707,0,young
9,120.0,79.0,29.0,121.0,31.8,0.221,1,older
1,83.0,76.0,28.0,177.0,37.3,0.659,1,young
2,101.0,79.0,43.0,135.0,43.2,0.192,1,young
7,97.0,85.0,29.0,124.0,32.8,0.209,0,young
1,113.0,74.0,8.0,63.0,27.9,0.285,0,young
1,92.0,70.0,26.0,118.0,31.9,0.203,0,young
2,88.0,72.0,30.0,125.0,31.5,0.292,0,young
1,85.0,64.0,37.0,89.0,40.0,0.191,0,young
8,101.0,61.0,29.0,121.0,33.5,0.312,0,older
10,137.0,68.0,30.0,124.0,28.3,0.269,1,older
0,96.0,76.0,42.0,41.0,31.2,0.501,0,young
9,105.0,68.0,28.0,130.0,29.0,0.238,0,older
8,184.0,87.0,42.0,133.0,36.0,0.193,1,older
0,84.0,55.0,23.0,80.0,27.5,0.353,0,young
0,84.0,83.0,33.0,121.0,26.8,0.238,0,young
2,125.0,70.0,28.0,114.0,31.6,0.388,0,older
1,113.0,70.0,40.0,127.0,35.6,0.15,0,young
0,144.0,70.0,42.0,184.0,39.8,0.844,1,young
11,125.0,65.0,30.0,127.0,37.6,0.177,0,young
9,104.0,73.0,28.0,129.0,31.6,0.261,1,older
5,143.0,68.0,35.0,129.0,32.4,0.255,1,young
0,115.0,59.0,27.0,128.0,31.7,0.325,0,young
1,112.0,65.0,25.0,125.0,30.4,0.155,0,young
1,98.0,65.0,28.0,127.0,33.1,0.237,0,young
1,94.0,70.0,16.0,127.0,23.1,0.193,0,young
2,113.0,70.0,30.0,126.0,35.4,0.284,1,older
3,94.0,70.0,31.0,126.0,37.4,0.155,0,young
8,95.0,68.0,24.0,118.0,32.7,0.401,1,older
0,121.0,54.0,35.0,167.0,32.2,0.462,1,young
6,117.0,67.0,26.0,121.0,35.9,0.184,0,young
0,109.0,73.0,43.0,129.0,38.2,0.53,0,young
2,128.0,66.0,58.0,126.0,35.0,0.399,0,young
7,110.0,78.0,30.0,130.0,31.2,0.397,0,older
0,91.0,82.0,30.0,126.0,34.8,0.24,0,young
7,145.0,73.0,30.0,244.0,30.5,0.735,1,young
6,101.0,77.0,29.0,128.0,42.0,0.25,0,older
0,110.0,63.0,45.0,125.0,33.5,0.288,1,young
1,92.0,57.0,29.0,121.0,39.0,0.141,0,young
1,125.0,67.0,29.0,132.0,35.1,0.253,0,young
2,101.0,55.0,46.0,119.0,28.7,0.16,0,young
3,130.0,67.0,39.0,131.0,33.0,0.376,0,young
7,97.0,73.0,33.0,124.0,33.5,0.272,1,young
7,121.0,56.0,29.0,124.0,32.9,0.084,0,older
2,108.0,54.0,39.0,60.0,29.4,0.249,0,young
2,73.0,77.0,28.0,127.0,44.3,0.152,0,young
9,161.0,79.0,31.0,126.0,36.3,0.265,1,older
10,125.0,71.0,35.0,128.0,34.8,0.159,0,older
6,87.0,68.0,29.0,125.0,30.6,0.141,0,young
3,138.0,75.0,31.0,123.0,38.6,0.402,1,older
1,92.0,60.0,34.0,185.0,34.8,0.25,0,young
7,105.0,75.0,29.0,122.0,31.7,0.319,0,young
1,100.0,73.0,32.0,118.0,39.7,0.15,0,young
9,111.0,93.0,28.0,124.0,32.5,0.311,1,older
10,105.0,82.0,41.0,131.0,30.8,0.273,1,older
4,119.0,66.0,41.0,128.0,34.0,0.3,0,young
1,113.0,62.0,35.0,117.0,25.4,0.328,0,young
6,106.0,69.0,19.0,122.0,27.1,0.279,1,older
0,117.0,74.0,14.0,125.0,29.7,0.238,0,young
6,86.0,77.0,35.0,136.0,34.0,0.414,1,young
9,93.0,74.0,29.0,128.0,26.5,0.106,0,older
1,84.0,65.0,30.0,122.0,30.4,0.186,0,young
5,160.0,86.0,41.0,123.0,31.1,0.238,1,older
7,110.0,66.0,20.0,127.0,40.2,0.212,1,older
4,109.0,84.0,29.0,120.0,38.2,0.311,0,older
0,106.0,70.0,40.0,206.0,39.3,0.555,0,young
9,135.0,73.0,28.0,130.0,31.2,0.375,0,older
7,82.0,61.0,29.0,118.0,29.2,0.289,0,older
0,101.0,82.0,30.0,123.0,26.9,0.189,0,young
1,112.0,56.0,31.0,54.0,27.6,0.536,0,young
10,103.0,67.0,24.0,205.0,32.0,0.637,0,young
7,132.0,79.0,29.0,124.0,35.1,0.223,0,older
1,72.0,68.0,28.0,115.0,26.5,0.318,0,young
1,73.0,81.0,29.0,85.0,38.3,0.291,0,young
0,107.0,69.0,33.0,122.0,31.5,0.243,0,young
2,95.0,71.0,23.0,85.0,32.9,0.447,0,young
8,86.0,59.0,27.0,123.0,29.5,0.279,0,young
1,77.0,63.0,19.0,57.0,26.3,0.33,0,young
1,80.0,70.0,37.0,70.0,31.7,0.428,0,young
1,96.0,68.0,29.0,130.0,33.5,0.204,0,young
1,90.0,69.0,29.0,134.0,34.9,0.084,0,young
7,170.0,77.0,28.0,120.0,29.2,0.281,1,older
1,116.0,75.0,29.0,125.0,31.9,0.344,0,young
0,106.0,65.0,12.0,68.0,30.4,0.342,0,young
3,134.0,75.0,40.0,125.0,35.8,0.206,1,older
1,108.0,67.0,17.0,120.0,32.1,0.32,0,young
8,118.0,66.0,28.0,130.0,27.6,0.202,0,older
1,102.0,70.0,31.0,121.0,33.7,0.324,0,young
1,86.0,54.0,37.0,51.0,30.4,0.244,0,young
1,83.0,55.0,21.0,59.0,28.6,0.42,0,young
11,91.0,71.0,29.0,126.0,30.4,0.212,1,older
2,93.0,76.0,28.0,124.0,25.5,0.276,0,young
1,103.0,63.0,20.0,75.0,30.8,0.336,0,young
2,98.0,69.0,26.0,125.0,30.6,0.133,0,young
1,103.0,63.0,22.0,46.0,24.1,0.356,0,young
9,82.0,84.0,21.0,124.0,32.5,0.182,1,young
4,101.0,69.0,29.0,123.0,30.8,0.092,1,older
2,95.0,70.0,35.0,82.0,30.4,0.186,0,young
1,154.0,74.0,29.0,133.0,33.1,0.22,0,young
1,96.0,59.0,44.0,122.0,36.6,0.315,0,young
9,90.0,78.0,29.0,124.0,29.9,0.304,0,older
6,85.0,67.0,29.0,126.0,30.1,0.307,0,young
0,95.0,69.0,31.0,127.0,37.7,0.238,0,young
6,88.0,51.0,29.0,134.0,33.9,0.233,0,young
7,159.0,81.0,41.0,270.0,31.3,0.316,1,older
1,89.0,63.0,29.0,126.0,26.5,0.272,0,young
4,119.0,84.0,30.0,132.0,35.6,0.279,0,young
0,100.0,72.0,43.0,122.0,29.3,0.326,0,young
1,89.0,71.0,39.0,125.0,30.9,0.189,0,young
6,87.0,83.0,29.0,127.0,30.9,0.168,0,older
4,125.0,71.0,28.0,129.0,30.4,0.302,0,young
6,124.0,71.0,28.0,122.0,28.9,0.338,0,young
8,144.0,80.0,34.0,128.0,37.2,0.183,1,older
0,84.0,58.0,23.0,60.0,29.1,0.612,0,young
2,134.0,71.0,12.0,126.0,28.2,0.2,0,young
1,113.0,65.0,30.0,128.0,29.0,0.197,0,young
2,103.0,75.0,40.0,127.0,38.3,0.147,0,young
0,93.0,56.0,36.0,128.0,31.4,0.226,0,young
9,91.0,71.0,30.0,129.0,33.5,0.223,0,older
1,94.0,68.0,29.0,122.0,32.9,0.475,0,young
1,83.0,77.0,29.0,122.0,33.7,0.292,0,young
1,113.0,60.0,17.0,128.0,28.5,0.292,0,young
1,93.0,64.0,20.0,121.0,22.6,0.286,0,young
1,96.0,67.0,33.0,125.0,28.3,0.269,0,young
7,89.0,82.0,29.0,128.0,31.6,0.342,0,young
8,124.0,73.0,29.0,132.0,28.0,0.376,0,older
4,151.0,92.0,27.0,131.0,34.7,0.452,1,older
11,97.0,69.0,29.0,128.0,32.2,0.308,0,older
0,114.0,64.0,19.0,124.0,18.3,0.222,0,young
1,93.0,73.0,9.0,126.0,29.9,0.084,0,young
6,101.0,73.0,22.0,155.0,38.2,0.637,1,young
1,93.0,75.0,30.0,124.0,37.6,0.318,0,young
1,92.0,71.0,18.0,121.0,30.0,0.29,0,young
0,104.0,79.0,18.0,115.0,33.2,0.12,0,young
0,104.0,66.0,29.0,125.0,24.0,0.14,0,young
7,120.0,75.0,29.0,123.0,31.9,0.173,0,young
1,119.0,74.0,39.0,196.0,38.1,0.485,0,young
1,110.0,68.0,15.0,69.0,26.3,0.273,0,young
1,131.0,60.0,11.0,129.0,28.3,0.391,0,young
1,88.0,63.0,42.0,55.0,29.9,0.314,0,young
2,105.0,67.0,29.0,121.0,32.4,0.208,0,young
7,111.0,70.0,40.0,131.0,24.1,0.259,0,older
0,110.0,74.0,36.0,71.0,32.9,0.915,0,young
6,122.0,81.0,33.0,125.0,33.4,0.256,1,older
8,150.0,81.0,28.0,132.0,34.7,0.256,1,older
1,90.0,78.0,31.0,168.0,30.8,0.538,0,young
9,99.0,70.0,30.0,122.0,29.2,0.264,1,older
8,97.0,74.0,31.0,126.0,29.8,0.257,0,older
6,113.0,66.0,39.0,125.0,38.6,0.399,1,young
9,91.0,76.0,29.0,127.0,30.8,0.147,0,older
11,88.0,67.0,29.0,121.0,25.4,0.2,0,older
6,93.0,72.0,28.0,126.0,29.6,0.089,0,young
1,96.0,71.0,29.0,131.0,27.4,0.301,0,young
8,75.0,52.0,28.0,129.0,36.2,0.259,0,older
10,102.0,73.0,29.0,128.0,31.3,0.137,0,older
0,93.0,67.0,28.0,124.0,31.1,0.234,0,young
7,128.0,70.0,36.0,126.0,39.0,0.255,1,older
8,102.0,85.0,29.0,127.0,29.5,0.216,1,older
1,98.0,78.0,13.0,128.0,27.7,0.144,0,young
6,95.0,63.0,32.0,117.0,31.6,0.444,0,young
0,83.0,73.0,36.0,128.0,38.0,0.28,0,young
10,102.0,78.0,29.0,125.0,33.9,0.263,0,older
0,94.0,77.0,35.0,125.0,31.9,0.32,0,young
1,75.0,81.0,38.0,129.0,31.6,0.198,0,young
1,69.0,76.0,29.0,126.0,40.3,0.309,0,young
3,117.0,69.0,37.0,121.0,38.9,0.158,1,older
1,109.0,58.0,27.0,127.0,32.2,0.207,0,young
9,171.0,84.0,29.0,122.0,35.1,0.293,1,older
6,124.0,59.0,28.0,120.0,26.5,0.176,0,young
7,113.0,70.0,29.0,128.0,29.4,0.192,0,older
2,83.0,69.0,38.0,61.0,41.5,0.232,0,young
0,96.0,76.0,29.0,126.0,26.7,0.264,0,young
0,117.0,68.0,33.0,193.0,43.7,0.793,1,young
0,97.0,65.0,39.0,128.0,36.3,0.359,0,young
5,112.0,68.0,30.0,130.0,32.4,0.326,0,young
6,87.0,57.0,24.0,123.0,31.0,0.219,0,young
5,126.0,87.0,29.0,123.0,41.0,0.377,1,older
7,171.0,79.0,33.0,122.0,39.5,0.265,1,older
6,110.0,64.0,30.0,124.0,30.9,0.112,0,older
1,98.0,67.0,48.0,105.0,31.7,0.236,0,young
1,82.0,58.0,23.0,56.0,33.4,0.492,0,young
4,104.0,57.0,30.0,118.0,30.9,0.285,0,older
1,105.0,63.0,35.0,25.0,31.5,0.127,0,young
9,102.0,72.0,28.0,129.0,30.1,0.209,0,older
2,92.0,62.0,30.0,54.0,33.4,0.281,0,young
8,112.0,84.0,29.0,125.0,38.0,0.302,0,older
10,116.0,66.0,36.0,129.0,30.1,0.234,0,young
1,117.0,60.0,33.0,64.0,28.8,0.345,0,young
0,124.0,61.0,25.0,130.0,38.1,0.795,0,young
9,199.0,85.0,28.0,122.0,29.0,0.296,1,older
7,91.0,75.0,30.0,122.0,33.1,0.136,0,young
1,131.0,73.0,29.0,134.0,32.8,0.299,0,young
0,105.0,68.0,37.0,45.0,38.8,0.197,0,young
2,97.0,58.0,33.0,102.0,33.2,0.429,0,young
1,104.0,72.0,40.0,123.0,33.4,0.247,1,young
1,104.0,62.0,29.0,126.0,37.1,0.751,0,young
4,109.0,74.0,44.0,117.0,28.0,0.263,1,older
0,123.0,65.0,24.0,55.0,29.6,0.335,0,young
1,105.0,70.0,29.0,130.0,38.4,0.36,0,young
10,111.0,86.0,39.0,130.0,33.1,0.246,1,older
9,101.0,72.0,29.0,125.0,30.0,0.268,0,young
1,101.0,62.0,41.0,80.0,25.8,0.282,0,young
3,92.0,68.0,28.0,131.0,35.9,0.185,0,older
13,197.0,89.0,39.0,133.0,38.3,0.559,1,older
7,153.0,72.0,22.0,128.0,30.8,0.266,1,older
8,96.0,69.0,30.0,128.0,28.0,0.245,1,older
5,101.0,56.0,29.0,131.0,28.6,0.143,0,older
4,79.0,71.0,28.0,132.0,22.1,0.204,0,young
0,94.0,58.0,20.0,88.0,28.3,0.315,0,young
0,126.0,71.0,21.0,128.0,30.2,0.212,0,young
4,124.0,72.0,28.0,125.0,33.8,0.125,1,older
3,107.0,68.0,28.0,132.0,26.9,0.271,0,young
7,144.0,71.0,36.0,128.0,34.4,0.17,1,older
2,111.0,71.0,31.0,120.0,31.8,0.34,0,young
10,195.0,91.0,36.0,124.0,33.9,0.372,1,older
3,97.0,67.0,35.0,75.0,33.5,0.161,0,young
9,176.0,78.0,30.0,125.0,29.1,0.282,1,older
0,126.0,68.0,16.0,126.0,37.0,0.246,0,young
5,162.0,84.0,35.0,131.0,41.5,0.274,1,young
8,99.0,90.0,28.0,125.0,34.8,0.287,1,older
4,97.0,83.0,30.0,130.0,25.3,0.358,0,young
3,127.0,65.0,14.0,122.0,38.6,0.266,0,young
1,110.0,66.0,28.0,213.0,30.2,0.554,1,young
1,65.0,79.0,41.0,106.0,25.6,0.301,0,young
2,98.0,64.0,29.0,122.0,29.7,0.262,0,young
1,174.0,80.0,32.0,127.0,41.0,0.175,1,young
2,132.0,92.0,31.0,122.0,35.7,0.285,1,young
1,102.0,75.0,21.0,122.0,35.3,0.407,0,young
6,151.0,88.0,28.0,133.0,38.3,0.23,1,older
1,105.0,75.0,20.0,122.0,31.1,0.403,0,young
7,102.0,64.0,32.0,125.0,33.4,0.32,0,young
0,98.0,69.0,16.0,128.0,33.0,0.303,0,young
1,122.0,63.0,28.0,195.0,35.2,0.329,0,young
2,108.0,73.0,30.0,119.0,30.1,0.207,0,older
1,103.0,81.0,43.0,122.0,41.2,0.276,0,young
0,68.0,70.0,22.0,120.0,31.9,0.196,0,young
0,122.0,75.0,34.0,124.0,28.4,0.151,0,young
2,100.0,70.0,30.0,124.0,35.4,0.325,0,older
1,121.0,74.0,42.0,122.0,45.3,0.398,1,young
6,103.0,77.0,31.0,123.0,29.2,0.216,1,older
5,100.0,75.0,29.0,122.0,30.8,0.329,0,older
0,127.0,65.0,15.0,64.0,28.1,0.627,0,young
13,86.0,90.0,41.0,124.0,30.1,0.146,0,older
8,101.0,92.0,33.0,128.0,32.3,0.269,1,older
10,117.0,79.0,26.0,130.0,36.3,0.859,1,young
1,104.0,68.0,22.0,124.0,26.9,0.252,0,young
1,112.0,64.0,30.0,121.0,35.7,0.236,0,young
1,118.0,90.0,32.0,123.0,42.0,0.189,0,young
1,136.0,64.0,32.0,133.0,36.6,0.119,0,young
10,103.0,61.0,29.0,119.0,36.8,0.143,0,older
3,98.0,81.0,45.0,128.0,29.3,0.267,0,young
9,121.0,77.0,45.0,127.0,35.2,0.084,1,older
6,168.0,81.0,29.0,128.0,39.7,0.727,1,older
10,91.0,63.0,21.0,118.0,30.6,0.328,0,young
0,118.0,76.0,29.0,119.0,29.8,0.169,0,young
2,107.0,63.0,32.0,68.0,32.9,0.218,0,young
1,98.0,60.0,33.0,130.0,23.4,0.253,0,young
1,99.0,60.0,29.0,129.0,29.1,0.4,0,young
7,138.0,71.0,28.0,131.0,30.5,0.253,0,young
7,111.0,69.0,28.0,125.0,33.6,0.214,0,young
0,131.0,61.0,30.0,120.0,28.1,0.171,0,young
3,125.0,71.0,30.0,124.0,33.4,0.168,0,older
8,92.0,73.0,36.0,124.0,29.1,0.308,0,older
0,122.0,69.0,32.0,122.0,33.8,0.217,0,young
1,128.0,59.0,30.0,132.0,28.5,0.164,0,young
5,96.0,76.0,29.0,125.0,30.6,0.264,0,young
6,108.0,71.0,27.0,126.0,36.4,0.301,0,older
1,99.0,67.0,29.0,81.0,26.8,0.474,0,young
2,105.0,69.0,36.0,122.0,35.5,0.276,0,young
0,91.0,79.0,28.0,131.0,34.0,0.214,0,young
6,102.0,63.0,29.0,125.0,27.2,0.134,0,older
5,86.0,77.0,26.0,60.0,29.6,0.212,0,young
8,162.0,83.0,40.0,125.0,31.3,0.586,1,older
8,159.0,76.0,30.0,130.0,33.2,0.324,1,older
1,119.0,64.0,19.0,115.0,23.9,0.4,0,young
1,123.0,61.0,40.0,129.0,37.2,0.484,1,young
4,70.0,70.0,28.0,122.0,32.0,0.245,0,young
3,120.0,76.0,23.0,129.0,25.9,0.149,0,young
1,102.0,71.0,30.0,120.0,39.6,0.187,0,young
5,170.0,82.0,28.0,120.0,29.3,0.266,1,older
0,110.0,72.0,29.0,132.0,32.5,0.177,0,young
2,101.0,79.0,28.0,125.0,30.4,0.264,0,young
2,79.0,76.0,29.0,125.0,29.9,0.285,0,young
7,120.0,65.0,29.0,122.0,32.0,0.221,1,older
2,109.0,66.0,35.0,69.0,32.6,0.169,0,young
1,79.0,68.0,7.0,128.0,22.8,0.271,0,young
0,119.0,62.0,29.0,125.0,34.4,0.225,0,young
1,159.0,68.0,39.0,209.0,37.3,0.677,1,young
10,95.0,79.0,34.0,123.0,38.2,0.253,0,young
1,144.0,75.0,29.0,125.0,43.7,0.3,0,young
6,99.0,78.0,29.0,128.0,32.1,0.27,1,older
1,93.0,72.0,47.0,122.0,28.9,0.248,0,young
8,104.0,73.0,30.0,127.0,29.0,0.403,0,older
5,110.0,90.0,23.0,125.0,38.2,0.156,0,young
3,117.0,61.0,29.0,66.0,35.4,0.248,0,young
1,72.0,79.0,16.0,54.0,24.0,0.15,0,young
9,122.0,77.0,30.0,132.0,29.5,0.231,0,young
2,89.0,65.0,17.0,121.0,40.1,0.221,0,young
5,78.0,70.0,30.0,119.0,35.2,0.247,0,young
10,84.0,67.0,30.0,120.0,33.4,0.23,0,older
8,83.0,72.0,29.0,125.0,32.7,0.229,0,older
1,117.0,55.0,34.0,169.0,34.0,0.694,0,young
3,115.0,67.0,29.0,127.0,31.0,0.151,0,young
0,99.0,66.0,29.0,127.0,29.4,0.269,0,young
1,94.0,68.0,28.0,131.0,35.2,0.246,0,young
2,97.0,64.0,36.0,53.0,28.2,0.307,0,young
0,110.0,66.0,30.0,188.0,33.6,0.754,0,young
2,114.0,74.0,29.0,193.0,29.4,0.758,1,young
0,96.0,68.0,30.0,107.0,32.1,0.351,0,young
0,85.0,73.0,24.0,64.0,25.9,0.196,0,young
2,99.0,73.0,35.0,126.0,32.8,0.205,0,young
1,107.0,63.0,20.0,95.0,28.7,0.221,0,young
1,90.0,59.0,36.0,69.0,31.0,0.257,0,young
1,119.0,71.0,30.0,134.0,32.2,0.243,0,young
1,123.0,67.0,29.0,123.0,32.4,0.207,0,young
7,187.0,73.0,30.0,131.0,41.5,0.159,1,older
2,106.0,62.0,39.0,155.0,30.5,0.305,1,young
8,80.0,75.0,29.0,121.0,36.8,0.175,0,older
10,90.0,67.0,29.0,115.0,35.6,0.252,0,young
5,117.0,78.0,28.0,124.0,33.4,0.194,0,older
2,92.0,63.0,28.0,135.0,25.5,0.256,0,young
6,112.0,69.0,40.0,122.0,31.7,0.246,1,older
1,99.0,84.0,34.0,206.0,34.7,0.533,1,young
2,102.0,61.0,16.0,128.0,20.0,0.15,0,young
1,116.0,69.0,23.0,122.0,24.6,0.139,0,young
8,123.0,83.0,33.0,127.0,37.3,0.346,1,older
1,94.0,60.0,30.0,124.0,32.9,0.223,0,young
6,102.0,62.0,33.0,125.0,23.6,0.152,0,older
11,125.0,74.0,30.0,128.0,38.5,0.207,0,older
2,88.0,60.0,13.0,87.0,24.2,0.538,0,young
2,89.0,75.0,29.0,128.0,29.1,0.209,0,young
5,84.0,62.0,34.0,133.0,31.4,0.24,1,young
9,115.0,71.0,29.0,126.0,26.5,0.23,0,young
11,104.0,66.0,28.0,130.0,23.3,0.242,0,older
4,109.0,82.0,29.0,121.0,36.4,0.312,0,older
9,85.0,72.0,29.0,126.0,34.5,0.171,0,older
0,100.0,67.0,20.0,121.0,25.6,0.24,0,young
0,83.0,59.0,37.0,125.0,25.5,0.305,0,young
0,114.0,75.0,33.0,73.0,36.2,0.339,0,young
1,111.0,66.0,46.0,125.0,37.4,0.249,0,young
5,178.0,83.0,32.0,127.0,45.9,0.122,1,young
10,139.0,83.0,29.0,128.0,33.6,0.376,1,older
10,125.0,78.0,29.0,126.0,37.9,0.213,1,older
1,102.0,71.0,12.0,124.0,26.4,0.245,0,young
0,124.0,78.0,32.0,138.0,30.7,0.175,0,young
1,118.0,101.0,45.0,130.0,33.6,0.37,1,young
0,87.0,60.0,9.0,61.0,27.8,0.328,0,young
9,106.0,56.0,29.0,124.0,30.6,0.204,0,young
2,134.0,80.0,43.0,130.0,31.8,0.269,0,young
8,128.0,73.0,12.0,125.0,27.9,0.25,0,young
7,86.0,61.0,37.0,125.0,27.1,0.296,0,older
8,115.0,81.0,28.0,124.0,35.7,0.304,0,young
6,90.0,66.0,28.0,114.0,28.5,0.241,0,young
0,98.0,64.0,26.0,170.0,35.4,0.505,0,young
1,87.0,69.0,26.0,53.0,33.7,0.166,0,young
7,108.0,71.0,29.0,129.0,35.6,0.204,0,older
1,84.0,72.0,30.0,86.0,33.7,0.338,0,young
8,152.0,88.0,32.0,118.0,36.1,0.254,1,older
2,118.0,64.0,28.0,81.0,22.6,0.632,0,young
4,103.0,76.0,30.0,131.0,28.4,0.243,0,young
2,105.0,65.0,28.0,121.0,35.3,0.237,0,young
1,87.0,74.0,29.0,120.0,32.1,0.272,0,young
1,121.0,69.0,33.0,123.0,33.7,0.404,1,young
7,94.0,65.0,25.0,123.0,31.7,0.658,0,young
9,109.0,94.0,29.0,126.0,35.5,0.336,0,young
8,131.0,76.0,26.0,129.0,31.6,0.27,0,young
6,105.0,82.0,25.0,129.0,33.4,0.253,1,older
8,111.0,76.0,29.0,120.0,21.6,0.362,0,older
8,71.0,68.0,36.0,125.0,37.3,0.276,1,young
2,113.0,74.0,35.0,191.0,40.1,0.364,1,young
0,105.0,62.0,32.0,124.0,35.5,0.211,0,young
8,116.0,63.0,29.0,120.0,24.7,0.333,0,young
9,164.0,89.0,36.0,126.0,34.7,0.229,1,older
3,111.0,72.0,34.0,120.0,33.0,0.35,1,older
1,113.0,66.0,19.0,117.0,21.7,0.2,0,young
7,104.0,87.0,29.0,132.0,20.8,0.236,0,young
5,129.0,79.0,27.0,130.0,35.8,0.311,0,older
6,102.0,70.0,30.0,129.0,38.1,0.182,0,older
6,102.0,74.0,30.0,123.0,31.6,0.333,0,older
6,128.0,81.0,28.0,128.0,28.9,0.337,1,older
0,110.0,66.0,27.0,124.0,33.7,0.392,0,young
3,104.0,66.0,18.0,118.0,25.8,0.169,0,young
4,114.0,76.0,28.0,128.0,37.3,0.161,0,young
2,104.0,72.0,32.0,131.0,32.6,0.2,0,young
1,92.0,77.0,35.0,122.0,25.6,0.206,0,young
3,103.0,64.0,29.0,129.0,30.2,0.266,0,young
0,109.0,55.0,18.0,50.0,33.6,0.4,0,young
8,105.0,76.0,29.0,125.0,30.5,0.207,0,older
8,87.0,56.0,9.0,124.0,31.6,0.287,0,young
7,101.0,79.0,28.0,124.0,30.3,0.353,0,young
1,127.0,76.0,42.0,272.0,32.8,0.415,1,young
0,114.0,70.0,41.0,126.0,36.9,0.184,0,young
3,78.0,59.0,17.0,77.0,30.9,0.34,0,young
7,112.0,81.0,28.0,129.0,30.4,0.414,0,young
1,108.0,59.0,26.0,128.0,28.2,0.24,0,young
7,123.0,72.0,30.0,129.0,29.6,0.26,0,older
1,77.0,75.0,28.0,131.0,33.0,0.177,0,young
6,95.0,83.0,28.0,130.0,33.5,0.216,0,young
1,96.0,73.0,45.0,77.0,29.3,0.221,0,young
0,79.0,77.0,31.0,131.0,26.8,0.189,0,young
0,100.0,82.0,30.0,127.0,25.3,0.291,0,young
6,108.0,70.0,22.0,120.0,28.2,0.294,1,older
2,95.0,72.0,29.0,123.0,22.8,0.232,0,young
7,111.0,74.0,30.0,128.0,32.1,0.277,0,young
0,112.0,70.0,42.0,132.0,38.5,0.322,0,young
12,90.0,79.0,27.0,128.0,29.7,0.162,0,older
6,103.0,65.0,41.0,130.0,33.4,0.139,1,young
3,115.0,76.0,19.0,125.0,28.5,0.234,0,older
0,112.0,74.0,35.0,54.0,31.5,0.31,0,young
11,121.0,72.0,30.0,125.0,32.2,0.217,1,older
2,76.0,74.0,29.0,128.0,33.7,0.206,0,young
2,100.0,81.0,32.0,128.0,34.6,0.421,0,young
5,122.0,77.0,29.0,122.0,25.6,0.113,0,older
11,81.0,72.0,29.0,121.0,31.4,0.272,0,young
0,109.0,61.0,32.0,161.0,26.4,0.438,0,young
2,111.0,71.0,30.0,59.0,33.1,0.25,0,young
2,132.0,70.0,29.0,119.0,31.0,0.264,0,young
1,96.0,65.0,17.0,129.0,27.2,0.205,0,young
2,181.0,68.0,32.0,194.0,39.5,0.313,1,older
2,86.0,77.0,28.0,122.0,36.6,0.26,0,young
1,110.0,73.0,44.0,127.0,33.6,0.198,0,young
5,97.0,71.0,29.0,131.0,35.3,0.109,1,older
0,89.0,78.0,45.0,129.0,35.3,0.29,1,young
10,155.0,79.0,43.0,128.0,30.9,0.411,1,young
5,122.0,65.0,47.0,132.0,27.9,0.402,1,older
2,113.0,68.0,41.0,132.0,31.5,0.284,0,young
0,99.0,71.0,17.0,124.0,33.9,0.303,0,young
0,116.0,73.0,29.0,127.0,34.5,0.334,0,young
6,127.0,68.0,29.0,122.0,27.5,0.359,0,young
9,133.0,76.0,29.0,123.0,34.5,0.381,0,older
11,199.0,85.0,41.0,65.0,51.9,0.204,1,older
11,85.0,81.0,23.0,120.0,36.1,0.499,1,older
7,101.0,65.0,27.0,126.0,30.3,0.216,0,young
1,109.0,59.0,18.0,43.0,25.8,0.617,0,young
11,136.0,75.0,25.0,123.0,32.0,0.262,1,older
0,116.0,78.0,42.0,130.0,45.8,0.146,0,young
5,124.0,80.0,29.0,131.0,29.4,0.243,0,older
5,111.0,76.0,32.0,125.0,26.8,0.341,1,young
0,90.0,69.0,36.0,69.0,36.6,0.235,0,young
2,90.0,69.0,30.0,118.0,25.0,0.236,0,young
7,153.0,77.0,25.0,120.0,31.1,0.187,1,young
1,94.0,64.0,29.0,123.0,26.0,0.336,0,young
2,118.0,62.0,31.0,131.0,27.3,0.21,0,young
9,106.0,65.0,30.0,127.0,29.7,0.084,0,older
4,141.0,66.0,26.0,129.0,36.1,0.249,1,young
2,104.0,76.0,35.0,65.0,28.8,0.709,0,young
6,169.0,77.0,36.0,129.0,30.1,0.221,1,older
2,120.0,72.0,19.0,131.0,29.5,0.142,0,young
1,93.0,73.0,33.0,128.0,36.9,0.302,0,young
4,83.0,81.0,29.0,125.0,25.4,0.363,0,older
1,77.0,52.0,27.0,44.0,25.6,0.258,0,young
3,116.0,72.0,29.0,121.0,31.9,0.088,1,older
4,101.0,67.0,30.0,127.0,29.6,0.14,0,young
5,187.0,67.0,27.0,128.0,31.9,0.169,1,older
9,101.0,79.0,29.0,120.0,34.9,0.161,1,older
0,126.0,78.0,29.0,135.0,31.9,0.246,0,young
5,116.0,67.0,30.0,123.0,33.9,0.436,0,young
6,96.0,75.0,29.0,123.0,28.2,0.096,0,older
2,106.0,71.0,32.0,49.0,30.9,0.241,0,young
2,109.0,77.0,45.0,129.0,40.2,0.409,0,young
1,118.0,65.0,32.0,194.0,36.6,0.782,1,young
3,99.0,66.0,19.0,131.0,29.3,0.234,0,young
7,132.0,78.0,29.0,132.0,29.3,0.341,1,older
7,109.0,79.0,29.0,127.0,26.9,0.125,0,older
4,117.0,72.0,22.0,132.0,29.8,0.624,1,young
0,96.0,64.0,29.0,125.0,25.0,0.291,0,young
5,56.0,66.0,29.0,127.0,33.2,0.335,0,young
7,116.0,80.0,28.0,125.0,27.0,0.228,0,older
0,120.0,71.0,34.0,118.0,39.2,0.252,0,young
1,121.0,77.0,29.0,123.0,27.5,0.261,0,young
8,105.0,68.0,36.0,130.0,28.8,0.252,1,older
6,127.0,79.0,29.0,123.0,27.8,0.369,0,older
0,115.0,65.0,22.0,125.0,25.8,0.192,0,young
1,125.0,69.0,33.0,176.0,44.0,0.585,0,young
6,167.0,68.0,33.0,126.0,33.0,0.138,1,older
4,95.0,69.0,28.0,131.0,28.6,0.279,0,young
1,107.0,68.0,37.0,144.0,33.3,0.464,1,young
2,116.0,74.0,34.0,128.0,31.0,0.184,0,young
8,94.0,75.0,29.0,121.0,29.0,0.278,0,older
2,163.0,69.0,36.0,178.0,32.6,0.474,1,young
1,137.0,63.0,30.0,124.0,28.1,0.11,0,young
9,182.0,89.0,40.0,131.0,33.5,0.154,1,older
2,103.0,85.0,29.0,121.0,30.6,0.261,0,young
2,99.0,67.0,20.0,120.0,29.0,0.27,0,young
12,122.0,78.0,28.0,123.0,32.0,0.386,0,older
2,76.0,66.0,30.0,123.0,31.8,0.277,0,young
2,86.0,71.0,22.0,127.0,26.3,0.245,0,young
5,133.0,60.0,28.0,125.0,27.1,0.596,0,young
3,107.0,59.0,30.0,125.0,33.2,0.168,0,young
6,90.0,67.0,28.0,122.0,34.8,0.233,0,young
1,94.0,73.0,21.0,129.0,30.7,0.348,0,young
4,104.0,77.0,30.0,129.0,37.0,0.247,0,young
4,189.0,88.0,34.0,125.0,34.4,0.24,1,older
0,118.0,66.0,36.0,126.0,29.6,0.177,1,young
1,120.0,69.0,28.0,126.0,33.7,0.273,0,young
4,111.0,78.0,17.0,125.0,27.7,0.388,0,older
1,118.0,78.0,12.0,133.0,25.7,0.155,0,young
8,115.0,75.0,29.0,124.0,32.5,0.319,0,young
4,123.0,63.0,28.0,128.0,33.8,0.236,1,older
1,102.0,69.0,29.0,117.0,35.5,0.167,0,young
11,104.0,80.0,30.0,127.0,33.1,0.217,0,older
1,79.0,60.0,29.0,122.0,26.9,0.195,0,young
10,137.0,73.0,44.0,127.0,31.4,0.239,1,older
6,158.0,82.0,35.0,121.0,34.7,0.634,1,young
1,116.0,69.0,23.0,126.0,32.0,0.266,0,young
7,99.0,82.0,28.0,121.0,29.7,0.321,1,older
4,140.0,78.0,29.0,125.0,37.9,0.18,1,older
7,131.0,79.0,22.0,187.0,33.9,0.773,1,young
0,123.0,64.0,41.0,126.0,32.2,0.529,1,young
0,104.0,79.0,30.0,125.0,28.8,0.167,0,young
7,126.0,65.0,37.0,185.0,29.3,0.467,1,young
9,111.0,76.0,29.0,121.0,35.0,0.184,0,older
3,108.0,69.0,32.0,127.0,30.9,0.266,0,young
7,136.0,85.0,28.0,125.0,38.8,0.234,1,older
1,100.0,57.0,35.0,66.0,27.0,0.166,0,young
4,180.0,77.0,28.0,129.0,28.4,0.283,1,older
3,128.0,71.0,34.0,128.0,45.8,0.698,1,young
3,108.0,73.0,30.0,132.0,34.6,0.265,0,older
9,103.0,67.0,35.0,120.0,27.5,0.359,0,young
6,121.0,65.0,29.0,119.0,38.1,0.084,1,young
8,105.0,76.0,29.0,124.0,33.5,0.215,0,older
1,116.0,72.0,31.0,124.0,36.3,0.237,1,young
2,103.0,73.0,11.0,122.0,21.9,0.239,0,young
9,109.0,70.0,28.0,115.0,28.7,0.27,0,young
1,119.0,70.0,15.0,126.0,29.9,0.249,0,young
8,119.0,70.0,34.0,126.0,30.9,0.201,1,older
1,104.0,73.0,37.0,133.0,34.0,0.197,0,young
11,103.0,69.0,31.0,193.0,31.4,0.749,1,older
2,81.0,49.0,14.0,124.0,32.8,0.292,0,young
8,95.0,88.0,28.0,123.0,28.9,0.343,0,older
0,106.0,66.0,27.0,186.0,26.5,0.629,0,young
2,95.0,47.0,20.0,65.0,22.6,0.276,0,young
0,65.0,66.0,33.0,57.0,35.4,0.294,0,young
8,84.0,77.0,29.0,128.0,39.3,0.222,0,young
7,101.0,66.0,25.0,131.0,26.8,0.299,1,older
5,97.0,73.0,41.0,126.0,33.7,0.237,0,young
1,140.0,58.0,29.0,132.0,34.6,0.339,0,young
1,93.0,65.0,45.0,60.0,35.6,0.257,0,young
9,108.0,66.0,30.0,130.0,23.5,0.226,0,older
0,108.0,73.0,44.0,126.0,34.8,0.328,1,young
0,94.0,50.0,31.0,21.0,26.5,0.283,0,young
1,119.0,61.0,27.0,60.0,27.0,0.259,0,young
1,128.0,59.0,31.0,187.0,42.7,0.615,1,young
7,140.0,79.0,11.0,120.0,26.6,0.236,0,young
0,94.0,62.0,21.0,68.0,24.8,0.275,0,young
1,121.0,63.0,39.0,65.0,22.3,0.72,0,young
9,106.0,66.0,29.0,121.0,34.5,0.206,0,young
8,88.0,72.0,27.0,128.0,29.9,0.14,0,young
6,104.0,74.0,33.0,128.0,36.5,0.3,0,young
2,82.0,55.0,38.0,122.0,32.9,0.309,0,young
0,75.0,60.0,28.0,34.0,23.7,0.221,0,young
2,88.0,81.0,34.0,115.0,36.0,0.334,0,young
0,122.0,75.0,18.0,125.0,30.0,0.274,0,young
0,132.0,82.0,40.0,547.0,51.3,0.631,1,young
1,97.0,71.0,27.0,128.0,31.5,0.16,0,young
2,124.0,61.0,22.0,129.0,27.3,0.284,0,young
8,159.0,88.0,23.0,124.0,31.6,0.408,1,young
8,129.0,59.0,31.0,120.0,25.1,0.198,0,young
1,88.0,71.0,28.0,125.0,35.2,0.243,0,young
2,106.0,72.0,30.0,129.0,32.1,0.295,0,young
1,98.0,76.0,41.0,66.0,32.9,0.273,0,young
6,108.0,57.0,29.0,129.0,30.3,0.28,1,older
6,97.0,76.0,29.0,119.0,29.6,0.219,0,young
10,122.0,79.0,30.0,169.0,39.6,0.512,1,older
1,113.0,74.0,26.0,124.0,28.2,0.233,0,young
1,120.0,79.0,28.0,128.0,25.8,0.209,0,young
4,139.0,88.0,21.0,129.0,28.6,0.242,1,older
2,124.0,67.0,28.0,124.0,32.5,0.438,0,young
9,120.0,63.0,32.0,133.0,34.8,0.095,1,older
12,120.0,62.0,15.0,129.0,34.6,0.205,0,young
0,108.0,61.0,32.0,130.0,28.5,0.416,0,young
1,96.0,68.0,31.0,125.0,39.2,0.084,0,young
1,91.0,64.0,22.0,128.0,27.7,0.154,0,young
1,114.0,60.0,26.0,211.0,36.9,0.431,1,young
1,103.0,67.0,36.0,181.0,42.2,0.548,0,young
4,122.0,101.0,37.0,133.0,37.5,0.222,0,older
2,130.0,60.0,34.0,149.0,39.1,0.308,0,young
0,81.0,68.0,28.0,95.0,34.4,0.207,0,young
0,133.0,81.0,30.0,132.0,33.4,0.198,0,young
1,108.0,82.0,28.0,123.0,28.3,0.363,0,young
4,97.0,60.0,21.0,122.0,27.9,0.237,0,young
9,107.0,67.0,28.0,126.0,30.2,0.261,0,older
9,152.0,77.0,31.0,123.0,41.1,0.367,1,young
1,78.0,76.0,29.0,125.0,27.2,0.346,0,young
9,91.0,70.0,21.0,130.0,22.4,0.221,0,older
2,81.0,69.0,10.0,126.0,31.8,0.096,0,young
9,95.0,66.0,28.0,127.0,28.7,0.285,0,young
6,178.0,74.0,23.0,128.0,38.0,0.598,1,young
1,133.0,67.0,30.0,133.0,33.5,0.504,0,young
1,79.0,53.0,11.0,48.0,25.9,0.239,0,young
0,98.0,70.0,29.0,127.0,32.3,0.235,0,young
7,85.0,68.0,30.0,122.0,31.3,0.231,0,young
6,127.0,69.0,29.0,124.0,39.6,0.344,0,older
4,132.0,66.0,28.0,116.0,25.4,0.222,0,young
7,99.0,68.0,28.0,129.0,30.0,0.277,0,older
4,87.0,83.0,30.0,126.0,39.8,0.221,0,older
5,98.0,76.0,30.0,124.0,31.0,0.172,0,older
8,87.0,72.0,30.0,124.0,27.0,0.32,0,older
2,103.0,68.0,18.0,61.0,27.8,0.209,0,young
1,101.0,61.0,24.0,195.0,38.1,0.515,0,young
7,100.0,75.0,28.0,120.0,30.8,0.259,0,young
1,104.0,87.0,35.0,492.0,37.4,0.48,1,young
0,117.0,86.0,29.0,120.0,38.9,0.203,0,young
10,96.0,78.0,29.0,127.0,32.1,0.264,0,young
6,122.0,85.0,31.0,123.0,35.6,0.243,0,young
1,98.0,82.0,29.0,112.0,37.4,0.346,0,young
0,105.0,80.0,41.0,130.0,34.2,0.275,0,young
4,98.0,71.0,26.0,125.0,31.7,0.159,0,young
2,98.0,68.0,42.0,81.0,32.3,0.157,0,young
1,88.0,76.0,30.0,126.0,38.4,0.171,0,young
5,80.0,67.0,29.0,135.0,33.7,0.165,0,older
1,96.0,60.0,13.0,98.0,19.6,0.259,0,young
0,168.0,70.0,39.0,171.0,40.1,0.474,1,young
1,125.0,78.0,29.0,119.0,29.1,0.299,0,young
1,77.0,71.0,30.0,120.0,32.5,0.211,0,young
7,104.0,63.0,29.0,120.0,33.3,0.283,0,young
4,94.0,70.0,29.0,125.0,25.5,0.272,0,young
3,99.0,67.0,20.0,49.0,22.5,0.185,0,young
6,105.0,67.0,31.0,124.0,36.6,0.309,0,young
1,99.0,62.0,35.0,122.0,33.5,0.235,0,young
1,108.0,68.0,29.0,127.0,24.7,0.259,0,young
1,107.0,76.0,28.0,125.0,27.4,0.286,0,older
0,116.0,79.0,38.0,191.0,33.3,0.512,0,young
1,124.0,62.0,22.0,124.0,33.0,0.212,0,young
4,90.0,73.0,28.0,128.0,23.5,0.187,0,young
2,76.0,84.0,30.0,121.0,38.3,0.267,0,older
0,116.0,65.0,41.0,124.0,35.4,0.348,0,young
5,104.0,66.0,32.0,128.0,32.1,0.301,1,young
0,122.0,73.0,13.0,124.0,36.4,0.253,0,young
0,85.0,74.0,30.0,129.0,31.4,0.343,0,young
2,122.0,77.0,35.0,126.0,27.9,0.269,0,young
8,98.0,80.0,28.0,124.0,34.6,0.146,0,older
5,199.0,88.0,34.0,356.0,43.9,0.576,1,older
2,122.0,63.0,25.0,130.0,31.7,0.275,0,young
7,125.0,68.0,28.0,127.0,33.0,0.334,0,older
1,85.0,67.0,29.0,120.0,35.6,0.2,0,young
1,142.0,84.0,40.0,80.0,36.9,0.763,0,young
9,106.0,73.0,31.0,124.0,30.3,0.286,1,older
1,127.0,76.0,40.0,127.0,40.5,0.232,0,young
0,61.0,53.0,28.0,128.0,21.4,0.377,0,young
5,97.0,72.0,29.0,133.0,34.2,0.299,0,young
1,103.0,75.0,29.0,121.0,30.3,0.084,0,young
2,139.0,84.0,29.0,133.0,27.6,0.324,1,older
1,99.0,72.0,35.0,74.0,31.7,0.489,0,young
0,114.0,72.0,32.0,119.0,36.3,0.18,0,young
3,91.0,50.0,36.0,77.0,28.1,0.264,0,young
8,115.0,85.0,34.0,124.0,36.3,0.279,1,older
0,81.0,67.0,33.0,126.0,30.4,0.272,0,young
2,105.0,70.0,9.0,124.0,29.6,0.2,0,young
1,121.0,76.0,38.0,129.0,31.8,0.229,0,young
8,130.0,74.0,36.0,132.0,30.6,0.385,1,older
1,111.0,63.0,32.0,123.0,41.5,0.084,0,young
1,76.0,59.0,18.0,58.0,26.0,0.195,0,young
1,85.0,63.0,37.0,127.0,28.0,0.249,0,young
1,96.0,65.0,29.0,118.0,38.2,0.352,0,young
3,116.0,87.0,32.0,219.0,37.6,0.583,0,young
5,187.0,82.0,41.0,131.0,32.9,0.095,1,older
9,131.0,70.0,37.0,122.0,31.1,0.292,1,young
6,129.0,75.0,28.0,120.0,29.3,0.228,1,young
2,102.0,60.0,28.0,119.0,33.1,0.251,0,young
3,148.0,79.0,30.0,134.0,33.6,0.294,0,young
3,108.0,77.0,33.0,120.0,35.7,0.298,0,young
2,85.0,58.0,30.0,126.0,33.4,0.342,0,older
6,108.0,79.0,30.0,123.0,39.8,0.242,1,older
1,100.0,64.0,15.0,125.0,31.4,0.301,0,young
9,132.0,70.0,33.0,122.0,38.1,0.214,1,young
2,112.0,63.0,19.0,126.0,25.4,0.189,0,young
0,137.0,53.0,29.0,51.0,26.5,0.598,0,young
6,127.0,71.0,34.0,123.0,35.6,0.247,1,young
4,96.0,67.0,35.0,118.0,33.1,0.19,0,young
7,119.0,68.0,28.0,123.0,28.2,0.339,0,young
2,79.0,66.0,20.0,80.0,27.1,0.311,0,young
0,106.0,77.0,27.0,126.0,37.8,0.238,0,young
1,84.0,68.0,37.0,153.0,38.1,0.252,0,young
8,114.0,72.0,29.0,131.0,31.0,0.249,0,older
1,120.0,71.0,29.0,124.0,36.2,0.344,1,older
8,86.0,86.0,28.0,125.0,35.1,0.335,0,older
1,93.0,56.0,37.0,73.0,37.8,0.238,0,young
0,104.0,61.0,15.0,134.0,19.9,0.261,0,young
5,105.0,63.0,29.0,132.0,32.1,0.234,0,young
7,124.0,83.0,29.0,133.0,32.5,0.258,1,older
2,106.0,66.0,29.0,120.0,30.6,0.173,0,older
0,102.0,61.0,31.0,128.0,26.1,0.344,0,young
4,99.0,74.0,30.0,125.0,29.3,0.206,0,young
1,107.0,73.0,29.0,123.0,35.8,0.205,0,young
7,101.0,77.0,36.0,126.0,27.4,0.252,0,older
0,102.0,61.0,36.0,130.0,33.2,0.257,0,young
0,98.0,71.0,41.0,98.0,34.7,0.179,0,young
8,76.0,68.0,27.0,130.0,25.1,0.295,0,young
0,131.0,77.0,41.0,123.0,35.5,0.275,0,young
1,128.0,74.0,51.0,179.0,47.3,0.269,0,young
9,101.0,73.0,29.0,132.0,32.8,0.308,0,older
1,80.0,68.0,36.0,124.0,34.2,0.197,0,young
11,114.0,76.0,41.0,128.0,39.8,0.273,1,older
5,115.0,63.0,29.0,132.0,29.0,0.385,0,young
0,85.0,66.0,34.0,126.0,33.8,0.212,0,young
7,136.0,75.0,37.0,133.0,36.5,0.288,1,older
10,106.0,69.0,47.0,126.0,29.2,0.253,1,older
0,113.0,67.0,42.0,125.0,34.0,0.135,0,young
14,122.0,77.0,38.0,127.0,34.3,0.401,1,older
4,99.0,69.0,42.0,82.0,25.9,0.25,0,young
8,156.0,85.0,28.0,126.0,30.9,0.316,1,older
0,95.0,58.0,31.0,123.0,41.0,0.396,0,young
5,164.0,77.0,42.0,170.0,34.2,0.287,1,older
5,121.0,77.0,40.0,125.0,31.7,0.271,1,young
7,154.0,92.0,28.0,124.0,34.2,0.264,1,older
11,158.0,97.0,28.0,122.0,36.0,0.376,1,older
5,90.0,60.0,28.0,123.0,21.5,0.276,0,young
0,82.0,75.0,28.0,122.0,22.3,0.169,0,young
1,124.0,70.0,45.0,48.0,30.4,0.099,0,young
1,100.0,72.0,13.0,130.0,24.1,0.232,0,young
0,70.0,83.0,30.0,124.0,34.3,0.272,0,young
1,137.0,83.0,43.0,121.0,41.2,0.256,1,older
5,144.0,66.0,42.0,129.0,41.1,0.328,1,young
5,91.0,72.0,29.0,124.0,35.5,0.323,0,young
7,101.0,78.0,29.0,127.0,27.7,0.25,0,young
10,104.0,85.0,28.0,123.0,30.7,0.298,1,older
7,95.0,74.0,28.0,127.0,34.3,0.217,1,older
11,110.0,69.0,28.0,128.0,48.6,0.326,1,older
7,97.0,65.0,27.0,129.0,28.2,0.194,0,older
1,107.0,53.0,25.0,130.0,33.5,0.31,0,young
7,103.0,59.0,23.0,129.0,38.8,0.084,0,young
10,114.0,61.0,28.0,129.0,32.3,0.19,0,older
1,118.0,66.0,28.0,121.0,25.5,0.203,0,young
0,100.0,63.0,38.0,121.0,34.9,0.206,1,young
7,92.0,71.0,28.0,124.0,27.2,0.236,0,older
1,119.0,72.0,30.0,131.0,36.6,0.436,0,young
10,83.0,74.0,28.0,120.0,31.7,0.414,0,young
5,127.0,78.0,29.0,124.0,28.6,0.267,0,young
2,123.0,71.0,27.0,122.0,36.9,0.19,0,young
1,86.0,59.0,11.0,67.0,24.5,0.125,0,young
0,95.0,81.0,43.0,115.0,35.2,0.771,0,young
2,131.0,71.0,34.0,128.0,40.2,0.698,1,young
7,83.0,49.0,13.0,126.0,26.4,0.2,0,young
7,111.0,57.0,29.0,129.0,35.3,0.128,0,young
5,99.0,67.0,34.0,127.0,28.5,0.257,1,older
12,121.0,78.0,29.0,130.0,28.7,0.27,0,older
7,100.0,97.0,29.0,130.0,35.0,0.304,0,older
1,77.0,54.0,43.0,129.0,30.3,0.292,0,young
1,91.0,73.0,31.0,119.0,34.0,0.368,0,young
8,102.0,76.0,30.0,121.0,36.4,0.348,0,older
0,121.0,77.0,29.0,124.0,31.7,0.288,0,young
5,152.0,81.0,24.0,120.0,39.0,0.322,1,older
1,107.0,80.0,24.0,187.0,27.2,0.829,1,young
0,115.0,78.0,35.0,126.0,39.8,0.209,0,young
0,85.0,73.0,7.0,50.0,23.1,0.366,0,young
2,106.0,73.0,20.0,121.0,31.7,0.244,0,young
6,106.0,70.0,39.0,124.0,25.3,0.236,1,young
1,117.0,68.0,28.0,122.0,30.3,0.14,0,young
1,80.0,66.0,31.0,121.0,30.4,0.7,0,young
7,110.0,66.0,28.0,126.0,26.4,0.232,0,older
7,85.0,74.0,27.0,131.0,26.7,0.301,0,older
1,108.0,67.0,49.0,41.0,40.6,0.239,0,young
5,172.0,73.0,35.0,129.0,28.6,0.312,1,older
5,106.0,73.0,24.0,127.0,33.0,0.317,0,young
1,109.0,73.0,34.0,131.0,39.3,0.269,0,young
1,117.0,57.0,37.0,124.0,24.8,0.254,0,young
8,176.0,80.0,29.0,128.0,33.2,0.354,1,older
12,144.0,107.0,38.0,128.0,36.6,0.376,1,older
5,93.0,71.0,28.0,127.0,27.0,0.294,0,older
9,175.0,79.0,35.0,132.0,35.9,0.249,1,older
1,127.0,66.0,28.0,135.0,31.9,0.465,0,young
1,110.0,68.0,30.0,128.0,27.6,0.239,0,young
2,104.0,77.0,46.0,127.0,39.6,0.25,0,older
1,124.0,73.0,28.0,128.0,30.4,0.258,0,young
0,112.0,69.0,31.0,121.0,38.4,0.274,0,young
0,88.0,81.0,33.0,122.0,38.2,0.564,0,young
2,124.0,67.0,22.0,125.0,28.5,0.273,0,young
9,132.0,83.0,30.0,207.0,42.1,0.378,1,older
12,139.0,77.0,22.0,125.0,29.1,0.178,1,older
1,95.0,77.0,36.0,120.0,37.9,0.206,0,young
5,86.0,79.0,40.0,121.0,30.9,0.145,1,young
2,103.0,65.0,29.0,125.0,34.5,0.124,0,young
8,124.0,80.0,28.0,127.0,35.6,0.17,1,older
10,78.0,78.0,30.0,122.0,28.3,0.313,0,older
12,112.0,86.0,25.0,125.0,33.1,0.29,1,older
12,112.0,80.0,27.0,133.0,25.9,0.188,0,older
1,128.0,76.0,17.0,123.0,38.2,0.242,0,young
0,114.0,65.0,22.0,130.0,28.5,0.217,0,young
11,107.0,70.0,37.0,122.0,35.8,0.256,1,older
6,108.0,60.0,19.0,122.0,28.0,0.392,0,older
2,59.0,70.0,30.0,124.0,39.4,0.281,0,young
1,100.0,59.0,16.0,120.0,22.8,0.123,0,young
1,123.0,76.0,31.0,127.0,43.4,0.667,1,young
3,92.0,77.0,30.0,132.0,28.6,0.269,0,young
0,89.0,73.0,44.0,103.0,35.5,0.31,0,young
4,86.0,69.0,29.0,130.0,24.8,0.221,0,young
8,125.0,83.0,31.0,129.0,27.5,0.215,1,young
0,97.0,68.0,23.0,91.0,27.9,0.706,0,young
2,125.0,65.0,16.0,127.0,30.8,0.252,0,young
2,109.0,65.0,24.0,125.0,37.6,0.367,0,young
2,90.0,77.0,31.0,195.0,35.2,0.612,1,young
0,98.0,63.0,29.0,125.0,33.9,0.222,0,young
9,167.0,80.0,34.0,117.0,27.0,0.294,1,older
3,104.0,67.0,29.0,120.0,34.1,0.316,0,older
4,92.0,77.0,34.0,129.0,30.6,0.241,1,young
1,111.0,47.0,29.0,59.0,31.5,0.159,0,young
1,110.0,70.0,39.0,133.0,40.9,0.278,0,young
3,132.0,62.0,36.0,170.0,36.2,0.861,1,young
0,122.0,71.0,27.0,159.0,27.5,0.673,1,young
0,94.0,66.0,31.0,54.0,36.6,0.731,0,young
1,107.0,66.0,39.0,69.0,40.5,0.386,0,young
6,181.0,68.0,32.0,207.0,29.2,0.324,1,young
8,111.0,81.0,36.0,128.0,32.0,0.365,1,older
1,100.0,62.0,41.0,132.0,30.5,0.102,0,young
1,131.0,70.0,27.0,133.0,32.1,0.108,0,young
8,103.0,84.0,36.0,124.0,38.4,0.306,1,young
3,111.0,75.0,28.0,123.0,32.9,0.269,1,older
1,117.0,60.0,38.0,78.0,37.9,0.499,0,young
2,120.0,65.0,21.0,64.0,25.8,0.802,0,young
2,129.0,56.0,46.0,119.0,30.3,0.084,0,young
2,121.0,51.0,21.0,129.0,23.9,0.212,0,young
1,94.0,71.0,30.0,123.0,28.7,0.23,0,young
0,78.0,56.0,34.0,37.0,32.1,0.271,0,young
0,130.0,70.0,37.0,189.0,42.8,0.632,1,young
1,109.0,70.0,17.0,127.0,32.6,0.227,0,young
4,111.0,68.0,47.0,126.0,31.8,0.257,1,young
6,103.0,79.0,36.0,123.0,29.9,0.186,1,older
4,155.0,90.0,28.0,134.0,43.5,0.137,1,older
1,102.0,61.0,21.0,131.0,31.1,0.168,0,young
8,116.0,73.0,30.0,119.0,29.2,0.259,0,older
0,100.0,80.0,29.0,124.0,35.2,0.217,0,young
1,118.0,67.0,24.0,90.0,25.0,0.245,0,young
1,86.0,78.0,29.0,124.0,34.3,0.242,0,young
10,98.0,82.0,41.0,126.0,35.6,0.157,0,young
1,93.0,63.0,10.0,119.0,20.9,0.207,0,young
7,112.0,63.0,29.0,124.0,34.6,0.268,0,young
1,103.0,73.0,35.0,18.0,34.9,0.307,0,young
0,129.0,62.0,39.0,126.0,38.1,0.084,0,young
8,133.0,70.0,28.0,122.0,33.8,0.304,0,young
2,107.0,71.0,29.0,127.0,34.6,0.321,0,young
2,103.0,70.0,29.0,123.0,36.6,0.219,0,older
0,129.0,68.0,43.0,131.0,34.2,0.262,0,young
3,153.0,78.0,29.0,123.0,32.6,0.294,1,older
0,122.0,85.0,32.0,125.0,38.6,0.29,1,young
1,95.0,68.0,27.0,128.0,31.3,0.129,0,young
2,76.0,69.0,26.0,133.0,33.9,0.218,0,young
1,98.0,71.0,29.0,117.0,41.5,0.313,0,young
1,142.0,82.0,44.0,166.0,44.4,0.655,0,young
0,117.0,67.0,18.0,158.0,34.1,0.578,0,young
5,95.0,80.0,32.0,122.0,18.9,0.125,0,older
0,101.0,71.0,29.0,123.0,34.7,0.232,0,young
1,119.0,65.0,36.0,166.0,31.8,0.615,1,young
3,116.0,65.0,29.0,125.0,35.8,0.247,0,young
0,124.0,68.0,30.0,123.0,35.8,0.156,1,young
1,118.0,69.0,33.0,161.0,30.4,0.4,0,young
7,95.0,77.0,24.0,121.0,28.3,0.137,0,older
2,99.0,59.0,26.0,47.0,23.5,0.241,0,young
6,136.0,68.0,28.0,128.0,24.3,0.171,0,young
3,107.0,71.0,29.0,123.0,28.8,0.218,0,older
0,118.0,75.0,12.0,128.0,26.3,0.374,0,young
2,83.0,51.0,16.0,125.0,20.5,0.239,0,young
1,95.0,78.0,33.0,120.0,31.5,0.124,0,young
9,146.0,91.0,31.0,133.0,38.1,0.298,1,young
1,104.0,66.0,22.0,128.0,37.5,0.135,0,young
1,105.0,69.0,30.0,122.0,35.9,0.221,0,young
0,85.0,86.0,45.0,76.0,38.1,0.282,0,young
0,137.0,51.0,39.0,76.0,37.3,0.285,0,young
1,114.0,71.0,43.0,236.0,37.7,0.679,1,young
2,113.0,78.0,29.0,121.0,24.9,0.235,0,older
1,123.0,87.0,29.0,127.0,41.7,0.323,0,young
7,65.0,69.0,28.0,124.0,33.8,0.234,0,young
6,120.0,63.0,29.0,129.0,25.8,0.323,0,older
11,103.0,70.0,30.0,130.0,36.3,0.196,1,older
4,120.0,66.0,29.0,117.0,34.7,0.654,1,young
2,99.0,76.0,29.0,127.0,28.8,0.379,1,older
6,100.0,77.0,29.0,122.0,36.9,0.387,1,older
13,109.0,76.0,29.0,122.0,35.6,0.267,1,older
10,119.0,79.0,29.0,126.0,26.4,0.195,0,older
5,104.0,70.0,23.0,59.0,29.0,0.214,0,young
5,106.0,70.0,32.0,131.0,31.1,0.284,0,young
2,108.0,75.0,45.0,129.0,36.2,0.229,0,young
8,114.0,84.0,30.0,124.0,29.3,0.119,0,young
2,108.0,65.0,29.0,128.0,36.1,0.252,0,young
1,107.0,81.0,38.0,133.0,28.0,0.237,0,young
12,128.0,68.0,37.0,122.0,31.5,0.278,1,older
0,93.0,66.0,15.0,126.0,29.1,0.321,0,young
1,111.0,66.0,35.0,169.0,44.5,0.775,0,young
8,107.0,70.0,27.0,125.0,34.0,0.219,0,older
0,83.0,65.0,17.0,123.0,27.1,0.182,0,young
7,120.0,70.0,30.0,234.0,35.8,0.625,1,young
3,94.0,72.0,29.0,124.0,36.4,0.383,0,older
6,106.0,88.0,31.0,128.0,32.5,0.277,1,older
0,76.0,64.0,34.0,62.0,24.8,0.732,0,young
2,115.0,65.0,29.0,128.0,26.9,0.326,0,young
2,105.0,84.0,28.0,125.0,39.5,0.084,0,young
1,109.0,58.0,35.0,123.0,25.1,0.542,0,young
8,99.0,68.0,28.0,124.0,26.2,0.246,1,older
6,107.0,90.0,30.0,129.0,26.2,0.22,1,older
9,115.0,70.0,29.0,126.0,34.4,0.257,0,older
7,101.0,78.0,30.0,124.0,30.8,0.193,0,older
9,111.0,82.0,30.0,125.0,30.3,0.252,0,older
1,114.0,65.0,27.0,64.0,32.1,0.13,0,young
4,82.0,61.0,29.0,127.0,32.1,0.178,0,young
0,113.0,65.0,33.0,119.0,30.6,0.23,0,young
0,117.0,77.0,19.0,125.0,23.0,0.184,0,young
1,115.0,61.0,23.0,130.0,24.9,0.158,0,young
2,108.0,65.0,50.0,123.0,37.1,0.149,0,young
2,101.0,64.0,21.0,52.0,23.4,0.226,0,young
5,140.0,68.0,33.0,126.0,28.7,0.216,1,young
10,165.0,84.0,42.0,125.0,26.4,0.205,1,older
2,78.0,65.0,31.0,125.0,27.5,0.213,0,young
0,109.0,81.0,20.0,119.0,23.9,0.315,0,young
7,162.0,96.0,29.0,128.0,30.8,0.184,1,older
1,119.0,81.0,37.0,127.0,33.6,0.252,0,young
2,122.0,95.0,45.0,116.0,38.1,0.354,1,young
6,129.0,68.0,44.0,122.0,38.0,0.255,1,young
1,87.0,64.0,21.0,81.0,25.0,0.517,0,young
5,102.0,71.0,29.0,126.0,36.9,0.311,0,older
2,99.0,63.0,28.0,127.0,32.9,0.248,0,young
10,95.0,80.0,29.0,130.0,31.3,0.305,0,older
2,100.0,79.0,37.0,120.0,33.9,0.252,0,young
1,106.0,70.0,29.0,125.0,33.9,0.204,0,young
2,81.0,76.0,28.0,130.0,21.5,0.293,0,young
2,91.0,71.0,30.0,125.0,34.9,0.232,0,young
12,116.0,69.0,29.0,129.0,31.7,0.183,0,older
5,120.0,70.0,30.0,133.0,31.6,0.13,1,older
1,117.0,65.0,31.0,131.0,33.1,0.26,0,young
0,87.0,72.0,45.0,94.0,36.3,0.462,1,young
12,105.0,73.0,29.0,120.0,33.3,0.312,0,older
7,91.0,71.0,29.0,118.0,32.6,0.211,0,young
8,107.0,67.0,30.0,126.0,32.1,0.516,1,young
9,110.0,79.0,30.0,131.0,26.8,0.084,0,young
4,139.0,66.0,34.0,66.0,35.0,0.239,0,young
2,182.0,68.0,36.0,135.0,39.5,0.807,1,young
0,89.0,71.0,29.0,123.0,26.6,0.135,0,young
3,117.0,68.0,23.0,130.0,29.5,0.304,0,young
8,125.0,82.0,28.0,130.0,24.4,0.272,0,young
9,81.0,68.0,29.0,132.0,33.8,0.205,0,older
5,107.0,82.0,29.0,125.0,34.6,0.269,0,older
6,130.0,92.0,31.0,128.0,37.5,0.317,1,older
2,122.0,76.0,28.0,121.0,32.3,0.367,0,young
2,105.0,76.0,31.0,123.0,28.5,0.084,0,young
0,124.0,65.0,32.0,194.0,46.1,0.692,1,young
0,97.0,73.0,31.0,123.0,29.3,0.241,0,young
7,126.0,85.0,28.0,123.0,35.1,0.199,0,older
6,159.0,57.0,49.0,132.0,25.0,0.292,1,older
9,172.0,78.0,34.0,130.0,30.4,0.273,1,older
0,95.0,63.0,25.0,233.0,29.7,0.41,1,young
2,120.0,68.0,28.0,123.0,20.7,0.198,0,young
1,127.0,60.0,34.0,129.0,31.1,0.278,0,young
6,119.0,80.0,29.0,126.0,31.4,0.183,1,older
2,136.0,76.0,32.0,125.0,40.4,0.338,0,young
0,97.0,69.0,35.0,228.0,26.1,0.41,0,young
1,107.0,55.0,28.0,123.0,27.1,0.253,0,young
0,83.0,68.0,24.0,22.0,25.4,0.493,0,young
0,98.0,70.0,40.0,213.0,34.3,0.65,0,young
2,114.0,68.0,30.0,129.0,32.5,0.315,0,young
6,166.0,69.0,28.0,124.0,32.8,0.244,1,older
6,120.0,77.0,29.0,127.0,34.3,0.14,1,older
2,100.0,73.0,21.0,126.0,25.4,0.225,0,young
7,112.0,79.0,29.0,127.0,33.9,0.283,0,older
7,148.0,88.0,30.0,131.0,30.7,0.312,1,older
0,102.0,77.0,30.0,131.0,35.0,0.248,0,young
10,100.0,71.0,29.0,131.0,33.7,0.239,0,older
1,112.0,70.0,39.0,129.0,29.9,0.211,1,young
0,99.0,70.0,21.0,89.0,36.1,0.228,0,young
1,105.0,75.0,30.0,122.0,29.9,0.234,0,young
17,87.0,85.0,29.0,126.0,31.9,0.233,0,older
4,111.0,67.0,25.0,123.0,29.7,0.297,0,young
10,127.0,79.0,27.0,129.0,24.8,0.261,0,older
2,116.0,77.0,29.0,125.0,31.7,0.11,0,young
9,92.0,70.0,28.0,124.0,28.7,0.332,1,older
1,114.0,70.0,23.0,125.0,22.6,0.155,0,young
7,117.0,73.0,35.0,132.0,32.1,0.25,0,young
0,110.0,74.0,28.0,127.0,28.6,0.274,0,young
0,115.0,80.0,33.0,123.0,30.2,0.113,0,young
0,112.0,72.0,38.0,123.0,38.0,0.222,1,young
3,178.0,66.0,55.0,130.0,28.8,0.387,1,older
0,123.0,78.0,39.0,151.0,31.8,0.646,0,young
5,101.0,68.0,29.0,125.0,25.5,0.182,0,young
0,97.0,58.0,18.0,119.0,30.6,0.175,0,young
1,89.0,64.0,31.0,130.0,29.7,0.094,0,young
4,115.0,79.0,29.0,118.0,31.1,0.165,0,young
1,106.0,64.0,15.0,110.0,22.2,0.304,0,young
1,107.0,73.0,25.0,170.0,32.6,0.33,1,young
0,96.0,73.0,15.0,93.0,25.7,0.566,0,young
1,96.0,65.0,38.0,103.0,26.7,0.56,0,young
2,97.0,73.0,29.0,122.0,33.7,0.329,0,young
2,113.0,62.0,30.0,123.0,31.1,0.324,0,older
8,115.0,77.0,29.0,129.0,37.1,0.145,0,young
0,129.0,64.0,41.0,204.0,42.9,0.465,1,young
1,103.0,83.0,32.0,115.0,37.6,0.358,0,young
5,105.0,80.0,29.0,120.0,35.9,0.14,0,older
8,96.0,57.0,28.0,127.0,31.9,0.218,0,young
10,89.0,81.0,25.0,127.0,28.2,0.331,1,older
2,112.0,64.0,37.0,119.0,36.5,0.094,0,young
8,172.0,73.0,47.0,128.0,34.9,0.235,1,older
11,106.0,77.0,29.0,129.0,34.7,0.113,1,older
9,111.0,64.0,29.0,118.0,24.4,0.35,0,young
9,85.0,68.0,28.0,125.0,27.8,0.21,0,older
9,102.0,73.0,29.0,128.0,34.6,0.144,0,young
8,110.0,70.0,41.0,122.0,37.1,0.321,1,older
1,102.0,69.0,28.0,124.0,35.8,0.315,1,young
7,183.0,78.0,44.0,125.0,32.5,0.568,1,older
0,108.0,64.0,28.0,135.0,30.6,0.309,0,young
1,117.0,84.0,29.0,190.0,36.0,0.321,1,young
0,111.0,75.0,28.0,130.0,36.9,0.255,0,young
8,177.0,73.0,31.0,201.0,29.6,0.758,1,young
3,107.0,53.0,33.0,121.0,29.7,0.142,0,older
0,86.0,68.0,29.0,131.0,33.4,0.166,0,young
1,109.0,71.0,14.0,123.0,31.8,0.29,0,older
3,108.0,73.0,32.0,179.0,44.0,0.616,1,young
2,132.0,59.0,17.0,120.0,39.0,0.211,0,young
0,84.0,78.0,28.0,128.0,32.7,0.193,0,young
2,119.0,57.0,27.0,124.0,32.5,0.263,0,young
0,69.0,66.0,25.0,47.0,29.6,0.324,0,young
1,92.0,70.0,29.0,119.0,32.2,0.135,0,older
9,133.0,83.0,30.0,135.0,29.8,0.34,1,older
8,104.0,72.0,29.0,123.0,30.2,0.168,0,older
2,120.0,68.0,24.0,122.0,32.3,0.322,0,young
1,113.0,79.0,24.0,203.0,36.4,0.582,1,young
7,118.0,84.0,29.0,124.0,36.2,0.168,1,older
1,85.0,90.0,30.0,130.0,35.0,0.506,0,young
0,125.0,68.0,29.0,121.0,27.9,0.188,0,young
1,67.0,81.0,30.0,133.0,30.1,0.213,0,young
6,132.0,68.0,30.0,126.0,27.7,0.319,0,young
0,93.0,73.0,16.0,120.0,31.7,0.168,0,young
1,117.0,60.0,30.0,77.0,20.5,0.256,0,young
8,110.0,76.0,34.0,126.0,38.3,0.322,1,young
1,130.0,72.0,32.0,124.0,34.5,0.307,0,young
0,126.0,70.0,18.0,118.0,19.0,0.257,0,young
2,131.0,61.0,28.0,130.0,33.8,0.167,0,young
2,121.0,71.0,39.0,117.0,39.8,0.218,0,young
11,118.0,78.0,28.0,125.0,29.9,0.209,0,young
1,75.0,69.0,41.0,73.0,34.8,0.392,0,young
1,97.0,70.0,18.0,123.0,23.6,0.311,0,young
0,75.0,68.0,34.0,62.0,32.6,0.324,0,young
6,122.0,71.0,51.0,129.0,28.8,0.418,1,older
1,87.0,54.0,32.0,173.0,38.7,0.637,0,young
1,131.0,78.0,34.0,125.0,32.0,0.166,1,young
13,129.0,87.0,38.0,130.0,39.7,0.287,1,older
8,184.0,86.0,36.0,128.0,31.4,0.349,1,older
6,112.0,64.0,28.0,126.0,26.9,0.16,0,young
5,85.0,85.0,30.0,133.0,25.9,0.273,0,older
0,135.0,74.0,28.0,127.0,29.6,0.181,0,young
12,139.0,81.0,29.0,123.0,31.0,0.241,1,older
8,104.0,69.0,35.0,135.0,28.4,0.228,0,young
11,138.0,88.0,41.0,119.0,29.3,0.314,1,older
11,169.0,78.0,37.0,122.0,28.4,0.248,1,older
8,118.0,92.0,29.0,133.0,34.5,0.354,1,older
10,116.0,70.0,29.0,125.0,35.4,0.182,0,older
8,96.0,78.0,28.0,122.0,36.3,0.118,0,older
0,92.0,75.0,34.0,127.0,35.8,0.342,0,young
6,102.0,62.0,30.0,128.0,24.2,0.232,0,young
3,127.0,73.0,35.0,131.0,36.3,0.268,0,young
2,103.0,81.0,27.0,53.0,20.4,0.594,0,young
1,111.0,73.0,13.0,129.0,20.9,0.239,0,young
5,114.0,73.0,29.0,130.0,31.1,0.181,0,young
0,126.0,75.0,29.0,127.0,32.9,0.302,0,young
7,82.0,75.0,29.0,128.0,37.4,0.222,0,young
8,122.0,68.0,28.0,121.0,33.8,0.309,0,older
1,99.0,67.0,21.0,230.0,31.9,0.451,0,young
0,91.0,81.0,31.0,125.0,32.8,0.183,0,young
8,112.0,73.0,31.0,123.0,35.2,0.237,0,older
0,120.0,78.0,44.0,125.0,34.3,0.313,0,young
1,110.0,61.0,31.0,174.0,30.6,0.336,0,young
1,96.0,61.0,11.0,48.0,25.8,0.326,0,young
3,98.0,68.0,29.0,119.0,31.3,0.274,0,older
7,105.0,76.0,33.0,127.0,20.5,0.262,1,young
7,74.0,79.0,29.0,125.0,35.8,0.245,0,young
9,86.0,71.0,40.0,111.0,33.3,0.222,0,older
1,107.0,69.0,38.0,163.0,34.8,0.431,1,young
9,162.0,73.0,38.0,121.0,34.2,0.26,1,older
8,84.0,66.0,28.0,124.0,20.9,0.391,0,young
2,102.0,73.0,29.0,127.0,29.2,0.336,1,young
1,112.0,61.0,30.0,129.0,34.9,0.084,0,young
1,96.0,74.0,29.0,122.0,31.5,0.25,0,young
1,106.0,68.0,16.0,176.0,32.4,0.586,0,young
11,117.0,77.0,29.0,132.0,33.8,0.228,0,older
1,89.0,61.0,28.0,129.0,30.7,0.183,0,young
7,95.0,85.0,29.0,125.0,33.0,0.297,0,young
5,117.0,68.0,30.0,127.0,29.5,0.418,0,young
1,103.0,61.0,29.0,126.0,32.3,0.211,0,young
3,118.0,68.0,29.0,121.0,30.8,0.273,0,young
9,157.0,83.0,40.0,125.0,38.4,0.328,1,older
2,115.0,75.0,28.0,117.0,34.9,0.33,0,young
9,101.0,70.0,29.0,129.0,29.6,0.138,1,older
6,129.0,67.0,27.0,178.0,30.3,0.394,1,young
9,98.0,82.0,30.0,127.0,36.7,0.266,1,older
2,122.0,75.0,38.0,127.0,33.7,0.249,0,young
10,115.0,70.0,29.0,129.0,31.8,0.285,0,older
1,112.0,61.0,20.0,83.0,27.7,0.263,0,young
4,113.0,67.0,24.0,120.0,31.9,0.161,0,young
2,107.0,59.0,36.0,126.0,23.2,0.173,0,young
1,110.0,81.0,23.0,131.0,27.4,0.217,0,young
8,101.0,72.0,28.0,130.0,25.0,0.246,0,older
1,109.0,66.0,46.0,131.0,42.3,0.286,0,young
7,113.0,67.0,27.0,124.0,31.1,0.268,0,young
7,112.0,75.0,29.0,126.0,29.6,0.19,0,older
6,100.0,62.0,30.0,118.0,33.6,0.307,0,older
4,100.0,70.0,27.0,126.0,29.4,0.245,0,older
12,91.0,76.0,30.0,126.0,35.9,0.339,0,older
0,117.0,68.0,38.0,144.0,28.4,0.612,0,young
0,89.0,68.0,38.0,106.0,33.2,0.261,0,young
1,134.0,80.0,21.0,132.0,23.3,0.152,0,young
0,88.0,68.0,30.0,124.0,29.8,0.225,0,young
1,81.0,72.0,19.0,128.0,29.7,0.218,0,young
11,105.0,66.0,28.0,122.0,38.2,0.183,0,young
0,109.0,70.0,20.0,125.0,23.7,0.321,0,young
0,97.0,63.0,31.0,127.0,29.9,0.443,0,young
11,103.0,71.0,31.0,145.0,24.9,0.48,1,older
2,83.0,71.0,38.0,126.0,25.2,0.302,0,young
2,74.0,63.0,44.0,91.0,29.4,0.602,0,young
4,89.0,71.0,29.0,130.0,28.4,0.2,0,older
2,111.0,62.0,33.0,67.0,26.9,0.503,0,young
0,111.0,73.0,29.0,121.0,32.6,0.29,0,young
9,94.0,76.0,41.0,125.0,25.8,0.248,1,older
13,147.0,87.0,31.0,126.0,34.8,0.168,1,older
2,76.0,55.0,23.0,24.0,28.2,0.217,0,young
7,106.0,77.0,28.0,126.0,26.1,0.236,0,older
1,83.0,70.0,30.0,128.0,34.7,0.276,0,young
1,92.0,76.0,38.0,130.0,31.1,0.133,0,young
1,114.0,70.0,38.0,125.0,28.6,0.29,0,young
1,105.0,78.0,30.0,127.0,36.8,0.293,0,young
1,112.0,66.0,29.0,122.0,40.1,0.187,0,young
8,123.0,70.0,29.0,130.0,35.1,0.25,1,young
0,103.0,73.0,35.0,76.0,35.4,0.207,0,young
7,109.0,62.0,28.0,118.0,23.6,0.227,0,young
2,103.0,79.0,30.0,132.0,37.5,0.187,0,young
0,78.0,74.0,27.0,124.0,31.4,0.189,0,young
8,186.0,82.0,21.0,166.0,30.6,0.421,1,older
1,94.0,64.0,38.0,127.0,30.7,0.271,0,young
1,124.0,71.0,46.0,216.0,36.6,0.238,0,young
6,109.0,61.0,36.0,131.0,33.6,0.31,1,young
2,97.0,69.0,39.0,43.0,32.5,0.586,0,young
1,117.0,66.0,19.0,120.0,29.2,0.285,0,young
7,106.0,69.0,28.0,125.0,26.2,0.186,0,young
1,100.0,68.0,13.0,75.0,29.2,0.213,0,young
4,99.0,62.0,22.0,89.0,32.0,0.304,0,young
6,165.0,71.0,40.0,121.0,40.7,0.381,1,older
2,107.0,78.0,30.0,121.0,31.4,0.285,0,young
8,167.0,77.0,23.0,119.0,26.2,0.711,1,older
1,117.0,74.0,30.0,127.0,35.0,0.22,0,young
1,94.0,73.0,30.0,125.0,33.3,0.272,0,young
7,129.0,69.0,38.0,123.0,31.7,0.321,1,older
2,114.0,51.0,34.0,97.0,26.0,0.226,0,young
13,108.0,93.0,37.0,127.0,31.0,0.418,1,older
0,106.0,75.0,41.0,184.0,29.6,0.323,0,young
4,92.0,76.0,26.0,126.0,28.0,0.29,0,young
6,101.0,80.0,29.0,131.0,29.0,0.198,1,older
2,122.0,63.0,29.0,130.0,25.8,0.215,0,young
1,135.0,70.0,29.0,130.0,39.0,0.084,0,young
4,115.0,64.0,30.0,129.0,33.2,0.355,1,young
2,74.0,48.0,17.0,42.0,24.7,0.217,0,young
6,107.0,84.0,28.0,127.0,28.3,0.291,0,older
1,119.0,67.0,33.0,182.0,32.4,0.577,0,young
1,128.0,62.0,25.0,161.0,34.2,0.567,0,young
1,83.0,65.0,29.0,123.0,33.9,0.174,0,young
9,115.0,72.0,29.0,126.0,31.4,0.268,1,older
6,169.0,73.0,38.0,122.0,39.1,0.331,1,older
2,126.0,68.0,43.0,126.0,37.5,0.214,0,young
1,79.0,61.0,26.0,43.0,28.6,0.21,0,young
9,107.0,71.0,41.0,130.0,28.4,0.208,1,older
6,109.0,68.0,29.0,123.0,22.6,0.374,0,older
6,85.0,79.0,30.0,120.0,30.3,0.119,0,older
2,101.0,60.0,27.0,130.0,38.5,0.606,1,young
11,84.0,65.0,30.0,125.0,29.7,0.168,1,older
0,116.0,83.0,29.0,119.0,33.7,0.2,0,young
2,103.0,63.0,34.0,80.0,32.6,0.296,0,young
2,93.0,81.0,29.0,126.0,40.0,0.276,0,older
0,106.0,73.0,28.0,122.0,27.5,0.301,0,young
1,125.0,63.0,34.0,166.0,41.7,0.408,1,young
0,115.0,73.0,26.0,121.0,36.8,0.363,0,young
5,92.0,82.0,29.0,121.0,28.8,0.238,0,young
1,86.0,73.0,29.0,123.0,38.4,0.329,0,young
2,112.0,70.0,29.0,132.0,32.7,0.216,0,young
10,144.0,75.0,28.0,123.0,31.4,0.211,0,older
6,105.0,72.0,28.0,130.0,32.8,0.327,0,young
2,105.0,61.0,29.0,127.0,32.0,0.353,0,young
0,102.0,60.0,29.0,54.0,24.8,0.302,0,young
2,107.0,75.0,21.0,122.0,27.8,0.277,0,young
0,93.0,70.0,53.0,133.0,29.3,0.352,1,young
5,157.0,89.0,29.0,129.0,31.7,0.192,1,older
1,107.0,80.0,39.0,121.0,39.1,0.335,0,young
0,101.0,69.0,20.0,161.0,33.2,0.482,1,young
3,92.0,59.0,28.0,120.0,38.5,0.181,0,young
9,166.0,90.0,40.0,383.0,43.6,0.513,1,older
0,111.0,77.0,29.0,122.0,39.1,0.375,0,young
1,103.0,85.0,25.0,129.0,38.1,0.18,0,young
4,113.0,82.0,29.0,117.0,33.8,0.147,1,older
1,97.0,59.0,32.0,78.0,30.3,0.6,0,young
5,107.0,77.0,33.0,125.0,30.9,0.21,1,young
1,99.0,70.0,32.0,163.0,42.6,0.391,1,young
0,109.0,67.0,24.0,84.0,26.4,0.266,0,young
0,124.0,83.0,31.0,128.0,39.3,0.208,0,young
8,96.0,66.0,28.0,126.0,31.8,0.24,0,older
1,112.0,70.0,28.0,124.0,30.7,0.238,0,young
2,143.0,69.0,22.0,113.0,44.2,0.217,0,young
7,113.0,83.0,27.0,120.0,32.4,0.263,0,young
2,103.0,81.0,44.0,124.0,32.4,0.225,0,young
7,105.0,74.0,27.0,124.0,31.8,0.212,0,young
1,111.0,68.0,28.0,124.0,21.3,0.304,0,young
1,110.0,73.0,42.0,53.0,40.8,0.335,0,young
1,84.0,55.0,34.0,192.0,28.8,0.835,1,young
0,107.0,53.0,14.0,128.0,21.5,0.31,0,young
1,131.0,79.0,28.0,123.0,34.0,0.199,0,young
9,99.0,75.0,31.0,130.0,32.9,0.267,1,young
1,111.0,73.0,35.0,125.0,21.9,0.221,0,young
6,112.0,84.0,30.0,129.0,33.5,0.305,1,older
8,102.0,73.0,38.0,134.0,38.2,0.615,1,young
2,120.0,68.0,46.0,133.0,32.1,0.203,0,young
7,121.0,66.0,29.0,125.0,25.2,0.247,1,older
8,84.0,72.0,28.0,131.0,30.4,0.293,0,older
6,143.0,72.0,29.0,121.0,48.7,0.33,1,older
7,120.0,80.0,32.0,129.0,30.5,0.214,1,older
1,124.0,75.0,37.0,125.0,37.8,0.355,1,young
1,93.0,68.0,46.0,128.0,28.8,0.167,0,young
1,96.0,61.0,29.0,122.0,30.4,0.208,0,young
8,137.0,70.0,28.0,128.0,33.4,0.222,1,older
1,105.0,75.0,30.0,131.0,32.4,0.221,0,young
8,175.0,74.0,33.0,128.0,31.5,0.269,1,older
8,98.0,68.0,25.0,123.0,32.1,0.245,0,older
7,97.0,64.0,29.0,130.0,29.2,0.257,0,young
6,112.0,72.0,28.0,125.0,38.4,0.321,0,older
2,114.0,65.0,41.0,123.0,36.7,0.084,0,young
1,114.0,54.0,39.0,100.0,18.2,0.498,0,young
4,95.0,68.0,30.0,130.0,30.5,0.318,0,young
5,116.0,58.0,30.0,132.0,32.7,0.209,0,older
4,99.0,74.0,30.0,133.0,39.1,0.188,0,older
1,100.0,73.0,46.0,120.0,36.3,0.193,0,young
1,109.0,65.0,17.0,87.0,28.9,0.248,0,young
1,100.0,57.0,50.0,57.0,34.3,0.233,0,young
2,106.0,73.0,15.0,125.0,27.5,0.294,0,young
10,106.0,72.0,46.0,124.0,40.7,0.329,1,older
2,106.0,71.0,39.0,127.0,32.2,0.279,0,young
3,73.0,72.0,35.0,47.0,29.3,0.408,0,young
1,121.0,79.0,28.0,79.0,30.2,1.049,0,young
1,103.0,69.0,43.0,126.0,34.0,0.354,0,young
1,93.0,74.0,29.0,125.0,32.5,0.323,0,young
2,75.0,68.0,28.0,73.0,28.7,0.201,0,young
6,123.0,77.0,32.0,123.0,26.9,0.277,0,young
1,116.0,61.0,43.0,70.0,30.0,0.255,0,young
0,100.0,75.0,42.0,171.0,33.6,0.325,1,young
2,97.0,53.0,16.0,36.0,26.9,0.282,0,young
9,124.0,70.0,30.0,128.0,34.2,0.397,0,young
2,118.0,65.0,26.0,81.0,35.9,0.236,0,young
0,116.0,60.0,29.0,129.0,31.1,0.262,0,young
7,189.0,78.0,31.0,127.0,33.8,0.304,1,young
11,93.0,88.0,27.0,128.0,31.7,0.182,0,older
4,112.0,66.0,28.0,131.0,29.6,0.209,0,older
2,85.0,63.0,14.0,70.0,21.1,0.187,0,young
2,169.0,80.0,39.0,131.0,26.6,0.31,1,older
0,119.0,73.0,14.0,71.0,33.0,0.347,0,young
7,94.0,57.0,28.0,117.0,30.8,0.379,0,older
0,107.0,84.0,39.0,211.0,31.1,0.769,1,young
8,107.0,64.0,28.0,124.0,28.8,0.169,0,older
4,110.0,76.0,45.0,127.0,37.6,0.33,1,young
0,97.0,57.0,29.0,120.0,29.3,0.281,0,young
8,109.0,71.0,43.0,130.0,28.3,0.203,1,older
0,110.0,71.0,20.0,118.0,35.9,0.27,0,young
8,140.0,73.0,28.0,122.0,26.5,0.248,0,older
6,142.0,79.0,38.0,261.0,31.3,0.821,1,older
4,157.0,68.0,36.0,124.0,43.5,0.273,1,older
2,102.0,76.0,33.0,131.0,33.1,0.088,0,young
7,125.0,67.0,46.0,126.0,35.5,0.168,1,older
6,79.0,74.0,32.0,120.0,32.7,0.223,0,older
4,101.0,63.0,31.0,125.0,28.7,0.251,1,older
6,172.0,90.0,38.0,128.0,44.3,0.243,1,older
5,114.0,74.0,29.0,121.0,28.6,0.155,0,older
6,88.0,55.0,23.0,128.0,30.6,0.351,0,young
2,100.0,59.0,15.0,129.0,26.4,0.336,0,young
9,59.0,86.0,32.0,130.0,25.8,0.318,0,older
6,86.0,80.0,29.0,135.0,28.2,0.218,0,young
1,56.0,64.0,41.0,95.0,36.0,0.251,0,young
2,112.0,61.0,29.0,126.0,36.4,0.084,0,young
8,109.0,78.0,30.0,130.0,31.8,0.221,1,older
2,99.0,57.0,22.0,127.0,29.3,0.147,0,young
5,128.0,66.0,20.0,129.0,30.9,0.242,0,older
1,118.0,76.0,17.0,129.0,32.5,0.324,0,young
1,94.0,65.0,29.0,119.0,35.2,0.193,0,young
1,80.0,72.0,26.0,67.0,39.3,0.213,0,young
2,124.0,65.0,14.0,125.0,35.6,0.16,0,young
1,107.0,55.0,14.0,122.0,28.9,0.182,0,young
1,75.0,73.0,30.0,127.0,31.9,0.279,0,young
2,79.0,76.0,35.0,66.0,37.2,0.542,0,young
6,96.0,77.0,30.0,123.0,27.7,0.274,1,older
1,100.0,74.0,29.0,124.0,23.5,0.294,0,young
12,110.0,66.0,34.0,121.0,34.0,0.226,0,older
5,105.0,72.0,36.0,129.0,28.7,0.195,0,older
0,109.0,72.0,14.0,68.0,30.4,0.203,0,young
5,163.0,67.0,34.0,131.0,28.8,0.308,1,older
7,118.0,73.0,17.0,125.0,36.6,0.109,0,young
1,121.0,67.0,34.0,181.0,31.6,0.707,0,young
0,125.0,74.0,30.0,135.0,26.2,0.259,0,young
8,139.0,74.0,32.0,123.0,25.2,0.483,1,young
0,86.0,70.0,29.0,129.0,29.1,0.283,0,young
0,131.0,74.0,27.0,219.0,35.8,0.626,1,young
7,120.0,90.0,28.0,124.0,37.2,0.285,0,older
1,114.0,62.0,30.0,128.0,29.4,0.613,0,young
0,96.0,83.0,46.0,123.0,37.8,0.338,0,young
6,158.0,73.0,30.0,134.0,30.0,0.27,1,older
0,93.0,68.0,41.0,128.0,40.5,0.108,0,young
1,100.0,66.0,32.0,161.0,36.5,0.619,0,young
0,117.0,57.0,43.0,199.0,38.8,0.188,0,young
1,86.0,68.0,53.0,103.0,29.7,0.512,0,young
1,104.0,63.0,37.0,126.0,30.7,0.223,0,young
1,98.0,66.0,28.0,126.0,31.2,0.235,0,young
0,93.0,64.0,15.0,125.0,32.1,0.084,0,young
2,128.0,66.0,26.0,125.0,44.8,0.69,0,young
2,117.0,79.0,17.0,132.0,28.8,0.4,0,young
6,101.0,63.0,28.0,127.0,33.9,0.677,0,young
3,114.0,70.0,38.0,130.0,32.2,0.419,0,young
10,137.0,69.0,34.0,122.0,31.5,0.25,1,older
7,100.0,77.0,29.0,129.0,30.2,0.084,0,young
1,135.0,69.0,29.0,120.0,26.8,0.138,0,young
2,113.0,68.0,29.0,122.0,39.0,0.188,0,young
3,105.0,71.0,31.0,131.0,35.8,0.216,0,young
2,96.0,68.0,14.0,131.0,29.1,0.232,0,young
1,108.0,66.0,20.0,170.0,33.6,0.512,1,young
2,135.0,62.0,18.0,132.0,26.4,0.22,0,young
0,105.0,71.0,17.0,127.0,31.2,0.294,0,young
1,72.0,59.0,25.0,75.0,29.7,0.246,0,young
10,82.0,79.0,26.0,124.0,36.4,0.084,0,older
5,123.0,68.0,29.0,131.0,27.9,0.407,0,young
1,175.0,81.0,42.0,430.0,42.6,1.227,1,young
1,162.0,82.0,40.0,133.0,45.1,0.697,1,young
6,76.0,66.0,29.0,129.0,29.4,0.262,0,older
1,103.0,67.0,37.0,230.0,42.8,0.602,1,young
7,121.0,70.0,34.0,126.0,25.3,0.295,1,older
4,113.0,73.0,28.0,119.0,38.2,0.105,1,older
1,97.0,69.0,27.0,118.0,32.7,0.227,0,young
6,109.0,64.0,29.0,128.0,37.0,0.206,0,older
4,102.0,72.0,36.0,125.0,36.1,0.52,1,young
6,96.0,71.0,29.0,123.0,39.9,0.242,0,young
7,124.0,80.0,23.0,199.0,36.4,0.61,1,young
2,90.0,63.0,28.0,125.0,27.9,0.168,0,young
9,133.0,61.0,38.0,123.0,30.5,0.378,1,older
8,92.0,76.0,29.0,116.0,39.3,0.212,0,young
4,105.0,71.0,29.0,127.0,25.4,0.388,1,older
14,110.0,76.0,29.0,129.0,25.9,0.252,0,older
9,168.0,84.0,30.0,124.0,33.4,0.241,1,older
4,110.0,72.0,32.0,130.0,29.8,0.203,0,young
1,83.0,56.0,38.0,237.0,35.1,0.547,1,young
0,115.0,59.0,35.0,61.0,26.7,0.324,0,young
6,111.0,78.0,29.0,122.0,32.2,0.229,0,young
1,138.0,81.0,27.0,126.0,23.5,0.505,1,young
1,97.0,75.0,42.0,124.0,29.9,0.279,0,young
6,149.0,69.0,37.0,128.0,35.7,0.273,1,young
1,101.0,54.0,14.0,128.0,25.8,0.182,0,young
0,96.0,78.0,35.0,123.0,42.3,0.49,0,young
1,112.0,56.0,42.0,54.0,31.9,0.258,0,young
1,87.0,61.0,29.0,122.0,37.1,0.116,0,young
1,132.0,73.0,38.0,194.0,40.7,0.232,0,young
2,115.0,71.0,29.0,132.0,31.2,0.307,0,older
1,110.0,78.0,11.0,66.0,30.8,0.292,0,young
1,103.0,59.0,25.0,53.0,32.2,0.622,0,young
11,117.0,76.0,37.0,123.0,25.4,0.233,1,young
1,83.0,72.0,33.0,56.0,36.1,0.305,0,young
8,191.0,90.0,29.0,124.0,35.3,0.233,1,older
9,111.0,68.0,29.0,127.0,35.4,0.214,0,older
2,125.0,73.0,49.0,124.0,32.0,0.275,1,older
9,123.0,77.0,28.0,118.0,31.8,0.286,1,older
1,100.0,79.0,28.0,128.0,33.2,0.325,0,young
9,89.0,66.0,27.0,120.0,27.8,0.185,0,young
1,112.0,60.0,39.0,119.0,34.7,0.272,0,young
10,113.0,81.0,29.0,130.0,27.8,0.247,0,older
4,96.0,80.0,29.0,130.0,31.3,0.324,1,older
11,121.0,69.0,29.0,132.0,32.9,0.3,0,older
0,84.0,71.0,34.0,47.0,20.5,0.084,0,young
9,141.0,76.0,32.0,125.0,29.4,0.252,1,older
11,90.0,66.0,30.0,129.0,30.5,0.221,0,older
1,88.0,62.0,30.0,130.0,38.1,0.151,0,young
1,99.0,71.0,30.0,164.0,32.1,0.804,0,young
5,112.0,72.0,22.0,202.0,27.4,0.582,1,young
1,102.0,60.0,11.0,66.0,25.5,0.358,0,young
3,103.0,62.0,37.0,128.0,36.4,0.399,1,young
1,97.0,72.0,35.0,121.0,42.1,0.37,1,young
1,66.0,84.0,31.0,129.0,22.9,0.329,0,young
0,116.0,62.0,37.0,134.0,41.8,0.305,1,young
4,121.0,79.0,29.0,128.0,32.7,0.173,1,older
0,99.0,72.0,28.0,121.0,24.2,0.316,0,young
0,119.0,68.0,29.0,122.0,25.6,0.316,0,young
4,114.0,82.0,26.0,127.0,35.2,0.337,0,young
1,110.0,66.0,19.0,41.0,30.7,0.484,0,young
7,148.0,69.0,28.0,125.0,27.4,0.304,1,older
1,114.0,68.0,29.0,123.0,34.2,0.238,0,young
0,114.0,72.0,29.0,122.0,34.6,0.279,0,young
1,90.0,57.0,27.0,102.0,32.5,0.597,0,young
0,76.0,70.0,38.0,116.0,34.8,0.555,0,young
11,116.0,79.0,30.0,128.0,38.4,0.281,1,older
10,115.0,68.0,29.0,127.0,31.5,0.292,0,older
0,118.0,69.0,31.0,120.0,27.6,0.324,0,young
3,112.0,70.0,33.0,127.0,34.1,0.332,0,older
7,121.0,73.0,28.0,128.0,23.7,0.245,0,older
4,104.0,69.0,30.0,129.0,43.9,0.188,0,older
6,117.0,80.0,30.0,123.0,31.7,0.181,0,older
5,109.0,71.0,29.0,124.0,39.6,0.316,0,young
6,113.0,70.0,13.0,130.0,31.2,0.242,0,young
8,149.0,73.0,29.0,121.0,30.8,0.215,0,young
6,136.0,87.0,44.0,120.0,40.2,0.316,1,older
0,101.0,72.0,16.0,75.0,29.3,0.225,0,young
8,110.0,59.0,33.0,124.0,29.4,0.147,0,young
1,126.0,84.0,29.0,123.0,38.2,0.185,0,young
1,118.0,67.0,29.0,125.0,31.0,0.322,0,older
1,123.0,57.0,18.0,125.0,25.3,0.542,0,young
1,119.0,59.0,33.0,71.0,32.5,0.303,0,young
1,119.0,63.0,17.0,128.0,20.2,0.226,0,young
5,113.0,85.0,29.0,129.0,30.4,0.454,1,older
6,128.0,74.0,45.0,130.0,36.9,0.294,1,older
1,99.0,69.0,30.0,126.0,36.7,0.183,0,young
4,108.0,65.0,43.0,125.0,29.7,0.705,1,young
5,108.0,63.0,28.0,126.0,35.0,0.241,0,older
1,70.0,60.0,35.0,122.0,36.9,0.149,0,young
1,91.0,46.0,26.0,49.0,32.7,0.246,0,young
8,105.0,75.0,29.0,120.0,38.1,0.33,0,older
9,76.0,78.0,28.0,124.0,41.3,0.084,0,older
7,83.0,81.0,29.0,128.0,36.4,0.244,0,older
1,112.0,73.0,28.0,128.0,33.2,0.182,0,young
4,107.0,65.0,39.0,128.0,32.5,0.245,1,older
0,112.0,70.0,41.0,132.0,36.8,0.318,0,young
11,120.0,59.0,30.0,124.0,32.7,0.272,1,older
0,98.0,69.0,50.0,130.0,30.8,0.199,0,young
1,115.0,65.0,21.0,128.0,31.4,0.639,0,young
5,115.0,65.0,36.0,197.0,28.7,0.399,0,young
1,112.0,73.0,29.0,122.0,28.3,0.375,0,young
11,81.0,79.0,29.0,126.0,34.6,0.152,0,older
1,95.0,76.0,34.0,72.0,31.5,0.297,0,young
6,120.0,72.0,30.0,124.0,28.6,0.425,0,older
1,121.0,87.0,33.0,163.0,38.2,0.833,0,young
1,114.0,67.0,37.0,126.0,33.4,0.284,0,young
5,129.0,76.0,28.0,120.0,28.6,0.246,0,older
1,113.0,61.0,22.0,124.0,23.1,0.27,0,young
5,84.0,72.0,29.0,126.0,29.6,0.376,0,young
6,107.0,74.0,18.0,128.0,24.0,0.699,0,young
2,118.0,76.0,31.0,123.0,38.4,0.268,1,older
14,79.0,82.0,31.0,126.0,30.2,0.211,0,older
2,91.0,64.0,33.0,82.0,34.6,0.379,0,young
1,165.0,70.0,31.0,177.0,36.1,0.75,1,young
2,90.0,71.0,30.0,126.0,32.7,0.33,0,young
1,107.0,76.0,30.0,58.0,31.3,0.134,0,young
1,85.0,64.0,29.0,124.0,33.4,0.519,0,young
12,107.0,66.0,27.0,127.0,28.4,0.195,0,older
4,115.0,64.0,28.0,120.0,34.4,0.289,0,young
0,122.0,75.0,36.0,97.0,34.4,0.398,0,young
0,94.0,63.0,19.0,126.0,22.2,0.247,0,young
1,113.0,74.0,29.0,129.0,32.8,0.199,0,young
11,110.0,66.0,25.0,122.0,28.3,0.208,0,older
11,117.0,72.0,29.0,130.0,26.1,0.374,0,older
12,199.0,80.0,39.0,124.0,30.7,0.283,1,older
0,88.0,85.0,29.0,123.0,34.3,0.176,0,young
4,113.0,69.0,28.0,127.0,28.3,0.212,0,young
4,107.0,70.0,28.0,121.0,29.7,0.309,0,older
8,113.0,87.0,20.0,131.0,29.0,0.263,1,young
6,107.0,91.0,30.0,132.0,34.0,0.375,0,older
2,125.0,59.0,30.0,217.0,34.9,0.525,0,young
0,100.0,69.0,29.0,126.0,30.2,0.288,0,young
3,78.0,64.0,29.0,127.0,32.4,0.304,0,young
0,108.0,63.0,41.0,118.0,32.2,0.183,0,young
0,96.0,57.0,23.0,79.0,25.8,0.358,0,young
1,105.0,65.0,39.0,120.0,33.4,0.208,0,young
4,116.0,84.0,30.0,130.0,31.5,0.313,0,young
0,105.0,77.0,30.0,121.0,27.6,0.086,0,young
7,101.0,78.0,28.0,124.0,32.4,0.238,0,young
5,82.0,55.0,23.0,82.0,32.3,0.345,0,young
5,118.0,62.0,15.0,123.0,25.7,0.242,0,young
2,104.0,82.0,33.0,125.0,39.4,0.254,0,young
1,99.0,58.0,33.0,53.0,33.8,0.667,0,young
12,120.0,72.0,29.0,124.0,28.2,0.297,1,older
3,110.0,68.0,28.0,123.0,39.8,0.198,0,young
10,86.0,74.0,39.0,135.0,32.7,0.188,0,young
2,109.0,56.0,37.0,60.0,20.6,0.515,0,young
4,124.0,68.0,28.0,125.0,27.9,0.187,0,older
2,128.0,70.0,23.0,132.0,22.9,0.203,0,young
11,116.0,71.0,29.0,131.0,28.8,0.193,0,older
7,104.0,66.0,27.0,126.0,30.0,0.243,1,older
0,94.0,72.0,30.0,123.0,33.8,0.12,0,young
11,104.0,92.0,38.0,124.0,33.6,0.366,1,older
1,86.0,57.0,19.0,69.0,30.1,0.185,0,young
1,103.0,66.0,21.0,70.0,37.6,0.35,0,young
2,97.0,63.0,29.0,130.0,38.7,0.187,0,young
10,81.0,60.0,28.0,121.0,26.4,0.359,0,young
6,135.0,83.0,24.0,127.0,30.6,0.191,1,older
1,85.0,65.0,30.0,126.0,29.7,0.489,0,young
1,109.0,69.0,35.0,112.0,30.0,0.317,0,young
1,119.0,81.0,37.0,122.0,27.0,0.286,0,young
6,101.0,68.0,21.0,129.0,30.0,0.273,0,young
0,77.0,72.0,31.0,126.0,35.7,0.145,0,young
8,104.0,53.0,28.0,123.0,30.6,0.243,0,older
7,104.0,74.0,36.0,128.0,32.1,0.346,1,older
6,113.0,82.0,29.0,126.0,39.5,0.281,0,older
3,79.0,67.0,29.0,128.0,32.0,0.332,0,older
7,99.0,69.0,28.0,123.0,32.2,0.19,0,older
4,64.0,83.0,38.0,41.0,33.3,0.4,0,young
0,115.0,67.0,29.0,125.0,35.9,0.184,0,young
9,81.0,67.0,29.0,125.0,27.6,0.207,0,young
1,118.0,66.0,16.0,124.0,28.1,0.153,0,young
1,112.0,73.0,28.0,122.0,30.0,0.191,0,older
1,103.0,69.0,22.0,63.0,35.1,0.263,0,young
10,102.0,87.0,38.0,124.0,29.7,0.174,0,older
1,93.0,69.0,29.0,124.0,34.9,0.2,0,young
2,106.0,80.0,29.0,133.0,34.6,0.189,0,young
2,88.0,56.0,22.0,70.0,35.1,0.185,0,young
1,99.0,73.0,43.0,127.0,33.7,0.264,0,young
1,97.0,85.0,29.0,129.0,37.8,0.214,0,young
1,79.0,63.0,30.0,70.0,33.4,0.546,0,young
1,86.0,68.0,41.0,66.0,38.7,0.18,0,young
7,116.0,75.0,29.0,133.0,29.0,0.101,0,older
2,125.0,72.0,29.0,125.0,35.0,0.328,0,young
8,108.0,95.0,30.0,132.0,27.9,0.246,0,young
1,85.0,68.0,28.0,131.0,29.9,0.199,0,young
1,109.0,67.0,35.0,127.0,32.3,0.344,0,young
8,83.0,59.0,28.0,124.0,30.8,0.234,0,older
8,97.0,76.0,31.0,126.0,30.0,0.084,0,older
4,107.0,75.0,29.0,126.0,33.6,0.293,0,young
1,114.0,73.0,30.0,123.0,41.6,0.349,0,older
7,113.0,74.0,29.0,125.0,28.1,0.348,0,older
6,111.0,75.0,29.0,125.0,32.3,0.263,0,young
9,87.0,82.0,29.0,123.0,31.8,0.168,1,older
5,156.0,80.0,36.0,123.0,40.5,0.296,1,young
7,89.0,72.0,29.0,125.0,29.7,0.234,0,young
9,129.0,76.0,28.0,128.0,37.8,0.135,1,older
6,111.0,68.0,29.0,125.0,37.5,0.163,0,older
1,104.0,81.0,29.0,131.0,35.7,0.271,0,young
5,126.0,68.0,17.0,121.0,29.7,0.569,1,young
8,120.0,75.0,25.0,198.0,27.5,0.534,1,young
2,134.0,83.0,30.0,254.0,34.3,0.705,1,young
1,108.0,75.0,16.0,134.0,19.1,0.141,0,young
1,95.0,72.0,21.0,74.0,34.5,0.325,0,young
1,92.0,61.0,19.0,130.0,34.4,0.268,0,young
9,102.0,57.0,30.0,123.0,30.0,0.252,0,older
1,109.0,89.0,37.0,75.0,35.6,0.268,0,young
1,102.0,77.0,50.0,131.0,37.6,0.133,0,young
0,94.0,92.0,27.0,129.0,36.7,0.2,0,young
1,82.0,70.0,18.0,66.0,30.8,0.373,0,young
1,119.0,74.0,23.0,136.0,28.0,0.468,0,young
1,106.0,66.0,38.0,149.0,25.4,0.539,0,young
1,98.0,81.0,43.0,191.0,60.5,0.614,1,young
1,122.0,63.0,37.0,126.0,24.2,0.276,0,young
1,86.0,68.0,29.0,128.0,29.5,0.243,0,young
7,112.0,49.0,29.0,81.0,23.4,0.543,0,young
7,126.0,62.0,30.0,123.0,29.2,0.275,0,older
10,130.0,71.0,28.0,130.0,28.3,0.322,0,older
7,127.0,69.0,29.0,123.0,28.0,0.255,0,young
1,114.0,67.0,42.0,127.0,38.7,0.571,0,young
1,140.0,70.0,34.0,205.0,28.1,0.614,1,young
1,96.0,70.0,16.0,132.0,24.3,0.168,0,young
1,70.0,77.0,28.0,125.0,31.8,0.221,0,young
1,139.0,64.0,38.0,122.0,35.4,0.188,1,young
1,93.0,77.0,30.0,126.0,41.0,0.385,0,young
2,98.0,80.0,29.0,118.0,34.3,0.351,0,young
0,112.0,66.0,32.0,121.0,28.6,0.17,0,young
1,107.0,67.0,28.0,128.0,30.8,0.24,0,young
7,115.0,76.0,30.0,127.0,28.6,0.188,1,older
2,109.0,55.0,26.0,122.0,30.4,0.283,0,young
2,93.0,61.0,36.0,82.0,34.3,0.305,0,young
2,87.0,81.0,34.0,120.0,34.0,0.141,0,young
9,157.0,86.0,29.0,124.0,26.8,0.2,1,older
2,77.0,74.0,29.0,126.0,31.4,0.334,0,young
0,108.0,64.0,33.0,78.0,23.9,0.794,0,young
0,124.0,73.0,38.0,120.0,44.6,0.883,1,young
4,96.0,69.0,29.0,128.0,22.6,0.117,0,young
1,117.0,63.0,18.0,123.0,32.7,0.327,0,young
10,115.0,74.0,29.0,130.0,43.8,0.232,1,older
10,101.0,81.0,30.0,127.0,30.8,0.425,1,older
10,58.0,73.0,28.0,121.0,28.0,0.106,0,young
1,114.0,65.0,41.0,128.0,42.1,0.306,1,young
0,94.0,62.0,45.0,112.0,34.3,0.248,0,young
1,93.0,58.0,53.0,43.0,31.8,0.369,0,young
2,126.0,69.0,29.0,74.0,35.6,0.225,0,young
5,125.0,75.0,30.0,120.0,28.8,0.442,1,young
1,102.0,68.0,20.0,125.0,32.5,0.104,0,young
2,110.0,54.0,14.0,84.0,28.4,0.223,0,young
1,126.0,77.0,42.0,126.0,33.7,0.176,0,young
1,79.0,79.0,31.0,129.0,29.9,0.187,0,young
7,133.0,79.0,29.0,125.0,41.8,0.235,0,older
2,102.0,61.0,15.0,126.0,27.4,0.099,0,young
4,107.0,74.0,27.0,125.0,29.4,0.241,0,older
5,140.0,54.0,44.0,129.0,21.0,0.332,0,young
2,89.0,67.0,42.0,95.0,31.8,0.084,0,young
7,100.0,81.0,26.0,121.0,30.1,0.365,0,young
1,114.0,79.0,34.0,125.0,35.3,0.215,0,young
2,105.0,73.0,35.0,125.0,31.2,0.196,1,young
0,91.0,78.0,50.0,124.0,31.2,0.266,1,young
10,114.0,62.0,28.0,130.0,28.8,0.214,0,young
1,102.0,48.0,30.0,118.0,33.9,0.318,0,young
0,82.0,61.0,29.0,133.0,32.7,0.283,0,young
1,128.0,78.0,29.0,122.0,23.2,0.259,0,older
3,131.0,79.0,26.0,120.0,32.1,0.315,0,young
1,155.0,81.0,31.0,130.0,28.4,0.217,1,young
0,102.0,71.0,18.0,122.0,29.8,0.173,0,young
1,104.0,80.0,26.0,153.0,34.0,0.302,0,young
0,104.0,81.0,46.0,129.0,43.4,0.417,1,young
1,91.0,72.0,33.0,86.0,38.2,0.433,0,young
0,106.0,75.0,23.0,88.0,41.0,0.534,0,young
8,95.0,67.0,28.0,128.0,25.6,0.216,0,young
2,141.0,65.0,38.0,135.0,30.2,0.354,0,young
1,90.0,69.0,21.0,127.0,18.2,0.204,0,young
2,87.0,61.0,17.0,61.0,31.1,0.299,0,young
1,100.0,73.0,29.0,121.0,30.7,0.272,0,young
0,107.0,70.0,38.0,121.0,32.6,0.265,0,young
5,130.0,77.0,27.0,173.0,31.8,0.67,1,young
2,111.0,59.0,32.0,51.0,31.7,0.267,0,young
6,113.0,77.0,33.0,127.0,35.0,0.201,1,young
10,92.0,86.0,29.0,127.0,34.0,0.222,0,older
6,72.0,72.0,28.0,128.0,24.9,0.327,0,older
11,119.0,64.0,39.0,126.0,34.8,0.307,1,older
7,103.0,77.0,29.0,125.0,32.2,0.213,1,older
9,117.0,72.0,30.0,123.0,28.9,0.209,0,older
2,97.0,70.0,30.0,129.0,36.8,0.172,0,young
9,83.0,85.0,29.0,128.0,31.7,0.189,0,young
1,121.0,60.0,13.0,84.0,31.1,0.2,0,young
11,104.0,52.0,22.0,123.0,27.2,0.199,0,young
0,112.0,75.0,37.0,124.0,36.8,0.137,0,young
11,99.0,62.0,30.0,132.0,31.1,0.343,0,older
1,80.0,48.0,11.0,71.0,27.1,0.274,0,young
1,83.0,63.0,22.0,78.0,28.3,0.268,0,young
2,80.0,69.0,36.0,126.0,34.4,0.213,0,young
1,104.0,61.0,44.0,193.0,41.1,0.326,1,young
5,103.0,61.0,28.0,122.0,33.9,0.132,0,young
8,137.0,62.0,24.0,129.0,33.2,0.32,0,young
2,92.0,48.0,24.0,66.0,30.5,0.274,0,young
9,107.0,69.0,29.0,123.0,34.4,0.284,0,older
1,98.0,69.0,29.0,119.0,36.7,0.216,0,young
10,132.0,87.0,29.0,123.0,32.4,0.084,1,older
1,93.0,65.0,19.0,125.0,19.3,0.228,0,young
7,150.0,69.0,39.0,123.0,35.1,0.28,1,young
2,120.0,74.0,17.0,51.0,30.3,0.218,0,young
0,115.0,79.0,36.0,126.0,31.4,0.16,1,young
4,124.0,76.0,23.0,129.0,32.6,0.451,1,young
5,95.0,74.0,29.0,131.0,23.1,0.271,1,older
0,114.0,75.0,33.0,125.0,35.8,0.337,0,young
0,92.0,84.0,30.0,123.0,32.8,0.295,0,young
1,104.0,52.0,16.0,129.0,20.7,0.276,0,young
9,84.0,72.0,29.0,127.0,30.8,0.189,0,older
0,109.0,68.0,40.0,87.0,33.1,0.345,0,young
0,76.0,49.0,15.0,35.0,25.3,0.2,0,young
1,99.0,63.0,36.0,130.0,32.0,0.176,0,young
2,112.0,66.0,31.0,76.0,29.1,0.135,0,young
0,120.0,61.0,32.0,125.0,33.2,0.382,0,young
1,94.0,57.0,29.0,129.0,33.6,0.278,0,young
5,112.0,79.0,29.0,124.0,35.6,0.103,0,young
10,103.0,76.0,34.0,116.0,27.2,0.361,1,young
6,106.0,74.0,23.0,121.0,25.1,0.579,0,young
1,104.0,71.0,30.0,121.0,25.6,0.149,0,young
2,120.0,69.0,30.0,123.0,34.0,0.197,0,young
4,115.0,82.0,29.0,128.0,30.1,0.212,0,young
0,130.0,73.0,30.0,122.0,31.0,0.285,1,young
1,91.0,65.0,23.0,126.0,30.7,0.245,0,young
1,91.0,69.0,16.0,122.0,21.0,0.24,0,young
1,93.0,69.0,39.0,84.0,32.8,0.377,0,young
2,109.0,79.0,34.0,135.0,34.8,0.208,0,young
10,105.0,78.0,29.0,128.0,29.5,0.203,0,older
0,109.0,74.0,29.0,132.0,27.4,0.176,0,young
4,117.0,81.0,25.0,128.0,28.9,0.293,1,older
1,97.0,79.0,47.0,127.0,35.8,0.326,1,young
2,77.0,77.0,50.0,131.0,29.3,0.085,0,young
2,124.0,78.0,21.0,125.0,33.7,0.298,0,young
0,106.0,66.0,31.0,132.0,29.3,0.224,0,young
5,108.0,77.0,13.0,119.0,34.0,0.419,0,older
3,142.0,64.0,39.0,129.0,32.3,0.188,1,older
2,108.0,85.0,55.0,122.0,31.4,0.155,0,young
8,89.0,70.0,30.0,132.0,29.2,0.179,0,young
1,91.0,71.0,28.0,117.0,35.8,0.166,0,young
0,99.0,52.0,19.0,50.0,31.2,0.151,0,young
1,112.0,60.0,30.0,129.0,22.6,0.227,0,young
9,176.0,80.0,29.0,123.0,38.0,0.295,1,older
1,107.0,59.0,19.0,123.0,32.9,0.366,0,young
3,182.0,64.0,37.0,179.0,29.3,0.706,1,young
1,185.0,59.0,38.0,197.0,36.6,0.88,1,young
5,96.0,75.0,41.0,43.0,28.2,0.325,0,young
1,90.0,80.0,38.0,130.0,34.7,0.275,0,young
8,113.0,84.0,33.0,129.0,40.5,0.218,1,older
0,194.0,64.0,35.0,207.0,31.9,0.419,1,young
8,115.0,71.0,33.0,128.0,31.2,0.273,1,older
4,115.0,75.0,34.0,120.0,27.6,0.38,1,older
0,95.0,67.0,45.0,72.0,31.0,0.357,0,young
0,92.0,69.0,30.0,126.0,29.2,0.279,0,young
0,128.0,71.0,21.0,117.0,23.5,0.24,0,young
2,104.0,70.0,28.0,126.0,23.4,0.489,0,young
3,106.0,57.0,31.0,45.0,26.9,0.315,0,young
9,110.0,70.0,29.0,129.0,36.9,0.178,0,young
2,98.0,69.0,28.0,125.0,31.1,0.167,0,young
1,128.0,72.0,36.0,126.0,46.7,0.297,1,young
6,151.0,73.0,25.0,123.0,33.5,0.288,1,older
1,98.0,67.0,29.0,119.0,29.6,0.206,0,young
1,90.0,60.0,13.0,41.0,26.2,0.285,0,young
2,81.0,61.0,29.0,121.0,29.0,0.247,0,young
5,104.0,70.0,28.0,122.0,30.7,0.151,0,young
10,129.0,72.0,29.0,131.0,38.8,0.269,0,older
6,148.0,83.0,19.0,122.0,39.2,0.286,1,older
0,106.0,70.0,12.0,124.0,29.4,0.221,0,young
8,131.0,75.0,29.0,128.0,36.1,0.303,1,older
1,105.0,69.0,23.0,120.0,26.4,0.25,0,young
1,81.0,62.0,28.0,123.0,30.5,0.28,0,young
11,131.0,63.0,28.0,128.0,24.0,0.23,0,older
11,97.0,65.0,27.0,130.0,23.5,0.121,0,older
9,86.0,65.0,28.0,129.0,25.3,0.222,0,young
10,102.0,65.0,38.0,119.0,31.1,0.316,0,young
12,108.0,69.0,31.0,128.0,29.7,0.342,0,older
0,107.0,61.0,33.0,130.0,27.0,0.457,0,young
1,118.0,57.0,38.0,165.0,30.9,0.808,0,young
10,115.0,78.0,28.0,116.0,27.7,0.264,1,older
5,95.0,71.0,34.0,128.0,30.8,0.246,1,older
8,90.0,74.0,28.0,131.0,33.4,0.302,1,young
2,79.0,55.0,17.0,89.0,20.1,0.244,0,young
1,124.0,74.0,32.0,146.0,34.2,0.706,1,young
8,140.0,82.0,29.0,127.0,24.8,0.296,1,older
1,113.0,76.0,24.0,124.0,37.7,0.448,1,young
5,178.0,75.0,24.0,125.0,33.0,0.326,1,older
5,186.0,80.0,33.0,125.0,36.7,0.334,1,older
9,110.0,64.0,44.0,119.0,24.9,0.307,0,young
11,84.0,80.0,28.0,124.0,35.8,0.19,0,older
11,84.0,75.0,30.0,110.0,30.9,0.4,0,young
0,89.0,59.0,29.0,126.0,24.7,0.313,0,young
1,94.0,67.0,12.0,123.0,32.7,0.207,0,young
11,98.0,72.0,27.0,126.0,30.6,0.248,0,young
9,100.0,69.0,18.0,123.0,24.1,0.342,0,young
1,111.0,76.0,28.0,123.0,38.2,0.309,0,young
7,83.0,74.0,29.0,125.0,32.8,0.23,0,young
8,102.0,73.0,28.0,129.0,35.7,0.241,1,older
7,74.0,72.0,29.0,122.0,35.5,0.412,0,young
5,114.0,83.0,30.0,125.0,32.6,0.12,0,older
1,102.0,59.0,15.0,125.0,28.1,0.255,0,young
1,95.0,51.0,25.0,62.0,31.3,0.331,0,young
7,102.0,66.0,29.0,126.0,30.6,0.294,0,older
1,114.0,69.0,33.0,126.0,28.0,0.216,0,young
1,79.0,62.0,28.0,121.0,28.6,0.242,0,older
9,97.0,83.0,29.0,128.0,29.3,0.336,1,older
0,97.0,60.0,29.0,199.0,37.1,0.347,0,young
8,186.0,87.0,39.0,125.0,30.4,0.106,1,older
1,95.0,56.0,53.0,127.0,39.0,0.276,0,young
0,129.0,61.0,24.0,178.0,34.3,0.375,0,young
0,90.0,63.0,23.0,85.0,31.4,0.303,0,young
6,85.0,73.0,29.0,120.0,29.4,0.232,0,young
0,99.0,74.0,45.0,130.0,35.8,0.243,1,young
1,97.0,64.0,14.0,131.0,33.1,0.173,0,young
11,127.0,66.0,29.0,123.0,31.9,0.188,1,older
0,98.0,61.0,32.0,69.0,35.4,0.364,0,young
14,143.0,80.0,30.0,129.0,40.4,0.339,1,older
1,124.0,70.0,29.0,122.0,33.8,0.249,0,young
7,116.0,85.0,33.0,120.0,37.7,0.394,1,older
1,85.0,57.0,32.0,81.0,33.8,0.316,0,young
0,104.0,77.0,29.0,119.0,32.8,0.283,0,young
9,122.0,74.0,29.0,134.0,32.5,0.267,0,young
3,128.0,70.0,29.0,190.0,42.1,0.637,1,young
7,104.0,74.0,28.0,130.0,30.7,0.256,1,older
1,72.0,69.0,31.0,65.0,35.9,0.188,0,young
8,126.0,69.0,30.0,131.0,34.7,0.284,1,older
5,115.0,66.0,29.0,110.0,24.8,0.323,1,young
9,91.0,66.0,20.0,126.0,26.3,0.279,0,young
1,155.0,70.0,47.0,122.0,37.6,0.177,0,young
0,130.0,67.0,40.0,126.0,40.0,0.212,0,young
2,92.0,65.0,28.0,123.0,20.8,0.145,0,young
2,107.0,61.0,28.0,125.0,23.5,0.234,0,young
0,112.0,70.0,32.0,128.0,35.8,0.314,0,young
6,129.0,65.0,35.0,219.0,37.2,0.448,1,young
1,103.0,67.0,45.0,125.0,35.3,0.589,1,young
7,99.0,63.0,25.0,131.0,27.3,0.274,0,young
0,106.0,42.0,17.0,108.0,19.6,0.176,0,young
7,102.0,69.0,30.0,129.0,32.0,0.337,1,older
4,93.0,70.0,30.0,128.0,34.5,0.403,0,young
6,120.0,73.0,30.0,127.0,36.8,0.299,0,older
1,103.0,74.0,29.0,133.0,33.4,0.146,0,older
7,127.0,62.0,36.0,131.0,34.7,0.121,0,young
8,164.0,81.0,29.0,124.0,26.0,0.333,1,older
8,108.0,73.0,30.0,123.0,35.3,0.345,0,older
9,94.0,75.0,26.0,123.0,27.7,0.277,0,older
1,130.0,62.0,20.0,131.0,18.2,0.329,0,young
0,113.0,51.0,13.0,92.0,23.9,0.158,0,young
0,107.0,70.0,29.0,124.0,31.2,0.33,0,young
10,82.0,69.0,30.0,125.0,37.6,0.244,0,older
11,113.0,85.0,29.0,119.0,38.5,0.326,0,older
6,128.0,85.0,29.0,125.0,38.3,0.263,0,older
3,109.0,68.0,28.0,122.0,26.4,0.296,0,older
6,98.0,75.0,29.0,129.0,31.6,0.261,1,older
2,103.0,58.0,11.0,121.0,24.6,0.204,0,young
0,92.0,80.0,29.0,122.0,44.0,0.398,0,young
2,122.0,75.0,12.0,127.0,23.2,0.209,0,young
1,107.0,64.0,24.0,128.0,33.5,0.343,0,young
8,110.0,73.0,30.0,126.0,30.1,0.084,0,older
7,110.0,72.0,25.0,124.0,31.2,0.236,0,young
0,108.0,74.0,29.0,128.0,30.5,0.226,0,young
1,104.0,76.0,18.0,122.0,31.4,0.144,0,young
1,109.0,70.0,30.0,125.0,34.2,0.26,0,young
0,94.0,73.0,28.0,130.0,30.4,0.307,0,young
1,116.0,62.0,21.0,55.0,27.4,0.425,0,young
4,90.0,76.0,28.0,122.0,29.7,0.311,1,older
1,104.0,66.0,40.0,125.0,33.1,0.447,0,young
0,114.0,83.0,40.0,130.0,31.6,0.349,0,young
1,101.0,61.0,13.0,67.0,18.8,0.321,0,young
1,89.0,65.0,42.0,114.0,36.5,0.304,0,young
9,90.0,80.0,29.0,121.0,34.2,0.351,1,older
2,100.0,73.0,29.0,129.0,34.5,0.279,0,young
8,122.0,67.0,27.0,127.0,29.9,0.185,0,young
4,127.0,66.0,29.0,129.0,33.1,0.266,0,young
1,95.0,63.0,28.0,129.0,27.6,0.148,0,young
4,116.0,69.0,29.0,131.0,32.8,0.356,0,young
2,118.0,67.0,20.0,126.0,23.8,0.152,0,young
6,90.0,65.0,29.0,130.0,34.8,0.189,0,older
2,90.0,69.0,30.0,127.0,38.2,0.207,0,young
1,110.0,69.0,42.0,121.0,34.7,0.231,0,young
1,77.0,67.0,38.0,108.0,28.4,0.549,0,young
3,102.0,70.0,29.0,123.0,32.0,0.362,0,older
7,96.0,76.0,28.0,123.0,29.9,0.348,0,older
11,89.0,64.0,30.0,129.0,28.7,0.174,0,young
0,101.0,53.0,33.0,42.0,35.3,0.205,0,young
9,86.0,70.0,28.0,123.0,20.1,0.178,0,young
2,126.0,65.0,16.0,130.0,23.5,0.279,0,young
1,113.0,64.0,17.0,130.0,25.9,0.291,0,young
2,108.0,75.0,24.0,125.0,27.3,0.276,0,young
2,108.0,71.0,39.0,48.0,34.0,0.28,0,young
1,106.0,75.0,38.0,128.0,34.6,0.252,0,young
5,118.0,62.0,17.0,120.0,21.1,0.291,0,older
2,110.0,77.0,30.0,122.0,34.4,0.197,0,young
9,90.0,83.0,29.0,132.0,34.1,0.28,1,older
7,109.0,72.0,29.0,127.0,28.2,0.23,0,young
1,98.0,65.0,24.0,125.0,30.7,0.28,0,young
8,124.0,81.0,29.0,129.0,25.3,0.224,1,older
8,87.0,77.0,25.0,127.0,33.6,0.228,0,young
2,123.0,75.0,31.0,131.0,35.3,0.222,1,young
10,106.0,78.0,29.0,125.0,32.3,0.276,1,older
1,127.0,63.0,32.0,167.0,33.3,0.582,1,young
11,81.0,60.0,28.0,130.0,33.2,0.289,0,young
0,87.0,59.0,13.0,57.0,25.9,0.162,0,young
9,93.0,73.0,29.0,129.0,25.8,0.347,0,older
4,180.0,93.0,34.0,124.0,29.4,0.191,1,older
1,111.0,80.0,36.0,127.0,49.7,0.238,0,young
9,107.0,61.0,31.0,205.0,32.4,0.675,1,young
1,96.0,74.0,33.0,125.0,33.5,0.273,0,young
1,141.0,72.0,28.0,123.0,29.9,0.606,0,young
2,102.0,61.0,39.0,60.0,35.1,0.634,0,young
2,115.0,65.0,47.0,163.0,33.4,0.183,0,young
8,106.0,74.0,31.0,125.0,28.4,0.31,1,older
1,139.0,82.0,40.0,125.0,38.1,0.333,1,young
11,126.0,84.0,27.0,126.0,28.8,0.319,0,older
0,154.0,78.0,45.0,132.0,34.6,0.206,1,young
0,101.0,67.0,30.0,119.0,27.8,0.253,0,young
5,131.0,73.0,29.0,123.0,32.6,0.249,1,older
6,90.0,63.0,28.0,117.0,31.5,0.187,0,young
2,116.0,60.0,26.0,105.0,27.7,0.263,0,young
1,77.0,74.0,30.0,126.0,42.3,0.336,0,young
1,78.0,67.0,30.0,121.0,36.4,0.084,0,young
7,118.0,75.0,28.0,124.0,25.5,0.188,0,older
0,113.0,82.0,43.0,127.0,37.2,0.259,0,young
8,123.0,88.0,25.0,116.0,34.1,0.348,1,older
4,106.0,77.0,29.0,129.0,26.6,0.223,0,older
2,75.0,53.0,27.0,112.0,31.4,0.278,0,young
9,84.0,89.0,30.0,123.0,31.1,0.337,0,older
1,102.0,73.0,29.0,125.0,34.4,0.191,0,young
1,118.0,64.0,14.0,128.0,23.9,0.259,0,young
5,112.0,77.0,34.0,125.0,37.4,0.205,0,older
2,107.0,64.0,15.0,126.0,23.8,0.084,0,young
3,119.0,68.0,46.0,125.0,35.6,0.314,0,young
2,120.0,68.0,14.0,121.0,29.1,0.237,0,young
2,99.0,74.0,30.0,126.0,27.2,0.286,0,young
1,109.0,70.0,22.0,128.0,26.6,0.084,0,young
10,74.0,66.0,29.0,126.0,33.9,0.175,1,older
2,103.0,65.0,25.0,73.0,35.9,0.271,0,young
8,105.0,85.0,28.0,127.0,33.2,0.223,0,older
2,119.0,70.0,26.0,217.0,30.7,0.512,0,young
1,121.0,75.0,33.0,125.0,32.3,0.5,1,young
5,119.0,68.0,43.0,127.0,32.7,0.302,0,young
2,122.0,77.0,29.0,126.0,35.2,0.085,0,older
4,99.0,83.0,29.0,127.0,25.2,0.312,0,older
2,99.0,85.0,28.0,128.0,42.7,0.256,0,young
3,127.0,72.0,28.0,127.0,29.8,0.273,0,older
9,110.0,69.0,28.0,132.0,33.1,0.216,0,young
9,106.0,72.0,29.0,123.0,30.4,0.284,0,older
1,114.0,75.0,29.0,78.0,26.8,0.205,0,young
12,112.0,87.0,30.0,123.0,35.8,0.223,0,older
6,126.0,58.0,22.0,123.0,30.1,0.29,0,young
1,133.0,76.0,34.0,126.0,25.6,0.4,0,young
8,127.0,84.0,30.0,123.0,35.4,0.266,1,older
7,84.0,66.0,17.0,131.0,24.2,0.233,0,young
1,94.0,63.0,30.0,124.0,37.2,0.278,0,young
13,89.0,63.0,30.0,130.0,33.8,0.168,0,older
0,105.0,75.0,32.0,180.0,34.8,0.476,1,young
0,117.0,62.0,29.0,131.0,29.2,0.206,0,young
7,124.0,79.0,28.0,130.0,32.4,0.323,0,older
1,93.0,55.0,18.0,73.0,28.8,0.292,0,young
8,120.0,73.0,26.0,116.0,40.0,0.338,0,older
2,102.0,65.0,14.0,124.0,28.2,0.29,0,young
1,106.0,76.0,28.0,183.0,27.4,0.404,1,young
8,124.0,73.0,28.0,125.0,34.5,0.084,0,older
0,120.0,65.0,14.0,118.0,26.1,0.298,0,young
9,100.0,74.0,29.0,116.0,31.0,0.302,0,older
2,151.0,87.0,28.0,122.0,34.2,0.336,0,young
11,101.0,72.0,29.0,127.0,28.1,0.152,1,older
1,108.0,72.0,31.0,33.0,30.9,0.343,0,young
1,95.0,77.0,28.0,120.0,26.4,0.366,0,young
10,105.0,76.0,48.0,131.0,36.8,0.177,1,older
5,112.0,75.0,29.0,126.0,33.7,0.226,0,young
5,151.0,83.0,40.0,127.0,38.1,0.338,1,older
1,68.0,86.0,29.0,124.0,35.4,0.145,0,older
2,100.0,79.0,26.0,123.0,33.3,0.44,0,young
7,108.0,53.0,32.0,123.0,35.5,0.3,0,young
9,105.0,81.0,22.0,129.0,32.9,0.205,1,older
10,122.0,72.0,34.0,119.0,35.4,0.261,1,older
9,102.0,60.0,30.0,126.0,37.8,0.183,0,older
8,114.0,69.0,30.0,126.0,24.3,0.23,0,young
11,75.0,63.0,40.0,124.0,49.8,0.252,0,older
10,108.0,98.0,28.0,127.0,25.5,0.352,1,older
12,117.0,76.0,30.0,122.0,32.8,0.283,1,older
7,118.0,80.0,29.0,124.0,29.9,0.272,1,older
10,125.0,74.0,19.0,129.0,28.7,0.233,1,young
6,117.0,69.0,29.0,128.0,28.8,0.251,0,young
2,104.0,67.0,34.0,95.0,35.0,0.211,0,young
4,81.0,65.0,34.0,82.0,28.2,0.274,0,young
7,132.0,67.0,28.0,120.0,35.0,0.211,0,young
1,118.0,81.0,30.0,196.0,42.5,0.483,1,young
1,63.0,65.0,31.0,126.0,28.4,0.308,0,young
8,85.0,78.0,29.0,123.0,30.1,0.237,0,young
3,123.0,72.0,33.0,127.0,35.8,0.23,1,older
11,90.0,67.0,37.0,119.0,34.4,0.306,0,older
0,88.0,72.0,21.0,81.0,26.3,0.155,0,young
6,98.0,68.0,29.0,125.0,33.4,0.336,1,older
7,143.0,66.0,46.0,124.0,32.8,0.238,1,older
1,111.0,72.0,30.0,134.0,32.2,0.261,0,older
2,114.0,77.0,28.0,134.0,36.1,0.168,0,young
7,115.0,69.0,29.0,123.0,18.2,0.236,0,young
1,101.0,75.0,20.0,130.0,23.3,0.248,0,young
3,99.0,70.0,36.0,124.0,31.5,0.368,0,young
7,114.0,79.0,33.0,125.0,31.3,0.49,1,young
1,129.0,73.0,29.0,129.0,29.9,0.233,0,young
8,88.0,72.0,29.0,122.0,30.6,0.347,0,young
0,79.0,68.0,20.0,67.0,26.4,0.219,0,young
2,111.0,69.0,29.0,123.0,23.3,0.279,0,young
6,136.0,63.0,29.0,125.0,32.8,0.217,0,young
6,101.0,68.0,28.0,132.0,28.3,0.26,0,young
12,108.0,73.0,35.0,125.0,29.4,0.315,0,young
2,106.0,70.0,28.0,123.0,27.4,0.318,0,young
5,153.0,59.0,28.0,135.0,31.1,0.294,1,young
1,90.0,62.0,30.0,150.0,40.4,0.438,0,young
0,111.0,71.0,19.0,118.0,24.9,0.332,0,young
1,108.0,64.0,7.0,125.0,24.4,0.547,0,young
3,104.0,83.0,28.0,126.0,33.4,0.323,0,older
5,117.0,65.0,29.0,123.0,33.4,0.31,0,young
0,105.0,61.0,18.0,121.0,32.5,0.164,0,young
0,126.0,76.0,40.0,123.0,30.1,1.1,1,young
6,135.0,77.0,29.0,128.0,31.2,0.192,0,young
7,186.0,81.0,29.0,126.0,31.5,0.194,1,older
9,96.0,70.0,34.0,128.0,31.4,0.228,1,older
11,149.0,84.0,31.0,126.0,26.4,0.3,1,older
5,104.0,69.0,17.0,128.0,20.7,0.397,0,young
7,194.0,71.0,33.0,130.0,31.5,0.146,1,older
1,109.0,70.0,29.0,124.0,27.9,0.221,0,young
1,86.0,66.0,31.0,133.0,24.6,0.139,0,young
6,172.0,92.0,30.0,133.0,34.3,0.266,1,older
2,86.0,74.0,17.0,127.0,22.4,0.333,0,young
7,107.0,84.0,28.0,126.0,37.6,0.219,0,older
1,101.0,63.0,30.0,131.0,34.4,0.138,0,young
6,101.0,64.0,29.0,124.0,26.5,0.233,0,older
2,98.0,59.0,29.0,127.0,25.8,0.261,0,young
0,82.0,76.0,29.0,118.0,31.9,0.11,0,young
14,135.0,85.0,19.0,196.0,41.1,0.762,1,older
2,86.0,71.0,24.0,33.0,29.3,0.254,0,young
1,110.0,66.0,9.0,125.0,18.4,0.169,0,young
0,122.0,81.0,30.0,124.0,32.1,0.228,0,young
1,92.0,77.0,28.0,119.0,29.0,0.176,0,young
1,102.0,65.0,37.0,69.0,36.1,0.214,0,young
0,93.0,67.0,46.0,77.0,39.7,0.187,0,young
0,138.0,68.0,29.0,132.0,33.3,0.211,0,young
0,87.0,66.0,43.0,127.0,28.4,0.283,0,young
0,99.0,70.0,29.0,124.0,33.5,0.117,0,young
1,119.0,79.0,29.0,126.0,29.4,0.175,0,young
1,79.0,72.0,11.0,61.0,27.9,0.121,0,young
10,99.0,68.0,30.0,120.0,33.4,0.135,0,older
1,80.0,65.0,37.0,122.0,34.2,0.191,0,young
2,104.0,68.0,35.0,131.0,33.7,0.144,0,young
1,113.0,66.0,30.0,122.0,34.3,0.099,0,young
8,145.0,84.0,29.0,131.0,32.0,0.135,1,older
2,92.0,63.0,15.0,24.0,34.6,0.682,0,young
0,101.0,63.0,21.0,94.0,25.0,0.335,0,young
1,86.0,62.0,12.0,53.0,24.9,0.255,0,young
7,86.0,68.0,28.0,126.0,32.4,0.265,0,young
4,96.0,73.0,29.0,127.0,30.2,0.281,0,young
4,124.0,79.0,32.0,124.0,35.0,0.268,1,young
1,118.0,62.0,31.0,143.0,32.4,0.693,1,young
5,107.0,58.0,30.0,127.0,31.9,0.224,0,young
2,112.0,72.0,32.0,89.0,32.7,0.196,0,young
1,141.0,76.0,44.0,128.0,42.0,0.261,0,young
0,102.0,81.0,29.0,124.0,43.6,0.287,1,young
8,148.0,80.0,34.0,131.0,38.3,0.19,1,older
0,108.0,77.0,26.0,119.0,41.1,0.35,0,young
6,120.0,80.0,28.0,126.0,26.3,0.266,0,older
9,88.0,93.0,28.0,122.0,29.1,0.238,0,young
0,81.0,71.0,31.0,122.0,43.7,0.299,0,young
10,109.0,66.0,38.0,121.0,34.7,0.225,1,young
7,119.0,86.0,38.0,124.0,33.0,0.535,1,young
2,108.0,71.0,35.0,125.0,26.6,0.186,0,young
8,91.0,75.0,28.0,122.0,36.3,0.148,0,older
6,94.0,62.0,27.0,128.0,26.9,0.186,0,young
2,96.0,68.0,33.0,123.0,29.1,0.495,0,young
2,103.0,57.0,17.0,84.0,24.7,0.225,0,young
1,93.0,70.0,30.0,144.0,42.6,0.717,0,young
0,86.0,66.0,16.0,72.0,28.4,0.212,0,young
1,102.0,69.0,47.0,125.0,25.2,0.257,0,young
5,98.0,67.0,32.0,125.0,27.1,0.131,0,young
8,77.0,66.0,27.0,126.0,35.3,0.159,0,older
0,113.0,61.0,18.0,137.0,29.9,0.229,0,young
1,89.0,62.0,30.0,124.0,29.6,0.278,0,young
1,101.0,72.0,35.0,123.0,35.2,0.202,0,young
10,118.0,68.0,28.0,118.0,30.9,0.195,0,young
6,136.0,63.0,30.0,137.0,26.1,0.112,0,young
1,139.0,77.0,29.0,126.0,39.3,0.379,0,young
6,108.0,64.0,28.0,128.0,29.5,0.313,0,older
4,110.0,59.0,31.0,132.0,30.3,0.142,0,older
6,105.0,68.0,29.0,118.0,26.0,0.287,0,older
2,114.0,72.0,42.0,55.0,30.8,0.265,0,young
9,146.0,84.0,27.0,126.0,27.8,0.204,1,older
2,93.0,75.0,29.0,129.0,31.3,0.372,0,young
3,102.0,69.0,34.0,133.0,37.4,0.42,1,young
1,83.0,62.0,16.0,128.0,27.7,0.234,0,young
2,104.0,67.0,40.0,90.0,27.8,0.317,0,young
7,83.0,69.0,26.0,126.0,26.6,0.288,1,older
0,94.0,58.0,44.0,128.0,27.9,0.313,0,young
9,133.0,71.0,39.0,127.0,30.4,0.235,0,older
5,89.0,72.0,28.0,128.0,30.1,0.315,0,young
13,121.0,76.0,28.0,117.0,27.8,0.313,1,older
0,86.0,68.0,29.0,125.0,28.2,0.145,0,young
1,77.0,64.0,29.0,73.0,31.0,0.679,0,young
1,90.0,48.0,21.0,120.0,29.2,0.19,0,young
1,71.0,63.0,29.0,99.0,30.9,0.344,0,young
1,85.0,65.0,31.0,122.0,33.0,0.294,0,young
11,182.0,82.0,37.0,124.0,31.9,0.318,1,older
0,87.0,64.0,38.0,81.0,33.0,0.496,0,young
0,103.0,62.0,33.0,127.0,33.0,0.319,0,young
2,88.0,76.0,29.0,131.0,32.2,0.341,0,young
10,78.0,79.0,29.0,127.0,37.0,0.188,0,older
0,88.0,70.0,25.0,121.0,30.2,0.235,0,young
0,93.0,56.0,38.0,128.0,34.7,0.084,0,young
2,70.0,73.0,24.0,76.0,26.9,0.907,0,young
0,107.0,56.0,24.0,119.0,29.3,0.195,0,young
1,199.0,74.0,34.0,208.0,42.2,0.618,1,young
1,98.0,75.0,29.0,121.0,34.5,0.084,0,young
0,91.0,61.0,27.0,130.0,27.7,0.252,0,young
1,94.0,58.0,20.0,90.0,35.1,0.719,0,young
1,117.0,72.0,26.0,167.0,31.9,0.621,1,young
1,116.0,72.0,28.0,129.0,40.4,0.547,0,young
1,95.0,63.0,18.0,65.0,26.3,0.184,0,young
10,108.0,76.0,29.0,127.0,29.2,0.239,0,older
9,117.0,73.0,35.0,128.0,32.1,0.329,1,young
1,84.0,63.0,34.0,117.0,34.2,0.178,0,young
0,102.0,61.0,20.0,127.0,20.9,0.313,0,young
9,92.0,72.0,30.0,127.0,28.5,0.232,0,young
1,136.0,76.0,30.0,127.0,41.3,0.491,1,young
4,119.0,67.0,29.0,122.0,29.0,0.19,0,young
7,99.0,71.0,30.0,127.0,31.3,0.156,0,young
2,107.0,61.0,39.0,53.0,33.2,0.215,0,young
6,116.0,73.0,28.0,121.0,30.7,0.291,0,young
7,97.0,57.0,33.0,82.0,32.2,0.289,0,young
0,108.0,82.0,29.0,127.0,32.4,0.339,0,young
5,128.0,78.0,30.0,128.0,32.0,0.242,0,young
0,104.0,77.0,42.0,125.0,31.1,0.16,0,young
10,88.0,57.0,28.0,130.0,31.4,0.341,0,older
8,127.0,57.0,41.0,127.0,30.6,0.501,1,young
5,169.0,74.0,29.0,127.0,34.5,0.254,0,older
0,93.0,76.0,39.0,64.0,31.0,0.598,0,young
1,84.0,67.0,31.0,124.0,35.4,0.232,0,young
3,126.0,76.0,33.0,122.0,37.2,0.307,0,older
1,105.0,58.0,19.0,136.0,33.1,0.301,0,young
1,90.0,71.0,54.0,129.0,30.6,0.276,0,young
7,169.0,75.0,34.0,127.0,35.6,0.358,1,young
1,123.0,76.0,23.0,123.0,29.5,0.252,0,young
0,68.0,83.0,31.0,121.0,27.3,0.339,0,young
1,100.0,72.0,35.0,130.0,37.4,0.184,0,young
8,152.0,70.0,40.0,239.0,37.8,0.609,1,older
0,81.0,67.0,23.0,65.0,28.2,0.45,0,young
1,110.0,59.0,31.0,54.0,38.1,0.193,0,young
1,124.0,78.0,33.0,125.0,34.2,0.254,0,young
6,89.0,68.0,29.0,126.0,23.9,0.084,0,young
8,113.0,81.0,31.0,125.0,28.7,0.131,1,older
1,94.0,67.0,31.0,114.0,28.8,0.245,0,young
0,87.0,66.0,33.0,124.0,33.2,0.39,0,young
0,111.0,69.0,29.0,129.0,31.7,0.183,0,young
13,112.0,78.0,35.0,122.0,31.0,0.255,1,older
13,106.0,74.0,28.0,124.0,34.8,0.176,0,older
2,89.0,70.0,29.0,129.0,31.8,0.216,0,young
2,122.0,63.0,36.0,122.0,38.9,0.272,1,young
1,90.0,67.0,35.0,122.0,30.4,0.268,0,young
1,112.0,68.0,26.0,125.0,29.5,0.221,0,young
11,84.0,85.0,29.0,131.0,31.6,0.235,0,older
3,95.0,77.0,49.0,163.0,37.2,0.303,0,young
6,98.0,77.0,28.0,131.0,33.1,0.165,0,young
9,95.0,77.0,29.0,128.0,30.3,0.314,0,young
1,91.0,75.0,29.0,88.0,31.5,0.389,0,young
8,113.0,81.0,29.0,124.0,36.3,0.331,1,older
5,116.0,67.0,39.0,118.0,20.5,0.145,0,young
0,81.0,67.0,21.0,45.0,29.3,0.242,0,young
1,99.0,61.0,21.0,133.0,23.0,0.084,0,young
0,126.0,76.0,27.0,120.0,28.8,0.475,0,young
9,113.0,82.0,29.0,125.0,30.2,0.282,1,older
1,107.0,57.0,37.0,65.0,31.3,0.659,0,young
1,122.0,66.0,37.0,229.0,59.7,0.672,0,young
2,133.0,73.0,37.0,124.0,26.4,0.342,1,young
12,141.0,87.0,33.0,129.0,38.8,0.135,1,older
4,87.0,71.0,27.0,115.0,31.2,0.189,0,older
2,140.0,65.0,27.0,125.0,24.8,0.215,0,young
0,106.0,67.0,22.0,117.0,20.4,0.326,0,young
4,130.0,70.0,30.0,131.0,37.7,0.218,0,young
2,126.0,77.0,28.0,129.0,35.2,0.196,0,young
1,86.0,58.0,19.0,131.0,30.3,0.238,0,young
1,86.0,81.0,20.0,125.0,30.3,0.303,0,young
6,130.0,65.0,28.0,135.0,39.5,0.096,0,young
2,104.0,60.0,34.0,131.0,32.7,0.406,1,young
6,91.0,73.0,26.0,117.0,30.7,0.292,0,young
0,101.0,67.0,29.0,126.0,35.9,0.137,0,young
6,115.0,86.0,20.0,168.0,28.4,0.795,1,young
0,115.0,56.0,29.0,130.0,28.7,0.288,0,young
0,133.0,69.0,30.0,118.0,33.1,0.191,0,young
0,128.0,81.0,30.0,124.0,35.0,0.186,0,young
1,100.0,61.0,37.0,62.0,28.7,0.243,0,young
2,117.0,67.0,36.0,127.0,39.8,0.21,1,young
0,87.0,57.0,19.0,84.0,35.0,0.608,0,young
0,118.0,68.0,41.0,124.0,37.3,0.11,0,young
0,127.0,73.0,34.0,131.0,36.9,0.274,0,young
1,126.0,68.0,33.0,96.0,31.2,0.42,0,young
11,112.0,64.0,28.0,120.0,23.8,0.215,0,young
2,93.0,68.0,42.0,128.0,31.0,0.476,0,young
1,94.0,74.0,30.0,128.0,28.8,0.176,0,young
1,109.0,64.0,18.0,126.0,25.7,0.126,0,young
7,89.0,74.0,29.0,125.0,32.0,0.28,0,older
2,102.0,57.0,29.0,128.0,30.8,0.287,0,young
6,97.0,62.0,28.0,122.0,30.6,0.207,1,young
2,89.0,72.0,15.0,122.0,31.5,0.146,0,young
3,94.0,75.0,39.0,126.0,38.0,0.327,1,young
7,101.0,63.0,35.0,129.0,34.9,0.489,0,young
6,96.0,61.0,26.0,127.0,29.1,0.219,1,young
2,94.0,71.0,29.0,120.0,34.2,0.232,0,older
5,133.0,72.0,19.0,126.0,25.6,0.148,0,young
3,124.0,75.0,29.0,125.0,33.5,0.331,1,older
3,128.0,60.0,36.0,45.0,25.9,0.343,0,young
5,101.0,66.0,29.0,132.0,29.7,0.199,0,young
4,106.0,68.0,27.0,126.0,31.5,0.086,0,young
2,104.0,71.0,35.0,121.0,37.4,0.274,0,young
8,100.0,61.0,36.0,132.0,31.7,0.43,0,young
8,86.0,68.0,32.0,119.0,21.8,0.154,0,young
5,106.0,81.0,30.0,127.0,29.6,0.303,0,young
8,116.0,72.0,22.0,121.0,26.4,0.193,0,older
1,84.0,78.0,42.0,128.0,37.1,0.27,0,young
2,113.0,53.0,39.0,185.0,36.9,0.704,1,young
1,103.0,69.0,28.0,125.0,42.9,0.476,0,young
0,112.0,69.0,29.0,130.0,37.1,0.242,0,young
3,88.0,66.0,31.0,126.0,25.6,0.222,0,young
1,100.0,81.0,31.0,128.0,33.0,0.228,0,young
0,122.0,62.0,40.0,178.0,42.2,0.838,0,young
10,99.0,91.0,29.0,120.0,43.1,0.197,1,older
0,131.0,79.0,34.0,127.0,38.7,0.682,0,young
7,123.0,67.0,30.0,125.0,27.0,0.254,0,young
9,80.0,76.0,30.0,128.0,29.9,0.201,0,young
9,135.0,64.0,29.0,129.0,30.4,0.217,0,older
5,84.0,62.0,29.0,122.0,34.3,0.313,0,older
4,101.0,69.0,23.0,121.0,23.6,0.347,0,older
10,128.0,69.0,35.0,128.0,39.3,0.316,1,older
6,107.0,66.0,28.0,123.0,32.2,0.084,0,older
0,109.0,64.0,23.0,166.0,29.2,0.609,0,young
7,101.0,80.0,36.0,120.0,34.4,0.917,1,older
1,109.0,81.0,34.0,126.0,31.1,0.241,0,young
9,89.0,68.0,29.0,133.0,35.0,0.294,0,older
7,119.0,75.0,31.0,129.0,27.8,0.297,1,older
1,91.0,68.0,55.0,78.0,31.1,0.199,0,young
0,114.0,60.0,22.0,125.0,27.2,0.276,0,young
0,96.0,72.0,30.0,123.0,31.0,0.29,0,young
1,113.0,72.0,21.0,163.0,27.7,0.114,1,young
1,114.0,67.0,39.0,180.0,30.9,0.46,0,young
5,189.0,81.0,51.0,128.0,46.2,0.138,1,older
3,103.0,75.0,30.0,126.0,38.6,0.218,0,young
1,90.0,59.0,28.0,121.0,30.9,0.347,0,young
0,128.0,80.0,31.0,128.0,41.2,0.262,0,young
1,100.0,65.0,15.0,129.0,29.8,0.299,0,young
11,115.0,66.0,27.0,120.0,32.2,0.171,0,older
6,116.0,68.0,28.0,138.0,37.4,0.271,0,older
0,114.0,68.0,35.0,127.0,30.9,0.218,1,young
6,102.0,70.0,33.0,122.0,32.9,0.193,0,young
9,118.0,71.0,40.0,121.0,29.5,0.258,1,older
2,132.0,61.0,42.0,127.0,27.2,0.294,1,young
2,120.0,60.0,21.0,120.0,28.3,0.201,0,young
6,112.0,66.0,36.0,121.0,33.4,0.233,1,young
2,111.0,62.0,32.0,64.0,32.2,0.701,0,young
11,159.0,77.0,44.0,124.0,30.0,0.188,1,young
0,125.0,72.0,41.0,128.0,32.9,0.412,0,young
5,99.0,68.0,38.0,126.0,36.9,0.213,0,older
3,112.0,77.0,31.0,124.0,31.8,0.139,0,older
5,126.0,97.0,31.0,131.0,36.8,0.237,1,older
4,97.0,81.0,28.0,122.0,29.7,0.155,0,young
1,91.0,64.0,21.0,90.0,30.9,0.242,0,young
8,104.0,69.0,29.0,126.0,37.5,0.305,1,older
7,123.0,96.0,23.0,129.0,33.8,0.263,1,older
7,115.0,78.0,35.0,127.0,29.2,0.426,1,young
7,78.0,85.0,46.0,129.0,33.3,0.272,1,older
1,96.0,68.0,35.0,194.0,37.5,0.478,0,young
7,81.0,66.0,28.0,128.0,32.1,0.175,0,older
0,102.0,62.0,22.0,122.0,24.3,0.2,0,young
0,79.0,75.0,22.0,130.0,23.4,0.347,0,young
1,68.0,53.0,34.0,50.0,31.7,0.278,0,young
1,120.0,66.0,30.0,124.0,28.7,0.131,0,young
3,76.0,68.0,19.0,128.0,26.4,0.292,0,young
0,92.0,75.0,18.0,127.0,33.8,0.122,0,young
2,92.0,78.0,30.0,128.0,29.3,0.315,0,older
1,106.0,53.0,44.0,121.0,35.8,0.284,0,young
1,125.0,73.0,24.0,122.0,28.0,0.245,0,young
7,103.0,76.0,30.0,123.0,26.2,0.322,0,older
6,125.0,68.0,13.0,123.0,26.2,0.288,0,young
0,101.0,69.0,46.0,83.0,45.5,0.349,0,young
1,95.0,69.0,38.0,127.0,37.2,0.226,0,young
0,102.0,76.0,49.0,133.0,42.8,0.284,1,young
1,78.0,64.0,28.0,123.0,32.0,0.367,0,young
13,150.0,84.0,30.0,126.0,40.6,0.314,1,older
2,95.0,75.0,44.0,127.0,29.2,0.387,0,young
1,111.0,53.0,18.0,117.0,23.7,0.091,0,young
6,121.0,72.0,29.0,128.0,29.0,0.09,0,young
1,93.0,58.0,13.0,45.0,26.0,0.221,0,young
1,101.0,58.0,31.0,123.0,29.8,0.22,0,young
3,113.0,66.0,27.0,131.0,30.7,0.089,0,young
0,112.0,76.0,25.0,128.0,20.3,0.128,0,young
1,133.0,67.0,29.0,123.0,30.2,0.286,0,young
8,72.0,71.0,33.0,128.0,29.8,0.312,0,older
8,125.0,84.0,32.0,126.0,32.5,0.26,1,young
4,128.0,65.0,25.0,120.0,25.5,0.321,1,older
9,117.0,68.0,29.0,125.0,31.4,0.256,0,older
10,125.0,69.0,28.0,119.0,34.4,0.232,0,older
2,101.0,58.0,31.0,125.0,18.2,0.144,0,young
6,172.0,79.0,30.0,121.0,31.9,0.338,1,older
6,126.0,71.0,34.0,128.0,35.7,0.253,1,older
6,109.0,72.0,30.0,126.0,27.8,0.247,1,older
11,86.0,75.0,29.0,132.0,25.0,0.176,0,older
0,108.0,86.0,20.0,123.0,29.0,0.343,0,young
3,78.0,65.0,29.0,125.0,31.4,0.091,0,young
6,174.0,89.0,37.0,122.0,30.0,0.178,1,older
0,114.0,58.0,13.0,128.0,22.9,0.178,0,young
2,94.0,52.0,38.0,69.0,26.6,0.468,0,young
1,146.0,67.0,26.0,124.0,31.2,0.226,0,young
0,103.0,78.0,36.0,123.0,24.8,0.159,0,young
0,56.0,63.0,30.0,68.0,36.3,0.245,0,young
1,90.0,62.0,22.0,68.0,18.2,0.151,0,young
0,111.0,55.0,30.0,123.0,29.6,0.304,0,young
11,120.0,84.0,29.0,126.0,29.9,0.087,1,older
2,117.0,67.0,44.0,124.0,29.5,0.31,1,young
2,133.0,71.0,24.0,124.0,27.1,0.245,0,young
1,107.0,62.0,28.0,35.0,29.8,0.198,0,young
5,108.0,62.0,18.0,124.0,30.5,0.275,0,young
8,92.0,84.0,29.0,127.0,37.6,0.344,1,older
0,118.0,81.0,43.0,125.0,33.2,0.457,0,young
2,115.0,74.0,30.0,120.0,33.4,0.284,0,young
3,98.0,68.0,17.0,80.0,30.8,0.353,0,young
4,111.0,74.0,31.0,117.0,35.0,0.179,0,young
3,97.0,76.0,29.0,122.0,28.8,0.127,0,older
2,81.0,73.0,22.0,67.0,26.6,0.149,0,young
7,164.0,78.0,39.0,130.0,44.3,0.211,1,young
7,116.0,96.0,29.0,130.0,36.3,0.223,1,older
5,93.0,71.0,39.0,106.0,33.0,0.196,1,young
8,91.0,77.0,30.0,133.0,27.7,0.243,0,older
11,109.0,70.0,30.0,124.0,18.2,0.382,0,young
8,137.0,76.0,48.0,127.0,30.0,0.317,1,older
1,106.0,61.0,16.0,129.0,21.6,0.196,0,young
9,123.0,81.0,23.0,126.0,32.0,0.291,1,older
3,128.0,79.0,30.0,135.0,29.9,0.195,0,young
8,107.0,69.0,28.0,121.0,26.8,0.314,0,older
6,97.0,82.0,28.0,130.0,33.1,0.216,0,older
9,118.0,91.0,34.0,125.0,36.3,0.26,1,young
10,76.0,77.0,30.0,123.0,31.9,0.253,0,older
8,106.0,56.0,28.0,120.0,30.8,0.295,0,young
1,74.0,64.0,25.0,124.0,25.2,0.248,0,young
1,88.0,83.0,29.0,125.0,28.8,0.29,0,young
1,100.0,75.0,30.0,122.0,28.4,0.367,0,young
0,94.0,73.0,29.0,122.0,33.1,0.3,0,young
5,100.0,65.0,29.0,128.0,37.7,0.208,0,young
1,132.0,74.0,32.0,127.0,33.5,0.267,0,young
4,129.0,73.0,29.0,128.0,34.2,0.26,0,older
8,127.0,71.0,29.0,117.0,29.3,0.187,1,older
12,79.0,59.0,38.0,126.0,36.5,0.17,0,young
12,93.0,88.0,36.0,123.0,29.6,0.147,0,older
0,116.0,66.0,23.0,124.0,35.7,0.142,0,young
0,128.0,65.0,36.0,125.0,37.0,0.384,0,young
7,90.0,75.0,22.0,125.0,27.5,0.233,0,young
5,123.0,71.0,28.0,129.0,32.8,0.267,0,young
2,93.0,74.0,28.0,131.0,31.6,0.215,0,young
8,128.0,72.0,17.0,122.0,31.8,0.615,1,young
9,120.0,79.0,29.0,126.0,33.2,0.301,0,older
1,101.0,56.0,27.0,54.0,28.6,0.258,0,young
2,86.0,83.0,31.0,167.0,37.9,0.627,0,young
0,92.0,63.0,37.0,124.0,38.1,0.51,1,young
12,109.0,72.0,29.0,125.0,35.4,0.284,0,older
3,107.0,63.0,29.0,117.0,29.1,0.193,0,young
2,117.0,83.0,30.0,122.0,28.6,0.607,1,young
1,120.0,66.0,28.0,202.0,34.4,0.444,1,young
6,106.0,77.0,26.0,127.0,29.4,0.209,1,older
9,84.0,74.0,38.0,128.0,25.0,0.165,0,older
1,117.0,65.0,23.0,131.0,28.3,0.492,0,young
6,89.0,72.0,36.0,129.0,30.2,0.288,1,older
5,56.0,65.0,38.0,125.0,31.4,0.221,0,young
1,93.0,66.0,41.0,83.0,39.0,0.281,0,young
1,115.0,73.0,30.0,128.0,28.6,0.39,0,older
10,95.0,79.0,30.0,131.0,30.4,0.268,0,older
0,103.0,56.0,14.0,60.0,27.9,0.337,0,young
0,183.0,77.0,36.0,197.0,41.3,0.534,1,young
5,96.0,67.0,29.0,124.0,29.8,0.255,0,young
5,86.0,77.0,30.0,122.0,31.3,0.284,0,older
0,102.0,76.0,30.0,127.0,36.2,0.364,0,young
6,89.0,62.0,30.0,125.0,35.5,0.316,0,older
9,79.0,71.0,29.0,125.0,35.7,0.494,0,older
1,101.0,78.0,41.0,61.0,35.9,0.419,0,young
1,116.0,69.0,19.0,79.0,24.4,0.217,0,young
2,111.0,69.0,37.0,132.0,30.6,0.308,0,young
2,138.0,62.0,39.0,48.0,35.8,0.285,0,young
1,105.0,64.0,26.0,125.0,32.8,0.319,0,young
2,106.0,65.0,29.0,122.0,31.7,0.359,0,young
3,167.0,69.0,33.0,122.0,28.7,0.75,1,young
4,124.0,81.0,28.0,126.0,28.4,0.156,1,older
3,110.0,77.0,22.0,124.0,32.5,0.307,0,young
1,108.0,61.0,25.0,123.0,29.0,0.297,0,young
0,122.0,68.0,34.0,176.0,38.7,0.763,1,older
8,101.0,81.0,41.0,122.0,41.7,0.225,1,older
7,120.0,92.0,32.0,128.0,32.3,0.192,1,older
1,102.0,85.0,29.0,128.0,34.8,0.367,0,young
3,107.0,71.0,27.0,114.0,23.2,0.23,0,young
2,113.0,71.0,42.0,123.0,35.5,0.192,0,young
1,97.0,66.0,14.0,65.0,19.4,0.748,0,young
1,112.0,47.0,39.0,116.0,34.5,0.175,0,young
6,120.0,76.0,30.0,122.0,27.4,0.226,0,older
2,117.0,64.0,38.0,123.0,46.0,0.466,1,young
1,102.0,82.0,37.0,125.0,45.8,0.364,1,young
0,90.0,72.0,18.0,128.0,31.1,0.155,0,young
0,88.0,64.0,28.0,133.0,31.2,0.666,1,young
1,88.0,60.0,35.0,18.0,32.0,0.735,0,young
0,104.0,71.0,13.0,129.0,23.0,0.226,0,young
5,127.0,71.0,41.0,127.0,35.8,0.091,1,older
0,119.0,86.0,32.0,100.0,24.7,0.555,0,young
1,97.0,82.0,42.0,109.0,31.4,0.395,0,young
6,85.0,53.0,16.0,121.0,25.3,0.249,0,young
0,109.0,74.0,37.0,187.0,46.8,0.455,1,young
2,91.0,64.0,18.0,60.0,31.9,0.132,0,young
2,98.0,68.0,37.0,126.0,44.5,0.359,1,young
6,108.0,56.0,31.0,130.0,28.9,0.531,0,young
7,104.0,65.0,29.0,122.0,35.2,0.154,0,older
0,105.0,74.0,31.0,125.0,23.7,0.239,0,young
0,103.0,81.0,43.0,121.0,36.9,0.304,0,young
1,109.0,69.0,26.0,134.0,32.3,0.219,0,young
2,128.0,59.0,38.0,127.0,32.7,0.442,0,young
2,124.0,85.0,31.0,119.0,31.6,0.253,0,young
0,132.0,71.0,26.0,119.0,38.7,0.293,0,young
7,95.0,81.0,30.0,126.0,33.4,0.242,0,older
0,105.0,59.0,28.0,128.0,37.2,0.249,0,young
8,103.0,58.0,33.0,126.0,31.7,0.313,0,young
11,93.0,65.0,29.0,119.0,27.7,0.286,1,older
6,89.0,57.0,28.0,122.0,27.8,0.238,0,older
7,122.0,66.0,37.0,125.0,35.0,0.295,1,older
2,93.0,57.0,28.0,124.0,28.5,0.265,0,young
1,71.0,79.0,12.0,37.0,18.5,0.224,0,young
4,187.0,79.0,30.0,128.0,30.9,0.387,1,older
0,97.0,72.0,31.0,136.0,33.4,0.651,0,young
1,93.0,56.0,25.0,118.0,25.8,0.202,0,young
1,111.0,68.0,32.0,128.0,34.7,0.211,0,young
0,138.0,75.0,29.0,125.0,27.4,0.588,0,young
0,67.0,65.0,29.0,122.0,32.3,0.157,0,young
5,98.0,74.0,29.0,127.0,41.0,0.321,1,young
2,98.0,61.0,27.0,129.0,30.5,0.249,0,young
0,110.0,75.0,29.0,128.0,35.3,0.294,0,young
2,100.0,71.0,23.0,119.0,35.2,0.309,0,young
1,131.0,71.0,24.0,130.0,28.7,0.188,0,young
9,98.0,88.0,29.0,127.0,36.3,0.144,0,older
1,113.0,74.0,29.0,134.0,23.4,0.222,0,young
2,90.0,76.0,29.0,133.0,30.5,0.206,0,older
0,134.0,80.0,36.0,125.0,32.7,0.283,1,young
5,98.0,75.0,30.0,125.0,29.5,0.257,0,young
1,105.0,59.0,20.0,128.0,26.4,0.189,0,young
10,77.0,63.0,29.0,124.0,26.5,0.302,0,young
9,169.0,94.0,33.0,124.0,35.2,0.239,1,older
0,111.0,86.0,29.0,124.0,35.5,0.229,0,young
5,104.0,83.0,27.0,124.0,26.0,0.199,0,older
0,68.0,70.0,29.0,120.0,32.8,0.241,0,young
4,98.0,71.0,29.0,126.0,32.9,0.167,0,older
1,81.0,73.0,23.0,52.0,42.6,0.318,0,young
3,88.0,77.0,27.0,120.0,32.2,0.381,0,young
6,89.0,73.0,30.0,124.0,20.5,0.167,0,older
6,101.0,68.0,25.0,128.0,22.1,0.748,0,young
8,122.0,61.0,35.0,128.0,30.9,0.274,1,older
7,163.0,79.0,52.0,127.0,34.1,0.244,1,older
11,171.0,84.0,31.0,127.0,35.9,0.21,1,older
2,112.0,64.0,42.0,166.0,44.0,0.307,0,young
0,96.0,69.0,34.0,192.0,38.9,0.477,1,young
0,95.0,67.0,31.0,129.0,37.2,0.175,0,young
9,99.0,64.0,40.0,129.0,27.6,0.268,1,older
7,110.0,69.0,29.0,126.0,33.7,0.186,0,young
1,126.0,69.0,31.0,127.0,21.5,0.539,0,young
9,134.0,74.0,29.0,128.0,31.6,0.303,0,older
1,91.0,72.0,29.0,57.0,29.5,0.236,0,young
2,123.0,70.0,23.0,117.0,28.6,0.312,0,young
9,114.0,81.0,34.0,122.0,38.4,0.573,1,young
2,115.0,75.0,47.0,127.0,35.5,0.211,1,young
6,121.0,73.0,29.0,118.0,31.2,0.4,0,older
8,127.0,64.0,32.0,129.0,36.8,0.229,1,older
1,137.0,81.0,29.0,129.0,30.7,0.201,0,young
2,110.0,63.0,34.0,69.0,41.0,0.567,0,young
6,114.0,73.0,14.0,127.0,30.8,0.29,0,young
0,110.0,70.0,35.0,137.0,37.3,0.205,1,young
2,120.0,83.0,33.0,132.0,36.7,0.235,1,older
1,119.0,75.0,41.0,127.0,36.5,0.271,1,young
1,102.0,66.0,34.0,125.0,35.0,0.13,0,young
2,118.0,74.0,38.0,40.0,26.3,0.261,0,young
1,90.0,77.0,34.0,214.0,33.0,0.268,1,young
1,113.0,78.0,29.0,126.0,38.1,0.249,0,young
9,113.0,77.0,30.0,126.0,37.7,0.262,0,older
6,122.0,67.0,30.0,129.0,34.4,0.233,0,older
9,117.0,79.0,28.0,129.0,37.0,0.264,1,older
1,111.0,62.0,40.0,56.0,26.4,0.234,0,young
6,114.0,77.0,29.0,126.0,34.2,0.23,0,young
0,92.0,71.0,30.0,118.0,34.4,0.207,0,young
8,131.0,53.0,19.0,128.0,29.9,0.293,0,young
4,89.0,65.0,29.0,121.0,29.6,0.359,0,older
0,104.0,67.0,41.0,123.0,41.6,0.191,1,young
4,105.0,74.0,30.0,129.0,22.4,0.304,0,young
1,116.0,68.0,26.0,195.0,30.1,0.706,0,young
11,111.0,94.0,28.0,126.0,32.0,0.338,1,older
2,107.0,59.0,47.0,64.0,35.3,0.424,0,young
2,99.0,71.0,39.0,110.0,29.2,0.243,0,young
1,69.0,58.0,14.0,79.0,36.2,0.402,0,young
8,164.0,78.0,29.0,121.0,38.4,0.336,0,older
3,126.0,78.0,34.0,128.0,27.8,0.195,0,young
1,96.0,66.0,18.0,125.0,28.2,0.179,0,young
8,104.0,78.0,30.0,120.0,35.0,0.381,0,older
1,98.0,69.0,30.0,126.0,38.6,0.249,0,young
1,121.0,68.0,29.0,126.0,32.5,0.153,0,young
1,131.0,72.0,47.0,125.0,36.7,0.575,1,young
1,118.0,64.0,28.0,126.0,35.9,0.192,0,young
1,138.0,63.0,34.0,187.0,35.6,0.601,1,young
2,121.0,66.0,19.0,126.0,26.4,0.253,0,older
9,154.0,75.0,41.0,122.0,34.4,0.435,1,young
8,172.0,77.0,36.0,117.0,31.6,0.172,1,older
2,112.0,67.0,33.0,47.0,31.4,0.3,0,young
0,102.0,63.0,32.0,75.0,34.5,0.182,0,young
1,114.0,61.0,41.0,36.0,32.6,0.156,0,young
0,108.0,69.0,30.0,126.0,32.0,0.259,0,young
4,85.0,74.0,49.0,124.0,35.8,0.274,0,young
10,77.0,77.0,30.0,126.0,35.1,0.166,0,older
10,112.0,67.0,39.0,129.0,37.4,0.235,1,young
9,113.0,78.0,30.0,123.0,28.9,0.191,1,young
0,116.0,66.0,52.0,128.0,34.7,0.221,0,young
2,128.0,66.0,28.0,124.0,34.1,0.434,0,young
9,124.0,64.0,27.0,136.0,32.3,0.497,1,young
10,102.0,88.0,29.0,130.0,28.4,0.243,1,older
8,111.0,73.0,38.0,128.0,25.2,0.242,0,young
6,123.0,60.0,26.0,15.0,30.8,0.224,0,young
6,87.0,71.0,29.0,125.0,35.9,0.204,0,older
1,113.0,80.0,38.0,220.0,28.7,0.397,0,young
7,102.0,70.0,30.0,126.0,29.8,0.202,0,young
1,105.0,71.0,43.0,89.0,26.3,0.252,0,young
4,93.0,78.0,28.0,125.0,33.3,0.338,0,young
7,143.0,89.0,30.0,123.0,30.3,0.195,1,older
0,122.0,68.0,30.0,129.0,31.9,0.355,1,young
1,88.0,65.0,42.0,128.0,36.6,0.235,0,young
11,106.0,73.0,30.0,121.0,36.0,0.239,1,older
3,116.0,72.0,29.0,129.0,33.2,0.281,0,young
9,105.0,70.0,39.0,124.0,25.9,0.303,1,older
11,110.0,73.0,29.0,121.0,27.0,0.263,0,older
1,97.0,58.0,30.0,126.0,35.8,0.28,1,young
1,181.0,77.0,30.0,200.0,40.5,0.65,1,young
4,101.0,72.0,29.0,128.0,36.0,0.37,0,young
0,103.0,69.0,26.0,124.0,41.2,0.237,0,young
10,129.0,80.0,22.0,130.0,28.3,0.28,1,older
9,95.0,75.0,39.0,132.0,30.5,0.377,0,young
0,90.0,72.0,23.0,127.0,33.5,0.306,0,young
10,86.0,67.0,29.0,121.0,32.5,0.253,0,older
1,115.0,75.0,30.0,121.0,35.8,0.218,0,young
12,114.0,69.0,32.0,123.0,30.9,0.218,1,older
5,88.0,59.0,29.0,125.0,36.7,0.241,0,young
1,98.0,79.0,16.0,120.0,24.2,0.117,0,young
3,88.0,65.0,36.0,57.0,32.3,0.135,0,young
0,110.0,52.0,17.0,57.0,22.0,0.156,0,young
2,89.0,59.0,15.0,124.0,26.4,0.142,0,young
2,88.0,86.0,30.0,126.0,35.8,0.341,0,young
2,136.0,55.0,38.0,84.0,31.6,0.269,0,young
2,125.0,79.0,21.0,125.0,30.7,0.165,0,young
2,119.0,68.0,13.0,58.0,32.3,0.322,0,young
1,119.0,65.0,30.0,115.0,37.0,0.181,0,young
1,108.0,77.0,36.0,126.0,32.9,0.23,0,young
3,97.0,61.0,37.0,126.0,23.5,0.241,0,young
9,107.0,77.0,29.0,125.0,31.6,0.241,1,older
1,99.0,86.0,29.0,129.0,32.6,0.186,0,young
1,105.0,75.0,31.0,132.0,29.8,0.225,0,young
9,89.0,59.0,27.0,124.0,28.2,0.245,0,young
2,78.0,59.0,44.0,181.0,35.4,0.339,1,young
1,138.0,82.0,31.0,129.0,39.6,0.247,1,young
4,73.0,74.0,29.0,123.0,41.5,0.134,0,older
2,104.0,73.0,28.0,137.0,33.6,0.105,0,young
0,107.0,75.0,38.0,89.0,30.5,0.295,0,young
8,118.0,73.0,30.0,126.0,27.7,0.264,1,older
1,110.0,62.0,26.0,123.0,36.2,0.605,0,young
1,89.0,76.0,29.0,124.0,33.2,0.259,0,young
7,108.0,64.0,25.0,127.0,28.7,0.241,0,older
1,82.0,55.0,20.0,56.0,22.0,0.281,0,young
5,92.0,70.0,32.0,135.0,37.9,0.193,1,older
2,125.0,62.0,35.0,185.0,41.0,0.578,0,young
6,56.0,67.0,30.0,123.0,28.7,0.311,0,young
5,103.0,79.0,31.0,121.0,26.8,0.26,0,older
4,100.0,78.0,29.0,122.0,28.3,0.309,0,young
10,111.0,92.0,37.0,119.0,29.9,0.278,1,older
0,113.0,71.0,28.0,126.0,34.2,0.303,0,young
9,110.0,71.0,30.0,122.0,27.0,0.195,0,young
1,116.0,59.0,36.0,44.0,27.9,0.211,0,young
8,107.0,71.0,28.0,129.0,34.3,0.255,0,young
1,126.0,70.0,33.0,127.0,29.8,0.084,0,young
10,103.0,84.0,36.0,127.0,40.8,0.371,1,older
7,88.0,76.0,29.0,124.0,33.6,0.265,0,older
5,139.0,76.0,30.0,128.0,44.5,0.244,0,older
6,117.0,80.0,28.0,134.0,30.2,0.278,1,older
6,109.0,73.0,28.0,120.0,36.0,0.207,0,young
2,99.0,75.0,40.0,127.0,29.6,0.23,0,young
7,93.0,73.0,28.0,118.0,29.1,0.321,0,young
9,100.0,67.0,29.0,126.0,31.9,0.244,0,older
0,105.0,69.0,32.0,168.0,32.5,0.486,0,young
1,92.0,71.0,25.0,76.0,32.9,0.338,0,young
3,85.0,66.0,32.0,126.0,42.3,0.231,0,young
1,105.0,79.0,29.0,127.0,35.7,0.188,0,young
2,76.0,69.0,33.0,83.0,31.1,0.238,0,young
1,106.0,68.0,20.0,120.0,21.6,0.228,0,young
1,126.0,70.0,31.0,122.0,35.3,0.271,0,young
2,98.0,68.0,28.0,125.0,33.2,0.155,0,young
8,173.0,77.0,30.0,120.0,43.6,0.203,1,older
1,83.0,60.0,34.0,89.0,38.8,0.453,0,young
1,98.0,60.0,36.0,120.0,44.2,0.44,1,young
0,112.0,72.0,30.0,123.0,33.3,0.259,0,young
4,98.0,63.0,29.0,131.0,38.2,0.197,0,young
2,108.0,71.0,23.0,168.0,31.4,0.348,0,young
7,105.0,76.0,28.0,123.0,26.9,0.221,0,older
0,119.0,65.0,21.0,127.0,26.4,0.245,0,young
2,113.0,63.0,29.0,121.0,30.4,0.14,0,young
7,118.0,76.0,30.0,129.0,34.4,0.268,0,older
1,99.0,63.0,20.0,132.0,24.6,0.171,0,young
9,94.0,71.0,30.0,123.0,24.2,0.206,0,older
5,85.0,78.0,29.0,130.0,30.7,0.193,0,older
1,90.0,64.0,28.0,131.0,35.1,0.264,0,young
2,95.0,61.0,28.0,127.0,29.5,0.259,0,young
7,165.0,63.0,44.0,123.0,30.8,0.275,1,older
0,98.0,72.0,34.0,126.0,33.5,0.337,0,young
0,132.0,84.0,42.0,124.0,35.4,0.113,0,young
0,106.0,61.0,33.0,116.0,34.5,0.253,0,young
7,129.0,75.0,30.0,123.0,29.5,0.299,0,young
9,113.0,78.0,31.0,124.0,29.3,0.253,0,older
0,98.0,69.0,31.0,69.0,32.9,0.322,0,young
0,154.0,73.0,46.0,178.0,43.6,1.596,1,young
0,113.0,81.0,30.0,127.0,31.1,0.375,0,young
1,82.0,65.0,35.0,131.0,29.0,0.258,0,young
7,151.0,73.0,28.0,124.0,26.0,0.17,1,older
6,157.0,87.0,30.0,121.0,38.4,0.269,1,older
6,100.0,73.0,28.0,132.0,32.5,0.232,0,young
7,104.0,87.0,30.0,126.0,34.1,0.221,1,older
1,90.0,66.0,16.0,120.0,24.5,0.266,0,young
0,113.0,76.0,20.0,126.0,21.8,0.201,0,young
4,157.0,80.0,30.0,126.0,40.4,0.263,1,older
5,118.0,76.0,29.0,125.0,33.5,0.279,0,older
4,93.0,65.0,29.0,128.0,30.5,0.291,0,young
7,99.0,73.0,29.0,126.0,34.5,0.211,1,older
4,82.0,70.0,35.0,129.0,32.2,0.286,0,young
1,79.0,81.0,29.0,124.0,33.8,0.2,0,young
1,88.0,66.0,44.0,134.0,26.1,0.116,0,young
7,136.0,64.0,17.0,131.0,36.3,0.181,1,older
8,169.0,83.0,32.0,128.0,31.6,0.252,1,older
2,101.0,57.0,29.0,125.0,32.4,0.238,0,young
5,108.0,75.0,28.0,124.0,32.6,0.437,0,older
1,101.0,67.0,20.0,128.0,25.7,0.352,0,young
8,123.0,62.0,41.0,130.0,41.2,0.26,1,older
8,84.0,68.0,29.0,133.0,31.2,0.338,0,young
1,112.0,59.0,24.0,234.0,28.7,0.295,0,young
7,105.0,99.0,29.0,130.0,27.9,0.339,1,older
0,105.0,70.0,31.0,120.0,27.7,0.28,0,young
1,118.0,66.0,38.0,130.0,35.2,0.241,0,young
3,114.0,77.0,28.0,129.0,29.0,0.106,0,young
1,98.0,60.0,23.0,54.0,32.2,0.209,0,young
7,121.0,57.0,35.0,124.0,29.3,0.565,0,young
5,84.0,68.0,30.0,131.0,32.4,0.327,0,young
1,98.0,77.0,29.0,128.0,32.2,0.22,0,young
9,89.0,75.0,29.0,123.0,26.2,0.165,0,older
0,90.0,80.0,22.0,128.0,27.4,0.459,0,young
2,155.0,81.0,30.0,129.0,34.9,0.306,1,young
8,105.0,63.0,30.0,127.0,36.4,0.148,1,older
4,99.0,74.0,29.0,128.0,32.2,0.283,0,older
9,164.0,86.0,28.0,128.0,33.7,0.357,1,older
8,103.0,71.0,31.0,130.0,35.6,0.168,0,older
1,122.0,83.0,48.0,125.0,37.7,0.25,1,older
5,111.0,63.0,34.0,187.0,29.4,0.436,1,young
4,123.0,71.0,33.0,178.0,39.8,0.739,1,young
5,139.0,97.0,40.0,125.0,35.7,0.246,1,older
7,102.0,74.0,29.0,127.0,29.0,0.272,1,older
1,112.0,63.0,18.0,128.0,26.0,0.257,0,young
2,112.0,76.0,30.0,126.0,34.3,0.628,1,older
6,130.0,71.0,30.0,125.0,33.6,0.146,0,young
1,95.0,58.0,41.0,87.0,25.2,0.281,0,young
0,113.0,79.0,35.0,123.0,36.4,0.419,0,young
8,111.0,72.0,37.0,129.0,33.8,0.235,1,older
0,139.0,71.0,45.0,196.0,48.4,0.48,0,young
1,103.0,78.0,29.0,125.0,27.7,0.303,0,young
1,80.0,50.0,28.0,95.0,27.6,0.205,0,young
8,102.0,87.0,28.0,124.0,41.4,0.364,0,older
9,92.0,73.0,29.0,125.0,27.5,0.2,0,older
5,103.0,74.0,39.0,127.0,28.9,0.159,0,young
3,127.0,68.0,31.0,132.0,36.3,0.209,0,young
1,123.0,85.0,38.0,163.0,26.8,0.326,1,young
10,182.0,85.0,28.0,124.0,47.3,0.193,1,older
9,124.0,81.0,43.0,131.0,34.8,0.833,1,older
7,108.0,70.0,30.0,131.0,27.3,0.321,1,older
3,137.0,71.0,29.0,125.0,33.0,0.158,0,young
5,85.0,68.0,25.0,119.0,27.3,0.128,0,young
0,70.0,68.0,21.0,93.0,32.8,0.263,0,young
5,163.0,82.0,45.0,132.0,38.8,0.263,1,older
0,111.0,78.0,42.0,54.0,38.6,0.37,0,young
1,114.0,71.0,30.0,129.0,36.7,0.33,0,young
2,130.0,80.0,28.0,129.0,33.9,0.518,0,young
1,95.0,55.0,12.0,123.0,26.6,0.271,0,young
0,88.0,75.0,31.0,183.0,29.8,0.673,1,young
3,103.0,73.0,29.0,120.0,31.5,0.084,0,young
2,107.0,65.0,24.0,130.0,30.3,0.322,0,young
2,106.0,64.0,33.0,123.0,37.7,0.228,0,young
11,116.0,68.0,29.0,125.0,25.5,0.351,0,young
5,104.0,71.0,28.0,116.0,19.8,0.165,0,young
1,89.0,71.0,29.0,123.0,29.2,0.212,0,young
1,102.0,57.0,29.0,123.0,37.8,0.237,0,young
7,113.0,71.0,11.0,122.0,29.4,0.288,0,older
1,123.0,71.0,31.0,121.0,30.4,0.25,0,young
2,139.0,69.0,50.0,121.0,38.2,0.623,0,young
1,75.0,64.0,29.0,126.0,25.9,0.244,0,young
1,90.0,61.0,44.0,127.0,35.8,0.247,0,young
9,100.0,67.0,28.0,124.0,27.1,0.231,0,young
0,121.0,66.0,38.0,183.0,36.3,0.675,1,young
10,72.0,70.0,25.0,121.0,26.2,0.166,0,young
7,98.0,69.0,28.0,127.0,31.0,0.154,0,young
5,119.0,67.0,29.0,126.0,26.1,0.263,1,older
7,112.0,77.0,29.0,130.0,35.5,0.274,0,young
2,94.0,76.0,29.0,126.0,31.1,0.25,1,older
0,87.0,66.0,28.0,122.0,29.3,0.393,0,young
14,109.0,87.0,22.0,123.0,38.2,0.258,1,older
5,119.0,63.0,37.0,116.0,31.4,0.169,0,young
7,79.0,61.0,32.0,119.0,30.4,0.335,0,young
6,132.0,83.0,29.0,120.0,32.8,0.352,1,older
0,109.0,71.0,15.0,121.0,24.8,0.185,0,young
1,126.0,77.0,37.0,84.0,28.7,0.306,0,young
10,103.0,73.0,29.0,130.0,27.8,0.212,0,older
2,95.0,66.0,24.0,82.0,30.3,0.37,0,young
1,132.0,80.0,31.0,126.0,32.0,0.339,1,young
6,123.0,81.0,40.0,122.0,38.6,0.473,1,older
7,104.0,59.0,19.0,128.0,31.0,0.198,0,young
1,88.0,57.0,12.0,89.0,21.1,0.157,0,young
2,97.0,71.0,31.0,59.0,35.0,0.215,0,young
8,170.0,74.0,38.0,125.0,32.1,0.205,1,young
1,130.0,69.0,39.0,118.0,42.8,0.328,1,young
10,147.0,84.0,28.0,121.0,33.4,0.296,1,older
2,136.0,74.0,37.0,154.0,43.9,0.41,1,young
8,80.0,83.0,29.0,125.0,35.4,0.264,0,older
4,105.0,68.0,29.0,132.0,33.4,0.19,0,young
5,120.0,73.0,25.0,128.0,28.9,0.117,1,older
1,97.0,70.0,29.0,165.0,27.2,0.593,0,young
1,114.0,76.0,43.0,128.0,36.9,0.159,0,young
2,93.0,67.0,12.0,52.0,26.7,0.375,0,young
8,100.0,80.0,29.0,123.0,32.0,0.249,0,young
7,103.0,75.0,29.0,128.0,33.5,0.257,0,older
2,112.0,64.0,33.0,143.0,33.6,0.5,1,young
9,99.0,81.0,29.0,126.0,29.6,0.428,1,older
12,174.0,83.0,47.0,131.0,36.2,0.203,1,older
7,97.0,70.0,30.0,131.0,32.6,0.265,1,older
4,79.0,81.0,28.0,126.0,32.3,0.145,0,young
2,101.0,68.0,34.0,125.0,29.6,0.133,0,young
1,102.0,71.0,19.0,62.0,28.3,0.311,0,young
8,113.0,74.0,27.0,137.0,28.2,0.217,0,older
6,150.0,76.0,29.0,126.0,35.1,0.331,1,older
8,87.0,77.0,28.0,129.0,23.9,0.255,0,older
6,164.0,78.0,42.0,129.0,41.5,0.313,1,young
1,114.0,73.0,22.0,49.0,31.5,0.879,0,young
2,95.0,80.0,36.0,115.0,37.5,0.51,0,young
0,114.0,86.0,31.0,123.0,37.2,0.297,1,young
9,93.0,77.0,29.0,127.0,29.8,0.341,0,young
2,107.0,74.0,15.0,119.0,26.4,0.202,0,young
9,94.0,71.0,29.0,130.0,35.2,0.138,1,older
2,91.0,55.0,28.0,126.0,29.8,0.178,0,young
7,99.0,69.0,29.0,123.0,32.9,0.345,0,young
0,135.0,68.0,29.0,124.0,38.7,0.231,0,young
1,83.0,77.0,13.0,129.0,21.9,0.096,0,young
6,113.0,70.0,31.0,127.0,40.0,0.39,1,young
1,92.0,77.0,30.0,126.0,25.2,0.327,0,young
1,102.0,83.0,29.0,125.0,34.2,0.175,0,young
1,88.0,73.0,30.0,126.0,31.6,0.325,0,young
13,91.0,62.0,28.0,122.0,33.4,0.279,0,older
5,151.0,74.0,29.0,122.0,36.1,0.316,0,older
1,103.0,70.0,33.0,132.0,34.8,0.336,0,young
2,91.0,74.0,29.0,128.0,34.9,0.362,0,young
3,87.0,65.0,30.0,66.0,31.3,0.255,0,young
1,104.0,69.0,27.0,47.0,31.7,0.626,0,young
6,165.0,70.0,47.0,125.0,36.9,0.431,1,older
9,103.0,73.0,29.0,128.0,34.9,0.198,0,young
1,122.0,65.0,31.0,128.0,32.9,0.641,0,young
11,81.0,76.0,29.0,126.0,25.7,0.273,0,older
5,78.0,84.0,41.0,132.0,36.3,0.356,1,young
7,90.0,82.0,31.0,121.0,31.1,0.229,1,older
4,117.0,87.0,30.0,128.0,29.9,0.341,0,older
8,110.0,76.0,29.0,122.0,34.7,0.337,0,young
10,124.0,76.0,29.0,127.0,40.3,0.29,0,young
0,98.0,82.0,29.0,126.0,31.0,0.178,0,young
1,113.0,76.0,25.0,211.0,31.7,0.776,1,young
3,112.0,79.0,38.0,133.0,37.3,0.353,1,young
1,88.0,57.0,26.0,68.0,36.2,0.176,0,young
1,98.0,77.0,34.0,123.0,35.2,0.211,0,young
7,111.0,86.0,29.0,128.0,33.3,0.428,1,older
7,138.0,72.0,14.0,157.0,27.7,0.63,1,young
2,105.0,76.0,29.0,118.0,35.7,0.342,0,young
1,119.0,65.0,29.0,125.0,28.8,0.158,0,young
8,118.0,82.0,29.0,125.0,35.7,0.154,0,older
14,103.0,82.0,29.0,124.0,27.3,0.187,0,older
2,110.0,70.0,22.0,162.0,26.8,0.443,0,young
1,105.0,67.0,28.0,113.0,36.2,0.312,0,young
8,113.0,68.0,31.0,124.0,39.6,0.376,1,older
8,86.0,78.0,28.0,126.0,34.0,0.319,0,older
7,124.0,82.0,28.0,123.0,33.5,0.195,0,older
1,95.0,74.0,38.0,134.0,36.2,0.551,1,young
1,125.0,73.0,19.0,125.0,31.3,0.197,0,young
0,140.0,68.0,23.0,131.0,33.9,0.52,1,young
10,114.0,52.0,37.0,126.0,31.2,0.269,0,young
1,93.0,70.0,34.0,117.0,28.4,0.212,0,young
2,115.0,64.0,29.0,128.0,32.7,0.171,0,young
10,166.0,86.0,38.0,120.0,33.9,0.251,1,older
5,79.0,76.0,17.0,134.0,34.4,0.212,0,young
2,70.0,66.0,33.0,109.0,28.9,0.253,0,young
8,138.0,85.0,32.0,123.0,33.7,0.227,1,older
7,117.0,81.0,31.0,128.0,27.4,0.172,0,older
2,111.0,77.0,39.0,198.0,38.6,0.255,0,young
1,91.0,61.0,12.0,94.0,27.3,0.359,0,young
1,73.0,64.0,27.0,44.0,25.1,0.278,0,young
0,134.0,76.0,31.0,211.0,42.4,0.266,1,young
5,82.0,88.0,29.0,128.0,30.7,0.119,1,older
2,90.0,57.0,29.0,122.0,40.8,0.26,0,young
6,96.0,73.0,30.0,129.0,29.0,0.249,0,older
4,177.0,79.0,39.0,125.0,37.5,0.444,1,young
1,84.0,64.0,19.0,34.0,26.4,0.287,0,young
13,140.0,77.0,30.0,126.0,35.2,0.324,0,older
5,94.0,63.0,28.0,126.0,28.8,0.289,0,young
6,96.0,63.0,21.0,130.0,34.1,0.225,0,older
7,156.0,86.0,49.0,124.0,32.1,0.189,1,older
1,101.0,63.0,35.0,166.0,36.0,0.617,1,young
2,81.0,66.0,39.0,66.0,35.9,0.331,0,young
6,123.0,79.0,35.0,128.0,40.0,0.187,0,young
7,115.0,68.0,29.0,132.0,31.5,0.189,0,older
0,93.0,70.0,32.0,121.0,24.9,0.242,0,young
0,94.0,52.0,27.0,119.0,30.2,0.154,0,young
12,113.0,66.0,29.0,133.0,24.1,0.087,0,older
6,127.0,73.0,29.0,132.0,28.2,0.197,1,older
6,123.0,67.0,25.0,124.0,31.1,0.104,0,older
8,107.0,67.0,47.0,126.0,38.2,0.283,1,young
8,98.0,74.0,28.0,126.0,34.2,0.335,0,older
4,140.0,77.0,51.0,129.0,42.3,0.322,1,older
8,154.0,82.0,21.0,126.0,38.6,0.201,1,older
1,132.0,81.0,31.0,130.0,32.2,0.286,0,young
1,89.0,54.0,15.0,72.0,26.6,0.306,0,young
0,103.0,70.0,15.0,75.0,26.6,0.255,0,young
2,102.0,77.0,35.0,124.0,24.6,0.181,1,older
12,102.0,85.0,45.0,123.0,35.6,0.267,1,older
1,88.0,78.0,33.0,48.0,36.6,0.257,0,young
4,111.0,72.0,30.0,135.0,28.8,0.261,0,young
8,121.0,69.0,28.0,127.0,29.4,0.262,0,young
6,118.0,90.0,30.0,119.0,38.1,0.273,0,young
1,116.0,83.0,54.0,119.0,32.3,0.301,1,older
2,105.0,63.0,29.0,124.0,35.6,0.244,0,young
1,104.0,69.0,22.0,124.0,32.8,0.137,0,young
1,92.0,70.0,35.0,68.0,29.4,0.566,0,young
2,146.0,82.0,29.0,129.0,33.7,0.137,0,young
8,128.0,83.0,30.0,118.0,27.5,0.276,1,older
0,91.0,65.0,30.0,129.0,36.2,0.119,0,young
4,95.0,69.0,19.0,126.0,22.6,0.28,0,young
2,123.0,67.0,29.0,125.0,32.8,0.173,0,young
4,117.0,85.0,29.0,126.0,30.1,0.383,1,older
1,106.0,76.0,29.0,23.0,27.2,0.338,0,young
12,109.0,81.0,29.0,129.0,31.4,0.255,0,older
7,107.0,74.0,30.0,123.0,28.4,0.185,0,older
1,102.0,62.0,42.0,123.0,29.1,0.319,1,young
4,107.0,60.0,29.0,128.0,31.7,0.221,0,older
5,134.0,63.0,28.0,129.0,29.7,0.284,1,older
0,94.0,60.0,17.0,65.0,18.2,0.393,0,young
7,85.0,72.0,28.0,119.0,28.9,0.15,0,young
2,112.0,74.0,32.0,124.0,35.3,0.215,0,young
3,102.0,73.0,33.0,129.0,38.2,0.685,0,young
6,94.0,74.0,29.0,128.0,33.3,0.34,0,older
2,117.0,64.0,18.0,58.0,19.1,0.277,0,young
2,132.0,67.0,25.0,126.0,26.0,0.221,0,young
5,112.0,77.0,32.0,129.0,23.8,0.211,1,older
10,101.0,66.0,29.0,123.0,27.0,0.232,0,older
2,97.0,75.0,19.0,118.0,31.5,0.352,0,young
2,86.0,50.0,36.0,117.0,30.0,0.21,0,young
5,133.0,75.0,42.0,135.0,47.1,0.144,1,young
1,94.0,62.0,18.0,98.0,31.6,0.178,0,young
2,78.0,74.0,29.0,131.0,28.8,0.344,0,young
2,117.0,78.0,39.0,124.0,19.9,0.413,1,young
8,126.0,92.0,30.0,127.0,38.5,0.315,1,older
7,106.0,76.0,29.0,125.0,32.8,0.251,0,older
10,118.0,78.0,29.0,130.0,35.2,0.25,0,older
1,69.0,71.0,36.0,80.0,33.8,0.546,0,young
5,97.0,80.0,30.0,124.0,33.9,0.193,0,older
7,101.0,73.0,30.0,132.0,35.5,0.281,0,young
9,121.0,67.0,33.0,125.0,27.6,0.371,1,young
1,104.0,53.0,8.0,103.0,30.1,0.173,0,young
4,100.0,76.0,29.0,131.0,25.7,0.17,0,older
2,87.0,86.0,29.0,127.0,37.7,0.388,0,young
7,100.0,78.0,30.0,127.0,32.3,0.2,0,young
0,117.0,79.0,24.0,88.0,28.6,0.272,0,young
8,79.0,85.0,30.0,116.0,39.4,0.272,0,young
0,166.0,95.0,40.0,413.0,37.3,1.062,1,young
2,97.0,74.0,49.0,125.0,25.1,0.289,1,young
0,119.0,74.0,17.0,124.0,26.4,0.434,0,young
1,103.0,44.0,29.0,122.0,26.1,0.269,0,young
0,121.0,70.0,27.0,126.0,34.0,0.29,0,young
12,105.0,79.0,29.0,120.0,29.9,0.311,1,older
3,78.0,77.0,29.0,129.0,32.5,0.202,0,older
0,131.0,67.0,44.0,120.0,31.8,0.453,0,young
0,98.0,73.0,28.0,86.0,26.2,0.394,0,young
1,93.0,82.0,42.0,125.0,34.4,0.253,0,young
8,169.0,72.0,37.0,129.0,33.2,0.151,1,older
1,127.0,84.0,42.0,177.0,46.0,0.527,1,young
0,107.0,61.0,46.0,126.0,30.3,0.219,0,young
8,76.0,71.0,29.0,122.0,26.6,0.225,0,young
1,81.0,80.0,35.0,136.0,39.2,0.265,0,young
1,113.0,76.0,26.0,127.0,39.9,0.352,1,young
1,109.0,77.0,30.0,126.0,33.6,0.227,0,young
1,113.0,75.0,31.0,128.0,32.2,0.253,0,older
6,94.0,75.0,33.0,122.0,32.3,0.516,1,young
6,111.0,65.0,22.0,131.0,23.5,0.159,0,young
0,134.0,67.0,21.0,117.0,24.6,0.416,0,young
0,96.0,68.0,44.0,93.0,22.2,0.254,0,young
5,97.0,77.0,32.0,132.0,34.8,0.308,0,young
11,86.0,69.0,29.0,125.0,27.9,0.376,0,older
7,137.0,72.0,29.0,126.0,31.5,0.173,0,young
1,110.0,74.0,47.0,128.0,38.6,0.488,1,young
6,168.0,77.0,30.0,121.0,31.0,0.226,1,older
2,180.0,69.0,36.0,198.0,30.7,0.57,1,young
3,99.0,71.0,26.0,125.0,32.3,0.169,0,young
8,110.0,82.0,29.0,127.0,32.5,0.285,0,older
6,99.0,72.0,28.0,131.0,33.1,0.084,0,young
3,95.0,68.0,29.0,128.0,26.6,0.148,0,young
2,125.0,65.0,30.0,124.0,30.9,0.252,0,young
4,86.0,67.0,40.0,126.0,37.9,0.261,1,young
7,130.0,68.0,51.0,126.0,39.8,0.277,1,older
8,107.0,63.0,30.0,124.0,28.0,0.35,0,young
0,101.0,50.0,17.0,49.0,28.5,0.197,0,young
4,108.0,62.0,29.0,128.0,36.9,0.309,0,young
2,95.0,70.0,24.0,72.0,30.2,0.216,0,young
6,98.0,80.0,30.0,125.0,29.2,0.332,1,older
0,112.0,73.0,40.0,120.0,47.9,0.338,0,young
7,124.0,68.0,29.0,128.0,29.8,0.306,0,older
0,122.0,80.0,41.0,123.0,35.4,0.257,0,young
1,116.0,68.0,39.0,160.0,42.6,0.379,0,young
7,175.0,65.0,30.0,122.0,31.3,0.274,1,young
6,110.0,65.0,29.0,129.0,27.0,0.312,0,young
11,170.0,80.0,40.0,130.0,36.6,0.215,1,older
5,191.0,77.0,39.0,371.0,37.5,0.605,1,young
5,83.0,81.0,35.0,125.0,31.7,0.218,0,older
9,119.0,80.0,30.0,120.0,39.9,0.165,1,older
9,99.0,82.0,29.0,131.0,35.0,0.223,1,older
1,131.0,71.0,31.0,185.0,42.1,0.715,1,young
1,81.0,60.0,29.0,125.0,32.1,0.368,0,young
2,80.0,51.0,28.0,90.0,32.3,0.382,0,young
1,97.0,56.0,29.0,131.0,27.8,0.197,0,young
2,101.0,67.0,30.0,125.0,36.5,0.276,0,young
5,100.0,67.0,29.0,130.0,31.7,0.312,0,older
7,129.0,70.0,29.0,127.0,30.0,0.267,0,older
5,92.0,71.0,29.0,126.0,35.0,0.172,1,older
12,128.0,69.0,37.0,121.0,33.5,0.242,1,young
1,102.0,77.0,30.0,130.0,32.1,0.315,0,young
1,95.0,65.0,29.0,126.0,34.4,0.282,0,young
5,98.0,64.0,29.0,128.0,30.2,0.349,1,older
2,72.0,62.0,30.0,58.0,29.1,0.37,0,young
9,121.0,68.0,34.0,134.0,37.2,0.261,1,older
2,147.0,71.0,28.0,131.0,31.3,0.256,1,older
6,121.0,57.0,43.0,126.0,25.8,0.492,1,young
1,128.0,73.0,39.0,127.0,47.8,0.189,1,young
6,155.0,84.0,39.0,118.0,34.4,0.307,1,older
8,114.0,79.0,40.0,131.0,35.7,0.094,1,older
1,102.0,70.0,25.0,132.0,35.6,0.187,0,young
0,128.0,84.0,31.0,130.0,32.7,0.168,1,young
0,95.0,76.0,34.0,127.0,30.2,0.244,0,young
1,105.0,83.0,44.0,123.0,33.3,0.255,1,older
10,105.0,70.0,28.0,128.0,32.9,0.273,0,young
2,105.0,64.0,35.0,124.0,24.9,0.208,0,young
0,82.0,52.0,11.0,73.0,21.9,0.189,0,young
1,98.0,70.0,30.0,94.0,29.2,0.259,0,young
7,127.0,71.0,40.0,125.0,35.2,0.186,1,older
2,108.0,58.0,25.0,120.0,20.9,0.271,0,young
1,99.0,83.0,25.0,130.0,29.2,0.209,0,young
9,114.0,68.0,37.0,217.0,31.4,0.33,1,older
1,93.0,66.0,43.0,61.0,25.3,0.392,0,young
1,117.0,87.0,29.0,122.0,44.6,0.247,0,young
1,110.0,78.0,30.0,124.0,28.2,0.277,0,young
4,117.0,73.0,29.0,134.0,35.7,0.218,0,older
0,110.0,65.0,28.0,71.0,30.9,0.178,0,young
1,105.0,71.0,30.0,125.0,25.0,0.311,0,young
5,109.0,76.0,28.0,121.0,25.8,0.305,0,older
1,91.0,69.0,20.0,129.0,24.8,0.253,0,young
2,98.0,56.0,25.0,89.0,26.8,0.238,0,young
0,112.0,70.0,29.0,133.0,36.1,0.181,0,young
1,97.0,70.0,13.0,87.0,28.6,0.116,0,young
10,100.0,59.0,26.0,124.0,29.3,0.251,1,young
5,81.0,67.0,29.0,122.0,34.0,0.227,0,young
12,134.0,72.0,29.0,133.0,23.9,0.3,0,young
1,94.0,75.0,38.0,124.0,39.8,0.34,1,young
0,84.0,57.0,16.0,109.0,35.0,0.267,0,young
1,109.0,65.0,7.0,61.0,24.3,0.215,0,young
1,102.0,71.0,15.0,126.0,26.2,0.138,0,young
4,82.0,68.0,29.0,130.0,27.9,0.165,0,young
1,82.0,63.0,35.0,123.0,28.0,0.277,0,young
7,111.0,73.0,28.0,127.0,27.8,0.345,1,older
0,102.0,69.0,28.0,127.0,31.1,0.246,0,young
5,189.0,91.0,41.0,126.0,37.9,0.427,1,older
8,77.0,62.0,29.0,131.0,35.7,0.236,0,young
6,110.0,66.0,35.0,128.0,40.9,0.374,1,older
6,116.0,80.0,37.0,123.0,33.7,0.289,0,young
4,87.0,74.0,35.0,122.0,28.5,0.232,0,young
5,93.0,67.0,25.0,80.0,30.0,0.371,0,young
2,105.0,78.0,42.0,135.0,24.5,0.175,0,young
1,102.0,59.0,22.0,211.0,36.0,0.607,0,young
0,118.0,69.0,20.0,124.0,31.1,0.322,0,young
0,118.0,62.0,23.0,129.0,27.7,0.431,0,young
0,90.0,78.0,28.0,122.0,22.4,0.109,0,young
0,123.0,70.0,31.0,125.0,43.5,0.297,0,young
8,143.0,77.0,32.0,127.0,27.9,0.241,1,older
2,113.0,76.0,28.0,125.0,29.6,0.236,0,older
11,94.0,59.0,29.0,122.0,31.2,0.253,0,older
0,115.0,70.0,29.0,182.0,34.4,0.562,0,young
5,116.0,69.0,29.0,128.0,30.9,0.275,0,older
2,103.0,78.0,35.0,125.0,31.2,0.114,0,young
0,93.0,64.0,19.0,124.0,29.5,0.167,0,young
5,115.0,70.0,42.0,122.0,36.3,0.658,1,young
4,85.0,64.0,32.0,66.0,31.6,0.271,0,young
10,123.0,64.0,28.0,126.0,30.2,0.208,0,young
4,146.0,64.0,34.0,131.0,38.9,0.305,0,young
3,102.0,61.0,30.0,133.0,19.4,0.111,0,young
0,101.0,70.0,45.0,124.0,32.6,0.653,0,young
1,124.0,75.0,41.0,160.0,41.5,0.491,1,young
4,86.0,74.0,37.0,127.0,24.1,0.191,0,young
0,93.0,85.0,38.0,132.0,36.5,0.45,0,young
0,98.0,53.0,39.0,81.0,28.9,0.228,0,young
0,110.0,66.0,29.0,129.0,34.9,0.279,0,young
1,111.0,68.0,27.0,123.0,33.6,0.267,0,young
0,120.0,76.0,28.0,150.0,32.7,0.573,1,young
5,103.0,72.0,30.0,125.0,34.9,0.244,0,young
0,126.0,63.0,41.0,126.0,26.2,0.202,0,young
1,117.0,68.0,7.0,127.0,32.0,0.242,0,young
2,102.0,79.0,25.0,130.0,33.2,0.293,0,young
5,111.0,56.0,29.0,124.0,35.4,0.409,0,young
0,113.0,82.0,28.0,133.0,31.8,0.296,0,young
1,102.0,70.0,32.0,126.0,34.1,0.084,0,young
7,120.0,69.0,29.0,128.0,27.4,0.187,0,young
7,108.0,83.0,30.0,129.0,31.3,0.084,0,older
7,126.0,84.0,24.0,128.0,33.4,0.423,1,young
4,84.0,75.0,34.0,126.0,39.5,0.372,1,older
0,128.0,59.0,34.0,129.0,28.6,0.084,0,young
11,121.0,85.0,28.0,122.0,30.0,0.201,0,older
11,96.0,74.0,29.0,127.0,28.4,0.245,0,older
5,112.0,61.0,28.0,126.0,30.8,0.203,0,older
0,120.0,63.0,42.0,187.0,35.4,0.331,0,young
7,126.0,82.0,29.0,129.0,25.6,0.175,0,older
1,96.0,83.0,38.0,76.0,38.9,0.288,0,young
4,144.0,73.0,29.0,125.0,29.0,0.187,0,young
1,114.0,76.0,39.0,134.0,32.0,0.365,1,young
1,100.0,65.0,25.0,129.0,30.4,0.212,0,young
4,86.0,64.0,29.0,127.0,36.8,0.132,0,young
6,60.0,77.0,30.0,126.0,39.7,0.181,0,young
1,80.0,69.0,31.0,89.0,20.3,0.788,0,young
1,95.0,65.0,23.0,57.0,28.2,0.51,0,young
8,136.0,82.0,39.0,130.0,36.3,0.274,1,older
1,78.0,65.0,38.0,81.0,29.2,0.285,0,young
2,99.0,67.0,48.0,125.0,38.3,0.325,0,young
5,139.0,67.0,24.0,121.0,37.9,0.911,0,young
2,87.0,69.0,39.0,77.0,34.1,0.395,0,young
2,136.0,74.0,29.0,132.0,36.4,0.158,0,young
8,104.0,67.0,29.0,127.0,32.5,0.26,0,young
1,110.0,55.0,17.0,76.0,28.4,0.108,0,young
1,106.0,71.0,29.0,131.0,31.4,0.421,0,young
1,105.0,68.0,32.0,121.0,24.6,0.18,0,young
1,121.0,78.0,30.0,128.0,26.7,0.213,0,young
1,97.0,55.0,22.0,134.0,34.1,0.168,0,young
4,111.0,79.0,28.0,123.0,28.1,0.267,0,young
3,95.0,62.0,28.0,119.0,25.9,0.307,0,young
8,125.0,72.0,27.0,123.0,41.1,0.292,1,young
0,78.0,65.0,34.0,44.0,28.2,0.359,0,young
1,96.0,63.0,24.0,135.0,27.4,0.262,0,young
1,100.0,68.0,15.0,126.0,30.7,0.113,0,young
1,119.0,73.0,18.0,125.0,25.6,0.439,0,young
0,93.0,46.0,34.0,92.0,34.2,0.163,0,young
0,114.0,80.0,30.0,122.0,30.5,0.228,0,young
0,83.0,66.0,32.0,127.0,30.5,0.337,0,young
1,124.0,64.0,37.0,106.0,35.7,0.561,0,young
7,94.0,74.0,30.0,127.0,36.4,0.26,1,older
3,106.0,72.0,30.0,122.0,31.9,0.261,0,young
1,107.0,75.0,29.0,128.0,22.9,0.173,0,older
11,151.0,89.0,45.0,133.0,33.2,0.217,1,older
2,107.0,72.0,28.0,126.0,35.8,0.286,0,young
0,89.0,55.0,30.0,47.0,31.8,0.203,0,young
0,65.0,75.0,30.0,121.0,32.6,0.288,0,young
5,128.0,66.0,23.0,119.0,29.5,0.489,1,young
0,90.0,73.0,27.0,127.0,32.4,0.139,0,young
11,85.0,77.0,29.0,130.0,30.4,0.084,0,older
1,169.0,81.0,44.0,159.0,41.3,0.698,1,young
0,106.0,59.0,40.0,80.0,31.1,0.153,0,young
8,105.0,72.0,28.0,126.0,29.1,0.337,1,older
7,78.0,82.0,30.0,127.0,39.3,0.195,0,young
11,108.0,68.0,29.0,128.0,31.6,0.296,0,young
1,114.0,75.0,46.0,127.0,32.6,0.566,0,young
7,92.0,80.0,30.0,128.0,33.2,0.29,0,young
4,92.0,81.0,16.0,124.0,28.5,0.161,1,young
8,140.0,71.0,30.0,136.0,40.3,0.343,1,older
0,105.0,69.0,37.0,176.0,34.3,0.265,1,young
3,108.0,63.0,25.0,121.0,32.8,0.335,0,young
5,114.0,54.0,30.0,129.0,30.3,0.191,0,young
6,110.0,76.0,29.0,126.0,33.4,0.153,0,young
4,112.0,64.0,45.0,121.0,26.5,0.236,0,young
0,102.0,69.0,38.0,124.0,26.6,0.162,0,young
1,126.0,69.0,29.0,127.0,29.2,0.278,0,young
0,98.0,81.0,43.0,125.0,50.0,0.355,1,young
0,92.0,51.0,19.0,63.0,28.3,0.343,0,young
8,177.0,84.0,32.0,120.0,33.9,0.175,1,older
0,96.0,59.0,27.0,119.0,36.6,0.402,0,young
1,96.0,64.0,41.0,125.0,30.7,0.247,0,young
1,87.0,68.0,31.0,120.0,35.8,0.085,0,young
1,188.0,84.0,22.0,124.0,38.5,0.612,1,young
1,109.0,64.0,28.0,122.0,24.2,0.526,0,young
8,108.0,72.0,42.0,128.0,31.5,0.414,0,young
0,101.0,84.0,30.0,64.0,35.6,0.33,0,young
13,125.0,71.0,27.0,123.0,32.2,0.326,1,older
2,91.0,79.0,31.0,125.0,25.3,0.243,0,young
4,165.0,71.0,29.0,119.0,38.0,0.344,1,older
7,108.0,60.0,27.0,118.0,37.8,0.371,0,young
11,194.0,73.0,36.0,125.0,33.7,0.238,1,older
13,85.0,70.0,29.0,126.0,22.7,0.228,0,older
9,108.0,65.0,16.0,128.0,18.9,0.261,0,young
2,127.0,75.0,13.0,130.0,26.3,0.139,0,young
4,96.0,65.0,31.0,125.0,34.0,0.127,0,young
2,111.0,82.0,46.0,131.0,33.7,0.223,0,young
8,102.0,77.0,29.0,132.0,37.9,0.197,1,older
0,104.0,72.0,25.0,60.0,32.5,0.484,0,young
9,110.0,76.0,29.0,125.0,35.1,0.158,1,older
5,88.0,66.0,42.0,130.0,36.9,0.284,0,young
0,109.0,83.0,30.0,126.0,27.3,0.282,0,young
4,108.0,64.0,30.0,133.0,30.7,0.237,1,older
0,92.0,67.0,33.0,193.0,32.0,0.387,0,young
1,126.0,49.0,27.0,119.0,27.2,0.335,0,young
10,129.0,81.0,29.0,130.0,35.0,0.156,1,older
7,105.0,65.0,28.0,125.0,35.7,0.384,1,older
3,98.0,76.0,31.0,128.0,33.4,0.206,0,young
8,100.0,63.0,25.0,127.0,34.3,0.342,0,young
9,62.0,63.0,28.0,128.0,29.4,0.299,0,young
0,89.0,56.0,31.0,82.0,33.4,0.144,0,young
12,105.0,65.0,30.0,119.0,31.4,0.311,1,older
3,110.0,78.0,29.0,127.0,27.9,0.291,0,young
5,118.0,70.0,30.0,120.0,27.7,0.291,1,older
9,91.0,69.0,26.0,127.0,29.1,0.264,0,older
0,109.0,69.0,40.0,127.0,33.1,0.195,0,young
4,144.0,83.0,33.0,125.0,30.9,0.316,1,older
3,107.0,68.0,22.0,31.0,32.4,0.221,0,older
8,103.0,84.0,26.0,124.0,30.4,0.172,1,young
7,108.0,63.0,33.0,128.0,24.0,0.658,0,young
3,82.0,65.0,29.0,125.0,30.7,0.296,0,young
5,99.0,70.0,26.0,133.0,26.1,0.19,1,older
1,99.0,75.0,28.0,129.0,30.6,0.113,0,young
0,109.0,61.0,32.0,192.0,43.3,0.297,1,young
7,96.0,67.0,29.0,120.0,30.4,0.336,0,young
1,110.0,78.0,39.0,149.0,33.3,0.673,0,young
1,94.0,80.0,34.0,98.0,42.6,0.307,0,young
6,139.0,74.0,27.0,125.0,26.2,0.428,1,older
7,113.0,68.0,28.0,124.0,26.9,0.125,0,older
0,120.0,62.0,39.0,121.0,23.1,0.242,0,young
1,104.0,66.0,34.0,126.0,30.5,0.207,0,young
4,114.0,68.0,26.0,122.0,37.1,0.103,0,young
2,76.0,68.0,19.0,125.0,28.2,0.16,0,young
5,101.0,67.0,18.0,127.0,28.4,0.476,0,young
2,100.0,77.0,28.0,124.0,32.7,0.284,0,young
0,94.0,60.0,39.0,188.0,29.9,0.503,0,young
2,129.0,75.0,18.0,122.0,31.4,0.233,0,young
4,111.0,63.0,31.0,123.0,29.8,0.252,0,young
2,104.0,75.0,29.0,125.0,35.8,0.178,0,young
0,104.0,76.0,14.0,121.0,18.2,0.175,0,young
5,132.0,83.0,25.0,130.0,36.3,0.669,1,young
10,91.0,72.0,30.0,129.0,31.8,0.084,0,young
7,88.0,70.0,30.0,124.0,39.3,0.444,1,young
10,113.0,79.0,30.0,130.0,28.9,0.196,0,older
8,100.0,77.0,29.0,122.0,26.6,0.234,1,older
3,93.0,67.0,32.0,127.0,32.7,0.084,0,young
1,111.0,70.0,39.0,119.0,32.7,0.306,0,young
0,113.0,60.0,34.0,59.0,34.9,0.458,0,young
6,93.0,67.0,29.0,131.0,29.5,0.145,0,young
1,87.0,85.0,46.0,193.0,40.2,0.632,0,young
2,105.0,72.0,39.0,126.0,31.3,0.234,0,young
7,92.0,77.0,29.0,126.0,36.9,0.331,0,older
6,106.0,66.0,31.0,84.0,35.9,0.386,0,young
1,125.0,87.0,36.0,125.0,40.2,0.362,0,young
0,134.0,68.0,30.0,149.0,31.1,0.547,1,young
0,113.0,77.0,43.0,217.0,30.6,0.825,0,young
4,85.0,73.0,30.0,131.0,32.6,0.15,0,older
1,90.0,70.0,29.0,76.0,34.4,0.447,0,young
5,125.0,71.0,45.0,129.0,31.5,0.352,1,young
1,87.0,62.0,8.0,118.0,31.0,0.211,0,young
0,100.0,61.0,35.0,34.0,25.3,0.528,0,young
0,99.0,74.0,30.0,134.0,36.5,0.468,1,young
10,137.0,70.0,30.0,128.0,36.0,0.327,0,young
0,122.0,63.0,29.0,198.0,37.6,0.736,0,young
9,107.0,84.0,47.0,118.0,37.6,0.39,1,older
0,103.0,78.0,29.0,119.0,27.3,0.361,0,young
3,148.0,76.0,30.0,121.0,35.2,0.305,1,older
1,90.0,69.0,24.0,70.0,37.5,0.235,0,young
1,99.0,64.0,23.0,121.0,32.9,0.203,0,young
9,92.0,65.0,32.0,129.0,26.6,0.287,1,young
1,80.0,76.0,44.0,132.0,29.1,0.218,0,young
2,114.0,77.0,29.0,131.0,34.3,0.21,0,young
1,125.0,71.0,27.0,128.0,30.6,0.377,0,young
9,120.0,63.0,34.0,123.0,27.9,0.242,1,older
1,90.0,69.0,38.0,121.0,35.5,0.353,0,young
9,122.0,76.0,26.0,128.0,33.0,0.195,1,older
2,95.0,63.0,31.0,127.0,31.9,0.336,0,young
2,126.0,76.0,24.0,245.0,42.4,0.701,0,young
4,62.0,71.0,29.0,125.0,29.9,0.383,0,young
0,106.0,63.0,40.0,127.0,31.3,0.265,0,young
1,104.0,69.0,29.0,124.0,32.6,0.133,0,young
1,88.0,59.0,28.0,132.0,30.3,0.233,0,young
0,82.0,59.0,16.0,129.0,23.9,0.315,0,young
1,82.0,80.0,40.0,120.0,34.6,0.093,0,young
2,79.0,65.0,24.0,71.0,31.5,0.159,0,young
5,123.0,71.0,29.0,128.0,28.9,0.264,0,older
1,100.0,70.0,41.0,81.0,33.9,0.246,0,young
6,91.0,67.0,30.0,121.0,30.5,0.356,1,young
0,100.0,79.0,28.0,127.0,40.0,0.145,0,young
8,128.0,72.0,30.0,133.0,31.9,0.357,0,young
12,78.0,73.0,30.0,130.0,25.9,0.258,0,older
1,74.0,67.0,21.0,111.0,29.5,0.355,0,young
8,82.0,77.0,29.0,128.0,32.5,0.224,0,young
3,131.0,74.0,29.0,129.0,25.0,0.213,1,older
5,104.0,61.0,29.0,128.0,34.3,0.234,0,young
1,100.0,71.0,31.0,123.0,30.1,0.368,0,young
3,125.0,64.0,26.0,118.0,28.1,0.694,0,young
5,118.0,63.0,30.0,123.0,37.4,0.18,0,young
7,190.0,75.0,28.0,266.0,38.6,0.43,1,older
1,127.0,70.0,31.0,119.0,34.2,0.119,0,young
4,115.0,71.0,45.0,124.0,31.5,0.095,1,older
1,127.0,60.0,28.0,123.0,30.8,0.142,0,young
1,99.0,72.0,33.0,268.0,32.4,0.298,0,young
1,113.0,65.0,38.0,70.0,31.0,0.539,0,young
11,172.0,86.0,29.0,131.0,30.4,0.232,1,older
1,108.0,72.0,38.0,123.0,22.4,0.456,0,young
7,115.0,60.0,29.0,121.0,23.6,0.674,0,young
2,110.0,54.0,29.0,127.0,33.0,0.242,0,young
0,84.0,68.0,18.0,36.0,31.0,0.335,0,young
0,198.0,92.0,38.0,173.0,47.9,1.044,1,young
1,103.0,70.0,38.0,77.0,35.0,0.259,0,young
8,97.0,66.0,33.0,132.0,28.4,0.327,0,young
0,86.0,68.0,32.0,134.0,33.2,0.133,0,young
8,95.0,73.0,43.0,118.0,31.1,0.262,1,older
9,166.0,79.0,37.0,121.0,31.7,0.239,1,older
1,120.0,74.0,30.0,119.0,35.8,0.189,0,young
6,115.0,71.0,29.0,123.0,37.7,0.244,0,older
1,101.0,54.0,35.0,39.0,33.3,0.383,0,young
5,117.0,78.0,30.0,130.0,32.6,0.159,1,older
1,109.0,62.0,17.0,15.0,30.5,0.394,0,young
1,102.0,69.0,30.0,128.0,28.3,0.396,0,young
2,93.0,57.0,15.0,105.0,28.2,0.228,0,young
8,114.0,83.0,21.0,126.0,39.6,0.259,1,older
5,97.0,66.0,30.0,129.0,29.9,0.291,0,young
5,179.0,74.0,33.0,126.0,37.5,0.383,1,young
9,110.0,69.0,29.0,121.0,26.8,0.223,0,young
6,93.0,67.0,29.0,121.0,33.7,0.385,0,young
2,129.0,59.0,37.0,68.0,32.6,0.283,0,young
2,114.0,75.0,37.0,152.0,42.4,0.65,1,young
6,99.0,77.0,28.0,121.0,31.3,0.274,1,older
1,111.0,73.0,39.0,121.0,36.2,0.316,1,young
2,96.0,83.0,30.0,128.0,38.9,0.231,0,young
9,107.0,84.0,28.0,127.0,34.6,0.215,1,older
3,108.0,88.0,39.0,124.0,29.0,0.181,1,older
1,113.0,75.0,28.0,125.0,30.3,0.244,0,young
1,112.0,67.0,27.0,123.0,33.5,0.574,0,young
9,122.0,88.0,32.0,126.0,30.6,0.228,1,older
1,109.0,82.0,41.0,122.0,25.3,0.184,0,young
1,92.0,74.0,45.0,71.0,34.5,0.181,0,young
0,113.0,60.0,26.0,142.0,37.4,0.484,0,young
0,107.0,73.0,34.0,131.0,25.4,0.226,0,young
2,105.0,70.0,29.0,125.0,37.7,0.325,0,young
10,107.0,77.0,29.0,120.0,34.0,0.288,0,older
1,84.0,63.0,33.0,123.0,24.2,0.277,0,young
9,150.0,87.0,39.0,122.0,40.1,0.141,1,older
10,119.0,66.0,29.0,127.0,28.2,0.214,1,older
11,94.0,79.0,29.0,116.0,27.2,0.166,0,older
0,81.0,69.0,43.0,126.0,32.7,0.333,0,young
1,114.0,65.0,29.0,127.0,32.7,0.312,0,young
1,97.0,67.0,13.0,116.0,31.1,0.163,0,young
4,80.0,66.0,42.0,127.0,30.7,0.298,1,young
4,99.0,71.0,30.0,130.0,32.5,0.222,1,older
7,113.0,81.0,27.0,128.0,35.0,0.351,0,older
1,168.0,75.0,28.0,123.0,31.5,0.437,1,older
1,83.0,56.0,37.0,221.0,36.2,0.683,0,young
2,99.0,67.0,36.0,115.0,37.7,0.277,0,young
11,114.0,83.0,20.0,193.0,29.7,0.54,1,older
2,102.0,61.0,47.0,119.0,25.9,0.288,0,young
1,101.0,68.0,29.0,131.0,37.4,0.267,0,young
3,140.0,67.0,25.0,126.0,28.3,0.19,0,young
1,99.0,75.0,29.0,132.0,27.1,0.256,0,young
7,139.0,69.0,32.0,128.0,34.1,0.319,1,young
1,113.0,73.0,43.0,127.0,30.0,0.593,0,young
2,109.0,77.0,18.0,124.0,34.1,0.265,0,young
7,105.0,69.0,37.0,127.0,35.1,0.245,1,older
6,101.0,69.0,30.0,121.0,33.2,0.306,1,older
1,76.0,68.0,44.0,68.0,32.5,0.189,0,young
0,114.0,69.0,33.0,126.0,34.7,0.274,1,young
1,123.0,62.0,36.0,181.0,29.8,0.565,0,young
1,107.0,71.0,26.0,169.0,30.1,0.326,0,young
7,126.0,79.0,35.0,119.0,33.1,0.282,1,older
6,85.0,68.0,40.0,85.0,26.7,0.415,0,young
1,122.0,59.0,29.0,123.0,28.3,0.126,0,young
0,107.0,65.0,21.0,129.0,33.7,0.335,0,young
1,172.0,76.0,46.0,126.0,38.4,0.336,1,young
1,98.0,76.0,40.0,120.0,34.1,0.151,0,young
2,102.0,75.0,30.0,128.0,31.1,0.26,0,young
1,113.0,57.0,31.0,128.0,27.6,0.263,0,young
0,117.0,68.0,30.0,125.0,37.2,0.2,0,young
1,99.0,66.0,45.0,56.0,30.2,0.272,0,young
1,100.0,74.0,32.0,196.0,38.3,0.52,0,young
9,136.0,84.0,30.0,123.0,29.9,0.207,1,older
8,162.0,87.0,30.0,123.0,37.8,0.186,1,older
4,101.0,74.0,28.0,119.0,31.4,0.197,1,older
5,112.0,79.0,40.0,121.0,31.5,0.419,1,older
1,127.0,71.0,36.0,116.0,32.7,0.13,0,young
8,115.0,83.0,28.0,124.0,35.2,0.264,1,older
9,85.0,62.0,26.0,131.0,29.7,0.209,0,young
2,79.0,77.0,37.0,132.0,32.7,0.279,0,young
6,117.0,63.0,30.0,124.0,28.7,0.209,0,older
9,84.0,75.0,29.0,119.0,26.4,0.195,0,older
6,130.0,73.0,28.0,193.0,30.1,0.301,1,young
2,134.0,90.0,38.0,130.0,33.4,0.329,0,young
2,70.0,70.0,16.0,130.0,37.8,0.165,0,young
7,101.0,74.0,29.0,122.0,29.1,0.376,0,older
1,112.0,72.0,36.0,125.0,31.7,0.229,0,young
8,105.0,71.0,45.0,124.0,41.6,0.17,0,young
0,114.0,62.0,28.0,131.0,38.7,0.138,0,young
9,130.0,82.0,30.0,131.0,35.3,0.324,1,older
5,110.0,71.0,29.0,131.0,25.2,0.114,0,young
1,104.0,49.0,32.0,40.0,37.1,0.33,0,young
9,112.0,67.0,30.0,131.0,27.7,0.288,0,young
2,129.0,84.0,36.0,123.0,33.3,0.188,0,young
2,117.0,73.0,28.0,127.0,30.0,0.207,0,young
9,108.0,72.0,23.0,129.0,28.6,0.341,0,young
1,100.0,67.0,29.0,128.0,28.2,0.362,0,young
2,126.0,74.0,34.0,121.0,32.1,0.178,0,older
4,97.0,68.0,29.0,122.0,32.3,0.206,0,young
0,103.0,76.0,28.0,127.0,28.8,0.267,0,young
7,181.0,81.0,34.0,125.0,34.1,0.247,1,older
2,110.0,75.0,30.0,133.0,36.8,0.269,0,young
1,88.0,58.0,23.0,125.0,31.2,0.163,0,young
2,101.0,76.0,28.0,124.0,31.1,0.24,0,young
1,82.0,70.0,16.0,54.0,22.1,0.309,0,young
6,121.0,63.0,27.0,130.0,23.7,0.226,0,young
4,110.0,76.0,21.0,126.0,32.3,0.421,0,young
4,124.0,72.0,19.0,130.0,25.5,0.395,0,young
1,85.0,50.0,38.0,83.0,34.0,0.253,0,young
0,114.0,81.0,31.0,130.0,46.0,0.313,0,young
7,87.0,67.0,28.0,126.0,31.9,0.212,0,young
7,114.0,71.0,29.0,127.0,36.0,0.181,0,older
10,120.0,79.0,23.0,127.0,34.2,0.307,0,older
0,112.0,72.0,28.0,119.0,34.0,0.382,0,young
5,72.0,77.0,30.0,125.0,38.1,0.234,0,older
2,82.0,64.0,44.0,113.0,39.4,0.262,0,young
8,113.0,73.0,43.0,121.0,29.1,0.36,1,older
0,137.0,62.0,32.0,124.0,34.9,0.396,0,young
2,125.0,72.0,45.0,128.0,46.2,0.226,0,young
0,109.0,66.0,30.0,128.0,20.7,0.278,0,young
5,88.0,67.0,38.0,129.0,33.1,0.242,1,older
5,107.0,82.0,30.0,129.0,33.5,0.33,0,older
4,120.0,69.0,29.0,119.0,35.4,0.275,0,young
1,107.0,71.0,28.0,125.0,34.0,0.253,0,young
1,109.0,75.0,37.0,68.0,35.7,0.572,0,young
4,98.0,73.0,29.0,126.0,38.1,0.178,0,older
2,99.0,67.0,24.0,67.0,23.7,0.216,0,young
4,105.0,66.0,36.0,129.0,28.1,0.257,0,young
6,111.0,82.0,29.0,122.0,28.5,0.37,0,young
0,118.0,74.0,31.0,129.0,29.8,0.45,1,young
5,124.0,79.0,28.0,126.0,30.4,0.165,0,older
9,104.0,70.0,30.0,123.0,24.0,0.242,0,young
1,106.0,63.0,32.0,71.0,31.2,0.347,0,young
3,131.0,61.0,7.0,120.0,21.5,0.186,0,young
1,97.0,76.0,39.0,75.0,32.3,0.369,0,young
5,150.0,94.0,29.0,127.0,22.7,0.241,1,older
5,118.0,72.0,25.0,192.0,28.9,0.482,1,young
4,111.0,79.0,42.0,125.0,30.9,0.343,1,older
3,112.0,72.0,29.0,128.0,33.2,0.203,1,older
0,118.0,75.0,43.0,126.0,35.1,0.202,0,young
1,95.0,70.0,36.0,63.0,31.8,0.344,0,young
1,110.0,68.0,20.0,69.0,30.2,0.259,0,young
6,108.0,79.0,34.0,123.0,33.9,0.329,0,young
2,85.0,57.0,33.0,71.0,31.3,0.518,0,young
6,120.0,84.0,26.0,127.0,37.2,0.632,1,older
2,114.0,73.0,48.0,131.0,35.4,0.309,1,older
0,125.0,86.0,28.0,160.0,33.2,0.607,1,young
1,115.0,79.0,35.0,125.0,32.7,0.126,0,young
8,159.0,85.0,35.0,119.0,36.0,0.212,1,young
5,111.0,68.0,26.0,123.0,25.5,0.337,0,older
1,91.0,51.0,15.0,70.0,29.5,0.25,0,young
6,119.0,61.0,32.0,127.0,19.9,0.431,0,young
3,111.0,49.0,28.0,120.0,27.8,0.368,0,young
5,123.0,69.0,29.0,127.0,37.5,0.155,1,older
9,115.0,73.0,40.0,123.0,37.5,0.254,1,older
6,111.0,87.0,27.0,125.0,34.1,0.305,1,older
1,98.0,64.0,28.0,118.0,32.0,0.199,0,young
1,98.0,75.0,30.0,126.0,33.6,0.247,1,young
5,101.0,73.0,31.0,125.0,29.5,0.203,0,young
7,156.0,80.0,40.0,134.0,30.7,0.166,1,older
0,113.0,70.0,34.0,129.0,43.7,0.67,1,young
6,93.0,66.0,30.0,123.0,34.0,0.313,0,young
6,106.0,75.0,36.0,124.0,38.0,0.18,1,older
0,116.0,81.0,45.0,122.0,36.9,0.376,0,young
11,166.0,85.0,30.0,124.0,32.1,0.174,1,older
0,110.0,67.0,27.0,81.0,24.3,0.21,0,young
6,111.0,73.0,12.0,118.0,19.4,0.395,0,young
0,94.0,74.0,32.0,128.0,26.7,0.2,0,young
6,118.0,68.0,28.0,124.0,36.7,0.211,0,older
9,114.0,73.0,28.0,126.0,35.2,0.278,1,older
10,116.0,73.0,29.0,122.0,28.9,0.298,0,young
3,136.0,75.0,28.0,132.0,26.0,0.332,0,older
1,82.0,70.0,43.0,131.0,26.5,0.336,0,young
7,124.0,60.0,32.0,129.0,22.9,0.529,1,young
1,145.0,80.0,21.0,121.0,26.9,0.195,0,young
1,117.0,72.0,30.0,126.0,26.3,0.268,0,young
1,108.0,66.0,42.0,124.0,37.0,0.13,1,young
2,110.0,70.0,28.0,120.0,33.1,0.273,0,young
1,111.0,74.0,36.0,52.0,34.5,0.273,0,young
9,114.0,81.0,30.0,125.0,34.7,0.084,0,older
7,180.0,67.0,38.0,122.0,32.4,0.251,1,older
0,96.0,71.0,33.0,133.0,47.0,0.274,0,young
9,112.0,79.0,24.0,121.0,27.7,0.653,0,young
1,105.0,73.0,42.0,123.0,38.1,0.263,0,young
0,112.0,66.0,33.0,63.0,30.5,0.413,0,young
0,99.0,78.0,30.0,123.0,34.2,0.324,0,young
1,95.0,65.0,33.0,128.0,31.2,0.28,0,young
1,127.0,82.0,31.0,120.0,33.0,0.285,0,young
5,125.0,71.0,30.0,123.0,26.1,0.212,0,young
3,91.0,73.0,28.0,116.0,27.3,0.27,0,young
9,101.0,61.0,29.0,131.0,29.8,0.294,0,older
2,143.0,69.0,33.0,207.0,42.2,0.298,1,young
0,92.0,62.0,39.0,126.0,31.7,0.283,0,young
3,107.0,77.0,29.0,133.0,25.0,0.385,0,young
0,116.0,72.0,29.0,119.0,32.4,0.203,0,young
8,113.0,62.0,29.0,117.0,27.1,0.252,0,young
1,87.0,66.0,28.0,117.0,31.6,0.302,0,young
2,84.0,56.0,31.0,122.0,35.0,0.319,0,older
9,120.0,76.0,29.0,127.0,25.8,0.084,0,older
0,108.0,66.0,32.0,133.0,28.7,0.572,0,young
3,121.0,60.0,22.0,135.0,29.2,0.33,0,young
2,98.0,60.0,42.0,121.0,25.1,0.764,0,young
2,105.0,67.0,26.0,128.0,30.4,0.267,0,young
1,100.0,73.0,46.0,125.0,35.9,0.255,0,young
0,110.0,71.0,29.0,121.0,26.2,0.689,0,young
1,96.0,65.0,28.0,100.0,28.3,0.311,0,young
5,129.0,68.0,28.0,124.0,27.1,0.31,0,older
0,86.0,64.0,28.0,85.0,35.6,0.317,0,young
1,124.0,77.0,45.0,120.0,34.6,0.561,0,young
0,90.0,53.0,14.0,130.0,28.8,0.272,0,young
2,124.0,66.0,19.0,124.0,33.3,0.262,0,young
5,90.0,71.0,28.0,130.0,31.2,0.181,0,older
0,103.0,72.0,31.0,127.0,37.5,0.349,1,young
2,124.0,76.0,37.0,131.0,37.7,0.151,0,young
0,124.0,63.0,32.0,128.0,37.1,0.117,0,young
9,85.0,67.0,30.0,128.0,29.0,0.279,0,older
6,91.0,75.0,29.0,125.0,28.5,0.292,0,young
8,100.0,64.0,28.0,125.0,36.4,0.548,0,young
7,118.0,65.0,35.0,131.0,25.4,0.289,1,older
0,104.0,68.0,40.0,53.0,35.0,0.252,0,young
1,130.0,76.0,23.0,124.0,31.0,0.231,0,young
6,127.0,75.0,48.0,129.0,38.4,0.233,1,older
2,111.0,71.0,34.0,209.0,44.2,0.567,1,young
1,102.0,72.0,18.0,122.0,29.6,0.215,0,young
4,83.0,80.0,40.0,123.0,32.4,0.307,0,young
1,121.0,62.0,40.0,125.0,41.2,0.461,0,young
0,132.0,63.0,23.0,123.0,31.9,0.598,0,young
8,163.0,70.0,40.0,126.0,36.8,0.201,1,older
1,114.0,84.0,42.0,128.0,35.0,0.222,0,young
7,95.0,76.0,31.0,124.0,30.1,0.295,1,young
1,113.0,61.0,27.0,212.0,28.5,0.452,0,young
4,88.0,58.0,11.0,126.0,28.8,0.155,0,young
2,112.0,68.0,31.0,98.0,34.9,0.196,0,young
2,88.0,75.0,29.0,122.0,27.9,0.325,0,young
9,155.0,78.0,39.0,127.0,37.1,0.274,1,older
8,102.0,74.0,29.0,131.0,31.9,0.213,0,older
1,113.0,70.0,29.0,129.0,30.0,0.186,0,young
0,102.0,77.0,41.0,127.0,36.4,0.401,0,young
2,107.0,67.0,34.0,51.0,34.4,0.404,0,young
0,107.0,56.0,21.0,129.0,29.3,0.224,0,young
1,70.0,47.0,18.0,48.0,20.8,0.149,0,young
2,80.0,60.0,27.0,123.0,25.4,0.315,0,older
0,80.0,63.0,32.0,130.0,26.7,0.37,0,young
0,105.0,67.0,29.0,126.0,37.8,0.27,0,young
8,110.0,61.0,29.0,130.0,34.0,0.286,0,older
0,76.0,72.0,30.0,119.0,37.3,0.158,0,young
1,111.0,76.0,20.0,121.0,36.2,0.231,0,young
6,66.0,68.0,29.0,134.0,23.2,0.212,0,young
1,94.0,61.0,18.0,80.0,24.6,0.185,0,young
6,83.0,57.0,15.0,121.0,23.9,0.213,0,young
7,143.0,83.0,37.0,120.0,46.8,0.204,1,older
1,98.0,80.0,29.0,125.0,29.4,0.122,0,young
2,118.0,71.0,34.0,122.0,30.1,0.165,1,young
1,122.0,74.0,32.0,124.0,31.7,0.182,0,young
10,100.0,91.0,29.0,128.0,36.3,0.194,0,older
1,119.0,62.0,28.0,128.0,27.1,0.39,0,young
1,111.0,64.0,29.0,136.0,34.4,0.309,0,young
0,105.0,67.0,29.0,123.0,37.8,0.131,0,young
2,144.0,62.0,28.0,129.0,39.7,0.26,0,young
2,100.0,74.0,28.0,130.0,27.7,0.171,0,young
7,190.0,86.0,40.0,127.0,34.6,0.291,1,older
1,115.0,72.0,39.0,125.0,32.1,0.278,0,young
10,108.0,73.0,30.0,125.0,34.0,0.146,0,older
2,78.0,58.0,29.0,128.0,24.0,0.242,0,young
6,125.0,76.0,37.0,123.0,35.2,0.352,1,older
2,112.0,67.0,30.0,130.0,34.6,0.162,0,young
1,119.0,76.0,24.0,65.0,32.9,0.243,0,young
7,113.0,58.0,27.0,127.0,30.8,0.434,0,young
3,103.0,66.0,25.0,123.0,28.0,0.144,0,young
10,123.0,69.0,29.0,125.0,41.2,0.365,0,older
2,102.0,73.0,23.0,120.0,24.4,0.201,0,young
0,85.0,67.0,33.0,35.0,29.5,0.266,0,young
2,140.0,82.0,36.0,124.0,37.2,0.238,1,older
1,97.0,75.0,30.0,57.0,32.8,0.176,0,young
2,74.0,69.0,24.0,128.0,32.3,0.336,0,young
5,177.0,63.0,41.0,133.0,40.1,0.828,1,young
5,109.0,77.0,30.0,125.0,28.1,0.323,0,young
1,82.0,68.0,29.0,122.0,36.9,0.15,0,young
6,158.0,80.0,52.0,130.0,33.7,0.419,1,older
1,106.0,69.0,27.0,123.0,33.8,0.169,0,young
7,101.0,76.0,29.0,121.0,35.3,0.315,0,older
0,81.0,61.0,16.0,73.0,20.9,0.3,0,young
2,108.0,67.0,29.0,125.0,27.4,0.233,0,young
1,100.0,73.0,32.0,93.0,38.4,0.641,0,young
1,99.0,69.0,28.0,127.0,31.8,0.306,0,young
8,113.0,73.0,28.0,128.0,27.0,0.147,0,older
1,81.0,61.0,29.0,123.0,27.3,0.241,0,young
5,133.0,67.0,24.0,126.0,42.0,0.213,0,young
1,117.0,76.0,29.0,131.0,33.3,0.227,0,young
6,113.0,62.0,29.0,124.0,27.7,0.275,0,older
1,81.0,80.0,31.0,132.0,29.9,0.183,0,young
0,99.0,73.0,15.0,123.0,32.4,0.16,0,young
1,86.0,67.0,16.0,53.0,22.7,0.208,0,young
1,116.0,61.0,18.0,132.0,18.2,0.165,0,young
1,125.0,66.0,29.0,117.0,33.2,0.205,0,young
3,131.0,62.0,29.0,120.0,30.1,0.152,0,young
10,140.0,87.0,29.0,132.0,30.2,0.206,1,older
3,106.0,59.0,22.0,134.0,31.0,0.24,0,young
0,105.0,63.0,37.0,129.0,29.3,0.264,0,young
8,175.0,85.0,32.0,129.0,28.0,0.266,1,older
0,100.0,71.0,27.0,119.0,28.1,0.692,0,young
1,100.0,66.0,16.0,123.0,28.7,0.143,0,young
2,121.0,80.0,20.0,125.0,25.1,0.103,0,young
0,102.0,73.0,28.0,120.0,28.9,0.214,0,young
3,102.0,69.0,38.0,87.0,30.7,0.56,0,young
1,122.0,80.0,40.0,193.0,41.8,0.457,1,young
4,105.0,71.0,44.0,126.0,34.7,0.247,0,young
9,107.0,78.0,29.0,122.0,32.2,0.126,0,older
3,127.0,90.0,28.0,119.0,24.8,0.219,0,older
3,89.0,70.0,33.0,125.0,38.2,0.176,0,young
0,109.0,64.0,30.0,184.0,42.3,0.623,1,young
6,109.0,81.0,29.0,128.0,33.2,0.234,0,young
8,143.0,76.0,40.0,123.0,40.6,0.218,1,older
5,104.0,71.0,28.0,129.0,28.3,0.322,0,young
3,100.0,87.0,30.0,125.0,37.0,0.304,0,older
6,107.0,63.0,28.0,125.0,21.8,0.279,0,young
3,114.0,73.0,38.0,124.0,29.8,0.255,0,young
1,114.0,65.0,29.0,127.0,32.0,0.135,0,young
1,89.0,75.0,37.0,127.0,34.5,0.327,0,young
1,114.0,75.0,39.0,123.0,31.2,0.209,0,young
1,98.0,60.0,19.0,198.0,32.5,0.413,0,young
0,175.0,62.0,31.0,215.0,32.3,0.498,1,young
10,95.0,63.0,29.0,124.0,33.5,0.336,0,young
1,132.0,66.0,31.0,153.0,28.5,0.522,0,young
8,115.0,75.0,32.0,122.0,32.3,0.238,0,young
1,105.0,68.0,31.0,128.0,32.8,0.292,0,young
8,120.0,79.0,33.0,127.0,26.2,0.326,0,young
1,107.0,74.0,29.0,124.0,22.4,0.18,0,older
9,93.0,69.0,27.0,134.0,34.3,0.122,0,young
2,95.0,70.0,21.0,131.0,24.2,0.25,0,young
0,91.0,79.0,32.0,117.0,34.0,0.636,1,young
12,85.0,58.0,28.0,116.0,31.3,0.084,0,young
2,101.0,71.0,26.0,126.0,23.8,0.224,0,young
1,106.0,65.0,34.0,123.0,32.2,0.237,0,young
0,108.0,61.0,38.0,128.0,42.6,0.359,0,young
0,119.0,77.0,43.0,124.0,46.0,0.22,1,young
1,129.0,80.0,32.0,164.0,41.0,0.229,0,young
6,143.0,72.0,29.0,123.0,34.8,0.239,0,older
10,127.0,86.0,31.0,128.0,32.2,0.458,1,young
1,106.0,74.0,29.0,126.0,33.1,0.146,0,young
3,114.0,83.0,28.0,126.0,31.0,0.252,0,young
0,117.0,72.0,26.0,133.0,25.6,0.198,0,young
0,124.0,79.0,29.0,129.0,31.4,0.261,0,young
0,87.0,66.0,12.0,84.0,27.1,0.333,0,young
5,145.0,75.0,28.0,125.0,35.9,0.353,1,older
0,100.0,66.0,29.0,83.0,31.7,0.278,0,young
1,103.0,64.0,16.0,128.0,23.0,0.248,0,young
1,90.0,53.0,26.0,86.0,27.1,0.534,0,young
9,101.0,84.0,37.0,120.0,29.3,0.276,1,older
0,77.0,54.0,21.0,65.0,25.0,0.252,0,young
1,92.0,74.0,16.0,118.0,28.0,0.197,0,young
4,160.0,75.0,29.0,128.0,23.4,0.203,1,older
9,192.0,83.0,36.0,128.0,32.7,0.28,1,older
1,119.0,68.0,37.0,128.0,36.8,0.438,0,young
2,79.0,67.0,37.0,80.0,30.0,0.197,0,young
1,89.0,72.0,19.0,123.0,30.5,0.35,0,young
2,98.0,66.0,34.0,64.0,29.2,0.294,0,young
7,120.0,71.0,28.0,124.0,29.0,0.165,1,older
5,113.0,70.0,41.0,125.0,35.7,0.343,1,older
1,103.0,69.0,29.0,126.0,28.0,0.291,0,young
9,113.0,87.0,32.0,120.0,28.8,0.183,1,older
2,95.0,70.0,24.0,126.0,27.1,0.14,0,young
2,101.0,71.0,29.0,128.0,29.4,0.169,0,older
1,132.0,69.0,33.0,122.0,31.5,0.345,0,young
6,116.0,82.0,29.0,121.0,23.5,0.235,1,older
2,93.0,72.0,30.0,122.0,30.2,0.291,0,older
9,102.0,81.0,35.0,121.0,32.1,0.332,0,young
11,88.0,71.0,30.0,127.0,34.3,0.323,0,young
1,110.0,73.0,28.0,129.0,28.5,0.346,0,young
5,138.0,64.0,40.0,127.0,39.4,0.213,1,young
3,127.0,78.0,52.0,121.0,30.2,0.238,1,young
5,102.0,83.0,29.0,131.0,31.9,0.221,0,older
1,107.0,74.0,30.0,125.0,35.6,0.236,0,young
12,199.0,89.0,39.0,341.0,43.7,0.373,1,older
10,97.0,76.0,41.0,128.0,35.9,0.205,0,older
8,110.0,62.0,27.0,126.0,23.0,0.203,0,young
6,111.0,71.0,29.0,127.0,35.4,0.26,0,young
4,116.0,68.0,15.0,128.0,29.3,0.195,0,young
1,111.0,62.0,28.0,122.0,28.1,0.365,0,young
0,85.0,63.0,19.0,88.0,35.1,0.259,0,young
7,88.0,94.0,35.0,125.0,36.3,0.266,1,older
4,110.0,71.0,31.0,128.0,34.7,0.788,1,young
1,76.0,60.0,28.0,66.0,32.6,0.316,0,young
1,116.0,62.0,14.0,122.0,26.5,0.239,0,young
6,113.0,76.0,31.0,129.0,36.5,0.325,1,older
1,90.0,79.0,35.0,79.0,33.6,0.46,0,young
3,168.0,72.0,39.0,119.0,31.4,0.202,1,older
1,85.0,66.0,28.0,117.0,30.1,0.367,0,young
0,110.0,55.0,32.0,64.0,31.5,0.173,0,young
2,91.0,67.0,30.0,124.0,28.7,0.219,0,young
5,119.0,61.0,29.0,132.0,31.1,0.227,0,young
4,108.0,61.0,28.0,120.0,30.5,0.433,0,young
0,103.0,52.0,32.0,89.0,26.6,0.287,0,young
2,102.0,65.0,38.0,91.0,36.6,0.248,0,young
1,94.0,74.0,30.0,129.0,37.7,0.163,0,young
1,119.0,79.0,39.0,129.0,36.7,0.243,0,young
5,117.0,78.0,27.0,129.0,33.2,0.225,0,older
1,59.0,83.0,30.0,126.0,37.0,0.25,0,young
8,108.0,71.0,29.0,129.0,36.8,0.22,0,young
7,166.0,77.0,50.0,124.0,36.5,0.368,1,older
6,121.0,77.0,29.0,122.0,33.8,0.395,0,older
3,147.0,84.0,31.0,122.0,34.0,0.385,1,older
6,119.0,70.0,15.0,122.0,32.1,0.231,0,older
7,114.0,60.0,38.0,125.0,29.6,0.275,0,young
9,102.0,71.0,29.0,130.0,32.9,0.328,0,young
4,94.0,69.0,46.0,123.0,30.6,0.273,0,young
1,87.0,64.0,29.0,122.0,31.4,0.338,0,young
0,89.0,72.0,29.0,127.0,32.9,0.26,0,young
2,100.0,69.0,34.0,121.0,33.0,0.307,0,young
9,103.0,63.0,12.0,121.0,27.0,0.192,0,young
1,86.0,70.0,37.0,74.0,30.6,0.341,0,young
1,93.0,76.0,26.0,73.0,23.1,0.208,0,young
11,113.0,58.0,42.0,118.0,35.2,0.201,1,older
7,85.0,86.0,30.0,125.0,33.7,0.296,0,older
7,114.0,65.0,29.0,129.0,29.2,0.186,0,older
5,90.0,70.0,27.0,127.0,30.7,0.121,0,young
0,115.0,66.0,20.0,75.0,22.1,0.164,0,young
8,170.0,89.0,38.0,130.0,37.6,0.257,1,young
7,112.0,94.0,41.0,127.0,31.4,0.268,1,young
1,92.0,81.0,29.0,124.0,37.5,0.185,0,young
7,100.0,77.0,30.0,126.0,36.6,0.151,0,young
2,64.0,52.0,27.0,105.0,29.9,0.52,0,young
0,108.0,74.0,29.0,120.0,36.4,0.125,0,older
6,155.0,85.0,35.0,128.0,36.8,0.621,1,older
4,114.0,70.0,29.0,129.0,25.3,0.195,0,young
1,116.0,66.0,16.0,122.0,25.4,0.175,0,young
2,110.0,69.0,32.0,196.0,42.4,0.656,1,young
9,132.0,81.0,35.0,127.0,23.7,0.171,1,older
4,110.0,57.0,29.0,127.0,33.7,0.415,0,older
2,104.0,62.0,16.0,94.0,18.5,0.197,0,young
1,99.0,72.0,30.0,124.0,28.7,0.202,0,young
5,159.0,89.0,41.0,130.0,37.4,0.363,1,older
0,93.0,64.0,28.0,128.0,32.7,0.242,0,young
4,123.0,77.0,30.0,121.0,33.4,0.297,0,older
1,94.0,75.0,28.0,124.0,32.6,0.309,0,young
1,116.0,74.0,29.0,122.0,34.9,0.247,0,young
11,160.0,85.0,32.0,131.0,33.0,0.368,1,older
1,94.0,66.0,8.0,128.0,26.4,0.311,0,young
1,73.0,71.0,16.0,41.0,30.8,0.452,0,young
7,93.0,69.0,29.0,124.0,25.2,0.279,0,young
3,130.0,76.0,28.0,126.0,33.2,0.205,1,young
2,112.0,67.0,33.0,126.0,29.9,0.488,1,young
5,120.0,68.0,29.0,133.0,24.1,0.301,1,young
1,113.0,61.0,19.0,122.0,31.0,0.332,0,young
5,120.0,68.0,13.0,128.0,31.5,0.239,0,young
1,85.0,63.0,34.0,85.0,33.3,0.17,0,young
5,81.0,69.0,38.0,126.0,27.8,0.219,1,young
1,118.0,73.0,52.0,197.0,34.7,0.235,1,young
8,134.0,74.0,31.0,127.0,38.2,0.113,1,young
0,144.0,73.0,19.0,125.0,28.3,0.19,0,young
1,101.0,69.0,22.0,126.0,33.0,0.151,0,young
8,105.0,68.0,34.0,125.0,30.2,0.578,1,older
9,101.0,70.0,28.0,127.0,36.4,0.271,1,older
6,92.0,59.0,23.0,124.0,29.9,0.151,0,young
0,93.0,71.0,30.0,126.0,37.6,0.262,0,young
5,123.0,75.0,25.0,124.0,23.2,0.354,0,young
7,113.0,76.0,28.0,129.0,21.2,0.245,0,older
1,112.0,55.0,38.0,122.0,32.5,0.379,0,young
3,128.0,75.0,30.0,121.0,31.2,0.32,0,older
12,91.0,91.0,43.0,128.0,32.9,0.23,1,older
0,92.0,67.0,15.0,123.0,27.0,0.153,0,young
7,130.0,85.0,23.0,125.0,32.4,0.191,0,young
2,111.0,70.0,35.0,125.0,32.6,0.235,1,young
1,92.0,80.0,45.0,118.0,26.9,0.386,0,young
4,94.0,63.0,27.0,214.0,30.2,0.361,1,young
1,82.0,59.0,17.0,129.0,30.4,0.219,0,young
1,90.0,70.0,33.0,53.0,28.8,0.261,0,young
1,102.0,58.0,28.0,119.0,38.5,0.107,0,young
2,197.0,76.0,34.0,193.0,45.6,0.813,1,young
2,123.0,72.0,33.0,131.0,31.0,0.291,0,young
8,123.0,79.0,29.0,126.0,37.6,0.125,1,older
7,122.0,89.0,31.0,132.0,40.3,0.305,1,older
0,80.0,71.0,29.0,127.0,32.1,0.305,0,young
10,119.0,75.0,28.0,124.0,29.5,0.304,1,older
2,112.0,68.0,30.0,122.0,27.4,0.184,0,young
8,91.0,72.0,36.0,121.0,32.8,0.331,0,young
1,101.0,59.0,13.0,46.0,22.0,0.333,0,young
1,107.0,67.0,19.0,132.0,26.3,0.166,0,young
1,100.0,65.0,36.0,128.0,28.2,0.234,0,young
1,126.0,74.0,30.0,121.0,31.3,0.084,0,young
2,113.0,73.0,38.0,127.0,32.6,0.252,1,older
0,117.0,61.0,39.0,78.0,31.9,0.172,0,young
1,113.0,65.0,12.0,128.0,22.5,0.491,0,young
0,110.0,67.0,28.0,65.0,27.9,0.326,0,young
3,114.0,69.0,25.0,127.0,28.5,0.156,0,young
1,111.0,71.0,14.0,126.0,32.4,0.291,0,young
1,102.0,63.0,29.0,123.0,30.9,0.405,0,young
2,88.0,67.0,28.0,131.0,33.7,0.235,0,young
1,83.0,82.0,29.0,123.0,32.4,0.141,0,young
2,112.0,77.0,38.0,128.0,33.9,0.125,0,young
5,120.0,65.0,29.0,132.0,31.6,0.232,0,older
11,106.0,70.0,30.0,122.0,25.3,0.143,0,older
9,100.0,65.0,29.0,124.0,23.4,0.084,0,young
0,94.0,76.0,30.0,133.0,33.5,0.252,0,young
5,157.0,87.0,38.0,126.0,38.0,0.164,1,young
0,96.0,72.0,42.0,129.0,31.4,0.346,0,young
1,105.0,73.0,40.0,77.0,34.2,0.402,0,young
3,139.0,68.0,28.0,121.0,26.9,0.153,0,young
5,87.0,88.0,29.0,128.0,32.6,0.086,1,older
7,115.0,71.0,30.0,125.0,35.7,0.296,0,older
2,82.0,72.0,30.0,123.0,25.3,0.171,0,young
7,121.0,82.0,36.0,133.0,35.0,0.255,1,older
1,106.0,68.0,49.0,127.0,36.9,0.232,0,young
7,126.0,68.0,29.0,119.0,29.8,0.305,0,older
8,134.0,78.0,28.0,121.0,37.9,0.169,1,older
9,86.0,61.0,17.0,117.0,32.6,0.317,0,young
5,136.0,78.0,40.0,127.0,26.4,0.255,1,older
1,112.0,74.0,17.0,126.0,26.8,0.183,0,young
10,102.0,70.0,30.0,117.0,32.3,0.183,0,older
0,112.0,66.0,28.0,76.0,30.4,0.631,0,young
1,101.0,60.0,22.0,58.0,31.8,0.261,0,young
6,119.0,77.0,35.0,129.0,31.9,0.29,1,young
0,106.0,63.0,31.0,129.0,28.4,0.208,0,young
7,116.0,84.0,29.0,120.0,34.3,0.278,1,older
7,156.0,67.0,32.0,129.0,26.5,0.332,1,older
0,109.0,68.0,51.0,122.0,33.8,0.261,0,young
5,122.0,68.0,28.0,120.0,32.8,0.271,0,older
8,150.0,76.0,34.0,127.0,30.7,0.259,1,young
0,122.0,72.0,34.0,126.0,34.3,0.363,1,young
7,107.0,74.0,28.0,121.0,35.1,0.262,1,older
6,102.0,73.0,29.0,124.0,29.6,0.182,0,young
6,95.0,76.0,34.0,130.0,33.0,0.195,0,young
0,105.0,63.0,27.0,73.0,35.6,0.58,0,young
10,130.0,68.0,29.0,126.0,27.2,0.282,1,older
3,105.0,67.0,29.0,125.0,29.6,0.243,0,older
3,99.0,64.0,17.0,121.0,33.1,0.228,0,young
4,124.0,73.0,29.0,123.0,28.0,0.135,0,older
7,106.0,69.0,32.0,161.0,30.7,0.478,1,young
1,91.0,78.0,30.0,130.0,32.1,0.183,0,young
2,95.0,73.0,53.0,121.0,25.7,0.181,0,young
1,105.0,69.0,28.0,127.0,23.8,0.217,0,young
1,128.0,66.0,15.0,176.0,24.9,0.474,0,young
0,101.0,69.0,36.0,127.0,40.1,0.254,1,young
1,76.0,71.0,30.0,122.0,26.4,0.196,0,young
10,106.0,68.0,28.0,127.0,32.7,0.361,0,older
8,105.0,67.0,23.0,127.0,38.2,0.48,0,young
0,104.0,53.0,32.0,44.0,35.0,0.232,0,young
8,102.0,79.0,30.0,114.0,32.8,0.198,0,older
5,122.0,74.0,30.0,132.0,35.6,0.229,1,older
7,78.0,83.0,29.0,121.0,35.5,0.198,0,older
1,86.0,82.0,40.0,111.0,38.7,0.219,0,young
1,117.0,68.0,29.0,124.0,31.5,0.207,0,young
6,104.0,62.0,30.0,128.0,33.9,0.231,0,older
9,173.0,77.0,37.0,127.0,38.4,0.395,1,older
1,125.0,69.0,25.0,130.0,34.8,0.129,0,young
2,110.0,67.0,29.0,118.0,28.2,0.236,0,young
1,86.0,68.0,21.0,129.0,24.6,0.263,0,young
0,92.0,49.0,33.0,64.0,36.9,0.356,0,young
4,110.0,69.0,18.0,120.0,35.4,0.36,0,young
6,123.0,75.0,33.0,123.0,32.2,0.304,0,older
6,108.0,79.0,28.0,125.0,30.5,0.097,1,older
8,129.0,82.0,29.0,130.0,32.3,0.146,0,older
0,108.0,69.0,29.0,121.0,36.1,0.225,0,young
1,125.0,61.0,34.0,125.0,33.4,0.579,0,young
2,103.0,77.0,22.0,125.0,28.1,0.243,0,young
0,107.0,75.0,38.0,122.0,34.6,0.256,1,older
5,96.0,69.0,29.0,124.0,37.1,0.138,0,young
6,96.0,68.0,29.0,127.0,31.6,0.243,0,young
0,94.0,67.0,15.0,126.0,31.3,0.213,0,young
1,96.0,72.0,46.0,122.0,33.1,0.275,0,young
8,121.0,75.0,30.0,126.0,25.7,0.102,0,older
8,112.0,65.0,29.0,129.0,26.5,0.252,0,older
1,96.0,86.0,37.0,159.0,32.2,0.602,0,young
0,79.0,61.0,23.0,33.0,24.4,0.262,0,young
0,110.0,68.0,25.0,131.0,29.0,0.336,0,young
1,89.0,58.0,31.0,218.0,37.4,0.494,1,young
1,115.0,65.0,37.0,163.0,46.4,0.602,1,young
1,111.0,70.0,39.0,200.0,36.7,0.682,1,young
13,97.0,53.0,29.0,123.0,42.5,0.287,0,older
1,98.0,59.0,39.0,126.0,27.0,0.523,0,young
1,117.0,60.0,36.0,61.0,32.8,0.259,0,young
5,98.0,74.0,19.0,127.0,29.9,0.327,0,young
6,116.0,73.0,30.0,126.0,41.7,0.319,1,older
7,128.0,70.0,32.0,129.0,34.0,0.231,1,young
4,103.0,70.0,24.0,124.0,31.3,0.291,0,young
1,116.0,82.0,42.0,129.0,39.9,0.285,1,young
2,115.0,62.0,41.0,124.0,33.5,0.158,0,young
8,84.0,70.0,31.0,134.0,31.1,0.358,0,young
2,100.0,75.0,47.0,123.0,38.9,0.35,0,young
1,117.0,67.0,29.0,124.0,31.3,0.22,0,young
2,119.0,78.0,29.0,122.0,39.8,0.221,0,young
0,89.0,73.0,31.0,125.0,29.6,0.342,0,young
0,120.0,82.0,29.0,126.0,31.9,0.274,0,young
4,87.0,63.0,43.0,126.0,33.0,0.149,0,young
2,110.0,63.0,30.0,134.0,37.3,0.304,0,young
13,169.0,76.0,43.0,121.0,37.7,0.376,1,older
7,148.0,86.0,38.0,120.0,34.5,0.141,1,older
2,89.0,72.0,30.0,126.0,32.1,0.362,0,young
5,111.0,71.0,29.0,126.0,32.8,0.18,0,young
10,127.0,93.0,29.0,123.0,35.1,0.342,1,older
0,97.0,65.0,37.0,124.0,37.7,0.578,1,young
0,101.0,77.0,29.0,126.0,33.2,0.25,0,young
1,118.0,70.0,18.0,121.0,39.6,0.264,0,young
1,79.0,62.0,40.0,128.0,31.9,0.084,0,young
1,101.0,68.0,19.0,130.0,27.8,0.29,0,young
0,121.0,94.0,45.0,124.0,38.1,0.344,0,young
0,91.0,71.0,45.0,122.0,31.6,0.228,0,young
1,104.0,74.0,33.0,65.0,34.2,0.29,0,young
0,166.0,70.0,38.0,125.0,33.6,0.184,1,young
2,88.0,69.0,14.0,128.0,28.1,0.328,0,young
10,85.0,71.0,28.0,128.0,32.0,0.27,0,older
1,100.0,67.0,29.0,128.0,34.8,0.203,0,young
3,74.0,69.0,28.0,123.0,30.2,0.204,0,young
1,107.0,54.0,53.0,188.0,45.2,0.372,1,young
0,103.0,75.0,28.0,127.0,33.7,0.269,0,young
1,104.0,66.0,36.0,203.0,31.4,0.613,0,young
5,129.0,60.0,30.0,128.0,32.0,0.123,0,young
8,108.0,72.0,30.0,122.0,34.1,0.357,0,older
6,118.0,79.0,30.0,125.0,31.0,0.186,0,young
7,138.0,84.0,28.0,128.0,33.2,0.283,0,older
1,96.0,70.0,31.0,131.0,35.8,0.204,0,young
6,124.0,57.0,29.0,122.0,33.6,0.158,0,older
6,116.0,73.0,14.0,132.0,34.2,0.125,0,young
1,137.0,68.0,24.0,123.0,36.7,0.278,0,young
1,125.0,76.0,30.0,126.0,35.2,0.586,1,young
0,87.0,58.0,30.0,61.0,33.7,0.247,0,young
5,109.0,76.0,28.0,129.0,32.5,0.225,0,older
2,110.0,68.0,30.0,128.0,37.5,0.182,0,young
3,86.0,65.0,30.0,122.0,25.6,0.2,0,young
10,175.0,84.0,38.0,127.0,25.9,0.147,1,older
4,158.0,82.0,30.0,124.0,29.2,0.233,1,young
1,109.0,72.0,46.0,125.0,35.5,0.216,0,young
2,101.0,59.0,28.0,123.0,28.9,0.149,0,young
1,70.0,56.0,40.0,55.0,29.0,0.334,0,young
7,90.0,74.0,30.0,126.0,37.5,0.252,0,older
2,87.0,62.0,23.0,123.0,32.5,0.182,0,young
4,72.0,68.0,30.0,128.0,33.4,0.199,0,young
4,103.0,69.0,16.0,120.0,22.7,0.24,0,young
1,102.0,76.0,30.0,129.0,26.5,0.273,0,young
5,113.0,69.0,29.0,134.0,35.7,0.185,0,young
4,168.0,77.0,30.0,125.0,27.8,0.232,1,older
8,188.0,84.0,30.0,121.0,34.1,0.5,1,young
2,143.0,68.0,37.0,125.0,43.3,0.817,1,young
1,124.0,68.0,33.0,75.0,40.4,0.541,0,young
1,119.0,74.0,24.0,129.0,19.9,0.298,0,young
0,130.0,71.0,28.0,125.0,33.6,0.184,0,young
3,87.0,63.0,15.0,126.0,27.1,0.272,0,young
1,99.0,68.0,42.0,128.0,31.2,0.315,0,young
8,118.0,83.0,36.0,124.0,32.3,0.204,1,older
2,114.0,61.0,29.0,125.0,34.1,0.518,0,young
0,108.0,63.0,37.0,90.0,20.2,0.381,0,young
0,87.0,63.0,45.0,93.0,36.7,0.222,0,young
2,98.0,67.0,28.0,131.0,31.5,0.148,0,young
2,106.0,81.0,26.0,125.0,26.8,0.314,0,young
1,85.0,65.0,31.0,128.0,38.7,0.148,0,young
2,101.0,78.0,16.0,114.0,31.4,0.245,0,young
3,123.0,79.0,30.0,125.0,31.3,0.321,0,young
1,112.0,68.0,21.0,121.0,32.3,0.127,0,young
2,87.0,74.0,29.0,124.0,34.1,0.214,0,young
2,98.0,61.0,52.0,131.0,32.0,0.214,0,young
0,91.0,68.0,17.0,31.0,23.3,0.561,0,young
7,124.0,76.0,30.0,130.0,36.5,0.253,1,young
1,156.0,94.0,27.0,208.0,42.9,0.572,1,young
0,103.0,70.0,34.0,125.0,30.7,0.216,0,young
10,86.0,64.0,30.0,128.0,34.0,0.272,0,older
0,115.0,72.0,30.0,125.0,28.2,0.265,0,young
5,75.0,63.0,28.0,130.0,30.8,0.18,0,young
0,117.0,76.0,30.0,128.0,31.0,0.254,0,young
5,95.0,69.0,29.0,127.0,38.3,0.188,0,young
2,134.0,74.0,33.0,125.0,32.6,0.293,1,young
2,131.0,77.0,35.0,128.0,27.1,0.239,1,young
1,109.0,61.0,23.0,84.0,29.1,0.233,0,young
8,177.0,85.0,28.0,126.0,39.7,0.233,1,older
4,83.0,81.0,31.0,129.0,30.1,0.428,1,young
3,105.0,67.0,20.0,94.0,28.3,0.159,0,young
0,92.0,64.0,18.0,35.0,29.3,0.286,0,young
0,88.0,63.0,22.0,75.0,51.3,0.553,0,young
9,79.0,68.0,46.0,133.0,30.6,0.305,1,older
1,114.0,72.0,31.0,125.0,34.3,0.35,0,young
9,143.0,63.0,26.0,217.0,27.6,0.553,1,young
10,111.0,70.0,38.0,126.0,34.2,0.408,1,older
1,105.0,92.0,28.0,128.0,31.0,0.126,0,young
2,115.0,72.0,33.0,137.0,35.2,0.558,0,young
0,89.0,67.0,29.0,133.0,28.1,0.162,0,young
2,136.0,79.0,29.0,126.0,34.8,0.324,0,older
7,87.0,79.0,36.0,130.0,29.3,0.265,1,young
1,107.0,76.0,48.0,130.0,36.6,0.218,1,young
1,99.0,67.0,42.0,122.0,30.6,0.205,0,young
1,98.0,73.0,30.0,49.0,29.8,0.347,0,young
1,96.0,57.0,26.0,120.0,36.0,0.091,0,young
8,138.0,82.0,30.0,131.0,27.8,0.31,1,older
5,74.0,76.0,30.0,124.0,30.3,0.114,0,older
3,75.0,71.0,37.0,75.0,29.2,0.213,0,young
7,93.0,69.0,26.0,118.0,28.3,0.212,0,young
1,98.0,68.0,44.0,77.0,33.1,0.15,0,young
0,93.0,66.0,34.0,127.0,39.3,0.193,0,young
1,94.0,71.0,30.0,124.0,28.5,0.238,0,young
7,106.0,68.0,31.0,167.0,38.2,0.515,1,young
6,191.0,95.0,29.0,130.0,34.8,0.226,1,older
1,88.0,66.0,29.0,121.0,37.4,0.332,0,young
6,95.0,63.0,29.0,124.0,28.2,0.22,0,young
0,77.0,80.0,30.0,123.0,35.3,0.292,0,young
0,115.0,76.0,30.0,129.0,39.9,0.311,0,young
1,90.0,66.0,26.0,130.0,26.5,0.286,0,young
9,142.0,80.0,22.0,128.0,28.8,0.207,1,older
5,119.0,76.0,29.0,123.0,31.8,0.177,1,older
2,128.0,58.0,39.0,127.0,29.4,0.17,0,young
1,114.0,81.0,43.0,146.0,42.8,0.889,1,young
4,105.0,74.0,34.0,125.0,30.2,0.121,1,young
1,95.0,63.0,39.0,129.0,31.9,0.131,0,young
1,128.0,68.0,47.0,125.0,28.6,0.541,0,young
2,82.0,64.0,31.0,71.0,24.6,0.303,0,young
1,101.0,73.0,37.0,122.0,28.7,0.512,0,young
7,106.0,60.0,30.0,127.0,40.2,0.277,1,older
2,130.0,81.0,33.0,132.0,38.0,0.09,0,young
0,126.0,74.0,33.0,125.0,35.1,0.687,0,young
8,122.0,70.0,26.0,132.0,37.8,0.084,0,older
3,108.0,73.0,33.0,125.0,29.4,0.264,0,older
9,115.0,67.0,19.0,124.0,26.2,0.338,0,young
1,100.0,71.0,43.0,87.0,33.0,0.25,0,young
8,100.0,68.0,28.0,130.0,29.0,0.281,0,older
2,101.0,65.0,36.0,68.0,26.8,0.521,0,young
8,119.0,55.0,28.0,123.0,32.8,0.197,0,young
7,99.0,67.0,29.0,122.0,31.1,0.147,0,young
3,122.0,89.0,27.0,129.0,35.7,0.265,0,older
2,83.0,78.0,28.0,138.0,26.8,0.084,0,young
0,108.0,71.0,33.0,187.0,39.5,0.453,0,young
5,101.0,68.0,29.0,124.0,38.6,0.276,0,young
3,110.0,69.0,29.0,123.0,27.4,0.388,1,young
2,117.0,78.0,33.0,50.0,33.6,0.676,0,young
2,97.0,63.0,28.0,117.0,24.5,0.124,0,young
2,104.0,77.0,25.0,124.0,29.3,0.31,0,young
10,110.0,71.0,29.0,128.0,29.1,0.145,1,older
1,84.0,68.0,36.0,35.0,25.9,0.478,0,young
1,119.0,69.0,30.0,123.0,36.7,0.204,0,young
1,89.0,85.0,45.0,50.0,30.2,0.334,0,young
2,120.0,68.0,43.0,122.0,40.2,0.37,0,young
2,113.0,61.0,28.0,126.0,34.4,0.223,0,young
4,115.0,63.0,30.0,126.0,33.9,0.346,0,young
2,103.0,63.0,35.0,75.0,27.8,0.486,0,young
2,116.0,77.0,36.0,125.0,30.9,0.229,0,young
6,101.0,73.0,37.0,122.0,34.4,0.095,0,young
8,118.0,70.0,29.0,133.0,26.3,0.133,0,older
9,96.0,82.0,29.0,120.0,36.4,0.172,0,older
8,106.0,65.0,29.0,123.0,34.4,0.13,0,older
1,88.0,74.0,28.0,71.0,31.9,0.116,0,young
2,99.0,66.0,29.0,126.0,31.6,0.186,0,young
8,113.0,67.0,29.0,121.0,33.9,0.279,1,young
0,86.0,74.0,39.0,179.0,34.1,0.549,1,young
9,90.0,90.0,29.0,119.0,35.7,0.204,0,young
2,114.0,76.0,30.0,127.0,21.5,0.263,0,young
1,102.0,63.0,48.0,51.0,33.0,0.383,0,young
1,83.0,68.0,28.0,131.0,36.1,0.152,0,young
5,103.0,71.0,28.0,133.0,27.7,0.285,1,older
6,100.0,68.0,13.0,123.0,26.7,0.219,0,young
5,109.0,77.0,28.0,121.0,39.3,0.317,0,young
6,113.0,72.0,27.0,122.0,39.8,0.31,0,older
7,188.0,93.0,30.0,128.0,41.6,0.264,1,older
8,115.0,66.0,28.0,124.0,31.1,0.124,1,older
0,100.0,66.0,23.0,125.0,34.0,0.211,0,young
1,112.0,77.0,21.0,79.0,31.2,0.368,0,young
1,123.0,62.0,48.0,127.0,31.9,0.246,0,young
3,62.0,66.0,28.0,131.0,35.2,0.305,0,older
1,94.0,68.0,28.0,127.0,33.8,0.244,0,young
1,132.0,76.0,31.0,128.0,31.4,0.212,0,young
8,109.0,49.0,26.0,118.0,28.2,0.247,0,young
1,62.0,65.0,15.0,71.0,27.1,0.241,0,young
4,114.0,74.0,42.0,133.0,23.2,0.16,0,young
7,117.0,67.0,32.0,118.0,39.0,0.598,1,young
6,95.0,60.0,29.0,126.0,35.0,0.171,0,young
5,98.0,76.0,29.0,125.0,34.7,0.423,0,young
0,100.0,73.0,35.0,120.0,32.0,0.274,0,young
2,90.0,66.0,28.0,122.0,33.5,0.287,0,young
8,123.0,65.0,29.0,125.0,27.9,0.359,1,older
7,110.0,73.0,46.0,128.0,40.4,0.163,0,young
0,121.0,69.0,43.0,129.0,37.2,0.27,0,young
1,108.0,69.0,38.0,131.0,34.4,0.173,0,young
6,112.0,78.0,17.0,127.0,36.1,0.186,0,young
1,119.0,75.0,18.0,126.0,35.5,0.339,0,young
0,89.0,65.0,30.0,125.0,35.8,0.313,0,young
7,113.0,80.0,30.0,122.0,35.2,0.207,0,young
0,94.0,66.0,31.0,46.0,38.0,0.28,0,young
6,140.0,80.0,24.0,130.0,38.7,0.187,1,older
5,109.0,74.0,28.0,123.0,32.6,0.156,0,older
10,153.0,72.0,37.0,123.0,37.9,0.173,1,older
5,115.0,64.0,29.0,124.0,31.9,0.286,1,older
1,100.0,75.0,11.0,125.0,22.0,0.173,0,young
7,91.0,72.0,29.0,127.0,23.7,0.229,0,older
4,143.0,87.0,28.0,135.0,43.6,0.11,1,older
4,120.0,70.0,27.0,126.0,36.3,0.158,0,young
0,111.0,73.0,48.0,93.0,41.4,0.203,0,young
2,86.0,67.0,19.0,126.0,32.6,0.247,0,young
4,130.0,69.0,29.0,127.0,29.9,0.165,0,older
7,177.0,92.0,35.0,131.0,41.8,0.293,1,older
1,96.0,73.0,37.0,56.0,30.6,0.629,0,young
0,103.0,63.0,19.0,124.0,32.8,0.084,0,young
11,93.0,69.0,27.0,121.0,26.8,0.084,0,older
13,84.0,87.0,29.0,121.0,31.5,0.1,1,older
6,110.0,74.0,7.0,123.0,26.5,0.196,0,young
0,104.0,59.0,29.0,129.0,30.0,0.233,0,young
0,115.0,71.0,29.0,128.0,27.1,0.337,0,older
1,103.0,68.0,38.0,89.0,35.0,0.168,0,young
4,85.0,58.0,32.0,70.0,27.6,0.304,0,young
7,125.0,64.0,29.0,131.0,31.8,0.277,1,older
1,116.0,68.0,43.0,200.0,36.2,0.586,1,young
8,124.0,69.0,32.0,128.0,29.9,0.306,0,young
6,107.0,66.0,30.0,135.0,27.9,0.101,0,young
3,150.0,83.0,20.0,128.0,32.5,0.481,1,young
7,98.0,74.0,28.0,125.0,30.8,0.267,0,young
6,116.0,72.0,37.0,130.0,31.2,0.211,0,young
11,100.0,87.0,28.0,126.0,34.4,0.258,0,older
1,101.0,61.0,26.0,59.0,26.1,0.289,0,young
3,162.0,73.0,31.0,307.0,31.7,0.752,1,older
1,123.0,69.0,30.0,130.0,33.9,0.297,0,young
1,105.0,74.0,30.0,129.0,31.7,0.209,0,young
7,153.0,65.0,29.0,131.0,34.2,0.135,1,older
12,106.0,78.0,29.0,130.0,36.4,0.239,0,young
7,126.0,71.0,26.0,124.0,28.3,0.293,1,older
1,128.0,69.0,30.0,128.0,34.0,0.335,1,older
1,118.0,72.0,29.0,117.0,38.4,0.254,0,young
0,95.0,66.0,20.0,130.0,26.1,0.092,0,young
12,123.0,55.0,28.0,115.0,28.7,0.274,0,older
2,86.0,66.0,31.0,121.0,36.3,0.342,0,young
0,146.0,65.0,30.0,125.0,29.2,0.164,0,young
1,149.0,87.0,41.0,118.0,27.7,0.411,0,young
6,120.0,81.0,34.0,126.0,34.5,0.214,1,young
10,84.0,69.0,32.0,132.0,36.7,0.255,1,young
6,131.0,88.0,33.0,129.0,25.5,0.34,1,older
0,90.0,53.0,36.0,31.0,30.9,0.28,0,young
9,167.0,71.0,32.0,192.0,37.7,0.573,1,young
7,118.0,73.0,29.0,128.0,23.2,0.239,0,older
0,100.0,67.0,45.0,68.0,33.9,0.375,0,young
5,116.0,89.0,29.0,122.0,28.5,0.152,0,older
3,92.0,73.0,28.0,128.0,31.9,0.133,0,young
13,92.0,70.0,36.0,127.0,34.5,0.393,1,older
2,107.0,69.0,19.0,180.0,35.0,0.62,1,young
6,104.0,70.0,18.0,50.0,21.1,0.263,0,young
8,138.0,91.0,38.0,125.0,37.8,0.218,1,older
2,100.0,65.0,39.0,191.0,26.2,0.531,0,young
0,152.0,72.0,29.0,126.0,49.0,0.179,0,young
1,96.0,75.0,27.0,59.0,21.8,0.289,0,young
2,84.0,62.0,30.0,53.0,24.2,0.364,0,young
1,91.0,74.0,30.0,124.0,34.3,0.219,0,young
1,110.0,74.0,29.0,128.0,34.0,0.284,0,young
0,104.0,61.0,44.0,120.0,39.1,0.187,0,young
0,80.0,78.0,36.0,92.0,30.9,0.495,0,young
2,98.0,70.0,30.0,129.0,28.4,0.084,0,young
1,81.0,72.0,28.0,131.0,26.8,0.175,0,young
4,99.0,66.0,41.0,127.0,35.8,0.165,0,young
2,93.0,68.0,27.0,120.0,32.5,0.224,0,young
9,112.0,72.0,30.0,130.0,32.7,0.32,1,older
2,86.0,60.0,32.0,86.0,32.3,0.258,0,young
0,102.0,79.0,29.0,124.0,29.9,0.258,0,young
1,75.0,74.0,29.0,127.0,28.7,0.183,0,young
1,133.0,70.0,42.0,125.0,33.3,0.239,0,young
0,122.0,69.0,24.0,85.0,23.2,0.542,0,young
0,76.0,81.0,27.0,124.0,37.2,0.326,0,young
1,110.0,57.0,24.0,63.0,27.3,0.386,0,young
1,119.0,71.0,34.0,123.0,36.8,0.313,0,young
6,98.0,74.0,29.0,124.0,34.7,0.246,0,young
8,107.0,72.0,30.0,126.0,29.6,0.232,0,older
5,96.0,71.0,42.0,124.0,31.2,0.195,1,young
1,87.0,60.0,26.0,124.0,25.5,0.2,0,young
6,184.0,83.0,42.0,126.0,29.5,0.299,1,older
6,96.0,67.0,31.0,128.0,30.4,0.349,0,young
10,121.0,72.0,29.0,121.0,35.2,0.232,0,young
1,111.0,67.0,29.0,125.0,28.4,0.157,0,young
7,137.0,69.0,29.0,126.0,31.3,0.178,1,older
3,99.0,74.0,29.0,120.0,30.4,0.168,0,young
10,170.0,72.0,30.0,122.0,29.9,0.329,1,older
5,112.0,63.0,36.0,122.0,37.9,0.131,0,young
2,112.0,56.0,28.0,67.0,31.5,0.291,0,young
1,117.0,79.0,36.0,196.0,38.4,0.673,0,young
1,120.0,66.0,32.0,128.0,37.1,0.266,1,young
1,98.0,67.0,29.0,121.0,33.1,0.187,0,young
6,95.0,76.0,24.0,128.0,36.2,0.288,0,young
1,90.0,74.0,43.0,126.0,34.2,0.312,0,young
3,110.0,82.0,44.0,131.0,24.1,0.239,1,older
7,82.0,69.0,28.0,130.0,27.2,0.261,0,older
1,109.0,69.0,49.0,129.0,37.3,0.408,0,young
1,109.0,70.0,25.0,122.0,27.7,0.211,0,young
9,115.0,72.0,30.0,133.0,27.2,0.268,0,older
7,99.0,58.0,29.0,121.0,30.0,0.323,0,older
9,158.0,79.0,45.0,130.0,32.2,0.249,1,older
1,115.0,85.0,36.0,119.0,30.3,0.263,0,young
3,108.0,79.0,34.0,123.0,30.4,0.272,0,young
4,97.0,58.0,29.0,130.0,29.1,0.299,0,young
1,92.0,72.0,35.0,97.0,33.3,0.195,0,young
3,123.0,71.0,30.0,125.0,32.7,0.148,0,young
10,104.0,72.0,16.0,120.0,28.1,0.184,0,young
4,104.0,72.0,41.0,123.0,33.0,0.185,1,young
2,106.0,82.0,39.0,124.0,34.9,0.306,0,young
1,79.0,61.0,38.0,105.0,31.4,0.26,0,young
1,154.0,77.0,37.0,128.0,30.0,0.464,1,young
2,101.0,59.0,32.0,78.0,34.9,0.428,0,young
1,137.0,70.0,34.0,126.0,37.6,0.406,0,young
7,97.0,73.0,27.0,126.0,32.9,0.311,1,older
8,100.0,80.0,30.0,125.0,39.4,0.216,0,older
6,123.0,66.0,29.0,124.0,29.6,0.252,0,young
2,110.0,81.0,29.0,122.0,32.3,0.27,0,older
2,100.0,63.0,30.0,119.0,29.4,0.231,0,young
9,119.0,59.0,29.0,131.0,31.5,0.354,1,older
2,95.0,57.0,15.0,83.0,34.8,0.267,0,young
3,120.0,77.0,29.0,128.0,30.1,0.255,1,older
1,91.0,69.0,31.0,123.0,21.0,0.247,0,young
6,93.0,68.0,29.0,122.0,38.1,0.237,0,young
9,140.0,79.0,30.0,123.0,34.0,0.234,0,older
2,110.0,71.0,27.0,130.0,27.5,0.105,0,young
0,109.0,62.0,43.0,201.0,39.2,0.439,1,young
9,76.0,93.0,30.0,123.0,35.9,0.264,0,older
2,101.0,69.0,30.0,124.0,31.2,0.172,0,young
1,87.0,68.0,20.0,130.0,21.3,0.142,0,young
3,97.0,71.0,28.0,121.0,23.8,0.265,0,young
1,108.0,71.0,33.0,125.0,37.1,0.193,0,young
0,90.0,77.0,29.0,119.0,35.3,0.36,0,young
9,153.0,80.0,41.0,119.0,39.5,0.257,1,older
4,91.0,55.0,30.0,128.0,30.2,0.238,0,young
1,119.0,67.0,28.0,129.0,35.6,0.244,0,young
3,112.0,67.0,29.0,128.0,25.5,0.116,0,young
2,109.0,72.0,49.0,199.0,33.1,0.179,1,young
1,138.0,73.0,30.0,129.0,32.6,0.084,0,young
1,95.0,77.0,29.0,123.0,42.8,0.322,0,young
1,120.0,67.0,28.0,121.0,31.8,0.514,0,young
2,101.0,72.0,29.0,126.0,30.6,0.245,0,young
8,113.0,64.0,34.0,124.0,38.2,0.226,0,young
2,126.0,80.0,29.0,124.0,26.6,0.262,0,young
1,70.0,79.0,33.0,125.0,40.3,0.323,0,young
10,155.0,76.0,34.0,127.0,36.7,0.254,1,older
13,99.0,75.0,29.0,121.0,20.8,0.234,0,young
1,124.0,71.0,29.0,124.0,30.7,0.199,0,young
1,87.0,78.0,13.0,130.0,27.0,0.119,0,young
1,83.0,72.0,33.0,134.0,36.1,0.411,0,young
5,56.0,74.0,29.0,57.0,28.6,0.371,0,young
10,127.0,64.0,29.0,119.0,31.1,0.295,1,older
7,90.0,66.0,28.0,120.0,27.7,0.236,0,young
0,73.0,64.0,31.0,120.0,28.2,0.358,0,young
0,103.0,71.0,25.0,129.0,28.2,0.284,0,young
10,94.0,71.0,29.0,137.0,26.8,0.215,0,older
1,96.0,71.0,30.0,122.0,27.3,0.117,0,young
3,90.0,83.0,42.0,60.0,34.3,0.218,0,young
7,107.0,85.0,30.0,121.0,32.7,0.336,0,older
2,131.0,80.0,21.0,134.0,34.5,0.282,0,young
1,102.0,71.0,29.0,127.0,35.0,0.317,0,young
7,89.0,65.0,28.0,129.0,29.3,0.276,0,young
13,133.0,62.0,29.0,125.0,28.4,0.159,0,older
7,167.0,72.0,30.0,162.0,39.2,0.732,1,young
0,90.0,71.0,19.0,120.0,29.8,0.279,0,young
0,103.0,69.0,29.0,130.0,30.8,0.204,0,young
2,119.0,59.0,24.0,112.0,20.5,0.412,0,young
1,97.0,69.0,32.0,126.0,26.7,0.236,0,young
1,90.0,75.0,25.0,57.0,28.5,0.185,0,young
0,108.0,65.0,24.0,70.0,39.0,0.572,0,young
5,101.0,74.0,29.0,130.0,24.6,0.23,1,older
2,89.0,72.0,21.0,130.0,30.8,0.293,0,young
6,65.0,64.0,29.0,125.0,23.5,0.084,0,young
8,175.0,77.0,30.0,130.0,32.6,0.269,1,older
10,129.0,62.0,38.0,129.0,29.7,0.212,0,older
9,106.0,62.0,40.0,121.0,27.4,0.209,0,young
2,82.0,50.0,23.0,82.0,21.1,0.237,0,young
0,109.0,62.0,43.0,168.0,36.3,0.569,0,young
2,75.0,59.0,34.0,100.0,29.8,0.586,0,young
8,84.0,64.0,29.0,129.0,35.6,0.253,0,young
7,110.0,84.0,29.0,129.0,29.5,0.347,0,older
2,111.0,66.0,39.0,131.0,33.9,0.256,0,young
1,117.0,79.0,31.0,130.0,34.5,0.301,0,young
0,134.0,60.0,49.0,126.0,31.3,0.117,0,young
0,100.0,63.0,21.0,67.0,30.9,0.278,0,young
1,118.0,74.0,44.0,115.0,26.7,0.423,1,young
6,104.0,51.0,27.0,123.0,28.0,0.362,0,young
10,103.0,69.0,29.0,134.0,37.9,0.317,0,young
1,117.0,64.0,30.0,118.0,33.0,0.417,0,young
0,87.0,68.0,17.0,106.0,21.4,0.204,0,young
1,83.0,59.0,25.0,112.0,26.5,0.857,0,young
3,102.0,56.0,27.0,126.0,28.0,0.186,0,young
0,87.0,68.0,39.0,120.0,34.4,0.427,0,young
4,102.0,68.0,28.0,131.0,31.9,0.197,0,young
10,165.0,85.0,28.0,121.0,27.8,0.261,1,older
6,97.0,75.0,29.0,130.0,28.0,0.354,0,young
2,121.0,70.0,19.0,117.0,19.2,0.221,0,young
4,99.0,50.0,36.0,130.0,31.8,0.194,0,older
0,79.0,64.0,27.0,72.0,36.5,0.705,0,young
4,129.0,76.0,24.0,132.0,32.4,0.214,0,young
10,141.0,79.0,45.0,127.0,30.4,0.193,1,older
7,73.0,63.0,27.0,121.0,27.0,0.18,0,young
0,106.0,70.0,23.0,121.0,24.5,0.298,0,young
1,114.0,56.0,33.0,66.0,32.4,0.148,0,young
1,112.0,67.0,44.0,133.0,29.1,0.324,0,young
0,122.0,77.0,30.0,123.0,29.1,0.205,0,young
6,111.0,62.0,29.0,126.0,30.3,0.125,0,young
2,99.0,59.0,33.0,100.0,34.3,0.271,0,young
2,87.0,74.0,42.0,49.0,28.5,0.226,0,young
3,91.0,90.0,20.0,130.0,32.2,0.222,0,young
7,163.0,68.0,29.0,132.0,29.6,0.128,1,older
7,104.0,80.0,28.0,122.0,31.6,0.342,0,older
1,99.0,68.0,28.0,122.0,35.2,0.317,0,young
6,108.0,70.0,31.0,133.0,36.3,0.251,0,young
0,117.0,69.0,29.0,118.0,44.9,0.401,0,young
4,112.0,73.0,28.0,124.0,32.1,0.341,1,older
1,126.0,61.0,36.0,87.0,23.9,0.165,0,young
8,109.0,74.0,29.0,126.0,27.8,0.22,0,older
3,90.0,66.0,41.0,128.0,29.8,0.312,1,young
0,122.0,68.0,33.0,123.0,36.4,0.207,0,young
7,135.0,74.0,25.0,123.0,33.6,0.615,1,young
9,99.0,84.0,29.0,122.0,26.7,0.236,0,older
1,100.0,72.0,35.0,74.0,34.6,0.326,0,young
1,121.0,66.0,29.0,128.0,31.3,0.242,0,young
0,109.0,85.0,31.0,127.0,42.5,0.245,0,young
7,58.0,76.0,29.0,134.0,28.2,0.213,0,young
1,90.0,55.0,18.0,70.0,24.9,0.405,0,young
2,76.0,66.0,19.0,76.0,26.8,0.4,0,young
5,84.0,73.0,30.0,125.0,34.2,0.288,0,older
6,117.0,74.0,27.0,131.0,20.4,0.221,0,young
3,92.0,71.0,30.0,121.0,42.2,0.279,0,young
1,108.0,65.0,19.0,80.0,28.9,0.171,0,young
2,82.0,79.0,36.0,122.0,26.2,0.254,0,older
6,89.0,67.0,28.0,125.0,31.8,0.293,0,young
3,92.0,60.0,17.0,125.0,32.5,0.258,0,young
6,154.0,80.0,34.0,230.0,30.5,0.893,1,young
0,91.0,69.0,24.0,106.0,24.0,0.325,0,young
6,106.0,76.0,28.0,125.0,34.8,0.138,0,young
7,97.0,54.0,30.0,129.0,29.9,0.162,0,young
5,96.0,72.0,30.0,127.0,28.6,0.204,0,older
9,125.0,67.0,37.0,123.0,36.6,0.218,1,older
2,97.0,61.0,15.0,129.0,30.8,0.28,0,young
1,101.0,66.0,42.0,53.0,30.1,0.428,0,young
1,133.0,64.0,34.0,156.0,28.4,0.609,1,young
6,125.0,72.0,29.0,130.0,36.5,0.278,1,young
0,118.0,71.0,29.0,128.0,34.9,0.248,0,young
1,128.0,71.0,29.0,119.0,29.8,0.551,1,young
10,116.0,79.0,28.0,120.0,28.8,0.234,1,older
5,121.0,65.0,28.0,124.0,35.5,0.182,0,older
3,86.0,80.0,36.0,86.0,27.6,0.276,0,young
8,105.0,73.0,29.0,129.0,39.5,0.172,0,young
4,107.0,77.0,28.0,123.0,36.2,0.182,0,older
9,147.0,75.0,35.0,122.0,32.5,0.111,1,older
0,97.0,72.0,18.0,114.0,31.3,0.453,0,young
0,111.0,60.0,34.0,124.0,39.1,0.474,0,young
1,114.0,69.0,32.0,90.0,28.5,0.206,0,young
1,131.0,72.0,20.0,122.0,27.4,0.16,0,young
7,101.0,72.0,28.0,130.0,29.1,0.3,0,older
10,120.0,78.0,29.0,124.0,29.4,0.163,0,young
4,116.0,72.0,30.0,119.0,39.3,0.378,1,older
7,88.0,64.0,39.0,122.0,29.3,0.275,0,older
5,108.0,68.0,18.0,126.0,32.3,0.358,0,young
9,114.0,91.0,44.0,125.0,37.0,0.241,1,older
1,74.0,70.0,29.0,126.0,36.0,0.309,0,young
6,131.0,71.0,29.0,127.0,30.9,0.147,1,older
1,123.0,64.0,24.0,129.0,30.3,0.553,0,young
2,153.0,78.0,43.0,123.0,38.6,0.278,0,young
4,109.0,65.0,26.0,125.0,28.9,0.261,0,young
0,95.0,68.0,38.0,127.0,28.6,0.294,0,young
7,120.0,69.0,21.0,129.0,21.5,0.131,0,young
0,98.0,57.0,31.0,126.0,26.3,0.294,0,young
8,134.0,83.0,28.0,122.0,36.6,0.129,1,older
4,100.0,66.0,31.0,127.0,23.0,0.247,0,older
4,105.0,74.0,41.0,127.0,28.0,0.232,1,young
13,116.0,66.0,21.0,123.0,32.5,0.287,1,young
1,63.0,63.0,28.0,86.0,35.7,0.234,0,young
1,102.0,74.0,30.0,127.0,27.2,0.199,0,young
2,93.0,72.0,29.0,124.0,31.7,0.362,0,young
2,121.0,76.0,17.0,128.0,26.2,0.186,0,young
0,115.0,73.0,38.0,124.0,39.8,0.253,0,young
2,115.0,60.0,32.0,198.0,33.1,0.084,0,young
5,95.0,70.0,29.0,131.0,43.2,0.154,0,young
8,115.0,85.0,28.0,127.0,35.0,0.245,1,older
7,109.0,76.0,28.0,124.0,40.3,0.358,1,young
7,112.0,62.0,30.0,127.0,26.2,0.182,1,older
0,120.0,72.0,42.0,126.0,39.1,0.246,1,young
7,124.0,69.0,41.0,131.0,36.3,0.363,1,older
1,81.0,71.0,39.0,131.0,30.4,0.197,0,young
3,104.0,62.0,29.0,128.0,32.4,0.283,0,young
1,109.0,77.0,29.0,127.0,27.6,0.222,0,young
1,87.0,72.0,17.0,121.0,29.2,0.239,0,young
3,114.0,74.0,23.0,92.0,20.0,0.417,0,young
5,69.0,66.0,25.0,125.0,29.7,0.325,1,young
11,107.0,70.0,38.0,124.0,29.7,0.317,0,young
2,86.0,82.0,29.0,124.0,32.3,0.367,0,older
2,93.0,75.0,29.0,122.0,32.6,0.242,0,young
3,118.0,68.0,34.0,129.0,26.2,0.205,0,young
7,178.0,88.0,39.0,122.0,34.6,0.253,1,older
12,144.0,85.0,30.0,120.0,33.6,0.325,1,older
2,103.0,57.0,27.0,125.0,33.8,0.455,0,young
7,107.0,69.0,31.0,165.0,25.6,0.641,0,young
0,94.0,69.0,20.0,77.0,29.4,0.326,0,young
11,97.0,80.0,29.0,126.0,35.2,0.358,0,young
7,158.0,86.0,28.0,131.0,32.1,0.183,1,older
7,92.0,76.0,28.0,131.0,34.1,0.289,0,older
6,183.0,84.0,29.0,125.0,32.2,0.224,1,older
1,98.0,71.0,34.0,128.0,40.1,0.561,1,young
1,113.0,62.0,45.0,130.0,32.6,0.301,1,young
0,84.0,59.0,34.0,51.0,30.8,0.556,0,young
2,108.0,71.0,34.0,128.0,39.5,0.647,1,young
1,101.0,75.0,35.0,63.0,35.0,0.404,0,young
3,91.0,72.0,28.0,125.0,29.4,0.177,0,young
9,117.0,73.0,36.0,123.0,28.5,0.276,1,older
1,98.0,75.0,29.0,122.0,25.2,0.239,0,young
3,112.0,74.0,29.0,129.0,23.7,0.385,0,young
2,122.0,68.0,24.0,130.0,22.4,0.172,0,young
0,97.0,68.0,22.0,128.0,24.3,0.206,0,young
1,102.0,60.0,28.0,129.0,32.3,0.226,0,young
11,114.0,72.0,28.0,124.0,28.2,0.204,0,young
8,113.0,83.0,29.0,131.0,32.0,0.23,0,older
2,107.0,77.0,36.0,123.0,29.3,0.237,0,young
8,111.0,72.0,30.0,128.0,30.6,0.236,0,older
11,113.0,65.0,28.0,126.0,30.3,0.149,0,older
10,108.0,68.0,29.0,121.0,28.4,0.314,0,older
0,128.0,81.0,26.0,125.0,35.4,0.314,0,young
1,111.0,69.0,29.0,121.0,29.7,0.246,0,young
8,133.0,74.0,25.0,129.0,30.2,0.198,0,young
0,107.0,84.0,28.0,123.0,37.4,0.312,0,young
1,121.0,74.0,36.0,128.0,36.3,0.224,0,young
0,127.0,74.0,42.0,128.0,28.0,0.562,0,young
7,70.0,57.0,32.0,122.0,39.7,0.204,0,young
1,103.0,67.0,35.0,75.0,38.8,0.243,0,young
0,85.0,69.0,34.0,50.0,32.3,0.262,0,young
2,109.0,62.0,39.0,125.0,32.0,0.382,0,young
1,116.0,68.0,32.0,189.0,39.5,0.585,0,young
1,88.0,77.0,24.0,114.0,33.5,0.206,0,young
5,91.0,73.0,39.0,120.0,35.9,0.229,0,young
1,93.0,63.0,23.0,47.0,24.9,0.223,0,young
0,119.0,84.0,19.0,124.0,26.5,0.571,0,young
2,117.0,67.0,32.0,119.0,29.5,0.249,0,young
0,84.0,54.0,16.0,129.0,22.6,0.213,0,young
2,93.0,70.0,36.0,123.0,36.2,0.356,0,older
6,98.0,71.0,39.0,125.0,32.4,0.139,0,young
1,89.0,69.0,23.0,125.0,19.9,0.187,0,young
1,124.0,60.0,33.0,125.0,27.6,0.627,0,young
1,111.0,62.0,33.0,128.0,34.8,0.232,0,young
0,76.0,58.0,25.0,60.0,27.9,0.361,0,young
9,109.0,79.0,30.0,120.0,40.3,0.277,1,older
1,77.0,72.0,17.0,90.0,25.9,0.228,0,young
1,155.0,82.0,34.0,127.0,40.5,0.441,1,young
5,78.0,72.0,28.0,121.0,35.5,0.287,0,older
1,99.0,72.0,30.0,125.0,31.1,0.18,0,young
1,96.0,77.0,41.0,62.0,32.7,0.218,0,young
0,88.0,75.0,17.0,57.0,29.8,0.406,0,young
10,98.0,55.0,23.0,120.0,23.4,0.154,0,young
6,104.0,71.0,30.0,123.0,25.3,0.164,0,young
3,125.0,73.0,29.0,122.0,35.0,0.345,0,older
12,116.0,73.0,30.0,127.0,36.6,0.239,1,older
1,118.0,81.0,32.0,124.0,31.3,0.123,0,young
2,112.0,73.0,30.0,131.0,29.4,0.294,0,older
6,187.0,95.0,30.0,127.0,32.4,0.448,1,older
2,117.0,75.0,36.0,126.0,27.7,0.304,0,young
4,101.0,67.0,29.0,134.0,25.5,0.263,0,young
1,130.0,67.0,17.0,86.0,33.6,0.207,0,young
0,115.0,77.0,29.0,136.0,22.3,0.206,0,young
2,119.0,69.0,48.0,133.0,25.1,0.29,1,young
10,93.0,64.0,30.0,130.0,36.0,0.197,0,older
8,80.0,78.0,29.0,122.0,33.6,0.236,0,older
9,112.0,84.0,29.0,130.0,34.6,0.199,0,older
14,107.0,60.0,29.0,130.0,24.5,0.252,0,older
4,117.0,67.0,40.0,119.0,29.7,0.231,0,young
1,100.0,65.0,18.0,51.0,26.5,0.228,0,young
4,110.0,73.0,17.0,123.0,23.5,0.177,0,young
1,77.0,67.0,29.0,125.0,27.5,0.267,0,young
7,167.0,83.0,29.0,121.0,36.1,0.345,1,older
2,82.0,67.0,36.0,124.0,21.7,0.218,0,young
0,85.0,69.0,22.0,92.0,27.1,0.221,0,young
0,96.0,62.0,40.0,119.0,37.7,0.152,0,young
1,113.0,76.0,29.0,132.0,29.5,0.173,0,young
7,105.0,75.0,28.0,122.0,28.0,0.096,0,older
2,101.0,62.0,28.0,128.0,35.0,0.272,0,young
7,148.0,74.0,28.0,135.0,30.2,0.144,1,older
0,79.0,71.0,30.0,133.0,23.0,0.084,0,young
8,187.0,93.0,34.0,127.0,47.1,0.215,1,older
7,121.0,65.0,26.0,132.0,29.7,0.241,1,older
2,97.0,77.0,29.0,124.0,32.2,0.129,0,young
0,105.0,57.0,15.0,131.0,18.2,0.282,0,young
5,102.0,76.0,30.0,128.0,37.5,0.246,0,young
7,107.0,65.0,28.0,118.0,25.0,0.1,0,young
7,160.0,77.0,43.0,126.0,29.8,0.143,1,older
1,147.0,69.0,28.0,138.0,27.7,0.203,0,young
6,75.0,78.0,29.0,132.0,22.4,0.323,0,older
1,91.0,71.0,42.0,80.0,28.4,0.186,0,young
8,101.0,76.0,30.0,129.0,24.0,0.214,0,young
1,86.0,83.0,30.0,132.0,34.7,0.272,0,young
0,65.0,70.0,35.0,127.0,36.2,0.192,0,young
1,113.0,67.0,31.0,127.0,39.2,0.399,0,young
6,110.0,77.0,28.0,123.0,32.0,0.326,0,young
4,78.0,64.0,20.0,125.0,33.9,0.12,0,young
1,199.0,74.0,41.0,132.0,35.8,0.243,1,older
0,99.0,55.0,28.0,76.0,29.2,0.64,0,young
8,117.0,76.0,29.0,131.0,29.0,0.181,0,older
4,100.0,81.0,29.0,127.0,34.7,0.402,0,young
1,105.0,76.0,29.0,126.0,44.5,0.455,1,young
1,86.0,76.0,28.0,126.0,31.0,0.399,0,young
6,74.0,72.0,32.0,127.0,31.2,0.308,0,older
10,94.0,66.0,35.0,124.0,36.2,0.236,1,older
11,100.0,67.0,30.0,124.0,34.8,0.218,1,older
1,100.0,77.0,26.0,126.0,26.2,0.303,0,young
9,124.0,74.0,32.0,120.0,34.0,0.339,0,young
2,110.0,78.0,30.0,117.0,35.6,0.346,0,young
6,116.0,70.0,30.0,123.0,35.6,0.204,0,young
4,116.0,65.0,17.0,133.0,18.2,0.264,0,older
1,99.0,61.0,43.0,129.0,37.9,0.269,0,young
0,112.0,56.0,35.0,84.0,36.5,0.114,0,young
1,101.0,76.0,33.0,120.0,33.4,0.258,0,young
0,77.0,53.0,20.0,201.0,32.7,0.454,0,young
8,100.0,66.0,29.0,124.0,20.6,0.271,0,older
0,95.0,58.0,28.0,55.0,30.2,0.343,0,young
0,101.0,70.0,35.0,59.0,35.6,0.189,0,young
1,104.0,68.0,27.0,89.0,28.0,0.633,0,young
8,126.0,66.0,29.0,126.0,35.8,0.186,0,older
2,105.0,63.0,35.0,129.0,30.4,0.302,0,young
1,113.0,64.0,22.0,66.0,24.3,0.257,0,young
1,125.0,77.0,41.0,122.0,39.2,0.271,0,young
6,111.0,67.0,29.0,125.0,37.7,0.256,0,young
11,104.0,76.0,29.0,122.0,33.6,0.232,0,older
0,101.0,64.0,30.0,124.0,26.5,0.305,0,young
1,92.0,74.0,32.0,123.0,35.1,0.311,0,young
1,111.0,65.0,40.0,121.0,34.2,0.084,0,young
11,142.0,72.0,29.0,131.0,33.0,0.227,1,older
8,167.0,101.0,30.0,124.0,39.5,0.39,1,older
5,130.0,80.0,29.0,123.0,31.7,0.295,1,older
2,90.0,61.0,29.0,117.0,27.7,0.181,0,young
5,161.0,79.0,28.0,133.0,28.7,0.401,1,older
0,107.0,77.0,30.0,130.0,32.9,0.309,0,young
2,134.0,70.0,32.0,132.0,27.3,0.292,0,young
12,91.0,70.0,34.0,122.0,29.1,0.138,0,young
1,108.0,73.0,36.0,238.0,39.9,0.607,1,young
6,93.0,72.0,17.0,123.0,24.8,0.088,0,young
6,98.0,78.0,36.0,126.0,30.7,0.347,0,young
1,95.0,69.0,29.0,127.0,34.1,0.252,0,young
1,123.0,66.0,16.0,126.0,31.6,0.164,0,young
4,104.0,69.0,29.0,123.0,34.7,0.176,1,older
5,139.0,64.0,39.0,124.0,24.3,0.305,1,older
7,105.0,75.0,27.0,130.0,35.0,0.31,0,young
8,103.0,83.0,29.0,124.0,39.9,0.242,1,older
1,82.0,63.0,28.0,135.0,30.5,0.376,0,young
6,125.0,68.0,30.0,126.0,33.8,0.084,0,older
6,120.0,71.0,30.0,122.0,32.5,0.265,1,older
1,77.0,64.0,45.0,114.0,37.7,0.143,0,young
1,127.0,74.0,31.0,118.0,29.2,0.241,0,young
1,99.0,70.0,30.0,126.0,37.9,0.265,0,young
2,119.0,71.0,39.0,176.0,27.3,0.393,1,young
2,106.0,82.0,30.0,130.0,33.5,0.224,1,older
1,122.0,70.0,32.0,197.0,40.2,0.783,1,young
1,92.0,57.0,19.0,125.0,31.9,0.221,0,young
8,176.0,75.0,40.0,131.0,34.0,0.292,1,older
12,99.0,59.0,29.0,122.0,40.3,0.131,0,older
6,90.0,80.0,28.0,125.0,28.6,0.334,0,older
1,116.0,75.0,49.0,125.0,36.0,0.171,1,young
7,81.0,72.0,29.0,125.0,27.2,0.148,0,older
1,110.0,61.0,39.0,128.0,33.7,0.659,0,young
0,113.0,72.0,40.0,240.0,30.5,0.304,0,young
1,125.0,50.0,34.0,125.0,28.6,0.36,0,young
6,80.0,71.0,28.0,126.0,34.8,0.297,0,young
2,107.0,80.0,35.0,120.0,41.6,0.247,0,young
2,104.0,67.0,21.0,122.0,31.8,0.267,0,young
9,108.0,74.0,30.0,121.0,43.5,0.422,1,older
1,119.0,84.0,23.0,119.0,31.8,0.229,0,young
6,112.0,69.0,30.0,131.0,40.5,0.309,1,young
1,121.0,68.0,23.0,127.0,25.0,0.257,0,young
1,120.0,63.0,22.0,200.0,32.1,0.889,1,young
6,148.0,78.0,29.0,124.0,26.3,0.212,1,older
0,119.0,76.0,37.0,119.0,34.0,0.448,0,young
1,117.0,70.0,23.0,130.0,33.3,0.359,0,young
7,159.0,76.0,44.0,129.0,32.0,0.236,1,older
2,111.0,75.0,28.0,129.0,33.3,0.269,0,older
6,100.0,75.0,37.0,127.0,29.3,0.34,1,older
2,114.0,82.0,30.0,126.0,31.8,0.33,0,young
6,111.0,77.0,40.0,163.0,32.2,0.523,1,young
7,110.0,77.0,35.0,123.0,23.7,0.265,1,older
3,71.0,64.0,29.0,128.0,29.3,0.236,0,young
5,114.0,64.0,29.0,127.0,35.7,0.33,1,older
0,101.0,81.0,34.0,124.0,44.1,0.178,0,young
6,112.0,73.0,30.0,124.0,38.4,0.332,0,young
0,144.0,69.0,40.0,207.0,28.4,0.674,1,young
6,121.0,69.0,29.0,127.0,30.0,0.248,1,older
8,166.0,78.0,29.0,127.0,31.7,0.142,1,older
2,109.0,62.0,27.0,123.0,33.4,0.19,0,young
2,83.0,74.0,29.0,129.0,23.7,0.308,0,young
8,113.0,63.0,29.0,133.0,31.1,0.215,0,older
2,101.0,43.0,27.0,155.0,31.7,0.539,0,young
7,119.0,75.0,28.0,126.0,30.9,0.141,0,older
0,118.0,63.0,27.0,155.0,32.3,0.462,1,young
1,104.0,70.0,28.0,131.0,33.8,0.236,0,young
0,98.0,62.0,25.0,125.0,39.8,0.282,0,young
0,91.0,68.0,37.0,122.0,37.7,0.545,0,young
7,130.0,70.0,30.0,128.0,37.7,0.389,0,young
8,122.0,71.0,27.0,117.0,25.5,0.265,0,young
4,176.0,68.0,36.0,127.0,27.9,0.581,1,young
0,82.0,67.0,32.0,82.0,32.8,0.402,0,young
4,95.0,95.0,30.0,127.0,35.3,0.241,1,older
7,102.0,70.0,30.0,125.0,30.1,0.295,1,older
2,92.0,71.0,25.0,84.0,33.7,0.274,0,young
1,98.0,66.0,29.0,126.0,33.3,0.445,0,young
10,149.0,80.0,40.0,121.0,29.7,0.291,1,older
2,93.0,68.0,7.0,130.0,30.8,0.158,0,young
1,96.0,74.0,30.0,125.0,36.0,0.343,0,young
4,109.0,74.0,30.0,130.0,33.9,0.162,0,young
6,122.0,69.0,29.0,126.0,26.7,0.109,1,older
0,124.0,67.0,30.0,119.0,31.5,0.156,0,young
1,82.0,68.0,22.0,99.0,22.3,0.332,0,young
9,120.0,75.0,28.0,124.0,26.3,0.131,0,young
7,120.0,71.0,29.0,130.0,32.6,0.193,0,young
4,120.0,62.0,37.0,129.0,31.8,0.304,1,young
7,104.0,70.0,28.0,129.0,27.7,0.222,0,young
2,114.0,67.0,30.0,123.0,40.2,0.276,0,young
2,89.0,73.0,31.0,74.0,36.4,0.326,0,young
1,120.0,79.0,21.0,126.0,32.5,0.303,0,young
12,121.0,62.0,20.0,124.0,30.3,0.227,0,young
0,100.0,73.0,28.0,108.0,34.8,0.143,0,young
1,102.0,60.0,23.0,76.0,31.7,0.157,0,young
1,124.0,54.0,38.0,124.0,40.5,0.23,0,young
2,91.0,62.0,31.0,128.0,32.9,0.593,0,young
1,86.0,53.0,24.0,32.0,19.1,0.268,0,young
2,125.0,67.0,24.0,124.0,31.3,0.311,0,young
10,107.0,67.0,15.0,119.0,20.4,0.258,0,young
1,104.0,67.0,30.0,128.0,31.6,0.277,0,young
7,91.0,81.0,29.0,127.0,37.6,0.131,0,older
1,102.0,66.0,30.0,133.0,24.0,0.229,0,young
4,88.0,67.0,29.0,119.0,36.6,0.208,0,young
1,80.0,74.0,29.0,128.0,38.9,0.193,0,young
1,139.0,68.0,44.0,125.0,33.4,0.245,0,young
4,109.0,71.0,28.0,122.0,36.5,0.258,0,young
6,91.0,71.0,30.0,128.0,21.1,0.137,1,older
1,80.0,72.0,23.0,124.0,29.3,0.218,0,young
14,97.0,69.0,40.0,129.0,32.1,0.317,0,older
1,108.0,78.0,30.0,184.0,34.1,0.377,1,young
6,115.0,67.0,29.0,124.0,31.8,0.219,0,young
2,93.0,66.0,29.0,123.0,30.6,0.269,0,young
2,124.0,72.0,30.0,126.0,39.2,0.251,1,young
5,126.0,63.0,44.0,126.0,26.7,0.323,0,young
1,85.0,64.0,21.0,60.0,31.4,0.284,0,young
10,94.0,60.0,28.0,132.0,30.0,0.287,0,young
9,142.0,74.0,41.0,124.0,38.7,0.215,1,older
1,84.0,72.0,30.0,126.0,30.0,0.639,0,young
1,106.0,70.0,40.0,204.0,34.2,0.307,1,young
2,106.0,66.0,30.0,119.0,25.5,0.173,0,young
1,96.0,70.0,48.0,71.0,31.8,0.433,0,young
9,105.0,76.0,28.0,121.0,26.7,0.211,0,older
2,131.0,69.0,46.0,126.0,35.6,0.22,0,young
9,116.0,75.0,29.0,121.0,30.5,0.266,0,older
9,97.0,79.0,32.0,123.0,30.9,0.3,0,older
6,111.0,80.0,34.0,124.0,28.9,0.297,0,young
1,80.0,49.0,17.0,106.0,18.2,0.192,0,young
0,75.0,71.0,29.0,122.0,34.6,0.311,0,young
8,101.0,72.0,40.0,125.0,29.1,0.315,1,older
7,103.0,60.0,30.0,127.0,31.5,0.483,1,young
2,94.0,69.0,30.0,129.0,34.3,0.227,0,young
1,107.0,68.0,29.0,120.0,33.7,0.164,0,young
4,83.0,74.0,29.0,126.0,26.7,0.207,0,older
1,116.0,61.0,27.0,129.0,34.1,0.186,0,young
1,100.0,64.0,29.0,194.0,38.3,0.426,0,young
3,77.0,86.0,29.0,126.0,23.5,0.204,0,young
2,91.0,58.0,34.0,72.0,32.4,0.181,0,young
0,111.0,70.0,36.0,85.0,28.8,0.381,0,young
0,126.0,68.0,38.0,223.0,37.3,0.627,1,young
6,104.0,79.0,29.0,119.0,26.4,0.171,0,older
9,78.0,76.0,29.0,127.0,32.5,0.128,1,older
5,97.0,66.0,28.0,46.0,26.1,0.422,0,young
7,106.0,85.0,30.0,124.0,33.0,0.297,1,older
1,111.0,83.0,29.0,119.0,36.8,0.332,0,young
2,105.0,74.0,14.0,123.0,33.6,0.401,0,young
4,126.0,70.0,29.0,132.0,32.0,0.318,0,older
10,119.0,81.0,28.0,126.0,33.7,0.328,1,older
0,132.0,72.0,26.0,120.0,34.0,0.577,0,young
12,109.0,92.0,31.0,132.0,32.5,0.192,1,older
7,133.0,79.0,41.0,131.0,29.0,0.445,1,young
1,89.0,78.0,44.0,119.0,33.0,0.303,0,young
2,88.0,81.0,29.0,126.0,25.8,0.24,0,young
0,117.0,62.0,44.0,188.0,35.4,0.619,0,young
6,132.0,66.0,38.0,115.0,21.3,0.167,0,young
0,99.0,53.0,20.0,47.0,19.7,0.141,0,young
2,103.0,74.0,15.0,129.0,22.3,0.234,0,young
1,97.0,70.0,29.0,121.0,31.6,0.366,0,young
1,105.0,71.0,22.0,175.0,34.4,0.667,0,young
0,89.0,62.0,41.0,133.0,32.8,0.216,0,young
0,124.0,75.0,29.0,129.0,28.4,0.261,0,young
1,93.0,76.0,38.0,116.0,43.7,0.281,0,young
0,97.0,75.0,41.0,122.0,32.7,0.206,0,young
8,100.0,78.0,29.0,134.0,30.5,0.174,0,older
0,81.0,65.0,29.0,126.0,28.4,0.191,0,young
0,96.0,68.0,32.0,79.0,41.5,0.19,0,young
1,126.0,76.0,28.0,119.0,37.3,0.318,0,young
8,106.0,67.0,24.0,129.0,36.6,0.269,0,young
1,103.0,72.0,30.0,122.0,31.0,0.147,0,young
4,109.0,70.0,39.0,124.0,31.1,0.226,0,older
3,92.0,69.0,28.0,128.0,31.7,0.242,0,young
1,96.0,79.0,35.0,208.0,46.6,0.681,0,young
0,108.0,57.0,29.0,119.0,27.6,0.194,0,young
3,169.0,70.0,35.0,125.0,35.5,0.245,1,older
0,118.0,66.0,28.0,129.0,28.3,0.233,0,young
7,95.0,56.0,27.0,126.0,24.8,0.181,0,young
0,106.0,67.0,29.0,130.0,39.8,0.272,0,young
1,97.0,65.0,33.0,129.0,32.7,0.116,0,young
6,104.0,73.0,29.0,127.0,33.8,0.298,1,young
4,97.0,75.0,29.0,121.0,32.5,0.179,0,older
6,122.0,85.0,30.0,126.0,31.9,0.256,1,older
3,97.0,83.0,38.0,121.0,36.8,0.302,1,older
2,81.0,69.0,19.0,82.0,32.8,0.212,0,young
0,106.0,69.0,39.0,133.0,34.8,0.359,1,young
2,100.0,57.0,38.0,208.0,30.8,0.275,0,young
9,100.0,70.0,29.0,126.0,32.1,0.292,0,older
3,115.0,71.0,33.0,126.0,36.8,0.217,0,young
0,94.0,79.0,30.0,130.0,42.8,0.322,0,young
10,176.0,73.0,29.0,132.0,28.8,0.191,1,older
1,117.0,72.0,48.0,130.0,33.4,0.302,0,young
1,122.0,66.0,12.0,127.0,29.6,0.232,0,young
2,101.0,79.0,27.0,124.0,37.0,0.204,0,young
5,112.0,70.0,33.0,176.0,34.8,0.616,1,young
5,117.0,74.0,30.0,126.0,30.0,0.345,1,older
3,132.0,87.0,30.0,120.0,28.3,0.104,1,older
2,96.0,55.0,29.0,122.0,27.3,0.329,0,young
8,95.0,66.0,30.0,123.0,26.9,0.191,1,older
8,100.0,70.0,43.0,128.0,33.8,0.207,1,older
1,116.0,73.0,35.0,159.0,40.1,0.329,0,young
9,101.0,64.0,46.0,128.0,35.3,0.193,0,older
6,103.0,85.0,27.0,137.0,35.1,0.283,0,older
9,97.0,65.0,28.0,129.0,27.1,0.224,1,young
11,113.0,66.0,29.0,130.0,26.6,0.324,0,older
0,105.0,72.0,33.0,123.0,32.5,0.282,0,young
1,118.0,63.0,40.0,133.0,28.1,0.285,0,young
1,84.0,82.0,29.0,128.0,42.9,0.133,0,young
1,111.0,68.0,29.0,127.0,34.5,0.199,0,young
10,107.0,68.0,29.0,124.0,33.8,0.856,0,young
0,111.0,77.0,49.0,129.0,28.4,0.115,1,young
9,95.0,74.0,29.0,128.0,30.1,0.165,0,older
9,104.0,80.0,29.0,131.0,30.0,0.156,0,young
7,138.0,102.0,24.0,123.0,36.5,0.675,1,older
5,164.0,87.0,28.0,130.0,38.2,0.286,1,older
1,132.0,69.0,27.0,130.0,36.7,0.372,0,young
1,93.0,63.0,27.0,102.0,34.4,0.276,0,young
1,78.0,72.0,24.0,69.0,34.5,0.221,0,young
2,105.0,73.0,29.0,121.0,30.3,0.194,0,young
6,129.0,74.0,30.0,128.0,33.7,0.242,0,older
0,98.0,55.0,21.0,55.0,28.5,0.427,0,young
1,106.0,86.0,29.0,124.0,33.6,0.308,0,young
4,122.0,72.0,26.0,124.0,39.6,0.416,1,young
5,163.0,85.0,31.0,129.0,40.7,0.373,1,older
8,124.0,73.0,22.0,127.0,30.9,0.249,0,young
7,108.0,69.0,24.0,125.0,32.0,0.224,1,young
1,116.0,56.0,49.0,146.0,36.7,0.291,0,young
1,134.0,72.0,21.0,123.0,40.5,0.419,0,young
3,84.0,91.0,29.0,135.0,41.5,0.309,0,older
8,115.0,86.0,30.0,130.0,27.8,0.173,1,young
1,125.0,63.0,23.0,122.0,27.1,0.256,0,young
0,100.0,70.0,38.0,123.0,34.0,0.247,1,young
0,87.0,69.0,29.0,128.0,30.7,0.119,0,young
0,120.0,81.0,29.0,125.0,31.4,0.331,0,young
1,105.0,69.0,36.0,128.0,33.7,0.149,0,young
4,126.0,70.0,30.0,118.0,36.8,0.318,1,older
4,89.0,67.0,41.0,128.0,28.6,0.144,0,older
9,123.0,75.0,27.0,126.0,36.0,0.235,0,older
11,89.0,75.0,30.0,119.0,27.9,0.143,0,older
9,112.0,75.0,34.0,131.0,32.4,0.282,0,young
1,87.0,71.0,15.0,89.0,27.1,0.275,0,young
1,97.0,70.0,41.0,148.0,28.9,0.209,0,young
1,107.0,68.0,36.0,98.0,29.6,0.494,0,young
1,109.0,74.0,31.0,123.0,34.5,0.282,1,young
6,134.0,64.0,21.0,125.0,39.2,0.524,1,older
5,76.0,61.0,16.0,101.0,26.9,0.167,0,young
11,98.0,73.0,32.0,120.0,32.4,0.276,1,older
1,94.0,67.0,30.0,131.0,30.4,0.234,0,young
6,98.0,63.0,22.0,126.0,30.0,0.211,0,young
1,96.0,56.0,27.0,52.0,28.5,0.335,0,young
3,73.0,68.0,29.0,122.0,33.5,0.231,0,young
4,93.0,78.0,29.0,119.0,22.9,0.319,0,young
4,90.0,76.0,37.0,126.0,31.1,0.208,1,young
6,113.0,61.0,30.0,125.0,27.1,0.273,1,older
10,115.0,73.0,29.0,122.0,34.3,0.223,0,older
2,111.0,75.0,27.0,125.0,40.3,0.218,0,young
0,111.0,81.0,32.0,77.0,34.0,0.261,0,young
0,121.0,67.0,20.0,126.0,30.8,0.41,0,young
2,83.0,69.0,29.0,124.0,25.9,0.302,0,young
6,141.0,82.0,30.0,123.0,30.5,0.58,1,older
0,115.0,73.0,43.0,121.0,37.0,0.242,0,young
11,133.0,76.0,26.0,124.0,34.0,0.152,0,older
5,96.0,67.0,16.0,127.0,24.1,0.202,0,young
1,196.0,73.0,42.0,535.0,49.0,0.463,1,young
8,96.0,65.0,37.0,126.0,37.6,0.357,0,young
5,119.0,77.0,34.0,126.0,36.1,0.207,1,young
2,112.0,75.0,30.0,121.0,33.6,0.285,0,young
2,161.0,85.0,37.0,130.0,29.9,0.086,1,young
1,91.0,76.0,28.0,128.0,35.1,0.125,0,young
1,122.0,57.0,35.0,94.0,33.1,0.324,0,young
12,103.0,71.0,29.0,122.0,27.3,0.289,1,older
2,109.0,72.0,48.0,123.0,38.7,0.241,0,young
11,128.0,66.0,28.0,120.0,33.5,0.22,0,older
1,96.0,72.0,30.0,122.0,27.4,0.207,0,young
1,82.0,71.0,30.0,122.0,37.4,0.254,0,young
0,82.0,56.0,30.0,58.0,22.3,0.54,0,young
1,120.0,69.0,19.0,123.0,22.4,0.357,0,young
9,105.0,68.0,28.0,125.0,36.0,0.152,1,older
6,87.0,65.0,39.0,133.0,25.2,0.211,0,older
2,116.0,71.0,38.0,46.0,33.2,0.363,0,young
13,132.0,79.0,29.0,126.0,34.5,0.264,1,older
0,120.0,77.0,28.0,125.0,30.2,0.185,0,young
3,110.0,67.0,29.0,128.0,37.9,0.166,0,young
4,168.0,71.0,42.0,120.0,39.9,0.523,1,older
5,83.0,77.0,40.0,123.0,27.8,0.36,0,older
4,87.0,78.0,30.0,124.0,34.7,0.192,0,young
8,119.0,69.0,30.0,129.0,31.4,0.209,0,older
9,170.0,76.0,31.0,122.0,31.9,0.171,1,older
1,82.0,63.0,45.0,42.0,29.6,0.281,0,young
1,67.0,67.0,30.0,127.0,24.3,0.266,0,older
0,93.0,64.0,24.0,124.0,36.5,0.222,0,young
2,105.0,66.0,34.0,126.0,28.1,0.221,0,young
2,81.0,65.0,17.0,128.0,19.4,0.252,0,young
1,80.0,72.0,30.0,75.0,29.4,0.33,0,young
9,162.0,91.0,28.0,126.0,33.4,0.274,1,older
3,77.0,81.0,32.0,117.0,32.9,0.568,0,young
9,95.0,69.0,29.0,122.0,31.4,0.23,0,young
1,105.0,71.0,29.0,130.0,33.7,0.342,0,young
2,137.0,62.0,21.0,192.0,39.2,0.63,0,young
5,89.0,71.0,29.0,131.0,36.9,0.321,1,older
12,129.0,85.0,29.0,122.0,31.1,0.292,1,older
0,133.0,73.0,30.0,123.0,35.7,0.171,0,young
12,116.0,63.0,28.0,130.0,27.0,0.171,0,older
1,122.0,73.0,34.0,123.0,30.8,0.264,0,young
0,107.0,72.0,34.0,58.0,31.0,0.179,0,young
1,97.0,66.0,44.0,172.0,35.9,0.422,1,young
0,119.0,70.0,37.0,158.0,29.1,0.499,0,young
1,88.0,78.0,29.0,126.0,27.8,0.124,0,young
3,86.0,76.0,38.0,122.0,29.9,0.281,0,young
8,189.0,85.0,30.0,125.0,37.0,0.258,1,older
2,114.0,68.0,28.0,123.0,32.2,0.369,0,young
1,72.0,61.0,32.0,79.0,34.5,0.315,0,young
2,86.0,61.0,28.0,124.0,35.4,0.316,0,young
1,95.0,78.0,15.0,123.0,25.0,0.14,0,young
2,127.0,70.0,30.0,126.0,38.7,0.22,0,young
9,103.0,88.0,35.0,132.0,34.6,0.277,1,older
7,99.0,66.0,31.0,121.0,31.3,0.192,0,young
8,147.0,66.0,45.0,223.0,43.5,0.533,1,young
0,71.0,58.0,21.0,44.0,33.4,0.461,0,young
2,112.0,84.0,30.0,125.0,35.6,0.266,0,young
1,121.0,65.0,15.0,57.0,22.2,0.352,0,young
0,120.0,78.0,44.0,118.0,32.3,0.182,0,young
7,104.0,71.0,29.0,131.0,29.1,0.314,0,older
0,111.0,70.0,40.0,27.0,30.8,0.672,0,young
0,103.0,75.0,43.0,125.0,38.7,0.273,1,young
1,176.0,71.0,48.0,191.0,36.0,0.546,1,young
3,110.0,78.0,38.0,74.0,29.5,0.305,1,young
7,137.0,74.0,34.0,163.0,34.4,0.286,1,older
2,99.0,71.0,24.0,127.0,29.5,0.223,0,young
1,66.0,65.0,37.0,123.0,35.9,0.742,0,young
11,123.0,74.0,29.0,130.0,30.0,0.307,1,older
0,97.0,60.0,17.0,127.0,27.2,0.215,0,young
1,114.0,71.0,38.0,122.0,35.2,0.356,0,young
9,98.0,76.0,29.0,119.0,36.5,0.202,0,older
8,130.0,67.0,29.0,118.0,34.4,0.222,0,older
3,91.0,64.0,15.0,125.0,35.4,0.208,0,young
7,114.0,67.0,29.0,124.0,31.9,0.263,0,older
4,117.0,60.0,35.0,127.0,32.7,0.215,1,older
5,115.0,70.0,21.0,119.0,26.0,0.307,0,young
5,94.0,76.0,30.0,120.0,31.4,0.319,1,older
2,106.0,67.0,34.0,115.0,33.9,0.39,0,young
0,107.0,55.0,19.0,73.0,23.9,0.613,0,young
1,131.0,71.0,23.0,132.0,32.4,0.154,0,young
7,129.0,66.0,36.0,120.0,28.2,0.231,0,young
7,113.0,77.0,29.0,122.0,35.9,0.221,0,young
0,101.0,68.0,46.0,67.0,41.5,0.257,0,young
9,93.0,74.0,44.0,124.0,34.2,0.197,1,older
8,101.0,69.0,34.0,120.0,31.0,0.316,0,young
2,76.0,67.0,19.0,71.0,34.0,0.084,0,young
1,94.0,80.0,29.0,122.0,31.8,0.337,0,young
0,94.0,75.0,29.0,125.0,30.0,0.684,0,young
9,93.0,72.0,28.0,130.0,31.2,0.246,0,young
2,97.0,72.0,32.0,121.0,33.8,0.271,0,young
5,141.0,78.0,25.0,126.0,36.2,0.09,1,older
5,126.0,70.0,30.0,129.0,32.5,0.234,0,young
7,76.0,73.0,29.0,123.0,35.0,0.236,0,young
1,81.0,66.0,34.0,72.0,30.6,0.19,0,young
1,134.0,71.0,29.0,126.0,27.0,0.264,0,young
8,164.0,78.0,29.0,124.0,35.7,0.278,1,older
1,86.0,72.0,27.0,71.0,35.6,0.32,0,young
5,192.0,80.0,39.0,122.0,41.9,0.265,1,older
8,91.0,71.0,30.0,122.0,31.5,0.206,0,young
1,181.0,83.0,35.0,175.0,33.4,0.59,1,young
11,103.0,75.0,29.0,120.0,39.8,0.128,0,older
2,113.0,71.0,29.0,124.0,30.6,0.181,0,young
1,125.0,67.0,40.0,148.0,37.2,0.687,1,young
7,106.0,72.0,30.0,126.0,28.4,0.279,0,older
0,105.0,77.0,22.0,80.0,28.3,0.323,0,young
1,124.0,69.0,50.0,125.0,30.5,0.444,1,young
11,90.0,90.0,38.0,117.0,31.8,0.32,1,older
1,90.0,83.0,39.0,120.0,38.2,0.319,0,young
7,92.0,75.0,29.0,123.0,25.9,0.254,0,young
1,99.0,86.0,28.0,124.0,33.0,0.203,0,young
1,104.0,58.0,7.0,125.0,22.4,0.233,0,young
11,101.0,83.0,35.0,127.0,34.9,0.252,1,older
2,88.0,57.0,22.0,23.0,38.0,0.292,0,young
2,99.0,58.0,35.0,97.0,33.4,0.209,0,young
8,134.0,68.0,27.0,130.0,23.3,0.165,0,young
4,94.0,65.0,30.0,120.0,26.2,0.247,0,young
8,102.0,78.0,43.0,128.0,28.9,0.276,0,older
2,97.0,69.0,41.0,131.0,32.4,0.182,0,young
1,100.0,68.0,34.0,135.0,34.5,0.283,0,young
5,112.0,76.0,40.0,128.0,27.4,0.255,1,older
7,84.0,71.0,28.0,125.0,28.3,0.219,0,young
7,93.0,70.0,28.0,125.0,29.6,0.276,0,young
6,130.0,72.0,29.0,127.0,33.2,0.153,1,older
8,182.0,74.0,36.0,127.0,30.5,0.339,1,older
9,88.0,81.0,29.0,129.0,27.6,0.163,0,young
12,109.0,75.0,30.0,131.0,32.1,0.277,1,older
8,173.0,79.0,29.0,129.0,33.8,0.235,1,older
2,134.0,73.0,20.0,130.0,25.9,0.191,0,young
7,119.0,70.0,31.0,123.0,25.5,0.222,0,older
5,98.0,70.0,28.0,130.0,33.0,0.156,0,young
3,121.0,74.0,25.0,117.0,38.1,0.202,1,young
2,115.0,66.0,16.0,61.0,32.4,0.305,0,young
0,127.0,72.0,35.0,131.0,29.7,0.195,1,young
11,133.0,74.0,29.0,126.0,36.5,0.253,1,older
4,79.0,61.0,18.0,105.0,32.6,0.298,0,young
1,114.0,75.0,23.0,120.0,32.5,0.25,0,young
2,123.0,64.0,35.0,128.0,36.3,0.33,0,young
3,163.0,77.0,41.0,209.0,33.9,0.487,1,young
1,87.0,58.0,15.0,56.0,26.0,0.227,0,young
6,125.0,85.0,28.0,118.0,30.9,0.302,1,older
9,108.0,85.0,29.0,124.0,25.7,0.277,1,older
10,106.0,70.0,32.0,124.0,33.8,0.149,0,older
1,97.0,76.0,19.0,126.0,33.1,0.455,0,young
5,102.0,70.0,24.0,126.0,25.9,0.251,1,young
0,94.0,68.0,38.0,126.0,36.7,0.341,0,young
8,91.0,77.0,29.0,126.0,33.4,0.174,0,older
1,72.0,62.0,12.0,68.0,27.1,0.368,0,young
7,77.0,61.0,34.0,131.0,33.7,0.21,0,young
2,103.0,69.0,30.0,133.0,41.6,0.214,0,young
1,123.0,58.0,34.0,221.0,32.4,0.483,0,young
10,103.0,70.0,29.0,133.0,28.9,0.315,0,older
1,110.0,74.0,36.0,188.0,42.0,0.725,1,young
10,95.0,66.0,51.0,123.0,31.5,0.211,0,young
6,125.0,76.0,10.0,130.0,26.7,0.338,0,young
0,127.0,69.0,28.0,187.0,48.4,0.668,1,young
3,91.0,65.0,40.0,239.0,31.1,0.28,1,young
1,107.0,70.0,12.0,52.0,18.2,0.207,0,young
10,133.0,82.0,30.0,124.0,28.0,0.252,1,older
1,106.0,74.0,31.0,124.0,25.4,0.272,0,young
11,100.0,56.0,29.0,122.0,28.2,0.228,0,young
0,110.0,70.0,30.0,123.0,25.1,0.245,0,young
0,111.0,61.0,34.0,48.0,40.8,0.084,0,young
4,83.0,80.0,30.0,126.0,36.7,0.162,0,older
9,129.0,78.0,23.0,129.0,35.1,0.172,1,older
1,92.0,66.0,29.0,132.0,25.7,0.378,0,young
0,95.0,62.0,17.0,130.0,21.5,0.108,0,young
3,110.0,74.0,45.0,124.0,37.1,0.267,0,young
1,114.0,71.0,29.0,126.0,25.2,0.279,0,young
6,199.0,93.0,39.0,198.0,49.7,0.29,1,young
1,75.0,55.0,20.0,77.0,20.4,0.152,0,young
7,114.0,68.0,30.0,124.0,22.8,0.366,0,older
0,92.0,64.0,34.0,127.0,29.9,0.273,1,young
0,100.0,62.0,48.0,153.0,47.2,0.603,1,young
1,109.0,60.0,47.0,127.0,44.1,0.272,0,young
0,102.0,74.0,36.0,123.0,31.6,0.214,0,young
2,95.0,61.0,19.0,127.0,18.2,0.31,0,young
1,109.0,72.0,30.0,120.0,35.9,0.173,0,young
2,106.0,73.0,36.0,112.0,34.2,0.356,0,young
5,110.0,77.0,35.0,120.0,24.6,0.084,0,older
6,128.0,81.0,35.0,119.0,36.7,0.287,1,young
6,103.0,82.0,30.0,130.0,34.8,0.336,0,young
8,110.0,70.0,29.0,123.0,33.1,0.327,0,older
1,90.0,59.0,25.0,130.0,29.3,0.22,0,young
4,96.0,73.0,29.0,124.0,30.0,0.283,0,older
1,110.0,64.0,29.0,129.0,28.0,0.366,0,young
8,131.0,78.0,27.0,130.0,33.4,0.125,0,young
1,101.0,70.0,37.0,126.0,34.0,0.28,0,young
6,90.0,74.0,29.0,123.0,29.7,0.25,0,older
10,124.0,67.0,30.0,125.0,31.2,0.38,0,young
5,118.0,61.0,31.0,123.0,30.0,0.252,0,young
7,94.0,73.0,33.0,120.0,29.5,0.158,0,older
7,127.0,67.0,29.0,117.0,29.4,0.27,0,young
8,138.0,64.0,29.0,126.0,29.1,0.388,0,older
1,138.0,72.0,26.0,198.0,50.7,0.364,1,young
2,100.0,70.0,28.0,120.0,33.3,0.231,0,young
7,97.0,59.0,28.0,128.0,28.0,0.233,0,young
7,105.0,78.0,30.0,126.0,31.6,0.227,0,older
6,136.0,82.0,28.0,124.0,33.3,0.374,1,older
1,100.0,70.0,33.0,129.0,30.1,0.208,0,young
0,114.0,73.0,39.0,131.0,30.9,0.427,0,young
1,125.0,56.0,34.0,118.0,24.4,0.309,0,young
2,117.0,74.0,28.0,128.0,28.2,0.233,0,older
11,108.0,85.0,39.0,129.0,37.7,0.29,1,older
2,127.0,71.0,29.0,121.0,33.9,0.324,0,young
2,106.0,64.0,30.0,118.0,28.4,0.513,0,young
1,103.0,61.0,17.0,31.0,26.0,0.615,0,young
0,92.0,66.0,50.0,129.0,30.3,0.182,0,young
9,101.0,68.0,27.0,130.0,30.7,0.296,0,older
1,90.0,75.0,29.0,127.0,33.2,0.243,0,young
8,136.0,59.0,29.0,122.0,27.0,0.221,0,young
4,108.0,74.0,28.0,133.0,33.1,0.188,0,young
5,140.0,74.0,30.0,126.0,36.5,0.231,1,older
4,84.0,75.0,29.0,127.0,31.2,0.262,0,older
5,98.0,79.0,29.0,131.0,34.9,0.123,1,older
0,125.0,66.0,32.0,148.0,31.4,0.551,0,young
1,108.0,64.0,15.0,120.0,28.5,0.372,0,young
5,102.0,58.0,13.0,56.0,30.7,0.542,0,young
1,95.0,72.0,33.0,114.0,26.3,0.443,0,young
6,104.0,78.0,30.0,125.0,34.8,0.084,0,young
2,118.0,82.0,34.0,127.0,23.5,0.305,0,young
7,95.0,66.0,30.0,129.0,32.8,0.392,0,young
0,116.0,69.0,29.0,128.0,29.7,0.334,0,young
10,145.0,91.0,35.0,133.0,45.0,0.277,1,older
3,94.0,71.0,28.0,126.0,27.8,0.18,0,older
0,115.0,79.0,24.0,132.0,32.2,0.25,0,young
2,125.0,73.0,28.0,125.0,28.9,0.243,0,young
9,121.0,73.0,30.0,131.0,29.5,0.207,0,young
0,104.0,58.0,34.0,63.0,28.6,0.287,0,young
2,85.0,69.0,17.0,45.0,34.9,0.364,0,young
8,118.0,63.0,29.0,124.0,23.1,0.129,0,older
8,114.0,83.0,38.0,130.0,24.4,0.157,0,young
2,142.0,89.0,44.0,123.0,31.5,0.29,0,older
4,97.0,64.0,29.0,126.0,36.3,0.443,0,young
1,120.0,55.0,17.0,123.0,23.1,0.338,0,young
2,90.0,66.0,30.0,128.0,30.1,0.26,0,older
1,107.0,62.0,23.0,152.0,29.7,0.269,0,young
0,94.0,57.0,15.0,124.0,19.8,0.323,0,young
1,108.0,81.0,27.0,120.0,32.9,0.303,0,young
6,110.0,65.0,29.0,128.0,35.6,0.287,0,older
9,148.0,77.0,29.0,134.0,32.6,0.128,1,older
1,112.0,64.0,35.0,123.0,39.2,0.161,0,young
1,140.0,61.0,24.0,131.0,30.9,0.295,0,young
6,143.0,81.0,38.0,123.0,28.2,0.264,1,older
0,92.0,75.0,33.0,192.0,35.0,0.292,0,young
1,122.0,72.0,22.0,121.0,25.0,0.183,0,young
6,109.0,67.0,30.0,120.0,33.4,0.328,0,older
1,104.0,70.0,28.0,124.0,32.1,0.259,0,young
9,166.0,86.0,26.0,122.0,29.3,0.332,1,older
12,87.0,68.0,28.0,127.0,30.5,0.117,0,older
0,114.0,70.0,36.0,129.0,40.2,0.386,0,young
0,107.0,75.0,35.0,126.0,27.9,0.392,1,young
1,99.0,69.0,29.0,127.0,30.5,0.161,0,young
0,117.0,56.0,31.0,129.0,36.4,0.51,0,young
10,112.0,64.0,28.0,122.0,34.5,0.188,0,older
1,86.0,54.0,41.0,123.0,27.1,0.271,0,young
1,120.0,76.0,38.0,133.0,37.0,0.302,0,young
4,153.0,79.0,35.0,119.0,43.3,0.329,1,older
6,176.0,75.0,34.0,217.0,38.3,0.32,1,older
2,87.0,75.0,32.0,118.0,36.8,0.204,0,young
5,122.0,72.0,28.0,121.0,36.0,0.247,0,young
3,121.0,83.0,51.0,127.0,40.2,0.28,1,young
13,125.0,79.0,38.0,131.0,31.2,0.31,1,older
1,125.0,68.0,29.0,120.0,42.2,0.198,0,young
6,102.0,71.0,19.0,126.0,22.7,0.536,0,young
8,119.0,69.0,30.0,121.0,28.5,0.18,0,older
1,110.0,68.0,48.0,132.0,24.7,0.233,0,young
1,125.0,73.0,38.0,121.0,36.4,0.171,0,young
10,187.0,84.0,31.0,130.0,31.6,0.175,1,older
0,106.0,77.0,29.0,122.0,33.9,0.157,0,young
6,89.0,84.0,28.0,121.0,39.2,0.27,0,young
4,122.0,56.0,17.0,127.0,24.6,0.239,0,young
3,127.0,73.0,30.0,127.0,34.8,0.247,0,older
0,79.0,60.0,28.0,123.0,29.5,0.283,0,young
7,102.0,82.0,29.0,131.0,34.9,0.258,0,older
4,91.0,78.0,29.0,124.0,30.7,0.358,0,older
7,110.0,72.0,35.0,126.0,31.0,0.222,1,older
7,78.0,78.0,29.0,128.0,40.8,0.236,0,older
0,98.0,69.0,21.0,126.0,37.2,0.164,0,young
5,93.0,52.0,28.0,130.0,31.1,0.211,0,older
2,96.0,77.0,29.0,117.0,35.5,0.21,0,young
8,158.0,88.0,32.0,134.0,39.0,0.381,1,older
2,89.0,64.0,33.0,47.0,27.5,0.246,0,young
1,101.0,72.0,17.0,125.0,28.7,0.358,0,young
8,135.0,82.0,29.0,123.0,34.7,0.257,1,older
1,95.0,74.0,32.0,127.0,31.3,0.201,0,young
9,152.0,70.0,44.0,120.0,34.6,0.25,1,young
1,137.0,72.0,29.0,181.0,36.6,0.808,1,young
6,87.0,80.0,29.0,127.0,33.3,0.158,0,older
4,107.0,69.0,36.0,130.0,32.6,0.35,0,young
6,78.0,80.0,26.0,130.0,34.4,0.288,1,older
9,107.0,73.0,33.0,129.0,32.3,0.337,1,older
2,96.0,66.0,11.0,51.0,29.7,0.346,0,young
6,113.0,71.0,30.0,124.0,23.4,0.243,0,young
1,113.0,69.0,29.0,120.0,23.4,0.227,0,young
6,101.0,76.0,28.0,120.0,31.2,0.226,0,young
1,99.0,63.0,29.0,125.0,28.8,0.22,0,young
4,108.0,81.0,32.0,122.0,33.6,0.346,1,older
10,102.0,66.0,30.0,116.0,27.1,0.23,0,older
8,127.0,77.0,30.0,123.0,35.0,0.254,0,older
3,129.0,65.0,53.0,125.0,31.2,0.18,0,young
6,122.0,77.0,40.0,124.0,35.5,0.247,1,young
0,123.0,68.0,36.0,172.0,30.1,0.67,1,young
1,119.0,73.0,29.0,127.0,21.0,0.084,0,young
8,92.0,55.0,29.0,119.0,29.9,0.24,1,older
0,92.0,56.0,25.0,170.0,30.0,0.585,0,young
3,88.0,67.0,33.0,134.0,31.8,0.278,0,young
5,173.0,72.0,37.0,128.0,39.1,0.34,1,young
2,110.0,79.0,34.0,117.0,40.3,0.376,0,young
1,98.0,74.0,37.0,120.0,33.9,0.22,0,young
0,82.0,68.0,23.0,31.0,34.7,0.19,0,young
2,99.0,66.0,29.0,130.0,35.0,0.196,0,young
10,172.0,79.0,39.0,136.0,24.2,0.297,1,older
8,162.0,77.0,34.0,128.0,35.9,0.588,1,older
1,102.0,62.0,12.0,84.0,21.7,0.216,0,young
1,92.0,79.0,29.0,131.0,29.1,0.25,0,young
5,92.0,74.0,29.0,130.0,34.2,0.267,1,older
0,96.0,58.0,35.0,124.0,40.4,0.312,0,young
0,114.0,78.0,36.0,74.0,35.9,0.265,0,young
4,109.0,79.0,32.0,126.0,29.0,0.598,0,young
1,114.0,67.0,37.0,126.0,21.7,0.317,0,young
5,95.0,69.0,28.0,129.0,29.9,0.267,0,young
1,143.0,77.0,30.0,120.0,34.8,0.29,0,young
4,110.0,79.0,39.0,121.0,32.5,0.312,0,older
0,112.0,69.0,43.0,123.0,26.8,0.211,0,young
10,81.0,76.0,30.0,126.0,33.8,0.347,0,young
2,100.0,66.0,19.0,60.0,24.9,0.276,0,young
0,126.0,65.0,42.0,122.0,40.8,0.196,0,young
6,95.0,68.0,19.0,129.0,26.8,0.186,0,young
7,120.0,69.0,28.0,131.0,28.8,0.301,0,older
6,106.0,72.0,29.0,127.0,24.7,0.137,0,young
3,84.0,71.0,32.0,78.0,34.7,0.38,0,young
5,98.0,73.0,28.0,124.0,29.4,0.189,0,young
6,105.0,81.0,45.0,83.0,34.4,0.131,0,older
1,116.0,54.0,31.0,179.0,33.9,0.268,1,young
2,90.0,69.0,40.0,83.0,34.5,0.284,0,young
9,113.0,94.0,30.0,118.0,36.3,0.272,1,older
4,83.0,73.0,16.0,127.0,26.2,0.244,0,young
7,126.0,79.0,28.0,123.0,35.1,0.317,0,young
4,108.0,69.0,41.0,135.0,32.8,0.262,1,young
4,116.0,82.0,30.0,126.0,36.6,0.151,0,young
0,108.0,68.0,29.0,126.0,33.6,0.34,0,young
9,174.0,83.0,29.0,126.0,34.8,0.318,1,older
5,125.0,67.0,47.0,124.0,31.5,0.362,0,young
5,147.0,71.0,47.0,122.0,35.9,0.29,1,older
8,136.0,87.0,31.0,128.0,31.5,0.096,1,older
0,110.0,65.0,38.0,130.0,30.3,0.275,0,young
7,95.0,55.0,23.0,125.0,22.8,0.114,0,older
0,117.0,79.0,40.0,123.0,29.2,0.237,0,young
1,120.0,73.0,16.0,130.0,22.8,0.464,0,young
4,195.0,74.0,33.0,135.0,44.5,0.702,1,young
2,123.0,67.0,29.0,126.0,32.3,0.165,0,young
2,82.0,78.0,39.0,128.0,34.4,0.626,0,young
3,110.0,63.0,29.0,119.0,27.1,0.312,0,young
0,121.0,80.0,35.0,121.0,36.6,0.311,0,young
4,100.0,76.0,42.0,123.0,24.4,0.325,1,young
1,110.0,77.0,29.0,120.0,22.2,0.176,0,young
5,112.0,61.0,27.0,120.0,31.9,0.084,0,young
6,101.0,78.0,42.0,127.0,39.6,0.332,1,older
3,134.0,90.0,29.0,126.0,41.4,0.329,1,young
0,91.0,77.0,41.0,124.0,37.0,0.194,0,young
8,110.0,75.0,30.0,124.0,33.4,0.139,1,older
2,85.0,69.0,29.0,129.0,35.3,0.131,0,young
2,89.0,76.0,29.0,121.0,33.8,0.24,0,young
10,96.0,70.0,13.0,123.0,34.0,0.255,1,young
1,95.0,67.0,30.0,124.0,32.8,0.183,0,young
1,121.0,70.0,30.0,125.0,37.8,0.399,0,young
3,105.0,66.0,11.0,57.0,26.0,0.157,0,young
2,106.0,73.0,30.0,124.0,27.2,0.14,0,young
3,108.0,83.0,40.0,123.0,32.7,0.261,0,older
6,126.0,71.0,30.0,125.0,31.3,0.121,0,young
7,116.0,84.0,29.0,123.0,35.4,0.234,0,older
1,105.0,68.0,29.0,76.0,33.4,0.24,0,young
1,118.0,58.0,28.0,21.0,29.6,0.503,0,young
0,126.0,72.0,31.0,200.0,41.9,0.423,1,young
5,95.0,67.0,29.0,129.0,29.0,0.167,0,young
8,82.0,92.0,29.0,120.0,28.8,0.166,0,older
1,100.0,62.0,19.0,70.0,25.2,0.159,0,young
8,118.0,80.0,28.0,126.0,29.3,0.159,0,older
0,94.0,67.0,30.0,126.0,33.9,0.21,0,young
7,93.0,74.0,30.0,126.0,35.5,0.084,0,older
5,80.0,58.0,21.0,125.0,33.9,0.516,0,young
6,89.0,61.0,29.0,134.0,26.1,0.203,0,older
6,88.0,73.0,28.0,123.0,28.9,0.322,0,young
1,75.0,61.0,7.0,59.0,18.6,0.204,0,young
4,107.0,73.0,29.0,130.0,35.3,0.202,0,older
1,114.0,76.0,47.0,161.0,45.1,0.685,1,young
0,71.0,77.0,29.0,63.0,34.4,0.286,0,young
2,115.0,65.0,36.0,91.0,25.5,0.269,0,young
2,99.0,63.0,23.0,28.0,25.7,0.187,0,young
0,100.0,66.0,41.0,120.0,28.4,0.089,0,young
6,97.0,73.0,29.0,125.0,32.5,0.227,0,older
0,166.0,77.0,35.0,123.0,35.7,0.322,1,young
2,108.0,75.0,30.0,128.0,31.8,0.26,0,young
1,86.0,73.0,28.0,123.0,31.6,0.264,0,young
6,115.0,73.0,20.0,117.0,30.1,0.128,0,young
6,140.0,88.0,34.0,129.0,33.8,0.27,1,older
2,113.0,72.0,28.0,125.0,30.0,0.253,0,young
6,81.0,83.0,29.0,122.0,34.3,0.264,0,young
4,176.0,79.0,36.0,129.0,34.9,0.443,1,older
8,109.0,59.0,38.0,120.0,25.2,0.143,0,young
5,93.0,81.0,29.0,132.0,35.2,0.084,0,young
1,80.0,74.0,46.0,27.0,37.0,0.401,0,young
0,109.0,59.0,33.0,130.0,27.8,0.247,0,young
2,106.0,74.0,35.0,129.0,32.9,0.237,0,older
5,128.0,70.0,29.0,128.0,32.9,0.21,0,young
1,135.0,72.0,33.0,127.0,39.7,0.212,0,young
0,88.0,61.0,39.0,37.0,34.0,0.753,0,young
8,92.0,73.0,28.0,126.0,31.5,0.171,0,older
2,97.0,66.0,32.0,118.0,27.5,0.189,0,young
8,128.0,65.0,33.0,127.0,20.7,0.227,1,older
1,115.0,85.0,40.0,209.0,37.7,0.547,0,young
4,92.0,71.0,29.0,128.0,39.9,0.305,0,young
10,108.0,87.0,30.0,120.0,34.0,0.249,1,older
6,101.0,75.0,40.0,125.0,32.6,0.3,0,young
2,143.0,76.0,30.0,126.0,30.3,0.093,0,young
6,99.0,74.0,30.0,129.0,30.6,0.243,0,older
4,107.0,86.0,28.0,124.0,26.6,0.227,0,older
0,120.0,80.0,30.0,121.0,34.3,0.232,0,young
10,115.0,89.0,30.0,129.0,36.0,0.22,0,older
7,95.0,63.0,38.0,122.0,29.8,0.334,0,young
2,120.0,79.0,33.0,201.0,46.5,0.604,1,young
13,103.0,74.0,29.0,133.0,26.7,0.38,1,older
3,96.0,73.0,30.0,121.0,37.8,0.218,0,young
0,88.0,58.0,29.0,123.0,19.9,0.178,0,young
8,98.0,71.0,34.0,129.0,33.6,0.3,1,young
8,106.0,68.0,28.0,126.0,32.1,0.227,0,young
1,124.0,72.0,34.0,155.0,32.4,0.728,0,young
1,97.0,73.0,37.0,129.0,33.4,0.354,0,young
0,83.0,55.0,15.0,77.0,19.1,0.184,0,young
4,115.0,71.0,25.0,131.0,30.5,0.168,0,young
6,108.0,76.0,31.0,130.0,34.6,0.221,1,older
2,104.0,60.0,28.0,122.0,32.5,0.274,0,young
5,110.0,82.0,29.0,124.0,38.0,0.462,1,young
7,126.0,60.0,8.0,125.0,32.1,0.206,0,young
6,95.0,72.0,39.0,117.0,31.8,0.228,1,young
1,118.0,71.0,29.0,125.0,32.9,0.27,0,young
1,83.0,69.0,30.0,71.0,32.8,0.344,0,young
1,102.0,67.0,37.0,117.0,29.2,0.298,0,young
2,108.0,62.0,21.0,129.0,27.1,0.173,0,young
1,111.0,74.0,29.0,135.0,41.3,0.297,0,young
1,106.0,86.0,36.0,130.0,34.7,0.297,0,young
3,132.0,74.0,29.0,127.0,26.9,0.227,0,older
7,112.0,78.0,28.0,121.0,29.5,0.345,0,older
1,108.0,72.0,30.0,134.0,32.5,0.382,0,young
1,112.0,85.0,36.0,130.0,45.8,0.131,0,young
7,96.0,69.0,29.0,124.0,33.7,0.26,0,young
6,115.0,75.0,38.0,127.0,31.0,0.348,0,young
7,121.0,65.0,28.0,123.0,33.9,0.147,0,young
0,145.0,84.0,31.0,126.0,37.5,0.213,1,young
1,78.0,62.0,30.0,128.0,29.9,0.356,0,young
0,124.0,67.0,32.0,99.0,31.3,0.206,0,young
7,116.0,80.0,29.0,119.0,33.0,0.145,0,older
1,99.0,70.0,30.0,131.0,35.8,0.28,0,young
2,114.0,73.0,30.0,129.0,30.9,0.094,0,young
0,123.0,80.0,43.0,126.0,30.9,0.51,1,young
7,123.0,73.0,19.0,130.0,35.7,0.493,1,young
0,85.0,58.0,36.0,95.0,25.1,0.281,0,young
0,95.0,62.0,32.0,124.0,25.1,0.682,0,young
1,123.0,72.0,40.0,122.0,33.5,0.2,0,young
0,103.0,63.0,29.0,124.0,31.1,0.173,0,young
2,124.0,63.0,36.0,142.0,37.9,0.372,1,young
3,127.0,89.0,29.0,127.0,31.8,0.244,1,older
2,112.0,79.0,37.0,124.0,46.0,0.13,0,young
5,93.0,57.0,41.0,129.0,25.9,0.603,1,young
0,168.0,73.0,39.0,179.0,36.6,0.52,1,young
5,110.0,72.0,29.0,125.0,30.6,0.227,0,young
10,161.0,92.0,29.0,125.0,35.3,0.343,0,older
5,101.0,77.0,29.0,124.0,32.0,0.419,0,young
8,92.0,73.0,36.0,126.0,30.6,0.294,0,young
6,106.0,70.0,22.0,124.0,33.2,0.251,0,young
0,143.0,72.0,42.0,124.0,36.6,0.211,0,young
8,101.0,61.0,38.0,182.0,28.3,0.707,1,young
9,88.0,64.0,45.0,126.0,22.2,0.175,1,young
1,124.0,66.0,39.0,127.0,36.9,0.268,0,young
2,87.0,64.0,15.0,133.0,20.6,0.268,0,young
2,112.0,68.0,29.0,127.0,37.4,0.231,0,young
2,130.0,60.0,16.0,127.0,24.8,0.301,0,young
2,106.0,72.0,38.0,68.0,36.7,0.253,0,young
1,82.0,71.0,30.0,124.0,30.4,0.324,0,young
1,120.0,71.0,23.0,133.0,30.4,0.657,0,young
0,129.0,69.0,29.0,126.0,32.2,0.281,0,young
3,102.0,67.0,29.0,129.0,31.8,0.157,1,young
13,96.0,77.0,28.0,137.0,29.8,0.261,0,older
10,112.0,72.0,36.0,130.0,33.4,0.413,1,older
0,95.0,65.0,37.0,76.0,34.4,0.707,0,young
2,88.0,69.0,29.0,121.0,28.6,0.247,0,young
6,110.0,65.0,30.0,131.0,25.7,0.23,0,young
2,131.0,76.0,20.0,134.0,38.5,0.292,0,older
3,113.0,76.0,31.0,120.0,24.1,0.307,0,young
1,110.0,72.0,17.0,123.0,30.2,0.486,0,young
1,117.0,93.0,38.0,124.0,30.4,0.407,0,older
5,120.0,78.0,29.0,123.0,28.3,0.35,0,older
3,104.0,71.0,25.0,122.0,25.2,0.222,0,young
2,74.0,63.0,34.0,50.0,29.0,0.264,0,young
5,123.0,70.0,14.0,130.0,39.2,0.299,1,young
1,103.0,73.0,25.0,39.0,36.3,0.166,0,young
3,99.0,70.0,41.0,51.0,43.9,0.285,0,young
1,63.0,71.0,29.0,123.0,29.7,0.233,0,young
8,100.0,60.0,28.0,123.0,24.9,0.084,0,older
2,93.0,58.0,33.0,125.0,33.6,0.221,0,young
1,111.0,79.0,30.0,131.0,33.4,0.209,0,young
0,105.0,77.0,29.0,65.0,30.7,0.337,0,young
6,125.0,74.0,29.0,131.0,33.2,0.114,1,older
1,112.0,63.0,29.0,122.0,33.7,0.211,0,young
2,100.0,75.0,30.0,122.0,41.3,0.303,0,young
3,103.0,67.0,23.0,123.0,32.5,0.232,0,young
4,132.0,67.0,29.0,131.0,34.8,0.344,1,older
0,85.0,73.0,42.0,124.0,38.3,0.239,0,young
0,120.0,76.0,31.0,126.0,32.3,0.524,0,young
5,119.0,69.0,29.0,114.0,27.3,0.213,0,young
1,96.0,74.0,34.0,203.0,42.3,0.155,0,young
2,100.0,69.0,23.0,202.0,33.8,0.641,1,young
8,89.0,71.0,29.0,130.0,28.5,0.231,0,older
1,116.0,71.0,28.0,129.0,37.2,0.275,0,young
10,117.0,58.0,43.0,126.0,30.0,0.296,0,young
2,132.0,76.0,37.0,158.0,34.4,0.415,1,young
2,112.0,65.0,34.0,118.0,37.3,0.205,0,young
11,117.0,72.0,30.0,131.0,38.0,0.18,0,young
1,80.0,65.0,33.0,85.0,34.1,0.168,0,young
8,96.0,67.0,28.0,127.0,27.1,0.286,0,older
4,106.0,65.0,31.0,120.0,36.8,0.204,0,young
2,88.0,69.0,28.0,132.0,31.0,0.293,1,older
7,158.0,75.0,30.0,128.0,29.0,0.202,0,older
1,81.0,67.0,35.0,87.0,34.4,0.235,0,young
1,81.0,52.0,32.0,50.0,28.4,0.329,0,young
5,87.0,60.0,41.0,130.0,28.3,0.254,1,young
12,142.0,84.0,22.0,123.0,31.8,0.251,1,older
9,110.0,84.0,31.0,121.0,33.3,0.165,1,older
11,85.0,82.0,28.0,122.0,34.4,0.269,1,older
5,66.0,56.0,29.0,99.0,32.2,0.332,0,young
11,171.0,86.0,28.0,122.0,35.2,0.187,1,older
1,126.0,72.0,30.0,123.0,50.3,0.341,1,young
0,105.0,66.0,31.0,129.0,26.2,0.273,1,young
1,109.0,73.0,30.0,132.0,24.6,0.192,0,young
11,111.0,86.0,39.0,125.0,27.4,0.571,1,older
1,102.0,81.0,30.0,130.0,35.4,0.295,0,young
1,78.0,65.0,34.0,30.0,28.7,0.219,0,young
9,120.0,69.0,39.0,127.0,35.2,0.084,1,older
2,78.0,82.0,30.0,132.0,35.0,0.227,0,older
5,100.0,69.0,30.0,119.0,31.6,0.139,0,older
2,109.0,73.0,30.0,129.0,35.7,0.101,0,young
0,119.0,71.0,27.0,125.0,27.2,0.561,0,young
2,144.0,63.0,39.0,196.0,29.4,0.491,0,young
5,106.0,55.0,45.0,128.0,29.9,0.097,0,young
10,56.0,67.0,30.0,126.0,28.4,0.335,0,young
1,118.0,67.0,29.0,118.0,29.8,0.253,0,young
6,163.0,73.0,33.0,126.0,38.0,0.437,1,older
1,109.0,57.0,35.0,105.0,32.7,0.168,0,young
1,56.0,75.0,37.0,57.0,34.1,0.266,0,young
1,94.0,80.0,46.0,58.0,33.9,0.232,0,young
1,98.0,56.0,18.0,129.0,29.9,0.192,0,young
5,126.0,78.0,28.0,134.0,24.7,0.145,0,older
1,107.0,69.0,29.0,135.0,26.3,0.316,0,young
10,119.0,74.0,29.0,125.0,27.0,0.192,1,older
10,74.0,88.0,29.0,131.0,37.9,0.342,1,older
7,109.0,65.0,29.0,132.0,28.4,0.155,0,young
2,120.0,59.0,17.0,126.0,29.7,0.273,0,young
1,124.0,69.0,31.0,140.0,33.3,0.199,0,young
5,112.0,78.0,30.0,129.0,32.7,0.263,0,older
8,121.0,75.0,37.0,123.0,35.6,0.343,1,older
0,97.0,69.0,29.0,122.0,32.7,0.245,0,young
1,129.0,63.0,42.0,191.0,36.6,0.304,1,young
1,128.0,86.0,50.0,125.0,43.6,0.25,0,young
0,118.0,57.0,17.0,125.0,26.7,0.248,0,young
6,119.0,77.0,39.0,126.0,36.2,0.268,1,young
2,98.0,71.0,28.0,123.0,30.1,0.275,0,young
1,84.0,59.0,29.0,106.0,34.9,0.354,0,young
0,119.0,66.0,26.0,127.0,34.3,0.147,0,young
0,132.0,79.0,28.0,132.0,29.1,0.222,0,young
1,84.0,75.0,19.0,121.0,29.1,0.14,0,young
0,110.0,74.0,32.0,50.0,39.8,0.323,0,young
7,79.0,73.0,28.0,131.0,27.0,0.175,0,young
1,118.0,57.0,30.0,241.0,26.8,0.475,0,young
2,135.0,73.0,32.0,120.0,27.9,0.364,0,young
0,93.0,57.0,32.0,73.0,38.2,0.242,0,young
0,106.0,54.0,19.0,126.0,22.4,0.309,0,young
8,104.0,75.0,30.0,126.0,34.9,0.218,0,older
0,110.0,71.0,20.0,123.0,25.7,0.24,0,young
5,177.0,72.0,33.0,122.0,33.5,0.329,1,young
9,115.0,68.0,29.0,125.0,32.1,0.193,0,older
1,130.0,76.0,18.0,118.0,29.4,0.28,0,young
1,90.0,60.0,19.0,128.0,31.9,0.257,0,young
2,128.0,94.0,27.0,118.0,30.7,0.285,0,older
6,118.0,78.0,29.0,122.0,32.4,0.278,0,older
4,103.0,74.0,41.0,123.0,26.3,0.364,1,older
9,77.0,69.0,29.0,121.0,29.6,0.131,0,young
6,86.0,53.0,29.0,127.0,26.4,0.222,0,young
1,116.0,77.0,29.0,121.0,25.5,0.317,0,young
0,133.0,76.0,49.0,133.0,31.4,0.521,0,young
2,95.0,69.0,43.0,167.0,33.5,0.66,0,young
0,111.0,70.0,32.0,88.0,27.5,0.345,0,young
1,100.0,72.0,41.0,120.0,36.1,0.471,1,young
0,73.0,63.0,31.0,120.0,27.3,0.089,0,young
7,97.0,73.0,48.0,128.0,40.4,0.249,1,young
0,139.0,67.0,36.0,124.0,32.2,0.148,0,young
1,97.0,66.0,42.0,94.0,33.8,0.317,0,young
0,131.0,77.0,29.0,131.0,31.7,0.281,0,young
1,81.0,72.0,14.0,127.0,25.2,0.295,0,young
5,95.0,66.0,42.0,127.0,31.0,0.162,1,young
0,86.0,67.0,29.0,129.0,25.9,0.298,0,young
2,101.0,64.0,29.0,123.0,27.1,0.251,0,young
5,100.0,69.0,29.0,125.0,29.0,0.354,0,young
0,111.0,73.0,30.0,127.0,29.6,0.407,0,young
8,111.0,70.0,29.0,129.0,35.1,0.14,0,older
16,114.0,81.0,40.0,129.0,42.5,0.289,1,older
11,112.0,70.0,28.0,122.0,31.6,0.227,1,older
0,111.0,69.0,32.0,78.0,30.7,0.473,0,young
2,106.0,64.0,44.0,62.0,32.4,0.148,0,young
1,109.0,69.0,30.0,129.0,31.3,0.25,0,young
1,91.0,80.0,38.0,127.0,34.9,0.639,0,young
5,62.0,90.0,36.0,127.0,33.6,0.354,0,young
0,88.0,74.0,43.0,119.0,33.6,0.238,1,young
7,104.0,87.0,30.0,120.0,31.6,0.332,0,young
11,81.0,73.0,30.0,129.0,26.7,0.292,0,older
1,98.0,67.0,26.0,83.0,30.2,0.156,0,young
0,75.0,74.0,28.0,122.0,28.8,0.209,0,young
1,101.0,77.0,30.0,168.0,25.6,0.65,0,young
8,104.0,63.0,28.0,130.0,29.3,0.161,0,older
12,86.0,75.0,32.0,122.0,23.2,0.253,0,older
2,79.0,72.0,20.0,124.0,28.1,0.143,0,young
2,92.0,72.0,31.0,75.0,33.0,0.366,0,young
1,143.0,75.0,29.0,124.0,32.1,0.343,0,young
6,141.0,75.0,33.0,123.0,34.0,0.278,1,older
8,86.0,66.0,27.0,122.0,26.2,0.264,0,young
0,120.0,67.0,29.0,126.0,29.1,0.322,0,young
1,104.0,69.0,23.0,124.0,31.3,0.301,0,young
2,98.0,62.0,39.0,129.0,29.0,0.193,0,young
1,106.0,58.0,33.0,208.0,35.4,0.65,1,young
2,79.0,68.0,29.0,125.0,41.7,0.303,0,young
1,102.0,75.0,16.0,122.0,22.2,0.216,0,young
1,86.0,61.0,33.0,131.0,32.3,0.222,0,young
10,103.0,82.0,29.0,124.0,32.8,0.251,0,older
10,127.0,86.0,39.0,128.0,29.4,0.332,1,older
0,138.0,72.0,32.0,160.0,37.5,0.466,1,young
1,122.0,65.0,37.0,126.0,27.1,0.495,0,young
5,98.0,69.0,28.0,124.0,32.4,0.196,0,young
2,115.0,73.0,30.0,120.0,34.7,0.299,1,young
1,88.0,78.0,29.0,130.0,31.0,0.311,0,young
5,122.0,73.0,28.0,131.0,27.8,0.237,0,older
0,127.0,65.0,48.0,133.0,27.9,0.238,0,young
8,165.0,80.0,28.0,126.0,26.6,0.226,1,older
8,116.0,75.0,40.0,132.0,27.4,0.261,1,young
1,96.0,65.0,29.0,120.0,28.1,0.228,0,young
0,124.0,57.0,41.0,131.0,33.7,0.241,0,young
9,121.0,65.0,37.0,134.0,25.6,0.382,0,young
7,133.0,79.0,30.0,131.0,28.0,0.251,1,older
0,105.0,81.0,46.0,122.0,36.5,0.243,0,young
2,127.0,70.0,35.0,123.0,26.9,0.213,0,young
9,132.0,90.0,33.0,161.0,34.2,0.595,1,young
0,107.0,80.0,29.0,124.0,31.1,0.173,0,young
11,150.0,75.0,29.0,131.0,34.5,0.431,1,older
0,69.0,55.0,26.0,106.0,31.9,0.285,0,young
1,145.0,62.0,30.0,178.0,35.2,0.567,1,young
5,73.0,67.0,38.0,49.0,33.5,0.182,0,young
7,131.0,77.0,34.0,127.0,33.1,0.212,1,older
5,125.0,80.0,29.0,126.0,29.4,0.18,0,young
5,118.0,74.0,42.0,117.0,28.0,0.347,1,young
0,101.0,61.0,52.0,115.0,32.0,0.392,1,young
1,166.0,75.0,43.0,206.0,34.2,0.405,1,young
11,114.0,83.0,29.0,127.0,29.4,0.342,1,older
3,130.0,77.0,39.0,128.0,36.3,0.372,1,young
1,83.0,58.0,29.0,28.0,26.1,0.345,0,young
10,92.0,78.0,29.0,120.0,28.0,0.258,0,older
2,112.0,68.0,29.0,127.0,31.9,0.107,0,young
0,104.0,57.0,42.0,51.0,36.4,0.324,0,young
1,101.0,63.0,17.0,132.0,27.5,0.244,0,young
5,88.0,76.0,29.0,123.0,32.7,0.265,0,young
2,86.0,59.0,30.0,123.0,35.8,0.204,0,young
1,112.0,71.0,14.0,119.0,23.8,0.174,0,young
5,133.0,91.0,39.0,127.0,38.3,0.355,1,older
1,103.0,70.0,44.0,174.0,32.1,0.701,0,young
3,101.0,74.0,24.0,123.0,21.3,0.28,0,young
2,128.0,72.0,29.0,124.0,35.8,0.219,0,older
1,93.0,61.0,11.0,122.0,34.0,0.228,0,young
10,100.0,72.0,28.0,125.0,31.1,0.265,0,older
1,86.0,71.0,30.0,128.0,29.1,0.255,0,young
1,117.0,62.0,15.0,132.0,18.4,0.09,0,young
9,111.0,72.0,43.0,123.0,30.0,0.214,1,older
2,68.0,69.0,33.0,40.0,35.3,0.324,0,young
1,99.0,74.0,36.0,121.0,34.2,0.314,0,young
2,83.0,65.0,37.0,119.0,29.6,0.334,0,young
13,111.0,69.0,29.0,119.0,31.8,0.19,0,older
0,113.0,55.0,42.0,208.0,37.0,0.602,0,young
10,145.0,74.0,30.0,130.0,28.4,0.203,1,older
5,98.0,63.0,30.0,126.0,31.2,0.222,0,young
0,77.0,95.0,41.0,121.0,37.6,0.257,1,young
7,115.0,87.0,30.0,126.0,32.9,0.309,1,older
1,96.0,72.0,40.0,181.0,41.0,0.379,0,young
1,109.0,67.0,35.0,118.0,37.6,0.224,0,young
1,125.0,71.0,28.0,125.0,30.5,0.253,0,young
5,95.0,63.0,19.0,43.0,28.2,0.241,0,young
2,111.0,71.0,30.0,128.0,34.4,0.197,0,young
3,87.0,68.0,39.0,125.0,31.2,0.251,0,young
6,100.0,74.0,29.0,125.0,21.2,0.21,0,young
6,101.0,75.0,30.0,127.0,29.6,0.278,1,young
1,94.0,66.0,47.0,128.0,31.9,0.235,0,young
2,116.0,66.0,28.0,125.0,33.1,0.371,0,older
1,111.0,78.0,25.0,126.0,40.9,0.319,1,young
0,97.0,66.0,36.0,94.0,24.5,0.694,0,young
2,111.0,72.0,26.0,129.0,36.3,0.219,0,young
9,125.0,67.0,29.0,126.0,30.7,0.215,0,older
1,106.0,72.0,30.0,127.0,42.6,0.333,0,young
1,111.0,73.0,31.0,128.0,31.8,0.28,0,young
8,97.0,76.0,29.0,127.0,34.5,0.279,0,young
6,123.0,81.0,28.0,128.0,31.5,0.677,1,young
8,125.0,62.0,28.0,128.0,30.9,0.128,0,young
1,87.0,67.0,18.0,121.0,18.6,0.172,0,young
5,118.0,78.0,29.0,126.0,23.6,0.259,0,older
12,105.0,70.0,27.0,125.0,26.2,0.142,1,older
1,94.0,69.0,28.0,123.0,35.6,0.209,0,young
0,128.0,64.0,32.0,236.0,29.2,0.792,1,young
5,108.0,80.0,30.0,126.0,29.3,0.209,1,older
1,110.0,69.0,40.0,65.0,32.6,0.22,0,young
7,123.0,72.0,35.0,127.0,31.0,0.182,0,young
5,125.0,88.0,26.0,127.0,29.7,0.238,1,young
3,117.0,72.0,30.0,127.0,31.6,0.241,0,older
5,95.0,60.0,12.0,131.0,30.7,0.41,0,young
0,114.0,70.0,46.0,120.0,37.9,0.572,0,young
0,139.0,69.0,44.0,50.0,34.9,0.213,0,young
2,132.0,81.0,33.0,124.0,31.4,0.241,0,young
3,107.0,59.0,29.0,131.0,29.1,0.263,0,young
9,97.0,51.0,29.0,122.0,25.9,0.179,0,young
0,106.0,72.0,35.0,124.0,31.2,0.24,0,young
2,107.0,72.0,29.0,122.0,42.0,0.293,0,young
4,81.0,74.0,28.0,129.0,35.4,0.191,0,young
10,98.0,78.0,28.0,123.0,32.7,0.156,1,older
1,87.0,63.0,32.0,83.0,31.6,0.105,0,young
2,106.0,71.0,47.0,194.0,33.3,0.443,0,young
4,106.0,80.0,36.0,127.0,33.2,0.476,1,young
1,97.0,61.0,29.0,123.0,34.8,0.31,0,young
10,105.0,86.0,35.0,126.0,29.3,0.2,0,young
2,88.0,71.0,29.0,125.0,30.7,0.21,0,young
1,119.0,79.0,33.0,156.0,37.6,0.364,1,young
6,114.0,76.0,28.0,116.0,33.3,0.147,0,older
6,185.0,79.0,42.0,130.0,39.7,0.28,1,older
9,93.0,60.0,30.0,130.0,31.4,0.189,0,older
2,114.0,70.0,28.0,128.0,28.6,0.354,0,young
0,92.0,72.0,28.0,193.0,31.0,0.594,1,young
11,99.0,81.0,31.0,127.0,38.0,0.279,1,older
2,98.0,74.0,45.0,127.0,30.2,0.266,0,young
11,92.0,87.0,40.0,124.0,36.6,0.217,1,older
1,121.0,75.0,41.0,123.0,38.8,0.339,0,young
10,114.0,80.0,29.0,136.0,27.4,0.257,0,young
2,124.0,70.0,32.0,127.0,50.1,0.185,1,young
7,164.0,76.0,32.0,127.0,33.7,0.206,1,young
6,98.0,67.0,24.0,119.0,31.6,0.297,0,young
4,84.0,55.0,27.0,130.0,26.0,0.161,0,young
0,97.0,62.0,13.0,129.0,33.9,0.121,0,young
5,124.0,72.0,36.0,123.0,32.8,0.494,1,young
9,96.0,70.0,30.0,132.0,29.1,0.191,0,young
5,101.0,72.0,27.0,122.0,36.4,0.253,0,young
1,86.0,55.0,26.0,65.0,27.0,0.357,0,young
2,105.0,58.0,36.0,128.0,32.7,0.299,0,young
1,110.0,76.0,41.0,125.0,30.5,0.268,0,young
0,129.0,80.0,47.0,119.0,34.2,0.679,0,young
0,121.0,73.0,45.0,132.0,30.5,0.181,0,young
1,109.0,77.0,18.0,123.0,24.9,0.315,0,young
5,91.0,72.0,28.0,122.0,29.1,0.46,0,older
2,89.0,62.0,31.0,64.0,35.6,0.263,0,young
2,90.0,76.0,29.0,126.0,28.7,0.332,0,young
9,119.0,81.0,25.0,128.0,30.6,0.211,1,older
1,86.0,69.0,45.0,75.0,36.5,0.382,0,young
2,106.0,67.0,39.0,86.0,23.8,0.331,0,young
2,109.0,49.0,28.0,64.0,32.7,0.492,0,young
1,117.0,73.0,15.0,130.0,21.4,0.184,0,young
5,94.0,63.0,40.0,131.0,27.3,0.325,0,young
4,105.0,75.0,28.0,128.0,36.6,0.084,0,young
1,117.0,66.0,28.0,167.0,32.9,0.511,0,young
1,104.0,67.0,29.0,122.0,36.7,0.084,0,young
1,104.0,61.0,23.0,47.0,40.0,0.375,0,young
7,96.0,64.0,28.0,126.0,29.0,0.38,0,young
1,121.0,69.0,39.0,121.0,32.4,0.245,0,young
4,98.0,61.0,25.0,126.0,32.7,0.233,0,young
5,103.0,74.0,39.0,127.0,29.9,0.142,0,older
1,124.0,65.0,35.0,121.0,26.4,0.149,0,young
1,99.0,71.0,41.0,128.0,35.0,0.527,0,young
1,98.0,62.0,29.0,120.0,34.4,0.089,0,young
0,118.0,72.0,30.0,126.0,29.9,0.246,0,young
2,115.0,61.0,27.0,124.0,21.4,0.608,0,young
2,91.0,67.0,27.0,125.0,31.6,0.336,0,young
2,103.0,75.0,29.0,120.0,35.3,0.213,0,young
7,186.0,74.0,28.0,129.0,28.0,0.084,1,older
9,183.0,89.0,38.0,136.0,36.5,0.201,1,older
7,98.0,73.0,23.0,132.0,29.6,0.441,0,young
1,114.0,72.0,32.0,128.0,30.0,0.451,0,young
0,102.0,71.0,45.0,182.0,32.6,0.289,0,young
1,94.0,62.0,29.0,123.0,31.3,0.209,1,young
1,132.0,84.0,35.0,195.0,35.6,0.589,1,young
0,106.0,77.0,40.0,124.0,33.8,0.646,1,young
2,173.0,70.0,32.0,187.0,33.7,0.438,1,young
5,121.0,83.0,32.0,129.0,28.0,0.136,1,older
2,113.0,63.0,28.0,123.0,34.8,0.158,0,young
9,103.0,76.0,29.0,127.0,28.8,0.298,1,older
4,134.0,79.0,26.0,373.0,44.8,0.681,1,older
9,167.0,80.0,25.0,129.0,38.1,0.252,1,young
4,101.0,61.0,30.0,130.0,32.0,0.2,0,young
4,102.0,77.0,34.0,124.0,29.6,0.173,0,older
5,113.0,63.0,30.0,126.0,34.2,0.272,0,older
12,68.0,80.0,37.0,125.0,38.8,0.253,1,older
8,109.0,64.0,29.0,130.0,22.2,0.226,0,older
0,114.0,71.0,28.0,116.0,25.3,0.164,0,young
11,94.0,65.0,27.0,128.0,37.6,0.197,0,young
3,84.0,67.0,40.0,132.0,36.9,0.259,0,young
0,118.0,66.0,13.0,125.0,27.0,0.262,0,young
6,85.0,72.0,31.0,122.0,33.8,0.31,0,young
9,169.0,75.0,42.0,134.0,26.1,0.277,1,older
9,107.0,81.0,29.0,127.0,37.4,0.271,1,older
10,112.0,78.0,22.0,127.0,36.5,0.351,1,young
8,118.0,63.0,29.0,117.0,30.1,0.276,0,older
8,123.0,97.0,32.0,127.0,36.2,0.261,1,older
0,122.0,81.0,22.0,124.0,18.8,0.118,0,young
8,127.0,77.0,31.0,123.0,28.7,0.441,1,young
2,100.0,84.0,36.0,128.0,33.9,0.276,1,young
5,87.0,72.0,28.0,134.0,36.3,0.26,0,older
4,92.0,66.0,28.0,91.0,32.7,0.117,0,young
1,108.0,69.0,41.0,122.0,39.5,0.147,0,young
2,115.0,70.0,17.0,46.0,28.6,0.084,0,young
9,93.0,62.0,29.0,119.0,34.1,0.213,0,older
2,114.0,66.0,26.0,124.0,34.3,0.302,0,young
9,174.0,77.0,35.0,339.0,35.7,0.686,1,older
4,119.0,64.0,23.0,177.0,39.3,0.6,1,young
5,113.0,70.0,29.0,124.0,21.1,0.284,0,older
1,142.0,72.0,41.0,188.0,41.4,0.292,1,young
6,98.0,67.0,17.0,126.0,22.7,0.247,0,older
5,137.0,84.0,30.0,127.0,41.4,0.23,1,young
6,130.0,67.0,48.0,123.0,31.2,0.118,1,young
2,99.0,67.0,16.0,122.0,30.4,0.287,0,young
12,127.0,74.0,37.0,130.0,34.4,0.164,1,older
6,80.0,62.0,30.0,129.0,26.2,0.297,0,young
9,61.0,61.0,28.0,122.0,21.5,0.256,0,young
1,117.0,80.0,21.0,125.0,29.6,0.323,0,young
9,154.0,79.0,29.0,124.0,34.0,0.248,1,older
1,164.0,88.0,36.0,127.0,39.1,0.27,1,young
1,124.0,71.0,30.0,125.0,36.5,0.165,0,young
10,133.0,81.0,30.0,125.0,35.1,0.164,1,older
0,95.0,64.0,28.0,131.0,39.2,0.188,0,young
6,87.0,72.0,32.0,125.0,32.3,0.27,0,young
8,126.0,85.0,29.0,120.0,32.4,0.264,0,older
1,84.0,52.0,33.0,207.0,30.1,0.337,0,young
1,111.0,69.0,29.0,125.0,30.6,0.143,0,young
2,106.0,63.0,28.0,129.0,38.9,0.243,0,young
1,136.0,83.0,28.0,118.0,24.0,0.205,0,young
1,107.0,61.0,32.0,113.0,30.6,0.267,0,young
7,87.0,64.0,29.0,125.0,32.9,0.321,0,young
2,115.0,72.0,34.0,131.0,30.8,0.249,0,young
1,90.0,69.0,37.0,85.0,31.2,0.442,0,young
3,121.0,67.0,30.0,122.0,29.4,0.367,0,young
1,108.0,83.0,39.0,132.0,39.8,0.222,1,young
9,99.0,72.0,32.0,124.0,33.5,0.268,0,older
1,120.0,87.0,30.0,130.0,32.5,0.288,0,young
1,83.0,60.0,19.0,127.0,22.9,0.234,0,young
1,101.0,70.0,24.0,129.0,31.0,0.104,0,young
1,124.0,62.0,28.0,113.0,23.3,0.231,0,young
8,98.0,76.0,28.0,126.0,33.2,0.357,0,older
2,96.0,74.0,28.0,131.0,36.1,0.285,0,young
1,112.0,72.0,47.0,120.0,36.9,0.263,0,young
9,134.0,86.0,34.0,127.0,34.4,0.204,1,older
1,89.0,66.0,18.0,63.0,35.3,0.191,0,young
3,82.0,69.0,31.0,128.0,30.6,0.16,0,young
1,105.0,85.0,35.0,170.0,31.8,0.758,1,young
1,145.0,75.0,29.0,123.0,30.8,0.188,0,young
0,132.0,83.0,29.0,127.0,29.2,0.191,0,young
6,108.0,81.0,30.0,123.0,31.5,0.279,1,young
5,83.0,79.0,30.0,123.0,34.6,0.266,0,young
7,180.0,78.0,33.0,127.0,32.6,0.351,1,older
1,107.0,72.0,30.0,123.0,27.5,0.286,0,young
3,98.0,62.0,29.0,127.0,28.9,0.232,0,young
8,113.0,69.0,29.0,131.0,30.9,0.248,0,older
0,90.0,80.0,23.0,65.0,31.5,0.24,0,young
0,91.0,73.0,31.0,131.0,29.8,0.2,0,young
0,112.0,69.0,10.0,125.0,24.6,0.276,0,young
6,157.0,86.0,28.0,126.0,39.2,0.229,1,older
1,85.0,72.0,34.0,127.0,31.8,0.35,0,young
3,80.0,59.0,42.0,56.0,31.1,0.339,0,young
9,115.0,79.0,30.0,123.0,31.2,0.207,0,older
0,88.0,80.0,28.0,121.0,36.5,0.25,0,young
0,85.0,64.0,41.0,136.0,31.0,0.306,0,young
9,108.0,74.0,28.0,121.0,35.9,0.198,1,young
1,86.0,59.0,35.0,128.0,33.4,0.153,0,young
0,84.0,83.0,24.0,87.0,32.4,0.369,0,young
1,108.0,80.0,38.0,130.0,49.8,0.17,1,young
4,104.0,61.0,35.0,124.0,29.7,0.384,1,older
6,134.0,68.0,31.0,129.0,33.4,0.329,1,young
2,115.0,75.0,53.0,119.0,34.4,0.221,0,young
10,98.0,79.0,27.0,125.0,39.0,0.252,1,older
6,102.0,76.0,13.0,129.0,27.9,0.196,0,young
2,92.0,58.0,23.0,62.0,33.1,0.336,0,young
7,110.0,71.0,29.0,123.0,31.4,0.297,1,older
0,100.0,51.0,34.0,71.0,21.7,0.244,0,young
8,165.0,85.0,32.0,125.0,20.8,0.25,1,older
2,81.0,73.0,34.0,126.0,31.8,0.299,0,young
1,117.0,66.0,21.0,129.0,23.3,0.711,0,young
2,102.0,85.0,29.0,120.0,25.1,0.306,0,young
2,91.0,63.0,29.0,29.0,28.3,0.303,0,young
1,102.0,61.0,27.0,123.0,31.2,0.173,0,young
4,81.0,77.0,30.0,128.0,29.3,0.272,0,older
1,100.0,62.0,28.0,115.0,35.0,0.22,0,young
6,92.0,67.0,28.0,128.0,29.9,0.375,0,older
1,102.0,76.0,33.0,127.0,37.9,0.165,1,young
1,101.0,72.0,29.0,119.0,28.9,0.337,0,older
1,94.0,62.0,34.0,72.0,33.7,0.181,0,young
2,118.0,71.0,29.0,121.0,27.2,0.316,0,young
7,120.0,76.0,30.0,124.0,31.3,0.267,1,young
1,113.0,70.0,29.0,119.0,38.7,0.161,0,young
8,120.0,68.0,38.0,134.0,32.4,0.122,1,older
1,119.0,75.0,25.0,70.0,28.6,0.29,0,young
1,97.0,67.0,22.0,75.0,25.7,0.245,0,young
2,91.0,80.0,34.0,124.0,32.5,0.28,1,young
0,102.0,75.0,25.0,184.0,36.5,0.651,0,young
6,91.0,76.0,29.0,118.0,28.9,0.268,0,young
9,140.0,84.0,23.0,121.0,33.8,0.34,1,older
6,87.0,54.0,12.0,125.0,21.7,0.182,0,young
3,129.0,90.0,36.0,126.0,31.5,0.29,1,older
0,123.0,76.0,29.0,131.0,23.5,0.276,0,young
6,96.0,68.0,29.0,128.0,31.7,0.281,0,older
10,143.0,72.0,31.0,121.0,31.3,0.223,1,older
0,102.0,64.0,19.0,122.0,31.2,0.298,0,young
2,112.0,74.0,30.0,133.0,32.5,0.275,0,young
2,108.0,67.0,44.0,119.0,33.9,0.228,1,young
1,113.0,62.0,39.0,120.0,30.2,0.297,0,young
4,93.0,73.0,28.0,119.0,32.4,0.241,0,young
7,93.0,82.0,29.0,125.0,24.8,0.291,0,older
3,119.0,64.0,34.0,181.0,34.4,0.606,1,young
7,112.0,80.0,40.0,121.0,34.3,0.315,0,young
1,131.0,64.0,40.0,132.0,35.6,0.373,1,young
2,106.0,67.0,38.0,127.0,29.0,0.148,0,young
7,119.0,65.0,36.0,128.0,34.7,0.533,1,young
2,113.0,83.0,16.0,126.0,27.7,0.299,0,young
5,86.0,82.0,32.0,124.0,33.6,0.176,0,older
10,104.0,75.0,29.0,122.0,30.3,0.323,0,older
6,107.0,68.0,35.0,117.0,28.4,0.154,1,young
2,91.0,75.0,30.0,125.0,33.2,0.208,0,young
7,84.0,71.0,34.0,121.0,29.8,0.236,0,young
1,117.0,72.0,46.0,123.0,37.2,0.103,0,young
9,155.0,72.0,29.0,122.0,36.0,0.211,1,older
1,111.0,73.0,36.0,121.0,36.7,0.35,1,young
7,148.0,78.0,25.0,122.0,35.0,0.405,1,older
1,103.0,79.0,29.0,130.0,33.0,0.338,0,young
1,126.0,76.0,34.0,124.0,30.6,0.226,1,young
12,100.0,78.0,29.0,121.0,23.7,0.191,0,older
5,101.0,78.0,28.0,127.0,25.2,0.33,1,young
1,119.0,67.0,46.0,111.0,31.3,0.182,0,young
2,107.0,68.0,30.0,133.0,33.5,0.138,0,young
2,89.0,78.0,15.0,125.0,29.4,0.102,0,young
6,97.0,90.0,29.0,197.0,38.3,0.571,1,young
1,105.0,75.0,33.0,177.0,37.0,0.307,0,young
3,91.0,73.0,29.0,129.0,34.4,0.104,0,older
9,96.0,74.0,30.0,127.0,37.6,0.085,0,young
0,103.0,69.0,16.0,39.0,32.3,0.337,0,young
4,103.0,83.0,29.0,120.0,29.8,0.19,0,older
1,116.0,58.0,8.0,60.0,23.6,0.245,0,young
1,80.0,70.0,29.0,128.0,39.6,0.217,0,young
1,81.0,62.0,16.0,101.0,32.8,0.306,0,young
8,98.0,79.0,29.0,125.0,42.8,0.296,0,older
1,104.0,63.0,45.0,142.0,38.9,0.408,0,young
13,109.0,80.0,27.0,120.0,32.3,0.133,1,older
7,99.0,59.0,29.0,125.0,30.9,0.303,0,young
2,118.0,69.0,26.0,127.0,28.9,0.237,0,young
2,86.0,59.0,14.0,48.0,33.8,0.141,0,young
1,127.0,76.0,48.0,97.0,35.1,0.204,0,young
2,98.0,60.0,11.0,104.0,22.0,0.317,0,young
10,117.0,67.0,29.0,127.0,30.8,0.213,0,older
0,113.0,77.0,34.0,201.0,30.8,0.509,1,young
7,107.0,60.0,28.0,119.0,33.7,0.215,1,older
2,86.0,57.0,29.0,116.0,33.5,0.261,0,young
1,102.0,59.0,29.0,130.0,33.2,0.37,0,young
2,117.0,71.0,39.0,196.0,34.3,0.599,1,young
0,87.0,62.0,36.0,129.0,36.0,0.252,0,young
1,103.0,58.0,35.0,127.0,35.4,0.342,0,young
0,86.0,71.0,13.0,122.0,24.3,0.297,0,young
0,122.0,75.0,29.0,130.0,32.4,0.321,0,young
3,114.0,77.0,30.0,126.0,28.9,0.168,0,young
0,92.0,74.0,41.0,118.0,35.0,0.372,0,young
5,112.0,72.0,29.0,126.0,35.0,0.301,0,young
10,107.0,81.0,29.0,123.0,28.1,0.169,0,older
7,129.0,67.0,24.0,126.0,31.6,0.167,1,older
8,111.0,70.0,29.0,120.0,40.4,0.189,0,older
5,102.0,91.0,32.0,125.0,34.4,0.355,1,older
5,94.0,74.0,30.0,127.0,26.8,0.201,0,older
0,110.0,71.0,33.0,120.0,33.2,0.255,0,young
13,111.0,59.0,30.0,128.0,38.7,0.177,0,older
2,110.0,71.0,30.0,133.0,33.4,0.305,0,older
14,107.0,69.0,29.0,124.0,23.4,0.34,0,older
9,130.0,87.0,41.0,122.0,34.3,0.729,1,older
2,100.0,69.0,30.0,130.0,29.0,0.202,0,young
1,88.0,67.0,28.0,128.0,28.2,0.154,0,young
11,128.0,75.0,29.0,127.0,26.7,0.207,1,older
5,84.0,71.0,31.0,58.0,29.5,0.39,1,older
5,89.0,70.0,33.0,120.0,29.1,0.116,0,young
2,102.0,69.0,43.0,210.0,32.3,0.254,0,young
1,96.0,73.0,30.0,127.0,26.9,0.155,0,young
5,116.0,74.0,38.0,126.0,29.1,0.183,0,young
9,113.0,89.0,29.0,116.0,32.9,0.182,1,older
0,117.0,64.0,37.0,131.0,36.3,0.265,0,young
7,121.0,82.0,29.0,126.0,21.8,0.29,1,older
6,106.0,72.0,30.0,124.0,34.7,0.188,1,older
10,118.0,74.0,28.0,128.0,26.6,0.24,0,older
9,94.0,71.0,33.0,127.0,32.0,0.414,0,older
1,110.0,69.0,36.0,125.0,24.2,0.492,0,young
5,82.0,52.0,28.0,122.0,32.1,0.304,0,young
1,91.0,68.0,15.0,58.0,30.0,0.281,0,young
10,140.0,77.0,21.0,125.0,38.2,0.223,0,older
2,101.0,64.0,28.0,125.0,33.6,0.272,0,older
9,103.0,68.0,30.0,127.0,25.9,0.374,1,older
1,106.0,67.0,15.0,125.0,23.1,0.46,0,young
1,117.0,68.0,39.0,121.0,36.7,0.426,0,young
8,103.0,64.0,28.0,129.0,33.1,0.235,0,young
13,110.0,72.0,33.0,126.0,32.1,0.248,1,older
1,123.0,69.0,35.0,124.0,31.5,0.16,1,young
0,99.0,65.0,13.0,124.0,32.3,0.111,0,young
2,98.0,58.0,22.0,42.0,33.1,0.246,0,young
7,119.0,76.0,31.0,124.0,41.8,0.332,1,young
6,88.0,79.0,29.0,129.0,35.7,0.289,0,older
6,103.0,75.0,31.0,133.0,24.2,0.231,0,young
11,116.0,72.0,29.0,126.0,30.0,0.19,1,older
6,173.0,80.0,48.0,124.0,41.4,0.213,1,older
0,119.0,74.0,29.0,126.0,26.9,0.329,0,young
0,92.0,74.0,29.0,125.0,27.5,0.181,0,young
0,97.0,66.0,27.0,127.0,24.7,0.294,0,young
0,119.0,71.0,33.0,193.0,31.0,0.342,0,young
1,87.0,65.0,28.0,131.0,30.3,0.157,0,young
11,81.0,66.0,31.0,124.0,33.7,0.168,0,older
1,138.0,77.0,32.0,122.0,31.9,0.555,1,young
0,79.0,68.0,34.0,28.0,28.9,0.178,0,young
10,117.0,76.0,34.0,132.0,38.8,0.213,0,young
5,87.0,58.0,30.0,119.0,28.1,0.213,0,older
11,108.0,80.0,36.0,121.0,31.3,0.267,0,older
9,103.0,63.0,29.0,123.0,34.2,0.415,0,older
1,70.0,65.0,30.0,123.0,31.1,0.282,0,young
9,151.0,80.0,37.0,132.0,28.0,0.122,1,older
5,95.0,83.0,30.0,118.0,30.5,0.269,0,older
2,101.0,62.0,36.0,88.0,34.0,0.295,0,young
2,98.0,74.0,22.0,59.0,34.0,0.229,0,young
0,91.0,74.0,11.0,51.0,29.0,0.197,0,young
1,102.0,76.0,22.0,175.0,40.1,0.541,0,young
3,104.0,52.0,21.0,120.0,32.4,0.25,0,young
1,70.0,81.0,31.0,132.0,26.5,0.389,0,young
0,113.0,79.0,49.0,124.0,34.3,0.429,1,young
1,108.0,72.0,37.0,177.0,37.4,0.776,1,young
2,101.0,73.0,31.0,126.0,28.5,0.169,0,young
1,143.0,69.0,32.0,126.0,36.2,0.236,0,young
6,73.0,58.0,28.0,98.0,24.9,0.273,0,young
1,97.0,61.0,15.0,65.0,23.8,0.284,0,young
1,127.0,65.0,34.0,127.0,35.3,0.208,1,young
10,140.0,72.0,31.0,125.0,34.7,0.239,1,older
7,90.0,79.0,29.0,126.0,30.2,0.208,0,young
9,94.0,73.0,22.0,130.0,32.0,0.216,0,young
0,73.0,66.0,27.0,119.0,31.6,0.406,0,young
9,80.0,74.0,18.0,121.0,21.9,0.248,0,young
1,113.0,58.0,27.0,65.0,33.7,0.335,0,young
7,121.0,72.0,18.0,124.0,28.2,0.178,0,young
8,110.0,87.0,27.0,134.0,38.3,0.235,1,older
5,196.0,92.0,45.0,555.0,39.4,0.473,1,young
0,138.0,69.0,40.0,125.0,31.1,0.266,0,young
1,101.0,73.0,37.0,124.0,36.1,0.168,0,young
6,87.0,76.0,19.0,124.0,31.1,0.331,0,young
2,92.0,60.0,29.0,115.0,34.1,0.202,0,young
1,112.0,56.0,28.0,133.0,25.6,0.294,0,young
0,91.0,55.0,12.0,94.0,22.6,0.545,0,young
10,113.0,80.0,28.0,124.0,31.8,0.344,0,young
1,108.0,71.0,24.0,174.0,34.3,0.258,0,young
0,128.0,77.0,39.0,133.0,37.1,0.288,1,young
6,127.0,68.0,33.0,129.0,30.0,0.186,1,young
11,113.0,68.0,30.0,132.0,30.6,0.383,1,older
1,87.0,64.0,30.0,125.0,36.5,0.092,0,young
10,101.0,77.0,29.0,127.0,29.7,0.176,0,young
1,98.0,72.0,34.0,131.0,28.3,0.39,1,young
10,134.0,79.0,47.0,118.0,32.3,0.234,1,older
0,80.0,65.0,26.0,65.0,28.2,0.244,0,young
2,107.0,62.0,43.0,121.0,32.9,0.157,0,young
6,173.0,76.0,40.0,127.0,37.5,0.181,1,older
8,101.0,62.0,27.0,128.0,24.5,0.179,0,older
1,79.0,63.0,22.0,101.0,32.3,0.308,0,young
4,71.0,85.0,29.0,125.0,36.8,0.269,0,young
1,109.0,70.0,35.0,119.0,32.2,0.179,0,young
1,93.0,66.0,27.0,118.0,34.0,0.175,0,young
0,99.0,77.0,19.0,126.0,22.0,0.231,0,young
0,112.0,79.0,39.0,124.0,36.3,0.252,0,young
1,152.0,88.0,45.0,122.0,33.2,0.313,1,older
1,91.0,80.0,30.0,206.0,45.1,0.53,1,young
0,92.0,62.0,30.0,126.0,25.4,0.399,0,young
1,93.0,61.0,25.0,97.0,25.6,0.255,0,young
1,78.0,77.0,30.0,123.0,31.8,0.251,0,young
3,115.0,83.0,30.0,121.0,40.0,0.285,1,older
9,90.0,83.0,30.0,125.0,45.9,0.247,0,older
3,111.0,75.0,29.0,128.0,32.9,0.377,0,young
6,143.0,78.0,33.0,132.0,34.7,0.237,1,young
1,139.0,76.0,22.0,127.0,34.8,0.237,0,young
9,74.0,70.0,28.0,130.0,25.2,0.334,0,young
1,85.0,85.0,30.0,131.0,42.7,0.394,1,young
1,105.0,70.0,47.0,36.0,31.4,0.172,1,young
4,85.0,84.0,34.0,126.0,46.7,0.495,1,older
3,144.0,80.0,30.0,127.0,37.7,0.319,1,young
2,116.0,87.0,20.0,122.0,28.5,0.31,0,young
7,105.0,66.0,20.0,124.0,25.0,0.223,0,young
1,122.0,63.0,29.0,124.0,36.2,0.165,0,young
2,98.0,83.0,29.0,125.0,29.1,0.153,0,young
0,111.0,79.0,24.0,119.0,25.8,0.479,0,young
1,81.0,73.0,28.0,123.0,29.4,0.17,0,young
4,80.0,75.0,35.0,126.0,31.6,0.264,0,older
1,130.0,79.0,30.0,121.0,31.7,0.371,1,young
6,124.0,72.0,26.0,127.0,27.2,0.201,1,older
11,121.0,68.0,30.0,131.0,37.5,0.276,1,older
5,98.0,73.0,20.0,126.0,31.2,0.282,0,young
4,118.0,88.0,32.0,125.0,32.7,0.316,1,older
1,95.0,72.0,31.0,26.0,36.9,0.604,0,young
2,85.0,66.0,15.0,131.0,30.7,0.308,0,young
1,122.0,70.0,36.0,120.0,43.5,0.213,0,young
12,113.0,74.0,30.0,121.0,32.6,0.368,1,older
1,95.0,75.0,38.0,130.0,35.1,0.091,0,young
11,91.0,71.0,28.0,130.0,35.4,0.199,0,older
0,100.0,72.0,35.0,162.0,31.8,0.761,1,young
6,98.0,72.0,30.0,130.0,36.5,0.295,1,older
0,107.0,71.0,23.0,130.0,25.8,0.315,0,young
1,104.0,72.0,29.0,123.0,32.1,0.339,0,young
2,101.0,73.0,30.0,119.0,26.4,0.271,0,young
0,92.0,66.0,15.0,127.0,30.7,0.186,0,young
5,100.0,74.0,35.0,125.0,36.7,0.217,1,older
2,103.0,59.0,32.0,232.0,34.9,0.527,0,young
2,120.0,70.0,33.0,124.0,33.3,0.197,0,young
0,96.0,78.0,45.0,130.0,44.0,0.245,0,young
2,99.0,72.0,32.0,129.0,33.4,0.349,0,young
1,106.0,64.0,28.0,122.0,25.5,0.231,0,young
9,117.0,66.0,23.0,124.0,28.8,0.292,1,older
8,83.0,81.0,30.0,121.0,30.1,0.262,0,young
4,94.0,54.0,12.0,23.0,26.8,0.465,0,young
8,165.0,78.0,43.0,123.0,31.8,0.273,1,older
1,93.0,78.0,35.0,124.0,34.9,0.268,0,young
7,134.0,77.0,28.0,125.0,31.2,0.12,1,older
1,105.0,67.0,19.0,123.0,23.9,0.084,0,young
10,92.0,70.0,29.0,126.0,33.2,0.21,0,older
2,103.0,83.0,29.0,130.0,38.6,0.3,0,young
6,103.0,84.0,35.0,123.0,28.6,0.216,1,older
0,78.0,81.0,29.0,136.0,31.9,0.142,0,young
0,88.0,69.0,30.0,125.0,30.9,0.219,0,young
6,89.0,77.0,29.0,131.0,31.2,0.231,0,older
1,114.0,64.0,30.0,127.0,36.0,0.35,0,young
4,124.0,78.0,30.0,132.0,31.5,0.302,1,older
9,96.0,68.0,29.0,124.0,26.5,0.247,0,young
10,109.0,71.0,41.0,124.0,29.9,0.117,0,young
0,103.0,68.0,35.0,86.0,30.3,0.416,0,young
2,91.0,77.0,35.0,78.0,29.1,0.275,0,young
1,117.0,63.0,28.0,37.0,31.9,0.445,0,young
1,133.0,72.0,39.0,129.0,32.6,0.253,1,young
7,114.0,79.0,30.0,134.0,32.4,0.294,0,young
3,89.0,72.0,30.0,124.0,29.0,0.164,0,young
1,92.0,73.0,28.0,125.0,31.0,0.203,0,young
6,138.0,66.0,31.0,114.0,36.6,0.315,1,older
2,96.0,69.0,34.0,76.0,37.4,0.283,0,young
1,104.0,71.0,33.0,191.0,35.4,0.574,0,young
0,101.0,74.0,30.0,120.0,31.5,0.157,0,young
1,104.0,79.0,14.0,54.0,25.3,0.227,0,young
1,118.0,76.0,41.0,120.0,48.2,0.669,0,young
8,134.0,79.0,28.0,132.0,32.6,0.335,0,older
7,89.0,46.0,30.0,130.0,31.0,0.086,0,young
0,97.0,80.0,30.0,210.0,42.3,0.605,1,young
1,108.0,82.0,29.0,125.0,43.2,0.172,0,young
3,115.0,66.0,28.0,125.0,32.7,0.295,0,young
2,139.0,73.0,24.0,77.0,35.3,0.428,0,young
2,129.0,70.0,26.0,127.0,28.3,0.287,0,young
1,81.0,68.0,45.0,128.0,33.3,0.3,0,young
5,114.0,78.0,29.0,132.0,26.4,0.223,0,young
1,117.0,67.0,21.0,53.0,25.4,0.272,0,young
3,109.0,70.0,29.0,124.0,30.0,0.311,1,older
1,118.0,65.0,32.0,168.0,29.7,0.366,1,older
1,147.0,66.0,30.0,129.0,33.9,0.324,0,young
4,93.0,76.0,28.0,123.0,36.3,0.144,0,older
3,107.0,72.0,28.0,127.0,31.9,0.175,0,young
6,109.0,78.0,36.0,124.0,30.6,0.261,1,older
1,69.0,55.0,11.0,128.0,26.1,0.32,0,young
0,86.0,65.0,9.0,125.0,23.9,0.207,0,young
9,104.0,79.0,52.0,116.0,34.0,0.299,1,older
4,110.0,57.0,50.0,131.0,28.9,0.196,0,young
1,78.0,62.0,33.0,53.0,35.9,0.703,0,young
8,117.0,70.0,29.0,126.0,39.4,0.244,0,older
6,87.0,60.0,22.0,125.0,27.2,0.298,0,young
0,92.0,75.0,27.0,123.0,39.5,0.654,1,young
0,98.0,66.0,15.0,122.0,19.3,0.332,0,young
0,112.0,59.0,29.0,100.0,35.9,0.239,0,young
2,123.0,75.0,46.0,208.0,36.8,0.349,0,young
3,96.0,61.0,20.0,123.0,33.2,0.295,0,young
3,125.0,68.0,29.0,124.0,26.5,0.222,0,young
2,102.0,53.0,29.0,130.0,31.8,0.181,0,young
11,129.0,74.0,29.0,129.0,29.1,0.167,0,older
7,114.0,69.0,28.0,123.0,34.0,0.152,0,young
2,114.0,53.0,21.0,76.0,28.1,0.363,0,young
0,120.0,65.0,31.0,119.0,40.2,0.284,1,older
6,114.0,79.0,27.0,130.0,34.7,0.178,0,older
5,175.0,89.0,36.0,126.0,30.5,0.358,1,older
0,84.0,67.0,20.0,105.0,34.6,0.207,0,young
1,77.0,62.0,47.0,128.0,34.4,0.22,0,young
6,95.0,71.0,30.0,126.0,35.4,0.186,0,young
3,118.0,55.0,35.0,130.0,34.6,0.32,1,older
0,102.0,64.0,32.0,126.0,33.6,0.268,0,young
0,67.0,65.0,41.0,128.0,40.3,0.19,0,young
2,102.0,43.0,20.0,32.0,26.1,0.353,0,young
5,181.0,89.0,38.0,124.0,28.8,0.399,1,older
0,101.0,64.0,24.0,196.0,30.1,0.526,0,young
1,93.0,83.0,32.0,121.0,27.3,0.192,0,young
3,125.0,67.0,29.0,129.0,26.7,0.19,0,young
0,132.0,86.0,30.0,200.0,32.1,0.31,0,young
6,88.0,71.0,28.0,124.0,33.4,0.426,0,older
1,110.0,74.0,38.0,125.0,40.2,0.324,0,young
8,124.0,80.0,49.0,127.0,38.3,0.243,1,young
12,94.0,77.0,29.0,125.0,25.0,0.231,0,older
6,86.0,77.0,28.0,130.0,30.8,0.292,0,young
1,100.0,69.0,29.0,131.0,31.9,0.253,0,young
9,108.0,87.0,33.0,123.0,34.6,0.268,1,young
1,112.0,58.0,41.0,127.0,31.7,0.133,0,young
2,76.0,72.0,11.0,61.0,32.5,0.233,0,young
1,101.0,67.0,47.0,77.0,35.8,0.338,0,young
2,87.0,72.0,37.0,81.0,31.4,0.184,0,young
5,146.0,79.0,42.0,133.0,36.4,0.297,1,older
10,101.0,66.0,28.0,121.0,22.6,0.347,0,young
0,95.0,53.0,16.0,99.0,26.8,0.24,0,young
1,100.0,75.0,37.0,124.0,37.4,0.364,0,older
4,157.0,74.0,48.0,132.0,34.9,0.248,1,young
6,115.0,71.0,30.0,132.0,28.6,0.172,0,young
2,95.0,73.0,24.0,127.0,32.1,0.297,0,young
9,103.0,60.0,19.0,132.0,24.5,0.319,0,older
9,122.0,61.0,29.0,128.0,34.9,0.252,1,older
1,114.0,69.0,37.0,124.0,36.4,0.342,0,young
5,115.0,75.0,29.0,128.0,29.5,0.305,1,older
5,110.0,84.0,33.0,128.0,36.2,0.349,1,older
2,114.0,57.0,18.0,123.0,29.6,0.102,0,young
9,90.0,67.0,34.0,128.0,31.6,0.244,1,older
6,81.0,72.0,29.0,126.0,34.0,0.288,0,older
2,111.0,70.0,24.0,121.0,40.0,0.182,0,young
10,156.0,86.0,28.0,129.0,27.9,0.289,1,older
7,115.0,90.0,28.0,122.0,36.3,0.239,1,older
0,126.0,66.0,21.0,128.0,32.0,0.266,0,young
4,117.0,65.0,38.0,127.0,34.7,0.362,1,young
2,84.0,77.0,29.0,129.0,37.7,0.376,0,young
6,80.0,77.0,30.0,125.0,34.3,0.276,0,older
1,105.0,76.0,39.0,173.0,46.9,0.52,1,young
1,82.0,72.0,17.0,66.0,30.3,0.255,0,young
0,83.0,55.0,27.0,42.0,30.4,0.473,0,young
1,98.0,66.0,37.0,44.0,29.7,0.315,0,young
8,126.0,82.0,29.0,120.0,42.1,0.166,1,older
6,109.0,75.0,46.0,117.0,31.0,0.129,0,young
10,182.0,83.0,24.0,125.0,32.4,0.207,1,older
1,115.0,88.0,28.0,129.0,24.5,0.182,0,young
8,90.0,65.0,33.0,126.0,33.5,0.179,1,young
0,105.0,76.0,40.0,119.0,36.2,0.325,0,young
9,134.0,63.0,33.0,124.0,28.6,0.223,1,older
0,111.0,81.0,29.0,126.0,35.8,0.32,0,young
1,109.0,63.0,28.0,132.0,32.2,0.106,0,young
1,122.0,64.0,29.0,124.0,29.8,0.101,0,young
2,107.0,83.0,28.0,124.0,35.8,0.203,0,young
2,81.0,65.0,36.0,125.0,33.1,0.366,0,young
6,104.0,66.0,30.0,126.0,31.9,0.22,1,older
0,105.0,66.0,17.0,129.0,22.5,0.156,0,young
0,131.0,73.0,29.0,129.0,33.0,0.299,0,young
9,98.0,71.0,27.0,123.0,28.7,0.219,0,young
1,95.0,62.0,43.0,83.0,39.4,0.311,0,young
5,120.0,58.0,15.0,118.0,29.0,0.346,0,young
0,85.0,73.0,18.0,134.0,24.6,0.348,0,young
2,99.0,68.0,29.0,125.0,35.0,0.242,0,young
9,100.0,83.0,36.0,129.0,30.9,0.302,1,older
0,89.0,65.0,47.0,130.0,37.3,0.294,0,young
4,107.0,88.0,43.0,129.0,26.1,0.207,1,young
1,93.0,69.0,28.0,127.0,32.3,0.311,0,young
0,98.0,63.0,23.0,126.0,21.0,0.18,0,young
1,91.0,62.0,13.0,125.0,34.0,0.2,0,young
2,109.0,63.0,36.0,129.0,33.3,0.253,1,young
6,101.0,64.0,31.0,127.0,30.0,0.619,1,young
2,120.0,61.0,29.0,161.0,33.5,0.721,0,young
1,98.0,61.0,30.0,129.0,35.9,0.151,0,young
5,101.0,67.0,30.0,131.0,29.0,0.188,0,young
0,103.0,80.0,32.0,129.0,28.7,0.415,0,young
6,122.0,68.0,30.0,132.0,32.3,0.322,1,young
3,110.0,89.0,38.0,130.0,38.9,0.162,0,young
1,102.0,65.0,39.0,76.0,34.5,0.232,0,young
9,122.0,61.0,30.0,130.0,34.0,0.326,1,older
1,76.0,65.0,28.0,118.0,30.4,0.298,0,young
8,152.0,79.0,34.0,335.0,35.3,0.307,1,older
6,109.0,81.0,29.0,131.0,34.6,0.208,1,older
1,98.0,62.0,36.0,133.0,29.8,0.196,0,young
4,100.0,66.0,28.0,119.0,27.9,0.221,0,young
4,142.0,63.0,33.0,124.0,30.2,0.334,1,older
0,99.0,72.0,40.0,144.0,38.8,0.671,0,young
10,99.0,84.0,30.0,128.0,29.5,0.134,0,older
4,102.0,70.0,30.0,126.0,35.4,0.267,1,young
1,124.0,72.0,30.0,122.0,34.7,0.274,0,young
2,121.0,70.0,18.0,125.0,33.4,0.366,0,young
1,101.0,68.0,38.0,130.0,28.6,0.239,0,young
2,134.0,86.0,34.0,123.0,36.2,0.239,0,young
6,93.0,57.0,29.0,121.0,25.2,0.281,0,young
0,116.0,66.0,32.0,207.0,29.8,0.587,0,young
9,107.0,79.0,29.0,127.0,28.7,0.107,1,older
2,92.0,71.0,29.0,126.0,33.4,0.358,0,young
1,71.0,67.0,37.0,85.0,32.0,0.185,0,young
5,112.0,65.0,29.0,132.0,24.5,0.329,0,young
4,119.0,87.0,30.0,124.0,30.8,0.268,1,young
1,98.0,62.0,38.0,29.0,34.3,0.542,0,young
5,84.0,68.0,28.0,127.0,25.5,0.246,0,older
8,119.0,76.0,42.0,118.0,30.5,0.362,1,young
12,112.0,68.0,30.0,123.0,27.0,0.427,0,older
2,119.0,67.0,20.0,127.0,35.7,0.248,0,young
10,137.0,68.0,36.0,132.0,34.1,0.187,0,older
10,178.0,86.0,26.0,126.0,35.5,0.274,1,older
1,107.0,79.0,48.0,126.0,29.1,0.369,0,young
0,132.0,70.0,32.0,125.0,31.9,0.183,0,young
7,89.0,81.0,29.0,125.0,33.9,0.261,0,young
1,113.0,69.0,29.0,115.0,26.6,0.201,0,young
8,103.0,64.0,29.0,123.0,31.0,0.137,1,older
0,102.0,66.0,28.0,129.0,35.7,0.38,0,young
1,102.0,72.0,45.0,120.0,24.6,0.206,0,young
8,157.0,78.0,29.0,125.0,37.3,0.227,1,older
7,123.0,78.0,29.0,129.0,28.9,0.307,0,older
4,84.0,70.0,29.0,124.0,34.8,0.189,0,older
5,84.0,64.0,30.0,77.0,30.3,0.191,0,young
4,107.0,83.0,34.0,125.0,28.1,0.269,1,young
7,88.0,64.0,26.0,123.0,31.6,0.384,0,young
11,128.0,79.0,30.0,126.0,31.9,0.251,0,young
8,109.0,86.0,28.0,130.0,32.3,0.252,0,older
1,117.0,67.0,37.0,129.0,36.4,0.198,0,young
1,122.0,79.0,28.0,123.0,27.2,0.215,0,young
7,79.0,64.0,21.0,122.0,40.0,0.193,0,young
8,77.0,71.0,29.0,124.0,25.5,0.171,0,older
1,122.0,94.0,37.0,125.0,37.9,0.431,0,young
1,96.0,58.0,44.0,46.0,30.3,0.404,0,young
1,98.0,76.0,42.0,141.0,32.3,0.303,0,young
0,110.0,70.0,18.0,57.0,21.4,0.252,0,young
4,186.0,72.0,24.0,129.0,34.2,0.569,1,young
0,102.0,70.0,29.0,123.0,37.8,0.335,0,young
0,128.0,64.0,28.0,126.0,33.5,0.579,0,young
9,101.0,58.0,18.0,124.0,25.5,0.102,0,young
1,93.0,57.0,31.0,87.0,21.6,0.486,0,young
5,99.0,72.0,29.0,121.0,31.0,0.247,0,young
2,86.0,59.0,28.0,80.0,29.6,0.392,0,young
1,84.0,68.0,44.0,122.0,35.9,0.257,0,young
8,80.0,77.0,29.0,125.0,34.3,0.202,0,older
0,105.0,79.0,32.0,131.0,31.1,0.678,0,young
1,89.0,80.0,29.0,127.0,33.6,0.179,0,young
5,120.0,71.0,28.0,118.0,38.0,0.289,1,young
5,76.0,66.0,29.0,127.0,31.7,0.137,0,young
4,103.0,86.0,29.0,130.0,37.7,0.202,0,young
1,135.0,79.0,34.0,177.0,38.5,1.001,1,young
8,137.0,90.0,29.0,123.0,36.1,0.23,1,older
0,119.0,69.0,27.0,125.0,35.2,0.796,0,young
6,115.0,78.0,30.0,125.0,34.8,0.242,0,older
1,111.0,69.0,39.0,127.0,37.2,0.258,0,young
7,78.0,97.0,29.0,125.0,39.6,0.231,0,older
2,84.0,75.0,40.0,85.0,31.4,0.548,0,young
10,107.0,86.0,29.0,124.0,29.5,0.267,0,older
0,136.0,76.0,40.0,121.0,36.3,0.416,0,young
1,85.0,77.0,29.0,124.0,27.3,0.198,0,young
5,95.0,67.0,27.0,131.0,28.5,0.396,0,young
0,138.0,73.0,42.0,123.0,30.7,0.225,0,young
8,113.0,69.0,29.0,125.0,26.2,0.268,0,older
4,101.0,72.0,46.0,136.0,27.0,0.125,1,young
1,98.0,83.0,28.0,118.0,36.7,0.327,0,young
3,95.0,78.0,35.0,130.0,29.1,0.566,1,young
6,103.0,71.0,29.0,126.0,31.6,0.295,1,young
7,156.0,69.0,33.0,127.0,36.9,0.241,1,older
1,106.0,67.0,28.0,237.0,32.8,0.552,0,young
3,120.0,75.0,33.0,125.0,41.1,0.196,1,young
1,103.0,67.0,36.0,51.0,29.1,0.519,0,young
1,108.0,81.0,30.0,130.0,27.1,0.182,0,young
0,124.0,80.0,30.0,131.0,30.4,0.093,0,young
2,129.0,68.0,20.0,127.0,27.6,0.24,0,young
2,81.0,77.0,31.0,127.0,32.7,0.219,0,young
8,121.0,79.0,28.0,130.0,31.5,0.249,0,young
1,78.0,74.0,18.0,37.0,23.4,0.311,0,young
1,112.0,68.0,28.0,121.0,31.1,0.208,0,young
2,121.0,74.0,40.0,131.0,32.0,0.309,0,young
1,96.0,55.0,22.0,42.0,30.7,0.665,0,young
11,95.0,82.0,29.0,116.0,25.5,0.385,0,older
5,98.0,70.0,29.0,125.0,27.1,0.207,0,young
3,112.0,53.0,10.0,63.0,34.1,0.299,0,young
6,137.0,71.0,34.0,118.0,28.5,0.391,1,older
3,123.0,72.0,29.0,130.0,29.9,0.224,0,young
0,99.0,68.0,30.0,129.0,36.2,0.314,0,young
1,107.0,71.0,17.0,125.0,30.4,0.281,0,young
1,109.0,68.0,26.0,124.0,34.8,0.402,0,young
1,101.0,78.0,20.0,120.0,28.1,0.277,0,young
1,94.0,68.0,13.0,123.0,22.7,0.138,0,young
5,94.0,81.0,28.0,125.0,30.1,0.228,1,young
0,110.0,71.0,30.0,212.0,37.9,0.78,1,young
6,118.0,75.0,29.0,121.0,26.5,0.182,0,young
9,103.0,68.0,20.0,127.0,21.9,0.162,0,young
2,111.0,50.0,34.0,127.0,30.5,0.084,0,young
1,88.0,64.0,24.0,125.0,29.6,0.292,0,young
1,101.0,62.0,25.0,124.0,23.1,0.267,0,young
0,117.0,74.0,18.0,177.0,30.7,0.563,0,young
1,101.0,60.0,49.0,123.0,29.7,0.257,0,young
11,157.0,82.0,43.0,130.0,38.0,0.276,1,older
1,117.0,58.0,23.0,24.0,31.9,0.372,0,young
0,127.0,71.0,40.0,187.0,42.5,0.305,0,young
1,86.0,70.0,47.0,72.0,28.2,0.339,0,young
6,110.0,79.0,30.0,129.0,27.9,0.216,0,older
1,105.0,82.0,36.0,88.0,37.9,0.293,0,young
1,103.0,79.0,29.0,124.0,28.8,0.393,0,young
2,101.0,70.0,41.0,88.0,35.4,0.59,0,young
6,109.0,65.0,29.0,122.0,33.7,0.326,0,young
11,124.0,60.0,10.0,125.0,25.0,0.222,0,young
9,124.0,65.0,28.0,127.0,34.1,0.25,1,older
0,84.0,62.0,29.0,124.0,31.2,0.357,0,young
1,104.0,71.0,29.0,119.0,35.7,0.177,0,young
1,101.0,69.0,39.0,70.0,30.3,0.254,0,young
1,197.0,65.0,42.0,122.0,42.2,0.232,1,young
0,100.0,69.0,29.0,129.0,29.0,0.169,1,young
0,74.0,74.0,32.0,125.0,31.8,0.389,0,young
1,116.0,73.0,35.0,130.0,39.5,0.234,0,young
1,109.0,83.0,38.0,128.0,32.3,0.305,1,young
2,97.0,64.0,27.0,124.0,24.1,0.206,0,young
1,103.0,70.0,39.0,122.0,42.6,0.235,0,young
4,185.0,65.0,30.0,124.0,29.6,0.382,1,older
11,170.0,77.0,37.0,131.0,37.2,0.293,1,older
1,101.0,74.0,32.0,211.0,44.0,0.714,1,young
6,143.0,76.0,28.0,123.0,26.7,0.219,0,older
1,90.0,69.0,24.0,60.0,29.6,0.714,0,young
2,107.0,69.0,40.0,122.0,33.7,0.161,0,young
3,98.0,67.0,30.0,119.0,28.0,0.175,0,young
0,113.0,64.0,18.0,128.0,24.1,0.162,0,young
0,153.0,60.0,36.0,158.0,28.7,0.611,1,young
1,105.0,74.0,34.0,127.0,32.5,0.334,0,young
11,171.0,80.0,29.0,131.0,25.5,0.162,1,older
5,151.0,81.0,52.0,122.0,42.0,0.47,1,young
0,100.0,66.0,43.0,130.0,40.8,0.383,1,young
8,128.0,60.0,28.0,124.0,32.6,0.232,0,young
1,103.0,64.0,37.0,128.0,32.5,0.436,0,young
2,84.0,70.0,37.0,156.0,38.5,0.424,0,young
0,100.0,78.0,32.0,119.0,35.1,0.428,0,young
6,94.0,88.0,29.0,124.0,40.0,0.241,0,young
2,98.0,72.0,42.0,92.0,36.4,0.233,0,young
1,111.0,81.0,34.0,129.0,33.0,0.301,1,older
1,100.0,71.0,15.0,95.0,33.8,0.167,0,young
5,114.0,71.0,29.0,127.0,34.7,0.28,0,older
2,124.0,69.0,19.0,122.0,26.6,0.289,0,young
3,138.0,75.0,39.0,123.0,20.9,0.367,0,young
6,127.0,67.0,34.0,130.0,34.4,0.311,1,older
0,103.0,82.0,21.0,127.0,30.1,0.209,1,young
1,73.0,73.0,30.0,131.0,33.0,0.263,0,young
2,97.0,63.0,29.0,132.0,39.1,0.254,0,young
0,72.0,75.0,30.0,124.0,30.5,0.278,0,young
2,122.0,64.0,33.0,132.0,20.9,0.293,0,young
15,111.0,76.0,29.0,116.0,31.2,0.186,0,older
7,98.0,84.0,30.0,125.0,26.5,0.297,0,older
8,83.0,59.0,29.0,132.0,32.5,0.233,0,young
2,116.0,65.0,23.0,125.0,26.6,0.385,0,young
1,90.0,72.0,24.0,123.0,26.0,0.28,0,young
3,88.0,74.0,34.0,52.0,31.9,0.22,0,young
3,115.0,67.0,34.0,130.0,35.4,0.401,0,young
2,131.0,52.0,26.0,130.0,28.0,0.21,0,young
1,111.0,70.0,44.0,59.0,35.0,0.332,0,young
6,92.0,66.0,41.0,126.0,30.7,0.297,0,young
7,102.0,74.0,34.0,119.0,35.2,0.174,0,young
0,90.0,59.0,18.0,130.0,23.1,0.269,0,young
10,98.0,81.0,29.0,130.0,36.9,0.218,0,young
1,120.0,70.0,39.0,133.0,30.7,0.585,1,young
1,106.0,65.0,16.0,37.0,23.4,0.139,0,young
0,129.0,68.0,21.0,172.0,34.8,0.492,0,young
10,113.0,65.0,15.0,119.0,27.2,0.434,0,older
2,117.0,84.0,40.0,164.0,39.5,0.366,1,young
0,89.0,64.0,14.0,80.0,22.1,0.309,0,young
5,116.0,55.0,28.0,123.0,25.2,0.298,0,young
0,89.0,71.0,31.0,101.0,31.3,0.387,0,young
0,88.0,59.0,22.0,117.0,29.5,0.259,0,young
10,110.0,63.0,26.0,124.0,28.9,0.183,0,older
6,106.0,67.0,28.0,128.0,19.7,0.261,0,young
6,92.0,84.0,31.0,134.0,34.9,0.249,0,older
2,104.0,81.0,29.0,128.0,25.9,0.259,0,young
5,105.0,72.0,29.0,130.0,30.0,0.212,0,older
1,93.0,83.0,31.0,130.0,33.5,0.284,0,young
4,138.0,70.0,31.0,129.0,32.1,0.178,1,young
6,93.0,77.0,28.0,120.0,26.5,0.208,0,older
1,97.0,67.0,37.0,65.0,31.2,0.099,0,young
1,137.0,66.0,25.0,138.0,33.1,0.436,0,young
2,98.0,63.0,35.0,99.0,28.7,0.349,0,young
0,129.0,64.0,36.0,128.0,41.0,0.475,0,young
2,83.0,72.0,29.0,100.0,36.8,0.304,0,young
9,172.0,85.0,40.0,121.0,29.4,0.31,1,older
2,106.0,62.0,29.0,55.0,34.9,0.277,0,young
1,108.0,72.0,30.0,124.0,32.2,0.19,0,young
1,99.0,55.0,30.0,42.0,29.0,0.738,0,young
2,125.0,72.0,15.0,125.0,29.5,0.292,0,young
1,101.0,76.0,28.0,118.0,45.6,0.138,0,young
2,105.0,60.0,29.0,128.0,34.7,0.256,0,young
2,100.0,55.0,36.0,103.0,39.5,0.701,1,young
3,116.0,58.0,33.0,130.0,27.1,0.339,1,young
1,99.0,62.0,22.0,68.0,26.4,0.308,0,young
1,127.0,58.0,28.0,57.0,37.0,0.469,0,young
4,104.0,72.0,28.0,122.0,32.7,0.193,1,young
0,125.0,70.0,35.0,130.0,34.1,0.354,0,young
7,108.0,77.0,30.0,123.0,36.5,0.276,1,older
7,100.0,78.0,29.0,123.0,34.2,0.179,1,young
6,147.0,74.0,31.0,133.0,37.3,0.313,1,young
1,99.0,69.0,33.0,127.0,36.1,0.141,0,young
1,100.0,79.0,30.0,126.0,35.1,0.362,0,young
1,139.0,89.0,21.0,127.0,35.7,0.294,1,older
7,107.0,66.0,29.0,127.0,30.4,0.299,1,older
1,149.0,80.0,30.0,123.0,39.9,0.342,0,older
6,191.0,75.0,32.0,132.0,35.8,0.271,1,older
1,115.0,64.0,28.0,126.0,27.7,0.353,0,older
8,165.0,98.0,28.0,128.0,35.0,0.226,1,older
8,96.0,81.0,29.0,126.0,38.7,0.272,1,older
6,155.0,89.0,29.0,126.0,34.2,0.162,1,older
9,110.0,73.0,28.0,123.0,36.7,0.31,0,older
11,129.0,75.0,34.0,120.0,30.8,0.202,0,young
1,144.0,74.0,32.0,127.0,30.9,0.28,0,young
1,110.0,81.0,28.0,124.0,25.3,0.268,0,young
1,115.0,64.0,29.0,128.0,28.8,0.249,0,young
12,93.0,73.0,27.0,120.0,34.6,0.197,0,young
2,100.0,70.0,17.0,120.0,28.2,0.274,0,young
11,100.0,82.0,38.0,126.0,29.4,0.218,1,older
1,119.0,63.0,30.0,121.0,27.9,0.202,0,young
2,94.0,65.0,43.0,129.0,36.5,0.084,0,young
1,100.0,55.0,30.0,127.0,32.5,0.306,0,young
1,109.0,82.0,41.0,163.0,31.5,0.411,1,young
12,169.0,73.0,40.0,121.0,29.4,0.219,1,older
0,106.0,74.0,31.0,125.0,29.2,0.228,0,young
12,102.0,78.0,30.0,133.0,31.2,0.203,1,older
10,134.0,77.0,34.0,124.0,31.8,0.124,1,young
0,85.0,62.0,31.0,67.0,22.1,0.251,0,young
3,110.0,67.0,20.0,125.0,22.2,0.145,0,older
8,75.0,54.0,29.0,124.0,28.9,0.222,0,young
2,110.0,83.0,40.0,125.0,31.9,0.395,1,older
1,118.0,62.0,19.0,92.0,29.3,0.23,0,young
1,77.0,60.0,18.0,102.0,22.5,0.168,0,young
3,121.0,67.0,31.0,124.0,40.9,0.102,1,young
6,94.0,72.0,31.0,128.0,32.0,0.299,0,older
0,62.0,74.0,34.0,126.0,37.2,0.318,0,young
7,115.0,72.0,28.0,123.0,30.5,0.582,0,young
9,93.0,86.0,28.0,126.0,27.9,0.225,0,young
4,192.0,69.0,33.0,131.0,33.1,0.451,1,older
2,116.0,72.0,29.0,71.0,30.1,0.181,0,young
1,85.0,69.0,35.0,128.0,33.3,0.183,0,young
8,81.0,67.0,26.0,127.0,26.9,0.35,1,older
7,119.0,84.0,34.0,127.0,28.0,0.509,1,older
5,95.0,72.0,27.0,80.0,28.8,0.337,0,young
2,111.0,76.0,30.0,125.0,37.4,0.282,0,young
0,89.0,82.0,36.0,131.0,31.5,0.278,0,young
7,138.0,64.0,29.0,123.0,32.3,0.171,0,older
6,104.0,82.0,28.0,119.0,32.5,0.301,0,older
5,177.0,91.0,29.0,128.0,29.1,0.196,1,older
6,121.0,79.0,33.0,126.0,28.4,0.32,1,older
9,148.0,86.0,32.0,133.0,28.0,0.303,1,older
6,148.0,68.0,25.0,129.0,31.5,0.515,0,young
6,102.0,85.0,40.0,128.0,45.2,0.302,1,older
1,125.0,68.0,31.0,131.0,32.7,0.283,0,young
8,102.0,81.0,21.0,125.0,32.7,0.257,0,young
6,99.0,67.0,30.0,123.0,31.9,0.252,0,young
1,83.0,70.0,7.0,127.0,21.8,0.192,0,young
2,109.0,73.0,29.0,121.0,28.6,0.272,0,young
5,104.0,68.0,29.0,116.0,30.1,0.317,0,young
1,118.0,74.0,29.0,127.0,31.5,0.283,0,young
0,96.0,67.0,29.0,35.0,30.2,0.349,0,young
4,107.0,60.0,14.0,121.0,23.2,0.313,0,young
1,123.0,72.0,35.0,124.0,30.2,0.218,0,young
2,142.0,79.0,29.0,119.0,33.4,0.298,0,older
11,137.0,83.0,29.0,123.0,30.5,0.408,1,older
2,103.0,62.0,29.0,125.0,37.3,0.31,0,young
9,183.0,85.0,35.0,129.0,34.7,0.281,1,older
2,113.0,83.0,30.0,122.0,29.3,0.258,0,young
12,114.0,66.0,25.0,123.0,29.3,0.253,1,older
3,77.0,74.0,29.0,116.0,27.1,0.447,0,young
2,130.0,79.0,33.0,126.0,36.3,0.208,0,young
2,108.0,72.0,13.0,128.0,31.3,0.326,0,young
2,99.0,76.0,30.0,129.0,26.7,0.256,0,young
1,92.0,58.0,29.0,193.0,23.6,0.452,0,young
1,116.0,68.0,32.0,191.0,38.2,0.464,0,young
6,116.0,94.0,29.0,125.0,29.0,0.143,0,young
10,119.0,82.0,46.0,130.0,30.1,0.184,1,older
1,89.0,57.0,25.0,131.0,23.5,0.449,0,young
7,112.0,79.0,28.0,129.0,23.7,0.278,0,older
1,117.0,84.0,27.0,127.0,31.8,0.276,0,young
9,146.0,88.0,30.0,126.0,31.9,0.155,1,older
3,166.0,80.0,34.0,131.0,38.3,0.344,1,young
8,91.0,64.0,29.0,118.0,27.8,0.295,0,older
5,123.0,65.0,27.0,130.0,34.6,0.358,0,young
8,118.0,91.0,28.0,117.0,29.5,0.209,1,older
7,122.0,70.0,36.0,126.0,34.5,0.282,0,young
2,121.0,75.0,24.0,127.0,33.1,0.171,0,young
0,118.0,62.0,15.0,77.0,29.8,0.17,0,young
8,122.0,76.0,36.0,125.0,41.2,0.141,1,older
8,172.0,96.0,32.0,126.0,36.2,0.555,1,older
0,104.0,80.0,17.0,119.0,29.3,0.341,0,young
1,97.0,63.0,20.0,119.0,28.1,0.3,0,young
6,104.0,72.0,29.0,122.0,37.5,0.236,0,older
8,129.0,77.0,29.0,119.0,36.5,0.119,0,older
1,100.0,71.0,42.0,127.0,38.0,0.305,0,young
6,173.0,71.0,29.0,124.0,35.4,0.215,1,older
4,114.0,70.0,36.0,130.0,31.6,0.283,0,young
10,122.0,87.0,42.0,121.0,34.7,0.253,1,older
3,102.0,58.0,28.0,101.0,27.1,0.208,0,young
2,113.0,62.0,37.0,176.0,29.0,0.583,1,young
5,101.0,83.0,36.0,128.0,36.6,0.364,1,older
2,96.0,60.0,28.0,64.0,32.2,0.638,0,young
2,124.0,67.0,20.0,123.0,35.7,0.201,0,young
1,111.0,74.0,31.0,127.0,40.9,0.209,0,young
9,95.0,79.0,29.0,120.0,33.6,0.264,0,young
9,107.0,87.0,32.0,119.0,32.8,0.283,1,older
1,111.0,71.0,30.0,122.0,30.6,0.365,0,young
4,110.0,75.0,28.0,122.0,35.8,0.19,0,older
1,99.0,79.0,29.0,131.0,30.9,0.22,0,young
1,104.0,77.0,49.0,125.0,39.0,0.302,1,young
8,109.0,68.0,30.0,129.0,33.4,0.248,0,older
5,126.0,73.0,19.0,125.0,26.0,0.187,0,young
1,111.0,57.0,16.0,44.0,26.9,0.463,0,young
0,86.0,62.0,27.0,127.0,31.8,0.283,0,young
9,105.0,67.0,28.0,124.0,29.6,0.221,0,young
5,115.0,84.0,39.0,177.0,38.2,0.346,1,young
1,131.0,72.0,44.0,129.0,32.8,0.233,0,young
1,104.0,70.0,16.0,128.0,23.1,0.184,0,young
1,94.0,63.0,42.0,131.0,36.1,0.306,1,young
7,182.0,76.0,32.0,121.0,32.1,0.212,1,older
1,117.0,82.0,29.0,131.0,34.0,0.353,0,young
4,114.0,73.0,36.0,122.0,32.1,0.355,1,older
1,128.0,69.0,34.0,211.0,44.6,0.498,1,young
12,185.0,83.0,32.0,127.0,29.0,0.323,1,older
1,89.0,62.0,28.0,130.0,32.9,0.268,0,young
5,136.0,77.0,28.0,128.0,23.3,0.266,0,young
1,127.0,74.0,30.0,128.0,30.7,0.203,0,young
5,110.0,71.0,23.0,124.0,22.0,0.128,0,older
2,94.0,72.0,33.0,119.0,34.8,0.376,0,young
6,99.0,76.0,29.0,123.0,36.7,0.213,0,older
10,128.0,76.0,37.0,123.0,32.0,0.269,0,older
7,101.0,68.0,28.0,127.0,30.0,0.215,0,young
6,93.0,74.0,28.0,130.0,23.8,0.235,0,older
2,96.0,56.0,43.0,51.0,30.4,0.734,0,young
11,111.0,68.0,29.0,126.0,27.7,0.311,1,older
5,107.0,70.0,27.0,127.0,40.6,0.179,0,young
1,75.0,70.0,29.0,61.0,34.5,0.314,0,young
0,91.0,86.0,28.0,124.0,23.9,0.116,0,young
9,108.0,78.0,30.0,129.0,26.7,0.264,0,older
1,94.0,65.0,18.0,123.0,29.3,0.111,0,young
7,99.0,74.0,32.0,123.0,28.8,0.247,0,young
0,108.0,70.0,28.0,130.0,32.7,0.258,0,young
1,78.0,66.0,29.0,121.0,24.5,0.296,0,young
10,122.0,70.0,30.0,123.0,33.2,0.258,1,older
1,100.0,70.0,22.0,124.0,22.6,0.283,0,young
1,117.0,78.0,30.0,130.0,32.8,0.214,0,young
3,115.0,68.0,20.0,18.0,30.7,0.242,0,young
11,116.0,63.0,20.0,133.0,39.9,0.244,1,older
12,113.0,67.0,28.0,132.0,32.0,0.235,0,older
2,87.0,73.0,37.0,128.0,29.9,0.217,0,young
1,100.0,67.0,34.0,109.0,32.7,0.369,0,young
2,104.0,70.0,25.0,117.0,24.9,0.281,0,young
15,129.0,70.0,29.0,126.0,30.5,0.236,1,older
7,126.0,75.0,30.0,130.0,29.9,0.167,0,young
7,100.0,95.0,33.0,130.0,31.7,0.233,0,older
5,76.0,62.0,36.0,98.0,33.8,0.361,0,young
3,91.0,72.0,29.0,126.0,31.0,0.281,0,young
1,109.0,70.0,29.0,123.0,33.1,0.199,0,young
5,135.0,77.0,29.0,130.0,34.8,0.281,0,older
0,119.0,67.0,34.0,130.0,32.7,0.283,0,young
4,117.0,80.0,28.0,125.0,35.4,0.187,1,older
4,86.0,61.0,36.0,116.0,31.2,0.226,0,young
4,100.0,74.0,29.0,124.0,30.1,0.223,0,young
0,108.0,73.0,41.0,117.0,33.6,0.581,0,young
1,104.0,73.0,30.0,130.0,30.2,0.413,0,young
1,105.0,75.0,29.0,122.0,30.9,0.347,0,young
1,94.0,60.0,28.0,129.0,33.8,0.235,0,young
9,118.0,76.0,28.0,132.0,28.2,0.32,1,older
0,111.0,71.0,32.0,124.0,35.1,0.202,1,young
2,100.0,67.0,30.0,127.0,29.5,0.161,0,young
0,146.0,73.0,33.0,124.0,32.6,0.554,1,older
1,91.0,70.0,38.0,197.0,32.8,0.673,1,young
2,119.0,59.0,30.0,126.0,36.5,0.381,1,older
7,90.0,77.0,28.0,123.0,36.9,0.322,1,older
0,107.0,83.0,29.0,128.0,31.9,0.24,0,young
3,114.0,78.0,29.0,120.0,25.0,0.239,0,older
10,106.0,73.0,29.0,125.0,26.7,0.298,0,older
4,116.0,61.0,17.0,124.0,28.7,0.172,0,young
2,102.0,83.0,29.0,131.0,31.6,0.257,0,young
7,100.0,62.0,24.0,123.0,28.0,0.18,0,young
4,102.0,68.0,25.0,127.0,29.9,0.237,0,older
2,104.0,71.0,28.0,124.0,30.9,0.285,0,young
5,92.0,68.0,37.0,125.0,30.5,0.175,0,older
3,93.0,65.0,28.0,124.0,31.9,0.326,0,young
9,88.0,57.0,20.0,83.0,30.2,0.084,0,young
1,94.0,78.0,35.0,46.0,27.5,0.345,0,young
7,134.0,81.0,30.0,124.0,40.4,0.25,1,older
6,123.0,75.0,31.0,130.0,35.8,0.281,1,older
6,118.0,65.0,29.0,123.0,27.6,0.219,0,young
0,118.0,75.0,17.0,123.0,27.5,0.172,0,young
2,96.0,59.0,28.0,103.0,31.4,0.286,0,young
7,93.0,79.0,29.0,124.0,33.6,0.284,0,older
9,111.0,56.0,29.0,125.0,33.0,0.302,0,young
3,68.0,71.0,27.0,132.0,35.2,0.27,0,young
0,100.0,64.0,19.0,128.0,31.5,0.293,0,young
8,112.0,60.0,27.0,128.0,28.4,0.09,1,older
10,104.0,80.0,30.0,125.0,29.3,0.297,0,young
2,98.0,68.0,31.0,123.0,30.1,0.302,0,young
1,111.0,66.0,25.0,130.0,36.4,0.261,0,young
0,140.0,87.0,30.0,124.0,38.1,0.259,0,young
10,94.0,75.0,29.0,129.0,33.3,0.151,0,young
2,83.0,76.0,30.0,123.0,35.4,0.307,0,young
4,104.0,61.0,28.0,64.0,33.0,0.358,0,young
5,115.0,79.0,29.0,127.0,34.9,0.259,0,older
8,119.0,82.0,28.0,127.0,28.5,0.181,0,young
5,162.0,69.0,42.0,134.0,31.3,0.122,1,older
2,107.0,54.0,41.0,78.0,35.7,0.207,0,young
1,86.0,67.0,29.0,127.0,35.1,0.138,0,young
7,192.0,71.0,28.0,243.0,38.6,0.343,1,young
2,99.0,73.0,29.0,118.0,30.0,0.311,0,young
1,114.0,67.0,20.0,125.0,23.4,0.084,0,young
5,128.0,72.0,32.0,129.0,35.6,0.329,1,older
3,90.0,54.0,19.0,123.0,27.1,0.197,0,young
1,107.0,72.0,29.0,133.0,30.0,0.161,0,young
0,139.0,82.0,30.0,127.0,31.4,0.167,0,young
4,97.0,57.0,28.0,124.0,35.4,0.231,0,young
6,90.0,97.0,29.0,134.0,38.7,0.294,0,young
4,147.0,89.0,44.0,148.0,37.7,0.342,1,older
8,134.0,80.0,35.0,124.0,36.6,0.199,1,older
7,118.0,75.0,28.0,127.0,44.4,0.358,1,older
5,108.0,76.0,29.0,126.0,33.9,0.292,0,older
1,106.0,68.0,28.0,130.0,29.2,0.188,0,older
2,116.0,68.0,16.0,65.0,23.0,0.429,0,young
8,172.0,85.0,45.0,205.0,38.3,0.452,1,young
0,123.0,74.0,21.0,124.0,31.3,0.412,0,young
11,130.0,72.0,29.0,127.0,33.9,0.196,0,young
1,105.0,74.0,19.0,180.0,29.4,0.359,0,young
2,87.0,67.0,18.0,128.0,27.8,0.303,0,young
2,113.0,74.0,47.0,132.0,45.7,0.146,0,young
0,120.0,72.0,29.0,127.0,30.8,0.129,0,young
1,108.0,69.0,33.0,128.0,33.5,0.314,0,young
9,86.0,97.0,28.0,120.0,36.9,0.184,0,older
10,137.0,68.0,13.0,125.0,25.7,0.17,0,young
1,92.0,75.0,28.0,129.0,32.4,0.215,0,young
10,106.0,79.0,34.0,125.0,31.8,0.198,0,older
7,117.0,67.0,10.0,127.0,23.7,0.159,0,young
6,146.0,74.0,42.0,123.0,35.0,0.59,1,young
0,101.0,65.0,44.0,126.0,33.8,0.226,0,young
1,100.0,80.0,37.0,130.0,32.6,0.287,0,young
2,97.0,79.0,29.0,131.0,29.0,0.308,0,young
8,84.0,83.0,38.0,125.0,35.7,0.243,1,young
1,98.0,69.0,40.0,124.0,32.8,0.224,0,young
1,116.0,69.0,16.0,126.0,19.0,0.198,0,young
5,103.0,66.0,31.0,124.0,28.3,0.195,0,young
6,115.0,57.0,29.0,126.0,33.8,0.097,0,young
7,132.0,78.0,29.0,132.0,33.8,0.262,0,older
5,87.0,68.0,28.0,100.0,25.4,0.168,0,young
5,163.0,93.0,36.0,128.0,31.4,0.232,1,older
10,109.0,87.0,29.0,127.0,34.6,0.084,0,older
0,104.0,71.0,45.0,209.0,37.1,0.639,0,young
6,156.0,81.0,29.0,120.0,30.7,0.332,1,older
6,99.0,88.0,45.0,126.0,36.9,0.292,1,older
8,107.0,69.0,28.0,129.0,36.8,0.204,1,young
7,86.0,86.0,28.0,126.0,35.6,0.347,0,young
9,98.0,90.0,25.0,126.0,27.4,0.165,0,older
7,134.0,76.0,29.0,124.0,34.0,0.149,0,young
5,103.0,72.0,29.0,130.0,32.6,0.343,0,older
5,109.0,71.0,32.0,129.0,31.6,0.247,0,young
3,105.0,72.0,30.0,131.0,26.7,0.243,0,older
1,81.0,70.0,31.0,139.0,35.5,0.196,0,young
1,89.0,75.0,30.0,132.0,32.4,0.314,0,young
1,103.0,71.0,29.0,122.0,26.2,0.248,0,young
7,163.0,84.0,27.0,124.0,27.9,0.284,1,older
9,84.0,61.0,30.0,131.0,40.8,0.101,0,young
8,95.0,87.0,29.0,124.0,31.6,0.288,1,older
6,87.0,55.0,31.0,125.0,30.9,0.307,0,young
5,86.0,74.0,28.0,126.0,27.7,0.296,0,older
2,84.0,66.0,28.0,117.0,32.8,0.346,0,young
5,79.0,60.0,29.0,119.0,35.8,0.162,0,young
11,86.0,67.0,29.0,121.0,32.5,0.234,0,older
2,97.0,65.0,39.0,122.0,26.8,0.307,0,young
1,88.0,72.0,40.0,172.0,36.6,0.764,1,young
8,119.0,73.0,18.0,123.0,41.4,0.501,1,older
1,113.0,61.0,29.0,67.0,35.6,0.296,0,young
0,117.0,72.0,28.0,123.0,26.7,0.248,0,young
7,120.0,61.0,26.0,131.0,30.7,0.149,0,young
0,90.0,66.0,33.0,82.0,29.3,0.236,0,young
0,107.0,80.0,37.0,189.0,52.9,0.626,1,young
2,101.0,68.0,30.0,125.0,27.0,0.304,0,young
2,108.0,57.0,28.0,125.0,35.2,0.241,0,young
4,71.0,62.0,29.0,124.0,29.5,0.147,0,young
6,84.0,59.0,37.0,122.0,29.6,0.215,0,young
8,79.0,75.0,28.0,125.0,27.1,0.177,0,young
1,120.0,80.0,25.0,123.0,25.7,0.435,0,young
4,81.0,69.0,41.0,130.0,34.3,0.297,0,young
3,123.0,69.0,33.0,125.0,35.9,0.339,1,young
1,109.0,73.0,17.0,98.0,32.6,0.149,0,young
2,129.0,73.0,23.0,132.0,24.6,0.313,0,young
2,99.0,79.0,37.0,127.0,32.1,0.235,0,young
12,116.0,66.0,31.0,135.0,26.1,0.318,0,older
0,104.0,71.0,17.0,128.0,31.2,0.343,0,young
10,113.0,95.0,29.0,124.0,39.4,0.328,0,older
1,82.0,48.0,28.0,61.0,31.9,0.32,0,young
5,91.0,76.0,29.0,129.0,30.3,0.234,1,older
10,106.0,70.0,21.0,132.0,21.7,0.176,0,young
5,74.0,79.0,29.0,126.0,31.2,0.287,0,older
6,82.0,66.0,30.0,123.0,31.7,0.117,0,young
7,101.0,84.0,30.0,130.0,40.9,0.231,1,older
1,91.0,66.0,19.0,61.0,23.8,0.142,0,young
0,100.0,70.0,42.0,116.0,30.5,0.184,0,young
4,115.0,68.0,22.0,133.0,27.6,0.578,1,young
6,107.0,65.0,28.0,127.0,31.4,0.118,1,older
7,68.0,66.0,24.0,125.0,35.1,0.139,0,young
7,130.0,62.0,25.0,126.0,29.2,0.201,0,young
2,115.0,71.0,29.0,123.0,34.0,0.096,0,young
1,122.0,73.0,19.0,120.0,36.3,0.353,0,young
2,101.0,64.0,16.0,125.0,29.0,0.28,0,young
4,130.0,74.0,36.0,129.0,42.6,0.255,1,older
0,109.0,81.0,34.0,133.0,30.3,0.713,0,young
1,73.0,60.0,38.0,67.0,35.0,0.172,0,young
2,85.0,61.0,28.0,122.0,35.4,0.242,0,young
11,123.0,75.0,29.0,127.0,38.6,0.222,1,young
11,110.0,95.0,30.0,130.0,30.9,0.297,1,older
5,142.0,82.0,31.0,125.0,30.0,0.249,1,older
8,109.0,86.0,29.0,122.0,30.6,0.149,0,older
9,77.0,78.0,32.0,127.0,28.9,0.241,0,older
6,116.0,60.0,31.0,219.0,32.5,0.504,1,young
7,125.0,65.0,31.0,133.0,29.5,0.347,1,young
9,199.0,81.0,30.0,133.0,33.5,0.234,1,older
1,80.0,78.0,29.0,121.0,28.0,0.371,0,young
3,98.0,68.0,29.0,124.0,33.2,0.264,0,young
1,130.0,102.0,28.0,174.0,33.3,0.751,1,young
5,126.0,86.0,29.0,120.0,36.5,0.383,1,older
2,87.0,59.0,21.0,65.0,25.2,0.22,0,young
1,95.0,68.0,29.0,127.0,28.5,0.338,0,young
1,127.0,57.0,38.0,185.0,36.1,0.713,1,young
2,109.0,70.0,35.0,132.0,32.9,0.197,0,young
6,103.0,69.0,28.0,129.0,28.8,0.209,0,older
6,130.0,76.0,28.0,126.0,24.5,0.094,0,young
0,104.0,72.0,25.0,32.0,34.0,0.568,0,young
2,117.0,71.0,33.0,127.0,35.7,0.282,0,young
1,104.0,68.0,18.0,72.0,19.6,0.225,0,young
4,105.0,68.0,31.0,121.0,30.0,0.13,0,young
0,115.0,64.0,28.0,125.0,22.1,0.144,0,young
1,111.0,67.0,36.0,120.0,32.7,0.286,0,young
1,112.0,78.0,33.0,131.0,46.3,0.174,0,young
1,123.0,69.0,42.0,153.0,29.3,0.308,0,young
0,105.0,71.0,33.0,124.0,36.9,0.204,0,young
6,109.0,84.0,36.0,154.0,32.3,0.233,1,young
1,115.0,61.0,46.0,132.0,28.8,0.178,0,young
10,117.0,99.0,30.0,121.0,33.6,0.371,1,older
0,109.0,66.0,48.0,132.0,34.8,0.262,1,young
13,155.0,87.0,29.0,124.0,39.8,0.253,1,older
1,86.0,72.0,30.0,85.0,37.0,0.361,0,young
1,110.0,75.0,22.0,120.0,21.9,0.266,0,young
1,116.0,68.0,17.0,125.0,30.1,0.339,0,young
6,109.0,62.0,35.0,218.0,26.6,0.624,1,young
5,112.0,74.0,30.0,121.0,28.9,0.379,1,older
2,136.0,64.0,35.0,166.0,37.6,0.36,1,young
5,104.0,61.0,24.0,122.0,32.2,0.234,0,older
2,108.0,81.0,22.0,132.0,30.0,0.211,0,young
12,118.0,73.0,29.0,128.0,27.0,0.25,0,older
4,123.0,69.0,40.0,133.0,31.6,0.13,1,older
4,84.0,65.0,28.0,127.0,29.9,0.325,0,young
1,56.0,63.0,7.0,52.0,23.6,0.281,0,young
7,161.0,78.0,27.0,125.0,38.4,0.363,1,older
1,111.0,72.0,40.0,168.0,51.0,0.527,1,young
7,118.0,68.0,28.0,122.0,24.6,0.183,0,older
11,114.0,82.0,28.0,128.0,36.5,0.28,1,older
2,97.0,75.0,22.0,129.0,29.4,0.21,0,young
2,93.0,71.0,19.0,80.0,26.8,0.297,0,young
9,89.0,73.0,29.0,125.0,27.9,0.31,0,young
1,92.0,60.0,26.0,240.0,31.4,0.466,0,young
6,119.0,67.0,16.0,123.0,18.2,0.272,0,young
1,87.0,66.0,32.0,64.0,34.9,0.444,0,young
1,137.0,78.0,13.0,41.0,18.2,0.283,0,young
0,99.0,76.0,17.0,132.0,29.4,0.306,0,young
11,100.0,65.0,32.0,120.0,31.1,0.717,0,young
7,85.0,88.0,29.0,128.0,41.2,0.211,1,older
12,125.0,88.0,33.0,121.0,38.3,0.314,1,older
10,162.0,83.0,43.0,128.0,36.6,0.248,1,older
1,89.0,62.0,39.0,223.0,33.2,0.521,0,young
3,111.0,70.0,29.0,122.0,36.5,0.338,1,young
2,98.0,74.0,34.0,182.0,32.4,0.394,1,young
5,105.0,84.0,29.0,124.0,27.0,0.222,0,older
2,95.0,68.0,19.0,75.0,22.8,0.084,0,young
12,87.0,62.0,29.0,128.0,27.9,0.33,0,older
0,103.0,71.0,15.0,126.0,23.5,0.299,0,young
2,107.0,70.0,31.0,127.0,35.7,0.136,0,young
4,96.0,65.0,29.0,123.0,30.9,0.26,0,young
1,96.0,70.0,29.0,127.0,31.5,0.138,0,young
1,93.0,72.0,41.0,120.0,42.5,0.226,1,young
5,114.0,58.0,33.0,119.0,33.2,0.153,0,young
0,108.0,63.0,29.0,127.0,27.7,0.324,0,young
2,119.0,76.0,35.0,125.0,36.6,0.414,0,older
2,111.0,64.0,35.0,61.0,32.9,0.581,0,young
1,86.0,50.0,29.0,123.0,25.9,0.289,0,young
1,111.0,77.0,35.0,123.0,34.2,0.142,0,young
1,104.0,74.0,33.0,199.0,51.3,0.605,1,young
1,75.0,58.0,17.0,77.0,31.4,0.251,0,young
1,107.0,81.0,36.0,119.0,37.9,0.255,0,young
3,96.0,79.0,28.0,126.0,24.2,0.27,1,older
8,104.0,58.0,29.0,126.0,25.4,0.168,0,older
7,117.0,80.0,28.0,125.0,27.5,0.342,1,older
2,98.0,57.0,11.0,129.0,18.8,0.54,0,young
9,92.0,75.0,29.0,124.0,27.0,0.246,0,young
0,104.0,71.0,30.0,126.0,35.3,0.204,0,young
1,92.0,73.0,37.0,125.0,32.5,0.302,0,young
8,79.0,71.0,29.0,121.0,27.5,0.231,0,older
6,135.0,73.0,37.0,119.0,29.8,0.201,1,young
1,109.0,67.0,21.0,128.0,21.1,0.135,0,young
10,116.0,63.0,29.0,121.0,32.9,0.371,1,older
0,99.0,66.0,14.0,130.0,33.7,0.162,0,young
1,136.0,61.0,29.0,126.0,32.5,0.141,1,young
8,117.0,62.0,28.0,125.0,29.6,0.364,0,young
4,110.0,62.0,33.0,180.0,32.4,0.419,1,young
11,79.0,59.0,29.0,126.0,33.9,0.271,0,young
0,90.0,75.0,45.0,124.0,45.0,0.363,0,young
8,114.0,63.0,28.0,124.0,29.2,0.328,0,older
0,95.0,67.0,41.0,126.0,33.6,0.246,1,young
7,96.0,66.0,29.0,123.0,28.0,0.163,0,young
0,99.0,60.0,22.0,107.0,24.1,0.259,0,young
0,83.0,64.0,45.0,130.0,39.0,0.147,0,young
1,149.0,92.0,47.0,130.0,40.1,0.287,1,young
7,154.0,70.0,41.0,127.0,28.8,0.28,1,older
0,91.0,62.0,20.0,123.0,31.8,0.187,0,young
5,93.0,59.0,18.0,128.0,30.8,0.266,0,young
1,100.0,55.0,53.0,125.0,52.3,0.205,1,young
7,111.0,66.0,29.0,129.0,32.9,0.244,1,older
0,88.0,61.0,20.0,70.0,34.3,0.627,0,young
1,95.0,67.0,42.0,62.0,31.6,0.733,0,young
7,100.0,74.0,30.0,120.0,30.3,0.466,0,older
10,114.0,74.0,29.0,133.0,27.8,0.107,1,older
7,108.0,84.0,44.0,123.0,39.3,0.305,1,older
1,88.0,66.0,33.0,118.0,34.0,0.291,0,young
5,59.0,57.0,18.0,49.0,28.4,0.197,0,young
8,104.0,68.0,29.0,129.0,31.3,0.181,1,older
9,129.0,73.0,29.0,133.0,30.4,0.274,1,older
3,112.0,78.0,30.0,130.0,29.0,0.156,1,young
4,85.0,70.0,31.0,124.0,28.8,0.364,0,young
1,101.0,64.0,27.0,125.0,35.3,0.234,0,young
9,145.0,78.0,30.0,127.0,33.6,0.337,1,older
1,112.0,86.0,23.0,117.0,26.9,0.421,0,young
1,112.0,70.0,27.0,133.0,36.1,0.336,0,young
7,155.0,73.0,40.0,133.0,30.9,0.738,1,older
0,105.0,71.0,37.0,130.0,32.4,0.263,1,young
1,106.0,74.0,32.0,129.0,31.9,0.209,0,young
1,124.0,71.0,37.0,135.0,30.1,0.351,1,young
0,93.0,71.0,29.0,126.0,31.8,0.269,0,young
1,92.0,70.0,24.0,162.0,27.4,0.798,0,young
1,100.0,71.0,36.0,104.0,35.0,0.338,1,young
0,125.0,76.0,33.0,130.0,33.1,0.336,0,young
7,179.0,85.0,37.0,129.0,33.6,0.123,1,older
1,119.0,70.0,35.0,125.0,32.7,0.19,0,young
10,145.0,86.0,27.0,133.0,36.3,0.165,1,older
2,79.0,64.0,17.0,48.0,28.9,0.274,0,young
1,135.0,65.0,16.0,132.0,20.4,0.196,0,young
1,87.0,64.0,40.0,69.0,24.7,0.359,0,young
3,123.0,79.0,41.0,129.0,31.5,0.245,0,young
1,104.0,63.0,15.0,129.0,26.8,0.267,0,young
7,95.0,75.0,28.0,129.0,34.6,0.196,0,older
8,106.0,72.0,29.0,125.0,37.5,0.152,0,older
7,99.0,61.0,29.0,123.0,31.0,0.241,0,older
10,112.0,88.0,33.0,129.0,40.8,0.244,1,young
1,107.0,66.0,32.0,124.0,29.5,0.159,0,young
7,120.0,66.0,29.0,121.0,33.5,0.319,1,older
0,81.0,60.0,38.0,37.0,34.7,0.19,0,young
5,106.0,68.0,29.0,125.0,32.9,0.261,0,older
7,160.0,71.0,28.0,125.0,35.3,0.262,1,older
1,78.0,62.0,28.0,38.0,27.6,0.279,0,young
8,84.0,71.0,28.0,123.0,30.3,0.297,0,older
6,86.0,70.0,29.0,126.0,26.4,0.298,0,older
1,117.0,89.0,19.0,61.0,26.9,0.313,0,young
1,100.0,62.0,35.0,125.0,27.4,0.265,0,young
9,120.0,93.0,29.0,128.0,30.5,0.222,1,older
0,96.0,66.0,11.0,48.0,29.9,0.314,0,young
1,109.0,68.0,30.0,129.0,32.7,0.288,0,young
4,96.0,77.0,30.0,130.0,32.2,0.176,0,young
7,109.0,76.0,27.0,127.0,34.8,0.105,0,young
8,124.0,62.0,31.0,123.0,24.9,0.324,0,young
7,107.0,74.0,42.0,169.0,31.5,0.626,1,young
7,122.0,75.0,27.0,124.0,27.3,0.291,0,older
2,104.0,59.0,34.0,127.0,30.7,0.338,0,young
1,92.0,66.0,42.0,175.0,36.1,0.624,0,young
4,102.0,73.0,29.0,122.0,34.0,0.249,0,young
6,118.0,64.0,29.0,124.0,28.8,0.355,0,older
0,95.0,73.0,15.0,117.0,31.4,0.212,0,young
2,119.0,67.0,18.0,60.0,29.5,0.287,0,young
5,85.0,76.0,29.0,133.0,34.5,0.21,0,older
2,71.0,63.0,34.0,83.0,28.7,0.299,0,young
0,104.0,75.0,21.0,126.0,25.9,0.334,0,young
10,105.0,82.0,28.0,127.0,20.3,0.206,0,young
10,104.0,64.0,30.0,121.0,33.1,0.37,0,older
1,128.0,71.0,30.0,126.0,28.7,0.303,0,young
11,151.0,82.0,31.0,124.0,36.2,0.374,1,older
2,113.0,66.0,27.0,126.0,33.9,0.187,0,young
6,102.0,76.0,29.0,126.0,31.4,0.351,1,older
10,103.0,75.0,34.0,139.0,25.3,0.167,0,older
6,108.0,81.0,34.0,125.0,36.2,0.198,1,older
2,93.0,73.0,31.0,68.0,27.8,0.221,0,young
0,122.0,59.0,29.0,72.0,31.6,0.228,0,young
2,110.0,79.0,21.0,126.0,29.5,0.267,0,young
5,112.0,65.0,29.0,132.0,37.3,0.241,0,young
0,120.0,52.0,29.0,59.0,27.2,0.777,0,young
3,127.0,71.0,29.0,130.0,26.8,0.203,0,young
0,114.0,83.0,36.0,124.0,43.1,0.587,1,young
9,116.0,73.0,26.0,125.0,26.7,0.226,0,young
1,84.0,42.0,32.0,53.0,28.5,0.245,0,young
7,89.0,62.0,27.0,126.0,25.8,0.246,0,young
6,131.0,66.0,22.0,126.0,31.3,0.294,0,young
1,115.0,66.0,40.0,122.0,32.1,0.267,0,young
6,115.0,70.0,29.0,125.0,33.5,0.323,0,older
1,110.0,77.0,28.0,129.0,35.7,0.115,0,young
0,106.0,73.0,30.0,131.0,34.3,0.127,0,young
8,106.0,72.0,29.0,130.0,29.7,0.095,1,older
0,105.0,70.0,29.0,123.0,26.4,0.213,0,young
2,116.0,74.0,20.0,125.0,27.0,0.234,0,young
5,92.0,71.0,28.0,124.0,28.5,0.16,0,young
1,100.0,62.0,25.0,101.0,28.4,0.465,0,young
7,84.0,64.0,30.0,125.0,31.5,0.211,0,older
6,134.0,72.0,29.0,133.0,25.2,0.37,0,older
1,110.0,68.0,29.0,118.0,35.8,0.196,0,young
1,111.0,62.0,11.0,120.0,28.7,0.129,0,young
1,97.0,63.0,28.0,134.0,32.3,0.214,0,young
1,123.0,66.0,23.0,128.0,29.2,0.144,0,young
10,142.0,90.0,28.0,133.0,31.0,0.199,1,older
1,139.0,85.0,36.0,268.0,48.1,0.732,1,young
2,104.0,71.0,29.0,125.0,34.8,0.12,0,young
5,169.0,69.0,30.0,125.0,33.0,0.761,1,young
2,107.0,75.0,33.0,122.0,34.8,0.381,0,young
1,84.0,71.0,29.0,54.0,33.2,0.328,0,young
12,111.0,80.0,28.0,132.0,36.7,0.232,1,older
1,101.0,69.0,33.0,72.0,31.6,0.476,0,young
9,96.0,94.0,32.0,119.0,34.9,0.276,0,older
8,98.0,74.0,28.0,124.0,27.5,0.229,0,older
5,102.0,66.0,30.0,124.0,29.2,0.228,0,young
6,102.0,75.0,28.0,136.0,23.3,0.411,0,young
8,127.0,84.0,42.0,122.0,32.2,0.299,1,older
1,95.0,69.0,14.0,124.0,29.8,0.27,0,young
2,107.0,69.0,34.0,66.0,34.5,0.158,0,young
7,73.0,62.0,37.0,128.0,29.6,0.22,0,young
0,118.0,73.0,30.0,130.0,29.0,0.188,0,young
1,104.0,78.0,23.0,129.0,28.8,0.273,0,young
1,93.0,77.0,29.0,125.0,36.1,0.387,0,young
4,125.0,61.0,13.0,127.0,20.9,0.165,0,young
2,109.0,70.0,39.0,64.0,33.3,0.415,0,young
1,80.0,77.0,12.0,122.0,24.6,0.171,0,young
1,90.0,71.0,28.0,118.0,33.5,0.276,0,older
6,111.0,67.0,31.0,132.0,34.6,0.2,0,young
4,86.0,67.0,30.0,121.0,32.2,0.214,0,young
1,81.0,86.0,29.0,125.0,30.6,0.427,0,young
1,103.0,65.0,29.0,123.0,31.7,0.183,0,young
8,93.0,74.0,29.0,123.0,30.5,0.241,1,young
0,72.0,61.0,33.0,127.0,31.1,0.252,0,young
0,118.0,67.0,29.0,124.0,32.4,0.136,0,young
1,76.0,67.0,29.0,132.0,31.4,0.084,0,young
9,189.0,99.0,24.0,128.0,45.3,0.572,1,older
1,108.0,77.0,38.0,129.0,35.5,0.36,0,young
0,119.0,59.0,18.0,112.0,22.5,0.264,0,young
7,86.0,73.0,29.0,131.0,29.7,0.273,0,older
5,94.0,61.0,28.0,128.0,30.8,0.158,0,young
6,109.0,71.0,30.0,129.0,31.8,0.23,1,older
10,198.0,89.0,33.0,125.0,35.7,0.349,1,older
6,90.0,75.0,29.0,133.0,34.8,0.382,0,young
1,94.0,75.0,30.0,119.0,34.6,0.275,0,young
8,133.0,82.0,28.0,128.0,30.3,0.194,0,older
5,117.0,68.0,30.0,130.0,20.7,0.293,0,older
6,127.0,64.0,27.0,129.0,26.6,0.297,0,older
0,134.0,68.0,17.0,133.0,21.0,0.33,0,young
1,132.0,64.0,32.0,128.0,39.0,0.19,0,young
12,96.0,72.0,28.0,132.0,32.6,0.283,0,older
0,96.0,68.0,16.0,92.0,22.8,0.241,0,young
1,101.0,68.0,49.0,174.0,36.4,0.499,0,young
8,115.0,75.0,31.0,123.0,26.5,0.141,0,older
6,102.0,70.0,24.0,122.0,24.4,0.132,0,young
4,93.0,77.0,29.0,126.0,24.5,0.229,0,young
0,105.0,69.0,29.0,129.0,26.1,0.335,0,young
0,104.0,68.0,29.0,126.0,28.6,0.251,0,young
8,98.0,81.0,29.0,124.0,35.4,0.307,0,older
1,121.0,63.0,24.0,135.0,30.2,0.505,1,young
10,101.0,62.0,29.0,125.0,26.2,0.216,0,older
2,102.0,70.0,28.0,79.0,28.3,0.25,0,young
0,110.0,70.0,46.0,223.0,47.3,0.651,0,young
0,119.0,73.0,29.0,123.0,32.3,0.286,0,young
7,109.0,77.0,30.0,128.0,36.3,0.218,0,young
1,93.0,62.0,11.0,127.0,29.4,0.12,0,young
5,94.0,59.0,30.0,52.0,29.7,0.234,0,young
9,97.0,74.0,30.0,122.0,39.5,0.181,0,young
6,128.0,87.0,30.0,132.0,38.2,0.19,1,young
4,106.0,58.0,38.0,133.0,34.0,0.277,1,young
0,106.0,82.0,23.0,127.0,28.1,0.164,0,young
0,117.0,68.0,36.0,200.0,28.8,0.655,0,young
1,101.0,70.0,11.0,122.0,29.9,0.339,0,young
1,133.0,75.0,30.0,116.0,22.0,0.152,0,young
4,83.0,70.0,30.0,123.0,28.4,0.226,0,older
8,95.0,84.0,32.0,128.0,38.4,0.397,0,older
1,91.0,63.0,27.0,207.0,26.7,0.535,1,young
2,106.0,66.0,50.0,125.0,40.1,0.33,0,young
6,109.0,73.0,23.0,125.0,26.9,0.201,1,older
13,160.0,79.0,30.0,121.0,35.2,0.279,1,older
8,111.0,69.0,26.0,128.0,38.2,0.384,0,young
2,95.0,63.0,37.0,65.0,31.4,0.692,0,young
0,121.0,80.0,28.0,124.0,42.1,0.323,1,young
1,81.0,55.0,20.0,84.0,27.1,0.305,0,young
1,109.0,51.0,17.0,110.0,23.2,0.246,0,young
2,86.0,73.0,19.0,45.0,32.5,0.233,0,young
1,108.0,71.0,29.0,129.0,32.4,0.141,0,young
2,103.0,64.0,30.0,33.0,36.2,0.335,0,young
2,132.0,71.0,28.0,132.0,31.1,0.084,0,young
0,76.0,68.0,19.0,60.0,32.8,0.438,0,young
6,115.0,66.0,29.0,123.0,32.5,0.424,0,older
6,84.0,76.0,29.0,125.0,37.9,0.17,0,older
0,111.0,68.0,28.0,243.0,28.5,0.566,1,young
1,95.0,66.0,25.0,93.0,26.9,0.314,0,young
11,72.0,84.0,29.0,122.0,23.8,0.16,0,older
1,94.0,66.0,26.0,95.0,32.0,0.126,0,young
1,72.0,75.0,30.0,124.0,32.3,0.291,0,young
2,76.0,75.0,28.0,126.0,33.1,0.23,0,young
5,88.0,65.0,39.0,119.0,26.5,0.279,0,young
1,81.0,63.0,40.0,65.0,32.2,0.343,0,young
2,90.0,79.0,25.0,64.0,39.1,0.456,0,young
7,109.0,67.0,32.0,122.0,28.5,0.28,0,young
5,116.0,84.0,31.0,125.0,28.6,0.231,1,older
1,110.0,78.0,40.0,128.0,37.7,0.308,1,young
6,112.0,86.0,30.0,124.0,42.5,0.233,0,young
5,122.0,50.0,28.0,201.0,32.4,0.725,1,young
6,93.0,88.0,29.0,124.0,35.2,0.147,1,older
9,138.0,76.0,33.0,125.0,27.4,0.359,1,young
8,114.0,93.0,33.0,124.0,40.3,0.34,1,older
8,95.0,83.0,29.0,127.0,21.6,0.418,0,older
0,123.0,67.0,34.0,125.0,46.1,0.199,0,young
0,85.0,76.0,29.0,122.0,28.1,0.244,0,young
7,96.0,70.0,29.0,129.0,29.1,0.23,1,older
3,99.0,67.0,27.0,121.0,38.2,0.306,0,young
1,99.0,60.0,42.0,117.0,33.0,0.196,0,young
2,98.0,70.0,28.0,77.0,36.8,0.213,0,young
11,93.0,77.0,30.0,128.0,34.0,0.37,0,older
1,104.0,71.0,30.0,121.0,30.3,0.194,0,young
0,68.0,76.0,28.0,129.0,28.4,0.256,0,young
1,102.0,68.0,37.0,119.0,36.3,0.23,0,young
1,91.0,62.0,30.0,122.0,33.3,0.378,0,young
4,166.0,81.0,28.0,129.0,29.9,0.252,1,young
1,117.0,72.0,30.0,177.0,39.7,0.457,0,young
8,172.0,71.0,31.0,161.0,30.5,0.199,1,young
10,86.0,68.0,28.0,128.0,30.1,0.264,0,young
6,91.0,69.0,29.0,125.0,32.7,0.162,1,older
4,107.0,62.0,35.0,43.0,32.6,0.286,0,young
7,111.0,73.0,29.0,127.0,31.6,0.148,0,older
1,100.0,66.0,28.0,124.0,34.1,0.136,0,young
10,113.0,71.0,29.0,123.0,25.4,0.127,0,older
1,105.0,73.0,38.0,131.0,27.0,0.174,0,young
0,116.0,83.0,21.0,130.0,28.2,0.302,0,young
2,122.0,75.0,50.0,129.0,36.1,0.322,0,young
1,113.0,65.0,33.0,88.0,32.6,0.229,0,young
1,118.0,62.0,29.0,124.0,36.9,0.324,1,young
5,105.0,82.0,29.0,118.0,34.2,0.328,1,older
4,129.0,79.0,38.0,126.0,31.4,0.27,1,young
1,124.0,78.0,28.0,134.0,35.4,0.336,0,young
0,92.0,58.0,23.0,64.0,36.6,0.695,0,young
0,89.0,65.0,29.0,127.0,26.7,0.286,0,young
2,107.0,67.0,28.0,128.0,38.0,0.368,0,young
7,95.0,76.0,30.0,127.0,32.2,0.347,0,young
2,87.0,71.0,37.0,123.0,34.1,0.146,0,young
1,120.0,80.0,40.0,127.0,35.5,0.525,1,young
4,102.0,61.0,28.0,125.0,31.5,0.289,0,older
4,85.0,60.0,30.0,123.0,30.0,0.524,0,older
1,80.0,65.0,41.0,46.0,30.9,0.172,0,young
1,105.0,73.0,45.0,125.0,30.8,0.304,0,young
0,113.0,58.0,39.0,122.0,27.7,0.215,0,young
2,110.0,59.0,30.0,123.0,35.8,0.202,0,older
0,97.0,67.0,26.0,98.0,38.0,0.815,0,young
0,112.0,79.0,42.0,116.0,34.8,0.847,0,young
1,120.0,70.0,27.0,158.0,31.8,0.742,0,young
1,112.0,74.0,20.0,53.0,32.5,0.333,0,young
0,106.0,83.0,30.0,127.0,31.8,0.27,0,young
7,93.0,72.0,39.0,132.0,26.5,0.352,1,older
9,106.0,79.0,29.0,127.0,25.2,0.218,0,older
2,109.0,63.0,19.0,127.0,25.9,0.291,0,young
1,116.0,66.0,44.0,120.0,35.1,0.22,0,young
0,98.0,67.0,23.0,49.0,27.0,0.381,0,young
6,98.0,73.0,38.0,125.0,29.3,0.234,0,older
5,97.0,67.0,29.0,127.0,39.6,0.38,0,older
9,114.0,53.0,13.0,118.0,29.5,0.272,0,young
6,139.0,89.0,29.0,124.0,33.1,0.301,0,older
6,160.0,74.0,32.0,127.0,36.6,0.209,1,young
2,116.0,53.0,28.0,126.0,32.1,0.291,0,young
8,95.0,58.0,28.0,126.0,29.6,0.111,0,older
8,133.0,68.0,32.0,120.0,32.1,0.491,1,young
2,89.0,73.0,22.0,117.0,29.7,0.202,0,young
1,97.0,80.0,29.0,133.0,33.5,0.316,0,young
1,121.0,65.0,29.0,125.0,36.1,0.333,1,young
9,188.0,71.0,44.0,123.0,32.3,0.246,1,older
8,93.0,75.0,27.0,131.0,32.3,0.184,0,older
1,92.0,86.0,44.0,124.0,32.6,0.217,0,young
13,131.0,68.0,29.0,121.0,33.4,0.283,1,older
1,122.0,77.0,44.0,122.0,32.8,0.293,0,young
1,108.0,68.0,29.0,118.0,33.5,0.223,0,young
7,88.0,71.0,28.0,128.0,28.4,0.276,1,older
0,115.0,65.0,39.0,182.0,32.4,0.663,1,young
3,113.0,74.0,20.0,125.0,31.6,0.319,0,young
2,108.0,57.0,28.0,127.0,31.5,0.184,0,young
10,128.0,70.0,29.0,120.0,27.8,0.23,0,older
2,94.0,77.0,19.0,68.0,28.6,0.302,0,young
1,77.0,69.0,39.0,156.0,34.5,0.522,1,young
2,100.0,79.0,22.0,127.0,25.1,0.326,0,young
3,120.0,77.0,36.0,129.0,36.1,0.221,0,young
2,142.0,70.0,32.0,127.0,39.8,0.583,0,young
0,95.0,67.0,45.0,148.0,35.9,0.405,1,young
2,101.0,77.0,30.0,129.0,31.1,0.269,0,young
0,94.0,50.0,19.0,119.0,30.7,0.329,0,young
0,96.0,74.0,16.0,123.0,28.7,0.364,0,young
3,103.0,69.0,20.0,126.0,35.2,0.281,0,young
9,106.0,79.0,29.0,155.0,40.7,0.652,1,older
4,135.0,83.0,30.0,131.0,31.6,0.228,0,older
5,73.0,68.0,28.0,124.0,32.5,0.13,0,older
8,118.0,78.0,33.0,125.0,30.4,0.172,1,young
6,103.0,74.0,29.0,129.0,33.7,0.26,1,older
0,93.0,78.0,42.0,126.0,36.0,0.17,0,young
8,116.0,58.0,28.0,127.0,31.9,0.321,0,young
4,80.0,48.0,28.0,31.0,28.1,0.314,0,young
8,108.0,64.0,29.0,130.0,38.8,0.261,0,older
9,92.0,67.0,29.0,131.0,26.6,0.376,1,older
1,100.0,80.0,19.0,70.0,32.7,0.291,0,young
2,83.0,65.0,33.0,35.0,34.6,0.268,0,young
7,120.0,65.0,36.0,126.0,32.5,0.197,1,older
1,103.0,81.0,40.0,128.0,31.7,0.188,0,young
5,121.0,87.0,41.0,135.0,38.1,0.161,1,young
1,98.0,76.0,39.0,83.0,33.1,0.369,0,young
0,119.0,78.0,33.0,126.0,37.6,0.313,1,young
1,111.0,66.0,25.0,130.0,30.7,0.284,0,young
1,88.0,73.0,30.0,194.0,31.9,0.55,0,young
5,105.0,60.0,28.0,122.0,30.7,0.084,1,older
6,127.0,88.0,29.0,119.0,27.1,0.104,0,older
7,84.0,59.0,29.0,127.0,29.6,0.136,0,older
11,107.0,62.0,29.0,120.0,39.6,0.168,1,young
0,104.0,82.0,30.0,122.0,31.4,0.306,0,young
5,115.0,74.0,44.0,121.0,34.1,0.257,0,young
12,159.0,79.0,29.0,118.0,30.6,0.174,1,older
7,103.0,70.0,29.0,122.0,31.2,0.253,0,older
11,97.0,76.0,30.0,129.0,27.9,0.334,1,older
6,74.0,77.0,41.0,125.0,34.1,0.28,0,older
4,106.0,79.0,34.0,124.0,32.4,0.161,0,young
0,95.0,68.0,22.0,62.0,24.9,0.367,0,young
0,86.0,74.0,15.0,129.0,30.5,0.275,0,young
2,97.0,63.0,29.0,125.0,37.3,0.261,0,young
1,117.0,67.0,22.0,119.0,30.0,0.246,0,young
1,99.0,77.0,42.0,93.0,32.0,0.243,0,young
9,81.0,74.0,30.0,129.0,31.0,0.267,1,older
1,99.0,60.0,7.0,39.0,27.5,0.341,0,young
2,79.0,62.0,31.0,132.0,35.3,0.359,0,young
6,103.0,62.0,29.0,125.0,34.7,0.084,0,young
0,111.0,47.0,20.0,76.0,32.5,0.331,0,young
2,118.0,67.0,39.0,126.0,36.2,0.311,1,young
2,107.0,70.0,43.0,123.0,33.2,0.239,0,young
4,87.0,64.0,25.0,126.0,30.0,0.096,0,young
7,82.0,70.0,30.0,127.0,29.6,0.22,1,young
11,72.0,85.0,29.0,126.0,38.4,0.232,0,older
1,124.0,81.0,30.0,126.0,32.2,0.349,1,older
1,72.0,70.0,38.0,74.0,24.0,0.313,0,young
11,73.0,61.0,29.0,124.0,32.6,0.158,0,older
9,101.0,79.0,23.0,129.0,30.7,0.532,1,older
1,114.0,73.0,45.0,45.0,27.1,0.528,0,young
0,86.0,52.0,29.0,139.0,33.3,0.57,1,young
0,108.0,62.0,38.0,246.0,46.1,0.621,1,young
6,181.0,75.0,49.0,129.0,33.7,0.191,1,older
0,109.0,80.0,28.0,132.0,32.5,0.586,0,young
1,83.0,60.0,43.0,52.0,33.0,0.211,0,young
6,100.0,67.0,28.0,125.0,29.0,0.238,0,young
4,116.0,66.0,16.0,132.0,26.1,0.268,0,young
7,106.0,67.0,29.0,124.0,29.1,0.442,0,young
5,103.0,74.0,19.0,120.0,26.0,0.126,0,young
8,187.0,86.0,30.0,128.0,36.9,0.327,1,older
11,128.0,79.0,28.0,129.0,26.9,0.136,0,older
0,123.0,72.0,23.0,122.0,30.4,0.305,0,young
0,109.0,56.0,25.0,185.0,40.6,0.696,0,young
1,135.0,79.0,39.0,126.0,34.3,0.254,0,young
2,106.0,68.0,24.0,37.0,32.7,0.311,0,young
1,106.0,73.0,31.0,122.0,33.2,0.205,0,young
6,119.0,63.0,30.0,121.0,31.3,0.144,0,young
3,81.0,80.0,31.0,126.0,27.4,0.235,0,young
1,122.0,69.0,29.0,125.0,32.9,0.256,0,young
1,102.0,53.0,32.0,79.0,33.2,0.374,0,young
8,77.0,60.0,29.0,131.0,41.0,0.378,0,young
0,109.0,61.0,31.0,130.0,35.9,0.285,0,young
4,87.0,65.0,26.0,133.0,31.6,0.264,0,young
12,102.0,77.0,28.0,127.0,35.9,0.314,0,older
0,118.0,72.0,30.0,127.0,34.5,0.409,0,young
7,92.0,67.0,27.0,126.0,28.3,0.264,1,older
2,95.0,66.0,42.0,133.0,34.2,0.225,0,young
1,158.0,83.0,35.0,176.0,35.8,0.699,1,young
2,106.0,81.0,31.0,123.0,30.6,0.365,0,older
7,107.0,69.0,30.0,121.0,32.5,0.281,0,older
0,133.0,76.0,49.0,159.0,31.3,0.615,1,young
1,180.0,80.0,36.0,235.0,37.5,0.517,1,young
9,109.0,89.0,27.0,126.0,34.4,0.231,0,young
3,171.0,88.0,33.0,135.0,35.9,0.228,1,older
1,101.0,74.0,30.0,124.0,32.1,0.209,0,young
10,158.0,86.0,36.0,121.0,30.8,0.302,1,older
10,111.0,75.0,29.0,126.0,30.1,0.295,0,young
1,106.0,83.0,29.0,122.0,30.8,0.38,0,young
0,117.0,75.0,29.0,126.0,28.3,0.351,0,older
2,120.0,74.0,27.0,126.0,27.0,0.28,0,young
2,105.0,72.0,40.0,210.0,35.5,0.767,0,young
10,121.0,74.0,36.0,127.0,31.5,0.272,0,young
0,120.0,54.0,23.0,87.0,36.7,0.681,0,young
5,114.0,80.0,16.0,120.0,20.8,0.433,0,young
1,106.0,76.0,46.0,121.0,20.6,0.317,0,young
2,105.0,61.0,39.0,61.0,31.5,0.345,0,young
2,98.0,67.0,26.0,129.0,33.4,0.699,1,young
1,111.0,81.0,26.0,124.0,29.6,0.226,0,young
1,80.0,52.0,33.0,45.0,26.3,0.367,0,young
6,116.0,73.0,30.0,129.0,23.9,0.223,0,older
5,106.0,65.0,31.0,126.0,25.1,0.178,0,older
1,118.0,76.0,18.0,126.0,29.1,0.084,0,young
1,123.0,70.0,31.0,123.0,43.9,0.231,0,young
12,82.0,77.0,24.0,129.0,31.9,0.333,0,older
1,80.0,72.0,29.0,124.0,26.6,0.351,0,older
1,84.0,66.0,30.0,122.0,26.2,0.277,0,young
3,128.0,80.0,34.0,120.0,30.6,0.367,1,older
0,117.0,62.0,32.0,125.0,35.2,0.223,0,young
8,104.0,73.0,30.0,122.0,33.4,0.231,1,young
5,96.0,59.0,25.0,118.0,34.0,0.205,0,older
2,114.0,82.0,34.0,125.0,38.4,0.155,0,young
1,120.0,67.0,36.0,122.0,34.2,0.304,0,young
0,155.0,74.0,33.0,127.0,32.7,0.558,1,young
5,117.0,89.0,38.0,122.0,32.5,0.735,1,young
7,95.0,62.0,27.0,124.0,27.5,0.256,0,young
1,124.0,78.0,20.0,68.0,18.2,0.239,0,young
6,105.0,74.0,28.0,124.0,33.4,0.112,0,older
1,92.0,70.0,35.0,129.0,32.6,0.248,1,young
1,100.0,86.0,42.0,123.0,32.9,0.267,1,young
8,151.0,95.0,42.0,130.0,33.6,0.415,1,older
1,92.0,57.0,14.0,126.0,26.5,0.252,0,young
0,87.0,83.0,29.0,132.0,37.9,0.151,0,young
1,109.0,65.0,21.0,39.0,29.2,0.251,0,young
1,72.0,52.0,39.0,40.0,31.1,0.328,0,young
1,87.0,69.0,35.0,127.0,35.0,0.219,0,young
0,85.0,62.0,18.0,70.0,32.5,0.227,0,young
0,80.0,67.0,20.0,124.0,24.0,0.289,0,young
1,91.0,77.0,30.0,120.0,33.1,0.183,0,young
0,100.0,66.0,19.0,33.0,24.8,0.254,0,young
1,103.0,67.0,29.0,122.0,30.7,0.196,0,young
11,114.0,75.0,29.0,124.0,34.0,0.281,0,older
7,140.0,93.0,29.0,127.0,27.1,0.22,1,older
3,103.0,68.0,19.0,126.0,24.0,0.278,0,young
1,121.0,73.0,35.0,119.0,35.1,0.32,0,young
1,123.0,72.0,22.0,127.0,22.8,0.128,0,young
2,77.0,71.0,30.0,120.0,29.1,0.173,0,young
1,111.0,65.0,31.0,123.0,32.7,0.209,0,young
1,94.0,50.0,21.0,134.0,24.7,0.389,0,young
0,78.0,67.0,39.0,118.0,33.4,0.17,1,young
1,106.0,59.0,34.0,121.0,27.4,0.257,0,young
2,99.0,68.0,27.0,132.0,38.0,0.243,0,young
1,110.0,71.0,30.0,124.0,30.6,0.187,0,young
6,78.0,63.0,18.0,121.0,25.4,0.315,0,older
2,111.0,71.0,32.0,125.0,32.3,0.198,0,young
9,133.0,76.0,45.0,128.0,38.9,0.182,1,older
8,100.0,83.0,28.0,122.0,36.8,0.265,0,young
1,99.0,74.0,43.0,78.0,32.0,0.427,0,young
9,107.0,65.0,30.0,123.0,28.1,0.224,1,older
0,98.0,86.0,29.0,124.0,34.0,0.153,0,young
4,102.0,56.0,28.0,125.0,36.1,0.206,0,older
7,153.0,79.0,29.0,124.0,29.2,0.24,0,older
9,120.0,82.0,29.0,123.0,34.0,0.238,1,young
1,111.0,67.0,29.0,127.0,31.4,0.322,0,young
13,125.0,75.0,30.0,121.0,29.9,0.352,0,older
6,130.0,69.0,37.0,127.0,26.5,0.238,1,young
0,109.0,73.0,33.0,130.0,35.2,0.488,0,young
1,114.0,57.0,34.0,68.0,34.9,0.331,0,young
14,100.0,77.0,28.0,123.0,28.5,0.268,0,older
2,104.0,73.0,28.0,125.0,30.2,0.207,0,young
2,104.0,81.0,29.0,127.0,30.9,0.165,0,young
1,108.0,68.0,24.0,85.0,22.6,0.334,0,young
6,158.0,77.0,33.0,132.0,39.1,0.265,1,older
1,100.0,63.0,11.0,128.0,27.8,0.336,0,young
0,101.0,75.0,30.0,118.0,25.1,0.272,0,young
1,103.0,70.0,21.0,92.0,28.1,0.282,0,young
10,114.0,66.0,32.0,121.0,33.0,0.349,0,older
8,98.0,73.0,30.0,126.0,33.8,0.262,0,young
0,99.0,76.0,16.0,73.0,31.9,0.314,0,young
1,97.0,73.0,41.0,123.0,35.2,0.245,0,young
1,63.0,72.0,49.0,135.0,27.9,0.278,1,young
2,158.0,74.0,49.0,129.0,45.3,0.306,1,young
2,96.0,70.0,39.0,152.0,33.1,0.889,1,young
6,124.0,60.0,19.0,126.0,30.8,0.22,0,older
6,102.0,68.0,30.0,137.0,38.4,0.143,0,young
9,85.0,60.0,29.0,124.0,35.1,0.196,0,older
3,110.0,76.0,29.0,123.0,33.5,0.139,1,young
0,107.0,70.0,20.0,125.0,34.3,0.26,0,young
1,103.0,67.0,30.0,116.0,39.3,0.193,0,young
10,101.0,61.0,29.0,125.0,26.4,0.265,0,young
1,110.0,69.0,28.0,169.0,36.9,0.656,0,young
8,109.0,60.0,29.0,128.0,31.0,0.325,0,young
1,126.0,63.0,24.0,59.0,26.1,0.522,0,young
1,90.0,81.0,43.0,133.0,36.8,0.179,1,young
1,107.0,62.0,37.0,125.0,32.8,0.31,0,young
5,157.0,75.0,28.0,130.0,40.2,0.364,1,older
9,114.0,73.0,30.0,128.0,34.4,0.431,0,young
3,107.0,91.0,23.0,130.0,31.5,0.32,1,young
1,91.0,85.0,30.0,25.0,32.8,0.332,0,young
1,76.0,70.0,28.0,104.0,36.6,0.246,0,young
3,103.0,62.0,28.0,127.0,29.0,0.198,0,young
16,97.0,73.0,29.0,127.0,29.3,0.32,0,older
0,79.0,68.0,42.0,90.0,34.0,0.362,0,young
0,121.0,76.0,29.0,124.0,36.6,0.22,0,young
8,106.0,70.0,30.0,126.0,33.2,0.644,1,older
0,113.0,81.0,34.0,67.0,38.6,0.162,0,young
0,105.0,73.0,30.0,117.0,37.6,0.156,0,young
1,120.0,67.0,24.0,124.0,30.6,0.204,0,young
1,73.0,58.0,22.0,74.0,20.7,0.171,0,young
2,104.0,65.0,33.0,123.0,33.0,0.215,0,young
1,112.0,71.0,19.0,132.0,23.9,0.17,0,young
5,146.0,69.0,35.0,189.0,33.7,0.316,1,young
9,92.0,79.0,28.0,124.0,35.0,0.312,1,older
0,86.0,68.0,14.0,43.0,39.0,0.656,0,young
11,104.0,77.0,28.0,126.0,27.8,0.347,0,older
8,100.0,71.0,19.0,127.0,30.8,0.557,0,young
2,94.0,62.0,21.0,126.0,29.8,0.331,0,young
1,147.0,69.0,34.0,170.0,32.4,0.834,1,young
1,105.0,65.0,24.0,126.0,21.9,0.23,0,young
8,161.0,71.0,30.0,183.0,41.1,0.894,1,young
8,87.0,59.0,30.0,125.0,23.9,0.149,0,older
2,131.0,67.0,17.0,125.0,30.5,0.332,0,young
2,117.0,67.0,33.0,211.0,35.8,0.554,1,young
4,88.0,60.0,39.0,64.0,20.8,0.268,0,young
1,93.0,66.0,17.0,129.0,25.8,0.282,0,young
1,89.0,73.0,24.0,129.0,38.9,0.305,0,young
11,183.0,95.0,31.0,132.0,30.7,0.259,1,older
10,94.0,79.0,30.0,125.0,37.1,0.222,0,older
0,102.0,75.0,35.0,128.0,38.1,0.207,1,young
8,142.0,92.0,30.0,133.0,33.4,0.288,1,older
1,93.0,64.0,33.0,127.0,32.1,0.373,0,young
2,97.0,77.0,28.0,122.0,22.2,0.167,0,young
1,100.0,70.0,39.0,121.0,38.8,0.243,0,young
3,103.0,61.0,29.0,125.0,23.1,0.227,0,older
1,94.0,71.0,22.0,124.0,36.6,0.186,0,young
2,101.0,78.0,27.0,96.0,32.3,0.489,0,young
2,128.0,80.0,19.0,123.0,32.0,0.285,0,young
1,115.0,70.0,23.0,70.0,26.7,0.257,0,young
1,94.0,65.0,29.0,123.0,27.2,0.152,0,young
0,117.0,65.0,37.0,213.0,32.8,0.539,1,young
0,108.0,85.0,29.0,119.0,41.5,0.288,0,young
1,140.0,67.0,37.0,206.0,36.5,0.765,0,young
7,117.0,71.0,28.0,119.0,30.6,0.264,0,young
1,118.0,62.0,44.0,195.0,34.7,0.486,1,young
6,84.0,69.0,29.0,122.0,31.1,0.202,0,older
10,125.0,66.0,33.0,126.0,29.4,0.287,1,older
0,84.0,63.0,31.0,75.0,32.5,0.241,0,young
2,105.0,62.0,29.0,53.0,37.8,0.19,0,young
2,118.0,62.0,13.0,122.0,18.2,0.288,0,young
1,105.0,74.0,22.0,125.0,29.7,0.284,0,young
0,115.0,57.0,16.0,134.0,31.8,0.261,0,young
2,114.0,77.0,24.0,126.0,20.4,0.107,0,young
1,130.0,70.0,25.0,258.0,38.9,0.187,0,young
1,116.0,62.0,32.0,54.0,25.1,0.205,0,young
5,123.0,71.0,29.0,127.0,29.5,0.206,1,older
5,163.0,80.0,34.0,134.0,32.8,0.313,1,older
2,91.0,64.0,30.0,129.0,27.2,0.224,0,young
8,133.0,66.0,21.0,120.0,20.1,0.224,0,older
0,124.0,61.0,32.0,223.0,37.1,0.492,1,young
6,86.0,63.0,32.0,137.0,33.9,0.281,1,older
2,117.0,72.0,20.0,131.0,26.4,0.194,0,young
1,124.0,72.0,44.0,126.0,36.0,0.443,0,young
10,97.0,87.0,29.0,124.0,39.1,0.255,1,older
0,94.0,68.0,47.0,123.0,32.5,0.174,0,young
7,100.0,74.0,27.0,121.0,32.6,0.252,1,older
10,133.0,73.0,29.0,132.0,34.7,0.159,0,young
8,119.0,80.0,30.0,126.0,31.5,0.319,0,older
9,101.0,71.0,29.0,133.0,27.3,0.26,0,older
1,97.0,81.0,33.0,81.0,36.8,0.299,0,young
8,141.0,76.0,29.0,123.0,34.3,0.326,1,older
5,142.0,69.0,28.0,126.0,29.7,0.488,1,young
4,99.0,73.0,38.0,124.0,32.4,0.099,0,young
7,119.0,75.0,34.0,122.0,32.3,0.276,1,older
0,104.0,71.0,29.0,123.0,32.7,0.209,0,young
1,114.0,65.0,28.0,126.0,34.1,0.231,0,young
0,83.0,61.0,14.0,58.0,27.9,0.296,0,young
0,93.0,62.0,28.0,155.0,20.2,0.694,0,young
1,111.0,80.0,28.0,131.0,35.7,0.229,0,young
3,106.0,68.0,31.0,127.0,34.6,0.192,0,young
0,103.0,76.0,30.0,127.0,35.6,0.13,0,young
5,145.0,82.0,29.0,124.0,38.9,0.2,1,older
1,121.0,67.0,22.0,121.0,34.2,0.506,0,young
1,108.0,69.0,48.0,126.0,37.7,0.372,0,young
1,112.0,66.0,41.0,76.0,30.9,0.797,0,young
0,125.0,74.0,37.0,131.0,31.6,0.234,0,young
0,97.0,67.0,33.0,47.0,24.9,0.496,0,young
6,129.0,81.0,29.0,123.0,40.0,0.084,1,older
4,74.0,67.0,29.0,119.0,30.9,0.262,0,young
8,197.0,75.0,22.0,127.0,27.1,0.381,1,older
1,71.0,70.0,26.0,76.0,26.9,0.388,0,young
8,116.0,72.0,30.0,128.0,33.1,0.139,1,older
0,92.0,77.0,41.0,122.0,29.8,0.239,0,young
9,159.0,76.0,30.0,131.0,37.2,0.372,1,older
9,101.0,65.0,28.0,124.0,28.9,0.177,0,older
6,92.0,74.0,29.0,122.0,29.8,0.22,0,older
4,121.0,78.0,28.0,127.0,23.8,0.282,0,young
2,104.0,72.0,32.0,129.0,39.0,0.727,1,young
8,112.0,56.0,25.0,122.0,35.9,0.406,1,young
0,106.0,71.0,26.0,124.0,30.8,0.165,0,young
0,130.0,73.0,30.0,119.0,31.5,0.396,0,young
4,99.0,69.0,28.0,125.0,22.0,0.247,0,older
1,90.0,75.0,30.0,129.0,30.4,0.13,0,young
1,102.0,82.0,29.0,124.0,34.8,0.289,0,young
1,95.0,70.0,36.0,95.0,33.4,0.677,0,young
4,129.0,77.0,34.0,126.0,37.4,0.586,1,older
8,121.0,79.0,29.0,120.0,23.3,0.31,0,older
6,92.0,62.0,29.0,130.0,33.7,0.327,0,older
1,148.0,75.0,29.0,124.0,27.7,0.161,1,older
0,139.0,64.0,30.0,62.0,27.0,0.236,0,young
4,148.0,96.0,36.0,130.0,38.9,0.955,1,young
11,101.0,68.0,29.0,126.0,28.8,0.191,0,young
3,119.0,74.0,38.0,136.0,27.9,0.163,0,older
1,109.0,76.0,29.0,125.0,30.5,0.212,0,young
3,106.0,73.0,36.0,126.0,38.4,0.084,0,young
0,108.0,69.0,24.0,124.0,20.8,0.204,0,young
14,107.0,81.0,43.0,121.0,37.9,0.274,1,older
9,72.0,70.0,18.0,120.0,34.8,0.265,0,young
1,112.0,56.0,18.0,127.0,29.3,0.192,0,young
7,102.0,74.0,29.0,131.0,27.1,0.362,1,older
6,99.0,77.0,27.0,120.0,34.7,0.276,0,young
3,132.0,68.0,34.0,123.0,34.3,0.463,1,young
0,112.0,71.0,42.0,126.0,43.6,0.177,1,young
1,100.0,60.0,26.0,106.0,36.7,0.456,0,young
0,101.0,67.0,48.0,64.0,29.3,0.579,0,young
5,98.0,78.0,28.0,128.0,30.9,0.188,0,young
10,96.0,78.0,29.0,131.0,34.2,0.189,0,older
8,139.0,85.0,37.0,126.0,36.4,0.227,1,older
2,111.0,74.0,42.0,102.0,28.1,0.285,0,young
4,158.0,61.0,26.0,127.0,35.1,0.958,1,young
8,110.0,78.0,29.0,123.0,29.6,0.167,0,young
1,94.0,67.0,23.0,127.0,32.8,0.355,0,young
7,107.0,67.0,26.0,125.0,27.5,0.249,0,young
7,139.0,79.0,42.0,123.0,32.7,0.152,0,older
8,108.0,74.0,27.0,124.0,31.9,0.175,1,older
1,124.0,58.0,29.0,51.0,29.6,0.251,0,young
0,125.0,72.0,14.0,122.0,23.4,0.329,0,young
5,155.0,85.0,35.0,123.0,35.6,0.218,1,young
2,101.0,74.0,41.0,118.0,38.3,0.258,0,young
3,92.0,68.0,22.0,126.0,18.2,0.288,0,young
2,109.0,63.0,11.0,125.0,27.9,0.182,0,young
7,125.0,74.0,29.0,126.0,34.1,0.285,0,older
11,100.0,68.0,28.0,126.0,35.2,0.272,0,older
4,163.0,67.0,37.0,125.0,35.1,0.226,1,young
2,99.0,79.0,44.0,119.0,34.9,0.399,0,young
3,114.0,69.0,30.0,123.0,29.9,0.206,0,older
1,108.0,64.0,26.0,89.0,31.6,0.512,0,young
1,109.0,70.0,31.0,122.0,31.8,0.245,0,young
6,134.0,84.0,29.0,121.0,37.4,0.123,0,older
1,121.0,75.0,37.0,124.0,37.7,0.298,0,young
2,74.0,57.0,37.0,53.0,34.5,0.283,0,young
10,105.0,62.0,29.0,127.0,28.6,0.24,0,older
0,103.0,66.0,38.0,69.0,31.2,0.234,0,young
1,112.0,71.0,37.0,121.0,35.2,0.231,0,older
2,96.0,47.0,12.0,98.0,18.2,0.286,0,young
3,87.0,63.0,20.0,129.0,29.3,0.173,0,young
1,119.0,77.0,15.0,126.0,36.4,0.084,0,young
1,128.0,73.0,31.0,168.0,35.3,0.363,0,young
2,98.0,75.0,39.0,58.0,33.3,0.307,0,young
5,94.0,76.0,29.0,124.0,29.0,0.234,0,young
2,85.0,73.0,29.0,129.0,29.0,0.162,0,young
11,111.0,62.0,28.0,122.0,28.8,0.172,0,older
1,118.0,70.0,46.0,127.0,30.4,0.236,1,young
7,128.0,68.0,28.0,122.0,28.9,0.329,0,older
1,82.0,75.0,36.0,119.0,40.6,0.327,0,young
7,104.0,70.0,29.0,132.0,34.5,0.221,0,young
7,107.0,81.0,29.0,122.0,31.6,0.14,0,young
2,100.0,67.0,33.0,126.0,34.3,0.195,0,young
2,79.0,69.0,28.0,123.0,34.6,0.117,0,young
4,146.0,77.0,26.0,130.0,44.4,0.629,1,young
3,175.0,70.0,36.0,214.0,36.1,0.721,1,young
1,114.0,75.0,30.0,123.0,29.7,0.231,0,young
1,89.0,77.0,29.0,119.0,24.3,0.321,0,young
10,77.0,72.0,29.0,121.0,28.6,0.174,0,older
1,69.0,64.0,31.0,66.0,33.4,0.327,0,young
2,116.0,55.0,16.0,130.0,25.5,0.22,0,young
1,111.0,74.0,36.0,124.0,21.6,0.122,0,young
8,111.0,65.0,40.0,125.0,32.2,0.245,0,young
10,78.0,77.0,29.0,126.0,35.3,0.27,0,young
1,93.0,62.0,28.0,124.0,31.2,0.287,0,young
4,114.0,65.0,32.0,165.0,38.3,0.542,1,young
0,97.0,64.0,30.0,130.0,36.8,0.144,0,young
1,96.0,68.0,28.0,123.0,21.0,0.176,0,young
6,100.0,60.0,37.0,129.0,30.5,0.295,0,young
1,132.0,63.0,28.0,132.0,30.4,0.293,1,older
3,108.0,66.0,32.0,127.0,24.2,0.303,0,young
7,122.0,73.0,19.0,127.0,31.7,0.256,0,young
1,63.0,68.0,40.0,36.0,30.7,0.275,0,young
0,79.0,66.0,39.0,118.0,35.2,0.244,0,young
1,80.0,71.0,39.0,126.0,34.3,0.186,0,young
0,103.0,73.0,52.0,128.0,33.0,0.189,0,young
1,170.0,77.0,40.0,240.0,32.2,0.653,1,young
4,106.0,73.0,30.0,124.0,31.6,0.218,1,older
8,95.0,58.0,27.0,121.0,32.2,0.255,0,young
2,116.0,66.0,32.0,121.0,31.1,0.197,0,young
1,104.0,74.0,13.0,78.0,24.1,0.491,0,young
7,174.0,93.0,24.0,126.0,39.5,0.312,1,older
1,104.0,69.0,39.0,202.0,36.9,0.277,1,young
6,127.0,79.0,24.0,131.0,29.8,0.521,0,young
4,125.0,77.0,29.0,124.0,36.3,0.238,0,older
1,115.0,73.0,31.0,125.0,35.3,0.109,0,young
9,108.0,63.0,28.0,68.0,24.1,0.569,0,young
1,120.0,67.0,19.0,129.0,25.1,0.154,0,young
2,117.0,69.0,20.0,127.0,28.2,0.084,0,young
2,76.0,69.0,31.0,130.0,25.7,0.369,0,young
4,111.0,71.0,43.0,127.0,25.6,0.244,1,young
0,82.0,62.0,26.0,75.0,28.5,0.43,0,young
0,100.0,65.0,29.0,123.0,38.0,0.198,0,young
0,96.0,83.0,40.0,99.0,35.7,0.308,1,young
1,113.0,73.0,27.0,125.0,31.4,0.177,0,young
6,110.0,72.0,31.0,123.0,29.1,0.372,0,young
8,115.0,73.0,37.0,122.0,24.9,0.155,0,older
9,140.0,91.0,30.0,127.0,23.8,0.278,1,older
6,89.0,69.0,38.0,123.0,33.9,0.1,0,young
0,90.0,49.0,36.0,84.0,32.6,0.311,0,young
2,123.0,59.0,21.0,126.0,33.4,0.376,0,young
9,112.0,76.0,29.0,125.0,36.3,0.314,0,young
0,136.0,86.0,29.0,123.0,51.5,0.616,1,young
7,68.0,58.0,31.0,126.0,34.2,0.233,0,young
8,141.0,68.0,25.0,121.0,25.4,0.36,1,young
1,108.0,75.0,34.0,123.0,39.8,0.219,0,young
9,95.0,74.0,30.0,121.0,37.9,0.295,1,young
9,93.0,69.0,33.0,129.0,26.6,0.128,0,young
3,83.0,66.0,25.0,129.0,33.2,0.401,0,young
9,111.0,76.0,42.0,129.0,36.3,0.164,1,older
8,114.0,82.0,30.0,118.0,33.9,0.357,1,older
0,93.0,66.0,43.0,124.0,36.2,0.626,0,young
4,127.0,74.0,25.0,126.0,26.2,0.641,1,young
1,144.0,79.0,44.0,125.0,38.1,0.236,0,young
12,178.0,85.0,28.0,122.0,32.8,0.257,1,older
8,111.0,72.0,29.0,122.0,29.7,0.196,0,young
9,109.0,61.0,29.0,121.0,25.4,0.191,0,older
1,108.0,69.0,38.0,126.0,35.9,0.288,1,young
8,122.0,70.0,36.0,129.0,34.0,0.371,0,young
2,85.0,69.0,23.0,86.0,23.0,0.184,0,young
1,97.0,60.0,28.0,128.0,39.0,0.249,0,young
11,92.0,72.0,29.0,123.0,34.1,0.114,0,older
1,101.0,68.0,22.0,73.0,26.7,0.271,0,young
4,169.0,75.0,28.0,128.0,30.9,0.293,1,older
2,114.0,66.0,42.0,126.0,28.4,0.23,0,young
0,107.0,62.0,44.0,131.0,32.0,0.173,1,young
2,92.0,77.0,30.0,126.0,35.1,0.108,0,young
3,73.0,76.0,29.0,123.0,26.0,0.332,0,young
1,90.0,72.0,41.0,128.0,34.4,0.209,0,older
1,99.0,77.0,39.0,126.0,36.4,0.251,0,young
1,112.0,75.0,36.0,131.0,32.7,0.301,0,young
2,85.0,58.0,28.0,130.0,32.3,0.127,0,young
1,87.0,68.0,21.0,123.0,34.7,0.269,0,young
3,84.0,77.0,30.0,132.0,35.2,0.122,0,young
1,110.0,64.0,29.0,159.0,32.1,0.695,1,young
2,85.0,65.0,28.0,118.0,35.0,0.191,0,young
0,132.0,75.0,30.0,128.0,24.8,0.269,0,young
12,111.0,70.0,27.0,129.0,30.9,0.38,0,older
1,118.0,66.0,35.0,167.0,28.1,0.557,0,young
0,115.0,84.0,40.0,128.0,30.4,0.345,0,young
8,80.0,69.0,30.0,126.0,31.5,0.151,0,young
2,112.0,77.0,31.0,124.0,32.3,0.334,0,young
0,187.0,74.0,35.0,136.0,34.0,0.206,1,older
7,116.0,81.0,20.0,128.0,37.8,0.287,1,older
8,109.0,60.0,21.0,123.0,25.4,0.457,0,young
11,128.0,66.0,28.0,128.0,34.8,0.206,1,older
1,112.0,86.0,36.0,122.0,32.5,0.429,1,young
6,134.0,78.0,28.0,129.0,24.4,0.382,0,older
8,115.0,71.0,39.0,129.0,32.4,0.244,0,young
2,113.0,78.0,29.0,127.0,30.6,0.176,0,young
1,124.0,67.0,25.0,126.0,27.4,0.359,0,young
1,109.0,76.0,29.0,129.0,25.7,0.395,0,young
1,129.0,72.0,31.0,126.0,32.0,0.337,0,older
2,130.0,73.0,39.0,149.0,43.6,0.731,1,young
2,102.0,70.0,28.0,126.0,33.7,0.206,0,older
2,108.0,76.0,29.0,123.0,34.7,0.249,0,young
2,91.0,65.0,24.0,130.0,25.5,0.347,0,young
6,93.0,62.0,31.0,126.0,28.7,0.222,0,young
10,95.0,87.0,30.0,123.0,40.4,0.237,1,older
3,128.0,76.0,30.0,124.0,29.7,0.278,1,older
9,133.0,83.0,30.0,117.0,31.2,0.207,1,older
0,132.0,71.0,30.0,120.0,36.7,0.275,0,young
12,93.0,67.0,40.0,128.0,27.2,0.228,0,young
2,137.0,63.0,19.0,121.0,26.2,0.209,0,young
0,133.0,79.0,43.0,135.0,38.5,0.331,1,young
1,90.0,55.0,16.0,122.0,28.3,0.168,0,young
0,103.0,74.0,27.0,129.0,26.8,0.204,0,young
7,122.0,68.0,30.0,121.0,29.3,0.342,0,older
1,85.0,59.0,22.0,48.0,24.3,0.225,0,young
2,96.0,69.0,29.0,125.0,37.4,0.169,0,young
8,107.0,66.0,29.0,120.0,27.1,0.358,0,young
14,116.0,76.0,28.0,121.0,33.6,0.318,0,older
1,83.0,68.0,41.0,130.0,27.0,0.34,0,young
1,105.0,72.0,30.0,120.0,38.5,0.384,0,young
1,93.0,71.0,30.0,135.0,34.4,0.192,0,young
0,106.0,77.0,30.0,124.0,40.9,0.252,0,young
1,104.0,58.0,16.0,76.0,23.4,0.265,0,young
0,130.0,75.0,28.0,124.0,37.9,0.28,0,young
8,95.0,75.0,30.0,127.0,29.8,0.28,0,older
1,110.0,75.0,40.0,105.0,28.7,0.532,0,young
0,112.0,74.0,30.0,128.0,40.0,0.233,1,young
9,86.0,69.0,28.0,126.0,32.8,0.336,0,young
1,106.0,76.0,30.0,126.0,31.7,0.182,0,young
9,87.0,68.0,44.0,119.0,33.7,0.189,0,older
0,77.0,74.0,19.0,124.0,29.9,0.271,0,young
1,110.0,71.0,18.0,129.0,26.9,0.206,0,young
7,92.0,72.0,29.0,124.0,34.3,0.19,0,young
0,94.0,65.0,28.0,57.0,27.9,0.315,0,young
2,79.0,73.0,38.0,170.0,31.6,0.468,1,young
1,104.0,69.0,29.0,127.0,33.4,0.161,0,young
0,89.0,72.0,29.0,115.0,29.7,0.163,0,young
1,116.0,73.0,32.0,120.0,28.7,0.186,0,young
2,123.0,63.0,31.0,158.0,26.8,0.181,0,young
4,107.0,75.0,30.0,122.0,24.7,0.242,0,older
5,151.0,94.0,34.0,121.0,40.1,0.272,1,older
9,90.0,81.0,30.0,121.0,39.2,0.22,0,older
11,138.0,72.0,29.0,130.0,36.2,0.358,1,older
1,122.0,66.0,42.0,177.0,32.4,0.871,1,young
7,105.0,76.0,51.0,123.0,32.3,0.271,0,young
5,99.0,72.0,29.0,124.0,25.5,0.235,0,young
1,116.0,66.0,17.0,132.0,29.9,0.179,0,young
9,115.0,79.0,28.0,123.0,30.3,0.238,1,older
1,109.0,64.0,33.0,80.0,31.1,0.416,0,young
2,126.0,67.0,15.0,50.0,27.2,0.251,0,young
2,105.0,65.0,20.0,133.0,29.0,0.341,0,young
2,100.0,69.0,29.0,119.0,26.4,0.218,0,young
6,100.0,79.0,30.0,123.0,28.8,0.179,0,young
5,124.0,67.0,33.0,118.0,31.4,0.269,0,young
2,90.0,71.0,17.0,125.0,25.9,0.303,0,young
1,101.0,64.0,12.0,28.0,28.6,0.479,0,young
5,162.0,85.0,33.0,127.0,35.1,0.184,1,older
10,114.0,82.0,34.0,117.0,31.7,0.318,1,older
8,115.0,67.0,43.0,128.0,31.5,0.151,1,young
1,105.0,65.0,29.0,127.0,30.0,0.142,0,young
8,107.0,82.0,30.0,131.0,32.1,0.253,1,older
0,122.0,69.0,26.0,81.0,36.9,0.52,0,young
1,105.0,59.0,29.0,129.0,28.3,0.213,0,young
0,121.0,77.0,27.0,124.0,32.0,0.27,0,young
4,107.0,86.0,49.0,122.0,40.6,0.178,1,older
0,111.0,71.0,22.0,127.0,33.5,0.243,0,young
5,92.0,61.0,28.0,127.0,34.3,0.288,0,young
1,120.0,84.0,30.0,126.0,35.4,0.194,0,young
7,134.0,76.0,29.0,129.0,30.9,0.247,1,older
1,91.0,68.0,24.0,125.0,30.1,0.585,0,young
8,78.0,84.0,28.0,131.0,33.4,0.279,1,older
2,70.0,69.0,15.0,120.0,25.1,0.293,0,young
1,86.0,64.0,29.0,133.0,36.5,0.134,0,young
1,108.0,63.0,22.0,120.0,19.7,0.181,0,young
6,112.0,80.0,29.0,127.0,25.1,0.153,0,young
5,110.0,67.0,20.0,120.0,27.6,0.19,1,older
2,103.0,73.0,21.0,125.0,37.3,0.3,0,young
1,127.0,55.0,32.0,194.0,23.9,0.535,1,young
1,90.0,64.0,29.0,50.0,34.3,0.212,0,young
2,118.0,73.0,29.0,128.0,38.5,0.15,0,young
6,112.0,82.0,39.0,130.0,38.3,0.25,1,older
1,87.0,66.0,26.0,87.0,23.3,0.441,0,young
0,115.0,67.0,28.0,123.0,30.8,0.324,0,young
2,109.0,76.0,30.0,127.0,34.4,0.172,0,young
8,129.0,91.0,32.0,120.0,36.4,0.153,1,older
11,96.0,71.0,29.0,131.0,33.3,0.265,0,older
7,122.0,54.0,32.0,126.0,29.8,0.764,0,young
2,88.0,71.0,34.0,121.0,37.3,0.233,0,young
1,101.0,77.0,29.0,125.0,28.9,0.163,0,young
5,109.0,83.0,28.0,125.0,29.4,0.161,0,young
2,116.0,66.0,42.0,123.0,35.8,0.301,0,young
8,125.0,75.0,42.0,128.0,35.3,0.208,0,older
2,111.0,70.0,28.0,128.0,33.0,0.117,0,young
0,112.0,60.0,33.0,181.0,33.0,0.5,0,young
2,111.0,65.0,14.0,128.0,34.2,0.214,0,young
0,92.0,72.0,29.0,122.0,37.3,0.19,1,young
6,110.0,71.0,29.0,124.0,32.2,0.247,0,young
0,119.0,81.0,37.0,125.0,34.0,0.318,0,young
1,81.0,80.0,29.0,50.0,32.1,0.32,0,young
0,120.0,71.0,29.0,127.0,32.6,0.341,0,young
6,136.0,69.0,28.0,130.0,30.8,0.288,0,older
4,102.0,64.0,36.0,44.0,23.4,0.167,0,young
2,122.0,82.0,30.0,123.0,34.3,0.205,0,young
1,104.0,70.0,35.0,237.0,37.8,0.85,1,young
8,119.0,88.0,28.0,132.0,33.7,0.349,0,older
1,91.0,78.0,30.0,129.0,33.6,0.279,0,young
0,87.0,67.0,30.0,103.0,31.7,0.783,0,young
5,87.0,72.0,30.0,124.0,36.4,0.172,0,young
1,74.0,71.0,42.0,100.0,37.5,0.484,0,young
1,93.0,62.0,22.0,69.0,30.2,0.159,0,young
7,124.0,59.0,40.0,121.0,37.0,0.75,0,young
4,100.0,69.0,30.0,130.0,30.2,0.084,0,young
6,113.0,71.0,28.0,128.0,24.0,0.21,0,young
1,107.0,73.0,25.0,119.0,28.4,0.203,0,young
1,109.0,71.0,31.0,128.0,33.2,0.25,0,young
6,126.0,86.0,40.0,133.0,24.9,0.299,1,older
1,85.0,66.0,29.0,121.0,28.4,0.196,0,young
1,139.0,68.0,31.0,127.0,30.4,0.313,0,young
0,98.0,77.0,40.0,127.0,37.4,0.323,1,young
5,166.0,85.0,38.0,122.0,36.0,0.32,1,older
6,77.0,88.0,28.0,122.0,32.0,0.326,1,older
4,95.0,62.0,31.0,137.0,30.2,0.178,0,young
1,115.0,58.0,30.0,80.0,28.9,0.427,0,young
1,65.0,68.0,17.0,93.0,23.1,0.126,0,young
1,78.0,50.0,35.0,57.0,28.6,0.72,0,young
10,101.0,80.0,29.0,119.0,31.9,0.298,1,older
1,86.0,72.0,25.0,132.0,28.3,0.67,0,young
2,140.0,71.0,40.0,125.0,29.2,0.281,1,young
1,116.0,71.0,31.0,185.0,32.0,0.544,0,young
2,87.0,79.0,29.0,128.0,31.9,0.335,0,young
5,128.0,73.0,28.0,125.0,27.2,0.279,0,older
4,118.0,70.0,35.0,125.0,33.4,0.744,1,young
1,90.0,68.0,25.0,34.0,34.0,0.242,0,young
1,77.0,71.0,30.0,129.0,29.7,0.277,0,young
10,112.0,84.0,27.0,121.0,27.3,0.208,0,older
2,132.0,81.0,29.0,124.0,21.2,0.181,0,young
2,92.0,75.0,14.0,133.0,35.6,0.288,0,young
1,83.0,69.0,10.0,127.0,30.2,0.22,0,young
8,124.0,82.0,28.0,129.0,34.1,0.146,0,older
1,93.0,60.0,38.0,127.0,30.7,0.251,0,young
9,87.0,81.0,29.0,121.0,37.5,0.327,0,older
3,96.0,82.0,42.0,81.0,29.2,0.245,0,young
8,99.0,67.0,27.0,126.0,32.3,0.256,0,young
6,84.0,74.0,28.0,126.0,30.5,0.223,0,young
2,181.0,70.0,35.0,169.0,34.3,0.319,1,young
2,104.0,81.0,25.0,126.0,30.2,0.23,0,young
0,94.0,69.0,27.0,122.0,32.2,0.304,0,young
6,96.0,69.0,50.0,123.0,26.9,0.203,1,young
0,112.0,67.0,36.0,124.0,29.9,0.39,0,young
2,69.0,67.0,31.0,65.0,30.6,0.314,0,young
2,104.0,71.0,31.0,126.0,30.3,0.276,0,young
0,84.0,67.0,41.0,125.0,38.9,0.258,0,young
1,112.0,66.0,51.0,214.0,41.6,0.424,1,young
1,96.0,70.0,36.0,166.0,31.9,0.616,1,young
8,121.0,77.0,29.0,131.0,23.4,0.162,0,older
5,92.0,73.0,30.0,126.0,27.7,0.37,0,young
0,125.0,75.0,38.0,199.0,35.7,0.278,0,young
0,76.0,65.0,34.0,129.0,41.3,0.359,0,young
1,98.0,78.0,29.0,131.0,37.3,0.203,0,young
9,118.0,76.0,30.0,120.0,23.5,0.108,0,older
5,76.0,78.0,28.0,124.0,29.8,0.302,0,older
1,112.0,74.0,30.0,126.0,26.4,0.306,0,older
8,118.0,71.0,30.0,123.0,37.8,0.229,0,older
7,144.0,85.0,29.0,122.0,37.7,0.331,1,older
2,101.0,89.0,29.0,129.0,34.4,0.334,0,older
4,91.0,63.0,34.0,128.0,33.6,0.171,0,young
6,113.0,61.0,16.0,120.0,38.0,0.431,0,young
1,125.0,72.0,36.0,123.0,38.0,0.244,1,young
1,123.0,72.0,29.0,122.0,33.8,0.289,0,young
2,93.0,52.0,16.0,67.0,19.1,0.191,0,young
6,129.0,56.0,29.0,117.0,28.3,0.293,0,young
1,97.0,65.0,36.0,123.0,34.8,0.293,0,young
3,101.0,63.0,29.0,128.0,38.3,0.263,1,older
8,176.0,87.0,29.0,120.0,30.1,0.274,1,older
1,100.0,72.0,32.0,122.0,34.7,0.192,0,young
1,110.0,71.0,29.0,127.0,34.2,0.187,0,older
11,120.0,88.0,30.0,132.0,28.3,0.289,1,older
1,115.0,61.0,22.0,175.0,35.1,0.742,1,young
0,82.0,69.0,9.0,118.0,25.4,0.16,0,young
2,129.0,68.0,29.0,122.0,30.2,0.286,0,older
13,129.0,68.0,29.0,136.0,30.9,0.263,0,older
7,105.0,73.0,29.0,129.0,32.2,0.313,0,older
1,80.0,58.0,17.0,121.0,26.8,0.32,0,young
7,89.0,70.0,30.0,127.0,30.4,0.273,0,older
2,63.0,68.0,17.0,80.0,22.3,0.327,0,young
0,109.0,73.0,35.0,126.0,28.8,0.191,0,young
5,100.0,70.0,33.0,125.0,25.2,0.205,0,older
1,118.0,64.0,18.0,52.0,28.9,0.168,0,young
9,87.0,90.0,29.0,123.0,34.7,0.192,0,older
0,88.0,69.0,17.0,36.0,30.2,0.156,0,young
5,106.0,58.0,24.0,121.0,25.7,0.694,1,young
0,95.0,74.0,29.0,130.0,32.0,0.217,0,young
0,118.0,55.0,36.0,120.0,28.6,0.303,0,young
0,80.0,79.0,30.0,76.0,31.9,0.342,0,young
11,102.0,88.0,34.0,121.0,30.9,0.208,1,older
1,103.0,66.0,20.0,127.0,29.4,0.172,0,young
10,109.0,89.0,50.0,125.0,31.8,0.158,1,older
2,111.0,62.0,31.0,53.0,31.7,0.226,0,young
1,113.0,78.0,30.0,125.0,34.5,0.301,0,young
10,179.0,73.0,37.0,119.0,32.5,0.304,1,older
1,113.0,64.0,33.0,118.0,36.3,0.216,1,young
2,116.0,65.0,31.0,128.0,28.1,0.322,1,older
9,92.0,62.0,29.0,124.0,32.4,0.214,0,older
11,110.0,81.0,27.0,181.0,32.8,0.262,1,young
2,108.0,81.0,19.0,127.0,44.2,0.272,0,young
0,102.0,64.0,28.0,126.0,27.9,0.177,0,young
7,100.0,74.0,28.0,121.0,32.7,0.297,0,young
8,121.0,80.0,23.0,121.0,31.0,0.288,0,young
7,121.0,62.0,34.0,122.0,29.5,0.735,0,young
10,111.0,74.0,29.0,131.0,30.5,0.343,0,young
1,115.0,78.0,15.0,128.0,32.5,0.161,0,young
12,116.0,65.0,30.0,125.0,42.7,0.325,1,older
0,82.0,78.0,37.0,121.0,38.9,0.28,0,young
1,109.0,63.0,29.0,120.0,25.5,0.227,0,young
4,139.0,81.0,37.0,124.0,30.6,0.314,1,young
1,119.0,68.0,24.0,119.0,26.7,0.366,0,young
2,110.0,75.0,21.0,130.0,18.2,0.109,0,young
9,91.0,81.0,30.0,123.0,32.9,0.254,0,young
2,121.0,65.0,29.0,125.0,41.0,0.341,0,young
13,116.0,73.0,29.0,120.0,32.8,0.168,0,older
2,124.0,70.0,30.0,124.0,34.6,0.352,0,young
0,138.0,80.0,29.0,117.0,37.1,0.12,0,young
3,111.0,67.0,37.0,126.0,33.2,0.134,0,young
12,119.0,71.0,35.0,122.0,34.6,0.225,1,older
0,95.0,65.0,37.0,205.0,31.2,0.609,1,young
2,113.0,78.0,34.0,128.0,32.9,0.263,0,young
3,95.0,66.0,29.0,126.0,23.8,0.232,0,older
0,120.0,75.0,39.0,61.0,35.3,0.175,0,young
1,89.0,66.0,31.0,75.0,30.2,0.237,0,young
9,124.0,65.0,31.0,124.0,28.4,0.566,0,young
5,135.0,71.0,29.0,137.0,27.5,0.275,1,older
4,66.0,83.0,28.0,129.0,34.1,0.341,0,older
0,95.0,70.0,36.0,123.0,35.0,0.139,0,young
4,138.0,74.0,38.0,127.0,33.9,0.208,1,young
1,79.0,69.0,18.0,80.0,34.9,0.216,0,young
2,104.0,71.0,29.0,125.0,32.0,0.298,0,young
9,106.0,59.0,32.0,127.0,34.7,0.186,1,older
10,114.0,63.0,30.0,127.0,32.0,0.299,1,older
8,173.0,84.0,41.0,125.0,36.2,0.18,1,older
7,130.0,66.0,31.0,126.0,27.6,0.126,0,older
0,113.0,77.0,35.0,118.0,28.3,0.274,0,young
6,82.0,63.0,30.0,132.0,29.0,0.162,0,young
8,117.0,66.0,32.0,122.0,28.9,0.521,1,young
0,88.0,66.0,44.0,59.0,33.0,0.345,0,young
1,121.0,66.0,56.0,58.0,42.2,0.308,0,young
6,117.0,74.0,28.0,123.0,29.8,0.335,0,older
0,120.0,63.0,31.0,131.0,39.9,0.293,0,young
6,119.0,65.0,29.0,122.0,33.5,0.43,0,older
0,102.0,76.0,28.0,127.0,28.3,0.218,0,young
5,165.0,87.0,37.0,134.0,32.7,0.271,1,older
6,108.0,73.0,29.0,124.0,37.3,0.35,0,young
1,101.0,67.0,60.0,230.0,30.4,0.29,1,young
1,119.0,75.0,22.0,131.0,29.1,0.153,0,young
1,109.0,68.0,25.0,124.0,33.5,0.284,0,young
1,124.0,86.0,43.0,127.0,33.9,0.346,0,young
4,89.0,71.0,29.0,122.0,28.8,0.296,0,young
10,175.0,79.0,30.0,125.0,33.5,0.185,1,older
2,95.0,70.0,28.0,88.0,30.9,0.445,0,young
6,117.0,68.0,29.0,123.0,31.7,0.084,0,older
3,106.0,69.0,28.0,124.0,32.6,0.27,0,older
1,125.0,77.0,29.0,125.0,33.4,0.256,0,older
1,118.0,66.0,20.0,69.0,25.7,0.344,0,young
1,87.0,72.0,26.0,123.0,26.3,0.197,0,young
1,93.0,74.0,28.0,123.0,27.5,0.21,0,young
1,109.0,77.0,29.0,129.0,31.9,0.211,0,young
0,105.0,77.0,45.0,125.0,38.1,0.202,0,young
0,88.0,69.0,40.0,128.0,29.0,0.279,0,young
2,99.0,77.0,46.0,58.0,33.8,0.352,0,young
3,102.0,67.0,28.0,128.0,31.7,0.166,0,young
3,141.0,63.0,45.0,152.0,33.9,0.282,0,young
3,128.0,78.0,36.0,122.0,30.1,0.353,0,older
0,101.0,61.0,20.0,124.0,21.2,0.264,0,young
5,115.0,64.0,22.0,125.0,35.9,0.289,0,young
8,66.0,60.0,32.0,63.0,31.8,0.294,0,young
4,96.0,79.0,30.0,122.0,33.5,0.22,0,older
0,111.0,70.0,41.0,115.0,42.9,0.348,1,young
5,106.0,80.0,29.0,127.0,27.7,0.229,0,older
9,166.0,83.0,28.0,187.0,33.7,0.295,1,young
1,94.0,57.0,13.0,132.0,26.3,0.236,0,young
2,104.0,70.0,41.0,61.0,37.8,0.331,0,young
2,111.0,73.0,32.0,123.0,28.5,0.231,0,young
2,111.0,72.0,47.0,179.0,32.3,0.334,0,young
1,95.0,65.0,28.0,115.0,26.5,0.102,0,older
6,96.0,63.0,28.0,133.0,25.9,0.148,0,young
0,96.0,78.0,24.0,123.0,27.0,0.225,0,young
8,83.0,81.0,29.0,126.0,32.8,0.139,0,older
9,107.0,83.0,30.0,123.0,33.6,0.18,1,older
7,111.0,69.0,14.0,116.0,31.2,0.282,0,older
1,121.0,67.0,21.0,129.0,32.9,0.161,0,young
7,106.0,68.0,29.0,128.0,28.9,0.202,0,older
0,115.0,73.0,44.0,127.0,34.1,0.29,1,young
1,99.0,64.0,42.0,79.0,36.7,0.398,0,young
1,76.0,59.0,30.0,121.0,31.5,0.205,0,young
1,123.0,68.0,33.0,190.0,31.8,0.799,1,young
1,97.0,68.0,11.0,77.0,24.7,0.202,0,young
1,100.0,63.0,30.0,78.0,28.2,0.54,0,young
12,166.0,78.0,37.0,127.0,24.4,0.221,1,older
3,114.0,79.0,28.0,128.0,33.0,0.239,0,young
1,90.0,58.0,43.0,80.0,35.7,0.203,0,young
1,160.0,69.0,30.0,126.0,33.1,0.153,1,young
9,117.0,67.0,21.0,128.0,31.5,0.221,0,older
10,140.0,82.0,29.0,128.0,30.5,0.145,1,older
1,107.0,71.0,29.0,125.0,34.3,0.164,0,young
2,96.0,70.0,28.0,119.0,25.0,0.308,0,young
1,136.0,73.0,39.0,137.0,27.3,0.483,1,young
10,110.0,73.0,28.0,122.0,33.0,0.245,0,older
2,93.0,70.0,47.0,123.0,37.4,0.263,0,young
0,110.0,64.0,32.0,94.0,38.5,0.24,0,young
8,117.0,77.0,28.0,126.0,30.7,0.253,0,older
12,83.0,76.0,29.0,130.0,29.7,0.317,0,older
1,90.0,61.0,33.0,125.0,31.3,0.165,0,young
12,115.0,88.0,30.0,125.0,33.6,0.286,1,older
4,115.0,53.0,31.0,123.0,32.2,0.484,1,young
3,123.0,54.0,18.0,84.0,20.5,0.551,0,young
6,84.0,59.0,30.0,126.0,24.5,0.181,0,young
1,117.0,70.0,30.0,129.0,39.1,0.173,0,young
0,111.0,76.0,32.0,125.0,36.0,0.251,0,young
9,142.0,72.0,30.0,120.0,19.4,0.286,0,older
5,109.0,68.0,28.0,128.0,27.7,0.213,0,young
0,114.0,64.0,41.0,121.0,40.9,0.241,0,young
0,85.0,74.0,38.0,131.0,38.7,0.26,0,young
8,112.0,77.0,29.0,123.0,29.5,0.222,0,older
9,114.0,69.0,27.0,128.0,30.8,0.225,0,older
7,104.0,88.0,27.0,122.0,42.0,0.306,0,older
3,93.0,77.0,28.0,131.0,26.5,0.309,0,young
5,85.0,74.0,32.0,128.0,27.9,0.195,0,older
2,96.0,69.0,39.0,132.0,32.0,0.308,0,young
1,129.0,71.0,29.0,130.0,27.3,0.278,0,older
5,93.0,70.0,29.0,122.0,28.0,0.221,0,young
0,92.0,74.0,26.0,137.0,29.3,0.532,0,young
5,95.0,59.0,31.0,70.0,28.0,0.372,0,young
5,104.0,93.0,30.0,130.0,29.8,0.61,1,older
1,135.0,80.0,37.0,130.0,31.2,0.273,1,young
10,96.0,69.0,30.0,125.0,33.5,0.299,0,young
3,99.0,69.0,15.0,124.0,18.4,0.264,0,young
7,170.0,72.0,30.0,130.0,25.8,0.286,1,older
7,87.0,82.0,29.0,128.0,28.0,0.186,0,older
4,111.0,74.0,29.0,134.0,31.3,0.22,0,older
1,103.0,81.0,26.0,20.0,34.7,0.284,0,young
1,112.0,51.0,20.0,129.0,21.8,0.16,0,young
4,129.0,77.0,44.0,127.0,36.8,0.667,1,young
1,111.0,76.0,22.0,123.0,26.9,0.343,0,young
10,106.0,74.0,28.0,128.0,32.4,0.136,0,young
8,112.0,68.0,38.0,126.0,30.1,0.172,1,older
8,168.0,81.0,37.0,126.0,47.4,0.367,1,older
7,89.0,54.0,26.0,123.0,29.2,0.321,0,young
1,119.0,72.0,30.0,123.0,32.4,0.124,0,young
0,114.0,73.0,22.0,122.0,30.8,0.328,0,young
5,131.0,85.0,42.0,127.0,30.4,0.416,1,older
7,98.0,70.0,29.0,126.0,35.7,0.084,1,older
7,169.0,75.0,30.0,130.0,35.1,0.191,1,older
2,109.0,76.0,36.0,180.0,38.8,0.417,1,young
1,96.0,70.0,19.0,124.0,27.1,0.248,0,young
1,104.0,76.0,24.0,128.0,30.0,0.161,0,young
1,139.0,71.0,47.0,134.0,29.7,0.813,1,young
6,107.0,74.0,29.0,124.0,30.1,0.203,0,young
9,88.0,68.0,30.0,125.0,34.9,0.211,0,young
7,111.0,73.0,42.0,128.0,27.9,0.256,0,young
6,114.0,76.0,30.0,123.0,22.9,0.297,0,young
1,81.0,78.0,31.0,131.0,37.4,0.256,1,young
0,98.0,70.0,36.0,121.0,37.3,0.224,0,young
5,79.0,82.0,30.0,121.0,35.2,0.211,0,older
8,142.0,68.0,29.0,122.0,29.8,0.327,0,older
2,115.0,71.0,39.0,119.0,40.0,0.157,1,young
4,96.0,71.0,19.0,126.0,24.6,0.251,0,young
1,125.0,70.0,18.0,123.0,21.3,0.436,0,young
0,97.0,60.0,29.0,136.0,21.4,0.151,0,young
1,91.0,70.0,29.0,124.0,32.8,0.185,0,young
7,89.0,81.0,28.0,132.0,31.7,0.331,1,older
10,168.0,81.0,30.0,122.0,33.7,0.201,1,older
0,121.0,70.0,27.0,125.0,33.5,0.22,0,young
6,100.0,73.0,28.0,122.0,34.3,0.366,1,young
10,116.0,83.0,39.0,115.0,33.6,0.23,1,older
4,118.0,70.0,29.0,125.0,34.8,0.271,0,young
2,105.0,74.0,30.0,137.0,32.6,0.326,0,young
2,88.0,72.0,39.0,122.0,31.1,0.2,0,young
5,159.0,69.0,22.0,190.0,45.7,0.592,1,young
0,130.0,59.0,35.0,123.0,30.3,0.203,0,young
7,154.0,69.0,29.0,133.0,31.2,0.269,0,older
1,117.0,78.0,28.0,124.0,31.5,0.138,0,young
2,94.0,75.0,41.0,122.0,25.5,0.185,0,young
7,101.0,65.0,29.0,122.0,24.1,0.293,0,young
0,199.0,72.0,43.0,494.0,41.7,1.353,1,young
2,115.0,70.0,37.0,127.0,31.6,0.191,0,young
11,178.0,78.0,38.0,129.0,37.0,0.313,1,older
2,124.0,66.0,23.0,130.0,22.5,0.385,0,young
9,162.0,86.0,40.0,120.0,39.0,0.34,1,older
6,104.0,73.0,29.0,131.0,22.4,0.169,0,older
7,141.0,87.0,29.0,123.0,39.3,0.24,0,older
5,138.0,70.0,19.0,126.0,25.0,0.213,1,older
0,78.0,71.0,29.0,124.0,42.0,0.186,0,young
10,120.0,92.0,37.0,128.0,40.9,0.246,1,older
2,107.0,55.0,32.0,67.0,34.5,0.559,0,young
5,112.0,79.0,29.0,125.0,28.4,0.258,0,older
4,126.0,65.0,29.0,120.0,31.6,0.153,0,older
10,113.0,77.0,29.0,120.0,26.5,0.157,0,older
2,106.0,75.0,17.0,133.0,23.3,0.246,0,young
10,75.0,75.0,29.0,126.0,34.1,0.231,0,older
6,101.0,71.0,41.0,122.0,29.0,0.211,0,young
1,101.0,53.0,16.0,49.0,33.5,0.242,0,young
4,108.0,81.0,22.0,132.0,33.1,0.358,1,young
1,107.0,74.0,35.0,125.0,25.7,0.308,0,young
2,95.0,56.0,12.0,129.0,25.2,0.268,0,young
8,118.0,74.0,41.0,126.0,31.1,0.664,1,young
1,91.0,73.0,45.0,136.0,29.9,0.336,0,young
2,126.0,66.0,40.0,121.0,27.2,0.278,0,older
6,123.0,70.0,26.0,125.0,36.8,0.356,1,older
4,120.0,80.0,28.0,122.0,36.9,0.202,0,young
12,129.0,72.0,29.0,129.0,28.8,0.267,1,older
0,170.0,71.0,42.0,132.0,37.8,0.204,1,young
1,112.0,83.0,25.0,127.0,31.3,0.116,0,young
0,112.0,74.0,21.0,124.0,33.4,0.317,0,young
1,101.0,72.0,29.0,127.0,29.8,0.222,0,young
1,94.0,62.0,23.0,132.0,19.2,0.296,0,young
2,113.0,64.0,24.0,151.0,36.9,0.695,1,young
8,191.0,82.0,38.0,394.0,31.3,0.696,1,young
5,109.0,72.0,30.0,127.0,28.2,0.328,0,older
0,112.0,68.0,39.0,123.0,30.7,0.338,0,young
7,116.0,72.0,37.0,126.0,32.8,0.225,1,older
8,89.0,93.0,29.0,132.0,32.6,0.132,1,older
2,101.0,64.0,28.0,120.0,29.3,0.255,1,older
10,103.0,74.0,29.0,131.0,31.5,0.288,0,older
0,191.0,65.0,35.0,180.0,40.1,0.292,1,young
11,136.0,75.0,25.0,131.0,40.0,0.294,1,older
0,130.0,74.0,29.0,129.0,31.8,0.231,0,young
5,102.0,66.0,30.0,132.0,26.7,0.309,1,older
6,146.0,73.0,29.0,129.0,37.9,0.303,0,young
12,110.0,71.0,31.0,127.0,32.9,0.257,0,older
1,108.0,75.0,14.0,59.0,21.3,0.247,0,young
5,110.0,67.0,24.0,125.0,31.8,0.42,1,young
5,104.0,68.0,33.0,127.0,24.8,0.293,0,young
0,105.0,74.0,30.0,125.0,36.7,0.216,0,young
1,93.0,60.0,15.0,55.0,26.7,0.366,0,young
5,97.0,65.0,30.0,202.0,27.2,0.569,1,young
1,116.0,62.0,24.0,126.0,31.7,0.296,0,young
7,105.0,71.0,30.0,129.0,31.9,0.28,0,young
2,93.0,67.0,34.0,104.0,28.2,0.19,0,young
0,86.0,76.0,25.0,35.0,24.3,0.34,0,young
4,85.0,72.0,29.0,127.0,29.7,0.187,0,older
1,118.0,65.0,18.0,84.0,28.1,0.582,0,young
2,98.0,67.0,30.0,125.0,33.6,0.34,0,young
4,76.0,74.0,30.0,127.0,33.7,0.301,0,young
2,96.0,70.0,28.0,73.0,31.3,0.39,0,young
1,118.0,69.0,22.0,129.0,18.5,0.197,0,young
1,129.0,61.0,28.0,112.0,31.7,0.233,0,young
3,139.0,58.0,42.0,122.0,27.7,0.21,0,young
1,96.0,65.0,18.0,68.0,31.9,0.33,0,young
1,110.0,61.0,38.0,125.0,30.4,0.248,0,young
2,123.0,61.0,31.0,126.0,27.2,0.248,0,young
4,121.0,85.0,33.0,130.0,35.6,0.22,1,young
5,88.0,61.0,31.0,172.0,38.1,0.325,1,young
5,88.0,72.0,29.0,125.0,34.7,0.607,0,young
10,91.0,84.0,31.0,119.0,29.6,0.322,1,older
1,112.0,56.0,17.0,120.0,21.0,0.478,0,young
2,98.0,70.0,28.0,130.0,32.3,0.222,0,young
2,105.0,67.0,28.0,124.0,31.2,0.189,0,young
0,83.0,71.0,29.0,122.0,37.8,0.184,0,young
1,124.0,66.0,24.0,67.0,36.8,0.257,0,young
9,165.0,96.0,39.0,128.0,44.6,0.217,1,young
1,94.0,73.0,38.0,128.0,31.9,0.396,0,young
2,125.0,85.0,28.0,123.0,30.3,0.255,1,older
2,122.0,78.0,30.0,121.0,42.7,0.35,1,older
4,67.0,83.0,30.0,128.0,35.4,0.342,0,older
0,113.0,62.0,33.0,76.0,34.7,0.423,0,young
1,102.0,64.0,29.0,120.0,28.3,0.24,0,young
0,121.0,70.0,32.0,123.0,28.3,0.26,0,young
15,118.0,89.0,28.0,124.0,27.4,0.4,1,older
7,109.0,80.0,36.0,128.0,30.8,0.593,1,young
2,102.0,60.0,33.0,73.0,37.8,0.373,0,young
8,72.0,64.0,25.0,116.0,27.6,0.192,0,young
6,89.0,67.0,38.0,118.0,36.0,0.264,0,young
4,111.0,66.0,29.0,127.0,18.2,0.166,0,young
2,111.0,63.0,48.0,82.0,33.9,0.295,0,young
0,110.0,64.0,20.0,128.0,28.0,0.301,0,young
2,95.0,63.0,40.0,122.0,25.6,0.335,0,young
8,107.0,64.0,46.0,122.0,29.0,0.242,0,young
1,112.0,71.0,13.0,125.0,22.9,0.167,0,young
1,113.0,75.0,37.0,122.0,35.5,0.202,0,young
9,78.0,66.0,30.0,131.0,28.9,0.259,0,older
1,115.0,94.0,20.0,190.0,36.3,0.497,1,young
1,97.0,78.0,30.0,126.0,31.7,0.193,0,young
1,92.0,72.0,30.0,131.0,32.5,0.245,0,young
8,101.0,71.0,29.0,130.0,25.8,0.094,0,older
7,117.0,75.0,29.0,131.0,27.5,0.357,1,older
13,92.0,70.0,30.0,116.0,34.5,0.216,1,older
1,103.0,65.0,22.0,126.0,27.7,0.189,0,young
1,116.0,65.0,20.0,125.0,29.0,0.178,0,young
9,130.0,79.0,30.0,122.0,46.3,0.353,1,older
2,98.0,64.0,21.0,61.0,28.7,0.262,0,young
2,87.0,69.0,29.0,132.0,20.8,0.339,0,young
8,109.0,78.0,27.0,124.0,26.4,0.283,0,young
9,88.0,69.0,28.0,128.0,25.8,0.334,1,older
4,135.0,74.0,33.0,195.0,32.8,0.801,1,young
1,120.0,60.0,17.0,86.0,35.7,0.323,0,young
5,111.0,76.0,30.0,124.0,33.6,0.174,0,young
1,119.0,66.0,48.0,75.0,27.8,0.298,0,young
4,104.0,68.0,30.0,123.0,25.9,0.217,0,young
1,134.0,88.0,31.0,127.0,39.3,0.54,1,young
0,100.0,74.0,29.0,120.0,33.8,0.243,0,young
1,104.0,70.0,30.0,126.0,30.8,0.28,0,young
8,184.0,74.0,30.0,143.0,37.8,0.648,1,young
1,116.0,60.0,33.0,104.0,33.0,0.487,0,young
0,99.0,70.0,29.0,161.0,46.2,0.57,0,young
9,121.0,86.0,29.0,124.0,22.0,0.398,1,older
6,112.0,70.0,30.0,127.0,24.6,0.208,1,older
0,107.0,68.0,32.0,124.0,35.9,0.302,0,young
2,111.0,67.0,38.0,118.0,34.4,0.27,0,young
6,122.0,82.0,31.0,124.0,29.7,0.384,0,older
2,110.0,84.0,29.0,125.0,39.1,0.154,0,young
0,116.0,68.0,34.0,164.0,37.2,0.521,1,young
1,118.0,68.0,24.0,130.0,31.6,0.28,1,young
2,92.0,85.0,43.0,123.0,35.7,0.135,1,young
7,107.0,71.0,22.0,118.0,33.9,0.45,1,young
2,128.0,72.0,33.0,115.0,31.7,0.314,1,young
1,118.0,72.0,46.0,87.0,32.7,0.246,0,young
2,95.0,84.0,28.0,128.0,29.5,0.191,0,young
1,116.0,56.0,38.0,73.0,34.7,0.296,0,young
1,141.0,75.0,42.0,130.0,39.1,1.009,1,young
9,134.0,85.0,29.0,126.0,25.4,0.336,1,older
1,108.0,61.0,44.0,69.0,36.0,0.622,0,young
0,85.0,75.0,26.0,128.0,22.3,0.218,0,young
9,102.0,56.0,29.0,126.0,23.7,0.134,0,older
7,113.0,69.0,42.0,123.0,28.5,0.151,0,older
12,113.0,77.0,38.0,123.0,24.5,0.173,1,older
1,118.0,64.0,39.0,126.0,31.4,0.234,0,young
1,93.0,51.0,27.0,164.0,24.6,0.552,0,young
7,116.0,66.0,38.0,128.0,25.8,0.149,1,older
1,85.0,57.0,30.0,91.0,34.5,0.235,0,young
6,135.0,76.0,30.0,127.0,28.6,0.304,1,older
1,114.0,72.0,23.0,131.0,32.2,0.138,0,young
1,113.0,70.0,25.0,125.0,31.7,0.152,0,young
6,70.0,63.0,28.0,123.0,30.3,0.341,0,older
1,126.0,79.0,27.0,146.0,32.7,0.301,0,young
9,81.0,75.0,29.0,119.0,30.4,0.198,0,young
6,194.0,69.0,30.0,202.0,40.7,0.76,1,older
1,191.0,75.0,41.0,262.0,34.1,0.377,1,older
1,121.0,69.0,51.0,216.0,51.4,0.386,1,young
0,109.0,71.0,40.0,63.0,25.4,0.153,0,young
1,121.0,67.0,32.0,124.0,33.0,0.255,0,young
1,72.0,64.0,37.0,77.0,28.9,0.163,0,young
10,107.0,71.0,28.0,126.0,33.6,0.207,0,older
1,83.0,74.0,29.0,131.0,28.5,0.212,0,young
2,101.0,74.0,33.0,122.0,34.2,0.311,0,young
7,114.0,73.0,29.0,120.0,30.5,0.352,0,older
1,124.0,76.0,29.0,122.0,25.8,0.224,0,young
1,91.0,72.0,30.0,125.0,25.6,0.367,0,young
7,113.0,75.0,30.0,119.0,26.7,0.18,0,young
3,92.0,64.0,29.0,129.0,32.1,0.254,0,young
3,96.0,69.0,36.0,122.0,32.0,0.246,0,young
1,98.0,77.0,42.0,129.0,47.4,0.289,1,young
0,117.0,85.0,30.0,134.0,29.2,0.312,0,young
2,103.0,63.0,30.0,125.0,38.8,0.311,0,young
1,108.0,63.0,40.0,128.0,34.6,0.264,0,young
0,113.0,71.0,29.0,127.0,36.0,0.329,0,young
8,89.0,69.0,38.0,128.0,34.0,0.206,0,young
1,122.0,69.0,14.0,125.0,25.7,0.355,0,young
2,118.0,73.0,32.0,132.0,35.2,0.274,1,older
7,111.0,85.0,42.0,113.0,34.4,0.316,0,older
1,108.0,49.0,16.0,118.0,24.5,0.189,0,young
5,94.0,73.0,29.0,119.0,25.4,0.241,0,young
0,78.0,59.0,25.0,124.0,28.7,0.605,0,young
2,112.0,72.0,42.0,130.0,32.7,0.152,0,young
11,101.0,74.0,35.0,127.0,35.7,0.12,1,older
0,96.0,67.0,24.0,86.0,21.9,0.217,0,young
1,90.0,67.0,39.0,123.0,33.0,0.336,0,young
8,106.0,64.0,29.0,127.0,28.5,0.131,1,older
0,93.0,59.0,19.0,83.0,27.9,0.29,0,young
7,114.0,69.0,30.0,127.0,28.1,0.241,0,young
1,115.0,69.0,29.0,122.0,26.1,0.084,0,young
0,109.0,73.0,39.0,125.0,34.1,0.715,0,young
1,84.0,86.0,29.0,118.0,29.1,0.415,0,young
1,74.0,69.0,39.0,83.0,27.1,0.123,0,young
1,118.0,61.0,36.0,120.0,37.6,0.166,0,young
5,147.0,84.0,32.0,206.0,34.3,0.813,1,young
2,102.0,87.0,29.0,123.0,29.9,0.298,0,older
3,111.0,56.0,25.0,123.0,27.6,0.212,0,young
9,143.0,79.0,26.0,114.0,32.7,0.36,1,older
4,116.0,63.0,28.0,117.0,28.9,0.12,0,young
2,111.0,65.0,26.0,129.0,36.6,0.327,1,young
0,82.0,61.0,28.0,60.0,36.9,0.23,0,young
6,113.0,65.0,29.0,123.0,32.0,0.246,0,older
1,139.0,71.0,40.0,120.0,27.4,0.367,0,older
1,103.0,67.0,29.0,127.0,24.7,0.29,0,young
0,103.0,75.0,50.0,58.0,34.4,0.221,0,young
7,105.0,64.0,34.0,123.0,32.4,0.336,0,young
5,96.0,60.0,41.0,135.0,32.4,0.197,1,older
8,94.0,55.0,29.0,127.0,30.4,0.188,0,older
8,148.0,61.0,30.0,129.0,22.4,0.376,0,older
1,107.0,62.0,27.0,57.0,30.4,0.513,0,young
1,173.0,74.0,30.0,125.0,34.2,0.198,1,older
1,125.0,75.0,28.0,126.0,27.6,0.316,0,young
3,116.0,81.0,28.0,119.0,26.8,0.191,0,young
1,86.0,71.0,15.0,128.0,27.2,0.144,0,young
7,74.0,75.0,29.0,135.0,32.7,0.272,0,older
2,110.0,77.0,26.0,111.0,38.6,0.313,0,young
0,111.0,78.0,54.0,132.0,35.8,0.336,1,young
2,88.0,69.0,34.0,84.0,29.8,0.323,0,young
5,85.0,62.0,32.0,125.0,29.5,0.347,1,young
4,99.0,71.0,26.0,124.0,28.8,0.185,0,young
0,112.0,71.0,13.0,123.0,29.9,0.26,0,young
5,97.0,80.0,31.0,123.0,36.6,0.26,0,young
7,100.0,81.0,29.0,122.0,36.7,0.278,0,young
0,118.0,62.0,18.0,121.0,21.1,0.3,0,young
1,90.0,73.0,31.0,126.0,30.0,0.216,0,young
11,88.0,77.0,30.0,129.0,21.7,0.235,1,older
6,84.0,82.0,30.0,118.0,37.1,0.268,0,older
0,62.0,57.0,12.0,69.0,22.7,0.277,0,young
6,115.0,69.0,28.0,124.0,31.6,0.222,1,older
1,103.0,66.0,27.0,200.0,38.0,0.562,1,young
7,80.0,59.0,29.0,126.0,33.8,0.322,0,young
4,127.0,77.0,28.0,133.0,32.1,0.414,0,young
1,88.0,62.0,14.0,134.0,26.7,0.297,0,young
2,99.0,86.0,40.0,198.0,32.3,0.389,1,young
1,122.0,66.0,28.0,121.0,35.4,0.174,0,young
0,104.0,67.0,29.0,129.0,27.7,0.324,0,young
0,114.0,60.0,9.0,145.0,32.9,0.597,0,young
11,126.0,87.0,32.0,128.0,43.1,0.29,1,older
0,105.0,72.0,40.0,129.0,41.5,0.317,1,young
0,98.0,74.0,30.0,127.0,31.0,0.222,0,young
4,88.0,73.0,39.0,126.0,34.4,0.232,0,young
0,99.0,65.0,29.0,124.0,22.5,0.205,0,young
0,103.0,87.0,19.0,124.0,31.3,0.184,0,young
1,112.0,68.0,37.0,129.0,39.6,0.785,0,young
10,73.0,72.0,29.0,121.0,33.1,0.244,0,older
11,119.0,82.0,28.0,119.0,38.9,0.255,1,older
2,100.0,66.0,23.0,126.0,29.8,0.378,0,young
0,107.0,68.0,35.0,204.0,35.6,0.456,0,young
1,101.0,68.0,35.0,123.0,31.2,0.14,0,young
0,110.0,77.0,23.0,126.0,20.3,0.237,0,young
9,98.0,75.0,29.0,119.0,23.3,0.328,0,older
0,106.0,77.0,41.0,132.0,37.1,0.372,1,young
1,112.0,71.0,44.0,102.0,31.1,0.194,0,young
8,103.0,82.0,28.0,136.0,30.4,0.168,0,older
5,179.0,85.0,29.0,120.0,34.5,0.25,1,older
1,89.0,62.0,34.0,63.0,23.8,0.314,0,young
12,113.0,87.0,31.0,128.0,27.8,0.264,1,older
5,88.0,74.0,30.0,124.0,31.8,0.291,0,older
2,114.0,62.0,22.0,120.0,24.8,0.158,0,young
8,122.0,64.0,30.0,127.0,33.6,0.258,0,older
3,120.0,84.0,30.0,125.0,35.6,0.233,0,older
1,92.0,62.0,40.0,129.0,31.1,0.252,0,young
6,123.0,85.0,39.0,132.0,28.6,0.16,1,older
0,101.0,74.0,33.0,88.0,37.9,0.274,0,young
1,131.0,69.0,36.0,127.0,38.4,0.218,0,young
1,80.0,68.0,29.0,127.0,37.5,0.235,0,young
0,86.0,68.0,14.0,69.0,27.2,0.394,0,young
10,163.0,78.0,32.0,134.0,31.7,0.265,1,older
1,87.0,67.0,19.0,125.0,31.7,0.294,0,young
1,94.0,45.0,7.0,24.0,20.2,0.583,0,young
1,106.0,66.0,28.0,125.0,34.0,0.253,0,young
8,99.0,79.0,29.0,125.0,25.8,0.094,0,older
7,134.0,80.0,42.0,128.0,34.5,0.218,1,young
1,88.0,62.0,29.0,126.0,37.6,0.294,0,young
6,104.0,71.0,29.0,122.0,35.6,0.209,0,young
5,106.0,71.0,36.0,126.0,34.3,0.161,0,young
1,88.0,68.0,31.0,121.0,24.3,0.232,0,young
0,82.0,66.0,37.0,66.0,33.6,0.262,0,young
5,108.0,80.0,35.0,123.0,31.2,0.645,1,young
6,98.0,76.0,30.0,130.0,36.0,0.31,0,young
6,107.0,71.0,30.0,129.0,32.2,0.126,0,older
1,100.0,70.0,33.0,119.0,36.0,0.316,1,young
2,84.0,93.0,33.0,125.0,34.5,0.713,0,young
0,96.0,61.0,32.0,123.0,28.8,0.25,0,young
0,136.0,76.0,32.0,122.0,23.7,0.158,0,young
9,106.0,64.0,39.0,69.0,36.0,0.258,0,young
0,115.0,73.0,22.0,127.0,35.4,0.316,0,young
12,107.0,88.0,28.0,123.0,35.4,0.294,0,older
9,84.0,73.0,29.0,127.0,25.9,0.319,0,older
4,118.0,70.0,24.0,177.0,45.8,0.454,1,young
1,91.0,63.0,44.0,120.0,36.1,0.251,0,young
0,102.0,61.0,35.0,63.0,39.3,0.292,0,young
2,89.0,82.0,32.0,25.0,37.3,0.321,0,young
5,80.0,83.0,29.0,118.0,34.5,0.364,0,young
1,99.0,74.0,30.0,130.0,33.7,0.119,0,young
9,169.0,91.0,29.0,120.0,34.7,0.28,1,older
0,104.0,67.0,25.0,123.0,33.0,0.171,0,young
2,111.0,73.0,12.0,53.0,38.0,0.305,0,young
1,101.0,63.0,27.0,125.0,35.4,0.185,0,young
0,94.0,75.0,30.0,129.0,28.4,0.327,0,young
10,168.0,83.0,30.0,133.0,24.4,0.336,1,older
3,178.0,67.0,37.0,126.0,34.3,0.52,1,older
6,129.0,80.0,27.0,123.0,25.8,0.24,0,young
6,98.0,73.0,29.0,125.0,29.3,0.355,0,young
7,99.0,69.0,33.0,123.0,34.9,0.269,1,older
4,99.0,63.0,29.0,126.0,37.5,0.135,0,young
9,126.0,74.0,23.0,121.0,28.3,0.269,0,older
0,119.0,74.0,30.0,118.0,31.5,0.237,0,young
5,119.0,79.0,29.0,127.0,31.3,0.376,1,young
5,113.0,74.0,29.0,117.0,38.1,0.208,0,young
13,100.0,70.0,28.0,130.0,26.3,0.278,0,older
9,162.0,86.0,29.0,120.0,36.4,0.345,1,older
0,85.0,71.0,25.0,128.0,25.5,0.178,0,young
0,129.0,75.0,25.0,125.0,34.7,0.449,0,young
7,125.0,73.0,29.0,125.0,28.5,0.182,0,older
2,111.0,65.0,14.0,129.0,27.6,0.124,0,young
8,96.0,88.0,29.0,129.0,33.0,0.244,0,older
7,107.0,69.0,34.0,135.0,31.0,0.136,1,young
1,89.0,57.0,35.0,80.0,33.3,0.701,0,young
1,99.0,80.0,28.0,122.0,26.3,0.277,0,young
1,100.0,75.0,36.0,244.0,33.0,0.501,1,young
0,123.0,56.0,14.0,59.0,19.6,0.467,0,young
0,100.0,63.0,27.0,125.0,34.6,0.237,0,young
3,70.0,69.0,29.0,108.0,30.7,0.509,0,young
6,92.0,76.0,30.0,121.0,37.2,0.222,1,older
6,99.0,64.0,30.0,129.0,37.9,0.299,1,young
8,98.0,79.0,38.0,121.0,29.7,0.383,1,older
8,116.0,63.0,30.0,122.0,28.8,0.302,0,older
2,108.0,97.0,39.0,117.0,36.3,0.316,1,young
3,98.0,71.0,45.0,125.0,30.7,0.195,1,older
5,123.0,60.0,19.0,126.0,24.0,0.205,0,young
1,110.0,80.0,19.0,127.0,35.3,0.283,0,young
1,109.0,55.0,30.0,97.0,26.8,0.494,0,young
12,105.0,77.0,29.0,126.0,30.1,0.243,0,older
0,83.0,70.0,36.0,62.0,44.7,0.199,0,young
2,102.0,68.0,25.0,130.0,33.9,0.387,0,young
6,120.0,69.0,49.0,131.0,30.0,0.164,0,older
2,84.0,60.0,12.0,122.0,31.5,0.262,0,young
1,93.0,77.0,44.0,121.0,39.2,0.24,1,young
1,137.0,71.0,34.0,130.0,36.2,0.152,1,young
7,187.0,97.0,41.0,125.0,37.9,0.253,1,older
2,96.0,62.0,30.0,126.0,27.5,0.1,0,young
0,140.0,78.0,28.0,126.0,36.8,0.572,0,young
2,99.0,81.0,35.0,196.0,33.4,0.73,1,young
2,98.0,69.0,29.0,125.0,28.9,0.282,0,young
1,110.0,83.0,30.0,127.0,21.4,0.322,0,older
0,86.0,59.0,11.0,50.0,18.3,0.169,0,young
0,79.0,63.0,18.0,43.0,24.2,0.198,0,young
1,96.0,72.0,40.0,151.0,36.4,0.691,1,young
0,79.0,65.0,28.0,126.0,35.2,0.084,0,young
0,91.0,55.0,21.0,59.0,25.5,0.311,0,young
3,101.0,70.0,29.0,129.0,30.7,0.188,0,older
5,123.0,73.0,29.0,128.0,32.2,0.367,1,older
0,95.0,65.0,31.0,69.0,32.3,0.36,0,young
2,87.0,72.0,48.0,72.0,34.2,0.153,0,young
4,102.0,62.0,18.0,124.0,21.6,0.301,0,young
5,99.0,81.0,29.0,120.0,29.5,0.162,1,older
1,104.0,70.0,42.0,121.0,34.4,0.301,0,young
1,100.0,65.0,18.0,131.0,20.6,0.179,0,young
1,112.0,71.0,36.0,146.0,35.2,0.304,1,young
0,101.0,65.0,35.0,130.0,27.4,0.265,1,young
6,107.0,66.0,28.0,127.0,32.4,0.236,0,older
10,113.0,71.0,29.0,118.0,31.5,0.276,0,young
10,133.0,79.0,28.0,125.0,38.7,0.169,0,older
0,113.0,66.0,41.0,124.0,41.2,0.315,0,young
9,130.0,80.0,29.0,126.0,37.0,0.31,1,older
1,103.0,69.0,27.0,79.0,28.2,0.086,0,young
9,109.0,84.0,28.0,125.0,34.3,0.228,1,older
1,115.0,69.0,17.0,64.0,25.7,0.289,0,young
4,92.0,77.0,30.0,134.0,26.2,0.084,0,older
6,111.0,67.0,29.0,126.0,27.5,0.203,0,young
10,93.0,66.0,29.0,124.0,26.9,0.277,0,older
0,113.0,73.0,27.0,121.0,21.0,0.255,0,young
1,121.0,72.0,30.0,119.0,32.9,0.194,0,young
1,123.0,59.0,43.0,174.0,30.1,0.594,1,young
2,100.0,74.0,31.0,128.0,38.1,0.378,0,young
1,152.0,86.0,29.0,131.0,28.8,0.217,0,young
0,114.0,65.0,34.0,193.0,32.0,0.492,0,young
8,103.0,71.0,29.0,125.0,35.0,0.084,0,older
5,87.0,70.0,28.0,130.0,36.5,0.402,1,young
1,105.0,62.0,38.0,134.0,40.7,0.214,0,young
1,124.0,67.0,29.0,121.0,32.9,0.137,0,young
8,95.0,66.0,29.0,127.0,27.8,0.276,0,older
1,134.0,84.0,42.0,119.0,35.1,0.274,0,young
2,93.0,69.0,13.0,94.0,28.9,0.218,0,young
4,96.0,61.0,41.0,178.0,37.2,0.289,1,young
7,173.0,77.0,28.0,118.0,29.2,0.446,1,young
6,173.0,88.0,41.0,128.0,31.1,0.308,1,older
10,134.0,83.0,29.0,134.0,30.4,0.257,0,young
0,87.0,55.0,17.0,33.0,30.8,0.59,0,young
1,78.0,58.0,29.0,125.0,28.3,0.293,0,young
0,103.0,71.0,43.0,128.0,36.1,0.281,0,young
5,93.0,73.0,29.0,122.0,36.2,0.217,0,older
6,114.0,72.0,29.0,125.0,28.0,0.326,0,older
4,106.0,74.0,16.0,127.0,31.4,0.298,0,young
6,133.0,58.0,20.0,127.0,27.4,0.231,0,young
7,82.0,62.0,38.0,125.0,32.4,0.183,0,older
0,124.0,74.0,33.0,127.0,43.4,0.247,0,young
6,145.0,69.0,34.0,127.0,29.3,0.214,1,older
6,119.0,75.0,34.0,127.0,37.0,0.248,0,older
0,100.0,49.0,22.0,98.0,26.8,0.55,0,young
2,91.0,65.0,46.0,36.0,34.3,0.181,0,young
1,96.0,60.0,40.0,118.0,33.7,0.234,0,young
3,106.0,66.0,26.0,125.0,32.3,0.125,0,older
1,117.0,73.0,28.0,119.0,27.6,0.293,0,young
0,169.0,76.0,40.0,124.0,34.6,0.63,1,young
2,82.0,72.0,24.0,124.0,28.3,0.339,0,young
1,98.0,77.0,25.0,127.0,25.3,0.295,0,young
1,117.0,74.0,21.0,117.0,24.5,0.273,0,young
7,98.0,85.0,29.0,126.0,35.2,0.208,0,young
0,116.0,69.0,32.0,131.0,33.3,0.523,0,young
0,99.0,68.0,31.0,130.0,23.9,0.151,1,young
7,100.0,80.0,29.0,121.0,32.3,0.279,0,older
8,98.0,84.0,29.0,128.0,38.2,0.145,0,older
0,96.0,65.0,32.0,81.0,30.9,0.369,0,young
1,97.0,75.0,30.0,129.0,29.2,0.382,0,young
1,104.0,63.0,28.0,50.0,26.9,0.119,0,young
1,131.0,82.0,29.0,134.0,22.4,0.39,0,young
8,120.0,62.0,42.0,126.0,33.6,0.342,0,young
7,182.0,85.0,47.0,122.0,42.2,0.288,1,older
12,101.0,81.0,40.0,123.0,31.6,0.219,1,older
1,96.0,91.0,35.0,120.0,34.0,0.206,0,young
6,98.0,90.0,30.0,127.0,35.3,0.288,1,older
0,105.0,62.0,42.0,126.0,36.7,0.291,0,young
12,114.0,76.0,29.0,126.0,34.4,0.087,0,young
1,120.0,78.0,21.0,125.0,23.3,0.21,0,young
1,102.0,79.0,30.0,118.0,35.3,0.163,0,young
6,99.0,70.0,41.0,126.0,35.0,0.084,0,young
10,177.0,78.0,44.0,392.0,45.5,0.485,1,older
1,85.0,70.0,29.0,124.0,31.7,0.108,0,young
6,127.0,74.0,29.0,126.0,30.1,0.234,0,older
2,82.0,71.0,18.0,122.0,22.2,0.188,0,young
0,116.0,68.0,30.0,124.0,34.7,0.084,0,young
6,190.0,80.0,27.0,120.0,42.8,0.335,1,older
1,119.0,68.0,29.0,126.0,34.1,0.149,0,young
3,99.0,68.0,28.0,130.0,30.3,0.253,0,young
11,115.0,92.0,34.0,130.0,30.6,0.251,1,older
0,118.0,76.0,29.0,122.0,35.7,0.131,0,young
4,128.0,82.0,28.0,130.0,33.5,0.239,0,older
6,182.0,80.0,38.0,129.0,40.4,0.22,1,older
5,75.0,64.0,43.0,121.0,28.7,0.328,0,older
2,120.0,64.0,43.0,119.0,42.9,0.084,0,young
3,96.0,79.0,33.0,127.0,26.2,0.175,0,young
0,94.0,66.0,28.0,70.0,30.5,0.291,0,young
1,89.0,50.0,33.0,45.0,29.5,0.175,0,young
0,98.0,82.0,28.0,135.0,33.5,0.166,0,young
1,125.0,72.0,24.0,194.0,29.5,0.657,0,young
0,118.0,71.0,35.0,122.0,39.2,0.316,0,young
9,115.0,80.0,46.0,126.0,30.4,0.313,1,older
7,99.0,72.0,29.0,129.0,25.5,0.289,0,young
9,161.0,89.0,41.0,127.0,23.8,0.227,1,older
2,91.0,71.0,28.0,124.0,31.0,0.204,0,young
0,86.0,66.0,37.0,98.0,35.6,0.212,0,young
5,199.0,63.0,42.0,133.0,25.6,0.232,1,older
0,90.0,61.0,10.0,123.0,21.1,0.335,0,young
1,118.0,78.0,40.0,126.0,41.5,0.362,0,young
1,113.0,66.0,34.0,91.0,30.5,0.277,0,young
9,65.0,70.0,29.0,128.0,33.2,0.152,0,older
5,121.0,79.0,28.0,129.0,26.5,0.194,0,older
1,105.0,72.0,21.0,125.0,32.8,0.216,0,young
4,106.0,76.0,29.0,127.0,34.8,0.178,0,young
0,126.0,69.0,42.0,155.0,40.2,0.463,1,young
1,103.0,71.0,39.0,178.0,29.2,0.627,0,young
11,113.0,73.0,48.0,122.0,31.9,0.298,1,older
2,125.0,69.0,28.0,128.0,23.7,0.101,0,young
0,152.0,70.0,31.0,175.0,37.0,0.649,1,young
3,101.0,61.0,34.0,54.0,31.9,0.273,0,young
0,110.0,66.0,29.0,210.0,31.9,0.26,0,young
1,94.0,60.0,39.0,131.0,30.1,0.339,0,young
1,111.0,62.0,28.0,187.0,31.8,0.695,0,young
4,97.0,70.0,15.0,129.0,26.2,0.171,0,young
0,105.0,66.0,20.0,122.0,29.0,0.283,0,young
2,124.0,67.0,41.0,79.0,32.2,0.19,0,young
1,108.0,78.0,48.0,129.0,37.9,0.234,0,young
1,98.0,75.0,42.0,129.0,30.4,0.259,0,young
3,103.0,64.0,40.0,127.0,33.0,0.382,0,young
1,119.0,81.0,30.0,127.0,33.0,0.099,0,young
2,75.0,64.0,28.0,126.0,32.0,0.201,0,young
0,142.0,80.0,33.0,128.0,34.2,0.552,0,young
6,112.0,80.0,30.0,123.0,29.2,0.234,0,young
10,124.0,63.0,29.0,129.0,27.4,0.366,1,older
0,117.0,71.0,38.0,48.0,24.3,0.566,0,young
3,100.0,60.0,44.0,132.0,31.7,0.454,1,young
10,153.0,77.0,29.0,126.0,43.7,0.682,1,young
0,102.0,81.0,29.0,132.0,33.8,0.157,0,young
3,96.0,71.0,42.0,128.0,31.1,0.183,0,young
2,108.0,74.0,21.0,128.0,27.7,0.272,0,young
0,108.0,73.0,41.0,121.0,29.1,0.187,0,young
1,113.0,74.0,23.0,122.0,32.1,0.333,0,young
1,133.0,70.0,30.0,124.0,33.9,0.338,0,young
5,133.0,73.0,28.0,212.0,33.6,0.709,1,young
1,72.0,67.0,16.0,104.0,27.5,0.219,0,young
0,112.0,88.0,33.0,134.0,36.3,0.312,0,young
2,140.0,65.0,32.0,216.0,26.7,0.454,1,young
1,138.0,86.0,48.0,121.0,45.4,0.22,1,young
5,118.0,74.0,30.0,121.0,37.3,0.171,0,young
4,88.0,63.0,30.0,126.0,27.3,0.178,0,young
6,95.0,68.0,18.0,64.0,29.8,0.385,0,young
3,84.0,67.0,29.0,126.0,31.5,0.341,0,young
1,114.0,77.0,17.0,127.0,29.4,0.273,0,young
2,83.0,57.0,17.0,129.0,24.3,0.1,0,young
8,125.0,83.0,26.0,123.0,34.8,0.192,1,older
3,124.0,69.0,31.0,122.0,29.3,0.298,0,young
6,98.0,80.0,29.0,121.0,28.5,0.309,0,older
7,106.0,82.0,30.0,116.0,37.0,0.215,0,older
2,120.0,69.0,40.0,122.0,29.8,0.292,0,young
1,78.0,69.0,16.0,28.0,24.5,0.33,0,young
0,119.0,73.0,45.0,123.0,35.1,0.408,1,young
4,124.0,89.0,29.0,129.0,46.7,0.134,1,older
8,99.0,72.0,29.0,121.0,30.0,0.324,0,older
1,123.0,82.0,29.0,136.0,39.0,0.181,0,young
9,103.0,74.0,29.0,126.0,30.2,0.103,0,older
4,106.0,73.0,29.0,128.0,37.2,0.307,0,older
2,85.0,55.0,33.0,78.0,33.3,0.251,0,young
0,83.0,85.0,38.0,176.0,35.7,0.56,1,young
12,176.0,68.0,39.0,131.0,36.0,0.278,1,older
7,105.0,69.0,29.0,132.0,38.2,0.257,0,young
1,103.0,62.0,38.0,132.0,37.2,0.307,0,young
2,129.0,74.0,24.0,120.0,32.3,0.247,0,young
9,123.0,89.0,30.0,125.0,24.0,0.254,0,older
0,103.0,66.0,18.0,133.0,29.4,0.196,0,young
1,99.0,74.0,18.0,128.0,20.8,0.148,0,young
1,82.0,67.0,39.0,127.0,31.0,0.194,0,young
5,185.0,85.0,30.0,130.0,34.2,0.21,1,older
3,72.0,77.0,27.0,122.0,32.3,0.29,0,young
2,129.0,74.0,29.0,130.0,31.9,0.335,1,older
6,128.0,79.0,29.0,133.0,30.7,0.298,0,older
13,84.0,81.0,30.0,130.0,35.1,0.195,0,older
5,136.0,66.0,36.0,124.0,38.4,0.341,1,older
2,123.0,60.0,24.0,127.0,27.0,0.561,0,young
10,133.0,72.0,28.0,129.0,34.8,0.362,1,older
2,103.0,67.0,28.0,128.0,32.9,0.291,0,young
2,84.0,63.0,22.0,133.0,26.2,0.273,0,young
1,110.0,68.0,44.0,137.0,35.6,0.489,0,young
2,120.0,62.0,28.0,112.0,31.5,0.496,0,young
0,101.0,64.0,17.0,124.0,33.7,0.157,0,young
3,82.0,59.0,37.0,124.0,26.8,0.314,0,young
2,92.0,67.0,33.0,124.0,29.9,0.23,0,young
7,169.0,88.0,37.0,118.0,35.6,0.243,1,older
6,106.0,74.0,51.0,121.0,34.4,0.272,1,older
9,126.0,74.0,29.0,128.0,31.5,0.284,0,young
8,90.0,74.0,28.0,131.0,30.2,0.218,0,young
0,99.0,76.0,29.0,132.0,33.4,0.205,0,young
3,116.0,53.0,22.0,126.0,23.7,0.351,0,young
8,130.0,74.0,29.0,124.0,26.1,0.084,1,older
3,103.0,62.0,22.0,123.0,30.0,0.653,0,young
2,101.0,78.0,28.0,124.0,20.4,0.212,0,young
10,159.0,73.0,35.0,136.0,36.8,0.353,1,older
7,103.0,70.0,16.0,120.0,26.7,0.231,0,young
4,153.0,64.0,37.0,123.0,30.4,0.651,0,young
0,65.0,81.0,30.0,129.0,36.8,0.309,1,young
2,117.0,52.0,16.0,126.0,20.2,0.259,0,young
10,120.0,79.0,28.0,131.0,33.8,0.173,0,young
0,111.0,74.0,25.0,126.0,36.4,0.226,0,young
8,111.0,85.0,32.0,126.0,29.8,0.205,1,older
6,101.0,63.0,23.0,129.0,27.7,0.146,0,young
7,119.0,71.0,12.0,132.0,29.3,0.268,0,older
0,125.0,77.0,43.0,121.0,30.5,0.169,0,young
10,175.0,76.0,29.0,127.0,31.5,0.236,1,older
1,95.0,70.0,29.0,129.0,37.9,0.276,0,young
6,101.0,54.0,30.0,124.0,25.7,0.219,0,young
0,91.0,68.0,44.0,133.0,25.1,0.764,0,young
9,100.0,77.0,29.0,123.0,35.9,0.219,0,older
1,189.0,91.0,38.0,273.0,41.6,1.093,1,young
1,108.0,73.0,46.0,120.0,44.9,0.327,0,young
3,88.0,63.0,36.0,130.0,33.5,0.247,0,young
3,127.0,71.0,39.0,126.0,23.2,0.239,0,young
0,96.0,89.0,29.0,121.0,31.3,0.397,1,young
0,99.0,73.0,19.0,121.0,29.8,0.247,0,young
8,114.0,82.0,37.0,129.0,38.1,0.244,1,older
5,121.0,77.0,30.0,123.0,31.2,0.407,1,older
0,89.0,63.0,30.0,124.0,33.9,0.169,0,young
1,122.0,78.0,21.0,107.0,18.2,0.245,0,young
3,81.0,55.0,28.0,36.0,33.5,0.17,0,young
0,106.0,66.0,39.0,129.0,36.1,0.099,0,young
6,117.0,74.0,34.0,125.0,32.0,0.32,1,older
3,109.0,79.0,35.0,122.0,33.2,0.179,0,older
1,67.0,80.0,28.0,121.0,25.8,0.399,0,young
1,129.0,63.0,30.0,128.0,25.4,0.234,0,young
12,108.0,71.0,28.0,127.0,26.4,0.318,0,older
3,83.0,62.0,27.0,15.0,34.8,0.593,0,young
1,104.0,70.0,22.0,120.0,23.8,0.163,0,young
2,112.0,70.0,33.0,127.0,38.1,0.171,0,young
1,104.0,76.0,31.0,123.0,33.7,0.317,0,young
1,94.0,68.0,23.0,120.0,31.5,0.191,0,young
0,74.0,63.0,30.0,133.0,32.7,0.188,0,young
2,86.0,77.0,29.0,123.0,31.5,0.312,0,young
1,109.0,60.0,18.0,123.0,26.8,0.21,0,young
7,110.0,73.0,31.0,126.0,41.2,0.159,1,older
1,73.0,72.0,30.0,127.0,33.6,0.359,0,young
1,124.0,66.0,37.0,131.0,36.0,0.603,0,young
2,95.0,77.0,38.0,125.0,36.5,0.212,0,young
2,97.0,60.0,30.0,126.0,36.6,0.091,0,young
2,126.0,73.0,29.0,126.0,28.1,0.275,0,young
8,92.0,66.0,30.0,120.0,32.2,0.237,0,older
1,108.0,88.0,13.0,133.0,23.2,0.233,0,young
1,105.0,55.0,39.0,108.0,32.3,0.278,0,young
1,121.0,73.0,29.0,128.0,29.4,0.312,0,young
10,114.0,74.0,28.0,123.0,28.3,0.238,0,older
0,109.0,55.0,38.0,126.0,33.0,0.088,0,young
8,136.0,84.0,26.0,124.0,25.2,0.22,1,older
1,105.0,53.0,28.0,103.0,31.4,0.789,0,young
1,79.0,53.0,39.0,137.0,27.7,0.274,0,young
2,88.0,62.0,29.0,125.0,28.6,0.197,0,young
5,104.0,64.0,44.0,122.0,29.0,0.279,1,young
6,116.0,74.0,31.0,131.0,25.6,0.24,0,older
2,92.0,67.0,22.0,133.0,35.0,0.192,0,young
1,124.0,74.0,19.0,227.0,36.6,0.611,1,young
4,124.0,76.0,32.0,133.0,42.4,0.154,1,young
6,101.0,71.0,22.0,129.0,30.1,0.269,0,older
1,102.0,71.0,32.0,123.0,31.4,0.183,0,young
0,109.0,57.0,30.0,121.0,27.4,0.259,0,young
11,150.0,89.0,39.0,122.0,34.0,0.183,1,older
2,120.0,77.0,22.0,121.0,31.9,0.239,0,young
5,160.0,78.0,30.0,127.0,41.8,0.123,1,older
4,168.0,68.0,29.0,123.0,32.2,0.248,1,older
7,127.0,71.0,36.0,125.0,31.7,0.204,1,young
2,92.0,61.0,29.0,134.0,25.0,0.292,0,young
5,110.0,70.0,30.0,135.0,34.5,0.211,1,older
10,117.0,66.0,37.0,129.0,30.2,0.153,0,young
1,121.0,64.0,17.0,127.0,25.6,0.535,0,young
9,105.0,78.0,30.0,126.0,34.3,0.256,0,older
6,109.0,86.0,29.0,122.0,37.4,0.316,0,older
2,111.0,75.0,28.0,127.0,26.5,0.165,0,young
1,109.0,62.0,18.0,125.0,29.5,0.407,0,young
0,89.0,73.0,30.0,132.0,33.9,0.357,0,young
1,106.0,56.0,17.0,117.0,28.7,0.232,0,young
5,103.0,58.0,30.0,126.0,34.6,0.307,1,young
1,106.0,60.0,29.0,125.0,36.2,0.144,0,young
1,94.0,85.0,29.0,120.0,33.7,0.101,0,young
9,104.0,60.0,28.0,124.0,27.2,0.279,0,older
3,148.0,64.0,43.0,131.0,38.8,0.501,1,young
1,113.0,59.0,28.0,122.0,31.8,0.084,0,young
1,86.0,64.0,51.0,42.0,31.3,0.156,0,young
9,103.0,63.0,38.0,122.0,35.2,0.245,0,older
2,99.0,73.0,28.0,123.0,27.0,0.173,0,young
3,98.0,71.0,29.0,131.0,30.2,0.084,0,young
0,90.0,76.0,30.0,124.0,30.7,0.309,0,young
8,118.0,64.0,29.0,117.0,33.5,0.088,1,older
11,81.0,87.0,35.0,125.0,36.2,0.196,1,older
3,100.0,73.0,24.0,118.0,28.3,0.314,0,young
2,126.0,70.0,42.0,206.0,37.5,0.391,1,older
2,84.0,71.0,30.0,122.0,30.0,0.347,0,young
12,75.0,96.0,28.0,121.0,28.2,0.301,0,older
1,82.0,60.0,27.0,79.0,29.8,0.172,0,young
8,106.0,77.0,28.0,125.0,30.6,0.365,0,older
11,106.0,69.0,30.0,123.0,25.4,0.326,0,young
13,95.0,81.0,38.0,136.0,33.1,0.288,1,older
1,107.0,72.0,22.0,130.0,24.2,0.092,0,young
5,91.0,77.0,29.0,116.0,31.5,0.37,0,older
3,112.0,73.0,28.0,130.0,31.9,0.236,0,older
1,82.0,48.0,19.0,89.0,23.5,0.282,0,young
1,136.0,79.0,30.0,127.0,37.4,0.225,0,young
6,113.0,82.0,28.0,120.0,32.2,0.206,1,older
2,101.0,72.0,43.0,174.0,43.3,0.442,1,young
8,109.0,73.0,29.0,123.0,26.0,0.203,0,older
6,113.0,76.0,29.0,133.0,36.2,0.243,1,older
0,131.0,68.0,30.0,128.0,33.8,0.367,0,young
8,123.0,76.0,29.0,125.0,31.3,0.207,0,young
1,110.0,76.0,29.0,119.0,30.2,0.201,0,young
3,85.0,77.0,30.0,121.0,30.8,0.403,0,older
1,93.0,72.0,29.0,127.0,33.5,0.206,0,young
1,125.0,77.0,29.0,115.0,31.3,0.255,0,young
1,95.0,68.0,33.0,127.0,33.0,0.287,0,young
0,115.0,85.0,27.0,129.0,23.1,0.128,0,young
1,88.0,69.0,33.0,118.0,30.9,0.206,0,young
2,128.0,67.0,14.0,129.0,30.7,0.225,0,young
10,110.0,93.0,29.0,128.0,32.3,0.249,1,older
2,72.0,64.0,29.0,121.0,37.0,0.208,0,older
1,90.0,66.0,31.0,129.0,32.5,0.127,0,young
5,119.0,61.0,32.0,202.0,37.8,0.651,1,young
0,92.0,74.0,30.0,121.0,37.0,0.187,0,young
10,64.0,74.0,30.0,127.0,31.2,0.291,1,older
9,100.0,74.0,28.0,121.0,33.6,0.33,0,older
9,120.0,77.0,31.0,131.0,35.8,0.168,1,older
1,92.0,69.0,28.0,125.0,32.1,0.272,0,young
4,105.0,80.0,30.0,123.0,38.2,0.255,0,young
2,106.0,70.0,19.0,129.0,26.2,0.336,0,young
2,122.0,81.0,29.0,124.0,32.4,0.234,0,young
0,111.0,59.0,35.0,77.0,28.5,0.374,0,young
6,116.0,65.0,24.0,128.0,35.3,0.312,0,young
8,150.0,90.0,29.0,129.0,41.5,0.114,1,older
8,114.0,80.0,30.0,126.0,25.8,0.126,0,older
8,131.0,75.0,28.0,125.0,27.1,0.204,0,young
9,86.0,68.0,29.0,131.0,30.0,0.222,0,young
0,110.0,69.0,40.0,57.0,36.0,0.193,0,young
2,99.0,60.0,36.0,47.0,25.7,0.248,0,young
10,121.0,79.0,35.0,124.0,41.6,0.354,1,young
9,117.0,61.0,29.0,127.0,27.2,0.259,0,older
6,167.0,88.0,23.0,130.0,32.4,0.265,1,older
9,105.0,77.0,29.0,131.0,26.3,0.303,0,young
1,107.0,65.0,35.0,41.0,24.2,0.281,0,young
3,176.0,65.0,27.0,125.0,35.9,0.338,1,young
1,92.0,55.0,17.0,97.0,26.7,0.301,0,young
1,103.0,71.0,36.0,59.0,32.1,0.226,0,young
0,105.0,72.0,45.0,127.0,33.8,0.526,1,young
1,122.0,88.0,26.0,121.0,37.4,0.36,1,young
9,114.0,67.0,29.0,129.0,32.3,0.246,0,young
7,101.0,72.0,29.0,130.0,30.4,0.243,0,older
2,115.0,85.0,26.0,132.0,44.4,0.206,1,older
1,96.0,59.0,31.0,101.0,27.3,0.228,0,young
2,107.0,63.0,19.0,40.0,22.6,0.283,0,young
1,104.0,76.0,38.0,121.0,31.5,0.297,0,young
8,109.0,74.0,37.0,126.0,26.4,0.307,1,older
5,117.0,69.0,29.0,129.0,30.2,0.084,0,older
6,109.0,70.0,36.0,129.0,39.1,0.17,1,young
1,106.0,71.0,26.0,132.0,26.8,0.243,0,young
1,105.0,72.0,29.0,132.0,31.3,0.322,0,young
2,106.0,77.0,29.0,122.0,26.2,0.391,0,young
1,76.0,61.0,20.0,121.0,34.3,0.211,0,young
1,122.0,73.0,30.0,122.0,35.9,0.13,0,young
4,119.0,66.0,34.0,135.0,24.2,0.244,1,young
6,85.0,65.0,35.0,123.0,30.1,0.418,0,young
3,88.0,66.0,29.0,126.0,35.5,0.199,0,young
2,148.0,74.0,22.0,176.0,30.2,0.553,1,young
0,117.0,68.0,37.0,204.0,37.7,0.406,1,young
9,91.0,62.0,28.0,121.0,33.1,0.221,1,older
0,101.0,75.0,43.0,30.0,29.4,0.225,0,young
6,100.0,55.0,29.0,125.0,31.0,0.202,0,young
2,102.0,55.0,30.0,213.0,28.6,0.855,0,young
7,117.0,72.0,27.0,122.0,32.9,0.305,0,young
3,113.0,74.0,40.0,127.0,35.4,0.344,0,older
4,129.0,80.0,32.0,127.0,33.1,0.189,1,young
1,120.0,83.0,29.0,121.0,32.2,0.177,0,young
5,89.0,70.0,29.0,128.0,39.3,0.231,0,young
6,109.0,80.0,28.0,126.0,28.1,0.279,0,young
0,98.0,64.0,20.0,92.0,18.2,0.231,0,young
6,111.0,71.0,22.0,123.0,32.0,0.247,0,older
1,115.0,67.0,30.0,126.0,32.8,0.22,0,young
4,100.0,60.0,33.0,130.0,30.0,0.276,0,young
3,117.0,72.0,32.0,129.0,33.1,0.621,1,young
5,99.0,64.0,29.0,128.0,26.4,0.248,0,young
11,127.0,72.0,28.0,124.0,33.4,0.367,0,older
10,140.0,66.0,30.0,128.0,33.5,0.186,0,older
5,118.0,68.0,30.0,124.0,31.1,0.142,1,older
8,87.0,80.0,20.0,126.0,23.7,0.283,1,older
7,100.0,66.0,28.0,118.0,32.5,0.214,1,older
6,114.0,78.0,29.0,128.0,42.4,0.198,1,older
10,111.0,79.0,29.0,120.0,28.2,0.238,1,older
1,121.0,59.0,31.0,125.0,26.9,0.239,0,young
4,89.0,63.0,28.0,88.0,31.1,0.384,0,older
0,81.0,74.0,29.0,126.0,29.7,0.301,0,young
0,132.0,76.0,15.0,124.0,27.0,0.123,0,young
6,134.0,76.0,25.0,125.0,29.5,0.28,0,young
13,130.0,67.0,29.0,121.0,31.4,0.242,0,young
5,90.0,81.0,30.0,120.0,31.5,0.239,0,older
11,112.0,87.0,29.0,123.0,32.0,0.321,1,older
6,75.0,65.0,29.0,118.0,35.9,0.374,0,young
8,106.0,70.0,34.0,126.0,30.7,0.21,1,young
5,116.0,77.0,29.0,122.0,26.5,0.282,0,older
4,113.0,60.0,26.0,129.0,29.1,0.24,1,older
1,87.0,81.0,33.0,123.0,40.6,0.312,1,young
1,100.0,78.0,45.0,127.0,26.7,0.235,0,young
4,130.0,80.0,30.0,133.0,36.6,0.361,0,older
10,78.0,81.0,38.0,124.0,31.2,0.371,1,older
0,123.0,72.0,40.0,122.0,27.7,0.436,0,young
1,83.0,58.0,32.0,90.0,27.1,0.445,0,young
1,82.0,59.0,28.0,127.0,25.9,0.216,0,young
1,106.0,76.0,42.0,126.0,34.3,0.299,1,young
3,84.0,73.0,33.0,126.0,32.5,0.281,0,young
8,129.0,75.0,28.0,127.0,41.6,0.352,0,young
9,124.0,65.0,28.0,122.0,26.0,0.239,0,older
3,103.0,86.0,28.0,123.0,21.2,0.084,0,older
1,81.0,62.0,31.0,196.0,28.8,0.682,0,young
1,110.0,54.0,28.0,131.0,25.0,0.25,0,young
7,112.0,84.0,35.0,118.0,38.5,0.245,0,young
8,147.0,83.0,41.0,124.0,40.3,0.203,1,young
1,112.0,79.0,30.0,131.0,34.1,0.192,0,young
2,117.0,67.0,42.0,155.0,30.6,0.324,0,young
6,117.0,87.0,29.0,132.0,37.9,0.19,1,older
5,112.0,77.0,25.0,121.0,28.8,0.304,0,young
12,95.0,76.0,30.0,123.0,34.7,0.316,0,older
9,116.0,75.0,44.0,128.0,33.2,0.394,1,older
0,122.0,74.0,26.0,126.0,25.5,0.143,0,young
10,105.0,71.0,27.0,184.0,36.4,0.731,1,older
4,111.0,71.0,29.0,127.0,33.4,0.263,0,older
10,108.0,83.0,29.0,127.0,27.6,0.241,0,older
2,139.0,67.0,33.0,67.0,35.6,0.482,0,young
7,110.0,68.0,29.0,124.0,29.4,0.185,0,young
5,132.0,57.0,34.0,129.0,36.8,0.391,0,young
5,91.0,80.0,42.0,124.0,31.5,0.213,1,young
3,133.0,75.0,33.0,121.0,34.5,0.323,0,young
7,128.0,75.0,28.0,124.0,33.9,0.251,0,older
1,122.0,76.0,30.0,122.0,33.7,0.321,0,older
1,104.0,58.0,36.0,240.0,40.2,0.259,0,young
6,121.0,68.0,44.0,128.0,28.1,0.309,1,older
6,103.0,71.0,27.0,130.0,32.8,0.237,0,young
3,113.0,76.0,33.0,129.0,32.9,0.138,0,young
2,102.0,68.0,28.0,133.0,32.1,0.236,0,young
0,113.0,67.0,42.0,212.0,34.3,0.656,0,young
1,67.0,57.0,22.0,44.0,34.0,0.225,0,young
1,97.0,64.0,17.0,86.0,35.0,0.379,0,young
9,121.0,73.0,23.0,117.0,33.7,0.148,0,older
1,100.0,83.0,19.0,129.0,18.2,0.084,0,young
1,133.0,73.0,38.0,217.0,34.1,0.773,0,young
1,109.0,59.0,17.0,129.0,25.0,0.15,0,young
1,132.0,72.0,29.0,124.0,30.6,0.314,0,young
7,96.0,73.0,31.0,130.0,26.9,0.272,0,older
6,92.0,75.0,29.0,120.0,29.1,0.154,1,older
0,97.0,79.0,7.0,83.0,20.4,0.265,0,young
1,113.0,66.0,45.0,126.0,30.1,0.176,0,young
1,84.0,61.0,47.0,122.0,33.5,0.276,0,young
2,156.0,66.0,25.0,210.0,36.5,0.633,1,young
4,85.0,73.0,30.0,123.0,28.7,0.242,0,young
2,134.0,84.0,31.0,125.0,30.6,0.281,0,older
8,123.0,71.0,30.0,124.0,32.1,0.476,0,older
1,120.0,72.0,28.0,76.0,29.9,0.938,0,young
0,100.0,65.0,39.0,106.0,36.4,0.347,0,young
6,111.0,62.0,20.0,129.0,27.9,0.383,0,young
1,132.0,58.0,22.0,44.0,25.2,0.311,0,young
9,186.0,85.0,29.0,119.0,34.6,0.3,1,older
1,119.0,83.0,31.0,127.0,40.4,0.3,1,older
3,108.0,81.0,31.0,130.0,36.0,0.155,1,young
1,96.0,69.0,28.0,126.0,31.5,0.141,0,young
8,107.0,76.0,29.0,122.0,35.7,0.245,0,older
2,110.0,72.0,28.0,122.0,36.0,0.318,0,older
2,108.0,64.0,30.0,121.0,30.6,0.201,0,young
9,105.0,74.0,26.0,122.0,29.2,0.217,1,older
6,95.0,47.0,37.0,58.0,32.2,0.286,0,young
7,158.0,87.0,26.0,126.0,34.9,0.28,1,older
1,103.0,82.0,28.0,184.0,31.5,0.751,0,young
2,94.0,63.0,27.0,79.0,34.1,0.357,0,young
3,96.0,61.0,29.0,121.0,26.6,0.286,0,young
4,104.0,81.0,28.0,128.0,32.4,0.283,1,older
4,166.0,84.0,27.0,122.0,30.9,0.345,1,young
5,100.0,69.0,17.0,124.0,22.1,0.197,0,young
1,84.0,60.0,19.0,85.0,30.0,0.318,0,young
9,81.0,72.0,30.0,128.0,30.6,0.274,0,older
6,108.0,81.0,29.0,125.0,30.9,0.342,0,older
6,120.0,66.0,29.0,128.0,33.4,0.176,0,older
1,107.0,83.0,34.0,124.0,43.8,0.215,1,young
2,91.0,55.0,29.0,125.0,40.9,0.158,0,young
1,93.0,68.0,32.0,124.0,31.2,0.213,0,young
2,128.0,66.0,25.0,125.0,32.9,0.258,0,young
2,129.0,81.0,28.0,116.0,44.7,0.165,0,young
2,121.0,73.0,19.0,130.0,34.3,0.27,0,young
1,145.0,70.0,30.0,128.0,36.9,0.171,0,young
1,83.0,68.0,27.0,121.0,37.2,0.158,0,young
7,116.0,61.0,37.0,125.0,27.8,0.301,0,young
1,103.0,76.0,34.0,98.0,33.0,0.417,0,young
3,93.0,90.0,34.0,121.0,34.0,0.195,0,young
0,83.0,66.0,29.0,124.0,35.9,0.257,0,young
2,111.0,65.0,14.0,124.0,18.2,0.131,0,young
8,124.0,78.0,30.0,126.0,32.3,0.207,0,young
1,122.0,75.0,29.0,123.0,38.8,0.331,0,young
4,120.0,82.0,33.0,123.0,29.7,0.307,1,older
7,104.0,68.0,28.0,125.0,29.0,0.202,0,young
1,132.0,56.0,37.0,130.0,31.5,0.28,0,young
1,114.0,72.0,29.0,119.0,44.4,0.27,0,young
4,91.0,85.0,29.0,127.0,32.8,0.291,0,young
1,83.0,64.0,34.0,81.0,39.7,0.188,0,young
8,189.0,82.0,36.0,127.0,42.0,0.352,1,older
6,90.0,66.0,28.0,131.0,28.2,0.243,0,young
1,99.0,84.0,43.0,125.0,32.5,0.207,0,young
11,127.0,61.0,29.0,128.0,23.4,0.118,0,older
6,86.0,68.0,36.0,129.0,40.5,0.312,0,young
1,86.0,69.0,28.0,123.0,33.1,0.161,0,young
4,161.0,66.0,34.0,128.0,34.1,0.262,1,older
2,127.0,68.0,16.0,126.0,19.3,0.321,0,young
9,139.0,89.0,28.0,127.0,32.8,0.271,1,older
1,146.0,80.0,23.0,129.0,32.3,0.271,0,young
4,113.0,80.0,29.0,130.0,22.0,0.258,0,older
0,101.0,66.0,22.0,45.0,18.8,0.224,0,young
8,117.0,69.0,28.0,122.0,33.6,0.275,1,older
6,131.0,75.0,31.0,132.0,33.8,0.235,1,older
1,97.0,75.0,33.0,125.0,36.9,0.222,0,young
1,130.0,77.0,29.0,126.0,40.8,0.317,0,young
2,62.0,64.0,19.0,72.0,27.5,0.384,0,young
11,87.0,66.0,27.0,124.0,27.7,0.248,0,older
10,100.0,76.0,33.0,127.0,31.3,0.359,0,older
9,128.0,75.0,30.0,124.0,30.4,0.227,0,older
6,117.0,52.0,37.0,125.0,34.5,0.222,0,older
1,117.0,74.0,31.0,126.0,37.8,0.168,0,young
5,95.0,75.0,38.0,128.0,25.4,0.35,0,young
2,94.0,67.0,20.0,127.0,30.0,0.218,0,young
6,97.0,76.0,19.0,125.0,20.3,0.135,1,older
8,115.0,72.0,40.0,131.0,36.6,0.225,0,young
2,82.0,60.0,31.0,120.0,36.7,0.288,0,young
2,112.0,59.0,17.0,137.0,28.6,0.422,0,young
2,107.0,59.0,29.0,127.0,35.8,0.256,0,young
8,67.0,70.0,38.0,128.0,29.9,0.102,0,young
1,93.0,67.0,32.0,124.0,32.0,0.242,0,young
5,126.0,80.0,28.0,125.0,32.7,0.271,1,older
1,95.0,76.0,23.0,125.0,32.1,0.359,0,young
1,91.0,76.0,29.0,119.0,35.3,0.334,0,young
11,127.0,80.0,39.0,123.0,31.5,0.401,0,young
7,85.0,68.0,25.0,132.0,39.2,0.195,1,young
0,84.0,76.0,29.0,121.0,26.4,0.395,0,young
13,137.0,73.0,29.0,131.0,38.2,0.273,1,older
1,128.0,84.0,41.0,120.0,41.2,0.399,1,young
2,117.0,54.0,27.0,120.0,31.9,0.291,0,young
1,126.0,67.0,26.0,119.0,33.0,0.249,0,young
6,105.0,76.0,29.0,122.0,35.8,0.178,0,older
6,97.0,77.0,42.0,127.0,31.1,0.251,0,older
7,112.0,73.0,29.0,123.0,25.9,0.306,0,older
5,116.0,74.0,21.0,121.0,26.6,0.191,0,older
9,73.0,67.0,29.0,128.0,29.9,0.245,0,older
2,139.0,69.0,37.0,118.0,38.6,0.337,0,young
6,78.0,61.0,29.0,125.0,33.9,0.29,0,older
0,121.0,78.0,21.0,128.0,38.9,0.203,0,young
4,89.0,68.0,38.0,38.0,36.2,0.388,0,young
8,102.0,84.0,28.0,126.0,35.0,0.152,0,older
2,101.0,76.0,26.0,77.0,32.0,0.192,0,young
1,88.0,73.0,28.0,127.0,28.8,0.084,0,young
2,108.0,71.0,26.0,126.0,35.2,0.362,0,young
1,91.0,65.0,17.0,125.0,18.2,0.282,0,young
10,117.0,75.0,28.0,123.0,23.9,0.179,0,older
9,108.0,81.0,30.0,127.0,29.9,0.191,0,older
0,124.0,73.0,20.0,123.0,32.8,0.297,0,young
10,121.0,66.0,29.0,120.0,25.4,0.22,0,older
4,73.0,63.0,30.0,118.0,34.0,0.301,0,young
2,101.0,59.0,22.0,85.0,27.0,0.264,0,young
1,109.0,78.0,28.0,121.0,35.4,0.132,0,young
3,67.0,58.0,19.0,125.0,32.9,0.189,0,young
13,93.0,68.0,29.0,129.0,33.6,0.174,0,older
11,127.0,70.0,29.0,127.0,28.2,0.272,0,older
4,75.0,69.0,28.0,115.0,30.4,0.267,0,young
1,107.0,68.0,29.0,119.0,26.6,0.166,0,young
2,136.0,78.0,46.0,127.0,38.2,0.132,0,young
2,103.0,77.0,25.0,77.0,31.9,0.241,0,young
0,129.0,76.0,43.0,206.0,28.9,0.291,0,young
0,109.0,74.0,32.0,127.0,33.2,0.256,0,young
10,118.0,90.0,33.0,124.0,41.4,0.296,1,older
6,105.0,81.0,29.0,124.0,33.5,0.142,0,older
0,103.0,74.0,29.0,129.0,28.8,0.261,0,young
1,98.0,72.0,29.0,133.0,35.7,0.335,0,young
2,84.0,65.0,12.0,125.0,29.7,0.254,0,young
3,105.0,74.0,31.0,123.0,30.7,0.155,0,young
4,108.0,77.0,28.0,119.0,33.7,0.27,1,older
4,123.0,82.0,29.0,124.0,34.7,0.271,1,young
6,86.0,75.0,29.0,131.0,31.5,0.263,0,young
0,109.0,59.0,33.0,121.0,32.8,0.223,0,young
5,120.0,63.0,30.0,132.0,36.5,0.267,0,young
1,137.0,73.0,23.0,129.0,35.2,0.241,0,young
0,122.0,66.0,27.0,46.0,38.2,0.227,0,young
1,112.0,68.0,32.0,131.0,35.5,0.58,0,young
1,110.0,64.0,29.0,132.0,31.8,0.247,0,young
10,163.0,74.0,27.0,128.0,38.0,0.285,1,older
5,100.0,76.0,29.0,126.0,33.2,0.306,0,young
2,97.0,64.0,29.0,115.0,30.5,0.242,0,young
0,131.0,69.0,29.0,116.0,22.3,0.191,0,young
1,109.0,75.0,31.0,91.0,26.5,0.222,0,young
0,99.0,80.0,29.0,128.0,33.7,0.291,0,young
11,114.0,72.0,24.0,127.0,32.5,0.248,0,young
4,113.0,79.0,31.0,125.0,32.9,0.143,1,older
1,86.0,62.0,29.0,124.0,31.5,0.264,0,young
1,82.0,52.0,28.0,31.0,31.4,0.491,0,young
1,130.0,76.0,30.0,124.0,35.1,0.27,0,young
9,93.0,61.0,35.0,122.0,23.5,0.228,0,young
5,109.0,74.0,28.0,130.0,34.6,0.31,1,older
1,124.0,84.0,28.0,181.0,32.0,0.57,1,young
3,117.0,76.0,31.0,124.0,32.6,0.229,1,older
0,95.0,64.0,14.0,127.0,26.4,0.312,0,young
5,111.0,85.0,36.0,122.0,36.8,0.383,1,young
7,105.0,68.0,29.0,129.0,27.7,0.281,0,older
6,128.0,69.0,29.0,128.0,35.3,0.182,1,older
3,124.0,83.0,50.0,131.0,22.5,0.084,1,young
4,77.0,55.0,31.0,68.0,33.2,0.269,0,young
6,96.0,90.0,29.0,125.0,38.1,0.228,1,young
0,119.0,80.0,37.0,123.0,36.8,0.294,0,young
0,111.0,72.0,28.0,128.0,24.4,0.217,0,young
1,102.0,65.0,31.0,127.0,26.7,0.264,0,young
1,104.0,75.0,32.0,71.0,31.7,0.228,0,young
2,76.0,51.0,39.0,98.0,24.6,0.297,0,young
1,115.0,64.0,30.0,210.0,34.9,0.538,0,young
1,108.0,82.0,36.0,125.0,41.4,0.685,0,young
1,99.0,69.0,30.0,119.0,36.9,0.258,0,older
6,115.0,60.0,19.0,128.0,31.8,0.222,0,young
1,91.0,67.0,17.0,130.0,27.1,0.408,0,young
7,105.0,66.0,29.0,128.0,34.3,0.245,0,young
8,177.0,69.0,47.0,120.0,38.9,0.209,1,older
0,107.0,66.0,31.0,124.0,21.6,0.141,0,young
9,116.0,63.0,38.0,134.0,35.4,0.315,1,older
12,107.0,71.0,29.0,127.0,31.7,0.439,1,older
1,101.0,60.0,39.0,75.0,37.8,0.257,0,young
5,91.0,61.0,29.0,136.0,29.3,0.155,0,young
7,100.0,73.0,32.0,126.0,43.0,0.242,1,young
5,92.0,70.0,29.0,125.0,29.5,0.161,0,young
1,107.0,67.0,29.0,118.0,29.4,0.224,0,young
0,82.0,61.0,24.0,82.0,32.2,0.234,0,young
2,117.0,72.0,13.0,29.0,33.8,0.31,0,young
1,111.0,76.0,33.0,130.0,28.2,0.137,0,young
0,116.0,68.0,21.0,125.0,35.9,0.19,0,young
9,165.0,99.0,38.0,126.0,36.2,0.292,1,older
12,98.0,71.0,40.0,129.0,33.0,0.336,1,older
8,160.0,102.0,31.0,131.0,35.3,0.189,1,older
9,153.0,86.0,44.0,126.0,41.5,0.112,1,older
1,132.0,81.0,29.0,132.0,31.7,0.373,0,young
1,115.0,66.0,35.0,23.0,37.1,0.272,0,young
1,137.0,75.0,39.0,124.0,34.2,0.503,1,young
9,80.0,71.0,29.0,125.0,35.1,0.162,0,older
13,167.0,84.0,42.0,118.0,31.2,0.237,1,older
0,173.0,65.0,40.0,180.0,36.4,0.407,1,young
0,104.0,75.0,36.0,86.0,29.2,0.355,0,young
9,104.0,86.0,29.0,125.0,36.7,0.226,1,older
8,97.0,74.0,27.0,129.0,38.9,0.087,1,young
6,143.0,79.0,41.0,130.0,37.0,0.294,1,older
4,64.0,87.0,29.0,126.0,27.1,0.313,0,young
5,92.0,67.0,7.0,127.0,27.7,0.229,0,young
2,87.0,56.0,43.0,53.0,26.7,0.27,0,young
6,128.0,69.0,24.0,127.0,35.6,0.244,0,young
1,90.0,81.0,29.0,126.0,33.5,0.282,0,young
1,99.0,80.0,20.0,123.0,29.6,0.272,0,older
1,106.0,71.0,30.0,122.0,33.6,0.235,0,young
1,98.0,64.0,29.0,124.0,31.2,0.406,0,young
10,90.0,85.0,29.0,124.0,29.0,0.369,0,young
0,101.0,74.0,15.0,69.0,24.9,0.295,0,young
7,137.0,81.0,29.0,130.0,39.5,0.382,1,older
2,110.0,60.0,29.0,125.0,39.0,0.308,0,young
8,113.0,64.0,29.0,124.0,29.6,0.301,1,older
0,76.0,64.0,26.0,62.0,18.2,0.221,0,young
5,96.0,70.0,18.0,124.0,24.0,0.314,0,older
11,99.0,55.0,28.0,123.0,27.8,0.193,0,older
8,99.0,78.0,29.0,125.0,32.8,0.111,0,older
10,88.0,69.0,31.0,125.0,30.7,0.23,0,older
0,99.0,79.0,47.0,130.0,38.5,0.225,0,young
1,125.0,73.0,47.0,124.0,32.3,0.208,0,young
1,126.0,77.0,15.0,125.0,28.2,0.248,0,young
4,116.0,90.0,19.0,123.0,34.3,0.293,1,older
2,99.0,68.0,28.0,125.0,33.7,0.264,0,young
7,169.0,83.0,30.0,121.0,43.7,0.27,1,older
1,96.0,69.0,29.0,182.0,35.0,0.613,1,young
2,111.0,75.0,16.0,121.0,22.3,0.229,0,young
0,111.0,79.0,31.0,124.0,31.8,0.321,0,young
0,114.0,83.0,29.0,122.0,33.4,0.224,0,young
0,103.0,61.0,11.0,87.0,25.2,0.439,0,young
5,89.0,79.0,30.0,122.0,31.4,0.223,0,older
1,131.0,70.0,15.0,130.0,29.2,0.233,0,young
7,128.0,73.0,38.0,120.0,36.1,0.193,0,young
3,87.0,65.0,29.0,133.0,34.7,0.257,0,older
1,97.0,47.0,42.0,133.0,35.5,0.486,0,young
1,129.0,67.0,38.0,123.0,38.0,0.591,0,young
7,117.0,65.0,34.0,127.0,39.0,0.453,1,young
1,122.0,79.0,30.0,128.0,30.2,0.176,0,young
1,125.0,77.0,20.0,123.0,30.0,0.266,0,young
1,110.0,60.0,36.0,79.0,32.0,0.353,0,young
0,118.0,76.0,40.0,129.0,28.6,0.181,0,young
0,72.0,75.0,18.0,122.0,18.2,0.136,0,young
2,93.0,58.0,29.0,130.0,24.6,0.193,0,young
0,95.0,68.0,20.0,131.0,22.1,0.163,0,young
7,122.0,77.0,31.0,212.0,35.7,0.671,1,young
6,100.0,75.0,37.0,123.0,37.2,0.752,1,older
0,102.0,56.0,29.0,121.0,30.4,0.154,0,young
2,101.0,71.0,41.0,119.0,37.9,0.281,0,young
8,135.0,63.0,31.0,124.0,32.9,0.216,0,young
6,121.0,70.0,30.0,124.0,27.6,0.234,0,young
5,128.0,77.0,25.0,122.0,30.1,0.31,1,young
1,73.0,65.0,17.0,124.0,34.7,0.211,0,young
1,96.0,63.0,44.0,114.0,36.2,0.407,0,young
1,108.0,77.0,29.0,128.0,29.5,0.262,0,young
12,147.0,83.0,28.0,124.0,32.6,0.564,1,young
1,103.0,74.0,36.0,128.0,26.2,0.738,0,young
0,132.0,69.0,29.0,128.0,39.4,0.28,0,young
0,101.0,73.0,24.0,59.0,30.9,0.288,0,young
7,90.0,74.0,30.0,115.0,30.9,0.247,0,young
7,108.0,73.0,28.0,126.0,26.1,0.21,0,older
6,186.0,75.0,30.0,131.0,33.9,0.294,1,older
0,124.0,73.0,28.0,126.0,30.2,0.136,0,young
1,113.0,67.0,33.0,129.0,33.0,0.314,0,young
10,134.0,61.0,24.0,126.0,26.6,0.357,0,young
8,119.0,73.0,31.0,124.0,30.1,0.728,0,young
1,106.0,70.0,41.0,125.0,35.2,0.242,0,young
5,124.0,83.0,29.0,128.0,28.3,0.181,0,older
1,111.0,63.0,35.0,130.0,37.7,0.337,0,young
0,111.0,60.0,18.0,123.0,35.8,0.266,0,young
1,110.0,76.0,29.0,135.0,38.4,0.258,0,young
8,133.0,79.0,28.0,130.0,36.1,0.161,1,older
3,101.0,64.0,34.0,120.0,31.4,0.267,0,young
2,121.0,64.0,29.0,124.0,30.2,0.238,0,young
1,97.0,67.0,40.0,114.0,33.8,0.377,0,young
1,98.0,73.0,31.0,76.0,36.3,0.381,0,young
4,101.0,77.0,36.0,130.0,27.5,0.114,0,young
1,128.0,80.0,33.0,126.0,37.3,0.321,0,young
5,122.0,80.0,30.0,126.0,34.2,0.286,1,older
4,111.0,66.0,17.0,125.0,26.4,0.318,0,young
5,98.0,75.0,39.0,125.0,29.5,0.33,0,young
1,91.0,88.0,43.0,160.0,38.7,0.504,1,young
1,104.0,79.0,28.0,131.0,38.9,0.307,0,young
2,91.0,71.0,38.0,126.0,36.0,0.198,0,young
10,99.0,73.0,27.0,120.0,32.9,0.236,1,older
1,97.0,77.0,23.0,126.0,31.3,0.438,0,young
12,114.0,73.0,35.0,128.0,36.7,0.361,1,young
1,117.0,74.0,41.0,123.0,36.7,0.593,0,young
1,111.0,71.0,31.0,127.0,28.0,0.179,0,young
6,170.0,83.0,44.0,127.0,35.7,0.244,1,older
0,94.0,60.0,35.0,71.0,27.7,0.273,0,young
7,168.0,75.0,32.0,131.0,37.0,0.244,1,older
8,82.0,75.0,28.0,129.0,28.5,0.262,0,older
2,115.0,77.0,36.0,174.0,30.1,0.303,1,young
1,128.0,62.0,31.0,133.0,30.8,0.145,0,young
3,111.0,68.0,45.0,127.0,34.0,0.212,1,young
1,143.0,73.0,39.0,118.0,37.5,0.211,0,young
1,112.0,77.0,38.0,169.0,33.2,0.362,0,young
2,122.0,67.0,23.0,126.0,27.0,0.466,0,young
6,103.0,88.0,36.0,122.0,36.1,0.247,1,older
1,126.0,67.0,29.0,122.0,29.6,0.332,0,young
2,81.0,71.0,11.0,67.0,30.0,0.174,0,young
1,87.0,59.0,7.0,25.0,32.9,0.2,0,young
2,117.0,61.0,19.0,122.0,31.5,0.315,0,young
1,101.0,84.0,28.0,124.0,19.9,0.133,0,young
5,90.0,72.0,35.0,124.0,30.1,0.23,0,young
7,119.0,84.0,29.0,120.0,32.3,0.273,1,older
5,94.0,70.0,31.0,129.0,33.2,0.163,0,young
2,107.0,68.0,31.0,118.0,37.2,0.272,0,young
1,56.0,77.0,28.0,125.0,37.8,0.197,0,young
5,86.0,77.0,28.0,130.0,34.1,0.279,0,young
1,108.0,70.0,32.0,171.0,31.9,0.756,0,young
1,134.0,71.0,33.0,124.0,34.1,0.254,0,young
1,86.0,68.0,39.0,123.0,31.9,0.198,0,young
0,75.0,87.0,30.0,128.0,41.4,0.351,0,young
1,126.0,69.0,32.0,121.0,35.9,0.318,0,young
2,102.0,73.0,43.0,130.0,37.5,0.294,0,young
1,69.0,82.0,27.0,115.0,31.4,0.084,0,young
1,106.0,67.0,34.0,62.0,34.1,0.209,0,young
9,103.0,75.0,22.0,121.0,27.0,0.234,1,older
1,86.0,79.0,36.0,125.0,36.4,0.186,0,young
2,111.0,87.0,30.0,117.0,29.8,0.203,0,older
3,96.0,67.0,29.0,128.0,30.8,0.334,1,older
8,148.0,76.0,43.0,206.0,37.1,0.745,1,young
8,106.0,67.0,29.0,134.0,28.3,0.248,0,older
2,139.0,57.0,37.0,119.0,29.1,0.23,0,young
2,59.0,67.0,41.0,82.0,36.2,0.294,0,young
7,117.0,81.0,35.0,125.0,32.9,0.407,1,older
1,79.0,70.0,29.0,115.0,32.5,0.379,0,young
3,94.0,73.0,40.0,127.0,42.5,0.254,0,young
4,118.0,60.0,43.0,127.0,38.1,0.092,1,young
6,110.0,87.0,30.0,126.0,34.7,0.233,1,older
1,91.0,65.0,29.0,116.0,33.9,0.207,0,young
12,134.0,91.0,29.0,130.0,36.3,0.211,1,young
3,97.0,53.0,22.0,77.0,23.6,0.204,0,young
0,104.0,69.0,39.0,126.0,31.6,0.266,0,young
5,105.0,70.0,28.0,126.0,36.0,0.278,0,older
1,99.0,64.0,43.0,124.0,34.7,0.329,0,young
10,95.0,79.0,30.0,126.0,33.0,0.162,0,young
1,129.0,78.0,43.0,203.0,32.9,0.493,0,young
0,110.0,73.0,37.0,135.0,31.0,0.35,0,young
2,99.0,62.0,30.0,130.0,30.8,0.252,0,young
8,113.0,77.0,29.0,131.0,31.9,0.139,0,older
9,110.0,68.0,39.0,129.0,31.7,0.12,0,young
2,129.0,66.0,30.0,125.0,30.0,0.138,0,young
5,110.0,72.0,29.0,121.0,32.8,0.245,0,young
6,93.0,76.0,28.0,124.0,31.4,0.282,0,young
0,127.0,79.0,9.0,122.0,31.4,0.294,0,young
0,106.0,70.0,28.0,126.0,33.9,0.335,0,young
1,125.0,71.0,17.0,121.0,31.1,0.148,0,young
1,110.0,61.0,31.0,57.0,35.0,0.229,0,young
5,97.0,40.0,29.0,120.0,31.5,0.404,0,young
1,113.0,75.0,31.0,126.0,34.5,0.322,0,young
6,113.0,56.0,46.0,129.0,35.5,0.406,1,older
1,60.0,68.0,41.0,110.0,31.3,0.279,0,young
5,95.0,61.0,29.0,127.0,27.7,0.352,0,older
8,102.0,60.0,28.0,124.0,26.1,0.171,0,young
9,125.0,104.0,20.0,125.0,35.6,0.293,1,older
1,102.0,66.0,29.0,130.0,37.5,0.194,0,young
6,101.0,55.0,36.0,125.0,27.7,0.182,0,older
6,111.0,60.0,29.0,128.0,30.3,0.255,0,young
9,88.0,62.0,26.0,123.0,34.6,0.209,0,young
1,104.0,73.0,29.0,128.0,29.7,0.31,0,young
0,97.0,70.0,29.0,114.0,29.3,0.286,0,young
0,91.0,61.0,19.0,125.0,25.6,0.09,0,young
6,123.0,69.0,29.0,125.0,32.7,0.317,0,young
9,103.0,86.0,29.0,130.0,34.2,0.202,0,older
5,112.0,77.0,29.0,127.0,33.1,0.344,1,older
1,103.0,71.0,29.0,127.0,38.6,0.193,1,young
0,92.0,52.0,27.0,85.0,28.6,0.182,0,young
0,109.0,65.0,25.0,125.0,37.1,0.312,1,young
0,127.0,82.0,38.0,138.0,34.6,0.645,1,young
10,111.0,72.0,30.0,129.0,33.6,0.199,0,older
1,140.0,68.0,49.0,183.0,50.4,0.53,1,young
1,103.0,54.0,30.0,95.0,30.9,0.217,0,young
10,101.0,83.0,28.0,130.0,29.7,0.145,1,older
1,96.0,59.0,40.0,123.0,34.7,0.264,1,young
4,92.0,61.0,30.0,127.0,25.9,0.314,0,young
8,112.0,77.0,28.0,126.0,34.5,0.305,0,older
1,104.0,69.0,15.0,47.0,31.3,0.318,0,young
8,112.0,72.0,28.0,126.0,35.8,0.113,0,older
3,86.0,71.0,26.0,69.0,33.7,0.292,0,young
1,116.0,77.0,20.0,212.0,29.8,0.499,1,young
2,111.0,61.0,27.0,122.0,30.4,0.178,0,young
1,97.0,65.0,46.0,123.0,38.1,0.302,0,young
2,116.0,71.0,23.0,205.0,37.1,0.439,1,young
12,82.0,71.0,29.0,126.0,25.2,0.234,0,young
1,122.0,73.0,20.0,127.0,37.2,0.26,0,young
4,116.0,83.0,28.0,128.0,27.0,0.275,0,young
0,104.0,68.0,32.0,61.0,33.3,0.293,0,young
1,87.0,67.0,29.0,116.0,36.4,0.343,0,young
1,120.0,76.0,42.0,122.0,46.6,0.686,1,young
1,115.0,67.0,17.0,126.0,28.2,0.233,0,young
0,124.0,69.0,32.0,177.0,39.5,0.511,1,young
10,111.0,82.0,29.0,130.0,31.4,0.084,0,older
4,102.0,81.0,30.0,125.0,30.8,0.273,1,young
1,140.0,78.0,29.0,122.0,25.8,0.161,0,young
9,111.0,80.0,28.0,129.0,22.5,0.212,0,older
11,129.0,85.0,30.0,133.0,30.9,0.348,1,older
1,88.0,66.0,41.0,125.0,45.2,0.188,0,young
1,96.0,72.0,30.0,123.0,28.4,0.265,0,young
1,104.0,70.0,40.0,40.0,37.6,0.245,0,young
9,182.0,76.0,33.0,128.0,35.7,0.243,1,older
9,93.0,58.0,30.0,124.0,29.7,0.245,0,older
1,111.0,64.0,30.0,206.0,32.8,0.741,1,young
4,107.0,76.0,29.0,122.0,30.6,0.214,1,older
6,162.0,91.0,38.0,123.0,39.4,0.658,1,young
