job,marital,education,default,balance,housing,loan,contact,day_of_week,month,campaign,pdays,previous,poutcome,target,age_group
blue-collar,married,secondary,no,2913,no,no,cellular,4,dec,2,184,2,success,0,older
services,married,secondary,no,37,yes,no,unknown,14,may,1,-1,0,unknown,0,young
retired,married,secondary,no,665,yes,no,cellular,22,apr,2,-1,0,unknown,1,older
services,single,secondary,no,37,no,yes,cellular,2,feb,5,-1,0,unknown,0,young
management,married,tertiary,yes,-1038,yes,no,cellular,16,jul,2,-1,0,unknown,0,young
technician,divorced,secondary,no,1161,yes,no,unknown,13,may,1,-1,0,unknown,0,older
blue-collar,married,secondary,no,59,yes,no,cellular,25,jul,1,-1,0,unknown,0,young
blue-collar,married,secondary,no,88,yes,no,cellular,12,may,2,-1,0,unknown,0,older
technician,single,secondary,no,740,yes,no,unknown,28,may,3,-1,0,unknown,0,young
admin.,single,secondary,no,642,yes,no,cellular,5,feb,1,253,2,failure,0,young
technician,married,secondary,no,261,no,no,cellular,29,aug,4,-1,0,unknown,0,young
services,married,primary,no,822,yes,no,unknown,16,may,1,-1,0,unknown,0,older
blue-collar,single,secondary,no,313,yes,yes,unknown,5,jun,2,-1,0,unknown,0,young
blue-collar,married,primary,no,156,yes,no,unknown,7,may,3,-1,0,unknown,0,older
management,married,tertiary,no,1402,no,no,unknown,1,jun,1,557,2,failure,0,young
services,married,secondary,no,8136,yes,no,cellular,14,aug,3,-1,0,unknown,0,older
technician,divorced,secondary,no,3450,no,no,cellular,10,aug,1,181,2,success,1,older
management,married,tertiary,no,212,no,no,cellular,21,apr,2,-1,0,unknown,1,older
entrepreneur,married,tertiary,no,693,no,no,cellular,22,jul,5,-1,0,unknown,0,older
entrepreneur,married,primary,no,4711,no,no,unknown,19,jun,1,-1,0,unknown,0,older
admin.,married,primary,no,0,yes,no,cellular,30,jan,3,-1,0,unknown,0,older
blue-collar,married,primary,no,15,yes,no,unknown,6,may,1,-1,0,unknown,0,older
management,single,tertiary,no,227,no,no,cellular,20,aug,8,-1,0,unknown,0,older
technician,married,tertiary,no,591,no,no,cellular,20,aug,3,-1,0,unknown,0,older
technician,married,secondary,no,2278,no,yes,telephone,19,nov,1,-1,0,unknown,0,young
student,single,secondary,no,29,no,no,cellular,14,sep,2,-1,0,unknown,0,young
management,married,primary,no,785,yes,no,cellular,12,may,1,-1,0,unknown,0,older
entrepreneur,divorced,tertiary,no,0,yes,no,cellular,13,may,2,-1,0,unknown,0,older
services,married,secondary,no,4283,yes,no,unknown,12,jun,1,-1,0,unknown,0,older
technician,single,secondary,no,2300,no,no,cellular,8,aug,6,-1,0,unknown,0,older
admin.,married,secondary,no,19,no,no,cellular,28,jan,1,-1,0,unknown,0,young
admin.,single,secondary,yes,-228,yes,no,cellular,15,may,1,371,1,failure,0,young
entrepreneur,married,primary,no,-204,yes,no,cellular,24,jul,1,-1,0,unknown,0,young
management,single,tertiary,no,900,yes,no,unknown,2,jun,1,-1,0,unknown,0,young
blue-collar,single,secondary,no,76,yes,no,cellular,18,may,2,-1,0,unknown,1,young
blue-collar,married,secondary,no,23,yes,no,unknown,12,may,2,-1,0,unknown,0,older
management,married,tertiary,no,-267,no,no,unknown,23,may,3,-1,0,unknown,0,older
technician,married,secondary,no,150,yes,no,telephone,21,jul,3,-1,0,unknown,0,older
blue-collar,married,secondary,no,0,no,no,cellular,19,aug,7,-1,0,unknown,0,older
admin.,married,secondary,no,897,no,no,cellular,17,mar,1,285,1,success,0,young
retired,married,tertiary,no,794,no,no,unknown,9,may,1,-1,0,unknown,0,young
blue-collar,divorced,secondary,no,-135,yes,no,unknown,13,may,11,-1,0,unknown,0,older
management,divorced,tertiary,no,457,yes,no,cellular,5,feb,3,-1,0,unknown,0,young
technician,single,secondary,no,0,no,no,unknown,3,jul,2,-1,0,unknown,0,young
entrepreneur,divorced,primary,yes,-736,no,no,cellular,31,jul,6,-1,0,unknown,0,older
management,married,secondary,no,1306,yes,no,telephone,17,nov,1,-1,0,unknown,0,older
management,married,secondary,no,6526,no,no,cellular,18,jun,2,399,3,failure,0,older
management,married,tertiary,no,1356,yes,no,cellular,21,may,1,193,6,failure,0,older
student,single,secondary,no,224,no,no,unknown,14,sep,1,-1,0,unknown,0,young
housemaid,married,primary,no,3173,no,no,telephone,8,jul,1,-1,0,unknown,0,older
admin.,married,unknown,no,1093,no,no,cellular,22,apr,1,-1,0,unknown,0,older
services,single,secondary,no,2954,yes,no,unknown,28,may,2,-1,0,unknown,0,young
blue-collar,married,secondary,no,398,yes,yes,cellular,1,apr,1,238,2,failure,0,older
technician,married,tertiary,no,677,yes,no,cellular,15,apr,3,-1,0,unknown,0,young
blue-collar,married,secondary,no,658,yes,no,cellular,17,apr,3,267,1,failure,0,young
blue-collar,married,secondary,no,114,yes,no,unknown,2,jun,3,-1,0,unknown,0,older
management,married,primary,no,22856,no,no,cellular,2,jul,1,388,1,failure,0,young
services,married,secondary,no,458,yes,no,cellular,13,may,11,-1,0,unknown,0,young
management,single,secondary,no,-277,yes,no,cellular,12,may,1,-1,0,unknown,0,older
management,married,tertiary,no,28433,no,no,cellular,13,aug,2,-1,0,unknown,0,young
blue-collar,married,unknown,no,2113,yes,no,telephone,9,jul,5,-1,0,unknown,0,older
management,single,tertiary,no,5167,no,no,cellular,26,aug,18,-1,0,unknown,0,young
admin.,divorced,secondary,no,109,yes,no,unknown,16,may,1,-1,0,unknown,0,older
blue-collar,married,secondary,yes,20,yes,no,cellular,8,may,1,-1,0,unknown,0,older
entrepreneur,single,secondary,no,131,yes,no,cellular,21,jul,1,-1,0,unknown,0,young
blue-collar,married,secondary,no,-341,yes,no,unknown,19,may,1,-1,0,unknown,0,young
services,divorced,secondary,no,0,no,no,cellular,14,jul,3,-1,0,unknown,0,older
services,divorced,secondary,no,-225,no,no,cellular,23,jul,1,-1,0,unknown,0,young
services,married,secondary,no,84,yes,no,unknown,15,may,1,-1,0,unknown,0,older
housemaid,married,primary,no,39,no,no,cellular,21,aug,4,-1,0,unknown,0,older
self-employed,married,tertiary,no,35589,no,no,telephone,18,nov,2,-1,0,unknown,0,older
management,single,tertiary,no,220,yes,no,cellular,4,may,2,-1,0,unknown,0,young
admin.,single,secondary,no,96,no,no,unknown,26,may,1,-1,0,unknown,0,young
self-employed,single,secondary,no,55,yes,no,cellular,18,may,1,-1,0,unknown,0,young
student,married,tertiary,no,3037,yes,no,telephone,21,nov,1,-1,0,unknown,0,young
blue-collar,single,secondary,no,470,yes,no,unknown,21,may,1,-1,0,unknown,0,young
management,married,tertiary,no,0,yes,no,cellular,14,may,1,-1,0,unknown,0,young
services,married,secondary,no,-176,yes,no,cellular,30,jul,31,-1,0,unknown,0,young
blue-collar,single,secondary,no,339,yes,no,cellular,10,jul,1,-1,0,unknown,0,young
technician,married,unknown,no,2005,yes,no,unknown,30,may,1,-1,0,unknown,0,older
self-employed,married,secondary,no,0,no,no,cellular,25,sep,2,-1,0,unknown,0,older
student,single,secondary,no,1854,no,no,telephone,4,may,3,-1,0,unknown,0,young
technician,married,secondary,no,1130,yes,no,cellular,23,jul,2,-1,0,unknown,0,older
blue-collar,married,primary,no,293,yes,yes,cellular,7,may,1,-1,0,unknown,0,older
management,married,tertiary,no,488,yes,no,cellular,19,nov,3,-1,0,unknown,0,older
blue-collar,married,secondary,no,737,yes,no,unknown,30,may,2,-1,0,unknown,0,young
admin.,married,primary,no,202,yes,no,cellular,20,apr,1,346,2,failure,0,older
housemaid,married,primary,no,3680,no,no,unknown,16,jun,1,-1,0,unknown,0,older
admin.,married,unknown,no,4629,yes,no,cellular,27,oct,1,-1,0,unknown,1,older
self-employed,married,secondary,no,2260,yes,no,unknown,30,may,3,-1,0,unknown,0,young
technician,married,unknown,no,84,yes,no,cellular,13,may,2,370,1,failure,0,older
blue-collar,single,secondary,no,3662,no,no,telephone,28,jan,1,-1,0,unknown,0,young
blue-collar,married,unknown,no,6134,no,no,cellular,6,aug,2,-1,0,unknown,0,older
services,divorced,secondary,no,1735,no,no,unknown,20,jun,2,-1,0,unknown,0,older
student,single,secondary,no,904,no,no,unknown,20,jun,8,-1,0,unknown,0,young
self-employed,married,tertiary,no,917,no,no,cellular,6,feb,3,212,5,failure,0,older
management,divorced,tertiary,no,2422,yes,no,cellular,21,jul,2,-1,0,unknown,0,older
services,married,secondary,no,15,yes,no,unknown,16,may,1,-1,0,unknown,0,young
technician,single,secondary,no,1453,yes,no,cellular,12,may,1,343,1,other,0,young
technician,married,tertiary,no,512,no,no,cellular,9,jul,4,-1,0,unknown,0,young
management,married,tertiary,no,3371,no,no,cellular,25,mar,1,178,2,success,1,older
admin.,single,secondary,no,299,yes,no,unknown,7,may,2,-1,0,unknown,0,young
blue-collar,married,secondary,no,3,yes,no,telephone,20,nov,1,190,1,failure,0,older
technician,married,secondary,no,662,no,no,unknown,18,jun,2,-1,0,unknown,0,older
blue-collar,married,primary,no,4436,yes,no,unknown,13,may,2,-1,0,unknown,0,young
technician,single,tertiary,no,849,yes,no,cellular,28,jul,5,-1,0,unknown,0,young
retired,divorced,primary,no,1194,yes,no,cellular,22,may,1,310,1,other,0,older
housemaid,single,secondary,no,540,no,no,unknown,21,may,3,-1,0,unknown,0,young
technician,single,tertiary,no,696,no,yes,cellular,11,jul,2,-1,0,unknown,0,young
technician,married,secondary,no,946,yes,no,unknown,21,may,2,-1,0,unknown,0,young
management,single,tertiary,no,4788,yes,no,unknown,3,jun,1,-1,0,unknown,0,young
admin.,single,tertiary,no,64,yes,no,cellular,28,jul,2,-1,0,unknown,0,young
management,single,tertiary,no,493,yes,no,unknown,9,may,7,-1,0,unknown,0,young
admin.,divorced,secondary,no,1634,yes,yes,cellular,12,may,5,-1,0,unknown,0,older
management,married,secondary,no,576,yes,no,unknown,8,may,3,-1,0,unknown,0,older
technician,single,tertiary,no,875,yes,no,cellular,6,may,1,-1,0,unknown,0,young
admin.,single,secondary,no,142,no,yes,unknown,20,jun,3,-1,0,unknown,0,young
management,single,tertiary,no,60,no,no,cellular,27,aug,3,-1,0,unknown,0,young
technician,single,secondary,no,641,yes,yes,cellular,20,apr,3,-1,0,unknown,0,young
entrepreneur,married,tertiary,no,54,yes,yes,cellular,6,may,1,169,1,failure,0,older
management,married,tertiary,no,0,no,no,cellular,14,aug,2,-1,0,unknown,0,older
blue-collar,single,secondary,no,1670,yes,no,cellular,18,may,1,-1,0,unknown,0,young
services,divorced,secondary,no,96,yes,no,unknown,8,may,1,-1,0,unknown,0,young
management,divorced,tertiary,no,1267,yes,no,unknown,30,may,2,-1,0,unknown,0,older
unemployed,married,secondary,no,0,yes,no,unknown,20,jun,1,-1,0,unknown,0,older
admin.,married,secondary,no,0,no,yes,unknown,19,jun,2,-1,0,unknown,0,young
self-employed,married,primary,no,106,yes,no,telephone,31,jul,2,-1,0,unknown,0,older
blue-collar,married,primary,no,179,no,no,cellular,25,aug,3,-1,0,unknown,0,older
technician,married,secondary,no,124,yes,no,cellular,28,jul,12,-1,0,unknown,0,older
technician,married,tertiary,no,94,yes,yes,unknown,16,may,1,-1,0,unknown,1,young
admin.,married,secondary,no,129,yes,no,cellular,2,mar,1,-1,0,unknown,0,older
student,single,secondary,no,249,no,no,unknown,5,sep,1,-1,0,unknown,0,young
self-employed,single,tertiary,no,17924,yes,no,cellular,21,nov,3,-1,0,unknown,0,young
technician,married,tertiary,no,2369,no,no,unknown,11,jun,2,-1,0,unknown,0,older
technician,married,secondary,no,511,yes,no,cellular,20,apr,2,342,4,failure,0,young
admin.,single,secondary,no,549,yes,no,cellular,14,apr,2,-1,0,unknown,0,young
technician,divorced,secondary,no,-26,yes,yes,cellular,19,nov,1,113,2,other,0,older
services,divorced,unknown,no,1877,yes,no,unknown,30,may,1,-1,0,unknown,0,older
services,married,secondary,no,629,no,yes,cellular,8,jul,2,-1,0,unknown,0,young
technician,single,tertiary,no,127,yes,no,cellular,31,jul,3,-1,0,unknown,0,young
retired,married,primary,no,1058,no,no,telephone,17,may,5,-1,0,unknown,0,older
technician,married,secondary,no,-293,yes,yes,unknown,5,jun,2,-1,0,unknown,0,young
blue-collar,married,secondary,no,484,yes,no,unknown,19,may,2,-1,0,unknown,0,young
admin.,married,secondary,no,466,yes,no,cellular,29,jan,1,-1,0,unknown,0,older
technician,married,tertiary,no,450,yes,yes,unknown,12,may,1,-1,0,unknown,0,young
student,single,tertiary,no,641,yes,no,cellular,15,may,1,368,1,failure,0,young
housemaid,divorced,tertiary,no,9767,yes,no,unknown,29,may,2,-1,0,unknown,0,older
unemployed,married,primary,yes,-581,yes,no,unknown,8,may,2,-1,0,unknown,0,older
housemaid,single,secondary,no,229,yes,no,unknown,30,may,16,-1,0,unknown,0,young
management,single,tertiary,no,6651,no,no,cellular,22,may,1,60,1,failure,0,older
technician,married,secondary,no,218,no,no,cellular,10,jul,1,-1,0,unknown,0,older
services,married,unknown,no,324,no,no,cellular,29,aug,11,-1,0,unknown,0,older
admin.,married,secondary,no,774,yes,yes,cellular,21,jul,1,-1,0,unknown,0,young
management,married,tertiary,no,551,yes,no,unknown,12,may,4,-1,0,unknown,0,young
services,single,secondary,no,197,yes,no,cellular,5,may,2,-1,0,unknown,0,young
management,single,tertiary,no,747,no,no,cellular,31,aug,2,98,1,failure,0,young
services,married,secondary,no,1844,yes,yes,cellular,3,feb,4,201,6,failure,0,young
admin.,single,secondary,no,141,yes,no,cellular,18,may,4,349,6,other,0,young
student,single,primary,no,608,no,no,cellular,13,nov,1,93,1,success,1,young
blue-collar,married,secondary,no,427,yes,yes,unknown,9,jun,3,-1,0,unknown,0,young
blue-collar,married,primary,no,-234,yes,no,cellular,6,may,1,-1,0,unknown,0,young
unemployed,divorced,secondary,no,44134,no,no,cellular,3,feb,1,-1,0,unknown,0,older
blue-collar,single,secondary,no,179,yes,no,cellular,18,may,2,-1,0,unknown,0,young
retired,married,secondary,no,529,yes,no,cellular,5,feb,4,8,3,other,0,older
management,single,tertiary,no,1350,yes,no,cellular,16,apr,1,330,1,failure,0,young
unknown,married,primary,no,142,no,no,unknown,12,jun,3,-1,0,unknown,0,older
admin.,married,primary,no,3644,yes,yes,telephone,31,jul,9,-1,0,unknown,1,older
technician,single,secondary,no,276,no,yes,cellular,25,aug,5,-1,0,unknown,0,young
services,divorced,primary,no,0,no,yes,cellular,8,jul,1,-1,0,unknown,0,older
services,married,secondary,no,-538,no,yes,unknown,27,may,1,-1,0,unknown,0,young
services,single,tertiary,no,126,yes,no,unknown,20,jun,2,-1,0,unknown,0,older
blue-collar,single,secondary,no,178,yes,no,cellular,15,may,1,360,5,failure,0,young
services,single,secondary,no,-106,no,no,unknown,1,jul,4,-1,0,unknown,0,young
technician,married,secondary,no,659,no,yes,cellular,28,jul,2,-1,0,unknown,0,young
management,married,unknown,no,76,no,no,cellular,16,mar,1,-1,0,unknown,1,young
management,single,tertiary,no,80,yes,no,cellular,30,jan,3,-1,0,unknown,0,young
management,single,secondary,no,356,yes,no,cellular,21,nov,5,114,7,failure,0,young
blue-collar,divorced,primary,no,1320,no,no,unknown,9,jun,1,-1,0,unknown,0,older
unemployed,married,secondary,no,2690,no,no,cellular,7,aug,2,-1,0,unknown,0,older
management,single,tertiary,no,3812,no,no,cellular,20,nov,2,-1,0,unknown,0,older
blue-collar,married,secondary,no,1539,yes,no,cellular,14,jul,3,-1,0,unknown,0,young
retired,married,secondary,no,4269,no,no,telephone,16,apr,3,-1,0,unknown,0,older
blue-collar,married,secondary,no,-312,yes,yes,cellular,14,may,2,-1,0,unknown,0,young
management,married,tertiary,no,3421,no,no,cellular,4,may,5,-1,0,unknown,0,older
student,single,unknown,no,10332,no,no,cellular,2,nov,3,-1,0,unknown,1,young
retired,married,secondary,no,53,no,no,cellular,31,jul,2,-1,0,unknown,0,older
services,married,secondary,no,983,no,no,cellular,28,jan,1,-1,0,unknown,0,older
services,married,secondary,no,59,no,no,cellular,28,aug,13,-1,0,unknown,0,older
services,married,tertiary,no,-3,no,no,cellular,8,aug,2,-1,0,unknown,0,older
blue-collar,single,secondary,no,0,yes,no,cellular,8,may,1,368,1,other,0,young
blue-collar,married,primary,no,4143,no,yes,unknown,16,jun,5,-1,0,unknown,0,young
entrepreneur,married,secondary,yes,15,yes,no,cellular,10,jul,1,-1,0,unknown,0,young
blue-collar,single,tertiary,no,297,no,no,cellular,7,apr,4,-1,0,unknown,1,young
retired,married,primary,yes,-123,no,yes,cellular,28,aug,3,-1,0,unknown,0,older
management,married,tertiary,no,579,no,no,cellular,12,aug,4,-1,0,unknown,0,older
management,single,tertiary,no,7345,no,no,cellular,30,apr,1,-1,0,unknown,0,young
admin.,married,secondary,no,1345,yes,no,cellular,23,jul,1,-1,0,unknown,0,young
unemployed,married,primary,no,941,no,no,cellular,2,feb,1,-1,0,unknown,0,young
technician,single,tertiary,no,5365,yes,no,cellular,7,may,2,-1,0,unknown,0,older
technician,single,tertiary,no,195,yes,no,cellular,22,aug,2,-1,0,unknown,0,young
admin.,married,secondary,no,67,no,no,cellular,20,apr,2,150,2,failure,0,older
management,married,tertiary,no,332,yes,no,unknown,2,jun,4,-1,0,unknown,0,older
technician,married,tertiary,no,415,no,no,unknown,23,may,2,-1,0,unknown,0,young
blue-collar,married,secondary,no,79,yes,no,unknown,28,may,2,-1,0,unknown,0,young
services,divorced,secondary,no,-116,no,yes,cellular,25,jul,3,-1,0,unknown,0,older
blue-collar,single,secondary,no,2469,yes,no,cellular,7,may,1,-1,0,unknown,0,young
unemployed,married,secondary,no,1350,no,no,cellular,25,jun,1,388,1,failure,0,older
services,married,secondary,no,205,yes,no,cellular,15,apr,2,-1,0,unknown,0,older
student,single,secondary,no,39,no,no,cellular,6,jul,2,-1,0,unknown,0,young
blue-collar,single,secondary,no,1291,yes,no,cellular,7,may,1,293,1,failure,0,young
self-employed,married,secondary,no,396,no,no,cellular,28,aug,1,-1,0,unknown,0,older
technician,single,tertiary,no,1221,yes,no,cellular,21,jul,2,-1,0,unknown,0,young
management,married,secondary,no,21,yes,no,cellular,7,may,1,338,2,failure,0,older
management,married,tertiary,no,926,yes,no,cellular,17,nov,1,-1,0,unknown,0,older
admin.,divorced,secondary,no,82,no,no,unknown,28,may,1,-1,0,unknown,0,young
services,single,secondary,no,-97,yes,no,unknown,4,jun,2,-1,0,unknown,0,young
services,single,secondary,no,-260,yes,no,unknown,12,may,2,-1,0,unknown,0,young
blue-collar,single,secondary,no,1849,yes,no,unknown,28,may,1,-1,0,unknown,0,young
blue-collar,single,secondary,no,239,yes,no,unknown,23,may,1,-1,0,unknown,1,young
blue-collar,married,secondary,no,580,no,no,cellular,21,nov,2,-1,0,unknown,1,older
management,single,tertiary,no,7612,no,no,cellular,24,jul,4,-1,0,unknown,0,young
entrepreneur,married,tertiary,no,312,no,no,cellular,29,jan,2,-1,0,unknown,0,young
entrepreneur,married,primary,no,2418,yes,no,unknown,14,may,1,-1,0,unknown,0,older
management,married,tertiary,no,2218,yes,no,cellular,6,may,2,-1,0,unknown,0,young
blue-collar,married,secondary,no,-10,yes,no,unknown,6,may,1,-1,0,unknown,0,young
services,single,secondary,no,-158,yes,no,unknown,7,may,2,-1,0,unknown,0,young
blue-collar,married,secondary,no,217,yes,no,unknown,15,may,1,-1,0,unknown,0,young
management,married,tertiary,no,314,no,no,unknown,28,may,2,-1,0,unknown,1,young
management,divorced,tertiary,no,3355,no,no,cellular,14,oct,2,500,1,failure,0,older
entrepreneur,married,tertiary,no,79,yes,yes,unknown,9,may,3,-1,0,unknown,0,young
blue-collar,married,secondary,no,2423,yes,no,unknown,9,jun,1,-1,0,unknown,0,young
blue-collar,married,secondary,no,1803,yes,no,telephone,15,may,8,360,1,failure,0,young
management,married,tertiary,no,5619,no,no,cellular,25,mar,1,-1,0,unknown,0,older
retired,married,tertiary,no,2269,no,no,unknown,20,jun,1,-1,0,unknown,1,older
management,married,tertiary,no,9683,no,no,cellular,4,aug,2,-1,0,unknown,0,older
unemployed,single,secondary,yes,-1270,no,yes,telephone,7,jul,2,-1,0,unknown,0,young
management,married,tertiary,no,-974,no,yes,cellular,13,aug,4,-1,0,unknown,0,young
blue-collar,married,secondary,no,5521,yes,no,cellular,7,apr,2,-1,0,unknown,0,older
blue-collar,married,secondary,no,-109,yes,yes,cellular,7,may,4,-1,0,unknown,0,young
blue-collar,divorced,unknown,yes,1,no,no,unknown,20,jun,1,-1,0,unknown,0,older
admin.,married,secondary,no,3496,yes,no,unknown,2,jun,4,-1,0,unknown,0,older
blue-collar,single,secondary,no,23,no,no,cellular,26,feb,2,-1,0,unknown,0,young
services,single,secondary,no,532,yes,no,unknown,9,jun,2,-1,0,unknown,0,older
technician,married,secondary,no,4945,yes,no,cellular,3,sep,3,185,2,success,1,older
admin.,married,secondary,yes,-279,yes,no,unknown,28,may,2,-1,0,unknown,0,young
blue-collar,married,unknown,no,8600,no,no,unknown,11,jun,9,-1,0,unknown,0,older
entrepreneur,married,tertiary,no,3571,no,no,unknown,9,jun,3,-1,0,unknown,0,young
blue-collar,single,primary,no,12130,yes,no,cellular,12,may,2,328,13,failure,0,young
blue-collar,single,secondary,no,543,yes,no,cellular,15,may,1,-1,0,unknown,0,young
admin.,divorced,secondary,no,12039,no,no,telephone,8,apr,1,-1,0,unknown,1,older
technician,single,secondary,no,3499,yes,no,cellular,11,may,3,356,1,other,0,young
management,married,tertiary,no,1300,no,no,cellular,30,jul,3,-1,0,unknown,0,older
entrepreneur,married,tertiary,no,1194,no,yes,cellular,28,aug,10,-1,0,unknown,0,young
management,single,tertiary,no,33,yes,no,unknown,27,may,1,-1,0,unknown,0,older
unemployed,single,secondary,no,523,no,no,cellular,5,feb,1,-1,0,unknown,0,young
unemployed,married,secondary,no,94,no,no,cellular,10,nov,3,190,10,failure,1,older
services,single,secondary,no,458,no,no,cellular,18,jul,3,-1,0,unknown,0,young
management,married,tertiary,no,1167,yes,yes,cellular,1,jun,1,-1,0,unknown,1,older
management,divorced,tertiary,no,3287,no,no,cellular,27,apr,1,-1,0,unknown,1,older
technician,married,secondary,no,536,yes,no,cellular,17,nov,1,-1,0,unknown,0,older
technician,married,secondary,no,3601,yes,no,unknown,30,may,2,-1,0,unknown,0,older
management,married,tertiary,no,488,yes,no,cellular,6,feb,2,-1,0,unknown,0,older
technician,single,secondary,no,4,yes,no,telephone,31,jul,24,-1,0,unknown,0,young
blue-collar,married,secondary,no,67,no,no,unknown,20,may,6,-1,0,unknown,0,young
entrepreneur,married,tertiary,no,0,yes,no,cellular,7,may,2,349,2,failure,0,young
management,single,tertiary,no,3041,yes,no,cellular,8,may,3,-1,0,unknown,1,young
admin.,divorced,tertiary,no,777,no,yes,cellular,25,may,1,-1,0,unknown,0,young
management,single,tertiary,no,499,yes,no,cellular,21,may,1,281,3,failure,0,young
management,single,tertiary,no,752,yes,no,cellular,15,jul,5,-1,0,unknown,0,young
services,single,secondary,no,84,no,yes,unknown,3,jul,3,-1,0,unknown,1,young
retired,married,tertiary,no,1948,no,no,cellular,2,feb,2,-1,0,unknown,0,older
technician,single,secondary,no,404,yes,no,unknown,29,may,2,-1,0,unknown,0,young
housemaid,single,secondary,no,1385,no,no,telephone,21,nov,1,-1,0,unknown,0,older
services,divorced,secondary,no,2455,no,no,cellular,25,jul,1,-1,0,unknown,0,older
management,divorced,primary,no,137,yes,no,unknown,20,may,12,-1,0,unknown,0,young
management,married,tertiary,no,0,yes,yes,cellular,17,jul,1,-1,0,unknown,0,young
management,divorced,unknown,no,0,no,no,cellular,27,mar,1,-1,0,unknown,0,older
management,married,secondary,no,623,yes,no,cellular,13,may,6,-1,0,unknown,0,older
admin.,married,secondary,no,8781,yes,no,cellular,18,nov,1,-1,0,unknown,1,young
retired,divorced,secondary,no,-82,no,yes,cellular,29,jul,6,-1,0,unknown,0,older
technician,married,secondary,no,0,no,no,cellular,28,aug,14,-1,0,unknown,0,young
management,single,tertiary,no,312,no,no,cellular,11,aug,1,369,3,failure,0,young
technician,single,secondary,no,307,yes,no,cellular,3,feb,1,-1,0,unknown,0,young
blue-collar,single,secondary,no,369,yes,no,unknown,23,may,3,-1,0,unknown,0,young
housemaid,married,primary,no,1109,yes,yes,cellular,29,jul,4,-1,0,unknown,0,older
services,married,secondary,no,2063,yes,yes,cellular,10,jul,1,-1,0,unknown,0,young
management,married,tertiary,no,2471,yes,yes,cellular,23,jul,1,-1,0,unknown,0,young
blue-collar,married,secondary,no,0,yes,no,cellular,28,jan,1,266,1,other,0,young
technician,married,secondary,no,591,no,no,telephone,23,jul,2,-1,0,unknown,0,older
management,married,tertiary,no,740,yes,yes,cellular,11,may,3,341,1,other,0,young
student,single,tertiary,no,221,yes,no,cellular,15,may,1,-1,0,unknown,0,young
technician,married,secondary,no,4,yes,no,cellular,2,feb,2,263,1,failure,0,young
technician,married,secondary,no,42,no,yes,unknown,3,jul,2,-1,0,unknown,0,older
technician,married,tertiary,no,914,yes,no,cellular,12,may,2,-1,0,unknown,0,young
admin.,single,secondary,no,4039,yes,no,unknown,20,may,1,-1,0,unknown,0,young
entrepreneur,single,tertiary,no,231,no,no,unknown,17,jun,1,-1,0,unknown,0,older
blue-collar,divorced,primary,no,1,yes,no,cellular,8,may,5,336,9,failure,0,young
services,single,secondary,no,-386,yes,no,cellular,29,jan,1,237,2,other,0,young
blue-collar,married,secondary,no,0,yes,no,unknown,5,jun,2,-1,0,unknown,0,older
retired,married,unknown,no,2540,no,no,telephone,14,sep,3,92,9,success,1,older
services,single,primary,no,35,yes,no,unknown,28,may,3,-1,0,unknown,0,young
admin.,married,secondary,no,148,yes,no,cellular,11,may,2,-1,0,unknown,0,young
management,single,tertiary,no,2592,no,no,cellular,12,may,2,174,1,failure,0,young
technician,married,secondary,no,1818,no,no,cellular,2,feb,1,241,2,other,0,older
blue-collar,married,secondary,no,61,yes,no,unknown,7,may,3,-1,0,unknown,0,young
services,single,primary,no,-56,no,yes,cellular,19,nov,1,-1,0,unknown,0,young
services,married,primary,no,1625,no,no,cellular,8,aug,2,-1,0,unknown,1,older
technician,single,secondary,no,441,no,yes,cellular,9,jul,2,-1,0,unknown,0,young
management,married,tertiary,no,1945,no,no,unknown,14,may,1,-1,0,unknown,0,older
management,married,tertiary,no,-547,yes,no,cellular,30,apr,1,259,2,failure,0,young
management,married,tertiary,no,1366,yes,no,unknown,29,may,3,-1,0,unknown,0,young
student,single,secondary,no,130,no,no,cellular,11,may,2,273,4,failure,0,young
blue-collar,married,primary,no,-232,no,yes,cellular,11,aug,2,-1,0,unknown,0,older
admin.,married,secondary,no,175,yes,no,cellular,15,may,4,262,7,failure,0,older
unemployed,married,tertiary,no,2012,no,no,cellular,7,apr,3,-1,0,unknown,0,young
retired,married,secondary,no,780,no,no,cellular,12,feb,4,-1,0,unknown,0,older
management,single,tertiary,no,8224,yes,no,cellular,15,jul,1,-1,0,unknown,0,older
blue-collar,married,primary,no,135,yes,no,cellular,20,apr,1,-1,0,unknown,0,older
technician,single,secondary,no,674,no,no,cellular,17,apr,5,-1,0,unknown,1,young
blue-collar,married,secondary,no,254,yes,no,unknown,6,may,2,-1,0,unknown,0,older
admin.,single,tertiary,no,4129,no,no,cellular,1,sep,1,-1,0,unknown,0,young
blue-collar,married,secondary,no,777,yes,no,cellular,6,may,3,-1,0,unknown,0,young
management,single,tertiary,no,522,no,no,telephone,29,mar,4,-1,0,unknown,0,young
entrepreneur,single,tertiary,no,667,yes,no,cellular,20,apr,5,-1,0,unknown,0,young
blue-collar,divorced,secondary,no,506,no,no,cellular,24,jul,1,-1,0,unknown,0,older
management,married,tertiary,no,776,yes,yes,cellular,21,jul,2,-1,0,unknown,0,older
technician,single,secondary,yes,-92,yes,no,cellular,6,may,1,363,1,other,0,young
self-employed,married,primary,no,2086,yes,no,cellular,21,nov,7,-1,0,unknown,0,young
housemaid,divorced,secondary,no,70,no,no,cellular,4,jun,2,128,8,success,0,young
services,married,primary,no,320,no,yes,cellular,17,jul,2,-1,0,unknown,0,older
technician,married,secondary,no,1263,yes,no,cellular,20,nov,1,-1,0,unknown,0,young
management,single,tertiary,no,3035,no,no,cellular,20,nov,1,-1,0,unknown,0,young
blue-collar,married,secondary,no,320,yes,no,cellular,12,aug,1,828,2,failure,1,young
blue-collar,married,secondary,no,1831,yes,no,unknown,20,may,2,-1,0,unknown,0,young
retired,single,secondary,no,282,no,yes,cellular,7,jul,1,-1,0,unknown,0,older
blue-collar,married,secondary,no,6933,no,no,cellular,19,nov,2,-1,0,unknown,0,older
services,single,secondary,no,473,yes,no,cellular,7,jul,5,-1,0,unknown,0,young
technician,married,tertiary,no,265,no,no,cellular,28,aug,3,-1,0,unknown,0,older
management,married,secondary,no,3018,yes,no,cellular,17,nov,2,-1,0,unknown,0,older
retired,married,tertiary,no,42,no,no,cellular,29,aug,4,-1,0,unknown,0,older
management,single,tertiary,no,0,no,no,cellular,26,may,1,-1,0,unknown,0,young
retired,married,secondary,no,8332,no,no,cellular,13,aug,4,-1,0,unknown,0,older
management,married,primary,no,0,yes,yes,cellular,9,apr,3,-1,0,unknown,0,young
management,single,secondary,no,24,no,no,cellular,12,aug,4,-1,0,unknown,0,young
housemaid,married,unknown,no,0,no,no,cellular,6,aug,2,-1,0,unknown,0,older
technician,divorced,secondary,no,285,no,no,cellular,4,feb,2,-1,0,unknown,0,older
admin.,married,tertiary,no,1209,no,no,cellular,31,jul,5,-1,0,unknown,0,young
housemaid,married,secondary,no,565,no,no,cellular,4,sep,3,-1,0,unknown,0,older
housemaid,married,tertiary,no,10,yes,no,unknown,2,jun,2,-1,0,unknown,0,young
blue-collar,married,primary,no,56,no,no,cellular,12,may,2,-1,0,unknown,0,older
technician,married,secondary,no,2363,yes,no,unknown,13,may,1,-1,0,unknown,0,young
admin.,married,secondary,no,137,yes,no,unknown,14,may,1,-1,0,unknown,0,older
admin.,single,secondary,no,0,no,no,cellular,23,oct,1,-1,0,unknown,0,young
retired,married,primary,no,1925,no,no,unknown,19,jun,3,-1,0,unknown,0,older
technician,married,secondary,yes,289,no,no,unknown,7,may,3,-1,0,unknown,0,older
blue-collar,married,secondary,no,1165,yes,no,unknown,13,may,4,-1,0,unknown,1,young
self-employed,married,tertiary,no,2501,no,no,cellular,9,jul,2,161,4,failure,0,older
housemaid,married,tertiary,no,1226,no,no,cellular,31,jul,4,-1,0,unknown,0,young
management,divorced,secondary,no,10180,no,no,cellular,3,mar,2,-1,0,unknown,1,older
blue-collar,married,secondary,yes,-82,yes,no,unknown,4,jun,2,-1,0,unknown,0,young
blue-collar,married,secondary,no,3988,no,no,unknown,30,jun,4,-1,0,unknown,0,older
retired,divorced,secondary,no,0,no,no,unknown,17,jun,5,-1,0,unknown,0,older
technician,married,secondary,no,0,no,no,cellular,25,aug,2,-1,0,unknown,0,young
management,married,tertiary,no,527,yes,yes,cellular,15,may,2,359,1,failure,0,young
blue-collar,single,primary,no,12130,yes,no,cellular,12,may,2,328,13,failure,0,young
management,single,tertiary,no,0,yes,no,unknown,23,may,2,-1,0,unknown,0,young
self-employed,divorced,secondary,no,1187,yes,no,cellular,4,feb,2,-1,0,unknown,0,older
services,married,secondary,no,1337,no,no,cellular,17,dec,2,127,3,success,1,young
management,married,primary,no,5787,no,no,telephone,21,nov,2,-1,0,unknown,0,older
management,married,tertiary,no,11,yes,no,cellular,17,apr,1,150,2,failure,0,young
student,single,secondary,no,20,no,no,telephone,30,apr,2,-1,0,unknown,0,young
housemaid,divorced,primary,no,0,yes,yes,cellular,6,may,2,166,7,failure,0,young
blue-collar,married,secondary,no,2355,yes,yes,cellular,13,apr,3,-1,0,unknown,0,older
management,married,tertiary,no,1007,yes,no,cellular,7,jul,2,-1,0,unknown,0,young
technician,divorced,secondary,no,-357,yes,yes,cellular,18,may,1,355,2,failure,1,older
blue-collar,married,primary,no,284,yes,no,unknown,19,may,1,-1,0,unknown,0,older
entrepreneur,single,secondary,no,0,yes,no,cellular,20,nov,1,-1,0,unknown,0,young
admin.,married,primary,no,-306,yes,no,cellular,17,aug,1,459,1,success,1,older
housemaid,divorced,secondary,no,1361,no,no,cellular,19,aug,3,-1,0,unknown,0,older
blue-collar,married,secondary,no,94,yes,no,unknown,5,may,1,-1,0,unknown,0,young
housemaid,divorced,secondary,no,122,no,no,cellular,15,jul,1,-1,0,unknown,0,older
self-employed,married,tertiary,no,4397,yes,no,unknown,12,jun,1,-1,0,unknown,0,older
services,divorced,unknown,no,2177,no,no,unknown,20,may,5,-1,0,unknown,0,older
technician,divorced,secondary,no,1309,no,yes,unknown,30,jun,2,-1,0,unknown,0,young
management,married,tertiary,no,530,no,no,unknown,20,jun,3,-1,0,unknown,0,young
technician,married,secondary,no,1196,yes,yes,unknown,28,may,1,-1,0,unknown,0,older
entrepreneur,married,tertiary,no,2262,no,no,telephone,14,jul,14,-1,0,unknown,0,older
management,single,tertiary,no,93,yes,yes,cellular,13,may,2,331,3,failure,0,young
services,divorced,secondary,no,439,no,no,unknown,16,jun,1,-1,0,unknown,0,young
blue-collar,married,primary,no,66653,no,no,cellular,14,aug,3,-1,0,unknown,0,older
services,married,secondary,no,15,yes,no,cellular,15,may,1,-1,0,unknown,0,young
blue-collar,married,secondary,no,12401,no,no,telephone,5,nov,9,511,4,other,0,older
unemployed,single,tertiary,no,577,yes,no,unknown,30,may,1,-1,0,unknown,0,young
management,married,secondary,no,3,yes,no,cellular,14,sep,2,24,2,other,0,young
technician,single,secondary,no,1074,yes,yes,cellular,14,may,2,-1,0,unknown,0,young
management,married,secondary,no,0,no,no,cellular,22,aug,2,-1,0,unknown,0,young
management,married,tertiary,no,557,yes,no,cellular,16,jul,1,-1,0,unknown,0,young
technician,single,tertiary,no,2087,no,no,cellular,29,aug,14,-1,0,unknown,0,older
unemployed,married,unknown,no,210,yes,no,telephone,21,jul,3,-1,0,unknown,0,older
management,single,tertiary,no,74,yes,yes,cellular,15,may,11,-1,0,unknown,0,young
blue-collar,single,unknown,no,3583,no,no,unknown,5,jun,2,-1,0,unknown,0,young
technician,single,tertiary,no,962,yes,no,cellular,8,may,1,-1,0,unknown,1,young
management,married,tertiary,no,0,yes,no,unknown,14,may,1,-1,0,unknown,0,older
blue-collar,single,secondary,no,348,yes,no,cellular,14,may,3,358,1,other,0,young
blue-collar,married,primary,no,336,yes,no,cellular,5,feb,2,8,1,other,0,older
unemployed,married,secondary,no,262,no,no,cellular,29,jan,1,-1,0,unknown,0,young
management,divorced,tertiary,no,294,yes,no,cellular,17,apr,1,274,5,success,1,young
entrepreneur,married,secondary,no,31,no,no,unknown,8,may,1,-1,0,unknown,0,young
technician,married,tertiary,no,151,yes,no,unknown,5,may,1,-1,0,unknown,0,older
retired,married,primary,no,1720,no,no,cellular,12,nov,1,463,5,failure,0,older
admin.,married,primary,no,1119,no,no,cellular,30,apr,2,-1,0,unknown,0,older
admin.,divorced,primary,no,4070,yes,no,unknown,6,may,2,-1,0,unknown,0,older
management,single,tertiary,no,194,no,no,cellular,22,apr,2,-1,0,unknown,1,young
management,single,secondary,no,293,no,yes,cellular,24,nov,2,-1,0,unknown,0,young
retired,married,tertiary,no,6027,no,no,cellular,14,may,1,179,4,success,1,older
services,married,primary,no,943,yes,no,unknown,3,jun,3,-1,0,unknown,0,older
services,single,secondary,no,0,yes,no,cellular,15,may,8,-1,0,unknown,0,young
retired,married,primary,no,400,yes,no,telephone,28,jul,3,-1,0,unknown,0,older
technician,married,secondary,no,1442,yes,no,cellular,4,feb,1,-1,0,unknown,0,young
management,single,tertiary,no,0,no,no,cellular,31,jul,5,-1,0,unknown,0,young
blue-collar,single,secondary,yes,-717,yes,yes,cellular,7,may,2,349,1,other,0,young
services,married,tertiary,no,218,yes,no,unknown,9,may,2,-1,0,unknown,0,older
unemployed,single,secondary,no,1928,yes,no,unknown,26,may,2,-1,0,unknown,0,young
admin.,married,secondary,no,217,yes,no,unknown,4,jun,4,-1,0,unknown,0,young
technician,single,secondary,no,139,no,yes,cellular,12,oct,1,-1,0,unknown,1,young
management,single,tertiary,no,3840,yes,no,cellular,24,sep,2,409,2,success,1,young
blue-collar,single,primary,no,23,yes,yes,unknown,5,may,1,-1,0,unknown,0,young
blue-collar,married,primary,no,223,yes,no,unknown,14,jul,3,-1,0,unknown,0,young
admin.,married,secondary,no,149,yes,no,cellular,11,jul,1,-1,0,unknown,0,young
management,married,tertiary,no,1700,yes,no,cellular,9,jul,2,-1,0,unknown,0,young
blue-collar,married,secondary,no,271,yes,no,cellular,17,nov,2,172,2,failure,0,older
admin.,married,secondary,no,1757,no,no,telephone,28,oct,1,-1,0,unknown,1,young
management,divorced,tertiary,no,-547,yes,yes,cellular,31,jul,10,-1,0,unknown,0,young
admin.,married,tertiary,no,1,yes,no,telephone,22,may,3,-1,0,unknown,0,young
management,married,tertiary,no,1802,no,no,cellular,18,nov,1,-1,0,unknown,0,young
blue-collar,married,secondary,no,328,yes,yes,cellular,21,nov,7,-1,0,unknown,0,young
admin.,married,secondary,no,323,yes,yes,cellular,12,may,3,369,2,failure,0,older
self-employed,married,tertiary,no,269,yes,no,cellular,17,jul,3,-1,0,unknown,0,older
technician,married,secondary,no,2,yes,no,cellular,25,aug,4,-1,0,unknown,0,young
management,single,tertiary,no,0,no,no,cellular,30,apr,3,-1,0,unknown,0,older
student,single,unknown,no,53,no,no,cellular,14,jun,1,-1,0,unknown,1,young
management,single,tertiary,no,671,yes,no,cellular,1,jun,1,83,1,success,0,young
student,single,secondary,no,11555,no,no,cellular,8,apr,2,-1,0,unknown,0,young
technician,single,secondary,no,2466,yes,no,cellular,21,nov,2,-1,0,unknown,0,young
self-employed,married,primary,no,0,no,no,cellular,20,nov,3,-1,0,unknown,0,older
management,married,unknown,no,933,no,no,unknown,20,jun,2,-1,0,unknown,0,young
services,married,secondary,no,205,yes,no,cellular,15,apr,2,-1,0,unknown,0,older
entrepreneur,married,tertiary,no,13342,yes,no,cellular,18,nov,1,-1,0,unknown,0,older
technician,married,secondary,no,1465,yes,no,unknown,14,may,2,-1,0,unknown,0,older
blue-collar,married,secondary,no,1000,yes,no,unknown,12,jun,2,-1,0,unknown,1,older
technician,married,tertiary,no,565,yes,no,cellular,8,may,2,-1,0,unknown,0,young
admin.,married,secondary,no,-17,yes,no,cellular,22,jul,1,-1,0,unknown,0,older
retired,married,primary,no,3648,no,no,telephone,23,oct,2,126,3,success,1,older
technician,married,secondary,no,6171,no,no,cellular,28,aug,5,-1,0,unknown,0,older
management,single,tertiary,no,-672,no,no,cellular,12,aug,2,-1,0,unknown,0,young
blue-collar,single,secondary,no,185,yes,no,cellular,7,may,1,-1,0,unknown,0,young
blue-collar,married,primary,no,353,yes,no,cellular,12,may,1,364,1,failure,0,older
blue-collar,married,secondary,no,2592,yes,no,unknown,25,jun,1,-1,0,unknown,0,older
admin.,divorced,secondary,no,447,no,no,cellular,28,jul,4,-1,0,unknown,0,older
services,married,secondary,no,518,no,no,cellular,29,aug,2,-1,0,unknown,0,older
blue-collar,single,secondary,no,5909,yes,no,cellular,18,may,2,-1,0,unknown,1,young
technician,divorced,tertiary,no,1807,yes,no,cellular,2,jun,1,82,1,success,0,older
technician,single,secondary,no,0,no,no,telephone,10,jul,1,-1,0,unknown,0,young
technician,married,unknown,no,-205,yes,no,unknown,3,jun,2,-1,0,unknown,0,older
technician,married,secondary,no,2688,no,yes,cellular,26,aug,2,-1,0,unknown,0,older
management,single,tertiary,no,147,no,no,cellular,1,jun,1,-1,0,unknown,0,young
admin.,divorced,unknown,no,-70,no,no,cellular,14,may,1,-1,0,unknown,0,older
blue-collar,single,primary,no,851,yes,no,cellular,15,may,1,352,1,failure,0,young
technician,married,secondary,no,-205,yes,yes,cellular,9,jul,1,-1,0,unknown,0,older
retired,married,secondary,no,2326,no,yes,cellular,21,aug,1,-1,0,unknown,1,older
entrepreneur,married,primary,no,0,no,no,cellular,3,jul,2,389,1,other,1,older
management,divorced,unknown,no,854,no,no,cellular,27,may,1,-1,0,unknown,0,older
housemaid,married,tertiary,no,3760,no,no,cellular,17,nov,1,-1,0,unknown,0,older
housemaid,divorced,primary,no,3819,no,no,telephone,30,jul,2,-1,0,unknown,0,older
self-employed,single,tertiary,no,658,yes,no,cellular,27,mar,1,-1,0,unknown,1,young
admin.,married,tertiary,no,828,yes,no,unknown,29,may,1,-1,0,unknown,0,young
self-employed,married,secondary,no,111,no,no,cellular,11,aug,3,-1,0,unknown,0,older
entrepreneur,single,secondary,no,5802,no,no,cellular,30,apr,2,-1,0,unknown,1,older
blue-collar,married,secondary,no,4900,yes,no,telephone,31,jul,2,-1,0,unknown,0,older
admin.,divorced,secondary,no,975,yes,no,unknown,15,may,4,-1,0,unknown,0,older
management,single,tertiary,no,62,yes,no,cellular,20,apr,3,-1,0,unknown,1,young
blue-collar,married,primary,no,617,yes,no,unknown,13,may,2,-1,0,unknown,0,older
technician,married,tertiary,no,8023,no,no,cellular,30,nov,1,105,3,failure,0,young
technician,single,tertiary,no,0,yes,no,cellular,21,nov,1,-1,0,unknown,1,young
management,single,tertiary,no,157,yes,no,unknown,15,may,2,-1,0,unknown,0,young
blue-collar,married,primary,yes,-683,yes,yes,unknown,27,may,1,-1,0,unknown,0,young
technician,married,secondary,no,316,no,no,cellular,4,may,2,263,4,failure,1,older
blue-collar,single,secondary,no,78,no,no,telephone,28,jan,1,-1,0,unknown,0,young
blue-collar,single,secondary,no,-212,yes,yes,unknown,7,may,4,-1,0,unknown,0,older
technician,married,tertiary,no,1526,yes,no,cellular,2,feb,2,217,4,failure,0,young
management,divorced,tertiary,no,47,no,no,cellular,18,may,3,178,3,failure,0,young
unemployed,married,primary,no,7005,yes,no,cellular,28,jul,2,184,3,success,1,young
housemaid,married,secondary,no,1361,no,no,cellular,8,aug,2,-1,0,unknown,0,older
self-employed,married,tertiary,no,64,no,no,unknown,6,jun,2,-1,0,unknown,0,older
blue-collar,single,secondary,no,0,no,no,cellular,19,nov,3,-1,0,unknown,0,young
technician,married,secondary,no,139,yes,yes,unknown,6,jun,13,-1,0,unknown,0,young
entrepreneur,married,tertiary,no,1,yes,yes,cellular,15,jul,2,-1,0,unknown,0,older
blue-collar,married,primary,no,229,yes,no,unknown,7,may,3,-1,0,unknown,0,young
management,married,tertiary,no,37378,yes,no,unknown,14,may,1,-1,0,unknown,0,older
management,married,tertiary,no,107,yes,no,unknown,3,jun,1,-1,0,unknown,0,older
entrepreneur,married,primary,no,324,yes,no,cellular,27,aug,6,-1,0,unknown,0,young
retired,married,secondary,no,566,no,no,cellular,12,aug,4,-1,0,unknown,0,older
management,married,tertiary,no,3911,yes,yes,unknown,30,may,2,-1,0,unknown,0,older
blue-collar,single,primary,no,2040,no,no,cellular,21,nov,1,157,4,failure,0,young
retired,married,primary,no,2883,no,no,cellular,23,apr,1,-1,0,unknown,1,older
management,married,tertiary,no,577,yes,no,cellular,18,nov,1,-1,0,unknown,0,young
student,single,secondary,no,970,no,no,telephone,4,aug,1,-1,0,unknown,0,young
blue-collar,married,secondary,no,3988,no,no,unknown,30,jun,4,-1,0,unknown,0,older
admin.,married,secondary,no,1509,yes,no,cellular,18,nov,1,-1,0,unknown,0,older
blue-collar,married,secondary,no,648,yes,no,unknown,3,jun,1,-1,0,unknown,0,young
blue-collar,divorced,primary,no,255,yes,no,unknown,8,may,2,-1,0,unknown,0,older
services,married,secondary,no,1270,yes,no,unknown,21,may,3,-1,0,unknown,0,young
self-employed,married,secondary,no,-3,no,no,unknown,9,jun,5,-1,0,unknown,0,young
blue-collar,single,secondary,no,68,no,no,unknown,5,jun,2,-1,0,unknown,0,young
self-employed,single,tertiary,no,1457,yes,no,cellular,7,apr,1,314,1,other,0,young
technician,single,secondary,no,647,yes,yes,cellular,4,feb,1,273,1,other,0,young
technician,married,secondary,no,4248,yes,no,cellular,20,apr,5,-1,0,unknown,0,young
admin.,married,secondary,no,171,yes,no,unknown,12,may,1,-1,0,unknown,0,older
services,single,secondary,no,1646,yes,no,telephone,7,may,2,-1,0,unknown,0,young
services,divorced,secondary,no,4408,yes,no,unknown,3,jun,6,-1,0,unknown,0,older
self-employed,single,tertiary,yes,5,no,yes,cellular,18,jul,1,-1,0,unknown,0,young
management,married,tertiary,no,0,no,no,unknown,17,jun,3,-1,0,unknown,0,older
retired,married,tertiary,no,2557,yes,no,cellular,14,sep,1,216,7,success,1,older
retired,married,secondary,no,657,no,no,cellular,5,aug,1,-1,0,unknown,0,older
services,married,primary,no,276,yes,yes,cellular,13,may,1,-1,0,unknown,0,young
technician,married,secondary,no,76,yes,no,cellular,28,jul,3,-1,0,unknown,0,older
technician,married,tertiary,no,943,no,no,cellular,14,aug,2,-1,0,unknown,0,young
housemaid,married,primary,no,669,yes,no,cellular,24,jul,2,-1,0,unknown,0,young
retired,married,primary,yes,-285,no,yes,cellular,19,nov,1,-1,0,unknown,0,older
unemployed,married,secondary,yes,1108,yes,yes,unknown,2,jun,4,-1,0,unknown,0,older
admin.,divorced,secondary,no,818,yes,yes,cellular,16,apr,3,-1,0,unknown,0,young
entrepreneur,married,secondary,yes,150,yes,yes,unknown,23,may,2,-1,0,unknown,0,older
housemaid,married,primary,no,1342,yes,yes,telephone,14,may,2,370,2,failure,0,older
unknown,married,primary,no,0,no,no,telephone,25,may,2,-1,0,unknown,0,older
admin.,married,secondary,no,602,no,no,cellular,14,jun,1,130,8,success,1,older
self-employed,married,tertiary,no,-236,yes,no,cellular,7,jul,4,-1,0,unknown,0,young
blue-collar,married,secondary,no,0,yes,no,cellular,15,jul,2,-1,0,unknown,0,young
services,single,secondary,no,48,yes,no,cellular,20,apr,3,-1,0,unknown,0,young
blue-collar,single,unknown,no,422,no,no,unknown,16,jun,1,-1,0,unknown,0,young
technician,married,secondary,no,760,yes,no,cellular,29,apr,7,-1,0,unknown,0,older
management,single,tertiary,no,2480,no,no,cellular,4,may,4,-1,0,unknown,0,young
self-employed,married,secondary,no,830,no,no,cellular,31,jul,2,-1,0,unknown,0,older
unemployed,single,primary,no,698,yes,no,unknown,14,may,1,-1,0,unknown,0,older
blue-collar,single,secondary,no,48,no,no,cellular,6,may,2,-1,0,unknown,0,young
technician,married,secondary,no,86,yes,no,unknown,5,may,1,-1,0,unknown,0,older
technician,married,secondary,no,11,yes,no,telephone,1,sep,1,-1,0,unknown,0,older
technician,single,secondary,no,1279,yes,no,cellular,21,oct,3,91,10,success,1,young
technician,married,tertiary,no,43,no,no,cellular,22,aug,5,-1,0,unknown,0,young
services,married,secondary,no,2132,no,no,unknown,5,jun,1,-1,0,unknown,0,young
unemployed,single,primary,no,911,no,yes,cellular,20,nov,7,-1,0,unknown,0,young
blue-collar,married,primary,no,0,no,no,cellular,11,aug,5,-1,0,unknown,0,older
blue-collar,married,secondary,no,0,yes,no,cellular,15,jul,4,-1,0,unknown,0,young
admin.,single,secondary,no,-449,yes,no,unknown,28,may,2,-1,0,unknown,0,young
admin.,married,secondary,no,45,yes,no,cellular,18,nov,1,-1,0,unknown,0,young
self-employed,married,tertiary,no,576,yes,no,cellular,18,aug,3,-1,0,unknown,0,young
management,married,primary,no,113,no,no,unknown,12,may,3,-1,0,unknown,0,older
admin.,married,unknown,no,66,no,no,cellular,26,feb,1,203,1,success,0,older
technician,married,secondary,no,1055,yes,no,cellular,7,aug,2,-1,0,unknown,0,young
entrepreneur,single,tertiary,no,219,yes,no,cellular,18,may,2,356,1,failure,0,young
management,married,tertiary,no,94,yes,no,cellular,6,may,1,-1,0,unknown,0,young
blue-collar,divorced,primary,no,4399,yes,no,telephone,31,jul,8,-1,0,unknown,0,older
admin.,divorced,unknown,no,789,yes,no,unknown,13,may,2,-1,0,unknown,0,older
admin.,married,secondary,no,248,no,no,cellular,16,jul,2,-1,0,unknown,0,older
admin.,divorced,secondary,no,18268,yes,no,cellular,19,nov,1,-1,0,unknown,0,older
management,divorced,tertiary,no,36,no,no,cellular,13,feb,1,193,1,failure,0,older
blue-collar,single,secondary,no,435,yes,yes,unknown,23,may,1,-1,0,unknown,0,young
management,married,tertiary,no,372,yes,no,cellular,4,aug,3,1,2,success,1,older
housemaid,married,primary,no,1832,no,no,cellular,6,feb,4,-1,0,unknown,0,young
blue-collar,married,secondary,no,196,yes,no,unknown,13,may,1,-1,0,unknown,0,older
services,married,secondary,no,182,no,no,cellular,5,feb,1,169,2,failure,0,young
management,married,tertiary,no,1585,no,no,telephone,28,aug,5,-1,0,unknown,0,older
blue-collar,married,secondary,no,0,yes,no,cellular,31,aug,5,110,7,failure,0,young
admin.,married,secondary,no,-14,no,yes,cellular,8,jul,1,-1,0,unknown,0,young
admin.,single,secondary,no,914,yes,no,cellular,29,jan,1,-1,0,unknown,0,young
technician,married,secondary,no,7,yes,no,unknown,15,may,2,-1,0,unknown,0,young
technician,married,unknown,no,1156,no,no,unknown,16,jun,2,-1,0,unknown,0,older
self-employed,married,secondary,no,173,no,no,cellular,18,aug,5,-1,0,unknown,0,young
entrepreneur,married,secondary,yes,-525,no,yes,cellular,25,jul,1,-1,0,unknown,0,older
blue-collar,married,secondary,no,2105,no,no,telephone,30,apr,2,-1,0,unknown,0,older
retired,single,tertiary,no,2144,no,no,cellular,22,oct,1,184,2,success,1,older
technician,divorced,secondary,no,2735,no,no,cellular,3,feb,2,-1,0,unknown,0,older
blue-collar,single,primary,no,0,no,yes,cellular,9,jul,2,-1,0,unknown,0,young
technician,single,secondary,no,1590,yes,no,cellular,9,apr,5,315,3,other,0,young
entrepreneur,single,tertiary,no,11,yes,no,unknown,12,may,4,-1,0,unknown,0,young
management,single,tertiary,no,147,no,no,cellular,13,sep,3,96,5,success,0,young
management,married,primary,no,22856,no,no,cellular,2,jul,1,388,1,failure,0,young
retired,married,secondary,no,5706,yes,no,cellular,25,jul,2,-1,0,unknown,0,older
admin.,married,secondary,no,9329,no,no,cellular,22,jun,1,95,1,failure,0,older
admin.,married,secondary,no,865,yes,no,cellular,17,nov,1,-1,0,unknown,0,older
management,single,tertiary,no,1,no,no,cellular,31,jul,6,-1,0,unknown,0,young
admin.,married,primary,no,429,no,no,unknown,29,may,2,-1,0,unknown,0,older
retired,divorced,secondary,no,859,no,no,cellular,13,feb,1,-1,0,unknown,0,older
technician,married,secondary,no,23,no,no,cellular,29,aug,4,-1,0,unknown,0,young
blue-collar,married,primary,no,0,yes,no,cellular,20,apr,3,335,1,other,0,young
admin.,single,tertiary,no,2,no,no,cellular,29,jan,2,-1,0,unknown,0,young
management,single,tertiary,no,755,yes,no,cellular,28,aug,12,-1,0,unknown,0,young
blue-collar,married,secondary,no,171,yes,yes,cellular,8,may,1,353,1,failure,0,young
management,divorced,tertiary,no,2625,yes,no,cellular,5,may,1,252,3,failure,0,older
retired,married,secondary,no,588,no,no,cellular,18,jan,1,91,2,failure,1,older
admin.,single,tertiary,no,8,no,yes,cellular,30,jul,2,150,1,failure,0,young
technician,single,secondary,no,1105,yes,no,cellular,17,apr,1,-1,0,unknown,0,young
management,single,tertiary,no,424,no,no,cellular,16,apr,4,-1,0,unknown,1,young
blue-collar,married,secondary,no,1388,yes,no,unknown,28,may,5,-1,0,unknown,0,young
admin.,married,tertiary,no,364,yes,no,unknown,16,may,1,-1,0,unknown,0,young
management,single,tertiary,no,191,yes,no,cellular,17,apr,1,326,1,failure,0,older
technician,married,tertiary,no,0,yes,yes,cellular,28,apr,2,-1,0,unknown,0,young
blue-collar,single,secondary,no,2962,yes,yes,unknown,16,jun,2,-1,0,unknown,0,young
blue-collar,married,secondary,no,682,yes,no,cellular,7,may,1,-1,0,unknown,0,young
management,married,tertiary,no,1893,no,yes,cellular,21,jul,2,-1,0,unknown,0,young
admin.,married,secondary,no,5132,no,no,cellular,31,jul,8,-1,0,unknown,0,young
admin.,single,secondary,no,206,no,no,telephone,13,nov,1,-1,0,unknown,0,young
admin.,divorced,secondary,no,-141,yes,no,unknown,13,may,1,-1,0,unknown,0,young
blue-collar,married,primary,no,1925,yes,no,cellular,20,apr,2,-1,0,unknown,1,young
housemaid,married,secondary,no,12939,yes,yes,cellular,16,jul,9,-1,0,unknown,0,young
entrepreneur,married,secondary,no,2971,no,no,cellular,12,nov,1,97,8,failure,1,young
management,single,tertiary,no,624,yes,no,unknown,6,jun,3,-1,0,unknown,0,young
admin.,single,secondary,no,626,no,no,cellular,2,jun,4,-1,0,unknown,0,young
technician,married,secondary,no,-254,yes,yes,cellular,6,feb,3,254,2,failure,0,young
unemployed,single,tertiary,no,507,no,no,cellular,3,feb,1,-1,0,unknown,0,young
blue-collar,single,primary,no,1780,no,yes,unknown,11,jun,1,-1,0,unknown,0,young
retired,married,primary,no,98,no,no,cellular,30,apr,1,-1,0,unknown,1,older
blue-collar,married,secondary,no,80,yes,yes,cellular,22,jul,1,-1,0,unknown,0,young
retired,married,secondary,no,1853,no,no,cellular,10,feb,1,183,1,success,1,older
technician,married,secondary,no,-330,yes,yes,cellular,8,may,1,-1,0,unknown,0,older
admin.,divorced,secondary,no,1288,yes,no,cellular,12,may,1,-1,0,unknown,0,young
technician,single,tertiary,no,5251,yes,no,unknown,17,jun,15,-1,0,unknown,0,young
blue-collar,married,secondary,no,102,no,no,cellular,29,aug,2,-1,0,unknown,0,older
retired,married,primary,no,7298,no,no,unknown,11,jun,2,-1,0,unknown,0,older
management,single,tertiary,no,5689,no,no,cellular,12,feb,1,-1,0,unknown,1,older
self-employed,single,tertiary,no,1393,no,no,cellular,31,mar,1,271,1,failure,0,young
management,single,tertiary,no,26,yes,yes,cellular,21,nov,1,179,4,failure,0,young
retired,divorced,tertiary,no,0,no,no,cellular,13,may,1,181,2,success,1,older
self-employed,married,tertiary,no,102,no,no,cellular,22,aug,5,-1,0,unknown,0,young
blue-collar,single,primary,no,20,yes,no,unknown,21,may,14,-1,0,unknown,0,young
technician,married,secondary,no,925,yes,no,telephone,10,jul,1,-1,0,unknown,0,older
blue-collar,married,secondary,no,195,yes,yes,cellular,7,may,2,-1,0,unknown,0,young
admin.,single,tertiary,no,395,yes,no,unknown,6,may,3,-1,0,unknown,0,young
blue-collar,single,secondary,no,-317,yes,no,cellular,17,apr,3,346,1,other,0,young
technician,married,secondary,no,589,yes,no,unknown,23,oct,1,147,2,success,1,older
management,married,tertiary,no,0,no,no,cellular,26,aug,4,-1,0,unknown,0,young
blue-collar,married,primary,no,693,yes,no,unknown,7,may,3,-1,0,unknown,0,young
blue-collar,single,primary,no,459,yes,no,cellular,17,apr,1,-1,0,unknown,0,young
student,single,secondary,no,329,no,no,cellular,30,apr,1,190,2,success,1,young
technician,divorced,secondary,no,669,yes,no,cellular,28,jul,2,-1,0,unknown,0,young
blue-collar,single,secondary,no,786,yes,yes,unknown,14,may,5,-1,0,unknown,0,young
technician,married,secondary,no,101,no,no,cellular,17,jul,1,-1,0,unknown,0,young
management,single,secondary,no,4642,yes,no,cellular,21,nov,1,-1,0,unknown,1,young
housemaid,married,secondary,no,2064,no,no,cellular,12,aug,1,-1,0,unknown,0,young
management,single,tertiary,no,1643,no,no,cellular,12,aug,1,-1,0,unknown,0,young
housemaid,divorced,primary,no,273,no,no,cellular,21,apr,1,-1,0,unknown,0,older
services,married,unknown,no,1340,no,yes,cellular,30,jul,5,-1,0,unknown,0,older
admin.,single,secondary,no,3957,yes,no,telephone,11,may,3,334,3,other,0,older
blue-collar,married,primary,no,-616,yes,no,unknown,17,jun,2,-1,0,unknown,0,young
management,married,tertiary,no,355,no,no,cellular,4,aug,1,-1,0,unknown,0,young
self-employed,married,secondary,no,942,no,no,cellular,11,aug,4,-1,0,unknown,0,older
services,married,secondary,no,678,no,no,cellular,7,aug,3,-1,0,unknown,0,older
services,divorced,secondary,no,372,yes,yes,cellular,4,feb,2,274,2,failure,0,older
housemaid,married,primary,no,470,no,no,cellular,25,aug,6,-1,0,unknown,0,older
blue-collar,married,primary,no,271,yes,yes,cellular,17,apr,1,343,1,failure,0,older
management,single,tertiary,no,16957,yes,no,unknown,27,may,2,-1,0,unknown,0,young
housemaid,divorced,secondary,no,2063,no,no,cellular,27,may,1,99,2,failure,0,older
self-employed,single,secondary,no,3676,no,no,cellular,7,apr,1,-1,0,unknown,1,young
management,married,tertiary,no,51,no,no,cellular,19,aug,2,-1,0,unknown,0,young
admin.,married,secondary,no,73,yes,no,cellular,5,feb,1,-1,0,unknown,0,young
unemployed,married,tertiary,no,3640,no,no,cellular,20,nov,1,-1,0,unknown,0,young
management,married,secondary,no,177,yes,no,cellular,14,may,3,-1,0,unknown,0,older
blue-collar,single,secondary,no,1364,yes,no,cellular,5,feb,2,-1,0,unknown,0,young
technician,single,tertiary,no,221,yes,no,unknown,19,may,3,-1,0,unknown,0,young
technician,married,unknown,no,839,no,no,unknown,30,may,2,-1,0,unknown,0,young
blue-collar,married,secondary,no,759,yes,no,cellular,9,apr,5,-1,0,unknown,1,young
blue-collar,married,primary,no,0,yes,no,telephone,23,jul,5,-1,0,unknown,0,older
management,married,tertiary,no,6586,no,no,cellular,10,jul,1,-1,0,unknown,0,young
management,married,tertiary,no,45,no,no,cellular,28,aug,4,-1,0,unknown,0,young
blue-collar,married,primary,no,456,yes,no,cellular,11,may,1,-1,0,unknown,0,older
entrepreneur,married,secondary,no,1375,yes,no,unknown,30,may,7,-1,0,unknown,0,older
retired,married,primary,no,2346,no,no,cellular,24,feb,1,184,5,failure,1,older
management,married,tertiary,no,-328,yes,no,unknown,14,may,5,-1,0,unknown,0,young
management,married,tertiary,no,1993,no,no,unknown,29,may,1,-1,0,unknown,0,older
blue-collar,married,secondary,no,72,yes,no,cellular,4,may,3,312,3,failure,0,older
blue-collar,single,primary,no,13620,yes,no,cellular,20,nov,1,-1,0,unknown,0,older
management,single,tertiary,no,635,no,no,cellular,15,jul,12,-1,0,unknown,0,young
admin.,married,unknown,no,1101,no,no,cellular,18,aug,3,-1,0,unknown,0,older
management,single,secondary,no,0,yes,no,cellular,22,jul,7,-1,0,unknown,0,young
blue-collar,married,primary,no,296,yes,no,unknown,4,jun,2,-1,0,unknown,0,older
blue-collar,divorced,secondary,no,421,yes,no,unknown,6,may,2,-1,0,unknown,0,older
self-employed,married,tertiary,no,8,no,no,cellular,13,oct,1,-1,0,unknown,0,older
blue-collar,married,secondary,no,1445,yes,no,unknown,20,may,1,-1,0,unknown,0,young
management,single,tertiary,no,33,no,yes,cellular,8,jul,1,-1,0,unknown,0,young
management,single,tertiary,no,2085,yes,no,cellular,21,nov,2,93,4,failure,0,young
management,married,tertiary,no,926,no,yes,cellular,2,feb,2,-1,0,unknown,0,young
technician,single,secondary,no,283,yes,no,cellular,22,mar,2,-1,0,unknown,1,young
services,single,secondary,no,256,yes,no,cellular,4,may,2,-1,0,unknown,0,young
admin.,married,secondary,no,556,yes,yes,unknown,15,may,3,-1,0,unknown,1,older
management,single,tertiary,no,3406,yes,no,cellular,21,nov,1,-1,0,unknown,0,young
entrepreneur,married,primary,no,324,yes,no,cellular,27,aug,6,-1,0,unknown,0,young
technician,divorced,tertiary,no,1807,yes,no,cellular,2,jun,1,82,1,success,0,older
management,married,unknown,no,65,no,no,cellular,4,aug,1,-1,0,unknown,0,older
services,married,secondary,no,497,yes,yes,unknown,19,may,5,-1,0,unknown,0,young
technician,married,unknown,no,3914,yes,no,cellular,30,apr,1,-1,0,unknown,0,older
technician,single,tertiary,no,-411,yes,no,cellular,24,jul,3,-1,0,unknown,0,older
technician,single,secondary,no,1711,no,no,telephone,30,sep,1,-1,0,unknown,1,young
blue-collar,single,secondary,no,7541,no,no,cellular,20,nov,1,-1,0,unknown,0,young
management,married,tertiary,no,13893,no,no,unknown,11,jun,2,-1,0,unknown,0,older
blue-collar,married,primary,no,5788,no,no,unknown,29,may,2,-1,0,unknown,0,older
management,divorced,tertiary,no,-634,yes,yes,unknown,27,may,1,-1,0,unknown,0,young
admin.,married,secondary,no,352,no,no,telephone,28,oct,1,-1,0,unknown,0,young
blue-collar,married,secondary,no,392,yes,no,cellular,21,nov,2,127,2,failure,0,older
services,single,unknown,no,919,yes,no,cellular,18,may,2,-1,0,unknown,0,young
management,single,tertiary,no,-50,yes,no,unknown,27,may,1,-1,0,unknown,0,young
management,single,tertiary,no,0,yes,no,telephone,29,jan,1,244,2,failure,0,older
blue-collar,married,secondary,no,314,yes,yes,cellular,20,apr,3,339,2,failure,0,older
admin.,married,tertiary,no,0,yes,no,cellular,21,jul,1,-1,0,unknown,0,young
services,married,secondary,no,0,yes,yes,unknown,23,may,1,-1,0,unknown,0,older
services,married,secondary,no,325,yes,no,unknown,20,jun,4,-1,0,unknown,0,older
management,married,tertiary,no,0,no,no,cellular,26,aug,16,-1,0,unknown,0,older
admin.,single,secondary,no,130,no,no,unknown,4,jun,2,-1,0,unknown,0,young
self-employed,married,tertiary,no,1510,yes,no,unknown,3,jun,2,-1,0,unknown,0,young
admin.,married,secondary,no,844,no,no,cellular,28,aug,21,-1,0,unknown,0,older
blue-collar,married,primary,no,175,no,yes,cellular,8,jul,1,-1,0,unknown,0,older
management,single,tertiary,no,436,no,no,cellular,30,apr,2,-1,0,unknown,0,young
technician,single,secondary,no,-89,yes,no,cellular,15,may,1,368,1,failure,0,young
management,married,secondary,no,5447,yes,yes,cellular,17,nov,1,-1,0,unknown,1,young
management,single,tertiary,no,3902,no,no,cellular,23,sep,1,-1,0,unknown,1,young
services,married,secondary,no,4500,yes,no,cellular,11,may,2,-1,0,unknown,1,young
management,married,tertiary,no,22569,yes,no,cellular,21,nov,4,-1,0,unknown,0,young
admin.,single,tertiary,no,980,no,no,cellular,11,nov,4,104,7,failure,0,young
blue-collar,married,secondary,no,322,yes,yes,cellular,9,feb,3,-1,0,unknown,0,young
retired,married,primary,no,1664,yes,no,unknown,4,jun,2,-1,0,unknown,0,older
management,married,tertiary,no,2987,no,no,cellular,4,jun,1,85,3,failure,1,older
management,single,tertiary,no,136,no,yes,cellular,8,jul,1,-1,0,unknown,0,young
services,single,secondary,no,212,yes,no,cellular,15,may,2,352,1,other,0,young
management,divorced,tertiary,no,0,yes,no,cellular,6,aug,5,-1,0,unknown,0,young
blue-collar,married,secondary,no,222,yes,no,cellular,15,may,6,357,1,failure,0,young
management,married,tertiary,no,152,yes,no,cellular,6,may,2,-1,0,unknown,0,young
management,married,tertiary,no,292,no,no,unknown,12,jun,1,-1,0,unknown,0,older
unemployed,divorced,secondary,no,388,no,no,cellular,29,jan,1,-1,0,unknown,0,young
services,married,secondary,no,15,yes,no,cellular,7,may,2,356,1,failure,0,young
admin.,divorced,primary,no,1,no,no,unknown,15,may,10,-1,0,unknown,0,older
blue-collar,married,secondary,no,366,yes,yes,unknown,30,may,3,-1,0,unknown,0,older
unemployed,single,tertiary,no,2783,no,no,cellular,21,jul,3,-1,0,unknown,0,young
management,single,tertiary,no,541,yes,yes,cellular,19,nov,1,182,1,failure,0,young
management,married,tertiary,no,1750,yes,no,telephone,14,may,3,-1,0,unknown,0,young
technician,married,tertiary,no,712,yes,no,unknown,27,may,2,-1,0,unknown,0,young
retired,married,primary,no,997,no,no,cellular,29,oct,2,86,1,other,1,older
blue-collar,single,secondary,no,3201,yes,no,cellular,20,nov,1,178,5,failure,0,young
technician,married,secondary,no,169,yes,no,unknown,7,may,2,-1,0,unknown,0,older
blue-collar,married,primary,no,4666,no,no,unknown,14,may,3,-1,0,unknown,0,older
management,married,tertiary,no,199,yes,yes,cellular,11,aug,2,461,4,success,0,young
admin.,married,secondary,no,2137,no,no,telephone,8,jul,7,-1,0,unknown,0,older
services,single,secondary,no,848,no,no,unknown,5,jun,2,-1,0,unknown,0,older
management,married,tertiary,no,0,no,no,unknown,17,jun,3,-1,0,unknown,0,older
blue-collar,single,secondary,no,185,yes,no,cellular,13,may,1,-1,0,unknown,0,young
blue-collar,single,secondary,no,6982,yes,no,unknown,21,may,1,-1,0,unknown,0,young
entrepreneur,married,tertiary,no,228,yes,no,cellular,7,may,1,-1,0,unknown,0,older
management,single,tertiary,no,2044,no,no,telephone,4,feb,1,-1,0,unknown,0,older
blue-collar,married,secondary,no,680,yes,yes,cellular,16,jul,3,-1,0,unknown,0,young
blue-collar,married,secondary,no,-755,yes,yes,unknown,2,jun,1,-1,0,unknown,0,older
blue-collar,married,primary,no,-1,no,no,unknown,28,may,8,-1,0,unknown,0,older
blue-collar,single,secondary,no,820,yes,no,unknown,27,jun,2,-1,0,unknown,0,young
services,married,primary,no,116,yes,no,cellular,18,may,4,341,3,failure,0,older
services,married,secondary,no,0,no,no,cellular,17,nov,1,-1,0,unknown,0,young
entrepreneur,married,unknown,no,676,yes,yes,unknown,15,may,3,-1,0,unknown,0,older
admin.,married,secondary,no,248,no,no,cellular,16,jul,2,-1,0,unknown,0,older
entrepreneur,divorced,tertiary,yes,2,yes,no,unknown,5,may,1,-1,0,unknown,0,older
entrepreneur,married,primary,no,431,yes,no,cellular,20,apr,5,-1,0,unknown,0,older
retired,married,secondary,no,3815,no,no,telephone,20,nov,2,-1,0,unknown,0,older
blue-collar,married,primary,no,278,yes,no,unknown,23,may,3,-1,0,unknown,1,young
blue-collar,married,primary,no,5956,yes,yes,cellular,20,nov,1,139,1,failure,0,young
management,single,tertiary,no,486,no,yes,unknown,11,jan,1,-1,0,unknown,0,older
services,married,secondary,no,1314,no,no,cellular,14,aug,14,-1,0,unknown,1,older
technician,single,secondary,no,0,yes,no,unknown,14,may,3,-1,0,unknown,0,older
admin.,single,secondary,no,19,yes,yes,cellular,18,nov,2,123,1,failure,0,older
technician,married,secondary,no,378,no,no,unknown,9,jun,2,-1,0,unknown,0,older
self-employed,married,tertiary,no,19,no,no,unknown,5,may,2,-1,0,unknown,0,young
management,single,tertiary,no,561,yes,no,unknown,12,may,3,-1,0,unknown,0,young
retired,divorced,tertiary,no,3810,yes,no,cellular,17,may,1,-1,0,unknown,0,older
blue-collar,single,primary,no,1790,yes,no,unknown,4,jun,6,-1,0,unknown,0,young
management,married,tertiary,no,324,no,no,cellular,18,aug,4,-1,0,unknown,0,young
blue-collar,divorced,primary,no,138,yes,no,unknown,4,jun,10,-1,0,unknown,0,older
technician,single,tertiary,no,813,yes,no,unknown,29,may,3,-1,0,unknown,0,young
blue-collar,married,secondary,no,723,yes,no,cellular,31,jul,2,-1,0,unknown,0,young
management,married,tertiary,no,0,no,no,unknown,7,may,2,-1,0,unknown,0,older
retired,married,tertiary,no,34,no,yes,cellular,28,jan,1,-1,0,unknown,0,older
blue-collar,married,primary,no,396,yes,no,cellular,20,apr,1,-1,0,unknown,0,young
self-employed,married,secondary,no,425,yes,no,unknown,5,jun,15,-1,0,unknown,1,young
management,married,secondary,no,9047,yes,no,cellular,21,nov,1,95,2,other,0,young
blue-collar,married,secondary,no,-190,no,yes,cellular,29,jul,3,-1,0,unknown,1,older
management,married,tertiary,no,2283,no,no,cellular,28,jan,2,-1,0,unknown,0,young
blue-collar,married,unknown,no,-17,yes,no,unknown,15,may,7,-1,0,unknown,0,young
student,single,secondary,no,556,yes,no,cellular,15,may,2,-1,0,unknown,0,young
admin.,single,tertiary,no,-197,no,no,unknown,6,aug,1,-1,0,unknown,0,young
admin.,married,secondary,no,1521,yes,no,cellular,14,may,1,-1,0,unknown,0,young
self-employed,married,secondary,no,12159,yes,no,unknown,30,may,2,-1,0,unknown,0,older
self-employed,married,secondary,no,-332,yes,no,telephone,21,nov,1,-1,0,unknown,0,older
housemaid,married,tertiary,no,72,no,no,cellular,19,aug,2,-1,0,unknown,0,young
services,married,secondary,no,823,yes,yes,cellular,28,jul,2,-1,0,unknown,0,young
services,single,unknown,no,-70,yes,yes,unknown,21,may,1,-1,0,unknown,0,young
unemployed,married,secondary,no,926,no,no,cellular,14,aug,1,403,5,success,1,older
retired,married,primary,no,0,no,no,cellular,26,mar,3,191,3,failure,0,older
admin.,single,secondary,no,1581,yes,yes,unknown,20,may,11,-1,0,unknown,0,young
blue-collar,married,secondary,no,288,yes,no,unknown,15,may,7,-1,0,unknown,0,older
admin.,married,secondary,no,55,yes,no,unknown,8,may,2,-1,0,unknown,1,older
services,married,tertiary,no,1275,yes,no,cellular,18,jul,1,-1,0,unknown,0,young
blue-collar,married,secondary,no,527,no,yes,telephone,23,jul,4,-1,0,unknown,0,older
admin.,married,secondary,no,1229,no,no,cellular,11,oct,1,182,1,success,0,young
management,single,tertiary,no,0,no,no,cellular,13,aug,8,-1,0,unknown,0,young
blue-collar,single,secondary,no,56,yes,no,unknown,23,may,1,-1,0,unknown,0,young
admin.,married,tertiary,no,1988,no,no,cellular,2,jun,1,67,4,success,1,young
management,single,tertiary,no,4638,no,no,cellular,29,jan,1,-1,0,unknown,0,young
management,married,tertiary,no,2616,yes,no,cellular,14,aug,5,-1,0,unknown,0,older
admin.,single,secondary,no,2749,yes,no,cellular,8,may,1,170,1,failure,0,young
admin.,married,unknown,no,3252,no,no,cellular,21,aug,1,-1,0,unknown,0,young
self-employed,married,tertiary,no,259,yes,no,cellular,7,may,1,-1,0,unknown,0,young
student,single,secondary,no,14657,yes,no,cellular,12,may,3,-1,0,unknown,0,young
admin.,married,secondary,no,4348,yes,no,cellular,1,oct,2,98,12,other,0,older
technician,married,secondary,no,740,no,no,cellular,7,aug,3,-1,0,unknown,0,young
management,single,tertiary,no,417,yes,no,unknown,9,may,1,-1,0,unknown,0,older
technician,married,secondary,no,4887,yes,no,cellular,17,apr,3,-1,0,unknown,0,young
blue-collar,married,primary,no,0,yes,yes,telephone,23,jul,6,-1,0,unknown,0,older
admin.,married,secondary,no,15,no,no,telephone,3,jun,5,-1,0,unknown,0,older
management,divorced,primary,no,38,yes,no,unknown,15,may,4,-1,0,unknown,0,older
management,single,tertiary,no,145,no,no,cellular,26,aug,2,-1,0,unknown,0,older
admin.,single,secondary,no,112,yes,no,cellular,22,jul,7,-1,0,unknown,0,young
technician,married,unknown,no,30,yes,no,cellular,10,jul,1,-1,0,unknown,0,older
blue-collar,single,secondary,no,783,no,yes,cellular,29,jan,1,-1,0,unknown,0,young
services,single,secondary,no,1393,yes,yes,cellular,18,may,8,-1,0,unknown,0,young
unemployed,married,primary,no,97,yes,no,unknown,5,jun,3,-1,0,unknown,0,older
retired,married,tertiary,no,653,no,no,telephone,3,sep,1,189,1,success,1,older
student,single,secondary,no,2784,yes,no,unknown,27,may,1,-1,0,unknown,0,young
management,married,tertiary,no,375,no,no,cellular,21,oct,1,-1,0,unknown,1,older
admin.,married,secondary,no,0,yes,yes,cellular,30,jan,1,252,1,failure,0,older
blue-collar,single,primary,no,611,yes,no,unknown,8,may,3,-1,0,unknown,1,young
blue-collar,married,primary,no,63,yes,no,cellular,12,may,1,-1,0,unknown,0,young
housemaid,married,primary,no,1382,no,no,unknown,17,jun,1,-1,0,unknown,0,older
technician,married,tertiary,no,0,no,no,cellular,25,aug,4,-1,0,unknown,0,older
services,divorced,secondary,no,0,yes,yes,unknown,15,may,1,-1,0,unknown,0,older
blue-collar,married,secondary,no,274,yes,yes,unknown,20,may,1,-1,0,unknown,0,young
admin.,single,secondary,no,5871,no,no,cellular,19,aug,2,-1,0,unknown,0,young
blue-collar,married,secondary,no,0,yes,yes,cellular,31,jul,43,-1,0,unknown,0,young
self-employed,married,tertiary,no,7,yes,no,unknown,5,may,1,-1,0,unknown,0,older
technician,married,tertiary,no,278,no,no,cellular,21,aug,7,-1,0,unknown,0,young
management,single,tertiary,no,507,no,no,cellular,3,jul,1,-1,0,unknown,1,young
management,married,tertiary,no,3857,yes,no,cellular,11,aug,2,190,1,failure,0,older
services,married,tertiary,no,-49,yes,no,cellular,10,jul,1,-1,0,unknown,0,young
management,married,tertiary,no,3696,no,no,unknown,21,may,3,-1,0,unknown,0,young
admin.,married,secondary,no,1270,yes,no,cellular,17,nov,2,165,2,other,0,older
admin.,married,secondary,no,352,no,no,telephone,28,oct,1,-1,0,unknown,0,young
blue-collar,married,primary,no,474,yes,yes,unknown,3,jul,1,-1,0,unknown,0,older
unemployed,married,secondary,no,863,yes,yes,unknown,27,may,1,-1,0,unknown,0,young
blue-collar,married,primary,no,147,yes,no,unknown,2,jun,3,-1,0,unknown,0,young
entrepreneur,divorced,tertiary,no,1273,yes,yes,unknown,11,jun,3,-1,0,unknown,0,older
services,married,unknown,no,337,yes,no,unknown,19,may,3,-1,0,unknown,0,older
management,single,tertiary,no,0,no,no,cellular,27,aug,2,-1,0,unknown,0,young
services,married,secondary,no,4837,yes,no,cellular,13,may,3,-1,0,unknown,0,older
technician,married,unknown,no,2709,yes,no,telephone,9,feb,7,-1,0,unknown,0,older
technician,single,secondary,no,40,no,no,cellular,8,aug,2,-1,0,unknown,1,young
entrepreneur,married,secondary,no,187,no,yes,cellular,21,jul,1,-1,0,unknown,0,older
management,divorced,tertiary,no,854,no,yes,cellular,8,jul,1,-1,0,unknown,1,older
blue-collar,married,secondary,no,0,no,yes,cellular,9,jul,1,-1,0,unknown,1,older
admin.,single,secondary,no,181,yes,no,cellular,18,may,4,301,1,failure,0,young
housemaid,married,tertiary,no,1437,yes,no,telephone,21,jul,11,-1,0,unknown,0,young
student,single,secondary,no,88,no,no,cellular,8,sep,1,-1,0,unknown,0,young
entrepreneur,married,secondary,yes,204,yes,no,unknown,6,may,2,-1,0,unknown,0,young
services,divorced,secondary,no,0,yes,yes,unknown,15,may,1,-1,0,unknown,0,older
management,married,tertiary,no,322,yes,no,cellular,22,jul,3,-1,0,unknown,0,young
services,divorced,secondary,no,12,yes,yes,cellular,31,jul,3,-1,0,unknown,0,older
management,divorced,secondary,no,414,no,no,cellular,20,aug,4,-1,0,unknown,0,young
technician,married,secondary,no,0,yes,no,unknown,18,jun,12,-1,0,unknown,0,older
retired,divorced,secondary,no,914,no,no,cellular,28,jan,1,-1,0,unknown,0,older
blue-collar,married,primary,no,531,yes,no,cellular,15,may,3,345,9,other,0,young
blue-collar,divorced,primary,no,177,no,no,cellular,3,feb,1,-1,0,unknown,0,older
blue-collar,single,secondary,no,303,no,no,cellular,18,jun,1,92,1,success,1,young
management,single,secondary,no,15,no,no,cellular,22,aug,1,-1,0,unknown,0,young
blue-collar,married,secondary,no,-648,yes,no,cellular,12,may,3,172,2,failure,0,older
housemaid,married,primary,no,182,no,no,cellular,12,aug,1,104,2,failure,0,older
admin.,divorced,secondary,no,26,yes,no,unknown,13,may,1,-1,0,unknown,0,older
services,married,secondary,no,393,no,no,cellular,6,apr,2,266,2,failure,0,young
student,single,tertiary,no,39,no,no,cellular,26,may,3,-1,0,unknown,1,young
management,divorced,tertiary,no,0,yes,no,telephone,7,may,4,-1,0,unknown,0,older
blue-collar,single,secondary,no,290,yes,no,cellular,5,may,1,336,1,other,0,young
entrepreneur,married,unknown,no,1958,no,yes,cellular,23,jul,2,-1,0,unknown,0,young
technician,married,secondary,yes,295,no,yes,cellular,17,nov,2,-1,0,unknown,0,older
management,single,tertiary,no,350,no,no,cellular,8,jul,1,-1,0,unknown,0,young
technician,single,tertiary,no,5336,no,no,unknown,28,may,2,-1,0,unknown,0,older
housemaid,married,primary,no,2785,no,no,cellular,11,aug,4,-1,0,unknown,1,older
admin.,single,secondary,no,2040,yes,no,cellular,18,may,2,350,2,failure,1,young
management,single,tertiary,no,1377,no,no,cellular,8,apr,2,-1,0,unknown,1,young
blue-collar,single,secondary,no,-143,yes,yes,unknown,27,may,1,-1,0,unknown,0,young
technician,single,secondary,no,147,yes,no,unknown,7,may,1,-1,0,unknown,0,young
technician,married,secondary,no,763,no,no,cellular,13,aug,8,-1,0,unknown,0,young
entrepreneur,divorced,secondary,no,10350,no,yes,cellular,24,jul,1,-1,0,unknown,0,older
entrepreneur,married,secondary,no,687,yes,no,cellular,17,apr,1,-1,0,unknown,1,older
admin.,divorced,secondary,no,627,yes,no,unknown,7,may,2,-1,0,unknown,0,young
management,single,tertiary,no,1021,no,no,cellular,2,feb,1,-1,0,unknown,0,young
self-employed,single,tertiary,no,270,yes,no,cellular,7,may,2,345,2,failure,0,young
blue-collar,married,primary,no,4497,yes,no,unknown,15,may,3,-1,0,unknown,0,older
blue-collar,married,primary,no,-35,yes,no,cellular,17,jul,2,-1,0,unknown,0,young
services,single,secondary,no,1354,no,yes,cellular,21,nov,6,-1,0,unknown,0,young
services,divorced,secondary,no,0,no,no,cellular,17,nov,1,150,3,success,0,older
services,married,secondary,no,382,yes,yes,cellular,21,jul,7,-1,0,unknown,0,young
services,single,secondary,no,-701,yes,no,cellular,11,may,2,-1,0,unknown,1,young
management,married,tertiary,no,710,yes,no,cellular,5,may,1,298,2,failure,0,young
blue-collar,married,secondary,no,54,yes,no,cellular,7,may,1,367,1,failure,0,older
technician,divorced,secondary,no,841,no,yes,telephone,29,aug,2,-1,0,unknown,0,young
admin.,married,primary,no,1316,yes,no,cellular,30,apr,3,-1,0,unknown,0,older
blue-collar,married,unknown,no,0,no,no,unknown,16,jun,3,-1,0,unknown,0,older
management,divorced,tertiary,no,146,no,no,cellular,6,aug,2,-1,0,unknown,1,young
self-employed,married,tertiary,no,232,yes,yes,cellular,20,apr,1,-1,0,unknown,0,young
management,divorced,tertiary,no,178,yes,no,unknown,23,may,2,-1,0,unknown,0,young
student,single,secondary,no,715,no,no,cellular,26,may,1,-1,0,unknown,0,young
services,married,secondary,no,250,no,no,unknown,17,jun,1,-1,0,unknown,0,young
blue-collar,married,primary,no,273,yes,no,cellular,18,may,1,279,2,failure,0,older
services,single,secondary,no,235,no,no,cellular,10,jul,3,-1,0,unknown,0,young
technician,married,secondary,no,9064,no,no,cellular,7,aug,1,-1,0,unknown,1,older
management,divorced,tertiary,no,382,no,no,cellular,19,nov,2,-1,0,unknown,0,older
blue-collar,married,secondary,no,2436,yes,no,cellular,14,may,7,-1,0,unknown,0,young
technician,married,secondary,no,4837,no,no,cellular,4,aug,2,-1,0,unknown,0,older
housemaid,married,primary,no,0,no,no,telephone,16,jul,8,-1,0,unknown,0,older
management,single,tertiary,no,1069,no,no,unknown,28,may,1,-1,0,unknown,0,young
management,married,tertiary,no,563,yes,no,cellular,6,may,2,168,1,failure,0,older
technician,married,secondary,no,374,no,no,cellular,6,aug,6,-1,0,unknown,0,young
management,married,tertiary,no,15437,yes,no,cellular,10,jul,1,-1,0,unknown,0,young
management,married,primary,no,1744,no,no,unknown,9,jun,1,-1,0,unknown,0,older
technician,married,secondary,no,371,yes,yes,cellular,21,apr,2,182,1,success,1,older
admin.,married,secondary,no,59,yes,no,cellular,6,may,1,-1,0,unknown,0,young
blue-collar,single,secondary,no,6982,yes,no,cellular,20,nov,2,183,1,failure,0,young
technician,divorced,secondary,no,611,yes,no,cellular,28,jul,5,-1,0,unknown,0,older
technician,married,secondary,no,679,no,yes,cellular,3,feb,3,-1,0,unknown,0,young
technician,married,secondary,no,1469,yes,no,cellular,17,nov,1,-1,0,unknown,0,older
admin.,married,tertiary,no,17,no,no,cellular,21,aug,4,-1,0,unknown,0,older
technician,married,secondary,no,6384,yes,yes,cellular,27,feb,1,101,1,failure,0,young
technician,married,tertiary,no,-378,yes,yes,cellular,15,may,7,330,2,failure,0,older
management,single,tertiary,no,667,no,no,cellular,29,oct,2,-1,0,unknown,0,young
entrepreneur,married,secondary,no,390,no,no,cellular,30,nov,1,-1,0,unknown,0,young
technician,married,secondary,no,1230,no,no,cellular,21,nov,4,-1,0,unknown,0,young
services,single,secondary,no,887,no,no,cellular,14,may,2,-1,0,unknown,0,young
services,single,secondary,no,326,yes,no,unknown,27,may,1,-1,0,unknown,0,young
technician,married,secondary,no,-206,yes,yes,cellular,15,may,1,-1,0,unknown,0,young
unemployed,divorced,secondary,no,1366,no,yes,cellular,2,feb,1,-1,0,unknown,0,young
entrepreneur,single,unknown,no,717,no,no,cellular,30,jul,2,-1,0,unknown,0,older
blue-collar,married,secondary,no,25,no,no,unknown,9,jun,3,-1,0,unknown,1,older
blue-collar,single,secondary,yes,81,no,yes,cellular,29,jan,2,205,2,success,0,young
blue-collar,married,secondary,no,0,yes,no,cellular,17,nov,1,-1,0,unknown,0,young
admin.,divorced,secondary,no,-394,yes,no,unknown,15,may,2,-1,0,unknown,0,older
management,married,tertiary,no,1418,yes,yes,cellular,13,apr,2,-1,0,unknown,0,young
technician,married,secondary,no,-199,no,no,cellular,28,jan,2,247,3,failure,0,older
blue-collar,divorced,primary,no,300,yes,no,unknown,13,may,2,-1,0,unknown,1,young
blue-collar,married,primary,yes,-1385,yes,yes,unknown,15,may,1,-1,0,unknown,0,older
technician,married,secondary,no,557,yes,no,cellular,16,nov,4,-1,0,unknown,1,young
services,married,secondary,no,162,yes,no,unknown,14,may,2,-1,0,unknown,0,young
admin.,married,tertiary,no,1614,no,no,cellular,20,aug,6,-1,0,unknown,1,older
blue-collar,single,primary,no,1128,yes,no,unknown,30,jun,4,-1,0,unknown,0,young
services,single,primary,no,92,yes,no,cellular,17,jul,11,-1,0,unknown,0,young
management,married,unknown,no,76,no,no,cellular,16,mar,1,-1,0,unknown,1,young
unknown,single,unknown,yes,61,no,no,unknown,20,jun,1,-1,0,unknown,0,older
blue-collar,married,secondary,no,661,yes,no,cellular,18,jul,1,-1,0,unknown,1,young
services,single,tertiary,no,737,yes,yes,unknown,27,may,1,-1,0,unknown,0,young
management,single,tertiary,no,0,no,no,cellular,26,aug,2,-1,0,unknown,0,young
technician,married,secondary,no,751,yes,no,cellular,3,apr,1,-1,0,unknown,0,young
entrepreneur,married,secondary,no,294,yes,no,unknown,5,may,2,-1,0,unknown,0,older
technician,married,secondary,no,54,no,no,cellular,7,aug,2,-1,0,unknown,0,young
blue-collar,married,primary,no,91,no,yes,unknown,19,jun,2,-1,0,unknown,0,older
admin.,single,secondary,no,61,no,no,cellular,23,apr,1,-1,0,unknown,0,young
management,divorced,tertiary,no,1253,yes,no,cellular,14,may,2,-1,0,unknown,0,older
technician,single,secondary,no,28,yes,no,cellular,17,apr,3,325,2,failure,0,young
blue-collar,married,secondary,no,-461,no,no,unknown,23,may,1,-1,0,unknown,0,young
student,single,tertiary,no,3,no,no,cellular,11,nov,2,148,1,other,0,young
admin.,married,tertiary,no,1,yes,no,telephone,22,may,3,-1,0,unknown,0,young
management,married,tertiary,no,1875,no,no,cellular,17,nov,1,-1,0,unknown,0,young
retired,married,primary,no,0,no,no,cellular,4,aug,1,-1,0,unknown,0,older
admin.,single,secondary,yes,-242,no,no,unknown,4,jun,1,-1,0,unknown,0,young
admin.,single,secondary,no,101,yes,no,unknown,6,may,1,-1,0,unknown,0,young
management,single,tertiary,no,112,yes,no,cellular,5,may,1,-1,0,unknown,0,young
services,single,secondary,no,0,no,no,cellular,28,jan,1,-1,0,unknown,0,young
admin.,divorced,secondary,no,48,no,yes,cellular,17,nov,1,-1,0,unknown,0,older
blue-collar,married,primary,no,2466,yes,no,unknown,13,may,2,-1,0,unknown,0,older
management,married,tertiary,no,95,no,no,cellular,11,jul,1,-1,0,unknown,0,older
admin.,married,secondary,no,9173,no,no,cellular,29,jul,2,-1,0,unknown,0,older
management,married,tertiary,no,203,no,no,cellular,29,oct,1,-1,0,unknown,1,young
management,single,tertiary,no,2646,no,no,cellular,13,oct,1,182,1,success,1,young
management,married,tertiary,no,2365,no,yes,cellular,26,may,3,-1,0,unknown,0,older
self-employed,married,secondary,no,0,yes,yes,unknown,14,may,5,-1,0,unknown,0,older
management,married,tertiary,no,-334,yes,no,cellular,7,aug,1,-1,0,unknown,0,older
retired,married,tertiary,no,1269,no,no,cellular,31,aug,1,-1,0,unknown,1,older
blue-collar,married,secondary,no,594,no,no,telephone,29,jul,2,-1,0,unknown,0,older
admin.,single,secondary,no,3696,no,no,cellular,12,jan,4,-1,0,unknown,1,older
admin.,single,secondary,no,19,yes,yes,cellular,18,jul,1,-1,0,unknown,0,older
services,married,secondary,no,27,no,no,cellular,25,may,1,-1,0,unknown,0,older
admin.,married,secondary,no,8781,yes,no,cellular,18,nov,1,-1,0,unknown,1,young
management,single,tertiary,no,999,yes,no,cellular,13,apr,5,-1,0,unknown,0,young
admin.,married,primary,no,546,yes,no,telephone,9,apr,1,-1,0,unknown,0,older
unemployed,married,primary,no,51,no,no,cellular,30,jul,4,-1,0,unknown,0,older
student,single,secondary,no,948,no,no,telephone,18,aug,1,197,2,failure,1,young
entrepreneur,married,secondary,no,4000,no,no,cellular,30,jul,3,-1,0,unknown,0,older
admin.,single,unknown,no,872,yes,no,telephone,18,may,6,335,1,other,0,older
blue-collar,married,primary,no,1429,yes,no,unknown,14,may,1,-1,0,unknown,0,older
technician,divorced,secondary,no,1858,no,no,cellular,21,jul,1,-1,0,unknown,0,older
entrepreneur,married,tertiary,no,5,no,no,cellular,11,aug,2,-1,0,unknown,0,young
technician,single,secondary,no,344,no,no,cellular,27,aug,16,-1,0,unknown,1,young
technician,married,tertiary,no,3911,yes,no,cellular,18,nov,2,-1,0,unknown,0,young
blue-collar,married,primary,yes,0,yes,no,unknown,7,may,1,-1,0,unknown,0,young
management,married,secondary,no,1134,no,yes,cellular,9,feb,4,-1,0,unknown,0,older
management,single,tertiary,no,553,yes,no,unknown,26,may,1,-1,0,unknown,0,young
blue-collar,married,secondary,no,813,yes,no,unknown,21,may,16,-1,0,unknown,0,older
technician,married,secondary,no,0,no,no,cellular,13,aug,2,188,1,success,0,older
technician,married,primary,no,1276,yes,no,cellular,14,jul,4,-1,0,unknown,0,older
retired,married,secondary,no,3948,no,no,unknown,2,jun,2,-1,0,unknown,0,older
admin.,single,secondary,no,-407,no,yes,cellular,7,jul,1,-1,0,unknown,0,young
retired,married,primary,no,43,no,no,cellular,11,mar,1,91,1,success,0,older
services,divorced,secondary,no,1222,yes,no,unknown,20,may,1,-1,0,unknown,0,young
technician,married,unknown,no,635,no,no,cellular,22,apr,4,247,1,other,0,older
technician,divorced,secondary,no,225,no,no,cellular,21,aug,2,-1,0,unknown,0,older
retired,divorced,secondary,no,312,no,no,cellular,7,aug,2,-1,0,unknown,0,older
management,married,tertiary,no,409,no,no,cellular,22,jul,7,-1,0,unknown,0,older
blue-collar,married,secondary,no,450,no,no,cellular,20,nov,2,-1,0,unknown,0,young
admin.,married,secondary,no,849,yes,no,cellular,6,feb,3,-1,0,unknown,1,older
self-employed,married,tertiary,no,6000,yes,no,cellular,18,nov,1,-1,0,unknown,0,older
admin.,single,tertiary,no,8,no,yes,cellular,30,jul,2,150,1,failure,0,young
management,married,tertiary,no,255,yes,yes,unknown,3,jun,2,-1,0,unknown,0,older
self-employed,married,tertiary,no,368,no,no,cellular,18,nov,2,110,4,failure,0,older
management,married,tertiary,no,0,yes,no,cellular,14,jul,2,-1,0,unknown,0,older
technician,single,tertiary,no,-3,yes,no,cellular,24,jul,4,-1,0,unknown,0,young
entrepreneur,married,tertiary,no,7944,no,no,cellular,21,nov,1,-1,0,unknown,0,young
technician,single,tertiary,no,106,yes,no,cellular,13,may,3,-1,0,unknown,0,young
entrepreneur,single,tertiary,no,566,yes,no,cellular,29,jul,8,-1,0,unknown,0,young
technician,single,secondary,no,615,yes,no,unknown,2,jun,1,-1,0,unknown,0,young
admin.,divorced,secondary,no,873,yes,yes,unknown,3,jun,1,-1,0,unknown,0,older
self-employed,divorced,secondary,no,347,no,no,cellular,19,nov,3,-1,0,unknown,1,older
blue-collar,single,secondary,no,-273,yes,yes,unknown,13,may,1,-1,0,unknown,0,young
technician,single,tertiary,no,-487,yes,no,cellular,12,may,1,260,5,other,0,young
blue-collar,married,secondary,no,345,yes,yes,telephone,4,feb,1,259,3,other,0,older
management,divorced,tertiary,no,3,yes,yes,cellular,5,aug,1,-1,0,unknown,0,older
services,single,tertiary,no,0,no,no,cellular,28,aug,12,-1,0,unknown,0,young
services,single,secondary,no,1881,no,yes,unknown,26,jun,1,-1,0,unknown,0,young
housemaid,married,secondary,no,0,no,no,cellular,21,aug,2,-1,0,unknown,0,young
technician,married,unknown,no,2709,yes,no,telephone,9,feb,7,-1,0,unknown,0,older
blue-collar,married,primary,no,5839,yes,no,unknown,4,jun,2,-1,0,unknown,1,young
blue-collar,married,secondary,no,-208,yes,yes,unknown,9,may,1,-1,0,unknown,0,young
technician,married,secondary,no,437,yes,no,unknown,19,may,4,-1,0,unknown,0,older
blue-collar,single,primary,no,485,no,yes,cellular,8,jul,2,-1,0,unknown,0,young
unemployed,single,secondary,no,9895,no,no,cellular,19,nov,2,-1,0,unknown,0,young
management,divorced,tertiary,no,210,yes,no,telephone,21,nov,1,127,2,failure,0,young
admin.,married,secondary,no,68,yes,yes,cellular,13,may,2,351,1,failure,0,young
housemaid,married,secondary,no,582,no,no,cellular,13,aug,1,-1,0,unknown,0,older
student,single,secondary,no,4613,no,no,cellular,28,may,3,196,2,other,1,young
technician,married,secondary,no,629,yes,no,cellular,3,feb,3,265,2,failure,0,older
admin.,single,secondary,no,219,yes,no,cellular,28,jan,1,268,1,other,0,older
unemployed,married,tertiary,no,457,yes,no,unknown,5,jun,3,-1,0,unknown,0,older
technician,divorced,secondary,no,0,yes,yes,unknown,11,jun,1,-1,0,unknown,0,older
retired,married,secondary,no,-133,no,no,cellular,19,aug,2,-1,0,unknown,0,older
admin.,single,secondary,no,12,yes,no,cellular,5,may,1,365,2,failure,0,young
admin.,divorced,secondary,no,3163,no,no,cellular,21,nov,3,-1,0,unknown,0,older
admin.,married,secondary,no,73,yes,no,cellular,16,jul,2,-1,0,unknown,0,young
blue-collar,married,secondary,no,0,yes,no,unknown,28,may,3,-1,0,unknown,0,young
management,divorced,unknown,no,549,yes,no,unknown,6,may,1,-1,0,unknown,0,older
admin.,single,secondary,no,3529,no,yes,cellular,5,mar,1,179,2,failure,0,young
admin.,single,secondary,no,91,yes,no,unknown,23,may,4,-1,0,unknown,0,young
blue-collar,single,secondary,no,202,no,no,cellular,30,jan,2,-1,0,unknown,0,young
technician,single,secondary,no,670,yes,no,unknown,8,may,3,-1,0,unknown,0,young
blue-collar,married,primary,no,595,yes,no,cellular,11,may,1,-1,0,unknown,0,older
blue-collar,single,primary,no,6969,yes,no,unknown,20,may,1,-1,0,unknown,0,young
technician,single,secondary,no,10865,yes,no,unknown,27,may,3,-1,0,unknown,0,young
entrepreneur,married,tertiary,no,1,yes,no,cellular,13,may,2,-1,0,unknown,0,older
services,married,secondary,yes,-846,yes,no,unknown,13,may,1,-1,0,unknown,0,young
self-employed,married,tertiary,no,3139,yes,no,cellular,18,nov,2,-1,0,unknown,0,young
management,single,tertiary,no,0,yes,no,unknown,21,may,1,-1,0,unknown,0,young
admin.,divorced,secondary,no,19,yes,no,cellular,5,feb,3,251,2,success,1,young
blue-collar,married,primary,no,787,yes,yes,cellular,7,aug,2,-1,0,unknown,0,older
student,single,unknown,no,689,no,no,cellular,25,may,2,-1,0,unknown,1,young
admin.,divorced,secondary,no,112,yes,no,unknown,19,may,1,-1,0,unknown,0,young
management,married,tertiary,no,2401,no,no,cellular,6,aug,7,-1,0,unknown,0,young
technician,single,secondary,no,36,no,no,cellular,14,jul,3,-1,0,unknown,0,young
services,married,secondary,no,289,yes,no,cellular,2,feb,1,257,2,failure,0,young
retired,married,primary,no,2398,no,no,cellular,12,apr,1,186,1,failure,0,older
blue-collar,married,secondary,no,227,yes,yes,cellular,29,jan,3,-1,0,unknown,0,older
management,single,secondary,no,0,yes,yes,unknown,16,may,7,-1,0,unknown,0,young
blue-collar,married,unknown,no,64,no,yes,cellular,21,jul,2,-1,0,unknown,0,older
blue-collar,married,primary,no,714,yes,no,unknown,29,may,3,-1,0,unknown,0,young
blue-collar,married,secondary,no,339,yes,no,cellular,15,may,3,354,2,failure,0,young
blue-collar,divorced,secondary,no,808,no,no,unknown,16,jun,1,-1,0,unknown,0,young
entrepreneur,married,unknown,no,100,yes,no,unknown,5,may,1,-1,0,unknown,0,older
admin.,single,tertiary,no,283,yes,no,cellular,20,apr,1,153,4,failure,0,young
blue-collar,married,secondary,no,2561,no,no,unknown,20,jun,6,-1,0,unknown,0,older
management,married,tertiary,no,0,yes,no,cellular,23,jul,3,-1,0,unknown,0,older
management,married,tertiary,no,52,no,yes,telephone,12,nov,1,-1,0,unknown,0,young
blue-collar,married,unknown,no,-118,yes,no,cellular,18,may,2,-1,0,unknown,0,young
management,married,tertiary,no,581,yes,yes,cellular,14,jul,2,-1,0,unknown,0,young
technician,single,tertiary,no,962,yes,no,cellular,8,may,1,-1,0,unknown,1,young
blue-collar,married,secondary,no,1165,yes,no,cellular,20,apr,1,-1,0,unknown,0,young
self-employed,married,primary,no,2022,no,no,unknown,19,jun,2,-1,0,unknown,0,young
blue-collar,married,secondary,no,33,no,yes,cellular,13,may,1,331,3,success,0,older
services,single,secondary,no,532,yes,no,unknown,9,jun,2,-1,0,unknown,0,older
blue-collar,married,primary,no,3705,yes,no,unknown,16,jun,1,-1,0,unknown,0,young
blue-collar,divorced,secondary,no,658,no,no,cellular,20,nov,2,-1,0,unknown,0,young
management,single,tertiary,no,12569,no,no,cellular,1,jul,2,295,2,success,1,young
blue-collar,single,secondary,no,6393,yes,no,cellular,15,may,3,-1,0,unknown,0,older
services,single,secondary,no,1015,no,no,cellular,29,jan,1,-1,0,unknown,0,young
retired,married,secondary,no,3175,no,no,cellular,19,oct,2,-1,0,unknown,0,older
management,divorced,tertiary,no,1692,yes,no,cellular,29,jul,5,-1,0,unknown,0,older
services,married,secondary,no,145,no,yes,cellular,22,jul,2,-1,0,unknown,0,young
retired,married,primary,no,383,yes,yes,cellular,17,apr,2,-1,0,unknown,0,older
blue-collar,single,secondary,no,2612,yes,no,unknown,14,may,2,-1,0,unknown,0,older
blue-collar,married,secondary,no,-251,yes,no,cellular,12,may,3,370,1,failure,0,young
blue-collar,single,secondary,no,106,yes,no,unknown,27,may,8,-1,0,unknown,0,young
technician,married,secondary,no,616,no,no,telephone,8,dec,1,-1,0,unknown,0,young
technician,single,secondary,no,265,yes,yes,unknown,5,may,1,-1,0,unknown,0,young
housemaid,married,primary,no,398,no,no,cellular,7,jul,3,-1,0,unknown,0,older
technician,married,secondary,no,0,no,no,cellular,5,aug,1,-1,0,unknown,0,young
management,single,tertiary,no,835,yes,no,cellular,4,aug,1,-1,0,unknown,0,young
blue-collar,married,secondary,no,0,yes,no,unknown,7,may,1,-1,0,unknown,0,young
management,married,tertiary,no,9579,yes,no,cellular,18,nov,3,-1,0,unknown,0,young
retired,married,secondary,no,597,no,no,cellular,15,jul,1,-1,0,unknown,1,older
management,married,tertiary,no,0,yes,no,unknown,23,may,5,-1,0,unknown,0,young
admin.,single,tertiary,no,-197,no,no,unknown,6,aug,1,-1,0,unknown,0,young
management,married,tertiary,no,0,yes,no,cellular,9,mar,1,326,1,success,1,young
student,single,tertiary,no,508,no,no,cellular,8,jun,1,-1,0,unknown,0,young
management,married,tertiary,no,1594,yes,no,cellular,17,apr,1,260,5,failure,0,young
admin.,single,secondary,no,2002,yes,no,cellular,15,may,2,350,1,failure,0,older
admin.,married,secondary,no,324,no,no,cellular,8,aug,4,-1,0,unknown,0,older
blue-collar,married,primary,no,103,yes,no,unknown,20,jun,28,-1,0,unknown,0,young
unemployed,married,secondary,no,7357,no,no,cellular,5,feb,1,-1,0,unknown,0,older
student,married,tertiary,no,387,yes,no,cellular,8,may,3,347,3,failure,1,young
blue-collar,divorced,secondary,no,-244,yes,no,cellular,12,may,3,-1,0,unknown,0,young
self-employed,divorced,secondary,no,218,yes,no,unknown,12,may,7,-1,0,unknown,0,older
technician,single,secondary,no,905,yes,yes,cellular,7,may,1,-1,0,unknown,0,young
management,married,tertiary,no,3674,no,no,cellular,26,aug,3,-1,0,unknown,0,older
blue-collar,married,secondary,no,537,no,yes,cellular,7,jul,6,-1,0,unknown,0,young
blue-collar,married,secondary,no,49,yes,no,cellular,14,may,1,370,2,failure,0,young
housemaid,married,primary,no,1100,no,no,unknown,9,jun,6,-1,0,unknown,0,older
technician,married,tertiary,no,9001,no,no,cellular,5,apr,1,-1,0,unknown,1,older
admin.,single,secondary,no,0,no,no,cellular,6,feb,1,-1,0,unknown,0,young
management,married,tertiary,no,1048,no,no,cellular,7,aug,2,-1,0,unknown,0,young
blue-collar,married,primary,no,3917,no,no,cellular,3,jun,2,93,1,success,1,older
technician,married,secondary,no,433,no,no,cellular,28,aug,16,-1,0,unknown,0,young
admin.,divorced,secondary,no,-51,no,yes,cellular,30,jan,1,-1,0,unknown,0,young
management,married,tertiary,no,198,yes,no,unknown,19,may,8,-1,0,unknown,0,young
admin.,married,secondary,no,35,no,no,cellular,27,aug,4,-1,0,unknown,0,older
management,divorced,secondary,no,283,yes,no,cellular,23,jul,1,-1,0,unknown,1,older
technician,single,tertiary,no,306,no,no,cellular,14,aug,2,-1,0,unknown,0,young
blue-collar,married,primary,no,2805,yes,no,unknown,26,may,23,-1,0,unknown,0,young
technician,married,secondary,no,1152,yes,no,cellular,21,jul,5,-1,0,unknown,0,older
services,single,secondary,no,-45,yes,no,unknown,8,may,1,-1,0,unknown,0,young
technician,single,secondary,no,2511,yes,no,cellular,16,apr,5,-1,0,unknown,1,young
blue-collar,married,secondary,no,3070,no,no,cellular,20,nov,2,-1,0,unknown,0,older
blue-collar,married,primary,no,1673,yes,no,cellular,17,apr,3,-1,0,unknown,1,older
management,married,tertiary,no,474,no,no,cellular,21,aug,1,-1,0,unknown,1,older
blue-collar,married,primary,no,1411,yes,no,unknown,20,may,2,-1,0,unknown,0,young
unknown,married,primary,no,0,no,no,unknown,6,jun,2,-1,0,unknown,0,young
management,married,tertiary,no,312,no,no,telephone,5,feb,1,-1,0,unknown,0,young
services,single,tertiary,no,785,no,no,cellular,3,jun,1,-1,0,unknown,0,young
services,married,secondary,no,343,yes,yes,cellular,7,jul,7,-1,0,unknown,0,young
student,single,unknown,no,480,no,no,cellular,8,sep,1,-1,0,unknown,1,young
management,divorced,tertiary,no,2037,no,no,cellular,4,feb,2,94,3,success,1,older
management,single,tertiary,no,1675,no,no,cellular,2,sep,2,363,1,failure,0,young
admin.,married,secondary,no,67,no,no,cellular,20,apr,2,150,2,failure,0,older
management,single,tertiary,no,308,yes,no,cellular,8,aug,4,-1,0,unknown,0,young
management,single,tertiary,no,0,yes,no,cellular,7,may,1,22,2,failure,0,young
blue-collar,divorced,secondary,no,1893,no,no,telephone,29,jul,3,-1,0,unknown,0,older
admin.,single,secondary,no,1123,no,no,cellular,17,aug,1,-1,0,unknown,0,young
blue-collar,divorced,secondary,no,2551,yes,yes,cellular,22,jul,2,-1,0,unknown,0,young
blue-collar,married,secondary,no,0,yes,no,unknown,29,jul,1,-1,0,unknown,0,young
services,married,secondary,no,80,no,yes,cellular,10,jul,1,-1,0,unknown,0,young
admin.,married,tertiary,no,79,yes,no,cellular,5,aug,1,92,5,success,1,young
blue-collar,married,secondary,no,4022,yes,no,cellular,29,jan,3,-1,0,unknown,0,older
retired,single,tertiary,no,352,no,no,cellular,19,nov,1,-1,0,unknown,0,older
unknown,married,unknown,no,1533,no,no,cellular,4,aug,1,-1,0,unknown,0,older
technician,single,secondary,no,886,no,no,cellular,12,aug,1,-1,0,unknown,0,young
technician,divorced,secondary,no,211,yes,yes,unknown,29,may,4,-1,0,unknown,0,young
management,married,secondary,no,611,yes,no,cellular,6,feb,1,212,1,other,0,older
blue-collar,single,secondary,no,65,no,no,unknown,16,may,3,-1,0,unknown,0,young
blue-collar,married,secondary,no,-70,yes,no,cellular,8,may,2,-1,0,unknown,0,older
student,single,unknown,no,2321,no,no,cellular,9,nov,2,99,5,failure,0,young
management,married,tertiary,no,309,yes,no,cellular,5,feb,1,-1,0,unknown,1,older
blue-collar,married,primary,no,0,yes,no,unknown,12,may,1,-1,0,unknown,0,older
management,divorced,primary,no,11,no,no,cellular,6,feb,1,9,1,other,0,older
blue-collar,married,primary,yes,0,yes,no,unknown,7,may,1,-1,0,unknown,0,young
management,married,tertiary,no,2801,yes,no,cellular,19,nov,2,111,2,failure,0,young
management,single,tertiary,no,4305,yes,no,cellular,4,may,1,-1,0,unknown,0,older
technician,single,secondary,no,228,yes,no,cellular,20,aug,2,-1,0,unknown,0,young
blue-collar,married,tertiary,no,982,yes,yes,cellular,2,mar,2,-1,0,unknown,0,young
services,divorced,primary,no,523,no,no,telephone,1,sep,4,371,4,other,0,older
management,single,tertiary,no,695,no,no,cellular,28,jan,1,-1,0,unknown,0,young
blue-collar,married,primary,no,-1,no,no,unknown,28,may,8,-1,0,unknown,0,older
blue-collar,married,secondary,no,2150,yes,no,unknown,23,may,4,-1,0,unknown,0,young
blue-collar,married,secondary,no,1778,yes,no,cellular,4,feb,1,251,5,failure,0,older
retired,married,secondary,no,411,yes,no,cellular,3,feb,3,200,10,other,0,older
unemployed,divorced,tertiary,no,256,yes,no,cellular,16,jul,2,-1,0,unknown,1,young
blue-collar,married,secondary,no,1100,yes,no,unknown,29,may,2,-1,0,unknown,0,young
blue-collar,single,secondary,no,631,yes,no,cellular,12,may,2,344,8,other,0,young
management,single,tertiary,no,5359,no,no,cellular,19,aug,1,84,2,success,1,young
blue-collar,married,secondary,no,444,yes,no,cellular,15,apr,3,-1,0,unknown,0,young
admin.,single,tertiary,no,0,no,no,cellular,26,jan,1,-1,0,unknown,0,young
self-employed,single,secondary,no,0,yes,no,unknown,6,may,1,-1,0,unknown,0,young
unemployed,single,tertiary,no,1611,yes,no,unknown,23,may,2,-1,0,unknown,0,young
housemaid,divorced,primary,yes,0,no,yes,cellular,25,jul,2,-1,0,unknown,0,older
admin.,single,secondary,no,203,yes,no,cellular,10,jul,1,-1,0,unknown,0,young
services,married,secondary,no,804,yes,yes,unknown,8,may,1,-1,0,unknown,0,young
blue-collar,married,secondary,no,1303,no,no,cellular,13,aug,3,-1,0,unknown,0,older
services,single,secondary,no,123,yes,no,unknown,12,may,3,-1,0,unknown,0,young
technician,single,secondary,no,5731,yes,no,cellular,4,may,2,167,4,other,0,young
blue-collar,married,primary,no,185,no,no,cellular,15,jul,5,-1,0,unknown,0,older
entrepreneur,single,tertiary,no,1481,yes,no,cellular,13,may,3,173,1,other,0,young
technician,married,secondary,no,-384,yes,no,cellular,13,aug,4,-1,0,unknown,0,older
management,married,tertiary,no,0,no,no,cellular,24,nov,2,-1,0,unknown,0,young
management,married,secondary,no,42,yes,no,cellular,13,may,2,265,4,other,0,older
admin.,single,secondary,no,4509,no,no,unknown,6,jun,2,-1,0,unknown,0,older
services,married,secondary,no,1616,yes,no,telephone,12,may,5,288,3,failure,0,young
technician,married,secondary,no,889,yes,no,cellular,4,feb,1,-1,0,unknown,0,young
management,married,tertiary,no,4358,no,no,telephone,31,jul,7,-1,0,unknown,0,older
technician,married,secondary,no,3,no,no,cellular,28,aug,26,-1,0,unknown,0,older
technician,married,tertiary,no,527,yes,no,unknown,26,may,12,-1,0,unknown,0,older
management,married,tertiary,no,1573,no,no,telephone,7,jul,15,-1,0,unknown,0,older
technician,married,unknown,no,473,yes,no,unknown,27,may,1,-1,0,unknown,0,older
self-employed,single,secondary,no,125,yes,no,telephone,17,apr,3,-1,0,unknown,0,older
technician,single,tertiary,no,154,no,no,cellular,18,mar,2,-1,0,unknown,0,young
management,married,tertiary,no,3217,yes,yes,cellular,17,apr,1,-1,0,unknown,0,young
services,married,secondary,no,2070,no,no,telephone,1,apr,3,-1,0,unknown,0,older
blue-collar,married,secondary,no,-59,yes,yes,cellular,24,jul,1,-1,0,unknown,0,young
technician,married,secondary,no,639,yes,no,unknown,26,may,1,-1,0,unknown,0,young
blue-collar,single,primary,no,124,yes,no,unknown,28,may,3,-1,0,unknown,0,young
services,married,primary,no,11,yes,no,cellular,8,may,2,-1,0,unknown,0,young
student,single,secondary,no,24,yes,no,cellular,29,jan,2,196,2,failure,0,young
blue-collar,married,primary,no,244,yes,no,cellular,16,apr,1,-1,0,unknown,0,older
housemaid,married,primary,no,20,no,yes,cellular,28,jul,5,-1,0,unknown,0,older
technician,married,tertiary,no,296,no,no,cellular,22,aug,5,-1,0,unknown,0,young
retired,married,primary,no,1115,no,no,unknown,19,jun,1,-1,0,unknown,1,older
management,single,tertiary,no,808,no,no,cellular,5,may,4,349,1,failure,0,young
blue-collar,married,primary,no,7727,yes,no,unknown,15,may,8,-1,0,unknown,0,older
services,married,secondary,no,191,no,yes,unknown,6,jun,2,-1,0,unknown,0,older
management,single,tertiary,no,321,no,yes,cellular,5,feb,6,-1,0,unknown,0,young
admin.,single,secondary,no,569,yes,yes,cellular,2,feb,2,272,2,failure,0,young
retired,married,primary,no,1379,no,no,unknown,11,jun,1,-1,0,unknown,0,older
self-employed,married,secondary,no,1523,no,yes,cellular,7,jul,2,-1,0,unknown,0,young
services,married,secondary,no,2,yes,no,cellular,25,jul,10,-1,0,unknown,0,young
technician,single,secondary,no,422,no,no,cellular,21,aug,2,-1,0,unknown,0,young
management,married,tertiary,no,211,yes,no,unknown,30,may,3,-1,0,unknown,0,young
services,single,secondary,no,382,yes,no,unknown,13,may,1,-1,0,unknown,0,young
technician,married,secondary,no,272,no,yes,telephone,22,jul,1,-1,0,unknown,0,older
blue-collar,single,secondary,no,940,yes,no,unknown,6,jun,3,-1,0,unknown,0,young
technician,married,secondary,no,1835,yes,no,cellular,21,nov,2,-1,0,unknown,0,older
retired,married,primary,no,747,yes,yes,telephone,13,may,1,-1,0,unknown,0,older
technician,married,tertiary,no,43,no,no,cellular,22,aug,5,-1,0,unknown,0,young
technician,married,secondary,no,294,no,no,telephone,3,jun,4,-1,0,unknown,1,older
management,married,tertiary,no,11,no,no,cellular,15,jul,5,-1,0,unknown,0,young
blue-collar,married,primary,no,1255,yes,yes,unknown,26,may,7,-1,0,unknown,0,young
self-employed,divorced,secondary,no,8112,yes,yes,cellular,15,apr,1,146,1,failure,0,older
services,single,secondary,no,117,yes,no,cellular,11,may,1,-1,0,unknown,0,young
self-employed,single,tertiary,no,251,no,no,cellular,12,jul,1,-1,0,unknown,1,young
unemployed,single,secondary,no,0,yes,no,cellular,21,jul,6,-1,0,unknown,0,young
blue-collar,married,primary,no,-116,yes,no,cellular,8,may,2,-1,0,unknown,0,older
housemaid,single,primary,no,1238,no,no,unknown,17,jun,3,-1,0,unknown,0,older
management,married,tertiary,no,21664,no,no,unknown,17,jun,8,-1,0,unknown,0,older
entrepreneur,married,tertiary,no,1,no,no,cellular,19,nov,1,-1,0,unknown,0,older
services,married,secondary,no,891,yes,no,cellular,18,jul,1,-1,0,unknown,0,young
blue-collar,married,primary,no,675,yes,no,cellular,20,apr,2,-1,0,unknown,0,older
entrepreneur,married,tertiary,no,341,no,no,unknown,19,jun,2,-1,0,unknown,0,older
blue-collar,divorced,secondary,no,1780,yes,no,unknown,2,jun,9,-1,0,unknown,0,young
technician,married,secondary,no,141,no,no,cellular,25,aug,7,-1,0,unknown,0,older
blue-collar,single,secondary,no,-1,yes,no,unknown,7,may,1,-1,0,unknown,0,young
technician,married,secondary,no,117,no,no,cellular,26,feb,3,186,6,success,1,older
admin.,divorced,secondary,no,1709,yes,no,unknown,12,jun,1,-1,0,unknown,0,older
management,married,tertiary,no,349,no,no,cellular,15,feb,2,616,1,failure,1,older
management,single,tertiary,no,1836,yes,no,cellular,12,aug,2,-1,0,unknown,0,young
blue-collar,married,secondary,no,2283,yes,no,cellular,14,jul,3,-1,0,unknown,0,young
admin.,married,secondary,no,1906,no,no,unknown,16,may,17,-1,0,unknown,0,older
blue-collar,single,secondary,no,2764,yes,no,cellular,13,may,1,357,1,failure,0,young
management,divorced,tertiary,no,441,yes,no,cellular,30,jan,1,-1,0,unknown,0,young
management,single,tertiary,no,89,no,no,cellular,7,sep,1,-1,0,unknown,0,young
management,married,tertiary,no,1474,yes,yes,unknown,29,may,3,-1,0,unknown,0,young
admin.,single,secondary,no,-109,yes,yes,unknown,6,may,1,-1,0,unknown,0,young
blue-collar,married,primary,no,228,yes,no,unknown,28,may,11,-1,0,unknown,0,older
management,single,tertiary,no,453,yes,no,unknown,30,may,3,-1,0,unknown,0,young
self-employed,married,tertiary,no,-81,no,no,unknown,29,may,22,-1,0,unknown,0,older
entrepreneur,divorced,tertiary,no,2109,no,no,cellular,12,apr,1,181,2,success,0,older
blue-collar,married,secondary,no,1119,yes,no,cellular,14,aug,2,-1,0,unknown,0,older
management,single,tertiary,no,1130,yes,no,unknown,14,may,3,-1,0,unknown,0,young
blue-collar,divorced,primary,no,511,yes,no,telephone,11,may,1,-1,0,unknown,0,young
retired,married,primary,no,2223,no,no,telephone,10,aug,2,187,1,success,0,older
self-employed,divorced,tertiary,no,5331,no,yes,cellular,31,jul,3,-1,0,unknown,0,older
blue-collar,married,secondary,no,4770,yes,yes,cellular,19,nov,2,-1,0,unknown,0,older
management,married,tertiary,no,6748,no,no,cellular,27,aug,3,-1,0,unknown,0,older
management,married,tertiary,no,1791,no,no,cellular,11,feb,1,190,1,success,1,older
blue-collar,single,unknown,no,694,yes,yes,cellular,16,jul,4,-1,0,unknown,1,young
management,divorced,primary,no,443,no,no,unknown,9,jun,1,-1,0,unknown,0,older
blue-collar,single,secondary,no,-64,no,no,cellular,21,jul,1,-1,0,unknown,0,young
management,married,tertiary,no,51,yes,no,cellular,18,jul,4,-1,0,unknown,0,young
management,married,tertiary,no,36,no,no,unknown,9,jun,4,-1,0,unknown,0,older
student,single,secondary,no,3165,no,no,telephone,20,oct,2,-1,0,unknown,0,young
technician,single,secondary,no,10152,yes,no,cellular,10,jul,1,-1,0,unknown,0,young
management,divorced,tertiary,no,71,yes,no,cellular,7,aug,2,-1,0,unknown,0,older
technician,single,secondary,no,33,yes,no,unknown,27,may,10,-1,0,unknown,0,older
blue-collar,married,secondary,no,1457,yes,no,cellular,8,jul,4,-1,0,unknown,0,older
admin.,married,secondary,no,97,yes,no,cellular,18,may,2,364,1,success,0,young
self-employed,married,tertiary,no,6237,yes,no,cellular,20,nov,2,-1,0,unknown,0,older
services,single,secondary,no,-1139,yes,no,cellular,7,jul,1,-1,0,unknown,0,young
blue-collar,single,secondary,no,484,yes,no,cellular,15,apr,2,-1,0,unknown,0,young
admin.,married,secondary,no,2319,no,no,cellular,21,nov,1,137,1,failure,0,young
blue-collar,single,secondary,no,786,yes,yes,unknown,14,may,5,-1,0,unknown,0,young
technician,single,secondary,no,598,yes,no,cellular,18,may,2,-1,0,unknown,0,young
technician,single,secondary,yes,-14,no,no,cellular,14,aug,2,-1,0,unknown,0,young
services,married,secondary,no,871,yes,no,unknown,1,jul,1,-1,0,unknown,0,young
technician,divorced,secondary,no,44,yes,yes,cellular,7,may,1,167,2,failure,0,young
technician,single,secondary,no,264,yes,no,cellular,17,apr,1,-1,0,unknown,0,young
technician,married,secondary,no,369,yes,no,unknown,4,jun,3,-1,0,unknown,0,older
technician,married,secondary,no,212,yes,no,unknown,14,may,1,-1,0,unknown,0,older
unemployed,single,tertiary,no,463,no,no,cellular,22,aug,4,-1,0,unknown,0,young
technician,married,secondary,no,4101,yes,no,cellular,18,feb,2,264,1,other,1,young
blue-collar,married,primary,no,1087,yes,no,unknown,12,jun,1,-1,0,unknown,0,older
management,married,tertiary,no,367,no,no,cellular,4,feb,2,-1,0,unknown,0,young
blue-collar,married,secondary,no,59,yes,no,unknown,13,may,1,-1,0,unknown,0,young
blue-collar,married,secondary,no,333,yes,no,cellular,14,may,6,-1,0,unknown,0,older
blue-collar,married,primary,no,-67,yes,no,unknown,9,may,1,-1,0,unknown,0,older
management,married,primary,no,1959,no,no,unknown,11,jun,1,-1,0,unknown,0,young
management,divorced,secondary,no,2843,yes,no,unknown,19,jun,2,-1,0,unknown,0,older
blue-collar,married,primary,no,827,yes,no,cellular,18,may,4,-1,0,unknown,0,young
services,single,secondary,no,124,yes,no,cellular,6,feb,3,9,5,other,0,young
student,single,secondary,no,1925,no,no,cellular,16,nov,1,196,1,failure,0,young
services,married,secondary,no,466,yes,yes,cellular,25,may,1,-1,0,unknown,1,young
management,single,tertiary,no,1422,yes,yes,unknown,20,jun,27,-1,0,unknown,0,young
management,married,tertiary,no,14355,no,no,cellular,20,nov,2,-1,0,unknown,0,older
blue-collar,married,secondary,no,661,yes,no,cellular,18,jul,1,-1,0,unknown,1,young
retired,married,primary,no,0,no,no,telephone,11,aug,1,-1,0,unknown,0,older
blue-collar,married,primary,no,173,yes,yes,telephone,23,jul,2,-1,0,unknown,0,older
blue-collar,married,secondary,no,-870,yes,no,unknown,26,may,2,-1,0,unknown,0,young
management,married,tertiary,no,1701,yes,yes,cellular,17,nov,1,117,2,other,0,older
blue-collar,married,secondary,no,115,yes,yes,unknown,28,may,3,-1,0,unknown,0,young
entrepreneur,married,secondary,no,0,yes,yes,cellular,20,apr,2,154,1,failure,0,young
services,married,secondary,no,890,yes,no,unknown,14,may,1,-1,0,unknown,0,older
blue-collar,married,secondary,no,123,no,no,cellular,20,aug,3,-1,0,unknown,0,older
technician,married,tertiary,no,203,no,yes,cellular,29,jan,3,-1,0,unknown,0,young
admin.,married,secondary,no,1604,no,no,cellular,13,aug,2,-1,0,unknown,0,young
blue-collar,married,secondary,no,579,yes,no,unknown,28,may,1,-1,0,unknown,0,older
blue-collar,married,primary,no,479,yes,no,cellular,14,may,2,370,2,failure,0,older
blue-collar,married,primary,no,229,no,no,telephone,8,jul,2,-1,0,unknown,0,young
entrepreneur,married,tertiary,no,6,no,no,telephone,30,oct,1,-1,0,unknown,0,young
blue-collar,divorced,primary,no,7396,yes,no,cellular,19,nov,2,-1,0,unknown,0,older
housemaid,married,tertiary,no,43,no,no,cellular,30,jul,2,-1,0,unknown,0,older
blue-collar,married,secondary,no,1116,no,no,unknown,9,jun,3,-1,0,unknown,0,young
blue-collar,married,unknown,no,732,yes,no,telephone,20,apr,1,339,1,failure,0,older
management,single,tertiary,no,100,no,no,cellular,12,aug,2,-1,0,unknown,0,young
retired,married,tertiary,no,0,no,no,cellular,21,aug,2,-1,0,unknown,0,older
technician,single,secondary,no,908,yes,no,unknown,21,may,1,-1,0,unknown,0,young
technician,single,secondary,no,1,no,no,unknown,30,may,4,-1,0,unknown,0,young
management,married,tertiary,no,-84,yes,no,cellular,27,aug,6,-1,0,unknown,0,older
technician,single,secondary,no,129,yes,no,unknown,20,jun,7,-1,0,unknown,0,young
services,married,secondary,no,373,no,yes,unknown,16,jun,6,-1,0,unknown,0,young
admin.,divorced,secondary,no,3423,yes,yes,unknown,4,jun,6,-1,0,unknown,0,older
admin.,married,secondary,no,578,no,no,cellular,29,aug,2,-1,0,unknown,0,older
retired,divorced,secondary,no,47,no,no,cellular,29,jan,1,-1,0,unknown,0,older
technician,divorced,tertiary,no,0,no,no,cellular,28,jan,2,-1,0,unknown,1,older
retired,married,primary,no,172,yes,yes,cellular,15,may,6,-1,0,unknown,0,older
entrepreneur,divorced,tertiary,no,0,no,no,unknown,5,jun,1,-1,0,unknown,0,older
management,married,tertiary,no,6014,yes,no,cellular,15,jul,6,-1,0,unknown,0,young
blue-collar,divorced,secondary,no,138,no,no,cellular,19,nov,1,-1,0,unknown,0,older
blue-collar,divorced,primary,no,1512,yes,no,cellular,9,feb,11,-1,0,unknown,0,older
services,married,secondary,no,94,yes,no,unknown,15,may,2,-1,0,unknown,0,young
technician,married,tertiary,no,3690,no,no,cellular,7,aug,2,-1,0,unknown,0,older
entrepreneur,married,primary,no,-394,yes,no,cellular,20,nov,3,-1,0,unknown,0,young
unemployed,married,primary,no,3,no,no,cellular,24,jul,1,-1,0,unknown,0,young
housemaid,married,secondary,no,0,yes,no,cellular,23,jul,1,-1,0,unknown,0,young
services,married,primary,no,1601,yes,no,cellular,21,nov,2,182,2,failure,0,young
admin.,single,secondary,no,1958,no,no,telephone,29,jan,1,206,6,failure,0,older
services,married,primary,no,124,no,no,unknown,17,jun,2,-1,0,unknown,0,older
technician,married,secondary,no,-939,yes,no,unknown,29,may,1,-1,0,unknown,0,older
technician,married,secondary,no,2313,yes,no,unknown,9,may,2,-1,0,unknown,0,older
blue-collar,married,secondary,no,1340,yes,no,unknown,13,may,1,-1,0,unknown,0,older
management,married,tertiary,no,388,no,yes,unknown,15,may,4,-1,0,unknown,0,older
blue-collar,married,unknown,no,11,yes,no,cellular,8,apr,1,-1,0,unknown,0,young
management,married,tertiary,no,623,yes,no,unknown,29,may,5,-1,0,unknown,0,young
retired,married,secondary,no,9601,no,no,telephone,27,mar,1,-1,0,unknown,1,older
management,divorced,tertiary,no,69,yes,no,cellular,6,may,2,280,2,failure,0,young
blue-collar,divorced,secondary,no,272,yes,no,cellular,14,jul,2,-1,0,unknown,0,older
management,married,tertiary,no,1112,no,no,cellular,6,aug,2,-1,0,unknown,0,young
admin.,married,tertiary,no,35,yes,no,cellular,15,oct,1,69,2,failure,0,young
housemaid,married,primary,no,235,no,no,cellular,13,aug,2,-1,0,unknown,0,older
blue-collar,married,primary,no,77,yes,no,cellular,17,apr,2,-1,0,unknown,0,young
admin.,single,secondary,yes,4,yes,yes,cellular,8,jul,1,-1,0,unknown,0,young
blue-collar,married,primary,no,689,yes,no,cellular,6,may,2,296,2,failure,0,young
management,married,tertiary,no,1,no,no,cellular,10,sep,2,-1,0,unknown,0,young
services,married,secondary,no,973,yes,no,cellular,21,nov,2,-1,0,unknown,0,young
management,single,tertiary,no,2,no,no,cellular,20,apr,3,-1,0,unknown,0,older
unemployed,married,primary,no,311,no,no,telephone,31,jul,11,-1,0,unknown,0,young
student,single,secondary,no,8,no,no,cellular,22,apr,2,-1,0,unknown,1,young
services,married,secondary,no,-1621,yes,yes,unknown,3,jun,5,-1,0,unknown,0,older
management,married,tertiary,no,2609,yes,no,unknown,30,may,9,-1,0,unknown,0,young
admin.,single,secondary,no,10,no,yes,cellular,12,may,1,175,4,failure,0,young
management,married,secondary,no,313,yes,no,cellular,17,nov,1,-1,0,unknown,0,young
student,single,tertiary,no,838,no,no,cellular,11,oct,1,-1,0,unknown,0,young
blue-collar,divorced,secondary,no,927,yes,no,cellular,17,apr,2,148,2,failure,0,older
blue-collar,divorced,unknown,no,0,no,yes,unknown,25,jun,2,-1,0,unknown,0,young
management,divorced,tertiary,no,335,no,no,cellular,5,aug,1,-1,0,unknown,0,older
blue-collar,married,secondary,no,339,yes,no,cellular,15,may,3,354,2,failure,0,young
technician,married,secondary,no,294,yes,no,cellular,15,jun,6,98,5,success,0,young
self-employed,married,tertiary,no,846,no,no,cellular,2,jun,1,-1,0,unknown,0,young
services,single,secondary,no,300,yes,yes,unknown,28,may,2,-1,0,unknown,0,young
blue-collar,married,primary,no,937,yes,no,unknown,12,jun,1,-1,0,unknown,0,older
housemaid,married,primary,no,0,no,yes,telephone,28,jul,2,-1,0,unknown,0,older
self-employed,married,secondary,no,610,yes,no,unknown,28,may,6,-1,0,unknown,0,young
technician,married,tertiary,no,794,no,no,telephone,2,feb,1,-1,0,unknown,0,young
management,married,tertiary,no,2450,no,yes,cellular,20,oct,1,-1,0,unknown,0,older
management,married,tertiary,no,130,no,no,cellular,25,aug,8,-1,0,unknown,0,young
technician,married,secondary,no,891,no,no,unknown,19,jun,1,-1,0,unknown,0,older
housemaid,married,tertiary,no,4958,yes,no,cellular,19,nov,1,183,1,failure,0,young
blue-collar,married,primary,no,-339,yes,yes,cellular,11,may,2,-1,0,unknown,0,older
blue-collar,divorced,primary,no,-19,yes,no,cellular,13,may,1,296,11,failure,1,older
management,married,tertiary,no,3090,yes,no,unknown,21,may,1,-1,0,unknown,0,young
management,married,tertiary,no,0,yes,no,telephone,24,jul,2,-1,0,unknown,0,older
management,divorced,tertiary,no,108,yes,no,cellular,12,may,2,350,2,failure,0,older
blue-collar,single,primary,no,-168,yes,no,unknown,13,may,3,-1,0,unknown,0,young
management,married,tertiary,no,217,no,no,cellular,27,may,1,-1,0,unknown,0,young
blue-collar,married,secondary,no,1028,yes,yes,cellular,17,apr,1,-1,0,unknown,0,young
technician,divorced,secondary,no,37,no,no,cellular,28,aug,16,-1,0,unknown,0,older
unknown,divorced,unknown,no,1649,no,no,unknown,5,jun,1,-1,0,unknown,0,older
admin.,married,secondary,no,1130,yes,no,cellular,23,jul,5,-1,0,unknown,0,young
blue-collar,divorced,secondary,no,0,yes,yes,cellular,4,feb,1,-1,0,unknown,0,young
blue-collar,married,primary,no,106,yes,no,cellular,25,aug,1,392,13,failure,1,young
blue-collar,married,primary,no,693,yes,no,unknown,7,may,3,-1,0,unknown,0,young
services,married,secondary,no,52,yes,yes,cellular,11,may,1,-1,0,unknown,0,young
blue-collar,single,secondary,no,8,yes,no,cellular,13,may,1,-1,0,unknown,0,young
management,single,tertiary,no,6791,no,no,cellular,24,jun,5,94,30,failure,0,young
admin.,single,secondary,no,128,no,no,unknown,12,jun,1,-1,0,unknown,0,young
student,married,secondary,no,260,no,no,unknown,20,jun,6,-1,0,unknown,0,young
entrepreneur,married,primary,no,2675,no,no,cellular,20,nov,1,-1,0,unknown,0,older
services,single,secondary,no,895,yes,no,cellular,12,may,1,-1,0,unknown,1,young
admin.,married,secondary,no,0,yes,yes,cellular,9,jul,1,-1,0,unknown,0,young
technician,married,secondary,no,1205,yes,no,unknown,5,may,2,-1,0,unknown,0,older
services,married,secondary,no,417,yes,no,cellular,30,jan,1,2,1,other,0,older
technician,married,secondary,no,398,yes,no,unknown,28,may,5,-1,0,unknown,0,older
blue-collar,married,secondary,no,490,yes,no,unknown,23,jun,5,-1,0,unknown,0,young
blue-collar,married,secondary,no,1568,yes,no,cellular,2,jun,1,55,6,other,1,older
services,married,secondary,no,1659,yes,no,unknown,3,jul,1,-1,0,unknown,0,young
management,single,tertiary,no,455,yes,no,cellular,13,aug,6,-1,0,unknown,1,young
student,single,secondary,no,224,no,no,unknown,14,sep,1,-1,0,unknown,0,young
blue-collar,single,secondary,no,7712,yes,yes,unknown,29,may,4,-1,0,unknown,0,young
management,married,primary,yes,-1161,yes,yes,cellular,30,jan,5,-1,0,unknown,0,young
services,single,unknown,no,0,no,no,unknown,5,may,1,-1,0,unknown,0,older
self-employed,single,secondary,no,0,no,no,cellular,29,oct,2,-1,0,unknown,1,older
entrepreneur,married,primary,no,-100,yes,no,unknown,27,may,6,-1,0,unknown,0,older
services,married,secondary,no,311,yes,no,cellular,15,may,1,352,1,failure,0,young
management,married,tertiary,no,288,no,no,cellular,18,aug,3,-1,0,unknown,0,older
technician,married,secondary,no,7252,no,no,unknown,23,may,2,-1,0,unknown,0,older
blue-collar,single,secondary,no,105,yes,no,unknown,26,may,3,-1,0,unknown,0,older
management,single,tertiary,no,11008,no,no,cellular,28,jul,6,405,1,success,1,older
management,single,tertiary,no,479,no,no,cellular,9,feb,2,-1,0,unknown,1,young
blue-collar,married,secondary,no,577,no,no,unknown,14,may,1,-1,0,unknown,0,young
admin.,single,secondary,no,620,no,no,cellular,17,apr,2,343,3,failure,0,young
management,divorced,secondary,no,830,yes,no,unknown,19,may,1,-1,0,unknown,0,older
blue-collar,single,secondary,no,0,yes,no,cellular,5,may,1,-1,0,unknown,0,older
management,married,tertiary,no,893,no,no,cellular,18,jan,2,94,2,success,0,young
admin.,single,secondary,no,223,no,no,cellular,4,feb,1,-1,0,unknown,0,young
student,single,tertiary,no,221,yes,no,cellular,15,may,1,-1,0,unknown,0,young
blue-collar,married,secondary,no,1114,yes,yes,cellular,6,may,1,-1,0,unknown,0,young
student,single,secondary,no,160,no,no,cellular,4,may,2,-1,0,unknown,0,young
blue-collar,married,tertiary,no,1465,no,no,cellular,19,aug,4,-1,0,unknown,0,young
blue-collar,married,secondary,no,180,no,no,cellular,15,jul,2,182,5,success,1,older
technician,divorced,secondary,no,10787,yes,no,unknown,4,jun,2,-1,0,unknown,0,young
admin.,married,secondary,no,17,yes,no,cellular,13,may,1,351,1,failure,0,young
blue-collar,divorced,secondary,no,2843,no,no,cellular,12,feb,1,182,1,success,0,young
blue-collar,married,secondary,no,-26,no,no,telephone,17,jul,2,-1,0,unknown,0,young
services,divorced,secondary,no,1467,yes,no,unknown,5,may,1,-1,0,unknown,0,older
admin.,divorced,secondary,no,298,yes,no,cellular,9,feb,4,-1,0,unknown,0,young
management,single,tertiary,no,3281,no,no,unknown,9,jun,4,-1,0,unknown,0,young
technician,divorced,secondary,no,3450,no,no,cellular,10,aug,1,181,2,success,1,older
management,divorced,tertiary,no,0,yes,no,unknown,8,may,2,-1,0,unknown,0,older
blue-collar,single,primary,no,185,no,no,unknown,26,jun,1,-1,0,unknown,0,young
technician,married,secondary,no,72,no,no,unknown,29,may,1,-1,0,unknown,0,older
services,married,secondary,no,19,yes,no,cellular,29,jul,6,-1,0,unknown,0,young
management,married,secondary,no,699,no,no,cellular,26,aug,8,-1,0,unknown,0,young
blue-collar,single,secondary,no,0,yes,no,unknown,6,may,2,-1,0,unknown,0,young
housemaid,married,unknown,no,0,no,no,telephone,30,jul,4,-1,0,unknown,0,young
management,married,tertiary,no,0,yes,no,cellular,18,nov,1,188,1,failure,0,older
student,single,unknown,no,829,no,no,cellular,27,jan,3,202,2,success,1,young
blue-collar,single,primary,no,0,yes,no,unknown,5,jun,2,-1,0,unknown,0,young
retired,divorced,primary,no,275,no,no,cellular,14,jun,1,425,1,success,1,older
admin.,married,secondary,no,1815,no,no,cellular,29,jul,6,-1,0,unknown,0,older
services,married,secondary,no,3019,no,no,unknown,2,jun,2,-1,0,unknown,0,young
management,single,tertiary,no,4402,no,no,telephone,10,dec,1,190,1,other,1,older
management,married,tertiary,no,61,no,yes,cellular,19,aug,2,-1,0,unknown,0,young
management,married,tertiary,no,833,yes,yes,cellular,21,nov,1,-1,0,unknown,0,older
management,married,secondary,no,10,no,yes,unknown,28,may,2,-1,0,unknown,0,young
entrepreneur,married,secondary,no,4659,yes,no,unknown,30,aug,1,-1,0,unknown,0,young
management,single,tertiary,no,2667,yes,no,cellular,12,aug,2,-1,0,unknown,1,young
technician,married,tertiary,no,282,yes,no,unknown,16,may,1,-1,0,unknown,0,older
blue-collar,married,primary,no,2226,yes,no,unknown,6,may,1,-1,0,unknown,0,young
management,married,tertiary,no,203,no,no,cellular,23,jul,3,179,2,success,1,young
technician,divorced,secondary,no,3043,yes,yes,unknown,30,may,5,-1,0,unknown,0,older
retired,married,secondary,no,2396,no,no,cellular,8,may,1,-1,0,unknown,0,older
retired,married,primary,no,280,no,no,telephone,8,jul,1,-1,0,unknown,0,older
technician,single,tertiary,no,10,no,no,cellular,26,aug,8,-1,0,unknown,0,young
services,married,secondary,no,-522,yes,no,cellular,31,jul,2,-1,0,unknown,0,older
services,married,secondary,yes,-697,yes,no,cellular,31,jul,2,-1,0,unknown,0,young
admin.,married,secondary,no,2,no,no,cellular,29,jul,4,-1,0,unknown,0,older
management,single,tertiary,no,5976,no,no,cellular,27,aug,2,-1,0,unknown,0,young
technician,divorced,secondary,no,-1034,yes,yes,cellular,7,may,1,-1,0,unknown,0,older
self-employed,married,secondary,no,279,yes,no,unknown,28,may,5,-1,0,unknown,0,young
technician,single,tertiary,no,354,yes,no,cellular,13,aug,1,-1,0,unknown,0,young
management,married,tertiary,no,250,yes,no,cellular,1,apr,2,-1,0,unknown,0,young
admin.,single,secondary,no,96,no,no,cellular,2,jun,1,27,2,failure,0,young
management,married,secondary,no,291,yes,no,unknown,26,may,1,-1,0,unknown,0,young
services,single,secondary,no,187,yes,no,unknown,29,may,1,-1,0,unknown,0,young
self-employed,single,tertiary,no,2734,yes,no,cellular,12,may,4,-1,0,unknown,1,older
technician,single,secondary,no,359,yes,no,cellular,8,jul,1,-1,0,unknown,0,young
retired,divorced,primary,no,46,no,no,cellular,2,feb,1,-1,0,unknown,0,older
blue-collar,married,secondary,no,0,yes,no,cellular,12,may,1,-1,0,unknown,0,young
services,married,secondary,no,1357,yes,yes,unknown,5,may,1,-1,0,unknown,0,older
admin.,married,secondary,no,1521,yes,no,cellular,14,may,1,-1,0,unknown,0,young
technician,married,tertiary,no,702,no,yes,cellular,29,jan,3,182,29,failure,0,young
blue-collar,married,primary,no,4121,yes,yes,cellular,20,apr,2,151,1,failure,0,older
housemaid,single,secondary,no,198,yes,no,cellular,14,may,1,350,1,other,0,older
unemployed,married,primary,no,107,yes,no,cellular,19,nov,1,-1,0,unknown,0,older
blue-collar,married,secondary,no,750,yes,no,unknown,23,may,1,-1,0,unknown,0,young
self-employed,married,secondary,no,0,yes,no,telephone,12,may,2,175,11,other,0,older
services,married,secondary,no,507,yes,no,unknown,8,may,1,-1,0,unknown,0,young
management,married,primary,no,1675,yes,no,cellular,9,feb,3,-1,0,unknown,0,older
management,married,tertiary,no,328,no,no,cellular,8,aug,2,-1,0,unknown,0,young
retired,married,secondary,no,926,yes,no,unknown,13,may,2,-1,0,unknown,0,older
blue-collar,married,primary,no,481,yes,no,unknown,8,may,1,-1,0,unknown,0,young
technician,married,secondary,no,146,yes,yes,unknown,15,may,2,-1,0,unknown,0,young
technician,married,secondary,no,3635,yes,no,cellular,5,aug,2,-1,0,unknown,0,older
management,married,primary,no,798,yes,no,unknown,30,jun,2,-1,0,unknown,0,older
management,single,tertiary,no,1156,yes,no,unknown,4,jul,1,-1,0,unknown,0,older
retired,married,secondary,no,76,yes,no,cellular,15,jul,7,-1,0,unknown,0,older
admin.,married,secondary,no,-509,no,yes,cellular,8,jul,3,-1,0,unknown,0,older
housemaid,married,secondary,no,3940,yes,no,cellular,30,apr,1,87,1,other,0,older
services,married,secondary,no,-85,yes,no,cellular,8,may,4,-1,0,unknown,0,young
admin.,married,secondary,no,-197,yes,yes,unknown,15,may,1,-1,0,unknown,0,older
retired,single,secondary,no,1050,no,no,cellular,4,mar,3,181,2,failure,1,older
management,single,tertiary,no,1069,no,no,unknown,28,may,1,-1,0,unknown,0,young
technician,married,secondary,no,1840,yes,no,cellular,25,aug,13,-1,0,unknown,0,young
unemployed,married,secondary,no,1766,no,no,unknown,11,jun,2,-1,0,unknown,1,young
technician,single,secondary,no,487,yes,no,cellular,26,aug,14,-1,0,unknown,0,young
admin.,married,secondary,no,7,yes,no,cellular,17,apr,1,148,1,failure,0,young
admin.,married,secondary,no,692,yes,no,cellular,11,may,1,-1,0,unknown,0,young
self-employed,married,secondary,no,1549,yes,no,unknown,20,jun,7,-1,0,unknown,0,young
blue-collar,married,primary,no,456,no,no,cellular,14,may,2,-1,0,unknown,0,young
technician,married,secondary,no,1442,yes,no,cellular,3,jun,1,119,1,failure,0,young
services,married,secondary,no,0,yes,no,telephone,9,jul,1,-1,0,unknown,0,older
technician,divorced,secondary,no,0,yes,no,cellular,16,jul,1,-1,0,unknown,0,young
blue-collar,married,primary,no,0,yes,no,unknown,14,may,7,-1,0,unknown,0,older
unemployed,married,secondary,no,94,no,no,cellular,10,feb,1,92,13,success,1,older
entrepreneur,married,tertiary,no,1068,yes,no,cellular,13,apr,1,300,8,failure,0,older
admin.,single,secondary,no,9002,yes,yes,cellular,10,jul,1,-1,0,unknown,0,young
services,divorced,secondary,no,81,no,no,cellular,8,may,2,-1,0,unknown,0,older
blue-collar,married,primary,no,3986,yes,no,cellular,17,apr,2,-1,0,unknown,0,young
unemployed,married,primary,no,0,no,no,unknown,9,jun,1,-1,0,unknown,0,older
blue-collar,married,tertiary,no,7816,yes,no,unknown,12,may,2,-1,0,unknown,0,older
self-employed,single,tertiary,no,8749,no,no,telephone,17,feb,7,-1,0,unknown,0,young
unemployed,married,secondary,no,1404,yes,no,cellular,2,nov,2,-1,0,unknown,0,young
blue-collar,married,secondary,no,485,yes,no,telephone,12,may,2,-1,0,unknown,0,young
entrepreneur,married,secondary,no,6403,no,no,cellular,22,sep,2,-1,0,unknown,1,young
blue-collar,married,secondary,no,327,yes,no,unknown,29,may,1,-1,0,unknown,0,young
services,married,secondary,no,483,yes,no,telephone,25,jul,1,-1,0,unknown,0,older
management,single,secondary,no,45,no,no,cellular,29,aug,3,-1,0,unknown,0,young
services,married,secondary,no,25,yes,yes,cellular,12,may,1,351,3,failure,1,young
services,married,secondary,no,3726,yes,no,cellular,29,jul,2,-1,0,unknown,0,older
technician,divorced,secondary,no,0,yes,no,cellular,28,jan,2,-1,0,unknown,0,older
unemployed,married,secondary,no,1108,no,no,cellular,8,aug,2,-1,0,unknown,0,older
technician,single,secondary,no,740,yes,no,cellular,5,may,1,-1,0,unknown,0,young
management,married,tertiary,no,1646,yes,no,cellular,20,nov,1,-1,0,unknown,0,older
technician,divorced,tertiary,no,2611,yes,no,cellular,1,jun,1,314,2,failure,0,older
blue-collar,divorced,secondary,no,1237,yes,no,unknown,20,jun,2,-1,0,unknown,0,young
management,single,tertiary,no,945,yes,no,cellular,24,jul,1,-1,0,unknown,0,young
technician,single,secondary,no,593,yes,no,unknown,19,jun,1,-1,0,unknown,0,young
blue-collar,single,secondary,no,1690,yes,yes,unknown,30,may,3,-1,0,unknown,0,young
management,married,tertiary,no,0,yes,no,cellular,17,nov,1,-1,0,unknown,0,older
unemployed,single,secondary,no,104,no,no,cellular,4,feb,3,-1,0,unknown,0,young
admin.,single,secondary,no,686,yes,no,cellular,29,jul,2,-1,0,unknown,0,young
student,single,tertiary,no,10086,no,no,cellular,8,jul,3,78,2,success,0,young
services,single,tertiary,no,49,yes,no,cellular,4,feb,1,-1,0,unknown,0,young
management,married,tertiary,no,494,no,no,cellular,17,nov,1,104,2,other,0,young
management,single,tertiary,no,395,yes,no,cellular,16,apr,2,-1,0,unknown,0,young
management,married,tertiary,no,8794,yes,no,unknown,29,may,3,-1,0,unknown,0,older
self-employed,married,secondary,no,1893,no,no,cellular,21,jul,16,-1,0,unknown,0,young
entrepreneur,married,tertiary,no,369,yes,no,unknown,19,may,2,-1,0,unknown,0,older
blue-collar,married,secondary,yes,-745,yes,yes,cellular,11,jul,2,-1,0,unknown,0,young
housemaid,married,primary,no,2581,no,no,cellular,15,apr,1,-1,0,unknown,0,older
admin.,single,secondary,no,84,yes,no,unknown,6,jun,3,-1,0,unknown,0,older
retired,married,tertiary,no,32685,no,no,cellular,2,mar,2,-1,0,unknown,1,older
self-employed,married,secondary,no,634,yes,no,cellular,16,jul,2,-1,0,unknown,0,older
blue-collar,married,secondary,no,19,yes,no,unknown,16,may,1,-1,0,unknown,0,older
self-employed,married,secondary,no,2812,yes,no,cellular,21,nov,4,171,1,failure,0,older
management,divorced,tertiary,no,18,yes,no,cellular,18,jul,2,-1,0,unknown,0,young
admin.,single,secondary,no,6512,no,no,unknown,20,jun,6,-1,0,unknown,0,young
technician,married,secondary,no,714,yes,no,cellular,16,jul,1,-1,0,unknown,0,older
retired,married,secondary,no,81204,no,no,telephone,28,dec,1,313,2,other,1,older
technician,married,secondary,no,-849,yes,yes,unknown,27,may,1,-1,0,unknown,0,older
admin.,single,secondary,no,1560,yes,no,cellular,21,nov,1,163,2,failure,0,young
blue-collar,married,secondary,no,631,yes,no,cellular,13,apr,1,-1,0,unknown,0,young
student,single,secondary,no,2726,yes,no,unknown,4,jun,1,-1,0,unknown,0,young
admin.,divorced,secondary,no,181,yes,no,cellular,7,may,2,-1,0,unknown,0,young
blue-collar,married,primary,no,456,yes,no,cellular,11,may,1,-1,0,unknown,0,older
unemployed,married,tertiary,no,457,yes,no,unknown,5,jun,3,-1,0,unknown,0,older
technician,married,secondary,no,49,yes,no,cellular,20,aug,4,-1,0,unknown,0,young
housemaid,married,tertiary,no,0,no,no,cellular,26,may,1,188,1,failure,0,young
entrepreneur,divorced,secondary,no,10350,no,yes,cellular,24,jul,1,-1,0,unknown,0,older
management,married,tertiary,no,893,no,no,cellular,18,jan,2,94,2,success,0,young
housemaid,divorced,primary,no,1381,no,no,cellular,28,jan,3,93,1,failure,0,older
admin.,married,secondary,no,175,yes,no,cellular,15,may,4,262,7,failure,0,older
management,married,tertiary,no,334,yes,no,unknown,13,may,1,-1,0,unknown,0,young
services,married,secondary,no,3870,yes,no,cellular,20,apr,1,-1,0,unknown,0,young
management,married,tertiary,no,0,yes,no,cellular,9,jul,1,-1,0,unknown,0,young
management,single,tertiary,no,1422,yes,yes,cellular,29,jan,1,223,27,failure,0,young
technician,single,tertiary,no,75,yes,yes,cellular,5,may,2,-1,0,unknown,0,young
technician,single,tertiary,no,388,no,no,cellular,29,apr,3,-1,0,unknown,1,young
services,married,secondary,no,293,no,no,unknown,20,jun,2,-1,0,unknown,0,young
management,married,tertiary,no,9664,yes,no,cellular,24,jul,2,-1,0,unknown,0,young
blue-collar,single,secondary,no,103,yes,no,cellular,15,may,5,-1,0,unknown,0,young
management,divorced,tertiary,no,148,no,no,cellular,22,jul,9,-1,0,unknown,0,young
entrepreneur,married,tertiary,no,1859,yes,no,cellular,7,apr,1,267,2,failure,0,young
services,married,secondary,no,162,yes,no,unknown,5,may,1,-1,0,unknown,0,older
technician,married,secondary,no,52,no,no,cellular,13,aug,2,-1,0,unknown,0,older
blue-collar,married,primary,no,362,yes,no,cellular,15,may,1,-1,0,unknown,0,older
blue-collar,single,secondary,no,244,yes,no,cellular,15,may,2,-1,0,unknown,0,young
admin.,single,secondary,no,8626,no,no,cellular,25,may,1,111,1,failure,0,young
services,married,secondary,no,812,yes,yes,cellular,11,may,2,-1,0,unknown,0,young
blue-collar,married,primary,no,1002,yes,no,unknown,3,jun,1,-1,0,unknown,0,young
management,married,tertiary,no,3163,no,no,cellular,25,aug,6,-1,0,unknown,0,older
blue-collar,married,secondary,no,0,yes,no,unknown,5,may,1,-1,0,unknown,0,young
management,married,tertiary,no,1183,yes,no,unknown,27,may,6,-1,0,unknown,0,young
retired,married,primary,no,122,no,yes,cellular,9,jul,1,-1,0,unknown,0,older
unemployed,married,tertiary,no,0,no,no,cellular,18,oct,1,94,2,success,1,older
management,married,secondary,no,363,yes,yes,cellular,26,may,1,104,2,failure,0,young
self-employed,divorced,tertiary,no,6385,yes,no,cellular,21,nov,2,-1,0,unknown,0,young
technician,single,secondary,no,1331,yes,yes,cellular,14,may,1,-1,0,unknown,0,young
management,divorced,tertiary,no,269,no,no,cellular,6,aug,2,-1,0,unknown,0,older
technician,married,secondary,no,183,no,no,cellular,29,aug,4,-1,0,unknown,0,older
technician,married,tertiary,no,2155,no,no,unknown,20,jun,3,-1,0,unknown,0,older
admin.,married,tertiary,no,69,no,no,cellular,17,apr,2,-1,0,unknown,0,young
blue-collar,married,secondary,no,196,yes,no,unknown,26,jun,7,-1,0,unknown,0,young
services,married,secondary,no,1632,no,no,cellular,27,aug,6,-1,0,unknown,0,young
blue-collar,married,primary,no,-219,yes,no,unknown,15,may,4,-1,0,unknown,0,older
entrepreneur,married,secondary,no,905,no,no,cellular,7,aug,1,-1,0,unknown,0,older
management,single,tertiary,no,682,yes,no,cellular,7,may,1,-1,0,unknown,0,young
admin.,married,secondary,no,36,yes,no,unknown,13,may,1,-1,0,unknown,0,young
services,divorced,secondary,no,-287,yes,no,cellular,20,apr,4,-1,0,unknown,0,older
admin.,married,secondary,no,1327,yes,yes,unknown,26,may,2,-1,0,unknown,0,young
blue-collar,divorced,primary,no,21,yes,no,unknown,9,may,1,-1,0,unknown,0,young
technician,single,secondary,no,-126,yes,yes,unknown,13,may,2,-1,0,unknown,0,young
blue-collar,married,secondary,no,-384,yes,yes,cellular,18,jul,1,-1,0,unknown,0,young
technician,single,tertiary,no,7546,yes,no,cellular,28,dec,1,122,3,failure,0,young
technician,married,secondary,no,2125,yes,yes,cellular,28,jul,4,-1,0,unknown,0,older
services,married,secondary,no,1394,yes,no,cellular,20,apr,2,-1,0,unknown,0,young
management,single,tertiary,no,596,no,no,cellular,17,dec,6,196,2,failure,0,young
services,single,tertiary,no,553,no,no,cellular,11,may,1,-1,0,unknown,0,older
blue-collar,married,primary,no,27,no,no,unknown,6,jun,1,-1,0,unknown,0,young
management,married,secondary,yes,421,no,no,cellular,20,nov,5,-1,0,unknown,0,older
services,married,secondary,no,-52,no,no,unknown,13,aug,1,-1,0,unknown,0,young
entrepreneur,married,tertiary,no,79,yes,yes,cellular,13,may,1,369,3,failure,0,young
self-employed,single,secondary,no,152,no,no,cellular,30,jul,3,-1,0,unknown,0,young
admin.,married,secondary,no,641,yes,no,unknown,5,jun,1,-1,0,unknown,0,young
unknown,married,secondary,no,1701,no,no,unknown,6,jun,1,-1,0,unknown,0,young
technician,married,secondary,no,2044,yes,no,cellular,4,may,3,-1,0,unknown,1,young
self-employed,married,tertiary,no,322,yes,no,unknown,8,may,1,-1,0,unknown,0,young
entrepreneur,single,secondary,no,296,no,no,cellular,18,nov,2,111,2,failure,0,young
technician,single,secondary,no,23,yes,no,unknown,9,may,1,-1,0,unknown,0,young
technician,married,tertiary,no,344,no,no,cellular,8,aug,3,-1,0,unknown,0,young
management,married,tertiary,no,9261,yes,no,cellular,17,apr,2,254,2,failure,0,older
management,divorced,tertiary,no,387,no,no,cellular,26,aug,4,-1,0,unknown,0,young
services,single,secondary,no,80,no,yes,cellular,17,jul,1,-1,0,unknown,0,young
blue-collar,married,secondary,no,294,yes,no,cellular,2,feb,1,259,2,failure,0,older
services,married,secondary,no,3929,yes,no,cellular,20,nov,1,-1,0,unknown,1,young
blue-collar,single,secondary,no,3764,no,no,unknown,16,jun,1,-1,0,unknown,0,young
management,married,tertiary,no,577,yes,no,cellular,20,apr,2,153,1,failure,0,young
blue-collar,divorced,secondary,no,513,yes,no,cellular,15,may,3,-1,0,unknown,0,young
services,single,secondary,no,528,no,no,cellular,3,feb,2,-1,0,unknown,0,young
management,married,tertiary,no,805,no,no,cellular,10,aug,3,194,1,failure,0,young
management,single,tertiary,no,7554,no,no,telephone,29,aug,1,-1,0,unknown,0,young
management,married,tertiary,no,346,no,no,cellular,4,may,2,87,1,success,0,older
admin.,married,secondary,no,154,no,no,cellular,22,aug,2,-1,0,unknown,0,older
admin.,married,unknown,no,4318,no,no,unknown,5,jun,2,-1,0,unknown,0,older
blue-collar,married,secondary,no,723,no,yes,cellular,17,jul,1,-1,0,unknown,0,young
management,divorced,tertiary,no,49,no,no,cellular,6,feb,3,-1,0,unknown,0,young
management,married,tertiary,no,22546,yes,no,cellular,14,may,6,267,4,failure,0,young
services,single,secondary,no,331,yes,no,unknown,13,may,2,-1,0,unknown,0,young
admin.,divorced,secondary,no,-88,yes,no,unknown,27,may,2,-1,0,unknown,0,older
admin.,single,secondary,no,506,yes,no,cellular,8,may,4,-1,0,unknown,0,young
blue-collar,divorced,primary,no,21,yes,no,unknown,9,may,1,-1,0,unknown,0,young
blue-collar,married,secondary,no,364,yes,yes,cellular,4,feb,1,-1,0,unknown,0,young
management,single,tertiary,no,2016,no,no,cellular,13,apr,1,348,1,success,1,young
housemaid,married,primary,no,7881,no,no,cellular,28,aug,8,-1,0,unknown,0,older
management,married,tertiary,no,302,yes,yes,unknown,23,feb,1,384,2,failure,1,young
services,married,secondary,no,2658,yes,no,cellular,21,nov,1,190,1,failure,0,older
blue-collar,single,secondary,no,239,yes,no,cellular,18,may,1,360,1,success,1,young
management,single,tertiary,no,-625,yes,no,unknown,15,may,1,-1,0,unknown,0,young
technician,married,secondary,no,2474,yes,no,cellular,12,aug,1,-1,0,unknown,0,young
technician,married,secondary,no,-393,yes,yes,cellular,16,jul,1,-1,0,unknown,1,young
technician,single,tertiary,no,21,yes,no,unknown,23,may,1,-1,0,unknown,0,young
retired,married,primary,no,334,no,no,cellular,6,aug,2,-1,0,unknown,0,older
unemployed,single,secondary,no,0,no,no,cellular,17,nov,2,-1,0,unknown,0,young
services,single,tertiary,no,1501,yes,no,cellular,24,jul,1,-1,0,unknown,0,young
management,married,tertiary,no,20,yes,no,cellular,12,may,1,-1,0,unknown,0,young
blue-collar,married,secondary,no,624,yes,no,cellular,16,apr,1,-1,0,unknown,0,older
admin.,single,tertiary,no,689,no,no,cellular,26,jan,1,307,1,failure,0,young
technician,divorced,secondary,no,0,yes,yes,cellular,30,apr,1,-1,0,unknown,0,young
services,married,secondary,no,586,yes,yes,unknown,8,may,2,-1,0,unknown,0,young
housemaid,married,secondary,no,0,no,no,cellular,11,jul,2,-1,0,unknown,0,older
blue-collar,married,secondary,no,2592,yes,no,unknown,25,jun,1,-1,0,unknown,0,older
admin.,divorced,secondary,no,15511,yes,no,unknown,2,jun,1,-1,0,unknown,0,older
management,married,tertiary,no,1006,yes,no,cellular,19,nov,3,195,2,other,1,young
self-employed,single,tertiary,no,580,no,no,cellular,5,feb,1,-1,0,unknown,0,older
management,married,primary,no,0,yes,no,cellular,16,feb,1,-1,0,unknown,0,older
blue-collar,married,primary,no,0,no,no,cellular,31,jul,4,-1,0,unknown,0,young
blue-collar,married,secondary,no,3988,no,no,unknown,30,jun,4,-1,0,unknown,0,older
management,divorced,secondary,no,361,yes,no,unknown,19,may,7,-1,0,unknown,0,older
technician,single,tertiary,no,2489,yes,no,cellular,7,dec,3,283,2,success,0,young
blue-collar,divorced,primary,no,13,no,yes,cellular,9,jul,1,-1,0,unknown,0,young
technician,divorced,secondary,no,0,no,no,cellular,29,aug,2,-1,0,unknown,0,young
technician,married,unknown,no,557,yes,no,cellular,28,jan,1,197,4,failure,0,older
technician,single,tertiary,no,1221,yes,no,cellular,21,jul,2,-1,0,unknown,0,young
technician,single,tertiary,no,992,yes,no,cellular,4,may,1,88,2,success,0,young
blue-collar,married,secondary,no,360,yes,no,unknown,21,may,2,-1,0,unknown,0,young
blue-collar,single,primary,no,1918,yes,no,cellular,8,may,1,172,1,failure,0,young
blue-collar,married,secondary,no,605,no,yes,cellular,27,aug,6,-1,0,unknown,0,older
blue-collar,single,secondary,no,419,yes,no,unknown,28,may,3,-1,0,unknown,0,young
blue-collar,married,primary,no,2590,yes,no,unknown,9,may,6,-1,0,unknown,0,older
technician,married,secondary,no,33,yes,no,cellular,18,may,2,-1,0,unknown,0,young
admin.,married,tertiary,no,400,yes,no,cellular,7,may,1,-1,0,unknown,0,young
technician,single,secondary,no,1231,yes,no,cellular,27,feb,5,-1,0,unknown,1,young
management,married,primary,no,0,no,no,cellular,3,feb,1,-1,0,unknown,1,older
blue-collar,single,primary,no,323,yes,no,unknown,5,jun,3,-1,0,unknown,0,young
services,divorced,secondary,no,1155,no,yes,unknown,3,jul,1,-1,0,unknown,0,young
management,married,tertiary,no,201,no,no,telephone,4,may,5,-1,0,unknown,0,young
admin.,married,secondary,no,444,yes,no,cellular,11,jul,2,-1,0,unknown,0,young
blue-collar,single,secondary,no,0,yes,no,cellular,16,apr,1,-1,0,unknown,0,young
technician,single,secondary,no,313,yes,no,unknown,21,may,2,-1,0,unknown,0,young
management,single,tertiary,no,1004,yes,no,unknown,30,may,2,-1,0,unknown,1,young
unemployed,single,tertiary,no,1622,no,no,cellular,19,nov,1,-1,0,unknown,0,young
management,married,tertiary,no,22867,yes,no,cellular,10,feb,1,92,5,success,0,young
unemployed,married,secondary,no,0,yes,no,unknown,3,jun,1,-1,0,unknown,0,young
management,married,secondary,no,0,yes,no,cellular,4,aug,1,-1,0,unknown,0,older
blue-collar,married,primary,no,665,no,no,cellular,30,jan,4,235,2,failure,0,older
services,single,tertiary,no,12,no,no,cellular,12,jun,6,-1,0,unknown,1,young
admin.,married,secondary,no,1335,yes,no,telephone,3,apr,4,262,4,other,0,young
blue-collar,married,secondary,no,26,yes,no,cellular,8,may,2,368,1,failure,0,older
retired,married,primary,no,-468,no,yes,unknown,25,jun,1,-1,0,unknown,0,older
management,single,tertiary,no,5437,no,no,cellular,4,may,1,91,1,failure,1,young
services,divorced,secondary,no,828,yes,no,cellular,21,jul,1,-1,0,unknown,0,young
blue-collar,married,primary,no,1602,no,no,unknown,16,jun,1,-1,0,unknown,0,young
blue-collar,married,secondary,no,537,no,no,cellular,4,aug,1,-1,0,unknown,0,older
blue-collar,married,secondary,no,2447,yes,no,cellular,14,may,2,-1,0,unknown,0,young
blue-collar,married,secondary,no,605,no,yes,cellular,27,aug,6,-1,0,unknown,0,older
management,married,tertiary,no,13546,no,no,cellular,17,apr,3,-1,0,unknown,1,older
entrepreneur,divorced,secondary,no,1202,yes,no,unknown,23,may,2,-1,0,unknown,0,young
blue-collar,single,secondary,no,276,yes,no,cellular,14,may,6,-1,0,unknown,0,older
unemployed,married,secondary,no,0,no,no,cellular,19,nov,3,-1,0,unknown,0,young
student,single,secondary,no,144,no,no,cellular,21,aug,1,-1,0,unknown,1,young
admin.,single,secondary,yes,-35,yes,no,unknown,14,may,4,-1,0,unknown,0,young
technician,divorced,secondary,no,28,no,no,cellular,27,aug,9,-1,0,unknown,0,older
management,single,tertiary,no,151,yes,no,cellular,16,jul,1,-1,0,unknown,1,young
technician,single,secondary,no,0,no,yes,cellular,30,jul,26,-1,0,unknown,0,young
admin.,single,secondary,no,428,no,yes,telephone,11,jul,2,-1,0,unknown,0,young
blue-collar,single,secondary,no,259,yes,no,cellular,8,may,3,354,1,failure,0,young
housemaid,married,secondary,no,285,no,no,unknown,16,jun,2,-1,0,unknown,0,young
housemaid,divorced,primary,no,976,no,no,cellular,28,jun,1,94,3,other,1,older
blue-collar,single,secondary,no,7547,no,no,cellular,29,jul,2,-1,0,unknown,0,older
blue-collar,single,primary,no,2198,no,no,cellular,9,feb,2,-1,0,unknown,0,young
technician,single,tertiary,no,1527,yes,no,cellular,9,nov,1,144,2,failure,0,young
retired,married,primary,no,375,no,yes,telephone,21,jul,7,-1,0,unknown,0,older
housemaid,married,secondary,no,271,no,no,cellular,31,jul,4,-1,0,unknown,0,older
technician,married,secondary,yes,-172,no,no,cellular,22,aug,2,-1,0,unknown,0,young
blue-collar,married,secondary,no,1698,yes,yes,cellular,21,jul,2,-1,0,unknown,0,young
management,married,tertiary,no,2451,yes,no,cellular,19,nov,2,175,1,failure,0,young
technician,single,secondary,no,-1,yes,no,cellular,12,may,1,-1,0,unknown,0,young
management,married,tertiary,no,13893,no,no,unknown,11,jun,2,-1,0,unknown,0,older
management,married,primary,no,1959,no,no,unknown,11,jun,1,-1,0,unknown,0,young
services,married,secondary,no,-456,yes,no,unknown,29,may,4,-1,0,unknown,0,older
management,married,tertiary,no,938,yes,no,cellular,9,feb,2,-1,0,unknown,0,older
management,divorced,tertiary,no,310,no,no,unknown,20,jun,4,-1,0,unknown,0,older
blue-collar,married,primary,no,2281,yes,no,unknown,20,jun,1,-1,0,unknown,0,older
technician,single,tertiary,no,655,no,no,cellular,26,apr,1,202,2,success,1,young
services,single,secondary,no,-250,no,yes,cellular,29,jan,2,-1,0,unknown,0,young
admin.,divorced,secondary,no,298,yes,no,cellular,9,feb,4,-1,0,unknown,0,young
self-employed,married,primary,no,2349,no,yes,telephone,30,jul,3,-1,0,unknown,0,older
housemaid,married,secondary,no,38,no,no,cellular,27,may,3,183,1,success,1,older
management,married,tertiary,no,739,yes,no,telephone,12,may,7,172,4,other,0,young
management,single,tertiary,no,672,no,no,cellular,4,may,1,-1,0,unknown,0,young
management,married,secondary,no,3935,yes,no,cellular,6,may,1,342,2,failure,1,young
management,married,tertiary,no,691,yes,yes,cellular,4,aug,1,-1,0,unknown,0,young
management,married,tertiary,no,13501,no,no,unknown,19,jun,2,-1,0,unknown,0,older
blue-collar,married,primary,no,113,yes,no,cellular,14,may,3,-1,0,unknown,0,young
management,married,tertiary,no,918,no,no,cellular,28,aug,8,-1,0,unknown,0,young
blue-collar,married,secondary,no,554,yes,no,unknown,28,may,2,-1,0,unknown,0,older
management,married,tertiary,no,5381,no,no,cellular,17,nov,1,-1,0,unknown,0,young
blue-collar,married,primary,no,147,yes,no,unknown,2,jun,3,-1,0,unknown,0,young
blue-collar,married,tertiary,no,-35,no,no,cellular,20,nov,2,-1,0,unknown,1,young
management,married,tertiary,no,1264,yes,no,cellular,13,may,2,-1,0,unknown,0,older
technician,single,secondary,no,958,no,no,cellular,8,aug,2,-1,0,unknown,0,young
management,married,tertiary,no,6408,no,no,unknown,6,jun,1,-1,0,unknown,0,older
management,single,tertiary,no,2845,no,no,cellular,30,apr,2,-1,0,unknown,1,young
blue-collar,married,secondary,no,2297,no,no,telephone,31,jul,4,-1,0,unknown,0,older
blue-collar,single,primary,no,-495,yes,no,unknown,29,may,2,-1,0,unknown,0,young
housemaid,married,primary,no,1491,no,no,telephone,14,jul,3,-1,0,unknown,0,older
technician,married,secondary,no,1965,yes,no,unknown,2,jun,1,-1,0,unknown,0,young
admin.,single,tertiary,no,1141,yes,no,unknown,23,may,1,-1,0,unknown,0,young
management,married,tertiary,no,725,no,no,cellular,26,aug,13,-1,0,unknown,0,young
admin.,married,secondary,no,1739,yes,no,unknown,15,may,3,-1,0,unknown,0,older
management,single,tertiary,no,6030,yes,no,cellular,18,nov,2,110,3,failure,0,older
entrepreneur,divorced,tertiary,no,338,yes,no,unknown,9,may,2,-1,0,unknown,0,young
technician,married,primary,no,1653,yes,yes,cellular,11,may,2,349,10,failure,0,young
management,single,tertiary,no,2480,no,no,cellular,4,may,4,-1,0,unknown,0,young
unemployed,married,primary,no,518,no,no,cellular,29,jan,2,-1,0,unknown,1,older
services,single,tertiary,no,1222,yes,no,unknown,5,jun,2,-1,0,unknown,0,young
technician,single,tertiary,no,290,no,no,cellular,10,aug,1,-1,0,unknown,0,young
housemaid,divorced,secondary,no,43,yes,no,telephone,17,apr,1,-1,0,unknown,0,older
management,married,tertiary,no,361,no,no,cellular,14,aug,2,-1,0,unknown,0,older
entrepreneur,married,tertiary,no,-52,yes,no,unknown,14,may,4,-1,0,unknown,0,older
admin.,married,secondary,no,51,yes,yes,cellular,16,apr,1,-1,0,unknown,0,older
management,married,tertiary,no,583,no,no,cellular,17,may,1,181,3,success,1,older
retired,married,tertiary,no,2575,no,no,cellular,17,aug,1,-1,0,unknown,0,older
management,married,tertiary,no,82,yes,yes,unknown,16,may,1,-1,0,unknown,0,young
housemaid,divorced,secondary,no,37,no,no,unknown,18,jun,2,-1,0,unknown,0,young
retired,married,tertiary,no,1425,no,no,cellular,30,apr,1,-1,0,unknown,1,older
admin.,divorced,secondary,no,335,yes,no,cellular,21,nov,1,184,2,failure,0,young
retired,married,secondary,no,188,no,no,unknown,14,may,2,-1,0,unknown,0,older
admin.,married,secondary,no,1228,yes,yes,cellular,8,feb,2,188,1,success,0,older
blue-collar,married,secondary,no,2152,yes,no,cellular,5,may,2,169,1,failure,0,older
management,married,tertiary,no,-57,yes,no,cellular,31,jul,20,-1,0,unknown,0,young
admin.,married,secondary,no,2061,yes,yes,cellular,5,mar,3,-1,0,unknown,0,young
housemaid,married,unknown,no,2337,yes,no,cellular,24,nov,3,91,11,failure,0,older
services,married,tertiary,no,4256,yes,no,cellular,16,aug,3,761,1,other,1,older
self-employed,married,secondary,no,1066,yes,no,cellular,18,nov,1,186,3,failure,0,older
technician,married,secondary,no,439,yes,no,unknown,20,may,2,-1,0,unknown,0,young
services,married,secondary,no,1683,no,no,telephone,9,jul,1,-1,0,unknown,0,older
admin.,married,secondary,no,1476,no,no,unknown,18,jun,12,-1,0,unknown,0,young
blue-collar,single,secondary,no,2401,yes,no,unknown,14,may,2,-1,0,unknown,0,older
blue-collar,divorced,primary,no,219,yes,no,cellular,21,nov,1,-1,0,unknown,1,older
services,married,secondary,no,2843,yes,no,cellular,20,apr,1,305,1,success,0,young
housemaid,married,primary,no,166,yes,no,cellular,10,jul,1,-1,0,unknown,0,young
retired,divorced,tertiary,no,0,yes,no,cellular,5,may,1,-1,0,unknown,0,older
technician,divorced,tertiary,no,96,no,no,cellular,21,aug,4,-1,0,unknown,1,older
management,single,tertiary,no,0,yes,no,cellular,16,jul,2,-1,0,unknown,0,young
self-employed,single,tertiary,no,0,yes,no,cellular,21,jul,1,-1,0,unknown,0,young
management,married,tertiary,no,451,no,no,cellular,4,may,1,96,1,failure,0,young
management,married,tertiary,no,4063,yes,no,cellular,12,may,5,172,2,failure,0,older
blue-collar,single,secondary,no,-42,no,no,cellular,7,jul,2,-1,0,unknown,0,young
technician,married,unknown,no,2709,yes,no,telephone,9,feb,7,-1,0,unknown,0,older
management,married,tertiary,no,2465,yes,yes,cellular,7,may,1,-1,0,unknown,1,young
entrepreneur,married,tertiary,no,859,no,no,cellular,29,jul,10,-1,0,unknown,0,older
technician,single,secondary,no,23,yes,no,unknown,19,jun,2,-1,0,unknown,0,young
technician,single,secondary,no,316,yes,no,cellular,3,mar,1,-1,0,unknown,1,young
management,married,secondary,no,335,no,no,cellular,22,apr,1,-1,0,unknown,0,older
blue-collar,single,secondary,no,580,yes,no,unknown,12,jun,2,-1,0,unknown,0,older
housemaid,married,secondary,no,388,no,no,cellular,15,sep,2,99,4,failure,1,older
blue-collar,married,secondary,no,142,yes,yes,unknown,16,may,1,-1,0,unknown,0,young
entrepreneur,married,secondary,no,0,no,yes,cellular,15,jul,4,-1,0,unknown,0,older
housemaid,married,tertiary,no,0,no,no,cellular,18,aug,1,84,2,failure,1,young
management,divorced,tertiary,no,66721,no,no,cellular,8,aug,2,-1,0,unknown,0,older
student,single,secondary,no,1883,yes,no,unknown,23,may,1,-1,0,unknown,0,young
management,married,unknown,no,0,no,no,cellular,24,jul,29,-1,0,unknown,0,older
technician,married,secondary,no,13089,no,no,unknown,11,jun,1,-1,0,unknown,0,older
blue-collar,married,secondary,no,21522,no,no,cellular,20,nov,3,149,4,failure,0,older
retired,married,secondary,no,2354,no,no,telephone,4,feb,1,181,2,failure,1,older
housemaid,married,primary,no,13338,no,no,cellular,11,aug,4,-1,0,unknown,0,young
admin.,single,tertiary,no,7608,no,no,cellular,30,mar,4,-1,0,unknown,1,young
management,married,secondary,no,1646,no,no,cellular,12,aug,3,-1,0,unknown,0,older
blue-collar,married,primary,no,1177,no,no,cellular,8,jun,4,-1,0,unknown,1,young
technician,married,secondary,no,0,no,no,cellular,14,jul,3,-1,0,unknown,0,young
blue-collar,single,primary,no,1558,yes,no,cellular,3,feb,1,265,1,other,0,older
technician,married,tertiary,no,2869,no,no,cellular,3,apr,1,-1,0,unknown,0,young
blue-collar,married,primary,no,584,yes,no,telephone,14,may,6,365,1,failure,0,older
management,married,tertiary,no,489,yes,no,cellular,17,jul,3,-1,0,unknown,0,young
services,married,secondary,no,-37,no,yes,telephone,16,jul,6,-1,0,unknown,0,older
blue-collar,married,primary,no,0,no,no,cellular,8,jul,3,-1,0,unknown,0,older
technician,married,secondary,no,1738,no,yes,cellular,21,nov,2,-1,0,unknown,0,older
housemaid,married,primary,no,1188,no,no,unknown,19,jun,5,-1,0,unknown,0,older
technician,married,tertiary,no,326,yes,no,cellular,17,nov,1,-1,0,unknown,0,young
admin.,single,secondary,no,883,yes,no,cellular,12,may,1,327,9,other,0,young
admin.,married,secondary,no,2621,no,yes,cellular,9,jul,4,-1,0,unknown,0,young
unemployed,married,tertiary,no,482,no,no,cellular,25,may,1,-1,0,unknown,1,young
management,married,tertiary,no,160,no,no,cellular,30,apr,1,-1,0,unknown,1,older
services,divorced,unknown,no,973,no,no,cellular,2,feb,1,-1,0,unknown,0,older
technician,married,secondary,no,1854,yes,no,cellular,18,nov,2,-1,0,unknown,0,young
entrepreneur,married,secondary,no,5838,no,no,cellular,2,feb,2,230,2,failure,0,older
services,married,secondary,no,0,yes,no,cellular,20,apr,2,-1,0,unknown,0,young
admin.,married,secondary,no,75,yes,no,unknown,4,jul,4,-1,0,unknown,0,young
technician,single,tertiary,no,-167,yes,yes,cellular,2,feb,1,-1,0,unknown,0,older
management,married,tertiary,no,0,yes,no,unknown,6,jun,5,-1,0,unknown,0,older
management,divorced,secondary,no,145,yes,no,cellular,24,jul,5,-1,0,unknown,0,older
services,single,secondary,no,-437,yes,no,unknown,3,jun,5,-1,0,unknown,0,young
admin.,divorced,secondary,no,363,yes,no,cellular,21,aug,1,462,1,success,1,older
admin.,married,secondary,no,909,yes,no,cellular,9,apr,1,-1,0,unknown,0,older
blue-collar,married,secondary,no,17,yes,no,cellular,18,nov,1,152,14,failure,0,older
retired,married,secondary,no,100,yes,no,cellular,11,jul,2,-1,0,unknown,0,older
management,married,primary,no,384,no,no,telephone,4,feb,1,-1,0,unknown,0,older
blue-collar,divorced,secondary,yes,296,no,yes,unknown,16,jun,4,-1,0,unknown,0,older
blue-collar,single,secondary,no,522,yes,no,unknown,29,may,2,-1,0,unknown,0,young
admin.,single,secondary,no,423,no,no,cellular,11,aug,1,-1,0,unknown,0,young
admin.,married,secondary,no,2955,no,no,cellular,14,jan,1,-1,0,unknown,0,older
services,married,secondary,no,620,yes,no,unknown,8,may,1,-1,0,unknown,0,young
blue-collar,married,primary,no,-105,yes,yes,telephone,31,jul,19,-1,0,unknown,0,young
management,married,tertiary,no,3134,yes,no,cellular,17,jul,1,-1,0,unknown,0,young
technician,married,tertiary,no,0,no,no,cellular,25,aug,4,-1,0,unknown,0,older
technician,married,secondary,no,0,yes,no,unknown,14,may,1,-1,0,unknown,0,older
technician,divorced,secondary,no,4856,yes,no,cellular,18,nov,1,-1,0,unknown,0,older
housemaid,married,primary,yes,-238,no,no,cellular,14,jul,4,-1,0,unknown,0,young
entrepreneur,married,secondary,no,215,yes,yes,cellular,21,nov,1,-1,0,unknown,0,older
services,married,secondary,no,-31,no,yes,cellular,13,aug,2,-1,0,unknown,0,older
admin.,married,tertiary,no,167,yes,yes,cellular,18,feb,2,-1,0,unknown,0,young
retired,married,primary,no,13,yes,no,unknown,12,may,2,-1,0,unknown,0,older
services,married,tertiary,no,1019,no,no,cellular,4,feb,1,234,1,other,0,young
retired,married,secondary,no,2917,no,no,cellular,12,apr,1,188,1,success,0,older
services,divorced,primary,no,-110,no,yes,unknown,19,jun,2,-1,0,unknown,0,older
blue-collar,single,tertiary,no,1395,yes,no,cellular,15,may,1,-1,0,unknown,0,young
technician,married,secondary,no,77,yes,yes,cellular,21,nov,1,-1,0,unknown,0,young
management,married,tertiary,no,413,no,no,cellular,16,oct,2,-1,0,unknown,0,young
retired,married,tertiary,no,2059,no,yes,cellular,9,nov,1,95,1,other,0,older
management,married,tertiary,no,636,no,yes,unknown,5,jun,2,-1,0,unknown,0,young
management,married,tertiary,no,862,yes,no,cellular,8,aug,3,-1,0,unknown,0,young
services,married,secondary,yes,-182,yes,no,cellular,8,may,2,-1,0,unknown,0,young
blue-collar,single,primary,no,343,yes,yes,cellular,18,may,7,-1,0,unknown,0,older
admin.,single,tertiary,no,454,yes,no,cellular,15,jun,1,-1,0,unknown,0,young
technician,married,tertiary,no,-255,yes,yes,cellular,24,jul,1,-1,0,unknown,0,young
management,married,tertiary,no,3,yes,yes,unknown,19,may,1,-1,0,unknown,0,young
admin.,divorced,primary,no,-347,yes,no,unknown,26,may,2,-1,0,unknown,0,older
blue-collar,single,secondary,no,68,yes,no,cellular,12,may,1,347,6,failure,0,young
admin.,divorced,secondary,no,663,no,yes,cellular,30,jan,3,197,1,other,0,older
technician,single,secondary,no,11,no,no,unknown,20,jun,2,-1,0,unknown,0,older
technician,married,secondary,no,978,yes,no,unknown,16,may,2,-1,0,unknown,0,young
blue-collar,married,secondary,no,0,yes,no,unknown,30,may,4,-1,0,unknown,0,young
blue-collar,single,secondary,no,0,yes,no,cellular,8,may,1,368,1,other,0,young
retired,married,unknown,no,293,no,no,unknown,11,jun,1,-1,0,unknown,1,older
blue-collar,married,secondary,no,5903,yes,no,cellular,6,may,1,363,1,failure,0,young
services,single,secondary,no,598,yes,no,cellular,5,feb,2,272,1,other,0,young
blue-collar,married,primary,no,761,no,no,unknown,18,jun,1,-1,0,unknown,0,older
management,single,tertiary,no,933,yes,no,cellular,12,may,4,307,1,failure,0,young
unemployed,married,secondary,no,1561,no,no,cellular,20,nov,2,-1,0,unknown,0,older
management,married,tertiary,no,21,yes,no,unknown,29,may,2,-1,0,unknown,0,young
technician,married,secondary,no,287,no,no,telephone,6,feb,5,-1,0,unknown,0,older
technician,married,secondary,no,827,no,no,cellular,25,aug,3,-1,0,unknown,0,older
blue-collar,married,secondary,no,395,no,yes,cellular,30,jul,3,-1,0,unknown,0,older
blue-collar,married,secondary,no,126,yes,no,cellular,16,apr,1,-1,0,unknown,0,young
services,single,secondary,no,591,no,no,cellular,29,jul,1,-1,0,unknown,0,older
management,married,tertiary,no,-388,yes,no,cellular,14,may,3,356,1,other,0,older
blue-collar,single,unknown,no,1785,no,no,cellular,3,feb,2,-1,0,unknown,0,older
blue-collar,married,primary,no,2132,no,no,unknown,19,jun,1,-1,0,unknown,0,young
student,single,secondary,no,160,no,no,cellular,4,may,2,-1,0,unknown,0,young
services,divorced,primary,no,2225,yes,no,cellular,18,may,4,-1,0,unknown,0,older
blue-collar,married,primary,no,0,yes,no,cellular,6,feb,4,200,4,success,0,older
management,single,tertiary,no,126,yes,no,unknown,30,may,2,-1,0,unknown,0,young
technician,single,tertiary,no,1323,yes,no,cellular,15,may,1,-1,0,unknown,0,young
admin.,married,tertiary,no,882,no,no,unknown,23,may,3,-1,0,unknown,0,young
blue-collar,married,secondary,no,157,yes,no,unknown,20,may,1,-1,0,unknown,0,young
management,married,tertiary,no,856,yes,yes,cellular,4,feb,4,7,7,other,0,older
unknown,married,primary,no,547,no,no,unknown,6,jun,2,-1,0,unknown,0,older
technician,married,secondary,no,1234,no,no,cellular,19,nov,1,10,1,failure,0,young
blue-collar,married,primary,no,2473,no,no,cellular,4,aug,3,-1,0,unknown,0,older
technician,married,secondary,no,5749,no,no,telephone,25,may,1,-1,0,unknown,0,older
technician,married,secondary,no,978,yes,no,unknown,16,may,2,-1,0,unknown,0,young
management,married,tertiary,no,326,yes,no,cellular,5,may,1,-1,0,unknown,1,older
services,married,secondary,no,2257,yes,no,unknown,14,may,1,-1,0,unknown,0,older
self-employed,married,secondary,yes,254,yes,yes,cellular,25,jul,1,-1,0,unknown,0,young
technician,married,secondary,no,143,yes,no,unknown,16,may,1,-1,0,unknown,0,older
management,married,tertiary,no,-84,yes,no,cellular,27,aug,6,-1,0,unknown,0,older
blue-collar,married,primary,no,0,no,no,cellular,31,jul,4,-1,0,unknown,0,young
blue-collar,married,secondary,no,66,yes,no,cellular,12,may,1,364,3,failure,0,older
management,married,secondary,no,-559,yes,yes,cellular,7,may,1,167,2,failure,0,young
self-employed,married,secondary,yes,34,no,yes,cellular,7,jul,1,-1,0,unknown,0,older
blue-collar,single,secondary,no,2806,no,no,cellular,13,oct,1,120,1,other,0,young
management,single,secondary,no,399,yes,no,cellular,11,aug,4,-1,0,unknown,0,young
technician,single,tertiary,no,5234,no,no,unknown,2,jun,3,-1,0,unknown,0,young
technician,married,secondary,no,33,no,no,telephone,22,jul,5,-1,0,unknown,0,older
management,married,secondary,no,-44,yes,no,unknown,27,may,1,-1,0,unknown,0,older
housemaid,married,primary,no,1100,no,no,cellular,18,aug,10,-1,0,unknown,0,older
admin.,married,secondary,no,395,no,no,unknown,5,jun,1,-1,0,unknown,0,older
technician,single,secondary,no,330,no,no,cellular,6,aug,3,-1,0,unknown,0,older
unemployed,married,primary,no,-117,yes,no,telephone,6,feb,6,-1,0,unknown,0,older
blue-collar,married,secondary,no,0,no,yes,unknown,5,jun,13,-1,0,unknown,0,young
student,single,secondary,no,314,no,no,cellular,30,apr,1,-1,0,unknown,1,young
retired,married,unknown,no,426,no,no,telephone,9,mar,1,90,1,success,1,older
management,single,tertiary,no,145,yes,no,unknown,26,may,38,-1,0,unknown,0,older
management,divorced,tertiary,no,6333,yes,no,telephone,19,nov,4,-1,0,unknown,0,older
technician,single,secondary,no,0,no,no,cellular,28,aug,10,-1,0,unknown,0,young
management,single,secondary,no,1310,yes,no,cellular,18,may,2,-1,0,unknown,0,young
self-employed,single,secondary,no,2762,yes,no,cellular,15,may,6,-1,0,unknown,0,older
technician,single,tertiary,no,387,yes,no,cellular,28,jan,1,-1,0,unknown,0,young
blue-collar,married,primary,no,3,yes,no,unknown,8,may,1,-1,0,unknown,0,young
admin.,divorced,secondary,no,11,yes,no,cellular,18,may,7,350,9,other,0,young
admin.,married,secondary,no,584,no,no,unknown,20,jun,1,-1,0,unknown,0,older
blue-collar,single,secondary,no,690,yes,no,unknown,23,may,2,-1,0,unknown,0,young
blue-collar,married,secondary,no,305,yes,no,unknown,16,may,25,-1,0,unknown,0,young
services,married,secondary,no,2048,yes,no,cellular,19,nov,2,-1,0,unknown,0,young
management,single,tertiary,no,362,no,no,cellular,3,jun,2,-1,0,unknown,1,young
management,divorced,tertiary,no,361,no,no,cellular,13,oct,2,-1,0,unknown,1,older
management,single,tertiary,no,891,yes,no,unknown,29,may,5,-1,0,unknown,0,young
admin.,single,secondary,no,0,yes,no,cellular,18,nov,1,-1,0,unknown,0,young
technician,married,secondary,no,0,no,no,cellular,6,feb,1,-1,0,unknown,1,older
unemployed,married,secondary,no,0,no,no,unknown,3,jul,1,-1,0,unknown,0,older
housemaid,married,tertiary,no,468,yes,no,unknown,14,may,1,-1,0,unknown,0,older
management,single,tertiary,no,30,yes,no,cellular,13,may,3,-1,0,unknown,0,young
technician,divorced,tertiary,yes,3,no,no,cellular,6,may,1,-1,0,unknown,1,young
management,married,tertiary,yes,540,no,no,cellular,18,nov,1,-1,0,unknown,0,young
management,single,tertiary,no,1841,yes,no,cellular,25,aug,4,-1,0,unknown,0,young
blue-collar,married,primary,no,1666,yes,no,unknown,31,mar,1,-1,0,unknown,0,young
blue-collar,married,primary,no,5,no,no,cellular,23,dec,1,203,1,success,1,young
admin.,single,secondary,no,299,yes,no,unknown,7,may,2,-1,0,unknown,0,young
technician,married,secondary,no,1026,no,no,cellular,3,aug,2,340,3,failure,0,young
admin.,divorced,secondary,no,1128,yes,no,unknown,8,may,2,-1,0,unknown,0,young
admin.,divorced,secondary,no,220,yes,no,cellular,18,may,2,-1,0,unknown,0,young
technician,single,secondary,no,1932,yes,no,cellular,11,jul,1,-1,0,unknown,0,young
technician,divorced,tertiary,yes,-1014,no,yes,cellular,7,jul,1,-1,0,unknown,0,older
management,married,tertiary,no,8564,yes,no,cellular,5,may,2,347,1,failure,0,young
management,married,tertiary,no,3841,no,no,cellular,11,jul,2,-1,0,unknown,0,young
admin.,married,secondary,no,953,yes,no,cellular,28,may,1,100,1,failure,0,young
admin.,single,secondary,yes,-242,no,no,unknown,4,jun,1,-1,0,unknown,0,young
management,single,tertiary,no,390,no,no,cellular,9,feb,2,104,2,failure,1,young
self-employed,divorced,secondary,no,0,yes,no,unknown,23,may,2,-1,0,unknown,0,young
blue-collar,married,primary,no,-376,yes,no,unknown,26,may,1,-1,0,unknown,0,young
admin.,single,secondary,no,287,no,no,unknown,15,may,3,-1,0,unknown,0,young
blue-collar,single,secondary,no,377,no,no,cellular,15,jul,4,-1,0,unknown,0,young
management,married,secondary,no,11835,yes,no,cellular,11,aug,2,-1,0,unknown,1,young
management,married,tertiary,no,0,yes,no,cellular,13,may,2,-1,0,unknown,0,young
blue-collar,married,primary,no,61,no,no,cellular,17,apr,1,-1,0,unknown,0,older
management,married,secondary,no,10,yes,no,cellular,29,jul,7,-1,0,unknown,0,older
management,married,tertiary,no,54,yes,no,cellular,15,may,3,-1,0,unknown,0,young
blue-collar,married,secondary,no,222,yes,yes,cellular,7,jul,5,-1,0,unknown,0,young
retired,married,primary,no,7945,no,no,cellular,27,apr,1,181,1,failure,0,older
retired,married,primary,no,383,yes,yes,cellular,17,apr,2,-1,0,unknown,0,older
management,single,tertiary,no,-578,yes,no,cellular,18,may,2,-1,0,unknown,1,young
entrepreneur,married,tertiary,no,143,no,yes,cellular,16,jul,1,-1,0,unknown,0,older
technician,divorced,unknown,no,4389,no,no,cellular,8,apr,1,-1,0,unknown,1,older
management,married,tertiary,no,523,yes,no,cellular,6,may,4,366,2,failure,0,older
unemployed,divorced,secondary,no,2762,no,no,telephone,19,nov,1,-1,0,unknown,0,older
technician,married,secondary,no,1026,no,no,cellular,3,aug,2,340,3,failure,0,young
management,married,tertiary,no,1126,no,no,unknown,14,jun,1,-1,0,unknown,0,young
management,married,tertiary,no,2953,yes,yes,cellular,5,feb,1,-1,0,unknown,0,older
self-employed,divorced,tertiary,no,8717,yes,no,unknown,15,may,5,-1,0,unknown,0,older
entrepreneur,married,tertiary,no,1423,yes,no,unknown,29,may,1,-1,0,unknown,0,young
technician,married,tertiary,yes,56,no,no,cellular,20,aug,2,-1,0,unknown,0,young
entrepreneur,married,tertiary,no,624,no,no,telephone,14,aug,2,-1,0,unknown,1,older
blue-collar,single,secondary,no,36,no,yes,cellular,29,jul,4,-1,0,unknown,0,young
housemaid,single,primary,no,26965,no,no,cellular,21,apr,2,-1,0,unknown,1,young
student,single,unknown,no,0,no,no,unknown,15,sep,1,-1,0,unknown,0,young
services,single,secondary,no,683,yes,no,unknown,9,may,3,-1,0,unknown,0,young
management,married,tertiary,no,2127,no,no,cellular,8,aug,7,-1,0,unknown,0,older
unemployed,single,tertiary,no,7968,no,no,cellular,2,mar,2,180,2,success,1,young
blue-collar,married,primary,no,102,yes,no,unknown,20,may,1,-1,0,unknown,1,young
technician,married,secondary,no,0,no,no,cellular,25,aug,8,-1,0,unknown,0,young
technician,married,secondary,no,96,no,no,cellular,18,aug,4,-1,0,unknown,0,young
management,single,tertiary,yes,0,no,yes,cellular,8,jul,1,-1,0,unknown,0,young
blue-collar,married,primary,no,3664,no,no,telephone,29,jul,1,-1,0,unknown,0,older
technician,married,secondary,no,0,no,no,cellular,19,aug,2,-1,0,unknown,0,older
services,married,tertiary,no,37,yes,no,unknown,5,may,1,-1,0,unknown,0,young
blue-collar,married,secondary,no,489,yes,no,cellular,7,may,2,349,4,failure,0,young
technician,married,secondary,no,0,no,no,unknown,11,jun,1,-1,0,unknown,0,young
management,married,secondary,no,967,no,no,cellular,20,aug,1,-1,0,unknown,0,older
entrepreneur,married,secondary,no,156,no,yes,unknown,17,jun,2,-1,0,unknown,0,young
blue-collar,married,secondary,no,123,yes,no,cellular,2,feb,1,241,3,failure,0,young
management,married,unknown,no,876,yes,no,cellular,31,jul,3,-1,0,unknown,0,older
admin.,single,tertiary,no,102,no,no,cellular,28,dec,4,-1,0,unknown,0,young
admin.,single,tertiary,no,89,yes,no,cellular,22,jul,1,-1,0,unknown,0,young
unemployed,single,secondary,no,670,yes,no,unknown,26,sep,1,-1,0,unknown,0,young
management,married,tertiary,no,1429,yes,no,cellular,19,nov,1,198,2,other,1,older
management,divorced,tertiary,no,0,no,no,cellular,1,jun,1,196,1,failure,0,older
housemaid,divorced,secondary,no,0,no,no,telephone,30,apr,2,-1,0,unknown,0,older
unknown,married,secondary,no,142,no,no,cellular,25,aug,6,-1,0,unknown,0,older
entrepreneur,divorced,primary,no,2648,no,no,cellular,7,jul,2,-1,0,unknown,0,older
management,divorced,tertiary,no,1401,yes,no,unknown,20,jun,3,-1,0,unknown,0,older
self-employed,married,primary,no,3262,no,no,cellular,14,aug,8,-1,0,unknown,0,older
admin.,married,secondary,no,1110,yes,no,telephone,22,jul,11,-1,0,unknown,1,young
entrepreneur,divorced,tertiary,no,2109,no,no,cellular,12,apr,1,181,2,success,0,older
management,married,tertiary,no,288,no,no,cellular,18,aug,3,-1,0,unknown,0,older
retired,divorced,secondary,no,1026,no,no,unknown,5,nov,1,-1,0,unknown,1,older
blue-collar,married,secondary,no,98,no,no,cellular,31,jul,1,-1,0,unknown,0,young
blue-collar,single,primary,no,851,yes,no,unknown,28,may,1,-1,0,unknown,0,young
blue-collar,married,primary,no,97,yes,no,cellular,13,may,2,-1,0,unknown,0,young
blue-collar,married,secondary,no,517,yes,no,unknown,5,may,1,-1,0,unknown,0,young
housemaid,married,primary,no,618,yes,yes,cellular,10,aug,2,102,2,failure,0,older
entrepreneur,married,secondary,no,868,no,no,cellular,20,nov,2,-1,0,unknown,0,young
self-employed,single,tertiary,no,577,yes,no,cellular,15,may,1,298,1,failure,0,young
blue-collar,single,secondary,no,567,yes,no,cellular,7,may,2,342,4,other,0,young
admin.,married,secondary,no,2851,no,yes,telephone,1,jun,1,119,1,failure,0,older
management,married,tertiary,no,2704,yes,no,telephone,21,jul,1,-1,0,unknown,0,older
services,single,secondary,no,100,yes,no,cellular,14,may,8,297,7,other,0,young
blue-collar,single,primary,no,-21,no,no,unknown,15,may,3,-1,0,unknown,0,young
management,married,tertiary,no,1517,yes,no,telephone,29,jul,5,-1,0,unknown,0,older
unknown,married,secondary,no,367,no,no,telephone,4,mar,1,178,6,failure,0,older
unemployed,married,secondary,no,3287,yes,yes,cellular,20,apr,2,307,1,failure,0,older
management,married,tertiary,no,3770,yes,no,cellular,31,jul,4,-1,0,unknown,0,young
technician,married,tertiary,no,1126,yes,no,unknown,6,sep,1,490,5,other,0,young
blue-collar,single,secondary,no,143,no,no,unknown,5,jun,1,-1,0,unknown,0,older
management,single,tertiary,no,10269,yes,no,cellular,18,may,2,-1,0,unknown,0,young
blue-collar,single,unknown,no,-90,yes,no,cellular,18,may,1,370,1,failure,0,young
unemployed,single,primary,no,9,no,yes,cellular,9,jul,2,-1,0,unknown,1,young
technician,married,secondary,no,133,no,no,cellular,12,may,2,181,3,success,1,young
blue-collar,married,secondary,no,548,no,no,cellular,22,aug,4,-1,0,unknown,0,older
services,married,secondary,no,146,yes,yes,cellular,15,may,4,346,1,failure,1,older
management,married,unknown,no,1780,yes,no,telephone,23,apr,3,-1,0,unknown,1,older
blue-collar,single,primary,no,181,yes,no,cellular,7,may,1,343,2,failure,0,older
blue-collar,married,primary,no,565,yes,yes,cellular,5,may,7,250,3,failure,0,older
management,married,tertiary,no,1147,no,no,cellular,5,aug,1,64,2,success,1,older
blue-collar,married,primary,no,-1,no,no,unknown,28,may,8,-1,0,unknown,0,older
student,single,unknown,no,92,no,no,cellular,27,may,1,-1,0,unknown,0,young
admin.,married,secondary,no,96,no,no,cellular,7,aug,1,99,2,success,1,young
technician,single,secondary,no,206,no,no,cellular,29,jan,1,-1,0,unknown,0,young
services,married,secondary,no,505,no,no,unknown,20,jun,3,-1,0,unknown,0,older
blue-collar,married,secondary,no,280,yes,yes,cellular,31,jul,50,-1,0,unknown,0,young
blue-collar,married,unknown,no,17983,yes,no,unknown,20,may,1,-1,0,unknown,0,young
technician,married,tertiary,no,1126,yes,no,unknown,6,sep,1,490,5,other,0,young
services,single,secondary,no,2685,no,yes,unknown,24,aug,1,-1,0,unknown,0,young
retired,married,primary,no,6,no,no,cellular,7,aug,3,-1,0,unknown,0,older
admin.,divorced,secondary,no,1126,yes,no,unknown,27,may,1,-1,0,unknown,0,older
technician,married,tertiary,no,98,no,no,cellular,4,feb,1,-1,0,unknown,0,young
blue-collar,married,primary,no,9804,yes,yes,cellular,18,aug,4,-1,0,unknown,0,older
management,single,secondary,no,109,yes,no,cellular,20,apr,4,328,3,failure,0,older
technician,divorced,secondary,no,0,no,no,cellular,11,aug,2,-1,0,unknown,0,older
management,married,tertiary,no,35,no,no,cellular,21,aug,4,-1,0,unknown,0,young
services,married,secondary,no,2211,yes,no,cellular,15,may,2,-1,0,unknown,0,young
management,married,tertiary,no,7832,yes,no,unknown,27,may,2,-1,0,unknown,0,young
services,married,secondary,no,2420,yes,no,unknown,19,may,3,-1,0,unknown,0,older
technician,married,tertiary,no,677,yes,no,cellular,15,apr,3,-1,0,unknown,0,young
services,single,secondary,no,-96,yes,no,unknown,2,jun,3,-1,0,unknown,0,young
blue-collar,married,secondary,no,-59,no,yes,cellular,8,jul,3,-1,0,unknown,0,young
admin.,married,secondary,no,299,yes,no,unknown,19,jun,1,-1,0,unknown,0,young
housemaid,married,unknown,yes,-6,no,yes,telephone,7,jul,2,-1,0,unknown,0,young
technician,married,secondary,no,122,yes,no,cellular,6,may,2,-1,0,unknown,0,older
blue-collar,married,secondary,no,-28,yes,no,cellular,18,may,2,371,1,failure,0,young
technician,married,tertiary,no,14355,no,no,cellular,7,aug,2,-1,0,unknown,0,young
technician,married,tertiary,no,80,no,no,cellular,28,aug,32,-1,0,unknown,0,older
services,single,tertiary,no,94,yes,no,cellular,13,may,4,-1,0,unknown,0,older
management,single,tertiary,no,112,no,no,cellular,22,aug,4,-1,0,unknown,0,young
management,married,tertiary,no,4063,no,no,cellular,5,aug,2,-1,0,unknown,0,older
blue-collar,married,primary,no,2091,no,no,cellular,6,aug,2,-1,0,unknown,0,older
admin.,married,secondary,no,0,yes,no,cellular,6,aug,1,260,1,other,0,older
entrepreneur,married,tertiary,no,-164,no,no,cellular,7,may,1,-1,0,unknown,0,young
admin.,divorced,secondary,no,92,yes,no,unknown,5,may,1,-1,0,unknown,0,older
management,single,secondary,no,73,yes,no,unknown,28,may,2,-1,0,unknown,0,young
blue-collar,married,secondary,no,1117,yes,no,unknown,28,may,3,-1,0,unknown,0,young
student,single,unknown,no,795,no,no,cellular,7,aug,2,-1,0,unknown,0,young
technician,single,tertiary,no,1070,no,no,cellular,14,dec,2,-1,0,unknown,0,young
blue-collar,married,secondary,no,99,no,no,telephone,29,jan,2,-1,0,unknown,0,young
housemaid,married,secondary,no,808,yes,no,cellular,9,jul,1,-1,0,unknown,0,older
management,single,tertiary,no,725,no,no,cellular,11,aug,4,-1,0,unknown,0,young
management,single,tertiary,no,7114,yes,no,cellular,5,feb,2,233,3,other,0,young
blue-collar,married,primary,no,1301,no,no,cellular,11,aug,1,-1,0,unknown,0,older
blue-collar,single,secondary,no,93,no,no,unknown,9,jun,6,-1,0,unknown,0,young
technician,married,secondary,no,1776,no,no,unknown,18,jun,7,-1,0,unknown,0,older
blue-collar,married,unknown,no,245,yes,yes,cellular,12,may,4,369,2,other,0,older
entrepreneur,married,secondary,no,0,yes,yes,cellular,29,jul,16,-1,0,unknown,0,older
unemployed,married,secondary,no,3,no,no,cellular,21,jul,2,-1,0,unknown,0,older
management,single,unknown,no,1277,no,no,cellular,22,feb,5,294,1,failure,0,older
blue-collar,married,primary,no,-145,yes,yes,cellular,7,may,1,-1,0,unknown,0,young
admin.,married,secondary,no,535,no,no,unknown,9,may,3,-1,0,unknown,0,young
management,single,tertiary,no,3140,no,no,unknown,12,jun,3,-1,0,unknown,0,young
blue-collar,single,secondary,no,869,no,no,cellular,31,aug,1,-1,0,unknown,0,young
management,married,tertiary,no,2308,no,yes,unknown,9,jun,1,-1,0,unknown,0,young
unemployed,single,primary,no,5613,yes,no,unknown,19,jun,2,-1,0,unknown,0,young
housemaid,married,primary,no,3151,no,no,unknown,18,jun,7,-1,0,unknown,0,older
blue-collar,married,primary,no,612,yes,yes,cellular,3,apr,1,135,1,failure,0,older
technician,single,secondary,no,681,yes,no,unknown,5,jun,1,-1,0,unknown,0,young
technician,single,secondary,no,56,no,no,unknown,7,may,2,-1,0,unknown,0,young
management,married,tertiary,no,1295,no,no,cellular,26,mar,1,-1,0,unknown,0,older
technician,single,unknown,no,11115,no,no,cellular,23,apr,1,182,3,success,1,older
services,divorced,secondary,no,5873,no,no,cellular,17,apr,1,344,2,failure,0,young
entrepreneur,single,tertiary,no,-880,no,yes,cellular,24,jul,3,-1,0,unknown,0,young
management,married,tertiary,no,727,yes,no,cellular,17,jul,1,-1,0,unknown,0,young
technician,single,tertiary,no,185,yes,no,cellular,8,may,2,-1,0,unknown,1,older
technician,single,tertiary,no,0,no,no,cellular,18,aug,4,-1,0,unknown,1,older
self-employed,married,tertiary,no,980,no,no,cellular,8,jul,1,348,3,failure,0,young
management,married,tertiary,no,1788,no,no,cellular,2,jun,2,301,2,failure,0,older
entrepreneur,married,primary,no,346,yes,no,cellular,21,nov,5,-1,0,unknown,0,older
technician,single,secondary,no,677,yes,no,unknown,16,may,1,-1,0,unknown,0,young
student,single,unknown,no,444,no,no,cellular,4,may,5,-1,0,unknown,1,young
technician,married,tertiary,no,610,no,no,cellular,4,aug,1,-1,0,unknown,0,older
technician,single,secondary,no,643,no,no,cellular,13,jul,1,-1,0,unknown,1,young
services,single,secondary,no,258,yes,no,unknown,4,jun,2,-1,0,unknown,0,young
management,married,tertiary,no,377,yes,no,unknown,5,may,1,-1,0,unknown,0,young
student,single,unknown,no,479,no,no,cellular,11,sep,2,-1,0,unknown,0,young
technician,married,secondary,no,10185,no,no,cellular,10,aug,1,70,2,other,1,older
management,single,tertiary,no,-670,yes,no,cellular,16,apr,1,-1,0,unknown,0,young
services,single,secondary,no,140,yes,no,cellular,15,may,1,-1,0,unknown,1,young
unemployed,married,tertiary,no,0,no,no,cellular,4,feb,1,-1,0,unknown,0,young
services,single,secondary,no,0,yes,no,unknown,29,may,4,-1,0,unknown,0,young
blue-collar,married,primary,no,295,yes,no,cellular,12,may,6,-1,0,unknown,0,young
blue-collar,married,primary,no,1715,yes,yes,unknown,27,may,1,-1,0,unknown,0,older
services,married,primary,no,-109,yes,no,cellular,31,jul,5,-1,0,unknown,0,young
blue-collar,divorced,primary,no,0,yes,no,cellular,21,jul,2,-1,0,unknown,0,older
admin.,married,secondary,no,1746,no,no,cellular,30,jul,9,-1,0,unknown,0,older
admin.,divorced,secondary,no,467,yes,no,unknown,19,may,1,-1,0,unknown,0,older
management,married,tertiary,no,0,yes,no,cellular,19,nov,1,170,1,failure,0,young
management,single,tertiary,no,670,yes,no,cellular,31,jul,6,-1,0,unknown,0,older
technician,married,secondary,no,1587,yes,no,cellular,2,jun,3,-1,0,unknown,1,young
unemployed,single,secondary,no,2696,no,no,cellular,7,sep,2,-1,0,unknown,0,young
management,married,tertiary,no,583,no,no,cellular,17,nov,1,91,2,failure,1,older
admin.,single,secondary,no,2685,no,no,unknown,20,jun,2,-1,0,unknown,0,older
admin.,single,tertiary,no,5,no,yes,cellular,11,jul,1,-1,0,unknown,0,young
blue-collar,married,secondary,no,578,yes,yes,unknown,4,jun,1,-1,0,unknown,0,young
admin.,married,secondary,no,6,yes,no,unknown,6,may,3,-1,0,unknown,0,young
blue-collar,married,secondary,no,3988,no,no,unknown,30,jun,4,-1,0,unknown,0,older
blue-collar,married,primary,no,265,yes,yes,unknown,9,may,1,-1,0,unknown,0,young
services,married,secondary,no,1182,yes,no,unknown,28,may,1,-1,0,unknown,0,young
technician,single,tertiary,no,542,yes,no,unknown,9,may,3,-1,0,unknown,0,young
services,married,secondary,no,1005,yes,yes,cellular,11,may,1,336,2,failure,0,young
technician,married,secondary,no,1,no,no,cellular,14,oct,1,182,5,success,1,older
management,single,tertiary,no,1372,no,no,cellular,20,nov,2,-1,0,unknown,0,young
retired,married,secondary,no,4414,yes,no,unknown,30,may,1,-1,0,unknown,0,older
management,single,tertiary,no,99,yes,yes,unknown,16,may,4,-1,0,unknown,0,young
management,married,tertiary,no,761,no,yes,cellular,28,aug,6,-1,0,unknown,0,older
retired,married,primary,no,1977,no,no,cellular,24,feb,2,-1,0,unknown,0,older
management,married,tertiary,no,831,yes,no,cellular,14,jul,3,-1,0,unknown,0,older
services,married,secondary,no,249,yes,no,cellular,16,jul,2,-1,0,unknown,0,young
services,single,secondary,no,2881,no,no,cellular,26,may,1,328,1,success,1,young
blue-collar,divorced,primary,no,0,yes,no,unknown,5,may,1,-1,0,unknown,0,young
management,married,tertiary,no,1825,yes,no,unknown,9,may,1,-1,0,unknown,0,young
retired,married,secondary,no,2330,no,no,cellular,8,may,1,-1,0,unknown,0,older
management,married,tertiary,no,466,yes,no,cellular,11,jul,2,-1,0,unknown,0,young
admin.,divorced,secondary,no,21,yes,no,cellular,13,apr,3,-1,0,unknown,0,older
retired,married,tertiary,no,2575,no,no,cellular,17,aug,1,-1,0,unknown,0,older
management,married,tertiary,no,469,no,no,cellular,16,oct,1,183,1,success,1,older
blue-collar,married,secondary,no,825,yes,no,cellular,16,apr,3,273,1,failure,0,older
admin.,single,secondary,no,43,no,no,unknown,1,jul,1,-1,0,unknown,0,young
management,single,tertiary,no,1496,yes,no,cellular,18,may,1,269,4,failure,0,young
services,married,secondary,no,5780,yes,no,cellular,1,apr,2,-1,0,unknown,0,older
management,divorced,tertiary,no,1692,yes,no,cellular,29,jul,5,-1,0,unknown,0,older
management,single,tertiary,no,6781,yes,no,cellular,15,may,6,-1,0,unknown,0,young
management,married,tertiary,no,0,yes,no,unknown,21,may,1,-1,0,unknown,0,young
services,single,primary,no,1806,no,yes,cellular,21,jul,4,-1,0,unknown,0,young
management,single,tertiary,no,1717,yes,no,unknown,21,may,2,-1,0,unknown,0,young
housemaid,divorced,primary,no,46,yes,no,telephone,11,jul,2,-1,0,unknown,0,young
management,divorced,secondary,no,693,yes,no,unknown,5,may,3,-1,0,unknown,0,older
blue-collar,married,primary,no,1941,yes,no,cellular,20,apr,2,-1,0,unknown,0,young
blue-collar,single,secondary,no,4229,yes,yes,cellular,5,may,2,-1,0,unknown,0,young
technician,married,secondary,no,-330,yes,yes,cellular,8,may,1,-1,0,unknown,0,older
unemployed,married,secondary,no,94,no,no,cellular,10,feb,1,92,13,success,1,older
technician,married,secondary,no,106,no,no,cellular,9,feb,8,174,9,other,0,young
blue-collar,married,primary,no,-703,yes,no,cellular,18,may,2,-1,0,unknown,0,young
housemaid,married,tertiary,no,1528,no,no,cellular,15,oct,2,184,1,success,1,older
management,married,tertiary,no,5956,no,no,cellular,3,feb,1,-1,0,unknown,0,older
management,married,tertiary,no,37378,yes,no,unknown,14,may,1,-1,0,unknown,0,older
unknown,married,primary,no,547,no,no,unknown,6,jun,2,-1,0,unknown,0,older
admin.,single,secondary,yes,-42,no,yes,cellular,30,jul,3,-1,0,unknown,0,young
management,married,primary,no,530,yes,no,cellular,14,jul,3,-1,0,unknown,0,older
management,married,tertiary,no,21,yes,no,unknown,29,may,2,-1,0,unknown,0,young
management,divorced,tertiary,no,6,no,no,unknown,2,jun,4,-1,0,unknown,0,older
services,married,secondary,no,1270,yes,no,unknown,21,may,3,-1,0,unknown,0,young
technician,married,secondary,no,98,no,no,cellular,27,aug,4,-1,0,unknown,0,older
management,married,secondary,no,16236,yes,no,cellular,21,nov,3,-1,0,unknown,0,young
housemaid,married,primary,no,67,no,no,telephone,25,aug,1,-1,0,unknown,0,older
blue-collar,married,secondary,no,1131,yes,yes,cellular,18,nov,1,144,5,failure,0,young
technician,married,tertiary,no,278,no,no,cellular,21,aug,7,-1,0,unknown,0,young
management,married,primary,no,330,no,no,unknown,16,jun,1,-1,0,unknown,0,older
technician,married,secondary,no,476,yes,no,cellular,22,jul,7,-1,0,unknown,0,young
blue-collar,married,secondary,yes,0,yes,yes,cellular,7,may,1,-1,0,unknown,0,older
blue-collar,married,primary,no,5776,no,no,cellular,18,nov,3,-1,0,unknown,0,older
management,married,tertiary,no,4654,no,no,cellular,17,nov,2,-1,0,unknown,0,older
technician,divorced,secondary,no,1252,yes,no,unknown,26,may,1,-1,0,unknown,0,older
services,single,secondary,no,6983,no,no,cellular,7,aug,1,-1,0,unknown,1,young
blue-collar,married,primary,no,704,yes,no,cellular,31,jul,2,-1,0,unknown,0,young
technician,single,secondary,no,2583,no,no,cellular,6,feb,1,-1,0,unknown,0,young
blue-collar,single,secondary,no,75,yes,no,unknown,16,may,1,-1,0,unknown,0,young
retired,married,tertiary,no,2812,no,no,cellular,6,aug,1,-1,0,unknown,0,older
blue-collar,married,primary,no,674,yes,no,telephone,14,may,4,-1,0,unknown,0,young
blue-collar,married,secondary,no,-330,yes,yes,cellular,14,may,1,353,2,failure,0,young
admin.,married,secondary,no,3268,no,no,cellular,9,apr,2,-1,0,unknown,0,young
admin.,single,secondary,no,572,yes,no,cellular,30,jan,2,-1,0,unknown,0,young
blue-collar,married,primary,no,508,yes,yes,cellular,15,may,1,-1,0,unknown,0,young
admin.,single,secondary,no,4448,no,no,cellular,11,feb,8,-1,0,unknown,1,young
blue-collar,married,primary,no,1085,yes,yes,cellular,15,may,2,353,58,other,1,older
blue-collar,married,secondary,no,326,no,yes,cellular,29,jan,1,-1,0,unknown,0,young
management,married,tertiary,no,1241,yes,no,cellular,5,jun,2,-1,0,unknown,0,young
blue-collar,married,secondary,no,439,yes,no,cellular,12,may,2,-1,0,unknown,0,young
services,single,secondary,no,294,no,no,cellular,23,jul,1,-1,0,unknown,0,older
admin.,divorced,secondary,yes,-489,yes,no,unknown,4,jun,2,-1,0,unknown,0,young
blue-collar,single,secondary,no,682,no,no,cellular,5,jun,2,91,1,success,1,young
entrepreneur,single,unknown,no,323,no,no,unknown,16,jun,1,-1,0,unknown,1,older
self-employed,divorced,secondary,no,-38,yes,no,cellular,18,nov,2,-1,0,unknown,0,young
services,married,secondary,no,1442,no,no,cellular,22,apr,3,-1,0,unknown,0,young
blue-collar,married,secondary,no,6004,yes,no,cellular,13,may,1,274,6,failure,0,older
entrepreneur,married,secondary,no,687,yes,no,cellular,17,apr,1,-1,0,unknown,1,older
admin.,married,secondary,no,614,yes,no,cellular,12,may,2,-1,0,unknown,0,young
services,married,secondary,no,1381,yes,no,unknown,8,may,1,-1,0,unknown,0,older
blue-collar,single,secondary,no,1292,yes,no,cellular,24,jul,4,-1,0,unknown,0,young
technician,divorced,secondary,no,353,yes,no,unknown,23,may,1,-1,0,unknown,0,older
retired,married,secondary,no,1714,no,no,telephone,17,feb,1,-1,0,unknown,1,older
admin.,single,secondary,no,0,yes,yes,telephone,20,nov,3,-1,0,unknown,0,young
self-employed,single,secondary,no,125,no,no,unknown,5,jun,1,-1,0,unknown,0,young
blue-collar,married,secondary,no,1078,yes,no,cellular,13,may,1,330,3,other,0,young
management,married,tertiary,no,2020,no,yes,unknown,9,jun,2,-1,0,unknown,0,older
entrepreneur,married,tertiary,no,0,yes,no,unknown,20,jun,2,-1,0,unknown,0,older
management,married,unknown,no,375,no,no,cellular,28,jan,3,-1,0,unknown,0,older
technician,single,secondary,no,161,no,no,cellular,21,aug,1,-1,0,unknown,0,young
blue-collar,divorced,secondary,no,86,no,yes,unknown,19,may,1,-1,0,unknown,0,young
blue-collar,single,secondary,no,3,yes,no,unknown,23,may,3,-1,0,unknown,0,young
technician,single,secondary,no,943,no,no,cellular,29,aug,4,-1,0,unknown,0,young
housemaid,married,primary,no,4136,yes,no,cellular,20,apr,5,-1,0,unknown,0,young
technician,married,unknown,no,132,yes,no,unknown,20,may,11,-1,0,unknown,0,older
management,divorced,tertiary,no,0,no,no,cellular,22,aug,4,-1,0,unknown,0,young
management,divorced,tertiary,no,0,no,no,cellular,18,nov,2,-1,0,unknown,0,older
management,single,tertiary,no,757,no,no,cellular,18,aug,4,-1,0,unknown,0,young
technician,single,secondary,yes,0,no,yes,cellular,16,jul,1,-1,0,unknown,0,young
management,married,tertiary,no,226,yes,no,cellular,14,aug,3,270,3,failure,1,older
blue-collar,married,secondary,no,381,no,no,cellular,11,nov,4,-1,0,unknown,0,older
management,divorced,tertiary,no,5943,no,no,telephone,17,feb,4,-1,0,unknown,1,older
services,single,secondary,no,85,yes,no,cellular,10,jul,7,-1,0,unknown,0,young
management,married,tertiary,no,832,yes,yes,cellular,21,nov,1,176,1,failure,0,older
self-employed,married,tertiary,no,423,no,no,cellular,14,aug,2,-1,0,unknown,0,older
blue-collar,married,secondary,no,6767,yes,no,cellular,11,may,1,172,2,failure,0,young
technician,single,tertiary,no,569,no,yes,cellular,29,jan,1,-1,0,unknown,0,young
management,married,tertiary,no,641,yes,no,cellular,12,may,1,-1,0,unknown,0,young
blue-collar,married,secondary,no,82,yes,no,cellular,12,may,2,-1,0,unknown,0,young
admin.,single,secondary,no,346,yes,no,cellular,5,may,7,354,2,other,0,young
unemployed,single,secondary,no,538,no,no,cellular,4,jun,3,-1,0,unknown,0,young
blue-collar,married,primary,no,14,yes,yes,unknown,20,may,1,-1,0,unknown,0,older
management,married,tertiary,no,561,no,no,unknown,5,jun,1,-1,0,unknown,0,older
management,married,tertiary,no,105,yes,no,cellular,6,may,1,365,3,failure,0,young
technician,married,tertiary,no,2699,yes,no,cellular,29,jun,4,-1,0,unknown,0,older
technician,single,secondary,no,820,yes,no,unknown,23,may,1,-1,0,unknown,0,young
management,single,tertiary,no,0,yes,yes,cellular,7,aug,5,-1,0,unknown,0,young
admin.,married,secondary,no,3735,no,no,cellular,22,sep,1,184,11,success,1,older
technician,single,secondary,no,1105,yes,no,cellular,17,apr,1,-1,0,unknown,0,young
admin.,divorced,secondary,no,984,yes,no,cellular,12,may,4,369,5,failure,0,older
technician,married,secondary,no,24,yes,no,cellular,28,jan,4,-1,0,unknown,0,young
housemaid,married,tertiary,no,2290,no,no,cellular,15,apr,1,-1,0,unknown,0,older
retired,married,primary,no,65,yes,no,telephone,23,jul,1,-1,0,unknown,0,older
blue-collar,married,secondary,no,117,yes,no,unknown,9,may,1,-1,0,unknown,0,older
blue-collar,single,secondary,no,-424,yes,no,cellular,20,apr,6,-1,0,unknown,0,young
services,married,secondary,no,52,yes,no,cellular,5,mar,2,179,7,success,1,young
technician,married,secondary,no,315,yes,no,cellular,5,feb,1,275,2,failure,0,older
management,married,tertiary,no,998,yes,no,cellular,29,jan,3,-1,0,unknown,0,older
services,single,secondary,no,1820,yes,no,cellular,5,feb,2,203,1,success,0,young
services,married,secondary,no,2420,yes,no,telephone,28,aug,13,-1,0,unknown,0,older
services,married,tertiary,no,519,yes,no,cellular,18,may,6,-1,0,unknown,0,older
admin.,married,secondary,no,372,yes,no,unknown,16,jun,10,-1,0,unknown,0,young
services,married,unknown,no,790,no,no,cellular,2,feb,1,-1,0,unknown,0,older
blue-collar,married,secondary,no,2595,yes,yes,cellular,17,apr,1,336,2,other,0,young
admin.,married,secondary,no,11,yes,no,cellular,23,jul,4,-1,0,unknown,0,young
blue-collar,married,secondary,no,5441,yes,no,cellular,30,jul,6,-1,0,unknown,0,young
admin.,married,secondary,no,2,no,no,cellular,10,jul,1,-1,0,unknown,0,older
services,married,secondary,no,2858,no,no,cellular,14,aug,2,-1,0,unknown,0,older
admin.,single,tertiary,no,732,no,no,cellular,20,nov,1,-1,0,unknown,0,young
blue-collar,married,primary,no,57,yes,no,cellular,16,apr,1,-1,0,unknown,0,older
admin.,divorced,secondary,no,-140,yes,no,unknown,26,may,3,-1,0,unknown,0,older
management,married,tertiary,no,144,no,no,cellular,7,dec,1,283,3,failure,0,older
management,single,tertiary,no,1017,no,no,cellular,2,feb,1,-1,0,unknown,0,young
blue-collar,married,secondary,no,1492,yes,no,unknown,2,jun,10,-1,0,unknown,0,young
technician,divorced,secondary,no,558,yes,no,cellular,7,may,2,167,5,failure,0,young
services,single,secondary,no,25,yes,no,cellular,10,jul,1,-1,0,unknown,0,young
blue-collar,married,primary,no,77,yes,no,unknown,26,may,3,-1,0,unknown,0,young
blue-collar,married,primary,no,23,yes,no,unknown,20,may,6,-1,0,unknown,0,older
technician,married,secondary,no,216,no,no,cellular,29,aug,2,-1,0,unknown,0,young
services,married,secondary,no,3220,no,no,cellular,17,jul,3,-1,0,unknown,0,young
services,divorced,secondary,no,0,no,no,cellular,17,nov,1,150,3,success,0,older
blue-collar,married,primary,no,7,no,no,unknown,6,jun,1,-1,0,unknown,0,young
blue-collar,married,primary,no,3057,yes,no,unknown,11,jun,1,-1,0,unknown,0,young
unemployed,single,tertiary,no,586,yes,no,cellular,9,feb,5,-1,0,unknown,0,young
technician,single,secondary,no,1001,no,yes,cellular,24,jul,2,-1,0,unknown,0,young
blue-collar,single,secondary,no,40,yes,no,unknown,9,may,4,-1,0,unknown,1,young
blue-collar,married,primary,no,668,no,no,unknown,8,may,1,-1,0,unknown,0,young
services,married,secondary,no,961,no,yes,cellular,14,aug,4,-1,0,unknown,0,older
management,married,tertiary,no,575,no,no,unknown,3,jun,1,-1,0,unknown,0,older
services,married,secondary,no,693,yes,no,unknown,13,may,2,-1,0,unknown,0,older
blue-collar,married,secondary,no,1021,yes,no,cellular,20,apr,2,326,1,other,0,young
self-employed,married,primary,no,-584,yes,yes,unknown,2,jul,2,-1,0,unknown,0,older
self-employed,single,unknown,no,-142,yes,no,cellular,18,may,1,-1,0,unknown,0,young
student,single,secondary,no,706,no,no,unknown,8,oct,1,105,2,other,0,young
admin.,married,secondary,no,771,no,yes,cellular,12,aug,3,-1,0,unknown,0,older
housemaid,single,tertiary,no,19,no,no,cellular,4,aug,1,92,5,success,1,young
technician,single,tertiary,no,23919,no,no,cellular,12,aug,2,-1,0,unknown,0,young
management,married,secondary,no,0,no,no,cellular,19,aug,2,-1,0,unknown,0,older
self-employed,single,tertiary,no,8460,no,no,cellular,20,nov,1,-1,0,unknown,0,young
blue-collar,married,secondary,no,1603,no,no,cellular,30,apr,1,-1,0,unknown,0,older
blue-collar,married,secondary,no,131,yes,no,unknown,9,may,2,-1,0,unknown,0,young
technician,married,secondary,no,677,no,no,cellular,20,aug,8,-1,0,unknown,0,older
blue-collar,married,primary,no,-88,yes,no,unknown,26,may,1,-1,0,unknown,0,young
management,married,tertiary,no,70,no,no,cellular,20,aug,3,-1,0,unknown,0,older
technician,divorced,secondary,no,1663,yes,no,telephone,20,apr,1,150,9,other,0,older
admin.,divorced,secondary,no,3029,yes,yes,cellular,31,jul,2,-1,0,unknown,0,older
self-employed,married,tertiary,no,506,no,no,cellular,3,feb,1,92,3,success,0,young
services,single,secondary,no,-448,yes,no,cellular,14,may,2,-1,0,unknown,0,young
blue-collar,married,primary,no,223,yes,no,unknown,14,jul,3,-1,0,unknown,0,young
management,single,secondary,no,109,yes,no,cellular,20,apr,4,328,3,failure,0,older
blue-collar,single,primary,no,1033,yes,no,cellular,24,nov,1,-1,0,unknown,0,young
management,married,tertiary,no,248,no,no,cellular,17,jul,1,-1,0,unknown,0,young
entrepreneur,single,tertiary,no,11,yes,no,unknown,12,may,4,-1,0,unknown,0,young
technician,single,tertiary,no,8097,no,yes,cellular,21,aug,2,-1,0,unknown,0,young
management,married,tertiary,no,753,yes,no,cellular,2,apr,2,-1,0,unknown,0,older
management,married,tertiary,no,0,yes,no,cellular,23,jul,2,-1,0,unknown,0,older
self-employed,married,tertiary,no,266,no,yes,cellular,20,nov,1,-1,0,unknown,0,young
technician,married,tertiary,no,437,no,no,telephone,27,may,2,-1,0,unknown,0,young
services,married,secondary,no,27,no,no,cellular,12,aug,4,-1,0,unknown,0,older
retired,married,secondary,no,415,no,no,cellular,6,oct,1,410,2,failure,0,older
housemaid,married,primary,no,260,yes,no,telephone,15,may,5,364,3,failure,0,older
services,married,secondary,no,0,yes,no,cellular,7,may,1,-1,0,unknown,0,young
technician,single,secondary,no,572,no,no,cellular,21,aug,2,-1,0,unknown,0,young
management,married,secondary,no,313,yes,no,cellular,17,nov,1,-1,0,unknown,0,young
management,single,tertiary,no,2555,no,yes,cellular,24,jul,2,-1,0,unknown,0,older
technician,divorced,secondary,no,0,no,no,unknown,14,may,1,-1,0,unknown,0,older
technician,married,secondary,no,1097,yes,no,unknown,2,jun,3,-1,0,unknown,0,young
blue-collar,married,secondary,no,-202,yes,yes,cellular,8,may,2,170,5,failure,0,older
blue-collar,single,primary,no,3132,no,no,cellular,5,feb,1,-1,0,unknown,0,young
technician,married,secondary,no,0,no,no,unknown,13,may,1,-1,0,unknown,0,older
management,single,tertiary,no,-295,no,yes,cellular,28,jan,1,190,2,failure,0,older
blue-collar,married,primary,no,42,yes,no,cellular,12,may,2,342,3,failure,0,older
retired,married,unknown,no,1396,no,yes,cellular,26,aug,2,-1,0,unknown,0,older
blue-collar,married,secondary,no,-98,yes,no,unknown,7,may,1,-1,0,unknown,0,older
blue-collar,single,secondary,no,75,yes,no,unknown,19,may,1,-1,0,unknown,0,young
admin.,married,secondary,no,221,no,no,cellular,29,aug,4,-1,0,unknown,0,older
blue-collar,married,secondary,no,788,yes,no,cellular,17,apr,1,-1,0,unknown,0,older
technician,married,secondary,no,778,yes,no,cellular,8,aug,10,-1,0,unknown,0,older
management,married,tertiary,no,1387,yes,no,cellular,18,may,2,-1,0,unknown,1,young
technician,married,secondary,no,891,no,no,unknown,19,jun,1,-1,0,unknown,0,older
admin.,single,secondary,no,-332,yes,no,unknown,23,may,2,-1,0,unknown,0,young
blue-collar,single,secondary,no,-37,yes,yes,unknown,2,jun,2,-1,0,unknown,0,young
blue-collar,married,secondary,no,681,yes,no,cellular,18,nov,1,-1,0,unknown,0,older
blue-collar,married,secondary,no,2267,no,yes,cellular,28,jul,6,-1,0,unknown,0,older
entrepreneur,married,tertiary,yes,-456,yes,yes,unknown,20,jun,7,-1,0,unknown,0,young
self-employed,married,secondary,no,830,no,no,cellular,31,jul,2,-1,0,unknown,0,older
retired,married,tertiary,no,872,no,no,telephone,28,aug,5,-1,0,unknown,0,older
technician,single,tertiary,no,437,no,yes,cellular,7,jul,1,-1,0,unknown,0,young
services,married,unknown,no,1155,yes,no,unknown,16,may,4,-1,0,unknown,0,older
admin.,single,secondary,no,4590,yes,no,cellular,10,nov,4,89,3,failure,1,young
management,married,tertiary,no,559,no,no,cellular,19,aug,1,-1,0,unknown,0,older
technician,married,secondary,no,414,yes,no,cellular,5,may,1,-1,0,unknown,0,young
blue-collar,divorced,unknown,no,19,no,yes,cellular,8,jul,5,-1,0,unknown,0,older
blue-collar,married,primary,no,25,yes,no,cellular,19,nov,1,-1,0,unknown,0,older
admin.,single,secondary,no,993,no,no,unknown,14,may,1,-1,0,unknown,0,young
technician,married,secondary,no,3285,yes,no,unknown,13,may,2,-1,0,unknown,1,older
management,married,tertiary,no,856,yes,yes,cellular,4,feb,4,7,7,other,0,older
blue-collar,married,primary,no,3267,yes,yes,telephone,18,may,1,-1,0,unknown,0,young
entrepreneur,married,tertiary,no,461,no,yes,cellular,17,jul,1,-1,0,unknown,0,older
retired,divorced,primary,no,695,no,no,cellular,9,apr,1,-1,0,unknown,1,older
services,married,primary,no,2567,yes,no,unknown,19,may,2,-1,0,unknown,0,older
retired,married,primary,no,1591,no,no,cellular,31,jul,4,-1,0,unknown,0,older
unemployed,married,secondary,no,2040,no,no,telephone,2,feb,1,-1,0,unknown,1,older
technician,married,secondary,no,197,no,yes,cellular,3,feb,2,222,3,other,0,older
blue-collar,married,primary,no,389,yes,no,cellular,20,nov,2,-1,0,unknown,0,young
management,divorced,tertiary,no,20,no,no,cellular,25,jul,2,-1,0,unknown,0,older
retired,married,secondary,no,2473,no,no,cellular,8,jul,3,-1,0,unknown,1,older
blue-collar,married,unknown,no,960,no,yes,unknown,24,jun,1,687,2,other,0,older
self-employed,married,secondary,no,5704,yes,no,cellular,6,aug,2,-1,0,unknown,0,older
unemployed,single,tertiary,no,953,yes,no,cellular,2,feb,1,155,5,failure,0,young
technician,single,secondary,no,-529,yes,no,cellular,15,may,8,175,5,failure,0,young
retired,married,tertiary,no,4692,yes,no,cellular,13,jan,1,90,1,failure,0,older
technician,married,tertiary,no,67,yes,no,cellular,16,apr,2,-1,0,unknown,0,young
services,single,secondary,no,133,no,no,cellular,14,jan,2,274,1,success,1,young
unemployed,married,secondary,no,2551,no,no,cellular,12,aug,2,-1,0,unknown,1,older
admin.,married,secondary,no,641,no,no,cellular,4,aug,1,1,1,other,0,older
self-employed,married,tertiary,no,2977,yes,no,cellular,17,jul,1,-1,0,unknown,0,young
technician,divorced,secondary,no,0,yes,yes,cellular,8,may,1,262,1,other,0,older
technician,married,secondary,no,1063,yes,no,cellular,31,jul,2,-1,0,unknown,0,young
blue-collar,married,secondary,no,171,yes,no,cellular,13,may,1,364,1,failure,0,older
retired,married,primary,no,1126,no,no,unknown,17,jun,3,-1,0,unknown,0,older
blue-collar,married,primary,no,0,no,no,telephone,13,aug,1,-1,0,unknown,0,older
management,single,tertiary,no,4402,no,no,telephone,10,dec,1,190,1,other,1,older
housemaid,single,secondary,no,465,yes,no,cellular,16,mar,1,302,3,success,1,young
admin.,divorced,tertiary,no,1506,no,no,cellular,28,jul,4,-1,0,unknown,1,older
unemployed,married,secondary,no,216,no,no,unknown,19,jun,1,-1,0,unknown,0,older
management,married,tertiary,no,364,yes,no,cellular,17,jul,1,-1,0,unknown,0,older
services,married,secondary,no,129,yes,no,unknown,26,may,7,-1,0,unknown,1,young
technician,divorced,tertiary,no,466,no,no,cellular,28,aug,1,-1,0,unknown,0,young
technician,single,secondary,no,449,yes,no,cellular,12,may,1,-1,0,unknown,0,young
admin.,married,secondary,no,-36,yes,yes,unknown,4,jul,1,-1,0,unknown,0,young
blue-collar,single,secondary,no,2364,yes,no,unknown,28,may,1,-1,0,unknown,0,young
management,single,tertiary,no,1,yes,no,cellular,13,may,1,-1,0,unknown,0,young
services,single,secondary,no,1636,yes,no,unknown,28,may,2,-1,0,unknown,0,young
blue-collar,married,secondary,no,30,no,no,unknown,8,may,2,-1,0,unknown,0,older
technician,married,secondary,no,73,no,no,unknown,7,may,1,-1,0,unknown,0,older
blue-collar,married,primary,no,1327,yes,no,cellular,20,nov,1,-1,0,unknown,0,young
blue-collar,married,tertiary,yes,-388,no,no,cellular,18,nov,2,-1,0,unknown,0,older
management,single,tertiary,no,2439,no,no,cellular,2,feb,2,-1,0,unknown,0,young
student,single,tertiary,no,1,no,no,cellular,25,jul,1,-1,0,unknown,0,young
blue-collar,divorced,primary,no,1927,no,yes,cellular,16,jul,4,-1,0,unknown,0,older
blue-collar,married,primary,no,17946,yes,no,cellular,6,may,9,-1,0,unknown,0,young
admin.,married,secondary,no,22171,yes,no,cellular,18,may,1,355,3,failure,0,young
management,single,tertiary,no,625,no,no,cellular,28,jan,1,163,5,other,0,older
retired,married,primary,no,343,no,no,telephone,5,feb,2,-1,0,unknown,0,older
self-employed,married,tertiary,no,582,no,no,cellular,17,nov,1,-1,0,unknown,0,older
management,single,tertiary,no,678,no,yes,unknown,4,jul,3,-1,0,unknown,0,young
services,divorced,secondary,no,436,yes,no,cellular,17,jun,1,-1,0,unknown,1,young
technician,divorced,secondary,no,1904,yes,yes,unknown,7,may,3,-1,0,unknown,0,older
technician,married,secondary,no,169,yes,no,cellular,24,jul,2,-1,0,unknown,0,young
technician,married,tertiary,no,0,yes,yes,cellular,21,nov,1,-1,0,unknown,0,young
self-employed,married,secondary,no,0,no,no,cellular,26,aug,6,-1,0,unknown,0,older
blue-collar,married,secondary,no,3578,yes,no,telephone,3,feb,3,-1,0,unknown,0,young
blue-collar,married,primary,no,636,yes,no,cellular,20,apr,2,-1,0,unknown,0,older
technician,married,secondary,no,77,yes,no,cellular,7,may,1,-1,0,unknown,0,older
entrepreneur,married,secondary,no,1002,no,no,unknown,20,jun,3,-1,0,unknown,0,older
retired,married,primary,no,752,yes,no,unknown,30,may,2,-1,0,unknown,0,older
blue-collar,married,secondary,no,1624,yes,yes,unknown,21,may,2,-1,0,unknown,0,young
technician,single,tertiary,no,110,no,no,cellular,21,aug,4,-1,0,unknown,0,young
management,single,secondary,no,161,yes,no,cellular,20,apr,3,-1,0,unknown,0,young
admin.,single,secondary,no,8626,no,no,cellular,25,may,1,111,1,failure,0,young
retired,married,secondary,no,-160,yes,no,unknown,11,jun,4,-1,0,unknown,0,young
services,single,secondary,no,339,no,no,cellular,4,jun,1,-1,0,unknown,1,young
blue-collar,single,secondary,no,5715,no,no,cellular,28,jan,2,-1,0,unknown,0,older
admin.,married,secondary,no,0,no,no,unknown,23,may,3,-1,0,unknown,0,young
technician,divorced,tertiary,no,119,no,no,cellular,23,jul,8,-1,0,unknown,0,young
self-employed,divorced,secondary,no,510,yes,no,cellular,11,may,3,-1,0,unknown,0,older
technician,married,tertiary,no,0,yes,no,cellular,21,nov,1,-1,0,unknown,0,older
management,single,tertiary,no,1858,no,no,cellular,12,aug,3,-1,0,unknown,1,young
blue-collar,married,secondary,no,1059,yes,no,cellular,11,jul,2,-1,0,unknown,0,young
housemaid,married,secondary,no,360,no,no,cellular,4,may,1,182,1,success,0,older
blue-collar,single,primary,no,0,no,no,telephone,9,jul,1,-1,0,unknown,0,young
entrepreneur,married,tertiary,no,501,yes,no,cellular,18,jul,1,-1,0,unknown,0,young
technician,married,secondary,no,2019,yes,yes,cellular,18,nov,2,144,1,failure,0,young
management,single,tertiary,no,409,no,yes,cellular,9,jul,5,-1,0,unknown,1,young
management,married,tertiary,no,761,yes,no,cellular,11,jul,2,-1,0,unknown,0,older
unemployed,married,secondary,no,3242,no,no,unknown,25,jun,2,-1,0,unknown,0,young
blue-collar,married,secondary,no,949,yes,no,cellular,15,may,1,-1,0,unknown,0,young
self-employed,married,secondary,no,1813,no,no,cellular,4,may,5,-1,0,unknown,0,young
technician,married,secondary,no,253,no,yes,unknown,3,jul,3,-1,0,unknown,0,older
entrepreneur,married,secondary,no,-142,yes,no,cellular,17,jul,1,-1,0,unknown,0,young
blue-collar,single,primary,no,145,yes,no,unknown,4,jun,1,-1,0,unknown,0,young
admin.,divorced,primary,no,4070,yes,no,unknown,6,may,2,-1,0,unknown,0,older
entrepreneur,married,secondary,no,0,no,no,unknown,19,jun,2,-1,0,unknown,0,older
entrepreneur,married,secondary,no,169,yes,no,telephone,15,may,4,-1,0,unknown,0,older
student,single,tertiary,no,1107,yes,no,telephone,20,apr,4,-1,0,unknown,0,young
blue-collar,married,secondary,no,72,yes,no,unknown,26,jun,3,-1,0,unknown,0,young
admin.,married,secondary,no,1967,no,no,telephone,27,oct,1,-1,0,unknown,1,young
management,married,tertiary,no,0,no,no,cellular,16,oct,2,-1,0,unknown,1,older
technician,single,tertiary,no,2800,no,no,unknown,5,jun,1,-1,0,unknown,0,older
unemployed,married,secondary,no,629,yes,no,cellular,5,feb,1,-1,0,unknown,0,young
self-employed,married,secondary,no,-196,yes,no,unknown,20,may,2,-1,0,unknown,0,older
unemployed,divorced,tertiary,no,780,no,no,cellular,8,nov,1,871,2,failure,0,older
blue-collar,married,unknown,no,3197,no,no,cellular,25,aug,13,-1,0,unknown,0,older
services,married,secondary,no,630,yes,no,unknown,7,may,2,-1,0,unknown,0,young
unemployed,married,secondary,no,0,no,no,cellular,21,nov,4,-1,0,unknown,0,older
blue-collar,married,unknown,no,-102,yes,no,unknown,23,may,1,-1,0,unknown,0,older
services,divorced,secondary,no,2455,no,no,cellular,25,jul,1,-1,0,unknown,0,older
technician,divorced,secondary,no,145,yes,no,cellular,13,aug,5,-1,0,unknown,0,older
technician,divorced,secondary,no,522,no,yes,cellular,7,jul,4,-1,0,unknown,0,young
blue-collar,married,secondary,no,57,yes,no,unknown,5,may,1,-1,0,unknown,0,older
blue-collar,married,secondary,no,580,no,no,cellular,10,jul,1,-1,0,unknown,0,young
admin.,married,secondary,no,197,yes,no,cellular,23,jul,1,101,3,success,0,older
management,married,unknown,no,12245,no,no,cellular,7,jul,3,-1,0,unknown,0,older
entrepreneur,single,tertiary,no,318,yes,no,cellular,5,feb,4,-1,0,unknown,1,older
management,married,secondary,no,6695,yes,no,unknown,30,may,1,-1,0,unknown,0,young
services,single,secondary,no,419,yes,no,cellular,12,may,3,-1,0,unknown,0,young
blue-collar,single,primary,no,2851,yes,no,unknown,19,may,2,-1,0,unknown,0,older
services,single,secondary,no,-107,yes,no,cellular,14,may,1,-1,0,unknown,0,young
technician,single,primary,no,237,yes,no,cellular,14,apr,1,263,1,failure,0,older
services,married,secondary,no,1674,yes,yes,cellular,4,feb,1,274,2,other,0,young
blue-collar,single,primary,yes,-627,yes,yes,unknown,27,may,1,-1,0,unknown,0,young
technician,married,secondary,no,-90,yes,no,cellular,28,jul,3,-1,0,unknown,0,young
blue-collar,divorced,primary,yes,0,yes,no,cellular,11,may,2,305,1,failure,0,young
management,married,tertiary,no,144,no,no,cellular,22,aug,4,-1,0,unknown,0,older
blue-collar,single,secondary,no,495,no,no,cellular,7,jul,3,-1,0,unknown,0,young
student,single,unknown,no,3,no,no,cellular,25,aug,2,-1,0,unknown,1,young
admin.,divorced,secondary,no,112,no,no,cellular,16,sep,3,-1,0,unknown,1,young
management,single,tertiary,no,3773,yes,no,cellular,9,feb,4,258,1,failure,0,young
management,single,tertiary,no,35,yes,no,cellular,17,apr,1,273,3,failure,0,young
blue-collar,married,secondary,no,250,yes,no,cellular,17,apr,3,-1,0,unknown,0,older
student,single,unknown,no,1,no,no,telephone,15,jun,4,-1,0,unknown,0,young
management,married,tertiary,no,1105,no,no,unknown,20,jun,6,-1,0,unknown,0,older
management,divorced,unknown,no,901,no,no,unknown,20,jun,3,-1,0,unknown,0,older
blue-collar,married,unknown,no,132,yes,no,unknown,6,may,1,-1,0,unknown,0,older
admin.,married,tertiary,no,685,yes,no,unknown,26,may,2,-1,0,unknown,0,young
management,married,tertiary,no,57,no,no,cellular,28,jul,19,-1,0,unknown,0,older
technician,married,secondary,no,994,no,no,cellular,5,feb,1,241,1,failure,0,young
management,married,tertiary,no,4328,no,no,cellular,27,apr,8,-1,0,unknown,0,young
technician,single,secondary,no,796,yes,yes,cellular,18,aug,4,-1,0,unknown,0,young
retired,married,primary,no,279,no,no,telephone,15,oct,1,-1,0,unknown,0,older
technician,single,tertiary,no,388,no,no,cellular,29,apr,3,-1,0,unknown,1,young
admin.,married,secondary,no,2430,yes,no,cellular,7,aug,2,-1,0,unknown,0,older
management,single,tertiary,no,354,no,no,cellular,30,apr,1,9,2,success,1,young
blue-collar,married,primary,no,2,yes,yes,cellular,20,nov,4,190,1,failure,0,older
blue-collar,married,secondary,no,818,no,no,cellular,9,jul,2,-1,0,unknown,0,young
self-employed,married,tertiary,no,1545,yes,no,unknown,21,may,2,-1,0,unknown,0,young
technician,divorced,secondary,no,-1,no,no,unknown,9,jun,1,-1,0,unknown,0,young
admin.,married,secondary,no,602,no,no,cellular,4,feb,2,150,6,success,1,older
blue-collar,married,secondary,no,0,yes,no,cellular,12,may,1,-1,0,unknown,0,young
technician,single,tertiary,no,1362,yes,no,unknown,21,may,1,-1,0,unknown,0,young
admin.,single,secondary,no,607,no,no,cellular,26,apr,1,326,3,other,0,young
technician,married,secondary,no,210,yes,yes,cellular,20,nov,1,-1,0,unknown,0,young
technician,married,tertiary,no,1796,no,no,cellular,28,jan,2,-1,0,unknown,0,older
blue-collar,married,secondary,no,32,yes,no,cellular,18,may,5,-1,0,unknown,0,older
management,married,tertiary,no,1907,no,no,cellular,30,apr,2,160,7,other,0,older
admin.,married,secondary,no,1073,yes,no,unknown,21,may,2,-1,0,unknown,0,young
services,married,secondary,no,446,yes,no,unknown,16,may,1,-1,0,unknown,1,young
technician,married,secondary,no,992,no,no,unknown,9,jun,1,-1,0,unknown,0,older
management,single,tertiary,no,311,yes,yes,cellular,27,oct,1,158,1,failure,0,older
management,married,tertiary,no,3762,no,no,cellular,28,aug,12,-1,0,unknown,0,older
services,married,secondary,no,-274,no,no,cellular,7,jul,1,-1,0,unknown,0,young
housemaid,single,tertiary,no,19,no,no,cellular,3,dec,1,230,1,success,1,young
management,married,tertiary,no,37378,yes,no,unknown,14,may,1,-1,0,unknown,0,older
blue-collar,married,secondary,no,678,yes,no,cellular,6,may,1,-1,0,unknown,0,young
blue-collar,married,secondary,no,2697,yes,no,cellular,20,apr,1,-1,0,unknown,0,young
management,married,tertiary,no,22867,yes,no,cellular,10,feb,1,92,5,success,0,young
admin.,single,secondary,no,242,yes,yes,unknown,28,may,1,-1,0,unknown,0,young
blue-collar,married,secondary,no,203,yes,no,unknown,3,jun,1,-1,0,unknown,0,young
admin.,divorced,secondary,no,-417,no,no,unknown,30,may,5,-1,0,unknown,0,young
blue-collar,married,primary,no,2901,yes,no,cellular,13,apr,4,-1,0,unknown,0,older
blue-collar,single,primary,no,354,no,no,cellular,4,feb,1,196,8,failure,0,young
technician,single,secondary,no,5731,yes,no,cellular,4,may,2,167,4,other,0,young
blue-collar,married,secondary,no,333,yes,no,cellular,8,may,2,-1,0,unknown,1,young
blue-collar,married,primary,no,305,yes,no,cellular,25,jul,2,-1,0,unknown,0,young
management,single,tertiary,no,2227,no,no,cellular,14,aug,2,-1,0,unknown,0,young
admin.,married,primary,no,127,yes,no,cellular,28,jan,1,-1,0,unknown,0,older
technician,single,tertiary,no,75,yes,yes,cellular,5,may,2,-1,0,unknown,0,young
management,married,tertiary,no,7331,no,no,cellular,11,sep,4,95,2,other,1,older
management,single,tertiary,no,199,no,yes,cellular,28,jul,7,-1,0,unknown,0,young
management,married,tertiary,no,173,no,no,cellular,28,aug,8,-1,0,unknown,0,young
technician,single,primary,no,2731,yes,no,cellular,14,apr,1,-1,0,unknown,0,young
admin.,married,tertiary,no,12276,no,no,unknown,20,jun,5,-1,0,unknown,0,older
blue-collar,married,secondary,no,0,yes,no,cellular,8,may,1,170,2,failure,0,young
management,divorced,tertiary,no,3257,yes,no,unknown,27,may,2,-1,0,unknown,0,older
technician,divorced,secondary,no,-453,no,yes,cellular,27,aug,9,-1,0,unknown,0,young
admin.,married,secondary,no,1739,yes,no,unknown,15,may,3,-1,0,unknown,0,older
services,married,secondary,no,254,yes,no,cellular,28,jul,2,-1,0,unknown,0,young
unemployed,married,secondary,no,41,yes,no,unknown,5,may,2,-1,0,unknown,0,older
management,married,tertiary,no,168,yes,no,unknown,28,may,1,-1,0,unknown,0,young
blue-collar,married,primary,no,3242,yes,no,unknown,21,may,1,-1,0,unknown,0,young
retired,married,primary,no,197,no,no,cellular,17,feb,1,-1,0,unknown,1,older
technician,married,secondary,no,116,no,no,cellular,22,may,2,-1,0,unknown,1,young
retired,married,secondary,no,1651,no,no,cellular,13,aug,2,-1,0,unknown,0,older
management,married,tertiary,no,1158,yes,no,telephone,12,may,6,342,1,other,0,older
blue-collar,married,primary,no,796,no,no,cellular,22,aug,2,-1,0,unknown,0,older
services,married,unknown,no,-516,yes,no,unknown,9,may,2,-1,0,unknown,0,young
admin.,married,secondary,no,234,yes,no,unknown,27,may,1,-1,0,unknown,0,young
self-employed,married,tertiary,no,943,no,no,cellular,20,nov,3,-1,0,unknown,0,young
entrepreneur,married,secondary,no,0,yes,yes,cellular,21,nov,5,190,1,failure,0,older
management,married,tertiary,no,1074,no,no,cellular,8,aug,8,-1,0,unknown,0,young
blue-collar,divorced,secondary,no,1125,no,yes,unknown,15,may,1,-1,0,unknown,0,young
management,married,tertiary,no,1996,no,no,cellular,8,feb,3,101,1,other,1,young
management,married,tertiary,no,158,no,no,cellular,9,sep,2,132,4,failure,1,young
blue-collar,married,secondary,no,292,no,no,cellular,30,apr,1,79,1,success,1,older
management,married,tertiary,no,1308,yes,no,cellular,2,feb,1,-1,0,unknown,1,young
blue-collar,married,primary,no,0,yes,yes,unknown,17,jun,27,-1,0,unknown,0,young
blue-collar,married,primary,no,0,no,no,unknown,18,jun,5,-1,0,unknown,0,older
management,married,tertiary,no,217,yes,no,cellular,28,aug,4,-1,0,unknown,0,older
services,single,secondary,no,1347,no,no,telephone,18,jun,6,92,5,other,1,young
blue-collar,married,primary,no,3873,no,no,telephone,21,apr,1,-1,0,unknown,0,older
services,married,secondary,no,3333,yes,yes,cellular,29,jul,2,-1,0,unknown,0,older
blue-collar,married,primary,no,1390,no,no,telephone,29,jul,2,-1,0,unknown,0,older
technician,single,secondary,no,376,no,no,cellular,13,aug,1,-1,0,unknown,1,young
technician,single,secondary,no,644,yes,yes,unknown,21,may,1,-1,0,unknown,0,young
admin.,divorced,secondary,no,1198,yes,yes,cellular,7,apr,1,307,1,other,0,older
technician,divorced,secondary,no,0,no,no,cellular,26,aug,2,-1,0,unknown,0,older
blue-collar,married,primary,no,3917,no,no,cellular,3,jun,2,93,1,success,1,older
retired,married,secondary,no,1220,no,no,cellular,7,sep,1,186,2,failure,0,older
management,single,tertiary,no,4543,yes,no,unknown,2,jun,5,-1,0,unknown,0,young
blue-collar,single,secondary,no,348,yes,no,unknown,9,may,2,-1,0,unknown,0,young
management,single,tertiary,no,2845,no,no,cellular,30,apr,2,-1,0,unknown,1,young
entrepreneur,married,secondary,no,93,no,no,cellular,7,jul,2,-1,0,unknown,0,older
admin.,single,secondary,no,155,yes,no,unknown,26,may,1,-1,0,unknown,0,young
management,single,tertiary,no,3283,no,no,cellular,12,aug,2,191,2,success,1,young
retired,married,primary,no,1947,no,no,cellular,3,sep,1,185,7,success,0,older
services,married,secondary,no,-108,yes,no,unknown,23,may,1,-1,0,unknown,0,young
management,divorced,tertiary,no,490,yes,no,unknown,7,may,2,-1,0,unknown,0,young
blue-collar,married,secondary,no,2366,yes,no,cellular,11,may,1,356,2,failure,0,young
self-employed,married,tertiary,no,3139,yes,no,cellular,18,nov,2,-1,0,unknown,0,young
services,single,tertiary,no,2564,yes,no,unknown,27,may,2,-1,0,unknown,0,young
blue-collar,married,secondary,no,-195,yes,no,unknown,13,may,1,-1,0,unknown,0,young
management,single,secondary,no,2968,no,no,unknown,20,jun,4,-1,0,unknown,0,older
student,single,secondary,no,132,no,no,cellular,4,jun,1,-1,0,unknown,1,young
admin.,single,secondary,no,1590,yes,no,cellular,20,apr,4,334,1,other,0,young
admin.,married,secondary,no,471,yes,no,unknown,2,jun,2,-1,0,unknown,0,young
admin.,single,secondary,no,506,yes,no,cellular,8,may,4,-1,0,unknown,0,young
retired,single,tertiary,no,1285,no,no,telephone,1,feb,2,91,7,failure,0,older
technician,single,tertiary,no,60,yes,yes,unknown,7,may,5,-1,0,unknown,0,young
housemaid,married,unknown,no,909,no,no,cellular,20,aug,3,-1,0,unknown,0,older
management,single,tertiary,no,751,yes,no,unknown,8,may,1,-1,0,unknown,0,young
entrepreneur,married,secondary,no,245,yes,no,unknown,14,may,3,-1,0,unknown,0,older
management,divorced,tertiary,no,2813,yes,no,cellular,13,may,1,-1,0,unknown,0,older
self-employed,married,secondary,no,173,no,no,cellular,18,aug,5,-1,0,unknown,0,young
management,single,tertiary,no,8265,yes,no,cellular,21,nov,3,-1,0,unknown,0,older
services,single,secondary,no,897,yes,no,telephone,13,may,4,176,2,failure,0,older
retired,married,secondary,no,143,yes,no,unknown,6,may,3,-1,0,unknown,0,older
blue-collar,single,secondary,no,278,no,no,cellular,2,feb,1,-1,0,unknown,0,young
retired,married,primary,no,400,yes,no,telephone,28,jul,3,-1,0,unknown,0,older
blue-collar,married,secondary,no,681,yes,no,telephone,19,aug,6,492,2,failure,0,older
services,single,secondary,no,568,yes,no,unknown,16,may,2,-1,0,unknown,0,young
admin.,divorced,secondary,no,1,yes,no,unknown,8,may,5,-1,0,unknown,0,young
admin.,married,secondary,no,1380,yes,no,cellular,12,may,1,-1,0,unknown,0,older
blue-collar,married,primary,no,23,yes,no,unknown,20,may,6,-1,0,unknown,0,older
housemaid,married,secondary,no,3923,yes,no,cellular,20,nov,8,190,3,success,0,older
technician,married,primary,no,139,no,no,unknown,5,may,2,-1,0,unknown,0,older
retired,married,primary,no,207,yes,no,unknown,8,may,1,-1,0,unknown,0,older
blue-collar,married,secondary,no,625,yes,yes,cellular,11,may,1,-1,0,unknown,0,young
admin.,married,secondary,no,688,yes,no,unknown,21,may,1,-1,0,unknown,0,young
housemaid,married,primary,no,108,no,no,unknown,16,jun,2,-1,0,unknown,0,older
blue-collar,married,secondary,no,647,yes,no,cellular,17,apr,2,331,1,other,0,young
services,single,secondary,no,848,no,no,unknown,5,jun,2,-1,0,unknown,0,older
housemaid,married,primary,no,333,no,no,telephone,1,oct,1,-1,0,unknown,0,older
technician,married,secondary,no,255,no,yes,cellular,25,aug,5,-1,0,unknown,0,young
blue-collar,single,secondary,no,309,yes,no,unknown,13,may,1,-1,0,unknown,0,young
technician,married,secondary,no,981,no,no,cellular,25,aug,4,-1,0,unknown,0,older
self-employed,married,tertiary,no,263,no,no,cellular,16,nov,4,94,3,failure,0,young
self-employed,married,tertiary,no,81,yes,no,cellular,16,jul,8,-1,0,unknown,0,young
management,married,tertiary,no,727,yes,no,cellular,17,jul,1,-1,0,unknown,0,young
management,single,tertiary,no,6164,yes,no,unknown,27,may,11,-1,0,unknown,0,young
management,single,tertiary,no,0,yes,no,cellular,18,nov,2,168,1,other,0,young
blue-collar,married,primary,no,255,no,no,cellular,22,aug,2,-1,0,unknown,0,older
blue-collar,married,primary,no,563,yes,no,unknown,30,may,1,-1,0,unknown,0,young
blue-collar,married,primary,no,6812,yes,no,cellular,7,aug,3,-1,0,unknown,0,older
management,single,tertiary,no,58,no,no,cellular,29,aug,2,-1,0,unknown,0,young
blue-collar,single,secondary,no,1012,yes,no,unknown,23,may,1,-1,0,unknown,0,young
technician,married,secondary,no,0,no,no,cellular,19,aug,3,-1,0,unknown,0,older
blue-collar,married,primary,no,1903,yes,no,unknown,23,may,3,-1,0,unknown,0,young
management,single,tertiary,no,243,yes,no,cellular,7,may,2,360,3,failure,0,young
entrepreneur,married,secondary,no,680,yes,no,unknown,19,may,2,-1,0,unknown,0,young
management,married,tertiary,no,5108,yes,no,cellular,18,dec,1,182,2,failure,1,older
management,married,secondary,no,149,no,no,cellular,21,nov,2,-1,0,unknown,1,older
retired,divorced,primary,no,1420,no,no,unknown,23,jun,4,-1,0,unknown,0,older
services,single,secondary,no,344,yes,no,cellular,18,may,1,-1,0,unknown,1,young
management,married,secondary,no,1989,no,no,unknown,17,jun,2,-1,0,unknown,0,young
management,married,tertiary,yes,-1586,yes,yes,cellular,16,jul,2,-1,0,unknown,0,young
management,married,tertiary,no,561,no,no,cellular,15,jun,1,-1,0,unknown,1,older
blue-collar,divorced,primary,no,1265,no,yes,cellular,7,jul,1,-1,0,unknown,1,older
blue-collar,married,secondary,no,0,yes,no,cellular,3,feb,2,-1,0,unknown,0,older
technician,married,secondary,no,1982,yes,yes,cellular,22,aug,15,-1,0,unknown,0,older
self-employed,married,tertiary,no,252,yes,no,cellular,15,may,6,-1,0,unknown,0,young
management,single,tertiary,no,882,no,yes,cellular,29,jan,1,205,2,failure,0,young
blue-collar,single,secondary,no,99,yes,no,unknown,2,jun,4,-1,0,unknown,0,young
technician,single,secondary,no,4089,yes,no,unknown,19,may,1,-1,0,unknown,0,older
services,single,secondary,no,1736,yes,no,unknown,29,may,3,-1,0,unknown,0,young
blue-collar,single,secondary,yes,81,no,no,cellular,19,nov,3,-1,0,unknown,0,older
self-employed,married,secondary,no,39,no,no,unknown,17,jun,1,-1,0,unknown,0,older
retired,married,secondary,no,1129,no,no,cellular,25,nov,1,91,1,success,1,older
management,married,tertiary,no,185,no,no,cellular,21,aug,12,-1,0,unknown,0,older
self-employed,married,secondary,no,-163,yes,no,cellular,20,aug,2,-1,0,unknown,0,older
housemaid,married,tertiary,no,1005,no,no,cellular,17,jul,3,-1,0,unknown,0,older
retired,divorced,primary,no,1193,yes,no,cellular,30,jul,2,-1,0,unknown,0,older
entrepreneur,married,tertiary,no,0,no,no,cellular,20,nov,1,-1,0,unknown,0,young
management,divorced,tertiary,no,1145,yes,no,unknown,26,may,4,-1,0,unknown,1,young
admin.,divorced,secondary,no,-429,no,yes,cellular,19,nov,2,119,4,failure,0,older
management,married,secondary,no,491,yes,yes,cellular,11,may,4,-1,0,unknown,0,older
management,married,tertiary,no,2374,yes,yes,cellular,20,jul,2,215,6,other,0,young
self-employed,married,secondary,no,187,no,yes,telephone,16,feb,21,-1,0,unknown,0,young
technician,single,secondary,no,7867,yes,no,unknown,21,may,2,-1,0,unknown,0,young
management,single,secondary,no,278,no,no,cellular,8,may,2,-1,0,unknown,0,young
management,single,tertiary,no,-67,yes,no,unknown,5,may,1,-1,0,unknown,0,young
blue-collar,married,primary,no,53,yes,no,cellular,7,apr,1,140,1,failure,0,older
blue-collar,married,tertiary,no,902,yes,no,telephone,28,jul,2,-1,0,unknown,0,young
blue-collar,single,primary,no,758,yes,no,unknown,15,may,1,-1,0,unknown,0,young
technician,married,secondary,no,0,yes,no,cellular,6,apr,1,-1,0,unknown,0,young
admin.,married,secondary,no,684,yes,no,cellular,20,nov,1,-1,0,unknown,0,older
technician,single,tertiary,no,47,yes,no,cellular,3,feb,7,204,3,failure,0,young
technician,married,secondary,no,901,yes,no,unknown,21,may,3,-1,0,unknown,0,young
housemaid,married,primary,no,379,no,no,cellular,17,jul,2,-1,0,unknown,0,older
management,divorced,tertiary,no,2679,no,no,cellular,20,nov,3,-1,0,unknown,1,older
technician,single,secondary,no,52,no,no,cellular,19,aug,4,-1,0,unknown,0,young
blue-collar,married,primary,no,0,yes,yes,unknown,8,may,3,-1,0,unknown,0,older
blue-collar,married,secondary,no,708,yes,no,telephone,21,nov,1,-1,0,unknown,0,young
entrepreneur,married,tertiary,no,0,no,no,unknown,19,jun,3,-1,0,unknown,0,older
technician,single,secondary,no,-218,yes,no,cellular,18,may,2,-1,0,unknown,0,young
unemployed,divorced,secondary,no,1713,yes,no,unknown,30,may,2,-1,0,unknown,1,older
blue-collar,married,primary,no,226,yes,no,unknown,19,jun,5,-1,0,unknown,0,older
self-employed,divorced,tertiary,no,1070,yes,no,cellular,12,aug,2,104,3,success,1,older
management,married,primary,no,1749,yes,no,unknown,29,may,1,-1,0,unknown,0,young
technician,married,tertiary,no,51,no,no,telephone,27,aug,9,-1,0,unknown,0,young
self-employed,single,secondary,no,3761,no,yes,cellular,23,jul,3,-1,0,unknown,0,young
management,single,tertiary,no,23867,no,no,unknown,20,may,3,-1,0,unknown,0,young
blue-collar,married,secondary,no,886,no,no,unknown,16,may,4,-1,0,unknown,0,older
blue-collar,married,secondary,no,-260,yes,yes,cellular,17,jul,2,-1,0,unknown,0,young
unknown,married,unknown,no,549,no,no,telephone,28,jan,2,-1,0,unknown,0,older
blue-collar,married,secondary,no,846,yes,no,cellular,31,jul,2,-1,0,unknown,0,older
management,married,tertiary,no,3327,no,no,cellular,25,aug,7,-1,0,unknown,0,older
services,married,secondary,no,1399,no,no,cellular,28,jul,6,-1,0,unknown,0,young
services,married,secondary,no,146,yes,yes,unknown,3,jun,1,-1,0,unknown,0,older
management,divorced,tertiary,no,1343,yes,yes,unknown,16,may,1,-1,0,unknown,0,young
technician,married,secondary,no,169,yes,no,cellular,18,aug,4,-1,0,unknown,0,young
admin.,married,secondary,no,-728,yes,no,cellular,11,jul,1,-1,0,unknown,0,young
blue-collar,married,primary,no,-10,yes,no,unknown,9,may,4,-1,0,unknown,0,older
admin.,single,secondary,no,182,yes,no,unknown,3,jun,1,-1,0,unknown,0,young
blue-collar,single,unknown,no,4684,no,no,unknown,20,jun,6,-1,0,unknown,0,older
technician,single,secondary,no,5763,no,yes,cellular,5,jun,2,92,2,success,0,young
blue-collar,single,secondary,no,641,yes,no,cellular,17,jul,2,-1,0,unknown,0,young
blue-collar,married,secondary,no,1766,no,yes,cellular,5,jun,2,-1,0,unknown,1,young
management,married,primary,no,-155,yes,no,cellular,17,nov,1,-1,0,unknown,0,older
blue-collar,married,unknown,no,402,yes,no,cellular,4,feb,1,204,2,failure,0,older
self-employed,single,tertiary,no,351,no,no,cellular,30,apr,1,84,1,failure,0,young
management,single,tertiary,no,871,no,no,cellular,17,jul,5,-1,0,unknown,0,older
housemaid,married,primary,no,1371,no,no,unknown,18,jun,8,-1,0,unknown,0,older
admin.,divorced,secondary,no,67,yes,no,unknown,6,may,1,-1,0,unknown,0,young
self-employed,single,tertiary,no,917,no,yes,cellular,17,nov,3,-1,0,unknown,0,young
management,single,tertiary,no,9956,yes,no,unknown,13,may,2,-1,0,unknown,0,older
services,single,secondary,no,0,yes,no,cellular,6,may,3,-1,0,unknown,0,young
management,divorced,tertiary,no,60,no,no,cellular,19,aug,2,-1,0,unknown,0,older
blue-collar,married,secondary,no,173,no,yes,telephone,9,jul,8,-1,0,unknown,0,older
blue-collar,married,primary,no,206,yes,no,cellular,14,may,2,-1,0,unknown,0,young
technician,married,secondary,no,0,no,no,cellular,12,aug,1,104,3,success,0,older
admin.,single,secondary,no,1810,yes,no,cellular,25,may,2,-1,0,unknown,0,young
admin.,married,secondary,no,1098,yes,no,unknown,23,may,2,-1,0,unknown,0,young
unemployed,single,secondary,no,836,no,no,cellular,18,nov,1,-1,0,unknown,0,older
blue-collar,divorced,primary,no,338,yes,no,unknown,21,may,12,-1,0,unknown,0,older
admin.,married,secondary,no,1004,yes,no,unknown,9,jun,1,-1,0,unknown,0,older
unemployed,married,secondary,no,2040,no,no,telephone,2,feb,1,-1,0,unknown,1,older
blue-collar,married,secondary,no,2885,yes,no,unknown,30,may,3,-1,0,unknown,0,older
management,married,primary,no,2793,yes,no,telephone,25,jul,4,-1,0,unknown,0,older
management,single,tertiary,no,1836,yes,no,cellular,12,aug,2,-1,0,unknown,0,young
blue-collar,married,secondary,no,1602,yes,no,unknown,6,may,1,-1,0,unknown,0,older
management,married,primary,no,630,yes,no,cellular,17,apr,2,-1,0,unknown,0,older
technician,married,secondary,no,272,no,yes,cellular,17,jul,1,-1,0,unknown,0,older
admin.,married,secondary,no,196,yes,yes,cellular,19,nov,1,-1,0,unknown,0,older
management,divorced,tertiary,no,318,yes,no,cellular,6,may,2,355,2,failure,0,older
blue-collar,married,primary,no,305,yes,no,cellular,25,jul,2,-1,0,unknown,0,young
technician,married,tertiary,no,67,yes,no,cellular,16,apr,2,-1,0,unknown,0,young
blue-collar,married,secondary,no,0,no,no,unknown,2,jun,1,-1,0,unknown,0,older
management,married,tertiary,no,176,yes,yes,cellular,14,jul,2,-1,0,unknown,0,older
blue-collar,married,primary,no,365,no,no,unknown,26,may,2,-1,0,unknown,0,older
blue-collar,married,secondary,no,0,yes,no,cellular,30,jul,3,-1,0,unknown,0,young
admin.,married,secondary,no,0,yes,no,cellular,24,jul,2,-1,0,unknown,0,young
technician,married,tertiary,no,108,no,no,cellular,28,may,3,28,2,other,0,young
management,married,tertiary,no,9,yes,no,telephone,8,may,3,358,3,failure,0,older
entrepreneur,married,tertiary,no,0,no,no,cellular,16,feb,2,-1,0,unknown,1,older
student,single,tertiary,no,7,yes,no,telephone,4,feb,2,247,1,other,0,young
blue-collar,divorced,primary,no,548,yes,yes,unknown,30,may,1,-1,0,unknown,0,young
admin.,divorced,secondary,no,138,yes,yes,unknown,20,may,1,-1,0,unknown,0,young
retired,married,primary,no,213,no,no,cellular,27,aug,3,-1,0,unknown,0,older
management,single,tertiary,no,5691,yes,no,cellular,21,jul,1,-1,0,unknown,0,young
admin.,single,secondary,no,1150,yes,no,unknown,28,may,1,-1,0,unknown,0,older
student,single,tertiary,no,185,yes,no,unknown,7,may,3,-1,0,unknown,0,young
student,single,secondary,no,2015,no,no,cellular,26,jul,2,182,2,failure,0,young
blue-collar,married,primary,no,2929,yes,no,cellular,21,nov,2,184,1,other,0,young
technician,single,secondary,no,258,no,no,unknown,3,jun,3,-1,0,unknown,0,young
management,married,tertiary,no,402,yes,no,unknown,13,may,2,-1,0,unknown,0,young
management,married,tertiary,no,-242,yes,yes,cellular,18,may,4,332,4,other,1,young
housemaid,married,secondary,no,0,no,no,cellular,17,nov,1,-1,0,unknown,0,older
technician,divorced,tertiary,no,2298,yes,no,cellular,29,jul,1,-1,0,unknown,0,older
management,single,tertiary,no,230,yes,yes,unknown,6,may,1,-1,0,unknown,0,young
technician,married,tertiary,no,1179,yes,no,cellular,25,sep,1,-1,0,unknown,0,young
blue-collar,married,primary,no,-239,yes,no,unknown,26,may,1,-1,0,unknown,0,young
admin.,divorced,secondary,no,1049,no,yes,unknown,4,jun,6,-1,0,unknown,0,older
blue-collar,married,primary,no,476,no,no,cellular,11,aug,3,-1,0,unknown,1,older
housemaid,married,primary,no,2054,no,no,cellular,25,aug,6,-1,0,unknown,1,young
admin.,married,secondary,no,2062,no,no,unknown,30,jun,4,-1,0,unknown,0,older
blue-collar,married,secondary,no,-39,yes,no,cellular,18,may,2,-1,0,unknown,0,young
admin.,married,secondary,no,560,yes,no,unknown,5,may,3,-1,0,unknown,0,young
technician,single,secondary,no,-208,yes,yes,unknown,13,may,1,-1,0,unknown,0,young
admin.,married,secondary,no,401,yes,no,cellular,17,nov,1,129,2,failure,0,young
retired,married,secondary,no,102,no,no,cellular,6,may,1,-1,0,unknown,0,young
admin.,single,secondary,no,26,yes,no,cellular,7,may,2,-1,0,unknown,0,young
blue-collar,married,primary,no,-327,yes,yes,cellular,5,may,1,294,7,other,0,young
technician,married,secondary,yes,0,no,yes,cellular,31,jul,28,-1,0,unknown,0,young
self-employed,married,tertiary,no,66,yes,no,telephone,12,may,2,-1,0,unknown,0,older
blue-collar,married,secondary,no,4777,yes,no,cellular,20,nov,1,-1,0,unknown,0,young
technician,married,secondary,no,2020,yes,no,cellular,17,nov,1,131,1,failure,0,older
services,married,secondary,no,4,yes,no,cellular,11,jul,2,-1,0,unknown,0,young
admin.,divorced,tertiary,no,994,yes,no,cellular,13,may,3,-1,0,unknown,0,older
management,married,tertiary,no,23189,yes,no,unknown,14,may,1,-1,0,unknown,0,older
unknown,single,unknown,no,0,no,no,unknown,5,jun,1,-1,0,unknown,0,older
admin.,divorced,secondary,no,1128,yes,no,unknown,8,may,2,-1,0,unknown,0,young
retired,married,primary,no,420,no,no,cellular,19,aug,2,-1,0,unknown,0,older
self-employed,married,secondary,no,546,no,no,cellular,4,aug,2,-1,0,unknown,0,older
blue-collar,married,secondary,no,730,yes,no,cellular,20,apr,5,328,8,other,0,young
blue-collar,divorced,secondary,no,77,yes,no,unknown,26,may,3,-1,0,unknown,0,older
management,married,secondary,no,5193,no,no,cellular,23,apr,2,-1,0,unknown,0,older
blue-collar,married,secondary,no,5874,no,no,unknown,19,jun,1,-1,0,unknown,0,older
technician,divorced,secondary,no,311,no,no,cellular,6,aug,2,-1,0,unknown,1,young
management,single,tertiary,no,99,yes,yes,unknown,16,may,4,-1,0,unknown,0,young
management,single,tertiary,no,280,no,no,cellular,25,aug,11,-1,0,unknown,0,young
unemployed,single,tertiary,no,1513,yes,no,unknown,8,may,1,-1,0,unknown,0,older
technician,married,secondary,no,297,no,no,cellular,19,aug,4,-1,0,unknown,0,young
admin.,single,secondary,no,277,yes,no,unknown,14,may,1,-1,0,unknown,0,older
services,married,secondary,no,642,yes,no,cellular,30,jan,1,2,3,other,0,older
technician,single,secondary,no,706,yes,no,cellular,18,may,1,-1,0,unknown,1,young
blue-collar,single,secondary,no,111,yes,no,unknown,9,may,2,-1,0,unknown,0,young
blue-collar,single,secondary,no,381,yes,no,cellular,7,may,1,-1,0,unknown,0,young
management,married,unknown,no,641,no,no,cellular,21,nov,3,-1,0,unknown,0,older
blue-collar,divorced,secondary,no,1614,yes,no,cellular,15,may,2,297,1,other,0,young
admin.,married,secondary,no,416,yes,yes,unknown,18,jun,2,-1,0,unknown,0,young
admin.,married,secondary,no,820,yes,no,unknown,30,may,2,-1,0,unknown,0,older
blue-collar,married,primary,no,673,no,yes,cellular,14,aug,6,-1,0,unknown,0,older
services,married,primary,no,821,yes,yes,cellular,8,apr,2,-1,0,unknown,0,older
admin.,single,secondary,no,1958,no,no,telephone,29,jan,1,206,6,failure,0,older
management,married,tertiary,no,3301,yes,no,cellular,17,sep,5,92,6,success,1,young
technician,single,secondary,no,0,no,no,cellular,8,jul,1,-1,0,unknown,0,young
services,married,secondary,no,507,yes,no,cellular,17,apr,1,344,1,failure,0,young
admin.,married,secondary,no,1597,yes,no,cellular,16,apr,2,321,1,failure,0,older
management,married,tertiary,no,1781,no,no,cellular,17,nov,2,-1,0,unknown,0,older
technician,married,tertiary,no,579,yes,no,unknown,16,jun,3,-1,0,unknown,0,young
services,married,secondary,no,-27,yes,yes,cellular,7,jul,4,-1,0,unknown,0,young
technician,married,tertiary,yes,-736,no,no,cellular,31,jul,8,-1,0,unknown,0,older
blue-collar,married,primary,no,358,yes,no,unknown,23,may,4,-1,0,unknown,0,young
blue-collar,married,secondary,no,279,no,no,cellular,28,aug,3,-1,0,unknown,0,older
technician,married,secondary,no,351,no,yes,cellular,7,jul,1,-1,0,unknown,0,young
retired,married,secondary,no,0,yes,no,unknown,15,may,1,-1,0,unknown,0,older
technician,married,secondary,no,4,yes,no,cellular,2,feb,2,263,1,failure,0,young
technician,divorced,secondary,no,5674,yes,no,cellular,18,nov,1,-1,0,unknown,0,young
technician,single,secondary,no,3059,no,yes,cellular,6,aug,2,-1,0,unknown,1,young
retired,single,tertiary,no,212,no,no,unknown,9,jun,1,-1,0,unknown,0,older
blue-collar,single,secondary,no,49,no,yes,unknown,27,may,2,-1,0,unknown,0,young
retired,married,tertiary,no,31,no,no,cellular,19,aug,2,-1,0,unknown,0,older
management,married,tertiary,no,17,no,yes,cellular,11,jul,1,-1,0,unknown,0,young
technician,married,tertiary,no,0,no,no,cellular,22,aug,2,-1,0,unknown,0,young
admin.,single,secondary,no,303,no,no,cellular,24,sep,2,190,10,other,1,young
admin.,single,secondary,no,3068,yes,no,cellular,18,may,2,-1,0,unknown,0,young
management,divorced,tertiary,no,15,no,no,unknown,6,nov,1,-1,0,unknown,0,older
blue-collar,divorced,primary,no,515,yes,no,cellular,13,apr,2,146,1,failure,0,older
admin.,divorced,tertiary,no,0,yes,yes,cellular,12,jan,1,64,6,other,0,older
management,single,tertiary,no,115,no,no,unknown,5,may,4,-1,0,unknown,0,older
blue-collar,married,secondary,no,705,yes,no,cellular,17,apr,2,-1,0,unknown,0,older
blue-collar,single,unknown,no,461,yes,no,cellular,7,may,1,-1,0,unknown,0,young
technician,divorced,secondary,no,5957,yes,no,cellular,18,nov,2,-1,0,unknown,0,young
blue-collar,married,secondary,no,1808,yes,no,cellular,12,may,1,-1,0,unknown,1,young
management,divorced,tertiary,no,1016,yes,no,cellular,29,jan,2,234,5,failure,0,older
services,married,secondary,no,2132,no,no,unknown,5,jun,1,-1,0,unknown,0,young
management,married,primary,no,3544,no,no,unknown,19,may,4,-1,0,unknown,0,older
blue-collar,single,secondary,no,-390,yes,no,cellular,5,may,1,-1,0,unknown,0,young
housemaid,married,primary,no,882,no,no,telephone,14,aug,4,-1,0,unknown,0,older
technician,married,secondary,no,1299,yes,no,cellular,25,may,1,-1,0,unknown,0,older
admin.,single,secondary,no,92,yes,no,unknown,13,may,1,-1,0,unknown,0,young
management,married,tertiary,no,-892,yes,yes,cellular,14,aug,2,-1,0,unknown,0,older
technician,married,secondary,no,1830,yes,no,unknown,21,may,1,-1,0,unknown,0,young
management,single,secondary,no,2383,yes,no,cellular,31,jul,6,-1,0,unknown,0,young
technician,married,tertiary,no,1207,no,no,cellular,22,aug,3,-1,0,unknown,0,young
management,divorced,secondary,no,2666,yes,no,unknown,30,may,2,-1,0,unknown,0,older
technician,divorced,secondary,no,2270,no,no,unknown,20,jun,4,-1,0,unknown,0,older
technician,single,secondary,no,2019,yes,no,unknown,4,jun,1,-1,0,unknown,0,young
management,single,tertiary,no,1496,yes,no,cellular,18,may,1,269,4,failure,0,young
management,married,tertiary,no,1435,yes,no,cellular,7,may,1,-1,0,unknown,1,older
blue-collar,married,secondary,no,4771,yes,no,cellular,17,apr,1,-1,0,unknown,0,young
management,married,tertiary,no,134,yes,no,unknown,19,may,1,-1,0,unknown,0,young
management,married,tertiary,no,2226,yes,no,cellular,18,aug,8,-1,0,unknown,0,young
management,married,tertiary,no,0,no,yes,cellular,31,jul,2,-1,0,unknown,0,young
technician,divorced,secondary,no,1262,yes,no,unknown,26,may,11,-1,0,unknown,1,older
technician,single,secondary,no,-125,yes,no,unknown,9,may,3,-1,0,unknown,0,young
unknown,married,secondary,no,179,no,no,cellular,8,aug,8,-1,0,unknown,0,young
admin.,single,secondary,no,1117,yes,no,unknown,8,may,2,-1,0,unknown,0,young
management,single,tertiary,no,0,no,no,cellular,29,aug,2,-1,0,unknown,0,young
admin.,single,secondary,no,473,no,no,cellular,5,feb,2,8,1,other,0,older
blue-collar,married,secondary,no,519,yes,yes,cellular,14,may,1,-1,0,unknown,0,young
technician,single,secondary,no,769,yes,yes,cellular,14,may,3,-1,0,unknown,0,young
self-employed,married,tertiary,no,634,yes,no,cellular,21,nov,2,-1,0,unknown,0,young
management,married,secondary,no,859,no,no,cellular,28,aug,15,-1,0,unknown,0,young
technician,divorced,secondary,no,30,no,yes,cellular,15,jul,2,-1,0,unknown,0,older
admin.,married,tertiary,no,12276,no,no,unknown,20,jun,5,-1,0,unknown,0,older
blue-collar,divorced,secondary,no,98,yes,no,cellular,29,jan,2,-1,0,unknown,0,young
management,married,tertiary,no,91,yes,no,unknown,9,may,2,-1,0,unknown,0,older
blue-collar,married,primary,no,874,no,no,cellular,6,aug,1,-1,0,unknown,1,older
housemaid,married,tertiary,no,357,yes,no,cellular,18,nov,2,-1,0,unknown,0,young
management,married,tertiary,no,32,no,no,cellular,29,aug,7,-1,0,unknown,0,young
management,single,tertiary,no,375,yes,no,unknown,8,may,2,-1,0,unknown,0,young
unemployed,married,secondary,no,304,yes,no,unknown,12,may,2,-1,0,unknown,0,older
blue-collar,married,secondary,no,561,yes,no,cellular,14,may,1,339,2,failure,0,young
technician,married,secondary,no,561,yes,no,unknown,30,may,2,-1,0,unknown,0,older
services,divorced,secondary,no,2140,yes,no,cellular,16,apr,1,-1,0,unknown,0,young
management,divorced,tertiary,yes,0,no,no,cellular,24,jul,1,-1,0,unknown,0,older
technician,single,secondary,no,1693,yes,no,cellular,26,may,1,105,1,success,0,young
management,married,tertiary,no,332,yes,no,cellular,22,may,7,-1,0,unknown,0,young
student,single,tertiary,no,0,no,no,cellular,6,aug,5,3,6,other,0,young
blue-collar,divorced,unknown,no,103,yes,no,cellular,21,jul,3,-1,0,unknown,0,older
technician,married,secondary,no,197,no,no,unknown,7,may,1,-1,0,unknown,0,older
admin.,divorced,secondary,no,145,no,no,cellular,8,jul,5,-1,0,unknown,0,young
technician,married,tertiary,no,-210,yes,yes,unknown,23,may,1,-1,0,unknown,0,older
blue-collar,single,primary,no,553,yes,no,cellular,7,may,3,321,3,failure,0,young
entrepreneur,divorced,tertiary,no,567,yes,no,cellular,17,nov,2,-1,0,unknown,0,older
blue-collar,divorced,secondary,no,421,yes,no,cellular,15,may,7,360,4,other,0,young
blue-collar,married,primary,yes,-56,yes,no,unknown,27,may,1,-1,0,unknown,0,young
housemaid,married,tertiary,no,38,yes,no,unknown,15,may,7,-1,0,unknown,0,older
blue-collar,married,secondary,no,-10,yes,no,cellular,11,may,1,370,1,failure,0,young
blue-collar,single,secondary,no,197,no,no,cellular,30,jul,6,-1,0,unknown,0,older
retired,married,primary,no,2722,no,no,unknown,16,jun,1,-1,0,unknown,0,older
technician,married,secondary,no,-237,yes,yes,unknown,15,may,3,-1,0,unknown,0,older
management,single,tertiary,no,147,no,no,cellular,9,jun,2,92,3,success,1,young
management,single,tertiary,no,933,yes,no,cellular,9,jul,1,-1,0,unknown,0,young
management,married,secondary,no,173,no,no,unknown,23,may,5,-1,0,unknown,0,older
technician,married,tertiary,no,104,no,no,unknown,23,jul,1,-1,0,unknown,0,young
management,divorced,tertiary,no,-5,yes,no,cellular,5,feb,1,8,1,other,0,older
self-employed,married,tertiary,yes,-3313,yes,yes,unknown,9,may,1,-1,0,unknown,0,older
blue-collar,married,primary,no,-219,yes,no,cellular,17,apr,1,-1,0,unknown,0,young
management,married,tertiary,no,536,no,no,unknown,20,jun,3,-1,0,unknown,0,older
blue-collar,married,unknown,no,3783,no,no,unknown,9,jun,1,-1,0,unknown,0,young
housemaid,married,secondary,no,4610,no,no,cellular,14,aug,2,-1,0,unknown,0,young
blue-collar,single,tertiary,no,3649,yes,no,unknown,17,jun,2,-1,0,unknown,0,young
technician,single,secondary,no,1521,yes,no,unknown,16,jun,2,-1,0,unknown,0,young
entrepreneur,married,tertiary,no,1514,no,yes,cellular,24,jul,3,-1,0,unknown,0,young
technician,married,secondary,no,61,yes,no,unknown,28,may,1,-1,0,unknown,0,young
student,single,unknown,no,417,no,no,cellular,10,aug,1,181,1,success,1,young
blue-collar,married,secondary,no,1660,yes,no,unknown,6,may,1,-1,0,unknown,0,older
blue-collar,married,secondary,no,92,yes,no,telephone,29,jan,1,-1,0,unknown,0,young
technician,married,tertiary,no,10451,yes,no,cellular,2,feb,1,-1,0,unknown,0,young
management,married,tertiary,no,0,yes,yes,cellular,10,jul,1,-1,0,unknown,0,young
technician,divorced,secondary,no,-26,yes,yes,cellular,19,nov,1,113,2,other,0,older
blue-collar,married,secondary,no,-565,yes,no,unknown,18,jun,3,-1,0,unknown,0,young
self-employed,married,tertiary,no,1930,no,no,cellular,20,nov,1,-1,0,unknown,0,young
services,married,secondary,no,5567,no,no,cellular,24,jul,1,-1,0,unknown,0,older
blue-collar,single,secondary,no,982,yes,no,cellular,14,may,1,-1,0,unknown,0,young
retired,divorced,tertiary,no,158,no,yes,cellular,21,jul,1,-1,0,unknown,1,older
admin.,divorced,secondary,no,687,yes,yes,unknown,23,may,1,-1,0,unknown,0,older
retired,married,primary,no,0,yes,yes,cellular,13,aug,2,-1,0,unknown,0,older
services,divorced,secondary,no,5267,yes,no,unknown,6,jun,2,-1,0,unknown,0,young
admin.,married,primary,no,1119,no,no,cellular,30,apr,2,-1,0,unknown,0,older
blue-collar,single,secondary,no,39,no,no,cellular,13,may,2,299,3,failure,0,young
housemaid,married,primary,no,618,yes,yes,cellular,30,apr,1,85,1,failure,0,older
management,married,tertiary,no,0,yes,no,cellular,24,jul,2,-1,0,unknown,0,older
blue-collar,married,primary,no,0,yes,no,unknown,14,may,1,-1,0,unknown,0,older
technician,married,unknown,no,178,yes,no,unknown,6,may,1,-1,0,unknown,0,older
technician,married,secondary,no,197,no,no,unknown,7,may,1,-1,0,unknown,0,older
services,married,secondary,no,1053,yes,no,telephone,30,jan,1,259,1,failure,0,young
management,married,tertiary,no,964,yes,yes,cellular,17,jul,1,-1,0,unknown,0,older
management,single,tertiary,no,633,yes,no,cellular,17,apr,3,-1,0,unknown,0,young
unemployed,divorced,secondary,no,1144,yes,no,unknown,6,may,1,-1,0,unknown,0,young
retired,married,primary,no,742,no,no,unknown,20,oct,1,-1,0,unknown,0,older
unemployed,married,secondary,no,18,no,no,cellular,31,jul,1,-1,0,unknown,0,older
technician,married,tertiary,no,3743,yes,no,cellular,18,may,4,-1,0,unknown,1,young
admin.,divorced,secondary,no,8548,yes,no,cellular,14,may,8,-1,0,unknown,0,older
technician,married,tertiary,no,34,no,yes,cellular,3,jun,1,-1,0,unknown,0,young
management,single,tertiary,no,0,no,no,cellular,22,aug,4,-1,0,unknown,0,older
technician,married,tertiary,no,108,no,no,cellular,28,may,3,28,2,other,0,young
services,divorced,secondary,no,319,yes,no,unknown,6,jun,3,-1,0,unknown,1,young
services,divorced,secondary,no,496,yes,yes,unknown,29,may,15,-1,0,unknown,0,older
blue-collar,married,secondary,no,129,yes,no,cellular,29,jul,7,-1,0,unknown,0,young
technician,married,secondary,no,394,no,no,cellular,22,aug,13,-1,0,unknown,0,young
retired,married,primary,no,2223,no,no,telephone,10,aug,2,187,1,success,0,older
services,married,secondary,no,3039,yes,yes,cellular,11,may,2,-1,0,unknown,0,young
blue-collar,married,primary,no,85,no,no,cellular,25,aug,4,-1,0,unknown,0,older
admin.,single,secondary,no,-103,yes,no,unknown,12,may,4,-1,0,unknown,0,young
housemaid,single,secondary,no,-178,yes,no,unknown,6,jun,5,-1,0,unknown,0,young
self-employed,married,tertiary,no,917,no,no,cellular,9,jul,5,-1,0,unknown,0,older
management,married,tertiary,no,1654,no,yes,cellular,21,nov,1,-1,0,unknown,0,young
entrepreneur,married,tertiary,no,287,yes,yes,unknown,30,may,2,-1,0,unknown,0,older
blue-collar,married,secondary,no,-112,yes,no,cellular,12,may,2,-1,0,unknown,0,young
technician,married,secondary,no,0,no,no,unknown,6,may,3,-1,0,unknown,0,older
blue-collar,married,primary,no,-404,yes,yes,cellular,10,jul,1,-1,0,unknown,0,older
management,married,tertiary,no,5613,no,no,cellular,20,jul,3,-1,0,unknown,0,older
management,married,tertiary,no,101,no,yes,cellular,23,jul,2,-1,0,unknown,0,older
unemployed,married,unknown,no,846,yes,no,telephone,30,jul,7,-1,0,unknown,0,older
admin.,single,secondary,no,1291,yes,no,cellular,23,jul,2,-1,0,unknown,0,young
blue-collar,married,secondary,no,-225,yes,no,cellular,6,may,2,-1,0,unknown,0,older
technician,married,secondary,no,-312,yes,no,cellular,11,may,1,348,1,failure,0,older
admin.,married,secondary,no,22,yes,no,cellular,7,aug,4,-1,0,unknown,0,older
services,married,secondary,no,109,yes,no,unknown,2,jun,4,-1,0,unknown,0,young
blue-collar,married,secondary,no,380,yes,yes,cellular,8,jul,1,-1,0,unknown,0,older
blue-collar,married,secondary,no,2342,no,no,unknown,12,jun,2,-1,0,unknown,0,young
management,married,unknown,no,0,no,no,cellular,4,feb,1,-1,0,unknown,0,older
admin.,single,secondary,no,781,no,no,cellular,20,aug,1,-1,0,unknown,0,young
retired,married,tertiary,no,1124,no,no,telephone,13,oct,2,-1,0,unknown,0,older
admin.,married,secondary,no,3307,no,no,cellular,30,jul,2,-1,0,unknown,0,older
blue-collar,divorced,secondary,no,614,yes,no,unknown,20,may,1,-1,0,unknown,0,young
technician,single,secondary,no,562,yes,no,unknown,30,may,3,-1,0,unknown,1,young
admin.,single,tertiary,no,170,no,no,cellular,18,nov,1,-1,0,unknown,0,young
admin.,married,unknown,no,892,yes,no,cellular,30,jul,17,-1,0,unknown,0,young
blue-collar,married,secondary,no,1288,yes,no,telephone,2,feb,1,-1,0,unknown,0,older
management,married,secondary,no,7633,no,no,cellular,12,aug,1,-1,0,unknown,0,older
management,single,secondary,no,-490,no,yes,cellular,21,nov,2,-1,0,unknown,0,young
services,married,secondary,no,3181,yes,no,cellular,21,nov,2,176,7,failure,0,young
blue-collar,single,unknown,no,2188,no,no,unknown,16,may,8,-1,0,unknown,0,young
student,single,unknown,no,108,no,no,cellular,10,aug,1,-1,0,unknown,1,young
services,single,secondary,no,900,yes,no,cellular,20,nov,2,190,4,other,0,young
management,married,tertiary,no,1,yes,yes,cellular,21,jul,8,-1,0,unknown,0,young
admin.,single,secondary,no,-67,no,yes,cellular,21,jul,1,-1,0,unknown,0,young
technician,single,tertiary,no,4561,yes,no,cellular,15,may,1,274,2,failure,0,young
blue-collar,married,primary,no,750,yes,no,cellular,18,may,6,-1,0,unknown,0,older
student,single,secondary,no,409,yes,no,unknown,12,jun,1,-1,0,unknown,0,young
services,single,secondary,no,3977,no,no,cellular,6,feb,2,-1,0,unknown,0,young
technician,married,tertiary,no,3043,yes,no,cellular,9,jul,1,-1,0,unknown,0,young
management,single,tertiary,no,1899,no,no,telephone,22,nov,1,-1,0,unknown,0,young
unemployed,single,secondary,no,1020,yes,no,cellular,15,jul,1,-1,0,unknown,0,young
blue-collar,single,primary,no,134,yes,yes,unknown,8,may,1,-1,0,unknown,0,older
management,divorced,tertiary,no,92,no,yes,telephone,7,jul,4,-1,0,unknown,0,older
technician,single,secondary,no,4366,yes,no,cellular,29,jul,2,-1,0,unknown,0,young
admin.,single,secondary,yes,-17,no,no,unknown,9,jul,5,-1,0,unknown,0,young
services,divorced,secondary,no,947,no,no,unknown,20,jun,2,-1,0,unknown,1,older
blue-collar,married,primary,no,7406,yes,no,unknown,20,may,2,-1,0,unknown,0,young
blue-collar,married,primary,no,5788,no,no,unknown,29,may,2,-1,0,unknown,0,older
technician,divorced,secondary,no,54,no,no,cellular,29,aug,3,-1,0,unknown,0,older
services,married,secondary,no,2796,yes,no,unknown,15,may,2,-1,0,unknown,0,older
management,divorced,tertiary,no,442,no,no,cellular,5,feb,1,253,3,failure,0,older
management,single,tertiary,no,872,yes,no,cellular,21,jul,2,-1,0,unknown,0,young
management,single,tertiary,no,409,no,yes,cellular,9,jul,5,-1,0,unknown,1,young
technician,single,secondary,no,2734,no,no,cellular,21,nov,3,-1,0,unknown,1,young
technician,married,tertiary,no,4568,no,no,unknown,9,jun,1,-1,0,unknown,0,older
unemployed,single,secondary,no,209,yes,no,cellular,6,may,1,-1,0,unknown,0,young
management,married,tertiary,no,226,yes,no,cellular,13,aug,6,179,10,success,1,older
blue-collar,married,secondary,no,3181,yes,no,cellular,18,may,6,-1,0,unknown,0,young
technician,single,secondary,no,473,yes,no,cellular,18,aug,6,-1,0,unknown,0,older
blue-collar,married,secondary,no,1035,no,no,cellular,28,jan,1,-1,0,unknown,0,older
student,single,secondary,no,216,no,no,cellular,3,jun,1,-1,0,unknown,0,young
entrepreneur,married,tertiary,no,271,yes,no,unknown,27,may,2,-1,0,unknown,0,young
student,single,unknown,no,466,no,no,cellular,30,jun,1,-1,0,unknown,1,young
blue-collar,single,secondary,no,88,yes,no,cellular,20,apr,5,-1,0,unknown,0,young
admin.,married,secondary,no,1380,yes,no,cellular,12,may,1,-1,0,unknown,0,older
management,married,tertiary,no,138,yes,yes,cellular,13,may,1,280,4,failure,0,older
technician,single,secondary,no,2079,yes,yes,unknown,29,may,1,-1,0,unknown,0,young
unemployed,married,primary,no,240,yes,no,unknown,23,may,2,-1,0,unknown,0,older
management,married,tertiary,no,2005,no,no,unknown,16,jun,4,-1,0,unknown,0,older
blue-collar,married,secondary,no,2436,yes,no,cellular,14,may,7,-1,0,unknown,0,young
services,married,secondary,no,29,yes,no,cellular,15,jul,5,-1,0,unknown,0,young
technician,married,secondary,no,547,no,no,cellular,14,aug,6,-1,0,unknown,0,young
blue-collar,married,primary,no,0,yes,no,cellular,10,jul,1,-1,0,unknown,0,older
technician,married,secondary,no,5953,no,no,cellular,5,aug,1,-1,0,unknown,0,young
admin.,married,secondary,no,0,yes,no,cellular,31,aug,5,-1,0,unknown,1,older
blue-collar,married,secondary,no,310,no,no,cellular,19,nov,2,-1,0,unknown,0,older
services,married,secondary,no,33,yes,no,unknown,28,may,4,-1,0,unknown,0,young
services,divorced,secondary,no,0,no,no,cellular,18,mar,1,290,3,success,1,older
management,married,tertiary,no,3857,yes,no,cellular,11,aug,2,190,1,failure,0,older
technician,married,primary,no,926,yes,yes,unknown,2,jun,2,-1,0,unknown,0,young
blue-collar,married,tertiary,no,20,no,no,unknown,4,oct,1,-1,0,unknown,0,young
management,married,secondary,no,491,yes,yes,cellular,11,may,4,-1,0,unknown,0,older
management,married,tertiary,no,-456,no,no,cellular,14,apr,4,144,1,failure,0,older
student,single,secondary,no,106,yes,no,telephone,10,jul,1,-1,0,unknown,0,young
admin.,single,secondary,no,457,no,no,cellular,26,jul,3,455,2,failure,0,young
management,single,tertiary,no,8368,no,no,unknown,11,jun,1,-1,0,unknown,0,older
retired,married,primary,no,0,yes,yes,unknown,5,may,1,-1,0,unknown,0,young
management,single,tertiary,no,0,yes,no,unknown,9,may,3,-1,0,unknown,0,young
retired,married,primary,no,808,no,no,telephone,7,jul,1,-1,0,unknown,0,older
admin.,single,secondary,no,-133,yes,no,cellular,14,may,1,352,2,failure,0,young
retired,married,primary,no,2,no,no,unknown,27,jun,4,-1,0,unknown,0,older
services,single,secondary,no,47,yes,no,cellular,22,jul,1,-1,0,unknown,0,young
admin.,married,secondary,no,-5,yes,no,cellular,29,jul,17,-1,0,unknown,0,older
management,single,tertiary,no,617,no,no,cellular,27,feb,2,-1,0,unknown,1,young
blue-collar,single,secondary,no,-178,yes,no,cellular,15,jul,3,-1,0,unknown,0,older
blue-collar,married,primary,no,2584,no,no,cellular,20,aug,7,-1,0,unknown,0,older
blue-collar,married,secondary,no,128,no,no,unknown,4,jul,1,-1,0,unknown,0,young
management,married,tertiary,no,28433,no,no,cellular,13,aug,2,-1,0,unknown,0,young
blue-collar,married,secondary,no,425,yes,no,telephone,9,jul,2,-1,0,unknown,0,older
management,married,tertiary,no,396,no,no,cellular,13,aug,5,-1,0,unknown,0,young
blue-collar,married,secondary,no,-256,yes,no,cellular,17,apr,1,318,2,failure,0,older
retired,divorced,primary,no,20,no,no,cellular,10,jul,1,-1,0,unknown,0,older
blue-collar,married,primary,no,984,yes,no,unknown,29,may,1,-1,0,unknown,0,older
technician,married,tertiary,no,1062,no,no,unknown,20,jun,2,-1,0,unknown,0,older
blue-collar,married,secondary,no,6196,yes,no,unknown,4,jun,1,-1,0,unknown,0,young
technician,single,secondary,no,1107,no,no,cellular,27,aug,8,-1,0,unknown,0,young
services,married,secondary,no,0,yes,no,telephone,10,jul,1,-1,0,unknown,0,young
self-employed,married,tertiary,no,202,yes,no,cellular,18,nov,1,166,3,other,0,older
self-employed,single,tertiary,no,8749,no,no,telephone,17,feb,7,-1,0,unknown,0,young
management,single,tertiary,no,1636,no,no,unknown,6,jun,2,-1,0,unknown,0,young
self-employed,married,secondary,no,39,no,no,unknown,17,jun,1,-1,0,unknown,0,older
retired,married,tertiary,no,-5,no,no,cellular,10,jul,1,-1,0,unknown,0,older
management,married,tertiary,no,1388,yes,no,cellular,10,nov,1,89,2,failure,0,young
entrepreneur,divorced,secondary,no,2514,yes,no,cellular,20,nov,2,-1,0,unknown,0,older
services,single,secondary,no,1222,yes,yes,cellular,17,apr,1,-1,0,unknown,0,older
services,divorced,secondary,no,453,yes,no,cellular,18,nov,2,-1,0,unknown,0,young
management,divorced,secondary,no,4314,yes,no,cellular,20,nov,4,-1,0,unknown,0,young
management,married,tertiary,no,4,no,no,cellular,17,nov,1,96,2,failure,0,older
technician,married,tertiary,no,482,no,no,cellular,5,aug,2,-1,0,unknown,0,young
technician,married,secondary,no,-939,yes,no,unknown,29,may,1,-1,0,unknown,0,older
technician,single,tertiary,no,667,no,no,cellular,29,jan,2,-1,0,unknown,1,young
admin.,married,secondary,no,128,yes,no,unknown,13,may,1,-1,0,unknown,0,older
admin.,married,tertiary,no,318,yes,yes,cellular,1,oct,1,-1,0,unknown,0,young
services,married,secondary,no,11,no,no,cellular,20,aug,2,-1,0,unknown,0,young
blue-collar,married,secondary,no,120,yes,yes,unknown,9,may,3,-1,0,unknown,0,young
admin.,single,secondary,no,3344,yes,no,cellular,14,may,8,-1,0,unknown,0,older
blue-collar,divorced,secondary,no,-566,yes,no,unknown,26,may,2,-1,0,unknown,0,young
services,single,secondary,no,32,yes,no,unknown,4,jun,1,-1,0,unknown,1,young
blue-collar,divorced,primary,no,0,no,no,unknown,12,jun,1,-1,0,unknown,0,young
blue-collar,married,secondary,no,1451,no,no,cellular,30,sep,1,121,1,success,1,young
technician,married,tertiary,no,285,yes,yes,unknown,29,may,4,-1,0,unknown,0,young
blue-collar,married,secondary,no,141,yes,yes,unknown,14,may,10,-1,0,unknown,0,older
technician,single,tertiary,no,354,yes,no,cellular,4,aug,3,-1,0,unknown,0,young
blue-collar,married,secondary,no,-213,yes,yes,unknown,26,may,2,-1,0,unknown,0,young
management,married,tertiary,no,0,no,no,cellular,14,jul,8,-1,0,unknown,0,young
blue-collar,single,tertiary,no,297,no,no,cellular,7,apr,4,-1,0,unknown,1,young
management,divorced,secondary,no,16,yes,no,unknown,30,may,1,-1,0,unknown,1,young
self-employed,single,tertiary,no,25,no,no,cellular,9,jul,1,-1,0,unknown,0,young
admin.,divorced,secondary,no,315,yes,no,unknown,5,may,2,-1,0,unknown,0,older
blue-collar,married,secondary,no,2697,yes,yes,cellular,21,nov,1,179,5,failure,0,older
management,single,tertiary,no,0,no,no,cellular,21,aug,8,-1,0,unknown,0,young
blue-collar,single,primary,no,5,yes,no,cellular,18,may,1,-1,0,unknown,0,young
management,married,tertiary,no,40,no,no,cellular,27,aug,4,-1,0,unknown,1,young
admin.,single,secondary,no,223,no,no,cellular,4,feb,1,-1,0,unknown,0,young
entrepreneur,single,tertiary,no,347,no,no,cellular,20,aug,1,-1,0,unknown,1,young
blue-collar,single,secondary,no,26,no,no,cellular,5,feb,1,-1,0,unknown,0,young
blue-collar,married,primary,no,61,no,no,cellular,17,apr,1,-1,0,unknown,0,older
student,single,secondary,no,130,no,no,cellular,11,may,2,273,4,failure,0,young
blue-collar,married,secondary,no,1826,yes,no,unknown,19,jun,3,-1,0,unknown,0,older
management,married,tertiary,no,8093,no,no,cellular,19,nov,1,-1,0,unknown,0,older
technician,single,secondary,no,1811,no,no,cellular,8,jun,4,-1,0,unknown,0,older
self-employed,single,tertiary,no,7752,no,no,cellular,3,jun,1,-1,0,unknown,0,young
management,married,tertiary,no,0,no,yes,cellular,8,jul,2,-1,0,unknown,0,young
retired,married,secondary,no,1495,no,no,cellular,25,oct,1,195,4,other,1,older
services,single,secondary,no,6531,yes,no,unknown,3,jun,3,-1,0,unknown,0,young
services,married,secondary,no,194,yes,yes,cellular,25,jul,2,-1,0,unknown,0,young
blue-collar,married,primary,yes,354,yes,no,unknown,7,may,2,-1,0,unknown,0,older
technician,single,tertiary,no,783,no,no,cellular,8,jul,1,-1,0,unknown,0,young
self-employed,married,secondary,no,235,no,no,unknown,9,jun,1,-1,0,unknown,0,young
technician,divorced,tertiary,no,47,no,no,cellular,21,jul,3,-1,0,unknown,0,young
retired,married,primary,no,155,no,no,cellular,25,aug,7,-1,0,unknown,0,older
blue-collar,married,primary,no,1602,no,no,unknown,16,jun,1,-1,0,unknown,0,young
services,divorced,secondary,no,947,no,no,unknown,20,jun,2,-1,0,unknown,1,older
technician,single,tertiary,no,236,yes,no,unknown,16,may,1,-1,0,unknown,0,young
technician,married,secondary,no,671,no,no,cellular,11,aug,2,-1,0,unknown,0,young
management,married,unknown,no,282,no,no,cellular,9,mar,2,154,3,success,1,older
blue-collar,single,secondary,no,856,yes,yes,cellular,30,jul,5,-1,0,unknown,0,young
retired,married,unknown,no,3208,no,no,telephone,20,may,3,-1,0,unknown,1,older
management,married,tertiary,no,2682,yes,no,cellular,9,jul,1,-1,0,unknown,0,young
management,married,tertiary,no,176,no,no,cellular,18,aug,4,-1,0,unknown,0,young
admin.,single,secondary,no,1318,no,yes,unknown,24,jun,3,-1,0,unknown,0,older
admin.,married,secondary,no,3006,no,no,cellular,29,apr,2,-1,0,unknown,1,older
blue-collar,married,secondary,no,95,yes,no,unknown,15,may,5,-1,0,unknown,0,older
technician,single,secondary,no,3244,no,no,cellular,28,jan,1,-1,0,unknown,0,young
management,married,tertiary,no,839,no,no,cellular,8,nov,1,40,2,other,0,older
technician,married,secondary,no,0,no,no,cellular,7,jul,1,-1,0,unknown,0,older
blue-collar,married,secondary,no,505,yes,no,telephone,7,jul,4,-1,0,unknown,0,older
management,single,tertiary,no,15,no,no,cellular,11,aug,2,-1,0,unknown,0,young
technician,married,tertiary,no,523,yes,no,cellular,2,jun,1,60,3,failure,1,older
technician,single,secondary,no,1708,yes,no,unknown,2,jun,3,-1,0,unknown,0,young
retired,married,secondary,no,1651,no,no,cellular,13,aug,2,-1,0,unknown,0,older
entrepreneur,married,secondary,no,546,no,no,cellular,9,feb,3,-1,0,unknown,0,young
blue-collar,divorced,primary,no,1299,no,no,cellular,27,nov,2,-1,0,unknown,0,older
technician,single,secondary,no,7103,yes,no,cellular,28,may,3,10,1,failure,1,young
student,single,unknown,no,376,no,no,cellular,13,may,2,178,3,failure,0,young
admin.,married,secondary,no,1264,no,no,telephone,28,jan,2,-1,0,unknown,0,older
admin.,married,unknown,no,907,yes,no,unknown,15,may,1,-1,0,unknown,0,older
admin.,married,secondary,no,26,yes,no,cellular,21,jul,10,-1,0,unknown,0,older
blue-collar,married,secondary,no,2685,no,no,unknown,20,jun,12,-1,0,unknown,0,young
technician,single,tertiary,no,1887,no,yes,cellular,20,nov,2,183,1,failure,0,young
services,single,secondary,no,0,yes,no,unknown,20,may,9,-1,0,unknown,0,young
management,married,tertiary,no,0,no,no,cellular,25,aug,4,-1,0,unknown,0,young
technician,married,secondary,no,3931,no,no,cellular,14,apr,1,-1,0,unknown,0,older
unemployed,married,secondary,no,596,no,no,cellular,30,jan,2,-1,0,unknown,0,young
admin.,single,tertiary,no,261,no,no,cellular,17,mar,19,-1,0,unknown,0,young
admin.,single,secondary,no,151,yes,no,telephone,5,may,3,-1,0,unknown,0,older
unemployed,married,secondary,no,270,yes,no,cellular,14,may,2,345,1,failure,0,young
blue-collar,married,primary,no,329,yes,no,unknown,9,may,1,-1,0,unknown,0,young
management,married,tertiary,no,156,no,no,cellular,20,aug,2,-1,0,unknown,0,young
services,single,secondary,no,3,no,yes,cellular,21,jul,4,-1,0,unknown,0,young
management,single,tertiary,no,537,no,no,unknown,29,may,3,-1,0,unknown,0,young
management,married,tertiary,no,75,no,no,cellular,28,aug,5,-1,0,unknown,0,older
management,divorced,tertiary,no,-130,yes,no,cellular,29,sep,2,61,9,failure,0,older
blue-collar,single,tertiary,no,797,yes,no,unknown,11,jun,4,-1,0,unknown,0,young
management,divorced,tertiary,no,3096,no,no,cellular,26,aug,17,-1,0,unknown,0,older
management,married,tertiary,no,1147,no,no,unknown,18,jun,1,-1,0,unknown,0,older
management,married,tertiary,no,489,yes,no,cellular,8,may,1,172,2,other,0,older
management,single,tertiary,no,148,yes,no,cellular,31,jul,18,-1,0,unknown,0,young
admin.,married,secondary,no,368,no,no,cellular,21,may,1,87,6,success,1,older
self-employed,single,secondary,no,166,yes,no,cellular,16,jul,2,-1,0,unknown,0,young
services,married,secondary,no,462,yes,no,cellular,11,may,2,-1,0,unknown,0,older
entrepreneur,married,tertiary,no,171,yes,no,cellular,14,may,1,176,5,failure,0,older
technician,married,tertiary,no,88,no,no,cellular,8,nov,2,186,4,success,1,young
unemployed,single,tertiary,yes,-164,yes,yes,cellular,24,jul,4,-1,0,unknown,0,young
blue-collar,married,secondary,no,294,yes,no,unknown,14,may,2,-1,0,unknown,0,young
blue-collar,divorced,secondary,no,-239,yes,no,unknown,27,may,3,-1,0,unknown,0,older
technician,single,tertiary,no,-522,yes,no,unknown,13,may,1,-1,0,unknown,0,young
blue-collar,single,primary,no,37,yes,no,cellular,18,may,5,-1,0,unknown,0,young
management,single,tertiary,no,2059,no,no,cellular,4,feb,2,-1,0,unknown,0,young
self-employed,married,secondary,no,744,yes,yes,cellular,21,aug,3,-1,0,unknown,0,young
admin.,single,tertiary,no,0,no,no,cellular,5,mar,2,-1,0,unknown,0,young
blue-collar,married,secondary,no,824,yes,no,cellular,3,apr,1,-1,0,unknown,0,young
blue-collar,single,secondary,no,-367,yes,no,cellular,10,jul,1,-1,0,unknown,0,older
management,married,tertiary,no,1791,no,no,cellular,5,aug,1,-1,0,unknown,1,older
self-employed,single,tertiary,no,1815,no,no,telephone,9,feb,1,-1,0,unknown,1,young
technician,married,secondary,no,371,yes,yes,cellular,21,oct,1,-1,0,unknown,1,older
admin.,married,secondary,no,137,yes,no,unknown,14,may,1,-1,0,unknown,0,older
blue-collar,single,secondary,no,2945,no,no,cellular,20,nov,1,-1,0,unknown,0,young
blue-collar,single,secondary,no,33,yes,no,unknown,15,may,4,-1,0,unknown,0,young
unemployed,married,primary,no,960,yes,yes,unknown,15,may,2,-1,0,unknown,0,older
blue-collar,married,secondary,no,149,yes,no,cellular,29,apr,3,349,1,other,1,young
student,single,secondary,no,1566,no,no,cellular,30,jan,5,-1,0,unknown,0,young
blue-collar,married,primary,no,3942,yes,no,unknown,17,jun,3,-1,0,unknown,0,older
retired,married,unknown,no,0,no,no,telephone,8,jul,1,-1,0,unknown,0,older
blue-collar,married,primary,no,199,yes,no,cellular,2,feb,1,-1,0,unknown,0,older
management,married,tertiary,no,563,yes,no,cellular,6,may,2,168,1,failure,0,older
management,married,tertiary,no,0,yes,no,cellular,21,nov,3,29,4,success,0,young
blue-collar,married,secondary,no,4787,yes,no,cellular,7,apr,1,-1,0,unknown,1,older
management,married,tertiary,no,-45,yes,no,unknown,30,may,6,-1,0,unknown,0,older
management,married,tertiary,no,0,no,yes,unknown,20,jun,1,-1,0,unknown,1,older
unemployed,divorced,secondary,no,1664,no,no,cellular,15,sep,1,105,3,success,1,older
management,single,tertiary,no,3812,no,no,cellular,20,nov,2,-1,0,unknown,0,older
self-employed,single,secondary,no,203,no,yes,cellular,19,nov,1,-1,0,unknown,0,young
blue-collar,married,secondary,no,687,yes,no,unknown,9,may,1,-1,0,unknown,0,young
entrepreneur,married,tertiary,no,38,yes,no,cellular,22,jul,5,-1,0,unknown,0,young
admin.,single,secondary,no,1117,yes,no,unknown,8,may,2,-1,0,unknown,0,young
technician,single,secondary,no,5600,yes,no,cellular,21,nov,1,-1,0,unknown,0,young
entrepreneur,divorced,primary,no,596,no,yes,cellular,5,feb,1,213,1,other,0,young
admin.,married,secondary,no,1344,yes,yes,unknown,19,may,2,-1,0,unknown,0,young
unemployed,married,primary,no,9,yes,yes,cellular,6,may,1,-1,0,unknown,0,older
admin.,married,secondary,no,50,yes,no,cellular,2,feb,1,258,2,failure,0,young
blue-collar,married,primary,no,855,yes,yes,unknown,20,may,4,-1,0,unknown,0,young
retired,married,secondary,no,708,yes,no,unknown,13,may,2,-1,0,unknown,0,older
admin.,divorced,secondary,no,454,yes,no,cellular,10,jul,1,-1,0,unknown,0,young
services,single,secondary,no,123,yes,no,unknown,12,may,3,-1,0,unknown,0,young
retired,divorced,primary,no,2083,yes,no,unknown,28,may,1,-1,0,unknown,0,older
services,married,secondary,no,320,no,no,telephone,21,dec,3,315,4,success,1,older
technician,married,secondary,no,743,no,no,cellular,29,jan,2,-1,0,unknown,0,young
retired,married,secondary,no,154,no,no,telephone,15,jan,2,-1,0,unknown,0,older
blue-collar,married,secondary,no,101,yes,no,unknown,20,jun,4,-1,0,unknown,0,older
services,married,secondary,no,150,no,no,unknown,12,jun,2,-1,0,unknown,0,young
admin.,divorced,secondary,no,627,yes,no,unknown,7,may,2,-1,0,unknown,0,young
student,single,secondary,no,23878,no,no,cellular,18,feb,1,-1,0,unknown,1,young
blue-collar,married,secondary,no,2526,yes,no,unknown,20,jun,8,-1,0,unknown,0,young
blue-collar,married,secondary,no,647,no,no,cellular,29,aug,8,-1,0,unknown,0,older
blue-collar,married,primary,no,0,yes,yes,telephone,13,may,1,-1,0,unknown,0,young
services,single,secondary,no,322,yes,no,cellular,11,may,1,350,1,failure,0,young
management,married,tertiary,no,421,no,no,cellular,6,aug,6,-1,0,unknown,0,young
admin.,married,secondary,no,898,no,no,cellular,15,jul,5,-1,0,unknown,0,young
blue-collar,married,primary,no,689,yes,no,cellular,6,may,2,296,2,failure,0,young
entrepreneur,married,tertiary,no,501,yes,no,cellular,18,jul,1,-1,0,unknown,0,young
housemaid,single,primary,no,1340,no,no,unknown,18,jun,2,-1,0,unknown,0,young
management,married,tertiary,no,0,no,yes,cellular,8,jul,2,-1,0,unknown,0,young
unemployed,single,tertiary,no,3252,no,no,cellular,21,nov,2,-1,0,unknown,0,young
technician,married,secondary,no,4922,yes,no,cellular,17,nov,4,201,17,other,1,young
self-employed,married,primary,no,2747,no,no,cellular,21,nov,2,-1,0,unknown,0,older
admin.,married,secondary,no,710,yes,yes,cellular,6,may,1,334,2,success,1,young
student,single,secondary,no,0,no,no,cellular,22,sep,1,-1,0,unknown,0,young
blue-collar,married,primary,no,428,yes,no,cellular,18,may,2,-1,0,unknown,0,young
management,married,tertiary,no,929,no,no,cellular,19,aug,8,-1,0,unknown,0,older
services,married,unknown,no,15,yes,no,cellular,18,may,1,-1,0,unknown,0,young
technician,single,tertiary,no,1887,no,yes,unknown,21,may,1,-1,0,unknown,0,young
technician,single,secondary,no,204,yes,no,cellular,26,oct,1,144,8,other,0,young
blue-collar,single,secondary,no,495,no,no,cellular,7,jul,3,-1,0,unknown,0,young
self-employed,married,unknown,no,163,yes,no,cellular,4,may,3,-1,0,unknown,1,older
technician,married,secondary,no,694,yes,no,cellular,23,jul,5,-1,0,unknown,0,young
blue-collar,single,secondary,no,-477,yes,yes,unknown,27,may,2,-1,0,unknown,0,young
technician,single,tertiary,no,418,no,yes,cellular,14,jul,3,-1,0,unknown,0,young
admin.,divorced,secondary,no,797,yes,no,telephone,25,jul,8,-1,0,unknown,0,older
technician,single,tertiary,no,11222,yes,no,cellular,21,nov,2,171,7,failure,0,older
management,divorced,tertiary,no,295,no,no,cellular,28,aug,2,-1,0,unknown,0,young
self-employed,divorced,secondary,no,3443,no,no,cellular,30,jul,4,-1,0,unknown,0,young
management,divorced,tertiary,no,0,yes,no,telephone,18,may,11,-1,0,unknown,0,older
services,married,secondary,no,510,yes,no,unknown,9,may,2,-1,0,unknown,0,older
technician,divorced,tertiary,no,2317,yes,no,cellular,7,may,4,-1,0,unknown,0,young
services,single,unknown,no,523,yes,no,unknown,28,may,1,-1,0,unknown,1,young
blue-collar,married,primary,no,3314,yes,no,cellular,21,nov,2,-1,0,unknown,0,young
entrepreneur,married,tertiary,no,15265,no,no,cellular,25,feb,1,192,2,failure,0,older
management,married,tertiary,no,5680,no,no,unknown,18,jun,1,-1,0,unknown,0,older
retired,married,secondary,no,477,no,no,unknown,16,jun,3,-1,0,unknown,0,older
services,single,unknown,no,5095,yes,no,cellular,20,nov,2,157,1,failure,0,older
unemployed,married,secondary,no,3287,yes,yes,cellular,20,apr,2,307,1,failure,0,older
services,single,secondary,no,459,no,no,telephone,16,jul,14,-1,0,unknown,0,young
technician,married,secondary,no,59,yes,no,unknown,29,may,2,-1,0,unknown,0,older
technician,married,secondary,no,876,yes,no,unknown,28,may,1,-1,0,unknown,0,young
blue-collar,married,secondary,no,33,no,yes,unknown,16,jun,3,-1,0,unknown,1,older
services,married,secondary,no,4428,no,no,cellular,9,nov,1,96,6,failure,0,older
technician,divorced,tertiary,no,0,yes,no,cellular,31,jul,16,-1,0,unknown,0,older
management,single,tertiary,no,1494,no,no,cellular,13,aug,12,-1,0,unknown,0,young
housemaid,married,tertiary,no,1922,yes,no,cellular,24,jul,2,-1,0,unknown,0,older
management,married,tertiary,no,451,no,no,cellular,5,may,1,274,3,failure,0,young
admin.,divorced,secondary,no,1201,no,no,cellular,30,jul,2,-1,0,unknown,0,older
blue-collar,married,secondary,no,804,yes,no,unknown,21,may,1,-1,0,unknown,0,young
management,married,primary,no,-226,yes,no,unknown,4,jun,1,-1,0,unknown,0,older
technician,married,secondary,no,1732,no,no,cellular,7,aug,2,-1,0,unknown,0,older
blue-collar,married,primary,no,595,yes,no,cellular,11,may,1,-1,0,unknown,0,older
management,single,tertiary,no,13,yes,no,unknown,27,may,2,-1,0,unknown,0,young
management,single,tertiary,no,1623,no,no,cellular,9,dec,1,190,1,success,0,young
entrepreneur,divorced,tertiary,no,1342,yes,yes,cellular,18,nov,1,-1,0,unknown,0,older
self-employed,married,secondary,no,8563,yes,no,cellular,12,may,1,351,4,other,0,young
blue-collar,married,unknown,no,1044,yes,no,unknown,6,may,1,-1,0,unknown,0,older
unemployed,married,primary,yes,-43,yes,no,cellular,9,feb,6,-1,0,unknown,0,older
technician,divorced,secondary,no,5102,no,no,cellular,8,aug,2,-1,0,unknown,0,older
management,divorced,secondary,no,-852,no,yes,cellular,29,aug,2,-1,0,unknown,0,older
housemaid,married,primary,no,21,no,no,cellular,26,aug,2,-1,0,unknown,0,young
self-employed,divorced,secondary,no,484,yes,no,cellular,13,may,2,173,6,failure,0,older
self-employed,married,tertiary,no,510,no,no,unknown,6,jun,2,-1,0,unknown,0,older
management,divorced,tertiary,no,665,yes,no,cellular,2,feb,2,207,1,other,0,older
blue-collar,married,secondary,no,718,yes,no,cellular,28,jul,3,-1,0,unknown,0,young
retired,married,primary,no,2600,no,no,cellular,7,aug,1,-1,0,unknown,1,older
entrepreneur,married,unknown,no,0,no,no,unknown,20,jun,8,-1,0,unknown,0,older
admin.,married,tertiary,no,565,yes,no,cellular,2,jul,1,-1,0,unknown,0,young
technician,married,tertiary,no,0,no,no,cellular,29,aug,2,-1,0,unknown,0,young
technician,single,secondary,no,205,yes,no,unknown,3,jun,2,-1,0,unknown,0,young
technician,married,secondary,no,-1076,yes,no,cellular,31,jul,2,-1,0,unknown,0,older
retired,married,primary,no,1532,no,no,telephone,6,feb,3,-1,0,unknown,0,older
technician,single,tertiary,no,969,no,no,cellular,15,jun,1,-1,0,unknown,0,young
retired,divorced,primary,no,2619,no,no,telephone,8,feb,2,115,2,failure,0,older
blue-collar,single,primary,no,54,yes,no,cellular,14,may,1,371,1,other,1,young
services,single,secondary,no,594,yes,no,cellular,29,jan,1,-1,0,unknown,0,young
management,single,tertiary,no,2907,yes,no,cellular,30,dec,2,218,1,failure,0,young
blue-collar,married,secondary,no,1027,no,no,cellular,21,nov,1,121,1,failure,0,older
blue-collar,married,unknown,no,7561,no,no,unknown,6,jun,3,-1,0,unknown,1,older
unemployed,married,primary,no,1212,no,no,cellular,31,aug,1,92,1,failure,0,older
services,married,secondary,no,895,yes,yes,unknown,4,jun,1,-1,0,unknown,0,young
admin.,single,secondary,no,1465,no,no,telephone,30,jan,5,-1,0,unknown,0,young
blue-collar,divorced,unknown,no,55,yes,no,cellular,31,jul,8,-1,0,unknown,0,older
technician,single,tertiary,no,226,no,no,cellular,7,jul,2,-1,0,unknown,0,young
management,married,secondary,no,2892,no,no,cellular,7,jul,1,385,1,success,1,older
self-employed,single,tertiary,no,147,no,no,cellular,22,jun,5,-1,0,unknown,0,young
retired,married,secondary,no,1486,no,no,cellular,28,apr,2,-1,0,unknown,0,older
management,married,tertiary,no,3284,yes,no,unknown,9,may,3,-1,0,unknown,0,older
blue-collar,single,secondary,no,1279,yes,no,unknown,18,jun,4,-1,0,unknown,0,older
management,married,tertiary,no,0,yes,no,cellular,13,may,2,-1,0,unknown,0,young
admin.,married,secondary,no,436,yes,no,cellular,21,jul,1,-1,0,unknown,0,young
admin.,married,tertiary,no,289,no,no,cellular,21,jul,4,-1,0,unknown,0,young
admin.,married,secondary,no,1101,yes,no,cellular,6,may,3,-1,0,unknown,0,young
technician,single,secondary,no,2341,yes,no,cellular,18,jul,1,-1,0,unknown,0,young
blue-collar,single,secondary,no,6,yes,no,cellular,18,may,10,-1,0,unknown,0,young
admin.,single,secondary,no,197,no,no,cellular,28,jan,3,-1,0,unknown,0,young
unemployed,divorced,primary,no,407,yes,no,cellular,17,apr,1,-1,0,unknown,0,older
student,single,tertiary,no,922,no,no,cellular,18,oct,2,-1,0,unknown,0,young
technician,married,tertiary,no,-1,no,no,cellular,8,aug,4,-1,0,unknown,0,young
services,married,primary,no,468,no,no,cellular,5,aug,2,-1,0,unknown,0,older
management,married,tertiary,no,495,no,no,cellular,14,jun,1,94,9,success,1,young
technician,married,secondary,no,2107,no,no,cellular,4,may,5,-1,0,unknown,0,young
management,single,tertiary,no,1431,no,no,cellular,18,jun,4,-1,0,unknown,0,young
self-employed,married,secondary,no,5613,yes,no,cellular,28,jul,3,-1,0,unknown,1,young
management,divorced,tertiary,no,100,yes,yes,cellular,18,jul,3,-1,0,unknown,0,older
blue-collar,divorced,secondary,no,-131,yes,no,unknown,16,may,1,-1,0,unknown,0,young
management,single,tertiary,no,334,yes,no,unknown,14,may,4,-1,0,unknown,0,young
admin.,married,secondary,no,131,no,no,cellular,19,nov,1,-1,0,unknown,0,young
blue-collar,married,unknown,no,23,yes,no,cellular,12,may,4,-1,0,unknown,0,older
management,divorced,primary,no,210,no,no,cellular,18,nov,1,-1,0,unknown,0,older
management,married,secondary,no,0,yes,yes,cellular,7,may,1,-1,0,unknown,0,older
entrepreneur,married,secondary,no,2055,yes,yes,cellular,10,jul,4,-1,0,unknown,0,young
technician,married,secondary,no,261,no,yes,unknown,5,jun,1,-1,0,unknown,0,older
blue-collar,married,secondary,no,3396,yes,yes,telephone,20,nov,4,-1,0,unknown,0,older
housemaid,married,primary,no,182,no,no,cellular,30,apr,1,86,1,failure,0,older
admin.,married,secondary,no,1380,yes,no,cellular,12,may,1,-1,0,unknown,0,older
student,single,tertiary,no,376,no,no,telephone,2,feb,2,-1,0,unknown,0,young
housemaid,married,secondary,no,1863,no,no,cellular,6,aug,2,-1,0,unknown,0,young
blue-collar,married,secondary,no,717,yes,no,unknown,8,may,1,-1,0,unknown,0,young
blue-collar,married,primary,no,314,yes,no,unknown,30,may,2,-1,0,unknown,0,older
retired,married,secondary,no,1047,no,no,cellular,21,nov,5,-1,0,unknown,0,older
management,single,tertiary,no,1027,no,no,cellular,23,sep,1,-1,0,unknown,1,young
blue-collar,single,secondary,no,4,no,no,cellular,15,apr,1,-1,0,unknown,0,young
technician,single,unknown,no,-301,yes,no,cellular,18,may,2,-1,0,unknown,0,young
admin.,married,secondary,no,88,yes,yes,cellular,8,aug,2,-1,0,unknown,0,young
blue-collar,married,secondary,no,731,yes,no,cellular,20,apr,2,-1,0,unknown,0,young
admin.,married,secondary,no,597,yes,yes,cellular,18,nov,2,-1,0,unknown,0,older
housemaid,married,primary,no,46,no,no,unknown,4,jul,4,-1,0,unknown,0,young
blue-collar,married,secondary,no,1722,yes,no,cellular,20,apr,7,-1,0,unknown,0,young
management,married,tertiary,no,24312,yes,no,cellular,29,jul,3,-1,0,unknown,0,older
blue-collar,married,secondary,no,-281,yes,no,unknown,16,jun,15,-1,0,unknown,0,young
blue-collar,married,secondary,no,-45,yes,no,unknown,2,jun,1,-1,0,unknown,0,young
management,married,tertiary,no,1533,no,no,unknown,29,may,1,-1,0,unknown,0,older
admin.,married,secondary,no,18,yes,yes,unknown,28,may,4,-1,0,unknown,0,young
student,single,secondary,no,620,no,no,cellular,26,aug,1,96,2,success,0,young
self-employed,married,tertiary,no,1423,no,no,cellular,6,aug,4,-1,0,unknown,1,young
blue-collar,single,secondary,no,2032,yes,no,cellular,5,may,4,349,2,failure,0,young
admin.,single,secondary,no,304,no,yes,cellular,4,feb,2,212,2,other,0,young
entrepreneur,married,tertiary,no,341,no,no,unknown,19,jun,2,-1,0,unknown,0,older
technician,divorced,secondary,no,464,no,no,cellular,4,feb,4,-1,0,unknown,0,young
services,married,secondary,no,-62,yes,no,unknown,16,jun,3,-1,0,unknown,0,young
admin.,married,secondary,no,257,yes,no,cellular,15,may,5,-1,0,unknown,0,young
services,married,secondary,no,-36,yes,yes,unknown,28,may,4,-1,0,unknown,0,older
blue-collar,married,primary,no,0,yes,no,cellular,13,may,3,-1,0,unknown,0,older
management,married,tertiary,no,839,no,no,cellular,8,nov,1,40,2,other,0,older
blue-collar,married,primary,no,-63,yes,no,unknown,26,may,4,-1,0,unknown,0,older
management,married,tertiary,no,0,yes,no,unknown,6,may,1,-1,0,unknown,0,young
unemployed,married,secondary,no,978,no,no,cellular,29,dec,3,209,3,success,1,young
blue-collar,married,primary,no,1291,yes,no,cellular,14,may,3,259,17,failure,0,older
technician,married,tertiary,no,98,no,no,cellular,8,aug,4,-1,0,unknown,0,older
self-employed,married,secondary,no,252,no,no,cellular,7,jul,5,-1,0,unknown,0,older
blue-collar,married,secondary,no,3311,yes,yes,unknown,26,may,6,-1,0,unknown,0,young
admin.,married,secondary,no,0,yes,no,cellular,16,jul,4,-1,0,unknown,0,young
admin.,married,secondary,no,-30,yes,no,cellular,7,may,1,-1,0,unknown,0,older
technician,married,secondary,no,2020,yes,no,cellular,9,jul,1,-1,0,unknown,0,older
admin.,married,secondary,no,239,yes,no,cellular,28,jul,12,-1,0,unknown,0,older
technician,divorced,secondary,no,1705,yes,no,unknown,15,may,2,-1,0,unknown,0,older
services,single,secondary,no,1205,yes,no,unknown,6,jun,2,-1,0,unknown,0,older
services,married,primary,no,-732,yes,no,unknown,8,may,2,-1,0,unknown,0,young
blue-collar,married,secondary,no,8,yes,no,cellular,19,nov,1,-1,0,unknown,0,young
admin.,married,secondary,no,129,yes,no,cellular,2,mar,1,-1,0,unknown,0,older
blue-collar,single,primary,no,3595,yes,no,cellular,21,nov,2,-1,0,unknown,0,young
management,single,tertiary,no,3679,yes,no,cellular,12,aug,1,-1,0,unknown,0,young
blue-collar,married,primary,yes,-426,no,no,unknown,4,jun,2,-1,0,unknown,0,young
student,single,secondary,no,1790,no,no,unknown,30,may,3,-1,0,unknown,0,young
services,single,tertiary,no,94,yes,no,cellular,11,aug,2,90,4,failure,1,older
technician,single,secondary,no,827,yes,no,cellular,6,may,1,267,4,failure,0,young
management,single,tertiary,no,697,no,no,cellular,29,oct,3,80,5,success,1,young
management,divorced,tertiary,no,-244,yes,no,unknown,5,may,1,-1,0,unknown,0,older
technician,married,tertiary,no,831,yes,no,unknown,5,may,3,-1,0,unknown,0,older
technician,divorced,secondary,no,1085,no,no,cellular,27,aug,10,-1,0,unknown,0,young
blue-collar,married,unknown,no,100,yes,no,cellular,11,may,2,347,1,failure,0,older
technician,single,secondary,no,1210,yes,yes,cellular,7,may,1,344,4,failure,0,young
blue-collar,divorced,secondary,no,107,yes,no,cellular,31,jul,2,-1,0,unknown,0,young
services,married,secondary,no,107,yes,no,unknown,9,may,4,-1,0,unknown,0,older
housemaid,married,primary,no,4279,yes,no,cellular,5,feb,1,198,1,failure,0,older
management,married,tertiary,no,75,no,no,cellular,20,aug,2,-1,0,unknown,0,older
admin.,married,secondary,no,393,yes,no,unknown,14,may,1,-1,0,unknown,0,young
technician,divorced,secondary,no,273,yes,no,unknown,20,may,2,-1,0,unknown,0,young
technician,married,secondary,no,-255,yes,no,cellular,21,aug,2,-1,0,unknown,0,young
management,married,tertiary,no,7935,no,no,cellular,26,aug,17,-1,0,unknown,0,older
admin.,single,secondary,no,685,yes,no,unknown,6,jun,2,-1,0,unknown,0,young
technician,married,secondary,no,5,no,no,cellular,21,aug,2,-1,0,unknown,0,older
technician,married,secondary,no,344,yes,yes,cellular,14,may,11,-1,0,unknown,0,young
retired,married,primary,no,0,no,no,unknown,5,jun,1,-1,0,unknown,0,older
student,married,secondary,no,260,no,no,cellular,19,nov,1,152,6,failure,0,young
management,married,primary,no,5348,no,no,unknown,18,jun,1,-1,0,unknown,0,older
services,single,secondary,no,732,yes,no,cellular,17,apr,2,-1,0,unknown,0,young
admin.,married,secondary,no,44,no,yes,cellular,25,aug,3,-1,0,unknown,0,older
technician,married,secondary,no,511,yes,no,unknown,13,may,4,-1,0,unknown,0,young
admin.,married,secondary,no,33,no,yes,cellular,19,nov,1,-1,0,unknown,0,older
blue-collar,married,primary,no,0,no,no,cellular,21,nov,2,191,2,failure,0,older
housemaid,single,secondary,no,2184,no,no,cellular,19,nov,1,153,2,failure,0,older
technician,single,tertiary,no,1625,no,no,cellular,22,may,1,109,1,failure,1,young
blue-collar,married,primary,no,-11,yes,no,unknown,9,may,1,-1,0,unknown,0,older
blue-collar,single,primary,no,127,yes,no,cellular,28,jan,1,-1,0,unknown,0,young
management,married,primary,no,252,yes,yes,unknown,26,may,2,-1,0,unknown,0,older
management,single,tertiary,no,2408,no,no,cellular,29,aug,2,-1,0,unknown,0,older
admin.,single,secondary,no,8,no,no,cellular,23,jul,1,-1,0,unknown,0,young
management,single,tertiary,no,618,yes,no,unknown,3,jun,4,-1,0,unknown,0,young
blue-collar,single,secondary,no,541,yes,no,cellular,12,may,1,-1,0,unknown,0,young
technician,married,secondary,no,0,yes,yes,cellular,15,jul,5,-1,0,unknown,0,older
unknown,single,secondary,no,2023,no,no,cellular,30,jul,21,-1,0,unknown,0,older
self-employed,married,secondary,no,0,yes,no,cellular,20,nov,1,-1,0,unknown,0,young
management,married,tertiary,no,7197,no,no,cellular,14,aug,5,-1,0,unknown,0,older
unemployed,single,primary,no,1201,yes,no,unknown,5,jun,1,-1,0,unknown,0,young
admin.,married,unknown,no,642,yes,yes,unknown,16,may,2,-1,0,unknown,0,older
admin.,divorced,secondary,no,496,no,no,unknown,8,may,3,-1,0,unknown,0,young
entrepreneur,single,secondary,no,77,yes,yes,cellular,5,may,1,-1,0,unknown,0,young
blue-collar,married,primary,no,2321,no,no,cellular,27,aug,7,-1,0,unknown,0,older
technician,married,unknown,no,851,yes,no,unknown,5,may,2,-1,0,unknown,0,older
blue-collar,married,secondary,no,1025,yes,no,unknown,18,jun,1,-1,0,unknown,0,older
blue-collar,married,secondary,no,-99,yes,no,cellular,15,may,5,-1,0,unknown,0,young
management,single,tertiary,no,102,yes,no,cellular,21,aug,2,-1,0,unknown,0,young
entrepreneur,married,tertiary,no,129,yes,no,cellular,20,apr,3,151,5,other,0,young
blue-collar,married,secondary,no,5874,no,no,unknown,19,jun,1,-1,0,unknown,0,older
admin.,single,secondary,no,891,yes,no,unknown,27,may,1,-1,0,unknown,0,young
technician,divorced,secondary,no,433,no,no,cellular,22,aug,3,-1,0,unknown,0,young
management,married,tertiary,no,1698,yes,no,unknown,6,jun,2,-1,0,unknown,0,young
services,married,primary,no,822,yes,no,unknown,16,may,1,-1,0,unknown,0,older
housemaid,divorced,secondary,no,1327,no,no,unknown,5,jun,2,-1,0,unknown,0,older
blue-collar,married,secondary,no,-84,no,yes,cellular,15,jul,4,-1,0,unknown,0,young
admin.,single,secondary,no,1261,no,no,cellular,5,feb,1,-1,0,unknown,0,young
management,married,tertiary,no,5506,no,no,cellular,20,nov,1,-1,0,unknown,0,young
management,single,tertiary,no,0,no,no,cellular,21,aug,2,-1,0,unknown,0,young
management,single,tertiary,no,-227,yes,no,unknown,4,jun,2,-1,0,unknown,0,young
admin.,married,secondary,no,953,yes,no,cellular,17,feb,1,-1,0,unknown,0,young
admin.,single,secondary,no,-1193,yes,yes,unknown,3,jun,1,-1,0,unknown,0,older
admin.,single,secondary,no,1066,yes,no,unknown,28,may,4,-1,0,unknown,0,young
admin.,divorced,primary,no,1127,yes,no,cellular,17,apr,3,-1,0,unknown,0,young
blue-collar,married,primary,no,205,yes,no,unknown,8,may,2,-1,0,unknown,0,older
blue-collar,married,primary,no,12,no,no,unknown,20,jun,2,-1,0,unknown,0,young
housemaid,married,primary,no,1903,no,no,unknown,5,jun,1,-1,0,unknown,0,older
management,divorced,tertiary,yes,-402,no,yes,cellular,29,jan,2,262,2,failure,0,young
blue-collar,married,secondary,no,142,yes,yes,unknown,16,may,1,-1,0,unknown,0,young
entrepreneur,divorced,tertiary,no,1730,no,no,cellular,17,nov,2,118,3,failure,0,older
technician,divorced,secondary,no,348,yes,no,cellular,7,may,2,275,2,failure,0,older
blue-collar,single,secondary,no,0,yes,no,unknown,8,may,2,-1,0,unknown,0,young
management,married,tertiary,no,1217,yes,no,unknown,15,may,1,-1,0,unknown,0,older
blue-collar,married,secondary,no,0,no,no,cellular,5,may,2,-1,0,unknown,0,older
admin.,single,secondary,no,1411,no,no,cellular,2,jul,1,-1,0,unknown,0,young
management,single,tertiary,no,763,no,no,cellular,22,feb,1,189,1,failure,1,young
management,married,tertiary,no,69,no,no,cellular,20,aug,2,-1,0,unknown,0,young
self-employed,single,secondary,no,3676,no,no,cellular,7,apr,1,-1,0,unknown,1,young
blue-collar,married,secondary,no,564,yes,no,unknown,21,may,1,-1,0,unknown,0,young
services,married,secondary,no,5781,yes,yes,cellular,15,may,1,-1,0,unknown,0,older
services,married,tertiary,no,0,yes,no,unknown,30,may,1,-1,0,unknown,0,young
management,single,tertiary,no,4319,yes,no,cellular,29,apr,4,161,1,failure,0,young
technician,married,secondary,no,5342,yes,no,unknown,29,may,2,-1,0,unknown,0,older
services,married,secondary,no,900,yes,yes,cellular,14,jul,2,-1,0,unknown,0,young
blue-collar,married,secondary,no,247,yes,no,cellular,8,may,1,-1,0,unknown,0,older
blue-collar,single,secondary,no,925,yes,no,telephone,13,may,1,-1,0,unknown,0,older
management,single,tertiary,no,3282,yes,no,cellular,24,jul,4,-1,0,unknown,0,young
management,single,tertiary,no,406,yes,no,unknown,7,may,1,-1,0,unknown,0,young
blue-collar,married,unknown,no,621,yes,no,cellular,20,apr,5,-1,0,unknown,1,young
blue-collar,single,secondary,no,735,yes,no,unknown,4,jun,3,-1,0,unknown,0,young
management,married,tertiary,no,583,no,no,cellular,17,may,1,181,3,success,1,older
self-employed,married,secondary,no,1310,yes,no,unknown,16,may,1,-1,0,unknown,0,older
technician,married,tertiary,no,0,no,no,cellular,2,mar,2,-1,0,unknown,1,older
blue-collar,single,primary,no,-376,yes,no,cellular,18,may,1,-1,0,unknown,0,older
blue-collar,married,primary,no,1173,no,no,telephone,12,aug,8,-1,0,unknown,0,older
retired,married,primary,no,741,no,no,unknown,20,jun,2,-1,0,unknown,0,older
blue-collar,single,primary,no,-280,no,no,unknown,21,may,3,-1,0,unknown,0,young
unemployed,single,tertiary,no,507,no,no,cellular,3,feb,1,-1,0,unknown,0,young
blue-collar,married,secondary,no,1134,yes,no,unknown,23,may,2,-1,0,unknown,0,young
blue-collar,married,primary,no,1480,no,no,cellular,28,aug,5,-1,0,unknown,0,older
admin.,married,secondary,no,105,no,yes,cellular,21,aug,2,-1,0,unknown,0,older
technician,married,tertiary,no,0,yes,no,cellular,21,aug,1,-1,0,unknown,0,older
unemployed,single,secondary,no,79,no,yes,cellular,24,jul,1,-1,0,unknown,0,young
management,married,tertiary,no,887,no,no,cellular,13,aug,5,-1,0,unknown,0,young
management,single,tertiary,no,1131,yes,no,unknown,20,may,2,-1,0,unknown,0,young
technician,divorced,secondary,no,522,yes,no,unknown,14,may,1,-1,0,unknown,0,older
student,single,unknown,no,0,no,no,unknown,15,sep,1,-1,0,unknown,0,young
housemaid,married,secondary,no,1508,no,yes,cellular,8,jul,2,-1,0,unknown,0,young
technician,single,tertiary,no,19,no,no,cellular,20,aug,3,-1,0,unknown,0,young
management,married,tertiary,no,0,yes,yes,cellular,21,nov,6,-1,0,unknown,0,older
technician,single,secondary,no,816,yes,no,unknown,14,nov,1,-1,0,unknown,1,young
admin.,married,secondary,no,2469,no,no,cellular,16,jul,8,-1,0,unknown,0,young
blue-collar,married,secondary,no,2924,no,no,cellular,31,jul,2,-1,0,unknown,0,young
admin.,married,secondary,no,7707,yes,no,cellular,29,apr,2,334,2,failure,1,young
retired,married,secondary,no,385,no,yes,telephone,14,aug,2,-1,0,unknown,0,older
blue-collar,divorced,primary,no,7396,yes,no,cellular,19,nov,2,-1,0,unknown,0,older
retired,married,unknown,no,7819,no,no,cellular,15,feb,1,97,4,other,0,older
technician,married,primary,no,1415,yes,no,cellular,30,jul,2,-1,0,unknown,0,older
management,single,tertiary,no,637,yes,no,cellular,3,jun,1,119,1,failure,1,young
management,divorced,tertiary,no,1775,yes,no,telephone,5,feb,5,-1,0,unknown,0,older
blue-collar,married,primary,no,241,no,yes,unknown,3,jul,3,-1,0,unknown,0,older
entrepreneur,single,tertiary,no,5347,no,no,cellular,21,nov,3,-1,0,unknown,0,older
admin.,married,secondary,no,7711,yes,no,cellular,20,nov,5,135,1,failure,0,young
services,single,secondary,no,37,yes,no,cellular,7,may,2,-1,0,unknown,0,older
management,divorced,tertiary,no,-980,yes,no,cellular,4,feb,2,260,1,failure,0,young
admin.,single,secondary,no,985,yes,no,cellular,4,jun,3,50,8,failure,1,young
technician,married,secondary,no,77,yes,yes,cellular,21,nov,1,-1,0,unknown,0,young
blue-collar,single,secondary,no,151,yes,no,cellular,11,may,1,-1,0,unknown,0,young
unemployed,married,secondary,no,0,no,no,unknown,19,jun,1,-1,0,unknown,0,older
blue-collar,married,primary,no,0,no,no,unknown,9,jun,4,-1,0,unknown,0,older
admin.,married,secondary,no,178,no,no,cellular,10,nov,1,-1,0,unknown,0,older
management,single,tertiary,no,4687,no,no,cellular,26,aug,19,-1,0,unknown,0,young
admin.,married,secondary,no,0,yes,yes,cellular,20,apr,2,259,2,failure,0,older
management,single,tertiary,no,2749,no,no,cellular,13,may,1,-1,0,unknown,0,young
admin.,single,secondary,no,-1,yes,no,cellular,15,may,1,352,1,failure,0,young
self-employed,married,secondary,no,706,no,no,cellular,30,apr,2,176,1,success,0,older
admin.,single,secondary,no,2002,yes,no,unknown,30,may,1,-1,0,unknown,0,young
services,married,secondary,no,1205,yes,no,unknown,6,may,2,-1,0,unknown,0,young
technician,divorced,secondary,no,44,yes,yes,cellular,21,nov,2,-1,0,unknown,0,young
management,married,secondary,no,676,no,no,telephone,18,nov,2,-1,0,unknown,0,young
retired,divorced,primary,no,2308,no,no,telephone,30,mar,2,-1,0,unknown,1,older
technician,single,secondary,no,0,no,no,cellular,20,aug,4,-1,0,unknown,0,young
admin.,married,secondary,no,1455,yes,no,cellular,21,jul,1,-1,0,unknown,0,older
management,single,tertiary,no,644,yes,no,unknown,30,may,2,-1,0,unknown,0,young
technician,married,secondary,no,216,no,no,cellular,29,aug,2,-1,0,unknown,0,young
management,married,tertiary,no,768,no,no,cellular,7,aug,3,-1,0,unknown,0,older
technician,single,tertiary,no,-109,yes,yes,cellular,17,apr,1,-1,0,unknown,0,young
management,divorced,tertiary,no,3837,yes,no,cellular,17,nov,1,193,1,success,0,young
technician,married,tertiary,no,128,no,no,cellular,13,aug,5,-1,0,unknown,0,young
services,married,primary,no,-45,no,yes,cellular,8,jul,1,-1,0,unknown,0,young
technician,married,secondary,no,0,no,no,cellular,25,aug,2,-1,0,unknown,0,young
admin.,married,secondary,no,994,no,no,unknown,11,jun,2,-1,0,unknown,0,older
management,single,tertiary,no,906,yes,no,telephone,29,jul,9,-1,0,unknown,0,older
self-employed,married,tertiary,no,1178,yes,yes,cellular,15,apr,2,183,5,failure,0,young
technician,married,secondary,no,-172,yes,yes,cellular,11,jul,2,-1,0,unknown,0,older
admin.,divorced,secondary,no,298,yes,no,cellular,9,feb,4,-1,0,unknown,0,young
admin.,single,secondary,no,130,no,no,unknown,4,jun,2,-1,0,unknown,0,young
blue-collar,single,secondary,no,391,yes,no,cellular,18,may,1,-1,0,unknown,0,young
technician,married,secondary,no,2575,yes,yes,cellular,29,jul,2,-1,0,unknown,0,older
management,single,tertiary,no,478,yes,no,cellular,22,aug,2,-1,0,unknown,0,young
management,married,tertiary,no,101,no,yes,cellular,23,jul,2,-1,0,unknown,0,older
services,divorced,secondary,no,608,yes,yes,cellular,7,may,3,323,30,failure,1,older
blue-collar,married,secondary,no,321,yes,yes,cellular,2,feb,2,-1,0,unknown,0,young
management,married,secondary,no,315,yes,no,cellular,4,aug,2,-1,0,unknown,0,older
blue-collar,divorced,secondary,no,226,yes,no,unknown,20,may,2,-1,0,unknown,0,young
admin.,married,secondary,no,-401,yes,yes,cellular,3,feb,3,214,1,failure,0,young
housemaid,married,secondary,no,0,yes,yes,cellular,15,jul,4,-1,0,unknown,0,older
blue-collar,married,primary,no,532,yes,no,cellular,31,jul,2,-1,0,unknown,0,young
technician,married,secondary,no,3399,no,no,telephone,30,nov,2,188,8,success,1,older
management,married,tertiary,no,101,yes,yes,unknown,5,may,1,-1,0,unknown,0,young
unemployed,single,tertiary,no,302,no,no,cellular,11,feb,3,-1,0,unknown,1,young
management,single,tertiary,no,1098,yes,yes,cellular,8,jul,1,-1,0,unknown,0,young
admin.,married,secondary,no,949,no,no,cellular,5,aug,1,-1,0,unknown,1,older
unemployed,divorced,secondary,no,283,yes,yes,unknown,14,may,2,-1,0,unknown,0,older
blue-collar,divorced,secondary,no,-306,no,no,unknown,3,jun,2,-1,0,unknown,0,young
services,single,secondary,no,235,no,no,cellular,10,jul,3,-1,0,unknown,0,young
management,single,tertiary,no,144,yes,no,unknown,2,jun,3,-1,0,unknown,0,young
management,divorced,tertiary,no,547,yes,no,unknown,14,may,4,-1,0,unknown,0,young
services,married,secondary,no,24,no,no,cellular,11,aug,3,-1,0,unknown,0,older
entrepreneur,married,tertiary,no,2310,yes,yes,unknown,18,jun,1,-1,0,unknown,0,young
blue-collar,married,secondary,no,0,yes,yes,cellular,13,may,8,293,1,failure,0,young
admin.,married,secondary,no,35,no,no,unknown,17,jun,1,-1,0,unknown,0,young
technician,single,secondary,no,-363,yes,no,cellular,18,may,2,-1,0,unknown,0,young
unemployed,married,secondary,no,18,no,no,cellular,31,jul,1,-1,0,unknown,0,older
retired,divorced,secondary,no,452,no,no,telephone,16,dec,1,-1,0,unknown,1,older
housemaid,married,secondary,no,327,no,no,cellular,14,aug,1,-1,0,unknown,0,older
technician,married,tertiary,no,4596,yes,no,cellular,8,oct,2,175,2,success,1,young
blue-collar,married,secondary,no,679,yes,no,cellular,17,apr,2,304,1,failure,0,young
blue-collar,single,unknown,no,4684,no,no,unknown,20,jun,6,-1,0,unknown,0,older
management,divorced,tertiary,no,141,no,yes,cellular,20,nov,1,-1,0,unknown,1,young
management,single,tertiary,no,154,no,yes,cellular,21,aug,3,-1,0,unknown,0,young
blue-collar,married,secondary,no,476,yes,no,unknown,13,may,1,-1,0,unknown,0,older
management,divorced,tertiary,no,723,yes,no,unknown,27,may,1,-1,0,unknown,0,young
technician,married,tertiary,no,629,yes,yes,cellular,29,dec,1,246,1,failure,0,young
blue-collar,married,secondary,no,631,yes,no,cellular,20,apr,2,152,2,failure,0,young
technician,married,secondary,no,61,no,no,cellular,19,aug,2,-1,0,unknown,0,young
blue-collar,married,primary,no,602,yes,no,cellular,16,jul,1,-1,0,unknown,0,young
technician,married,secondary,yes,-29,yes,yes,unknown,21,may,3,-1,0,unknown,0,young
technician,married,secondary,no,561,yes,no,unknown,30,may,2,-1,0,unknown,0,older
management,married,tertiary,no,192,no,yes,cellular,18,jul,1,-1,0,unknown,0,older
services,single,secondary,no,518,yes,no,cellular,11,may,1,370,1,failure,0,older
admin.,single,secondary,no,985,yes,yes,cellular,11,may,7,325,19,failure,0,older
technician,divorced,secondary,no,273,yes,no,unknown,20,may,2,-1,0,unknown,0,young
housemaid,married,secondary,no,2064,no,no,cellular,12,aug,1,-1,0,unknown,0,young
services,single,primary,no,6,yes,yes,cellular,9,jul,1,-1,0,unknown,0,young
management,married,tertiary,no,1388,yes,no,cellular,13,aug,1,105,1,success,0,young
management,married,tertiary,no,831,yes,no,cellular,14,jul,3,-1,0,unknown,0,older
management,divorced,tertiary,no,17964,yes,no,cellular,1,sep,1,98,5,success,1,older
housemaid,divorced,secondary,no,70,no,no,cellular,27,oct,3,148,1,success,1,young
technician,married,tertiary,no,1489,yes,no,unknown,28,may,1,-1,0,unknown,0,young
entrepreneur,married,tertiary,no,0,yes,no,cellular,17,nov,1,-1,0,unknown,0,older
management,single,tertiary,no,2223,no,no,unknown,12,jun,3,-1,0,unknown,0,older
technician,single,secondary,no,16,no,no,cellular,17,apr,1,333,1,failure,0,young
admin.,married,secondary,no,429,yes,no,cellular,28,jan,1,246,4,failure,0,older
admin.,married,secondary,no,287,no,yes,cellular,11,jul,2,-1,0,unknown,0,young
blue-collar,single,secondary,no,4574,yes,no,unknown,16,may,2,-1,0,unknown,0,young
blue-collar,married,primary,no,296,yes,no,unknown,4,jun,2,-1,0,unknown,0,older
management,single,tertiary,no,3,yes,no,cellular,23,jul,1,-1,0,unknown,0,young
admin.,married,secondary,no,5122,no,yes,cellular,7,aug,7,-1,0,unknown,0,older
management,married,tertiary,no,623,yes,no,cellular,13,may,2,349,5,failure,0,young
unemployed,single,secondary,no,771,no,no,cellular,21,oct,1,302,3,other,1,young
self-employed,married,tertiary,no,526,no,no,cellular,27,aug,11,-1,0,unknown,0,young
management,married,secondary,no,2415,yes,yes,cellular,16,apr,3,-1,0,unknown,0,young
self-employed,single,tertiary,yes,-282,yes,no,cellular,20,nov,3,-1,0,unknown,0,young
blue-collar,single,secondary,no,384,yes,no,cellular,18,may,1,364,2,other,0,young
entrepreneur,single,unknown,no,323,no,no,cellular,28,jul,2,181,2,failure,1,older
admin.,married,secondary,yes,-9,no,no,unknown,20,jun,1,-1,0,unknown,0,older
management,married,primary,yes,57,yes,yes,cellular,20,nov,1,196,1,failure,0,older
student,single,unknown,no,2503,no,no,cellular,30,apr,1,63,2,failure,0,young
blue-collar,married,primary,no,1075,no,no,cellular,22,aug,6,-1,0,unknown,0,older
technician,single,secondary,no,388,no,no,cellular,21,aug,2,-1,0,unknown,0,young
admin.,married,secondary,no,1815,no,no,cellular,29,jul,6,-1,0,unknown,0,older
admin.,single,secondary,no,691,yes,no,unknown,3,jun,2,-1,0,unknown,0,young
blue-collar,married,primary,no,307,yes,yes,cellular,8,jul,2,-1,0,unknown,0,young
admin.,married,secondary,no,769,yes,no,cellular,13,aug,2,-1,0,unknown,0,older
entrepreneur,married,secondary,no,0,yes,no,cellular,25,jul,1,-1,0,unknown,0,young
retired,single,secondary,yes,-341,no,yes,cellular,14,jul,3,-1,0,unknown,0,older
management,married,tertiary,no,0,no,yes,cellular,19,feb,4,182,1,success,1,older
entrepreneur,married,primary,no,199,no,no,cellular,11,may,2,363,2,failure,0,older
management,married,unknown,yes,-353,yes,no,unknown,15,may,1,-1,0,unknown,0,young
retired,married,secondary,no,638,no,no,cellular,11,feb,1,188,1,success,1,older
blue-collar,married,primary,no,792,yes,yes,cellular,19,nov,2,175,12,other,0,older
management,married,tertiary,no,1,no,no,cellular,22,aug,4,-1,0,unknown,0,older
management,single,tertiary,no,86,no,no,cellular,5,aug,1,97,4,success,1,older
services,married,secondary,no,841,yes,no,cellular,7,jul,2,-1,0,unknown,0,older
blue-collar,married,unknown,no,123,yes,no,cellular,7,aug,2,-1,0,unknown,0,older
housemaid,married,primary,no,1000,yes,no,unknown,16,may,1,-1,0,unknown,0,older
technician,single,tertiary,no,104,yes,no,cellular,5,may,2,344,1,other,0,older
retired,married,secondary,no,1449,yes,yes,cellular,23,jul,2,-1,0,unknown,0,older
management,single,tertiary,no,438,yes,no,cellular,18,may,5,-1,0,unknown,0,young
technician,single,tertiary,no,48,yes,no,cellular,23,jul,1,-1,0,unknown,0,young
management,married,tertiary,no,3024,no,no,cellular,19,nov,1,-1,0,unknown,0,young
blue-collar,married,secondary,no,535,yes,no,cellular,8,may,1,343,3,failure,0,young
services,single,tertiary,no,717,yes,yes,cellular,15,may,1,-1,0,unknown,0,young
technician,single,secondary,yes,-435,yes,yes,unknown,16,jun,2,-1,0,unknown,0,older
self-employed,single,tertiary,no,1579,no,no,cellular,13,jan,1,91,3,failure,1,young
technician,divorced,secondary,no,83,yes,no,unknown,6,may,3,-1,0,unknown,0,older
technician,single,secondary,no,925,no,no,cellular,25,aug,3,-1,0,unknown,1,older
management,married,tertiary,no,2823,no,no,unknown,9,jun,2,-1,0,unknown,0,young
blue-collar,divorced,primary,no,-97,yes,yes,unknown,9,may,4,-1,0,unknown,0,older
technician,married,secondary,no,673,no,no,telephone,29,jul,4,-1,0,unknown,0,older
management,divorced,tertiary,no,1988,yes,no,cellular,6,may,1,299,1,failure,0,older
technician,divorced,secondary,no,809,yes,no,unknown,15,may,4,-1,0,unknown,0,older
entrepreneur,divorced,secondary,no,2998,yes,no,cellular,18,jul,3,-1,0,unknown,1,young
unemployed,married,secondary,no,2551,no,no,cellular,12,aug,2,-1,0,unknown,1,older
admin.,married,unknown,no,2667,yes,no,unknown,15,may,1,-1,0,unknown,0,older
self-employed,single,tertiary,no,166,no,no,cellular,26,may,1,-1,0,unknown,0,young
technician,married,secondary,no,114,yes,yes,cellular,4,jun,1,309,3,other,0,young
blue-collar,single,primary,no,623,yes,no,cellular,2,feb,2,-1,0,unknown,1,older
blue-collar,divorced,primary,no,603,yes,yes,cellular,8,may,1,-1,0,unknown,1,older
management,single,secondary,no,5993,no,no,cellular,25,mar,1,184,2,failure,0,older
services,single,secondary,no,488,no,no,cellular,30,mar,1,92,2,other,1,young
retired,married,primary,no,752,yes,no,unknown,30,may,2,-1,0,unknown,0,older
self-employed,married,secondary,no,-3,no,no,unknown,9,jun,5,-1,0,unknown,0,young
blue-collar,married,secondary,no,505,yes,no,cellular,15,may,1,-1,0,unknown,0,older
entrepreneur,divorced,tertiary,no,1730,no,no,cellular,22,jul,3,-1,0,unknown,0,older
services,married,secondary,no,507,no,yes,cellular,21,nov,2,-1,0,unknown,0,older
unemployed,married,primary,no,75,yes,no,cellular,4,feb,1,-1,0,unknown,0,older
management,divorced,tertiary,no,457,yes,no,cellular,5,feb,3,-1,0,unknown,0,young
blue-collar,married,secondary,no,1025,yes,no,unknown,28,may,2,-1,0,unknown,0,young
management,married,tertiary,no,4152,yes,no,cellular,30,apr,2,164,4,other,1,older
technician,divorced,secondary,no,385,no,no,cellular,26,aug,1,93,1,failure,0,young
management,divorced,secondary,no,425,no,no,cellular,15,jul,3,-1,0,unknown,0,older
admin.,married,secondary,no,199,no,no,cellular,28,jan,2,189,1,other,0,older
self-employed,single,tertiary,no,5215,no,no,cellular,2,jun,1,-1,0,unknown,0,young
services,married,secondary,yes,-20,no,no,cellular,20,aug,2,-1,0,unknown,0,older
blue-collar,married,primary,no,287,yes,no,unknown,30,may,3,-1,0,unknown,0,young
services,married,secondary,no,-353,yes,no,cellular,15,jul,4,-1,0,unknown,0,young
blue-collar,married,secondary,no,0,yes,no,unknown,16,may,2,-1,0,unknown,0,young
technician,single,tertiary,no,8839,yes,no,unknown,29,may,3,-1,0,unknown,0,young
services,married,secondary,no,86,yes,no,cellular,14,jul,3,-1,0,unknown,0,older
admin.,married,secondary,no,186,yes,no,unknown,27,may,2,-1,0,unknown,0,young
blue-collar,single,secondary,no,-15,yes,no,unknown,28,may,1,-1,0,unknown,0,young
blue-collar,married,primary,no,238,yes,yes,cellular,12,may,1,-1,0,unknown,0,older
services,single,secondary,no,-23,no,no,cellular,11,may,1,305,1,failure,0,young
self-employed,married,secondary,no,5704,yes,no,cellular,20,nov,3,106,2,failure,0,older
blue-collar,married,secondary,no,331,yes,no,cellular,14,may,7,365,5,other,0,young
retired,married,secondary,no,4414,yes,no,unknown,30,may,1,-1,0,unknown,0,older
admin.,married,secondary,no,148,yes,no,cellular,11,may,2,-1,0,unknown,0,young
entrepreneur,married,tertiary,no,2185,yes,no,cellular,19,nov,4,-1,0,unknown,0,older
management,married,unknown,no,0,no,no,cellular,24,jul,29,-1,0,unknown,0,older
blue-collar,married,secondary,no,283,yes,yes,unknown,29,may,3,-1,0,unknown,0,young
management,married,secondary,no,249,no,no,telephone,6,nov,1,-1,0,unknown,1,older
management,single,tertiary,no,9447,no,no,cellular,4,sep,1,100,2,other,0,young
blue-collar,married,secondary,no,392,yes,no,cellular,21,nov,2,127,2,failure,0,older
retired,divorced,primary,no,1926,no,no,cellular,9,sep,1,93,5,other,0,older
management,married,tertiary,no,5779,yes,no,unknown,23,may,3,-1,0,unknown,0,young
admin.,married,secondary,no,1831,no,no,cellular,21,nov,2,-1,0,unknown,0,young
technician,married,secondary,no,1140,yes,no,cellular,14,jul,2,-1,0,unknown,0,young
management,married,tertiary,no,412,no,no,telephone,20,nov,6,-1,0,unknown,0,older
housemaid,married,primary,no,758,no,no,unknown,17,jun,2,-1,0,unknown,0,young
management,married,tertiary,no,1882,yes,no,cellular,11,aug,5,-1,0,unknown,0,young
services,single,secondary,no,2657,yes,no,unknown,18,jun,1,-1,0,unknown,0,young
management,married,tertiary,no,750,yes,no,cellular,18,aug,12,-1,0,unknown,0,young
management,married,tertiary,no,724,no,no,cellular,4,aug,3,-1,0,unknown,0,older
self-employed,married,tertiary,no,430,yes,no,cellular,2,feb,1,206,2,failure,0,older
management,single,tertiary,no,6,yes,no,unknown,23,may,2,-1,0,unknown,0,young
management,married,secondary,no,2897,no,no,cellular,5,apr,1,180,4,other,0,older
admin.,single,secondary,yes,-930,yes,no,cellular,14,may,1,-1,0,unknown,1,young
technician,married,secondary,no,23876,no,no,cellular,18,aug,2,-1,0,unknown,0,young
blue-collar,single,unknown,no,913,yes,no,telephone,14,may,1,352,2,failure,0,young
retired,single,tertiary,no,308,no,no,cellular,30,jan,2,-1,0,unknown,0,older
student,single,secondary,no,215,no,no,cellular,24,may,1,89,7,success,1,young
management,married,tertiary,no,0,yes,no,cellular,5,may,1,-1,0,unknown,0,young
technician,married,secondary,no,3043,no,no,cellular,11,aug,4,-1,0,unknown,0,young
management,married,tertiary,no,0,no,no,cellular,13,aug,2,-1,0,unknown,0,older
technician,divorced,secondary,no,-278,no,no,cellular,28,aug,8,-1,0,unknown,0,older
blue-collar,married,secondary,no,101,no,yes,cellular,8,jul,3,-1,0,unknown,1,young
retired,married,primary,no,4657,no,no,telephone,23,mar,1,91,8,success,1,older
management,single,tertiary,no,4683,yes,no,telephone,5,nov,1,-1,0,unknown,0,young
management,married,tertiary,no,4,yes,yes,cellular,24,jul,1,-1,0,unknown,0,young
housemaid,married,primary,no,1382,no,no,unknown,17,jun,1,-1,0,unknown,0,older
technician,married,tertiary,no,409,yes,no,unknown,12,may,3,-1,0,unknown,0,young
management,married,tertiary,no,8016,yes,no,unknown,15,may,3,-1,0,unknown,0,older
entrepreneur,married,secondary,no,0,yes,no,cellular,22,jul,1,-1,0,unknown,0,young
management,married,unknown,no,914,yes,no,unknown,29,may,3,-1,0,unknown,0,older
technician,married,tertiary,no,17455,yes,yes,unknown,23,may,4,-1,0,unknown,0,young
blue-collar,single,secondary,no,1670,yes,no,cellular,18,may,1,-1,0,unknown,0,young
management,single,tertiary,no,5340,yes,no,cellular,19,nov,2,104,4,failure,0,young
admin.,married,secondary,no,367,no,no,telephone,16,nov,2,-1,0,unknown,0,older
management,married,tertiary,no,1531,yes,no,cellular,15,may,1,367,4,failure,0,young
management,married,tertiary,no,1310,no,no,telephone,30,jan,3,158,7,other,0,young
technician,divorced,secondary,yes,-757,yes,yes,unknown,2,jun,1,-1,0,unknown,0,older
management,single,tertiary,no,53,yes,no,cellular,7,aug,3,-1,0,unknown,0,young
retired,married,unknown,no,2540,no,no,telephone,10,dec,2,156,1,other,1,older
services,divorced,unknown,no,1877,yes,no,unknown,30,may,1,-1,0,unknown,0,older
blue-collar,divorced,primary,no,380,no,no,cellular,25,jul,2,-1,0,unknown,0,young
services,divorced,secondary,no,1012,yes,no,cellular,12,may,3,175,2,other,0,older
blue-collar,married,secondary,no,707,yes,no,telephone,13,may,5,-1,0,unknown,0,older
admin.,divorced,secondary,no,-113,yes,no,unknown,14,may,2,-1,0,unknown,0,young
technician,single,secondary,no,1199,no,no,cellular,1,jun,1,-1,0,unknown,1,young
retired,married,secondary,no,1129,no,no,cellular,26,aug,1,-1,0,unknown,1,older
retired,married,tertiary,no,1458,no,no,telephone,4,may,5,-1,0,unknown,0,older
blue-collar,single,secondary,no,82,yes,no,unknown,8,may,5,-1,0,unknown,0,young
housemaid,single,tertiary,no,3232,no,no,telephone,6,oct,1,204,3,failure,0,older
management,divorced,tertiary,no,1149,yes,no,cellular,14,may,4,-1,0,unknown,0,young
management,single,tertiary,no,992,no,yes,cellular,1,sep,1,-1,0,unknown,1,young
blue-collar,married,primary,no,4319,no,no,cellular,16,apr,1,-1,0,unknown,0,young
blue-collar,divorced,secondary,no,644,no,yes,cellular,17,nov,4,109,4,failure,0,older
management,divorced,tertiary,no,194,no,no,cellular,28,jan,1,-1,0,unknown,0,older
unemployed,married,secondary,no,655,yes,no,unknown,4,jun,2,-1,0,unknown,0,young
self-employed,married,secondary,no,2137,no,no,cellular,3,jul,1,-1,0,unknown,0,older
services,married,primary,no,-15,no,yes,unknown,2,jul,1,-1,0,unknown,0,older
blue-collar,single,secondary,no,0,yes,no,cellular,28,jan,2,258,2,failure,0,young
management,married,primary,no,0,no,no,unknown,11,jun,7,-1,0,unknown,0,young
blue-collar,married,primary,no,59,yes,yes,cellular,29,jul,4,-1,0,unknown,0,young
technician,married,secondary,no,430,no,no,cellular,27,aug,4,-1,0,unknown,0,young
services,married,secondary,no,18,yes,yes,cellular,17,nov,2,-1,0,unknown,0,young
management,single,tertiary,no,4210,no,no,cellular,12,aug,4,-1,0,unknown,1,young
admin.,married,secondary,yes,-279,yes,no,unknown,28,may,2,-1,0,unknown,0,young
admin.,married,secondary,no,-295,no,no,cellular,14,jul,3,-1,0,unknown,0,young
retired,married,secondary,no,6095,yes,yes,cellular,14,may,5,-1,0,unknown,0,older
blue-collar,married,unknown,no,6251,yes,no,unknown,29,may,3,-1,0,unknown,0,older
entrepreneur,married,tertiary,no,416,yes,yes,telephone,11,jul,2,-1,0,unknown,0,older
management,divorced,tertiary,no,108,yes,no,unknown,27,may,2,-1,0,unknown,0,older
admin.,single,secondary,no,664,no,no,cellular,21,jul,2,-1,0,unknown,1,young
blue-collar,single,primary,no,1780,no,yes,unknown,11,jun,1,-1,0,unknown,0,young
blue-collar,married,unknown,no,0,no,no,unknown,11,jun,1,-1,0,unknown,0,older
retired,divorced,secondary,no,4166,yes,no,unknown,16,may,1,-1,0,unknown,0,older
blue-collar,single,primary,no,2176,yes,no,unknown,28,may,2,-1,0,unknown,0,young
blue-collar,married,secondary,no,30,yes,no,unknown,11,jun,14,-1,0,unknown,0,young
technician,married,secondary,no,1,no,yes,unknown,2,jul,3,-1,0,unknown,0,older
technician,married,secondary,no,0,no,no,cellular,19,aug,2,-1,0,unknown,0,older
blue-collar,married,secondary,no,39,yes,no,unknown,18,jun,6,-1,0,unknown,0,young
admin.,divorced,secondary,no,4680,no,no,cellular,15,sep,2,-1,0,unknown,1,older
retired,married,primary,no,5092,no,no,unknown,11,jun,6,-1,0,unknown,0,older
entrepreneur,single,tertiary,no,81,no,no,cellular,5,feb,1,199,3,failure,0,young
blue-collar,single,primary,no,2176,yes,no,unknown,28,may,2,-1,0,unknown,0,young
technician,single,secondary,no,2,no,no,cellular,11,aug,4,-1,0,unknown,0,young
technician,single,tertiary,no,8047,yes,no,cellular,28,aug,13,-1,0,unknown,0,young
retired,married,primary,no,2954,no,no,cellular,25,sep,1,-1,0,unknown,0,older
management,married,tertiary,no,549,yes,no,cellular,18,nov,2,-1,0,unknown,0,young
technician,single,tertiary,no,236,yes,no,cellular,30,jan,1,259,1,failure,0,young
self-employed,single,secondary,no,238,yes,yes,cellular,5,feb,5,-1,0,unknown,0,young
management,married,tertiary,no,141,yes,yes,cellular,22,aug,13,-1,0,unknown,0,young
management,married,tertiary,no,1134,yes,no,cellular,18,aug,4,-1,0,unknown,0,older
retired,divorced,secondary,no,224,no,yes,cellular,31,jul,4,-1,0,unknown,0,older
blue-collar,married,primary,no,2120,yes,no,cellular,15,may,3,175,4,failure,1,young
retired,married,secondary,no,263,no,no,unknown,6,jun,3,-1,0,unknown,0,young
housemaid,married,primary,no,1526,yes,no,telephone,28,jan,1,-1,0,unknown,0,older
blue-collar,married,primary,no,6271,yes,no,cellular,6,may,2,254,5,failure,0,older
technician,married,secondary,no,210,yes,yes,cellular,12,may,2,173,1,failure,0,young
blue-collar,married,secondary,no,0,no,no,cellular,14,aug,4,-1,0,unknown,0,older
services,married,secondary,no,-274,no,no,cellular,7,jul,1,-1,0,unknown,0,young
management,married,secondary,no,480,yes,no,cellular,18,nov,2,-1,0,unknown,0,young
blue-collar,married,secondary,yes,0,yes,yes,cellular,7,may,1,-1,0,unknown,0,older
technician,married,tertiary,no,0,no,no,telephone,26,aug,15,-1,0,unknown,0,older
blue-collar,married,secondary,no,659,yes,no,cellular,29,jul,3,-1,0,unknown,0,older
blue-collar,married,secondary,no,247,yes,yes,cellular,13,may,1,352,5,failure,0,young
management,married,tertiary,no,101,yes,no,cellular,17,jul,1,-1,0,unknown,0,young
management,divorced,tertiary,no,2367,no,no,cellular,22,sep,1,184,6,success,1,older
management,married,tertiary,no,763,no,no,cellular,2,feb,1,-1,0,unknown,0,young
management,single,tertiary,no,12686,yes,no,unknown,3,jun,1,-1,0,unknown,0,young
management,married,primary,no,102,yes,yes,cellular,21,nov,1,-1,0,unknown,0,older
technician,married,tertiary,no,442,no,no,cellular,15,oct,1,-1,0,unknown,0,young
admin.,married,secondary,no,0,yes,no,cellular,24,jul,1,-1,0,unknown,0,young
admin.,married,secondary,no,1078,yes,no,cellular,16,apr,1,-1,0,unknown,0,young
blue-collar,married,secondary,no,718,yes,no,cellular,28,jul,3,-1,0,unknown,0,young
services,divorced,primary,no,0,yes,no,unknown,18,jun,2,-1,0,unknown,0,young
unemployed,single,secondary,no,605,no,no,cellular,30,jan,2,-1,0,unknown,0,young
management,single,tertiary,no,45,no,no,telephone,2,feb,2,-1,0,unknown,0,young
retired,married,primary,no,3648,no,no,telephone,19,jun,3,-1,0,unknown,1,older
management,married,tertiary,no,3160,yes,no,cellular,26,apr,2,-1,0,unknown,1,young
technician,married,secondary,no,128,no,yes,cellular,29,jan,1,205,2,other,0,young
technician,single,secondary,no,656,no,yes,unknown,4,jul,1,-1,0,unknown,0,young
unemployed,single,tertiary,no,498,no,no,cellular,29,jan,2,-1,0,unknown,0,young
blue-collar,married,secondary,no,294,yes,no,unknown,14,may,2,-1,0,unknown,0,young
blue-collar,married,primary,no,-14,yes,yes,unknown,19,may,4,-1,0,unknown,0,older
blue-collar,married,secondary,no,693,no,no,cellular,20,nov,2,-1,0,unknown,0,young
blue-collar,married,secondary,no,1219,yes,no,cellular,11,may,1,-1,0,unknown,0,older
services,single,secondary,no,0,yes,no,cellular,14,may,7,177,1,other,0,older
services,married,secondary,no,0,no,no,cellular,17,nov,1,-1,0,unknown,0,young
management,married,tertiary,no,187,no,no,cellular,11,aug,1,-1,0,unknown,0,older
admin.,married,secondary,no,132,no,no,cellular,19,aug,1,84,3,success,1,older
entrepreneur,divorced,tertiary,yes,0,yes,no,cellular,19,nov,10,-1,0,unknown,0,older
blue-collar,single,primary,no,3198,yes,no,unknown,28,may,2,-1,0,unknown,0,young
management,single,tertiary,no,2646,no,no,cellular,14,apr,1,-1,0,unknown,1,young
technician,married,secondary,no,318,no,no,cellular,5,aug,1,182,6,success,1,young
technician,married,secondary,no,981,no,no,cellular,25,aug,4,-1,0,unknown,0,older
admin.,single,secondary,no,849,yes,no,unknown,5,jun,2,-1,0,unknown,1,older
management,single,tertiary,no,4409,no,no,cellular,20,nov,2,-1,0,unknown,0,young
admin.,married,secondary,no,1831,no,no,cellular,21,nov,2,-1,0,unknown,0,young
technician,single,secondary,no,-423,yes,no,cellular,8,may,6,-1,0,unknown,0,young
technician,single,tertiary,no,2099,no,yes,unknown,1,jul,1,-1,0,unknown,0,older
admin.,married,secondary,no,1158,yes,no,cellular,20,apr,2,-1,0,unknown,0,young
technician,married,secondary,no,760,no,no,cellular,7,aug,2,-1,0,unknown,0,older
management,single,tertiary,no,1439,yes,no,cellular,3,jun,2,-1,0,unknown,0,young
management,married,tertiary,no,2327,no,no,cellular,8,aug,2,-1,0,unknown,0,older
technician,married,secondary,no,428,no,yes,cellular,18,jul,2,-1,0,unknown,0,older
services,single,secondary,no,3331,yes,no,unknown,28,may,2,-1,0,unknown,0,young
services,single,secondary,no,-107,yes,no,cellular,14,may,1,-1,0,unknown,0,young
management,single,secondary,no,992,no,no,unknown,6,jun,1,-1,0,unknown,0,young
entrepreneur,married,secondary,no,245,yes,no,unknown,14,may,3,-1,0,unknown,0,older
blue-collar,married,secondary,no,519,yes,no,cellular,25,aug,6,-1,0,unknown,0,older
blue-collar,single,secondary,no,0,yes,no,cellular,5,feb,3,254,1,other,0,young
admin.,married,secondary,no,0,yes,no,telephone,15,jul,6,-1,0,unknown,0,young
housemaid,married,secondary,no,234,no,no,cellular,20,nov,1,-1,0,unknown,0,older
blue-collar,married,primary,no,579,yes,yes,cellular,5,may,4,-1,0,unknown,0,young
entrepreneur,married,primary,no,694,yes,no,unknown,14,may,1,-1,0,unknown,0,older
technician,single,tertiary,no,257,yes,no,unknown,2,jun,5,-1,0,unknown,0,young
services,married,secondary,no,790,yes,no,unknown,5,may,1,-1,0,unknown,0,young
student,single,unknown,no,466,no,no,cellular,30,jun,1,-1,0,unknown,1,young
services,single,secondary,no,1393,yes,yes,cellular,18,may,8,-1,0,unknown,0,young
blue-collar,divorced,primary,no,1480,yes,no,cellular,20,nov,2,-1,0,unknown,0,older
services,married,secondary,no,278,yes,no,unknown,26,may,20,-1,0,unknown,0,older
technician,single,secondary,no,-347,no,yes,cellular,7,aug,2,-1,0,unknown,0,older
self-employed,married,secondary,no,0,no,no,unknown,6,jun,1,-1,0,unknown,0,older
management,married,tertiary,no,620,yes,no,unknown,18,jun,3,-1,0,unknown,0,young
services,married,secondary,no,292,yes,yes,cellular,15,apr,4,-1,0,unknown,0,young
blue-collar,married,primary,no,289,yes,no,unknown,8,may,4,-1,0,unknown,0,young
management,married,tertiary,no,911,yes,no,cellular,30,jan,1,-1,0,unknown,0,older
management,married,tertiary,no,926,yes,no,cellular,17,nov,1,-1,0,unknown,0,older
admin.,divorced,secondary,no,131,yes,no,unknown,6,may,1,-1,0,unknown,0,young
blue-collar,married,secondary,no,751,no,no,cellular,11,aug,4,-1,0,unknown,0,older
management,single,tertiary,no,0,no,no,cellular,8,aug,4,-1,0,unknown,0,young
services,single,secondary,no,0,no,no,cellular,6,aug,1,-1,0,unknown,1,older
blue-collar,single,primary,no,388,yes,no,cellular,15,may,2,-1,0,unknown,0,young
self-employed,married,tertiary,no,1050,no,no,cellular,21,nov,2,-1,0,unknown,0,young
blue-collar,married,primary,no,4793,yes,no,telephone,20,apr,4,150,5,failure,0,older
blue-collar,married,secondary,no,525,yes,no,cellular,12,may,2,-1,0,unknown,0,older
technician,single,tertiary,no,1075,no,no,cellular,2,sep,2,184,1,success,1,young
management,married,tertiary,no,0,yes,yes,cellular,6,may,1,351,2,failure,0,older
technician,married,secondary,no,25,yes,yes,cellular,19,aug,2,-1,0,unknown,0,older
management,single,tertiary,no,62,yes,no,cellular,5,may,4,15,3,success,0,young
management,married,tertiary,no,4,no,no,cellular,22,aug,4,-1,0,unknown,0,young
blue-collar,married,secondary,no,0,yes,no,cellular,21,jul,1,-1,0,unknown,0,older
entrepreneur,married,secondary,no,0,yes,no,cellular,22,jul,1,-1,0,unknown,0,young
technician,single,tertiary,no,415,no,no,unknown,1,jul,1,-1,0,unknown,0,young
blue-collar,divorced,primary,no,3202,yes,no,unknown,21,may,2,-1,0,unknown,0,young
blue-collar,married,secondary,no,5060,no,no,cellular,4,may,1,83,3,success,1,older
housemaid,married,secondary,no,294,no,no,cellular,20,nov,1,-1,0,unknown,0,older
self-employed,married,secondary,no,116,no,no,unknown,6,jun,1,-1,0,unknown,0,young
blue-collar,married,secondary,no,5222,yes,no,cellular,21,nov,2,177,1,failure,0,young
admin.,married,secondary,no,3185,yes,no,cellular,20,nov,1,191,1,failure,0,young
blue-collar,married,secondary,yes,-347,yes,yes,unknown,28,may,3,-1,0,unknown,0,young
technician,married,secondary,no,-102,no,yes,cellular,28,aug,4,-1,0,unknown,0,older
technician,single,secondary,no,674,no,no,cellular,17,apr,5,-1,0,unknown,1,young
admin.,married,secondary,no,7711,yes,no,cellular,20,nov,5,135,1,failure,0,young
admin.,married,secondary,no,14,no,yes,unknown,30,may,5,-1,0,unknown,0,older
unemployed,married,secondary,no,205,yes,no,unknown,20,may,2,-1,0,unknown,0,young
admin.,married,secondary,no,476,no,no,cellular,6,aug,1,364,1,other,1,older
management,single,tertiary,no,14,yes,no,telephone,4,may,1,-1,0,unknown,0,young
technician,single,secondary,no,-41,yes,yes,cellular,3,apr,1,-1,0,unknown,0,older
blue-collar,married,secondary,no,59,yes,no,unknown,13,may,1,-1,0,unknown,0,young
entrepreneur,married,tertiary,no,8741,yes,no,unknown,20,may,3,-1,0,unknown,0,older
admin.,married,secondary,no,985,yes,no,unknown,13,may,1,-1,0,unknown,0,older
services,married,secondary,no,2215,no,no,unknown,6,jun,2,-1,0,unknown,0,older
admin.,married,primary,no,624,yes,no,unknown,12,may,1,-1,0,unknown,0,young
blue-collar,single,primary,no,419,yes,no,cellular,17,nov,1,181,1,failure,0,young
blue-collar,divorced,secondary,no,1125,no,yes,unknown,15,may,1,-1,0,unknown,0,young
management,married,tertiary,no,328,no,no,cellular,8,aug,2,-1,0,unknown,0,young
management,married,secondary,no,58,no,no,telephone,28,aug,20,-1,0,unknown,0,young
admin.,married,secondary,no,111,no,yes,cellular,11,jul,1,-1,0,unknown,0,young
services,married,secondary,no,4,yes,no,unknown,2,sep,1,-1,0,unknown,0,young
self-employed,married,tertiary,no,0,no,no,cellular,21,nov,2,-1,0,unknown,0,older
retired,divorced,primary,no,2282,no,no,telephone,21,apr,17,-1,0,unknown,1,older
unknown,married,unknown,no,0,no,no,unknown,11,jun,2,-1,0,unknown,0,older
management,married,secondary,no,0,no,no,unknown,5,jun,2,-1,0,unknown,0,older
blue-collar,single,primary,no,660,yes,no,cellular,28,aug,3,478,2,failure,0,young
unemployed,married,primary,no,959,no,no,telephone,30,jul,2,-1,0,unknown,1,older
blue-collar,married,primary,no,1209,yes,no,cellular,16,apr,1,-1,0,unknown,0,young
services,married,secondary,no,2070,yes,yes,unknown,26,may,1,-1,0,unknown,0,older
self-employed,single,tertiary,no,901,yes,yes,unknown,16,may,1,-1,0,unknown,0,young
entrepreneur,married,tertiary,no,1729,yes,no,cellular,12,may,1,-1,0,unknown,0,young
management,married,tertiary,no,1938,yes,no,telephone,31,jul,7,-1,0,unknown,0,older
technician,married,tertiary,no,1626,yes,yes,unknown,27,may,2,-1,0,unknown,0,older
admin.,single,secondary,no,795,yes,no,unknown,27,may,2,-1,0,unknown,0,young
admin.,single,secondary,no,0,no,no,cellular,21,nov,2,-1,0,unknown,0,young
services,single,secondary,no,5850,yes,no,cellular,31,jul,3,-1,0,unknown,0,young
management,married,tertiary,no,350,no,no,cellular,29,jan,2,-1,0,unknown,0,young
technician,married,secondary,no,564,no,yes,cellular,8,jul,2,-1,0,unknown,0,older
management,single,secondary,no,293,yes,no,unknown,28,may,2,-1,0,unknown,0,young
management,married,tertiary,no,0,yes,no,unknown,14,may,1,-1,0,unknown,0,older
blue-collar,married,primary,no,365,yes,no,unknown,9,may,2,-1,0,unknown,0,young
blue-collar,married,secondary,no,360,yes,no,unknown,14,may,2,-1,0,unknown,0,young
services,married,secondary,no,417,yes,no,cellular,28,jul,11,-1,0,unknown,0,young
blue-collar,divorced,secondary,no,-284,no,yes,cellular,29,jan,1,-1,0,unknown,0,older
admin.,married,secondary,no,4233,no,no,unknown,11,jun,2,-1,0,unknown,0,older
blue-collar,married,secondary,no,3269,yes,yes,cellular,14,may,2,-1,0,unknown,0,young
services,single,tertiary,no,108,yes,no,unknown,26,may,8,-1,0,unknown,0,young
blue-collar,married,secondary,no,292,no,no,cellular,10,feb,1,-1,0,unknown,1,older
technician,married,secondary,no,5535,no,no,cellular,26,aug,15,-1,0,unknown,0,young
management,married,tertiary,no,596,no,no,cellular,12,aug,4,-1,0,unknown,0,young
admin.,married,tertiary,no,722,no,no,telephone,23,apr,1,-1,0,unknown,0,young
services,married,secondary,no,194,yes,yes,cellular,25,jul,2,-1,0,unknown,0,young
technician,divorced,secondary,no,1301,yes,no,cellular,30,jan,2,189,2,failure,0,young
management,married,secondary,no,42,yes,no,cellular,13,may,2,265,4,other,0,older
blue-collar,single,secondary,no,123,yes,no,cellular,5,feb,3,212,4,failure,0,young
management,married,primary,no,3953,yes,no,cellular,6,apr,2,138,1,failure,0,young
blue-collar,married,primary,no,61,no,no,cellular,17,apr,1,-1,0,unknown,0,older
blue-collar,married,secondary,no,467,no,no,cellular,25,aug,5,-1,0,unknown,0,older
blue-collar,single,secondary,no,959,yes,no,cellular,7,may,1,-1,0,unknown,0,young
blue-collar,married,primary,no,187,yes,no,cellular,23,jul,2,-1,0,unknown,0,older
management,married,secondary,no,-559,yes,yes,cellular,7,may,1,167,2,failure,0,young
blue-collar,married,primary,no,45,yes,no,unknown,18,jun,20,-1,0,unknown,0,older
admin.,married,secondary,no,1031,yes,no,cellular,17,jul,1,-1,0,unknown,0,young
blue-collar,single,secondary,no,767,yes,no,cellular,5,may,1,355,2,other,0,young
self-employed,divorced,secondary,no,1291,yes,no,cellular,19,nov,1,169,2,failure,0,older
entrepreneur,married,tertiary,no,7699,no,yes,cellular,16,jul,1,-1,0,unknown,0,older
admin.,married,secondary,no,824,yes,no,cellular,17,apr,1,-1,0,unknown,0,young
services,married,secondary,no,3992,yes,no,telephone,20,nov,2,-1,0,unknown,0,older
technician,divorced,secondary,no,-1185,yes,no,unknown,16,jun,5,-1,0,unknown,0,young
services,married,secondary,no,718,no,yes,unknown,9,jun,3,-1,0,unknown,0,young
services,married,secondary,no,1242,no,no,cellular,11,aug,2,-1,0,unknown,0,older
blue-collar,married,secondary,no,-267,yes,no,cellular,20,apr,3,-1,0,unknown,1,young
management,married,tertiary,no,991,yes,no,cellular,6,may,3,-1,0,unknown,1,young
management,married,tertiary,no,36,no,no,cellular,21,nov,3,-1,0,unknown,1,older
technician,married,secondary,no,751,yes,no,cellular,3,apr,1,-1,0,unknown,0,young
technician,single,tertiary,no,23919,no,no,cellular,12,aug,2,-1,0,unknown,0,young
management,married,tertiary,no,387,yes,no,cellular,16,jul,2,-1,0,unknown,0,young
services,divorced,secondary,no,4612,yes,no,cellular,24,jul,4,-1,0,unknown,0,young
blue-collar,married,secondary,no,5334,no,no,unknown,6,jun,1,-1,0,unknown,0,young
technician,single,secondary,no,530,no,yes,telephone,18,jul,4,-1,0,unknown,0,older
entrepreneur,single,tertiary,no,544,no,yes,cellular,5,feb,2,8,3,other,0,young
management,single,tertiary,no,406,no,no,unknown,29,may,24,-1,0,unknown,0,young
management,married,tertiary,no,243,no,no,cellular,26,may,1,-1,0,unknown,1,young
services,married,primary,no,171,yes,yes,cellular,31,jul,1,-1,0,unknown,0,older
student,single,secondary,no,404,yes,no,cellular,18,may,2,367,4,other,0,young
admin.,single,secondary,no,206,no,no,telephone,13,nov,1,-1,0,unknown,0,young
management,single,tertiary,no,168,yes,no,unknown,13,may,1,-1,0,unknown,0,young
blue-collar,single,secondary,no,243,no,no,cellular,27,aug,10,-1,0,unknown,0,young
technician,single,secondary,no,-9,yes,yes,unknown,9,may,5,-1,0,unknown,0,young
admin.,married,secondary,no,-47,yes,no,unknown,30,may,4,-1,0,unknown,0,young
technician,single,primary,no,1022,yes,no,unknown,19,may,2,-1,0,unknown,0,young
blue-collar,married,secondary,no,205,yes,yes,cellular,7,jul,1,-1,0,unknown,0,young
management,married,tertiary,no,3,yes,no,cellular,18,jul,7,-1,0,unknown,0,young
admin.,single,secondary,no,654,no,no,cellular,8,apr,1,-1,0,unknown,0,young
management,divorced,tertiary,no,2240,no,no,cellular,3,jun,1,-1,0,unknown,1,young
management,married,tertiary,no,18931,no,no,cellular,5,aug,1,86,23,other,0,older
management,married,tertiary,no,134,no,yes,cellular,29,aug,2,-1,0,unknown,0,young
management,single,tertiary,no,12686,yes,no,unknown,3,jun,1,-1,0,unknown,0,young
technician,married,tertiary,no,13,yes,no,telephone,6,feb,5,-1,0,unknown,0,young
blue-collar,married,primary,no,0,yes,no,cellular,12,may,3,285,4,failure,0,older
admin.,married,primary,no,395,yes,no,cellular,20,apr,2,-1,0,unknown,0,young
entrepreneur,married,tertiary,no,625,no,no,unknown,26,jun,4,-1,0,unknown,0,older
self-employed,single,primary,no,181,yes,no,unknown,15,may,8,-1,0,unknown,0,young
technician,married,secondary,no,0,no,no,cellular,21,aug,3,-1,0,unknown,0,young
admin.,married,unknown,no,892,yes,no,cellular,30,jul,17,-1,0,unknown,0,young
services,single,secondary,no,326,yes,no,cellular,18,nov,1,175,1,failure,0,young
unemployed,married,secondary,no,12495,yes,no,cellular,4,feb,2,-1,0,unknown,0,older
admin.,single,unknown,no,31,no,no,cellular,20,apr,3,-1,0,unknown,0,young
services,married,secondary,no,1687,no,no,cellular,19,aug,5,-1,0,unknown,0,older
management,single,tertiary,no,98,no,no,cellular,22,aug,2,-1,0,unknown,0,young
blue-collar,divorced,secondary,no,927,yes,no,cellular,17,apr,2,148,2,failure,0,older
retired,married,primary,no,329,no,yes,cellular,8,jul,3,-1,0,unknown,0,young
technician,single,tertiary,no,-487,yes,no,cellular,12,may,1,260,5,other,0,young
admin.,married,secondary,no,5888,no,yes,unknown,11,jun,3,-1,0,unknown,0,older
blue-collar,married,secondary,no,658,yes,yes,cellular,21,jul,1,-1,0,unknown,0,young
management,married,tertiary,no,1158,yes,no,unknown,30,may,1,-1,0,unknown,0,older
blue-collar,married,primary,no,3485,no,no,cellular,18,aug,4,-1,0,unknown,1,older
blue-collar,single,secondary,yes,-233,yes,no,cellular,6,may,1,-1,0,unknown,0,young
entrepreneur,single,unknown,no,33,no,no,unknown,19,jun,1,-1,0,unknown,0,older
management,single,tertiary,no,1422,yes,yes,cellular,20,apr,7,272,3,other,0,young
admin.,single,secondary,no,1150,yes,no,unknown,28,may,1,-1,0,unknown,0,older
self-employed,married,secondary,no,1138,no,no,cellular,14,aug,10,-1,0,unknown,0,older
management,single,tertiary,no,5359,no,no,cellular,18,feb,1,-1,0,unknown,1,young
management,single,tertiary,no,1090,no,no,cellular,20,oct,4,93,6,success,1,older
management,married,tertiary,no,732,no,no,telephone,4,feb,1,-1,0,unknown,0,older
blue-collar,married,primary,no,2105,yes,no,cellular,31,jul,2,-1,0,unknown,0,older
management,married,tertiary,no,47,no,no,cellular,26,may,1,-1,0,unknown,0,young
admin.,single,secondary,no,1113,yes,no,unknown,9,may,1,-1,0,unknown,0,young
blue-collar,single,secondary,no,5252,yes,no,cellular,20,nov,2,183,2,failure,0,young
management,married,tertiary,no,-191,yes,no,cellular,18,jul,3,-1,0,unknown,0,older
services,married,secondary,no,208,no,no,cellular,9,sep,1,-1,0,unknown,0,young
housemaid,married,secondary,no,618,no,no,unknown,17,jun,4,-1,0,unknown,0,older
technician,single,secondary,no,-59,yes,no,cellular,22,jul,1,-1,0,unknown,0,young
blue-collar,married,primary,no,104,yes,no,cellular,4,may,6,360,2,other,0,young
admin.,married,secondary,no,2851,no,yes,telephone,1,jun,1,119,1,failure,0,older
technician,single,tertiary,no,6763,no,no,telephone,31,jul,4,-1,0,unknown,0,young
services,single,secondary,no,23,yes,yes,cellular,18,may,3,371,2,other,0,young
services,single,secondary,no,230,no,yes,cellular,8,jul,1,-1,0,unknown,0,young
management,married,secondary,no,286,no,no,cellular,12,aug,1,-1,0,unknown,0,older
self-employed,single,tertiary,no,544,yes,no,cellular,7,may,1,-1,0,unknown,0,young
technician,single,secondary,no,450,yes,no,cellular,13,may,1,-1,0,unknown,0,young
technician,divorced,secondary,no,266,no,no,cellular,19,aug,1,-1,0,unknown,0,older
management,single,tertiary,no,0,no,no,cellular,26,aug,2,-1,0,unknown,0,young
admin.,single,secondary,no,464,no,no,cellular,10,mar,1,-1,0,unknown,0,young
entrepreneur,married,secondary,no,452,yes,no,unknown,27,may,1,-1,0,unknown,0,young
management,single,tertiary,no,321,no,no,cellular,22,aug,2,-1,0,unknown,0,young
technician,married,unknown,no,851,yes,no,unknown,5,may,2,-1,0,unknown,0,older
blue-collar,married,secondary,no,0,yes,no,cellular,16,jul,4,-1,0,unknown,0,young
student,single,secondary,no,872,yes,no,unknown,7,may,1,-1,0,unknown,0,young
admin.,married,unknown,no,734,yes,no,unknown,21,may,1,-1,0,unknown,0,young
management,married,tertiary,no,615,yes,no,cellular,17,apr,1,-1,0,unknown,0,older
services,married,tertiary,no,2025,yes,no,cellular,17,apr,1,-1,0,unknown,0,young
blue-collar,married,secondary,no,176,no,no,unknown,29,may,1,-1,0,unknown,0,older
technician,single,secondary,no,18777,yes,no,cellular,18,nov,1,-1,0,unknown,0,young
services,married,secondary,no,0,yes,no,unknown,3,jun,1,-1,0,unknown,0,young
technician,married,tertiary,no,1036,yes,yes,telephone,17,nov,2,-1,0,unknown,0,older
management,married,tertiary,no,406,no,no,unknown,6,jun,1,-1,0,unknown,0,young
blue-collar,married,primary,no,1597,no,no,telephone,8,may,1,-1,0,unknown,0,young
blue-collar,divorced,secondary,no,15187,no,no,cellular,12,jun,2,-1,0,unknown,0,young
technician,divorced,tertiary,no,0,no,no,unknown,23,may,2,-1,0,unknown,0,young
blue-collar,married,primary,no,1502,yes,no,unknown,28,may,2,-1,0,unknown,0,older
blue-collar,married,secondary,no,332,yes,no,unknown,12,may,4,-1,0,unknown,0,young
blue-collar,single,secondary,no,49,no,yes,unknown,27,may,2,-1,0,unknown,0,young
admin.,single,secondary,no,0,no,no,cellular,6,feb,1,-1,0,unknown,0,young
blue-collar,divorced,secondary,no,0,yes,no,unknown,29,may,1,-1,0,unknown,1,older
retired,married,tertiary,no,2929,no,no,unknown,16,jun,3,-1,0,unknown,0,older
blue-collar,married,secondary,no,528,yes,no,cellular,17,apr,1,331,1,failure,0,young
blue-collar,married,primary,no,736,yes,yes,telephone,17,apr,1,-1,0,unknown,0,older
technician,divorced,secondary,no,300,yes,yes,cellular,17,apr,2,-1,0,unknown,0,young
admin.,married,secondary,no,17,yes,no,cellular,18,jul,1,-1,0,unknown,0,young
management,single,secondary,no,594,yes,no,unknown,13,may,1,-1,0,unknown,0,young
housemaid,single,tertiary,no,1107,yes,no,cellular,18,mar,1,-1,0,unknown,1,young
admin.,single,secondary,no,1103,yes,no,unknown,28,may,1,-1,0,unknown,0,young
blue-collar,married,primary,no,625,yes,no,unknown,19,may,2,-1,0,unknown,0,older
blue-collar,married,secondary,no,64,yes,no,cellular,14,may,2,366,3,failure,0,young
retired,married,tertiary,no,0,no,no,telephone,19,aug,1,-1,0,unknown,0,older
services,single,unknown,no,523,yes,no,unknown,28,may,1,-1,0,unknown,1,young
technician,single,secondary,no,29,yes,no,unknown,5,may,1,-1,0,unknown,0,older
technician,married,secondary,no,1819,no,no,cellular,16,sep,1,103,2,failure,0,young
housemaid,married,primary,no,1100,no,no,unknown,9,jun,6,-1,0,unknown,0,older
management,married,tertiary,no,99,no,yes,cellular,3,feb,2,-1,0,unknown,0,young
technician,married,secondary,no,5574,no,no,cellular,14,aug,2,-1,0,unknown,0,young
blue-collar,married,primary,no,1133,yes,no,cellular,4,may,3,-1,0,unknown,0,older
management,divorced,tertiary,no,3751,yes,no,cellular,16,apr,2,-1,0,unknown,0,young
management,married,tertiary,no,1870,yes,no,cellular,3,jun,1,-1,0,unknown,0,young
admin.,married,secondary,no,35,no,no,unknown,17,jun,1,-1,0,unknown,0,young
technician,married,secondary,no,134,yes,no,cellular,6,may,1,-1,0,unknown,0,young
blue-collar,married,primary,no,-544,yes,yes,unknown,26,may,3,-1,0,unknown,0,older
services,married,secondary,no,49,yes,no,cellular,18,may,4,-1,0,unknown,0,older
self-employed,married,primary,no,-34,yes,yes,cellular,11,may,6,371,2,failure,0,older
blue-collar,single,secondary,no,625,no,no,unknown,19,jun,3,-1,0,unknown,1,older
management,married,tertiary,no,1014,no,yes,cellular,30,apr,1,162,2,failure,1,older
admin.,married,secondary,no,-150,yes,no,unknown,6,may,1,-1,0,unknown,0,young
management,divorced,tertiary,no,-401,yes,no,cellular,6,may,1,-1,0,unknown,0,young
services,single,tertiary,no,8823,yes,no,unknown,7,may,1,-1,0,unknown,0,young
technician,married,secondary,no,2528,no,yes,unknown,19,jun,1,-1,0,unknown,0,older
services,married,primary,no,0,yes,no,cellular,20,apr,2,259,1,failure,0,older
blue-collar,married,secondary,no,512,yes,no,cellular,18,may,2,-1,0,unknown,0,young
blue-collar,married,secondary,no,8180,yes,no,cellular,20,nov,1,-1,0,unknown,0,older
blue-collar,married,primary,no,390,yes,no,cellular,17,apr,1,-1,0,unknown,0,young
retired,divorced,secondary,no,280,no,no,unknown,20,jun,12,-1,0,unknown,0,older
entrepreneur,married,tertiary,yes,-468,no,no,cellular,8,jul,1,-1,0,unknown,1,older
housemaid,married,secondary,no,1484,no,no,unknown,9,jun,1,-1,0,unknown,0,older
blue-collar,single,primary,no,1530,yes,no,cellular,20,apr,3,315,1,failure,0,young
self-employed,married,secondary,no,670,no,no,cellular,9,jul,1,-1,0,unknown,0,young
retired,married,secondary,no,3738,yes,no,cellular,20,jul,2,92,8,failure,1,older
services,single,secondary,no,1169,no,no,cellular,4,feb,4,-1,0,unknown,0,young
entrepreneur,single,tertiary,no,0,no,no,unknown,3,jun,5,-1,0,unknown,0,young
housemaid,married,primary,no,780,no,no,cellular,26,mar,2,-1,0,unknown,0,older
technician,married,tertiary,no,-948,yes,yes,cellular,9,jul,2,-1,0,unknown,0,older
unemployed,divorced,secondary,no,1713,yes,no,unknown,30,may,2,-1,0,unknown,1,older
technician,divorced,secondary,no,0,yes,yes,cellular,8,may,1,262,1,other,0,older
blue-collar,married,primary,no,708,yes,no,telephone,2,feb,1,-1,0,unknown,0,young
blue-collar,divorced,primary,no,169,yes,no,cellular,5,may,1,-1,0,unknown,0,older
blue-collar,married,primary,no,0,yes,no,unknown,15,may,1,-1,0,unknown,0,older
services,divorced,secondary,no,9,no,no,unknown,18,jun,2,-1,0,unknown,1,older
blue-collar,single,secondary,no,505,no,yes,cellular,30,jan,3,-1,0,unknown,0,young
blue-collar,married,secondary,no,208,no,no,unknown,20,jun,15,-1,0,unknown,0,older
blue-collar,divorced,secondary,no,1103,yes,no,cellular,15,jul,4,-1,0,unknown,0,older
services,married,secondary,no,4017,no,no,cellular,30,apr,2,196,1,success,1,young
admin.,married,secondary,no,1113,no,yes,cellular,8,jul,1,-1,0,unknown,0,older
technician,single,tertiary,no,1066,no,no,cellular,4,jun,1,50,1,success,0,young
admin.,married,primary,no,546,yes,no,telephone,9,apr,1,-1,0,unknown,0,older
retired,single,primary,no,0,no,no,cellular,8,may,1,368,2,failure,0,older
management,married,tertiary,no,28,yes,no,cellular,2,feb,1,-1,0,unknown,0,young
management,married,tertiary,no,367,no,no,cellular,4,feb,2,-1,0,unknown,0,young
technician,single,secondary,no,3313,yes,no,telephone,20,apr,3,319,3,failure,0,young
management,divorced,secondary,no,28,yes,no,cellular,6,may,2,289,1,failure,0,older
admin.,single,secondary,no,2290,yes,no,cellular,18,may,1,-1,0,unknown,1,young
blue-collar,married,primary,no,178,yes,no,unknown,4,jun,2,-1,0,unknown,0,young
unemployed,divorced,primary,yes,-249,yes,yes,unknown,1,jul,1,-1,0,unknown,0,older
blue-collar,married,unknown,no,2449,no,no,cellular,13,aug,2,-1,0,unknown,0,older
management,single,tertiary,no,1750,yes,no,cellular,30,apr,1,9,3,success,1,young
retired,married,tertiary,no,15834,no,no,telephone,1,oct,1,-1,0,unknown,0,older
management,single,tertiary,no,147,no,no,cellular,1,jun,1,-1,0,unknown,0,young
blue-collar,married,secondary,no,625,yes,no,unknown,30,sep,1,-1,0,unknown,0,older
admin.,single,secondary,no,2398,yes,no,cellular,2,aug,1,180,2,failure,1,older
blue-collar,married,primary,no,18,no,no,cellular,26,aug,4,-1,0,unknown,0,older
technician,single,secondary,no,159,no,no,cellular,20,aug,1,-1,0,unknown,0,young
unemployed,divorced,secondary,no,700,yes,no,unknown,27,may,1,-1,0,unknown,0,older
technician,divorced,secondary,yes,10,yes,yes,cellular,18,nov,5,-1,0,unknown,0,young
technician,married,secondary,no,385,no,no,cellular,20,aug,1,-1,0,unknown,0,older
management,divorced,tertiary,no,10469,yes,no,cellular,1,apr,2,-1,0,unknown,0,older
admin.,married,secondary,no,234,yes,no,unknown,27,may,1,-1,0,unknown,0,young
admin.,married,secondary,no,292,yes,no,unknown,28,may,9,-1,0,unknown,0,older
blue-collar,married,secondary,no,89,yes,no,cellular,7,may,6,366,2,failure,0,young
unemployed,single,secondary,no,334,no,no,cellular,5,mar,1,91,6,other,1,young
blue-collar,single,secondary,no,507,yes,no,cellular,22,may,1,-1,0,unknown,0,young
management,married,unknown,no,12245,no,no,cellular,7,jul,3,-1,0,unknown,0,older
admin.,married,secondary,no,-195,no,no,cellular,22,aug,4,-1,0,unknown,0,older
unemployed,divorced,secondary,no,468,no,no,cellular,22,aug,6,-1,0,unknown,0,older
unemployed,divorced,secondary,no,583,yes,no,cellular,11,may,1,-1,0,unknown,0,older
retired,married,secondary,no,1052,yes,no,unknown,29,may,1,-1,0,unknown,0,older
blue-collar,married,secondary,no,1143,yes,no,cellular,17,apr,1,317,1,failure,0,older
admin.,divorced,secondary,no,0,no,no,cellular,24,jul,1,-1,0,unknown,0,young
blue-collar,married,primary,no,1352,yes,no,unknown,13,may,2,-1,0,unknown,0,older
student,single,tertiary,no,3026,no,no,cellular,3,feb,1,-1,0,unknown,0,young
services,married,secondary,no,104,yes,no,unknown,23,may,6,-1,0,unknown,0,young
technician,single,secondary,no,223,no,no,unknown,4,jul,1,-1,0,unknown,0,young
services,married,secondary,no,749,yes,no,cellular,3,apr,2,-1,0,unknown,0,young
management,divorced,tertiary,no,-49,yes,no,cellular,13,may,6,327,23,failure,0,older
admin.,married,primary,no,314,yes,yes,unknown,26,may,1,-1,0,unknown,0,older
admin.,single,secondary,no,779,yes,yes,cellular,3,apr,2,-1,0,unknown,0,young
technician,married,secondary,no,462,no,no,cellular,27,aug,4,-1,0,unknown,0,young
blue-collar,married,secondary,no,1818,yes,no,unknown,20,jun,11,-1,0,unknown,0,young
technician,married,secondary,no,4945,yes,no,cellular,3,sep,3,185,2,success,1,older
blue-collar,married,secondary,no,5314,yes,no,cellular,5,may,3,-1,0,unknown,0,older
blue-collar,single,secondary,no,697,no,no,cellular,6,feb,2,-1,0,unknown,1,young
student,single,secondary,no,597,yes,no,cellular,20,apr,3,-1,0,unknown,1,young
self-employed,married,secondary,no,1216,yes,no,cellular,18,nov,1,-1,0,unknown,0,young
admin.,divorced,secondary,no,212,yes,yes,cellular,16,apr,1,-1,0,unknown,0,older
admin.,married,secondary,no,1535,no,yes,cellular,20,nov,1,-1,0,unknown,0,older
blue-collar,single,primary,no,446,yes,no,unknown,12,may,1,-1,0,unknown,0,young
technician,married,tertiary,no,816,yes,yes,cellular,13,apr,2,319,1,failure,0,older
blue-collar,married,primary,no,501,yes,no,unknown,14,may,2,-1,0,unknown,0,older
blue-collar,married,primary,no,7406,yes,no,unknown,20,may,2,-1,0,unknown,0,young
blue-collar,married,primary,no,1204,yes,no,cellular,8,apr,2,-1,0,unknown,0,older
technician,married,secondary,no,144,no,no,cellular,21,aug,4,-1,0,unknown,0,older
services,single,secondary,no,-103,yes,no,unknown,13,may,1,-1,0,unknown,0,young
blue-collar,married,primary,no,2273,yes,no,cellular,18,nov,1,112,2,failure,0,older
technician,single,secondary,no,145,no,no,cellular,6,aug,2,-1,0,unknown,0,young
technician,married,secondary,no,222,yes,no,cellular,14,may,5,177,7,failure,0,young
services,single,secondary,no,85,yes,no,cellular,10,jul,7,-1,0,unknown,0,young
housemaid,married,secondary,no,1029,yes,yes,cellular,17,nov,2,117,3,failure,0,young
blue-collar,married,secondary,no,4586,yes,no,unknown,8,may,1,-1,0,unknown,0,young
management,married,secondary,no,625,yes,no,cellular,2,jun,1,56,2,failure,0,young
housemaid,divorced,secondary,no,70,no,no,cellular,27,oct,3,148,1,success,1,young
unemployed,married,secondary,no,-407,yes,no,unknown,9,may,2,-1,0,unknown,0,older
services,single,secondary,no,334,no,no,unknown,28,jun,1,-1,0,unknown,0,young
housemaid,married,secondary,no,1103,no,no,cellular,22,jul,6,-1,0,unknown,0,older
technician,married,secondary,no,3832,yes,no,cellular,11,jul,1,-1,0,unknown,0,young
blue-collar,married,secondary,no,1109,yes,no,unknown,14,may,2,-1,0,unknown,0,older
admin.,married,secondary,no,1,no,no,unknown,19,jun,3,-1,0,unknown,0,young
blue-collar,married,secondary,no,983,no,no,unknown,8,sep,1,-1,0,unknown,0,young
blue-collar,single,secondary,no,0,yes,no,cellular,11,may,1,305,1,failure,0,young
entrepreneur,single,secondary,no,265,yes,yes,unknown,3,jun,10,-1,0,unknown,0,young
housemaid,married,primary,no,1080,no,no,cellular,18,aug,2,118,2,failure,0,older
blue-collar,single,secondary,no,185,yes,no,cellular,7,may,1,-1,0,unknown,0,young
management,married,tertiary,no,4,yes,no,cellular,17,jul,1,-1,0,unknown,1,older
management,single,tertiary,no,4319,yes,no,cellular,29,mar,2,334,5,failure,0,young
blue-collar,married,primary,no,216,yes,no,cellular,17,apr,3,274,3,failure,0,older
entrepreneur,married,unknown,no,676,yes,yes,cellular,14,may,2,364,3,failure,0,older
unemployed,married,secondary,no,817,no,no,cellular,14,jan,1,282,4,success,1,older
student,single,unknown,no,1232,no,no,cellular,30,jul,1,430,2,other,1,young
student,single,secondary,no,120,no,no,cellular,7,dec,5,-1,0,unknown,0,young
self-employed,single,tertiary,no,451,no,no,cellular,4,feb,4,-1,0,unknown,0,young
technician,married,secondary,no,294,no,no,telephone,18,dec,5,198,4,success,0,older
management,married,tertiary,no,783,yes,no,cellular,14,jul,3,-1,0,unknown,0,older
blue-collar,married,primary,no,830,yes,no,unknown,8,may,2,-1,0,unknown,0,young
technician,single,tertiary,no,2585,no,no,unknown,11,jun,1,-1,0,unknown,0,older
student,single,unknown,no,358,no,no,cellular,14,sep,2,92,2,success,0,young
management,married,primary,no,687,yes,yes,telephone,21,jul,3,-1,0,unknown,0,older
admin.,single,secondary,no,768,yes,no,cellular,24,jul,5,-1,0,unknown,0,young
self-employed,single,unknown,no,0,no,no,unknown,18,jun,1,-1,0,unknown,0,older
technician,married,secondary,no,275,yes,no,unknown,5,may,1,-1,0,unknown,0,young
retired,married,secondary,no,3340,no,no,cellular,4,aug,1,35,1,failure,0,older
services,single,secondary,no,198,yes,no,cellular,11,may,1,-1,0,unknown,0,young
self-employed,single,tertiary,no,9670,no,no,cellular,20,nov,1,-1,0,unknown,0,young
technician,single,secondary,no,0,no,no,telephone,31,jul,13,-1,0,unknown,0,older
blue-collar,married,secondary,no,563,no,yes,cellular,3,feb,2,-1,0,unknown,0,young
management,married,tertiary,no,877,no,no,cellular,13,aug,1,83,5,failure,0,young
admin.,divorced,secondary,yes,0,no,no,cellular,24,jul,1,-1,0,unknown,0,older
management,divorced,tertiary,no,0,yes,no,cellular,8,may,2,-1,0,unknown,0,young
self-employed,single,secondary,no,280,no,no,telephone,5,may,3,-1,0,unknown,0,young
unknown,married,unknown,no,327,yes,no,unknown,28,may,2,-1,0,unknown,0,older
management,divorced,tertiary,no,81,yes,yes,cellular,27,aug,4,-1,0,unknown,0,young
blue-collar,single,secondary,no,1688,yes,no,telephone,7,jul,4,-1,0,unknown,0,young
blue-collar,divorced,primary,yes,0,yes,no,cellular,11,may,2,305,1,failure,0,young
blue-collar,married,unknown,no,70,yes,no,unknown,8,may,4,-1,0,unknown,0,young
admin.,single,secondary,no,2768,yes,no,unknown,2,jun,4,-1,0,unknown,0,young
admin.,married,secondary,no,3703,yes,no,cellular,16,apr,1,267,1,failure,0,older
blue-collar,single,secondary,no,-267,yes,no,unknown,20,jun,4,-1,0,unknown,0,young
self-employed,divorced,tertiary,no,6447,no,no,cellular,13,jul,3,182,1,failure,0,young
services,married,secondary,no,382,yes,yes,cellular,21,jul,7,-1,0,unknown,0,young
services,single,secondary,no,1050,yes,no,cellular,3,feb,3,-1,0,unknown,0,young
technician,single,secondary,no,409,no,yes,cellular,14,jul,2,-1,0,unknown,0,older
management,single,secondary,no,-383,yes,no,cellular,18,may,1,-1,0,unknown,0,young
technician,single,tertiary,no,635,no,no,cellular,13,aug,8,-1,0,unknown,1,young
technician,married,secondary,no,883,yes,no,unknown,21,may,1,-1,0,unknown,0,young
management,married,tertiary,no,49,no,no,unknown,30,may,3,-1,0,unknown,0,young
management,single,tertiary,no,1743,yes,no,cellular,28,jul,2,-1,0,unknown,0,young
retired,married,secondary,no,951,no,yes,cellular,12,mar,3,339,1,failure,1,older
blue-collar,single,tertiary,no,457,yes,no,cellular,30,jan,1,191,4,failure,0,young
services,divorced,primary,no,146,yes,no,unknown,9,may,1,-1,0,unknown,0,older
housemaid,married,secondary,no,327,no,no,cellular,14,aug,1,-1,0,unknown,0,older
admin.,married,secondary,no,457,yes,no,cellular,21,nov,1,171,5,failure,0,young
services,married,secondary,no,-443,yes,no,unknown,30,may,3,-1,0,unknown,0,young
admin.,single,tertiary,no,283,yes,no,cellular,20,apr,1,153,4,failure,0,young
admin.,married,secondary,no,1597,yes,no,cellular,16,apr,2,321,1,failure,0,older
blue-collar,divorced,secondary,no,625,yes,no,unknown,21,may,2,-1,0,unknown,0,young
housemaid,single,secondary,no,7171,yes,no,unknown,20,may,2,-1,0,unknown,0,young
management,married,tertiary,no,7743,no,no,cellular,20,aug,3,-1,0,unknown,0,young
student,single,primary,no,423,no,no,telephone,18,jan,5,285,5,success,1,young
management,married,tertiary,no,810,no,no,unknown,11,jun,4,-1,0,unknown,0,young
blue-collar,married,secondary,no,707,yes,no,telephone,13,may,5,-1,0,unknown,0,older
technician,married,secondary,no,318,yes,no,cellular,14,may,4,342,14,other,0,young
technician,single,tertiary,no,1849,yes,no,cellular,7,may,1,-1,0,unknown,0,young
technician,married,secondary,no,2802,no,no,cellular,20,aug,2,-1,0,unknown,0,young
technician,married,secondary,no,1344,no,no,cellular,22,aug,6,-1,0,unknown,0,older
self-employed,single,tertiary,no,398,no,no,cellular,5,jul,3,-1,0,unknown,0,young
management,single,tertiary,no,1410,yes,no,unknown,27,may,5,-1,0,unknown,0,young
technician,single,tertiary,no,4253,yes,no,cellular,4,feb,6,-1,0,unknown,0,young
technician,married,secondary,no,1230,no,no,cellular,21,nov,4,-1,0,unknown,0,young
management,single,tertiary,no,825,yes,no,unknown,11,jun,2,-1,0,unknown,0,older
unemployed,married,secondary,no,285,yes,no,unknown,29,may,2,-1,0,unknown,0,young
blue-collar,married,primary,no,714,yes,no,cellular,15,may,1,-1,0,unknown,0,young
management,single,tertiary,no,2278,no,no,cellular,12,aug,5,-1,0,unknown,0,older
blue-collar,married,secondary,no,1238,yes,no,unknown,14,may,1,-1,0,unknown,0,young
retired,married,primary,no,2173,no,no,cellular,14,apr,1,-1,0,unknown,0,older
management,married,tertiary,no,2142,yes,no,unknown,6,may,3,-1,0,unknown,0,older
entrepreneur,married,primary,no,124,yes,no,cellular,18,nov,3,134,7,failure,0,older
entrepreneur,married,tertiary,no,15265,no,no,cellular,25,feb,1,192,2,failure,0,older
management,married,unknown,no,1253,no,no,cellular,2,feb,1,-1,0,unknown,0,young
technician,married,unknown,no,425,yes,no,unknown,19,may,3,-1,0,unknown,0,older
blue-collar,divorced,primary,no,139,yes,no,unknown,7,may,1,-1,0,unknown,0,young
services,single,secondary,no,-27,yes,no,unknown,26,may,1,-1,0,unknown,0,young
services,married,secondary,no,702,yes,no,unknown,12,jun,1,-1,0,unknown,0,young
management,married,tertiary,no,2470,yes,no,cellular,6,may,2,-1,0,unknown,0,older
admin.,married,unknown,no,1088,yes,no,cellular,26,may,1,-1,0,unknown,0,older
management,single,tertiary,no,2253,yes,no,unknown,18,jun,2,-1,0,unknown,0,young
services,married,secondary,no,117,yes,no,cellular,18,may,2,-1,0,unknown,1,young
management,married,tertiary,no,19,no,yes,cellular,23,jul,1,-1,0,unknown,0,older
blue-collar,married,secondary,no,150,yes,no,telephone,14,may,2,-1,0,unknown,0,young
management,divorced,tertiary,no,1819,no,yes,cellular,14,aug,2,-1,0,unknown,0,older
admin.,married,unknown,no,1101,no,no,cellular,18,aug,3,-1,0,unknown,0,older
services,married,secondary,no,381,yes,no,cellular,15,apr,2,-1,0,unknown,0,young
retired,married,primary,no,488,no,no,cellular,31,jul,2,-1,0,unknown,0,older
blue-collar,married,secondary,no,753,yes,no,unknown,12,jun,1,-1,0,unknown,0,young
blue-collar,married,secondary,no,-39,yes,no,cellular,18,may,2,-1,0,unknown,0,young
housemaid,married,secondary,no,1765,no,no,cellular,8,aug,3,-1,0,unknown,0,older
blue-collar,divorced,primary,no,10374,yes,no,cellular,20,nov,2,189,2,other,0,older
blue-collar,single,primary,no,-68,yes,yes,unknown,26,may,1,-1,0,unknown,0,older
unemployed,single,tertiary,no,1622,no,no,cellular,19,nov,1,-1,0,unknown,0,young
management,single,tertiary,no,891,yes,no,unknown,29,may,5,-1,0,unknown,0,young
technician,single,tertiary,no,2269,yes,no,unknown,9,may,1,-1,0,unknown,0,young
blue-collar,married,secondary,no,239,no,no,unknown,29,may,2,-1,0,unknown,0,older
management,divorced,tertiary,no,2813,yes,no,cellular,13,may,1,-1,0,unknown,0,older
blue-collar,married,primary,no,737,no,no,cellular,13,aug,2,-1,0,unknown,0,older
management,married,tertiary,no,2147,yes,no,unknown,30,may,1,-1,0,unknown,0,young
blue-collar,married,primary,no,1941,yes,no,cellular,2,feb,1,-1,0,unknown,0,older
technician,married,secondary,no,2098,no,no,cellular,7,aug,2,-1,0,unknown,0,older
technician,married,tertiary,no,883,no,no,cellular,18,sep,1,31,3,failure,0,older
services,divorced,secondary,no,761,yes,no,unknown,19,may,1,-1,0,unknown,0,older
management,married,tertiary,no,5,yes,no,cellular,18,nov,3,-1,0,unknown,0,young
services,single,secondary,no,91,yes,no,cellular,18,may,2,-1,0,unknown,0,young
admin.,single,secondary,no,443,no,no,cellular,30,jul,3,-1,0,unknown,0,young
student,single,secondary,no,368,yes,no,unknown,20,may,1,-1,0,unknown,0,young
admin.,married,secondary,no,287,yes,no,unknown,2,jun,8,-1,0,unknown,0,young
services,married,secondary,no,5,no,yes,cellular,10,jul,5,-1,0,unknown,1,young
services,married,secondary,no,2678,no,no,cellular,25,mar,1,-1,0,unknown,1,young
technician,single,secondary,no,10152,yes,no,cellular,6,apr,2,270,1,failure,0,young
housemaid,married,secondary,no,167,yes,no,unknown,20,may,7,-1,0,unknown,0,older
services,married,secondary,yes,-8,no,no,cellular,6,aug,2,-1,0,unknown,0,older
housemaid,divorced,primary,no,1381,no,no,cellular,28,jan,3,93,1,failure,0,older
entrepreneur,married,secondary,no,830,yes,no,unknown,19,may,2,-1,0,unknown,0,young
technician,married,primary,no,-171,yes,no,unknown,26,may,1,-1,0,unknown,0,older
management,single,tertiary,no,91,no,no,cellular,30,apr,1,274,4,other,0,young
services,married,secondary,no,1242,no,no,cellular,11,aug,2,-1,0,unknown,0,older
blue-collar,single,secondary,no,1187,yes,no,cellular,5,feb,2,-1,0,unknown,0,older
blue-collar,married,secondary,no,284,yes,yes,unknown,3,jun,6,-1,0,unknown,0,young
technician,married,secondary,no,7870,yes,no,cellular,20,nov,2,-1,0,unknown,0,older
blue-collar,divorced,secondary,no,1258,yes,no,cellular,6,feb,4,-1,0,unknown,0,older
retired,married,secondary,no,1624,no,no,cellular,27,oct,2,-1,0,unknown,0,older
management,single,tertiary,no,2,no,no,cellular,23,mar,1,-1,0,unknown,0,young
blue-collar,married,primary,no,3468,yes,no,unknown,21,may,3,-1,0,unknown,0,young
technician,single,secondary,no,1231,yes,no,cellular,3,jun,2,96,5,success,1,young
services,married,secondary,no,10,yes,yes,cellular,30,jul,5,-1,0,unknown,0,older
services,married,secondary,no,54,yes,no,cellular,18,may,1,370,1,failure,0,young
entrepreneur,single,secondary,no,1128,yes,no,cellular,18,may,3,-1,0,unknown,0,young
retired,married,primary,no,592,no,yes,cellular,28,jul,5,-1,0,unknown,0,older
management,married,tertiary,no,7708,yes,no,cellular,21,nov,5,-1,0,unknown,0,older
services,single,secondary,no,212,yes,no,cellular,15,may,2,352,1,other,0,young
entrepreneur,married,secondary,no,806,yes,yes,cellular,7,may,8,297,2,other,0,older
technician,married,secondary,no,233,no,no,cellular,8,apr,1,231,4,failure,0,older
management,married,secondary,no,156,no,no,cellular,19,nov,1,-1,0,unknown,0,young
self-employed,single,tertiary,no,4579,no,no,cellular,12,jan,2,-1,0,unknown,1,young
housemaid,divorced,primary,no,413,yes,no,unknown,30,may,1,-1,0,unknown,0,older
management,married,tertiary,no,395,yes,no,cellular,9,feb,3,-1,0,unknown,0,young
services,married,secondary,no,293,yes,no,cellular,20,nov,3,-1,0,unknown,0,young
blue-collar,married,primary,no,800,yes,no,cellular,13,may,5,175,6,failure,0,young
technician,single,tertiary,no,0,yes,no,unknown,5,may,1,-1,0,unknown,0,young
management,married,secondary,no,488,no,yes,cellular,30,jul,11,-1,0,unknown,0,older
technician,single,tertiary,no,369,no,no,cellular,7,aug,8,-1,0,unknown,0,young
entrepreneur,married,tertiary,no,0,yes,no,unknown,20,jun,2,-1,0,unknown,0,older
services,married,unknown,no,4471,yes,no,unknown,17,jun,2,-1,0,unknown,0,young
admin.,single,secondary,no,-625,yes,no,unknown,4,jun,1,-1,0,unknown,0,young
blue-collar,single,secondary,no,277,no,no,unknown,14,may,2,-1,0,unknown,0,young
student,single,secondary,no,7,yes,no,unknown,30,may,3,-1,0,unknown,0,young
technician,single,secondary,no,10152,yes,no,cellular,6,apr,2,270,1,failure,0,young
admin.,married,secondary,no,186,yes,no,cellular,14,jul,2,-1,0,unknown,0,young
unemployed,married,secondary,no,565,yes,no,unknown,20,may,2,-1,0,unknown,0,young
technician,single,secondary,no,265,yes,yes,cellular,3,feb,1,366,2,failure,1,young
services,married,secondary,no,817,yes,no,cellular,18,may,3,-1,0,unknown,0,young
blue-collar,married,secondary,no,49,yes,no,unknown,9,may,2,-1,0,unknown,0,young
technician,single,secondary,no,268,yes,no,cellular,8,may,1,343,9,failure,0,young
management,married,tertiary,no,1510,yes,no,unknown,9,may,1,-1,0,unknown,0,young
admin.,married,secondary,no,215,yes,yes,unknown,6,jun,2,-1,0,unknown,0,young
blue-collar,single,secondary,no,369,yes,no,unknown,23,may,3,-1,0,unknown,0,young
management,single,tertiary,no,725,no,no,cellular,11,aug,4,-1,0,unknown,0,young
blue-collar,married,secondary,no,-825,yes,no,unknown,23,may,2,-1,0,unknown,0,young
blue-collar,married,primary,no,3267,yes,no,telephone,13,may,5,-1,0,unknown,0,older
management,married,tertiary,no,4328,no,no,cellular,30,apr,3,189,11,other,1,young
technician,married,tertiary,no,0,yes,yes,unknown,13,may,2,-1,0,unknown,0,older
management,married,tertiary,no,1859,no,no,telephone,6,aug,3,-1,0,unknown,1,older
management,married,tertiary,no,658,yes,no,cellular,5,may,1,-1,0,unknown,1,young
management,married,tertiary,no,613,no,no,cellular,26,may,2,391,2,success,0,young
admin.,married,secondary,no,47,yes,yes,cellular,31,jul,11,-1,0,unknown,0,young
technician,married,secondary,no,1,no,no,cellular,22,jul,3,-1,0,unknown,0,young
admin.,married,secondary,no,126,no,no,unknown,18,jun,1,-1,0,unknown,1,older
management,single,tertiary,no,5691,yes,no,cellular,21,nov,2,123,1,failure,0,young
management,married,tertiary,no,334,yes,no,unknown,13,may,1,-1,0,unknown,0,young
services,divorced,secondary,no,27,yes,no,cellular,6,may,1,-1,0,unknown,0,young
technician,married,secondary,no,137,no,yes,unknown,26,may,1,-1,0,unknown,0,older
management,married,secondary,no,43,yes,no,unknown,14,may,8,-1,0,unknown,0,older
self-employed,married,secondary,no,-165,yes,no,unknown,21,may,2,-1,0,unknown,0,young
services,single,secondary,no,1268,yes,no,cellular,8,apr,4,320,8,other,1,young
management,married,tertiary,no,1795,no,no,cellular,8,aug,7,-1,0,unknown,1,young
technician,married,secondary,no,419,no,no,cellular,6,feb,2,-1,0,unknown,0,older
technician,married,secondary,no,657,yes,no,cellular,30,jul,2,-1,0,unknown,0,young
blue-collar,married,primary,no,914,yes,no,unknown,27,may,9,-1,0,unknown,0,young
services,married,primary,no,-224,yes,no,cellular,24,jul,3,-1,0,unknown,0,young
admin.,married,secondary,no,769,yes,no,cellular,13,aug,2,-1,0,unknown,0,older
admin.,divorced,secondary,no,683,no,no,cellular,8,nov,1,-1,0,unknown,0,older
management,single,tertiary,no,672,no,no,cellular,4,may,1,-1,0,unknown,0,young
admin.,married,secondary,no,909,yes,no,cellular,9,apr,1,-1,0,unknown,0,older
management,single,tertiary,no,3,yes,no,cellular,23,jul,1,-1,0,unknown,0,young
blue-collar,divorced,secondary,no,1,no,no,unknown,16,jun,5,-1,0,unknown,0,young
admin.,married,secondary,no,1264,no,no,telephone,28,jan,2,-1,0,unknown,0,older
technician,single,tertiary,no,302,yes,no,unknown,20,jun,4,-1,0,unknown,0,older
admin.,single,secondary,no,-14,no,no,cellular,31,jul,31,-1,0,unknown,0,young
technician,married,secondary,no,0,yes,yes,unknown,14,may,2,-1,0,unknown,0,older
entrepreneur,single,secondary,no,265,yes,no,unknown,28,may,1,-1,0,unknown,0,young
management,single,unknown,no,504,yes,no,cellular,16,apr,1,-1,0,unknown,0,young
admin.,married,secondary,no,1530,yes,no,unknown,15,may,1,-1,0,unknown,0,older
blue-collar,single,primary,no,343,yes,yes,cellular,18,may,7,-1,0,unknown,0,older
services,single,secondary,no,0,no,yes,cellular,11,jul,2,-1,0,unknown,0,young
technician,married,tertiary,no,409,yes,no,unknown,12,may,3,-1,0,unknown,0,young
blue-collar,married,secondary,no,861,no,no,telephone,9,feb,6,-1,0,unknown,0,older
services,married,secondary,no,-353,yes,no,cellular,15,jul,4,-1,0,unknown,0,young
services,married,secondary,no,278,yes,no,cellular,18,may,5,-1,0,unknown,0,young
blue-collar,married,secondary,no,-6,yes,no,cellular,17,apr,1,-1,0,unknown,0,young
admin.,divorced,secondary,no,1693,no,no,cellular,30,apr,1,87,2,other,1,older
technician,married,secondary,no,0,no,no,cellular,6,aug,2,-1,0,unknown,0,young
retired,divorced,primary,no,828,no,no,cellular,28,dec,1,-1,0,unknown,0,older
management,married,tertiary,yes,1218,yes,no,cellular,18,jul,6,-1,0,unknown,0,older
admin.,married,secondary,no,-47,yes,no,unknown,30,may,4,-1,0,unknown,0,young
unemployed,single,tertiary,no,953,yes,no,cellular,31,aug,2,101,3,failure,0,young
blue-collar,married,unknown,no,826,yes,no,unknown,15,may,2,-1,0,unknown,0,older
blue-collar,married,secondary,no,2926,yes,yes,cellular,19,nov,3,120,2,failure,0,older
self-employed,married,tertiary,no,687,yes,no,cellular,28,may,8,-1,0,unknown,0,young
admin.,married,tertiary,yes,6,no,no,unknown,19,may,11,-1,0,unknown,0,older
blue-collar,married,secondary,no,34,yes,no,cellular,5,may,2,-1,0,unknown,0,young
self-employed,married,tertiary,no,13669,no,no,cellular,14,apr,7,-1,0,unknown,0,young
management,married,tertiary,no,1362,yes,no,cellular,11,may,2,-1,0,unknown,0,young
technician,single,secondary,no,4136,yes,no,unknown,30,may,3,-1,0,unknown,1,young
services,married,secondary,no,0,yes,no,unknown,7,may,2,-1,0,unknown,0,young
technician,single,secondary,no,1626,no,no,cellular,25,jul,3,-1,0,unknown,0,young
admin.,single,secondary,no,2768,yes,no,cellular,29,jan,1,241,4,failure,0,young
services,divorced,secondary,no,858,yes,no,unknown,19,may,4,-1,0,unknown,0,older
services,divorced,secondary,no,-7,yes,no,cellular,13,may,3,-1,0,unknown,1,young
entrepreneur,divorced,tertiary,no,2,no,yes,cellular,7,jul,1,-1,0,unknown,0,young
technician,married,secondary,no,2647,yes,no,unknown,30,may,1,-1,0,unknown,0,older
technician,married,secondary,no,192,yes,yes,unknown,29,may,5,-1,0,unknown,0,young
admin.,married,tertiary,no,3221,no,no,cellular,15,jun,2,376,13,other,1,young
technician,single,secondary,no,275,no,no,cellular,29,jul,3,-1,0,unknown,0,older
self-employed,single,tertiary,no,578,yes,no,cellular,17,apr,1,319,4,failure,0,young
housemaid,married,primary,no,167,no,no,cellular,21,aug,2,-1,0,unknown,0,young
management,married,secondary,no,725,yes,no,cellular,8,jul,1,-1,0,unknown,0,older
management,married,tertiary,no,4,no,no,cellular,22,aug,4,-1,0,unknown,0,young
blue-collar,divorced,primary,no,528,no,no,cellular,4,feb,1,-1,0,unknown,0,older
self-employed,single,secondary,no,429,no,no,cellular,28,jan,2,-1,0,unknown,0,older
unemployed,married,secondary,no,0,no,no,cellular,13,oct,1,216,1,failure,0,older
technician,married,secondary,no,697,no,no,cellular,24,jun,2,219,2,other,0,young
blue-collar,married,secondary,no,2297,no,no,telephone,31,jul,4,-1,0,unknown,0,older
admin.,married,secondary,no,580,yes,yes,cellular,11,may,1,-1,0,unknown,0,young
management,married,tertiary,no,190,no,no,cellular,25,aug,22,-1,0,unknown,0,older
unemployed,divorced,primary,no,840,no,no,cellular,28,jan,1,-1,0,unknown,0,older
self-employed,single,secondary,no,1186,no,no,cellular,10,jul,1,-1,0,unknown,0,young
technician,single,secondary,no,390,yes,no,cellular,14,jul,2,-1,0,unknown,0,young
retired,single,secondary,no,515,yes,no,unknown,17,jun,1,-1,0,unknown,0,older
blue-collar,single,secondary,no,2486,yes,no,telephone,18,may,5,354,1,success,0,young
services,single,primary,no,181,yes,no,cellular,20,apr,3,340,2,other,0,young
management,divorced,tertiary,no,492,no,yes,cellular,7,jul,2,-1,0,unknown,0,young
unknown,married,unknown,no,895,no,no,cellular,7,oct,1,-1,0,unknown,1,older
services,divorced,primary,no,130,yes,no,unknown,29,may,2,-1,0,unknown,0,older
blue-collar,married,primary,no,500,yes,no,unknown,20,may,1,-1,0,unknown,0,young
technician,married,secondary,no,2647,yes,no,unknown,30,may,1,-1,0,unknown,0,older
retired,married,tertiary,no,1641,yes,no,cellular,27,feb,2,-1,0,unknown,1,older
admin.,single,secondary,no,127,yes,no,unknown,23,may,2,-1,0,unknown,0,young
blue-collar,married,secondary,no,507,yes,no,unknown,8,may,2,-1,0,unknown,0,young
technician,married,secondary,no,503,yes,no,unknown,6,may,2,-1,0,unknown,0,older
blue-collar,single,secondary,no,2007,no,no,cellular,13,jul,3,182,2,success,1,young
admin.,divorced,primary,no,509,no,no,cellular,17,jul,1,-1,0,unknown,0,older
technician,married,secondary,no,4101,yes,no,cellular,18,feb,2,264,1,other,1,young
technician,single,secondary,no,1745,no,no,cellular,2,aug,1,-1,0,unknown,0,young
entrepreneur,single,primary,no,7264,no,yes,unknown,1,jul,3,-1,0,unknown,0,older
blue-collar,single,tertiary,no,1830,no,no,cellular,14,oct,2,-1,0,unknown,0,young
services,married,tertiary,no,12223,yes,no,cellular,19,nov,1,-1,0,unknown,0,older
technician,married,secondary,no,190,no,no,cellular,21,nov,7,-1,0,unknown,0,older
retired,married,secondary,no,74,no,no,cellular,19,aug,2,-1,0,unknown,0,older
retired,married,secondary,no,13,no,no,cellular,7,aug,4,-1,0,unknown,0,older
management,married,tertiary,no,3951,no,no,cellular,29,oct,1,-1,0,unknown,1,older
blue-collar,married,secondary,no,3990,yes,no,cellular,24,jul,7,-1,0,unknown,0,young
self-employed,married,primary,no,3717,no,no,unknown,20,jun,1,-1,0,unknown,0,older
blue-collar,married,primary,no,229,yes,no,unknown,7,may,3,-1,0,unknown,0,young
blue-collar,married,unknown,no,605,yes,no,unknown,15,may,1,-1,0,unknown,0,older
technician,single,secondary,no,136,yes,no,cellular,13,aug,2,-1,0,unknown,0,young
technician,single,secondary,no,1995,yes,no,cellular,20,apr,1,-1,0,unknown,1,young
services,married,tertiary,no,0,no,yes,cellular,7,jul,1,-1,0,unknown,0,young
housemaid,single,tertiary,no,0,no,no,cellular,3,jun,3,-1,0,unknown,0,young
self-employed,married,secondary,no,9994,no,no,cellular,10,jul,1,-1,0,unknown,0,older
admin.,single,secondary,no,2817,yes,no,cellular,21,nov,1,-1,0,unknown,0,young
management,married,tertiary,no,272,yes,no,cellular,6,may,4,289,2,failure,0,young
blue-collar,married,secondary,no,-59,no,yes,cellular,8,jul,3,-1,0,unknown,0,young
management,married,tertiary,no,1209,no,no,cellular,20,nov,1,-1,0,unknown,0,young
blue-collar,married,primary,no,106,yes,no,unknown,7,may,1,-1,0,unknown,0,young
blue-collar,married,secondary,no,-31,no,no,cellular,21,aug,8,-1,0,unknown,0,older
admin.,married,secondary,no,242,yes,no,cellular,30,jul,12,-1,0,unknown,0,young
management,married,tertiary,no,1167,yes,yes,cellular,26,jan,4,50,4,other,0,older
management,single,tertiary,no,406,yes,no,unknown,7,may,1,-1,0,unknown,0,young
technician,married,tertiary,no,417,yes,no,unknown,16,jun,2,-1,0,unknown,0,older
unemployed,married,secondary,no,6178,no,no,cellular,3,feb,3,-1,0,unknown,0,older
technician,married,tertiary,no,646,yes,no,cellular,20,apr,1,-1,0,unknown,0,older
services,divorced,unknown,no,1877,yes,no,unknown,30,may,1,-1,0,unknown,0,older
management,single,primary,no,4897,yes,no,unknown,20,may,1,-1,0,unknown,0,young
unemployed,single,secondary,no,115,no,no,cellular,9,feb,2,-1,0,unknown,0,young
technician,single,secondary,no,2087,no,no,unknown,8,may,1,-1,0,unknown,0,young
management,single,tertiary,no,1,no,no,unknown,21,sep,1,-1,0,unknown,0,young
management,married,tertiary,no,867,no,no,cellular,14,aug,2,-1,0,unknown,0,young
admin.,divorced,secondary,no,1151,yes,no,unknown,5,may,1,-1,0,unknown,0,older
management,married,tertiary,no,676,no,no,cellular,7,aug,1,-1,0,unknown,1,young
student,single,secondary,no,215,no,no,cellular,24,nov,1,95,5,success,1,young
blue-collar,married,secondary,no,771,yes,yes,unknown,19,jun,1,-1,0,unknown,0,older
management,married,secondary,no,1072,yes,no,unknown,27,may,2,-1,0,unknown,0,young
self-employed,single,secondary,no,4011,yes,no,unknown,20,may,1,-1,0,unknown,0,young
services,divorced,secondary,no,89,yes,no,cellular,15,may,4,-1,0,unknown,1,young
technician,married,tertiary,no,3700,no,no,cellular,19,nov,1,-1,0,unknown,0,older
unemployed,single,tertiary,no,157,yes,no,unknown,26,may,5,-1,0,unknown,0,young
technician,married,secondary,no,659,no,yes,cellular,28,jul,2,-1,0,unknown,0,young
technician,single,secondary,no,1228,yes,no,cellular,4,may,3,-1,0,unknown,1,young
management,single,tertiary,no,2233,no,no,cellular,29,aug,15,-1,0,unknown,0,young
blue-collar,married,primary,no,17,yes,no,unknown,29,may,2,-1,0,unknown,0,older
unemployed,divorced,secondary,no,0,no,no,unknown,20,jun,2,-1,0,unknown,0,older
blue-collar,single,primary,no,736,yes,no,cellular,16,apr,2,304,2,failure,0,young
services,married,tertiary,no,309,yes,yes,unknown,7,may,1,-1,0,unknown,0,young
technician,married,tertiary,no,676,no,no,cellular,9,mar,2,224,4,failure,0,young
entrepreneur,married,secondary,no,2971,no,no,cellular,21,nov,2,-1,0,unknown,0,young
self-employed,married,secondary,no,734,no,yes,cellular,9,jul,2,-1,0,unknown,0,young
blue-collar,married,secondary,no,685,yes,no,unknown,26,may,3,-1,0,unknown,1,young
technician,single,tertiary,no,783,no,no,cellular,8,jul,1,-1,0,unknown,0,young
services,single,secondary,no,335,no,no,telephone,29,jan,2,-1,0,unknown,0,young
management,married,tertiary,no,416,yes,no,cellular,7,apr,1,-1,0,unknown,0,young
technician,single,tertiary,no,38,no,no,unknown,16,jun,1,-1,0,unknown,0,young
blue-collar,married,secondary,no,363,no,no,cellular,8,apr,2,-1,0,unknown,0,older
blue-collar,married,secondary,no,65,no,no,cellular,28,aug,18,-1,0,unknown,0,older
technician,married,secondary,no,124,yes,no,cellular,28,jul,12,-1,0,unknown,0,older
technician,married,tertiary,no,11804,yes,no,unknown,30,may,1,-1,0,unknown,0,older
management,single,tertiary,no,19796,no,no,cellular,20,nov,1,-1,0,unknown,0,young
blue-collar,married,primary,no,0,yes,no,cellular,8,may,1,290,2,failure,0,young
blue-collar,married,primary,no,2453,yes,no,unknown,15,may,1,-1,0,unknown,1,older
entrepreneur,married,secondary,no,456,yes,yes,cellular,28,aug,8,-1,0,unknown,0,young
blue-collar,married,secondary,no,3027,yes,no,cellular,27,oct,1,186,1,success,0,older
management,married,tertiary,no,942,no,no,cellular,2,jun,2,-1,0,unknown,0,young
services,married,primary,no,-2122,yes,yes,cellular,18,nov,3,-1,0,unknown,0,older
retired,married,secondary,no,3114,no,no,cellular,18,may,2,186,1,success,1,older
technician,married,secondary,no,1432,yes,yes,cellular,18,nov,3,-1,0,unknown,0,older
self-employed,married,tertiary,no,1047,no,no,unknown,6,jun,1,-1,0,unknown,1,young
technician,single,tertiary,no,932,yes,no,cellular,16,apr,1,318,1,failure,1,young
technician,single,secondary,no,-55,yes,yes,cellular,7,jul,1,-1,0,unknown,0,young
management,single,tertiary,no,1097,no,no,telephone,18,aug,2,-1,0,unknown,0,older
admin.,divorced,tertiary,no,122,no,no,cellular,27,apr,1,-1,0,unknown,0,older
management,married,tertiary,no,759,no,no,cellular,14,aug,2,-1,0,unknown,0,older
blue-collar,married,primary,no,3977,yes,no,cellular,17,apr,1,-1,0,unknown,0,young
unemployed,single,tertiary,no,415,no,no,cellular,4,feb,1,176,1,failure,1,young
management,married,tertiary,no,0,no,no,cellular,28,aug,18,-1,0,unknown,0,young
blue-collar,married,primary,no,406,yes,no,cellular,29,jan,1,188,5,failure,0,young
management,divorced,tertiary,no,858,no,no,cellular,26,oct,2,-1,0,unknown,1,young
technician,married,secondary,no,0,yes,yes,telephone,9,jul,1,-1,0,unknown,0,older
admin.,divorced,secondary,no,1,no,no,cellular,28,jan,2,-1,0,unknown,0,young
management,married,secondary,no,0,yes,no,unknown,14,may,4,-1,0,unknown,0,older
management,single,tertiary,no,0,no,no,cellular,22,aug,2,-1,0,unknown,0,young
technician,single,tertiary,no,992,yes,no,cellular,5,feb,2,-1,0,unknown,1,young
management,single,tertiary,no,198,no,no,cellular,20,aug,5,-1,0,unknown,0,young
blue-collar,married,secondary,no,1238,yes,no,unknown,14,may,1,-1,0,unknown,0,young
blue-collar,married,secondary,no,604,yes,no,cellular,7,oct,1,495,1,failure,1,young
services,married,primary,no,1132,yes,no,unknown,29,may,1,-1,0,unknown,0,older
blue-collar,single,secondary,no,953,yes,no,cellular,14,may,1,346,2,success,1,young
technician,divorced,secondary,no,14,no,no,cellular,13,aug,1,-1,0,unknown,1,older
admin.,divorced,secondary,yes,0,no,no,cellular,24,jul,1,-1,0,unknown,0,older
technician,single,secondary,no,959,no,no,cellular,9,jul,5,-1,0,unknown,0,young
blue-collar,married,primary,no,188,yes,no,unknown,30,may,5,-1,0,unknown,0,older
self-employed,married,tertiary,yes,-3313,yes,yes,unknown,9,may,1,-1,0,unknown,0,older
blue-collar,single,primary,no,1006,no,no,unknown,20,jun,1,-1,0,unknown,0,older
admin.,married,secondary,no,51,yes,yes,cellular,14,jan,1,87,2,other,1,young
retired,married,primary,no,118,no,no,telephone,31,jul,5,-1,0,unknown,0,older
technician,single,secondary,no,6471,yes,yes,unknown,26,may,4,-1,0,unknown,0,young
blue-collar,married,unknown,no,897,yes,no,cellular,7,jul,2,-1,0,unknown,0,young
technician,divorced,tertiary,yes,1200,no,no,cellular,19,nov,1,-1,0,unknown,0,young
technician,divorced,secondary,no,162,yes,no,cellular,24,jul,1,-1,0,unknown,0,young
unemployed,married,secondary,no,594,no,no,cellular,4,feb,2,-1,0,unknown,0,older
student,single,secondary,no,99,yes,no,unknown,13,may,1,-1,0,unknown,0,young
unemployed,married,secondary,no,314,yes,no,cellular,11,may,6,172,10,success,0,young
retired,married,secondary,no,466,no,no,cellular,5,aug,2,-1,0,unknown,1,older
blue-collar,married,primary,no,2439,yes,no,unknown,30,may,3,-1,0,unknown,0,older
management,single,tertiary,no,1077,no,no,cellular,5,aug,1,717,4,failure,0,young
management,single,tertiary,no,-292,yes,no,cellular,18,may,2,272,6,failure,0,young
management,married,tertiary,no,1331,no,no,cellular,3,feb,2,90,1,success,1,young
blue-collar,married,secondary,no,1295,yes,no,cellular,14,may,1,-1,0,unknown,0,young
technician,single,secondary,yes,-14,no,no,cellular,14,aug,2,-1,0,unknown,0,young
student,single,secondary,no,130,no,no,cellular,11,may,2,273,4,failure,0,young
technician,married,secondary,no,1919,no,no,cellular,4,aug,1,-1,0,unknown,1,young
housemaid,married,primary,no,238,no,yes,cellular,18,jul,2,-1,0,unknown,0,older
blue-collar,married,secondary,no,728,yes,no,unknown,12,jun,16,-1,0,unknown,0,young
retired,married,secondary,no,-1206,yes,no,cellular,15,jun,2,-1,0,unknown,1,older
retired,divorced,secondary,no,291,no,no,cellular,24,jul,5,-1,0,unknown,0,older
management,married,tertiary,no,805,no,no,cellular,28,jan,1,-1,0,unknown,0,young
housemaid,married,secondary,no,870,no,yes,unknown,19,jun,2,-1,0,unknown,0,older
management,single,tertiary,no,120,no,yes,cellular,24,mar,1,49,3,other,0,older
services,married,secondary,no,437,yes,no,unknown,26,may,1,-1,0,unknown,0,young
technician,married,secondary,no,55,no,yes,cellular,28,aug,17,-1,0,unknown,0,older
retired,married,unknown,no,4391,yes,no,unknown,16,may,1,-1,0,unknown,0,older
blue-collar,married,secondary,no,-438,no,no,cellular,11,may,1,-1,0,unknown,1,young
services,married,secondary,no,612,no,no,cellular,26,aug,4,-1,0,unknown,0,older
technician,single,tertiary,no,-89,yes,no,cellular,3,feb,4,251,4,failure,0,older
admin.,single,unknown,no,56,yes,no,unknown,16,may,2,-1,0,unknown,0,young
student,single,secondary,no,1957,no,no,cellular,24,jun,4,385,1,failure,1,young
student,single,unknown,no,277,no,no,cellular,27,may,2,-1,0,unknown,1,young
management,married,tertiary,no,0,yes,yes,cellular,7,may,3,343,5,failure,0,older
management,married,tertiary,no,9916,yes,no,cellular,21,nov,1,-1,0,unknown,0,older
retired,married,tertiary,no,794,no,no,unknown,9,may,1,-1,0,unknown,0,young
services,married,primary,no,-45,no,yes,cellular,8,jul,1,-1,0,unknown,0,young
entrepreneur,married,tertiary,no,2644,yes,no,unknown,20,may,1,-1,0,unknown,0,young
management,married,primary,no,6,yes,no,unknown,8,may,3,-1,0,unknown,0,young
management,married,unknown,no,1708,no,no,telephone,29,jan,3,-1,0,unknown,0,older
blue-collar,married,secondary,no,1134,yes,no,unknown,23,may,2,-1,0,unknown,0,young
blue-collar,married,primary,no,1357,yes,no,unknown,13,may,2,-1,0,unknown,0,older
services,married,secondary,no,210,yes,yes,unknown,20,may,1,-1,0,unknown,0,young
technician,single,secondary,no,279,yes,no,cellular,21,jul,1,-1,0,unknown,0,young
management,married,tertiary,no,4004,yes,no,unknown,15,may,2,-1,0,unknown,0,older
self-employed,married,tertiary,no,312,yes,no,unknown,9,may,2,-1,0,unknown,0,young
technician,single,tertiary,no,160,no,no,cellular,29,aug,2,-1,0,unknown,0,young
self-employed,married,secondary,no,634,yes,no,cellular,17,nov,1,131,1,failure,0,older
technician,married,secondary,no,2394,no,no,cellular,14,aug,2,-1,0,unknown,0,young
management,single,tertiary,no,99,yes,yes,unknown,16,may,4,-1,0,unknown,0,young
blue-collar,married,secondary,no,406,yes,no,unknown,4,jun,1,-1,0,unknown,0,older
blue-collar,married,secondary,no,5,no,no,cellular,26,mar,2,-1,0,unknown,0,young
management,divorced,tertiary,no,168,yes,no,unknown,5,jun,1,-1,0,unknown,0,young
services,married,secondary,no,56,yes,no,cellular,12,may,3,-1,0,unknown,0,young
technician,married,secondary,no,-1042,yes,no,unknown,27,may,2,-1,0,unknown,0,older
technician,single,secondary,no,2,yes,yes,unknown,16,may,2,-1,0,unknown,0,young
blue-collar,married,secondary,no,30,no,yes,cellular,18,may,1,334,4,other,0,young
management,single,tertiary,no,962,yes,no,cellular,8,may,1,-1,0,unknown,0,young
management,married,tertiary,no,39,no,no,cellular,13,aug,1,-1,0,unknown,0,young
management,single,tertiary,no,395,yes,no,cellular,16,apr,2,-1,0,unknown,0,young
blue-collar,married,secondary,no,822,yes,no,cellular,14,may,8,366,6,failure,0,young
admin.,married,secondary,no,530,yes,no,unknown,6,may,1,-1,0,unknown,0,young
management,married,tertiary,no,5,yes,no,unknown,7,aug,1,-1,0,unknown,0,young
technician,married,secondary,no,196,yes,yes,cellular,17,feb,1,-1,0,unknown,1,older
management,married,tertiary,no,6815,yes,no,cellular,8,may,2,172,2,other,0,young
blue-collar,married,primary,no,1865,yes,no,unknown,8,may,3,-1,0,unknown,0,older
blue-collar,married,primary,no,96,no,no,unknown,16,jun,3,-1,0,unknown,0,older
blue-collar,single,primary,no,116,no,no,unknown,13,apr,1,-1,0,unknown,1,older
admin.,single,secondary,no,4344,yes,no,cellular,17,nov,2,118,3,failure,0,young
services,married,secondary,no,19,yes,no,cellular,29,jul,6,-1,0,unknown,0,young
blue-collar,divorced,unknown,no,39,yes,no,cellular,13,may,5,-1,0,unknown,0,older
management,married,secondary,no,111,no,no,telephone,24,mar,2,-1,0,unknown,0,older
management,married,tertiary,no,153,yes,no,cellular,14,jul,3,-1,0,unknown,0,young
blue-collar,married,tertiary,no,297,yes,no,unknown,7,may,1,-1,0,unknown,0,older
student,single,secondary,no,228,no,no,cellular,20,aug,1,79,1,failure,0,young
admin.,married,secondary,no,526,no,yes,cellular,31,jul,3,-1,0,unknown,0,older
management,divorced,tertiary,no,2152,no,no,cellular,4,may,2,80,3,success,0,older
services,single,secondary,no,11386,yes,no,cellular,20,nov,1,-1,0,unknown,0,young
unemployed,single,tertiary,no,536,no,no,cellular,19,nov,1,-1,0,unknown,0,young
blue-collar,married,secondary,no,2254,yes,no,cellular,20,nov,1,-1,0,unknown,0,young
blue-collar,married,secondary,no,0,yes,yes,cellular,10,jul,1,-1,0,unknown,1,young
management,single,tertiary,no,1107,yes,no,unknown,26,may,1,-1,0,unknown,0,young
technician,single,secondary,yes,-2,no,yes,cellular,8,jul,1,-1,0,unknown,0,young
blue-collar,married,primary,no,4170,yes,yes,cellular,12,may,2,357,3,failure,0,older
technician,single,unknown,no,491,no,no,cellular,9,jul,7,-1,0,unknown,1,young
self-employed,married,tertiary,no,518,no,no,cellular,27,aug,5,-1,0,unknown,0,young
technician,divorced,secondary,no,258,no,no,cellular,3,feb,3,-1,0,unknown,0,older
self-employed,married,secondary,no,220,yes,yes,cellular,15,may,3,-1,0,unknown,0,young
retired,married,secondary,no,1842,no,no,unknown,15,may,1,-1,0,unknown,0,young
management,married,tertiary,no,4675,no,no,cellular,9,sep,1,-1,0,unknown,0,young
blue-collar,married,secondary,no,-755,yes,yes,cellular,5,may,1,337,1,failure,0,older
technician,married,secondary,no,1738,no,yes,cellular,21,nov,2,-1,0,unknown,0,older
unemployed,married,secondary,no,2690,no,no,cellular,7,aug,2,-1,0,unknown,0,older
technician,single,tertiary,no,969,no,no,cellular,15,jun,1,-1,0,unknown,0,young
retired,single,primary,no,140,no,yes,telephone,9,jul,1,-1,0,unknown,0,older
technician,single,tertiary,no,1840,yes,no,cellular,11,jul,2,-1,0,unknown,0,older
unemployed,married,secondary,no,-12,no,yes,cellular,21,jul,2,-1,0,unknown,0,young
technician,married,secondary,no,-241,yes,yes,cellular,7,jul,4,-1,0,unknown,0,young
unemployed,married,secondary,no,94,no,no,cellular,4,may,9,4,1,success,0,older
admin.,married,secondary,no,2711,no,no,cellular,8,aug,1,-1,0,unknown,0,young
technician,single,tertiary,no,4561,yes,no,cellular,15,may,1,274,2,failure,0,young
services,married,secondary,no,4,no,no,cellular,21,jul,1,-1,0,unknown,0,older
retired,married,secondary,no,519,yes,no,unknown,3,jun,3,-1,0,unknown,0,older
admin.,single,secondary,no,663,yes,no,cellular,2,apr,3,-1,0,unknown,0,young
technician,divorced,secondary,no,1085,no,no,cellular,27,aug,10,-1,0,unknown,0,young
management,single,tertiary,no,199,no,yes,cellular,28,jul,7,-1,0,unknown,0,young
management,single,tertiary,no,1289,yes,no,cellular,12,aug,3,-1,0,unknown,0,young
technician,single,tertiary,no,176,no,no,cellular,21,aug,4,-1,0,unknown,0,young
housemaid,married,secondary,no,195,no,no,cellular,22,aug,2,-1,0,unknown,0,older
management,married,secondary,no,18,yes,no,cellular,21,aug,1,91,1,failure,0,young
self-employed,married,secondary,no,57,no,yes,cellular,8,jul,2,-1,0,unknown,0,young
management,married,tertiary,no,2458,yes,no,cellular,4,may,2,-1,0,unknown,0,young
management,married,tertiary,no,133,yes,no,unknown,8,may,1,-1,0,unknown,0,young
admin.,single,secondary,no,13,no,yes,unknown,1,jul,1,-1,0,unknown,0,older
entrepreneur,married,tertiary,no,0,no,no,cellular,23,jul,2,-1,0,unknown,1,young
management,married,tertiary,no,1778,no,no,cellular,4,nov,1,162,2,failure,1,young
blue-collar,single,primary,no,419,yes,no,unknown,20,may,1,-1,0,unknown,0,young
blue-collar,single,secondary,no,142,yes,no,cellular,20,nov,1,-1,0,unknown,0,young
admin.,divorced,secondary,no,1232,no,no,cellular,5,feb,1,-1,0,unknown,0,older
management,married,tertiary,no,0,yes,yes,cellular,1,apr,1,115,2,failure,0,older
retired,married,primary,no,1388,no,no,telephone,11,jan,2,83,1,success,1,older
management,married,tertiary,no,0,no,no,cellular,28,jan,2,-1,0,unknown,0,older
blue-collar,married,secondary,no,312,yes,no,cellular,14,may,2,-1,0,unknown,0,older
entrepreneur,married,secondary,no,2192,yes,no,cellular,17,nov,1,-1,0,unknown,0,older
technician,married,secondary,no,106,yes,no,unknown,13,may,13,-1,0,unknown,0,young
unemployed,single,tertiary,no,586,yes,no,cellular,9,feb,5,-1,0,unknown,0,young
services,single,secondary,no,1175,yes,no,cellular,15,may,1,333,2,failure,0,young
blue-collar,married,secondary,no,4695,no,no,cellular,29,aug,10,-1,0,unknown,0,older
technician,single,tertiary,no,-67,yes,no,cellular,6,apr,3,236,2,failure,1,young
management,married,tertiary,no,4333,no,no,cellular,6,aug,6,-1,0,unknown,0,older
blue-collar,married,primary,no,3705,yes,no,unknown,16,jun,1,-1,0,unknown,0,young
unemployed,single,tertiary,no,7,no,no,cellular,8,nov,1,-1,0,unknown,0,young
admin.,divorced,secondary,no,0,no,no,unknown,9,may,1,-1,0,unknown,0,young
services,married,secondary,no,173,yes,no,cellular,18,nov,2,182,2,failure,0,young
blue-collar,married,primary,no,53,yes,no,cellular,18,nov,1,-1,0,unknown,0,older
blue-collar,married,primary,no,262,yes,no,unknown,19,may,1,-1,0,unknown,0,older
technician,married,tertiary,no,239,yes,yes,unknown,6,may,3,-1,0,unknown,0,older
management,divorced,secondary,no,-852,no,yes,cellular,29,aug,2,-1,0,unknown,0,older
management,married,tertiary,no,2498,no,no,cellular,14,aug,2,-1,0,unknown,0,older
retired,married,primary,no,334,no,no,cellular,6,aug,2,-1,0,unknown,0,older
blue-collar,married,primary,no,6150,yes,no,cellular,13,may,2,174,2,failure,0,older
blue-collar,single,primary,no,398,yes,no,cellular,13,may,1,-1,0,unknown,1,young
blue-collar,single,primary,no,21,no,no,cellular,30,jan,4,-1,0,unknown,0,young
admin.,divorced,secondary,no,1076,yes,no,cellular,12,may,1,363,1,failure,0,older
blue-collar,married,primary,no,692,no,yes,unknown,19,jun,1,-1,0,unknown,0,older
admin.,single,secondary,no,265,yes,no,cellular,25,nov,1,184,1,failure,1,young
technician,divorced,secondary,no,-414,no,no,cellular,27,aug,4,-1,0,unknown,0,older
technician,married,secondary,no,3398,no,yes,telephone,20,nov,6,113,13,other,0,older
management,divorced,tertiary,no,492,no,yes,cellular,29,jul,7,-1,0,unknown,0,older
management,married,secondary,no,683,no,no,unknown,29,sep,1,-1,0,unknown,0,young
admin.,single,secondary,no,-386,yes,no,cellular,5,may,1,-1,0,unknown,0,young
technician,divorced,secondary,no,80,no,no,unknown,20,jun,2,-1,0,unknown,0,young
unemployed,married,secondary,no,149,yes,no,cellular,28,jan,1,-1,0,unknown,0,older
technician,married,secondary,no,180,no,no,cellular,26,may,1,70,2,success,0,young
admin.,single,secondary,no,0,yes,yes,telephone,20,nov,3,-1,0,unknown,0,young
admin.,married,tertiary,no,882,no,no,cellular,13,aug,1,113,5,success,0,young
management,single,tertiary,no,243,yes,no,cellular,7,may,2,360,3,failure,0,young
admin.,married,secondary,no,122,yes,no,unknown,16,may,1,-1,0,unknown,0,young
admin.,married,secondary,no,388,yes,no,cellular,19,nov,2,-1,0,unknown,0,older
technician,single,secondary,no,1262,no,yes,cellular,17,nov,1,-1,0,unknown,0,older
technician,single,secondary,no,14,yes,yes,cellular,16,apr,1,-1,0,unknown,0,young
services,single,secondary,no,1048,yes,no,cellular,14,may,1,-1,0,unknown,0,young
management,single,tertiary,no,900,yes,no,unknown,2,jun,1,-1,0,unknown,0,young
admin.,single,secondary,no,315,yes,no,cellular,14,may,3,346,4,failure,1,young
admin.,married,secondary,no,197,yes,no,cellular,13,apr,1,182,2,failure,1,older
services,married,secondary,no,1259,yes,no,unknown,6,may,1,-1,0,unknown,0,older
self-employed,married,tertiary,no,-497,yes,yes,cellular,20,nov,1,-1,0,unknown,0,older
admin.,married,tertiary,no,238,no,no,cellular,25,may,2,88,1,failure,1,young
blue-collar,married,primary,no,292,yes,no,cellular,20,apr,2,234,4,failure,0,older
unemployed,divorced,primary,no,802,no,no,telephone,3,feb,2,-1,0,unknown,0,older
admin.,married,unknown,no,2115,yes,no,unknown,20,jun,3,-1,0,unknown,0,older
admin.,married,unknown,no,1055,no,no,cellular,2,mar,2,-1,0,unknown,0,young
technician,married,secondary,no,963,yes,no,unknown,29,may,2,-1,0,unknown,0,older
admin.,married,secondary,no,1193,no,no,cellular,12,may,2,-1,0,unknown,0,young
management,single,tertiary,no,0,no,no,cellular,29,oct,2,-1,0,unknown,0,young
management,married,tertiary,no,3724,yes,no,cellular,27,aug,10,-1,0,unknown,0,young
management,married,secondary,no,-1,no,no,cellular,6,aug,4,-1,0,unknown,0,older
admin.,single,secondary,no,140,yes,no,unknown,6,may,1,-1,0,unknown,0,young
management,married,tertiary,no,78,yes,no,cellular,21,jul,1,-1,0,unknown,0,young
blue-collar,single,primary,no,124,yes,no,unknown,28,may,3,-1,0,unknown,0,young
retired,married,primary,no,3549,no,no,cellular,31,jul,36,-1,0,unknown,0,older
admin.,divorced,secondary,no,0,yes,no,unknown,20,jun,1,-1,0,unknown,0,older
management,married,tertiary,no,0,no,no,cellular,22,aug,3,-1,0,unknown,0,older
management,single,tertiary,no,1602,yes,no,cellular,26,may,1,-1,0,unknown,0,young
technician,married,secondary,no,1091,no,no,telephone,30,jul,2,-1,0,unknown,0,older
services,married,secondary,no,104,yes,no,cellular,20,apr,2,332,6,failure,0,young
blue-collar,married,primary,no,23,yes,no,unknown,23,may,1,-1,0,unknown,0,older
management,divorced,tertiary,no,649,no,no,cellular,16,apr,1,-1,0,unknown,0,young
blue-collar,divorced,primary,no,190,yes,yes,unknown,6,may,2,-1,0,unknown,0,young
entrepreneur,single,tertiary,no,16,no,no,cellular,17,nov,2,-1,0,unknown,0,young
services,single,secondary,no,0,no,yes,cellular,11,jul,2,-1,0,unknown,0,young
admin.,single,secondary,no,387,yes,no,cellular,13,may,2,370,1,failure,0,young
management,single,tertiary,no,-248,yes,yes,cellular,6,may,1,315,20,other,0,young
blue-collar,married,primary,no,2217,yes,no,unknown,15,may,1,-1,0,unknown,0,older
blue-collar,single,primary,no,464,yes,no,cellular,18,may,1,299,2,other,0,young
admin.,married,unknown,no,0,no,no,unknown,11,jun,2,-1,0,unknown,0,older
management,single,tertiary,no,3140,no,no,unknown,12,jun,3,-1,0,unknown,0,young
blue-collar,married,secondary,no,648,yes,no,cellular,29,jan,2,240,1,failure,0,young
technician,single,secondary,no,751,yes,no,cellular,15,may,8,177,5,failure,0,older
unknown,married,primary,no,981,no,no,cellular,22,aug,12,-1,0,unknown,0,older
management,single,tertiary,no,13315,no,no,cellular,28,jul,8,-1,0,unknown,0,young
management,married,tertiary,no,48,no,no,unknown,13,may,1,-1,0,unknown,0,older
management,married,secondary,no,6695,yes,no,unknown,30,may,1,-1,0,unknown,0,young
entrepreneur,married,secondary,no,0,yes,no,unknown,19,jun,1,-1,0,unknown,0,young
housemaid,married,primary,no,655,yes,no,cellular,22,aug,1,-1,0,unknown,0,young
management,married,tertiary,no,84,no,yes,unknown,1,jul,1,-1,0,unknown,0,young
self-employed,single,secondary,no,202,yes,no,cellular,16,apr,1,149,1,failure,0,young
services,divorced,secondary,no,732,no,no,cellular,30,jul,3,-1,0,unknown,0,older
technician,divorced,secondary,no,3158,yes,no,cellular,3,jun,2,-1,0,unknown,1,young
technician,divorced,tertiary,no,343,no,no,cellular,25,aug,4,-1,0,unknown,0,older
self-employed,single,tertiary,no,428,yes,no,cellular,11,may,1,-1,0,unknown,0,older
blue-collar,married,secondary,no,115,no,no,cellular,11,aug,4,-1,0,unknown,0,older
blue-collar,single,secondary,no,0,yes,no,unknown,19,may,1,-1,0,unknown,0,young
admin.,married,secondary,no,84,no,no,telephone,29,aug,3,-1,0,unknown,0,older
management,married,tertiary,no,0,no,no,unknown,27,may,8,-1,0,unknown,0,young
blue-collar,married,primary,no,780,yes,no,unknown,20,may,1,-1,0,unknown,0,young
technician,married,secondary,no,427,no,no,cellular,18,aug,14,-1,0,unknown,0,older
blue-collar,single,tertiary,no,172,yes,no,cellular,10,aug,1,131,1,success,0,young
services,single,secondary,no,651,no,yes,cellular,23,jul,2,-1,0,unknown,0,young
management,married,tertiary,no,463,no,yes,cellular,17,nov,3,-1,0,unknown,0,older
student,single,unknown,no,358,no,no,cellular,14,jun,1,384,1,other,1,young
technician,divorced,secondary,no,304,no,no,cellular,2,feb,2,-1,0,unknown,0,young
technician,single,secondary,no,266,no,yes,cellular,15,jun,1,-1,0,unknown,0,young
blue-collar,married,secondary,no,294,yes,no,unknown,14,may,2,-1,0,unknown,0,young
self-employed,married,tertiary,no,10005,yes,no,cellular,17,jul,2,-1,0,unknown,0,young
services,married,secondary,no,1784,yes,no,cellular,19,nov,5,-1,0,unknown,0,young
admin.,married,secondary,no,236,yes,yes,telephone,4,may,3,-1,0,unknown,0,young
blue-collar,single,secondary,no,1004,no,no,cellular,13,may,1,84,1,other,1,older
management,single,tertiary,no,2821,yes,no,cellular,17,apr,2,-1,0,unknown,0,young
entrepreneur,married,secondary,no,6851,yes,no,cellular,19,nov,1,-1,0,unknown,0,young
student,single,primary,no,423,no,no,cellular,8,apr,5,-1,0,unknown,1,young
technician,married,tertiary,no,1103,yes,yes,cellular,29,jul,15,-1,0,unknown,0,young
services,married,secondary,no,350,yes,yes,unknown,13,may,1,-1,0,unknown,0,older
student,single,unknown,no,1506,no,no,cellular,14,sep,1,-1,0,unknown,1,young
technician,married,secondary,no,0,yes,yes,unknown,14,may,2,-1,0,unknown,0,older
blue-collar,married,primary,no,91,yes,no,unknown,15,may,2,-1,0,unknown,0,older
unemployed,divorced,secondary,no,2026,no,no,cellular,2,jun,1,-1,0,unknown,0,older
self-employed,married,secondary,no,3123,yes,no,cellular,19,nov,2,-1,0,unknown,0,older
services,married,secondary,no,1631,yes,no,cellular,20,nov,6,-1,0,unknown,0,young
entrepreneur,single,tertiary,no,1028,no,no,cellular,3,feb,2,-1,0,unknown,0,young
blue-collar,married,primary,no,101,yes,no,unknown,12,may,5,-1,0,unknown,1,older
blue-collar,married,secondary,no,3166,yes,no,cellular,20,nov,3,-1,0,unknown,0,young
services,married,secondary,no,279,no,no,unknown,16,may,6,-1,0,unknown,0,young
retired,divorced,tertiary,no,349,yes,no,cellular,18,nov,1,-1,0,unknown,0,older
management,divorced,tertiary,no,1145,yes,no,unknown,26,may,4,-1,0,unknown,1,young
admin.,divorced,secondary,no,136,no,yes,cellular,23,jul,1,-1,0,unknown,0,older
admin.,single,secondary,yes,7,no,no,unknown,28,may,2,-1,0,unknown,0,young
technician,married,secondary,no,-357,yes,no,cellular,16,jul,4,-1,0,unknown,1,young
technician,married,tertiary,no,2699,yes,no,cellular,29,jun,4,-1,0,unknown,0,older
blue-collar,single,secondary,no,39,no,no,cellular,13,may,2,299,3,failure,0,young
services,married,secondary,no,-508,yes,no,unknown,20,may,2,-1,0,unknown,0,young
management,single,tertiary,no,2590,no,no,cellular,23,sep,2,484,2,other,0,young
entrepreneur,married,secondary,no,1328,yes,no,unknown,6,jun,5,-1,0,unknown,0,young
admin.,divorced,secondary,no,3201,yes,no,telephone,13,may,3,-1,0,unknown,0,older
retired,married,tertiary,no,1770,no,no,cellular,29,jan,1,-1,0,unknown,0,older
services,married,primary,no,-102,no,no,unknown,4,jul,1,-1,0,unknown,0,young
blue-collar,married,secondary,yes,-584,yes,no,cellular,7,may,2,-1,0,unknown,0,young
student,single,secondary,no,0,yes,no,unknown,15,may,3,-1,0,unknown,0,young
technician,single,tertiary,no,26,no,no,cellular,21,aug,4,-1,0,unknown,0,young
self-employed,married,secondary,no,329,yes,no,telephone,15,may,4,-1,0,unknown,0,young
blue-collar,married,secondary,no,1827,yes,no,unknown,19,may,2,-1,0,unknown,0,young
technician,married,secondary,no,-584,no,no,cellular,20,aug,2,-1,0,unknown,0,older
self-employed,married,tertiary,no,2211,yes,no,cellular,25,may,1,-1,0,unknown,0,young
technician,married,tertiary,no,639,yes,no,telephone,13,may,5,370,3,other,0,older
management,married,secondary,no,4873,no,no,cellular,8,jul,9,-1,0,unknown,0,older
management,married,secondary,no,6217,yes,yes,unknown,21,may,2,-1,0,unknown,0,young
management,divorced,tertiary,no,169,no,no,cellular,18,jul,1,-1,0,unknown,0,older
services,married,secondary,no,1563,yes,no,cellular,2,feb,2,5,1,other,0,older
admin.,single,secondary,no,400,yes,no,unknown,4,jun,6,-1,0,unknown,0,older
management,married,tertiary,no,311,no,no,cellular,4,may,5,-1,0,unknown,0,older
blue-collar,married,primary,no,228,yes,no,unknown,28,may,11,-1,0,unknown,0,older
technician,single,secondary,no,945,no,no,cellular,4,may,3,-1,0,unknown,0,young
blue-collar,married,secondary,no,171,no,no,cellular,4,feb,3,175,2,other,0,older
admin.,single,secondary,no,5,yes,no,unknown,13,may,1,-1,0,unknown,0,young
blue-collar,married,secondary,no,91,yes,no,cellular,18,may,5,-1,0,unknown,0,young
blue-collar,single,secondary,no,953,yes,no,cellular,14,may,1,346,2,success,1,young
retired,married,primary,no,-266,yes,yes,cellular,31,jul,11,-1,0,unknown,0,older
management,single,tertiary,no,-324,no,yes,cellular,21,jul,11,-1,0,unknown,1,young
management,single,secondary,yes,0,no,no,cellular,11,feb,4,85,2,failure,0,young
management,married,tertiary,no,4877,yes,no,cellular,8,aug,2,-1,0,unknown,0,older
management,married,tertiary,no,45,no,no,cellular,28,aug,4,-1,0,unknown,0,young
retired,married,tertiary,no,380,no,no,cellular,25,aug,1,-1,0,unknown,1,older
blue-collar,married,secondary,no,45,yes,yes,cellular,18,jul,3,-1,0,unknown,0,young
retired,divorced,primary,no,20,no,no,cellular,27,nov,3,-1,0,unknown,0,older
blue-collar,married,primary,no,554,yes,no,unknown,27,may,5,-1,0,unknown,0,young
admin.,single,secondary,no,386,no,no,cellular,12,jul,3,529,1,failure,1,older
blue-collar,married,primary,no,447,yes,no,cellular,13,may,1,-1,0,unknown,0,young
student,single,unknown,no,10788,no,no,cellular,23,dec,2,210,2,other,0,young
self-employed,single,secondary,no,526,no,no,cellular,30,apr,1,87,2,other,1,older
management,single,tertiary,no,625,no,no,cellular,28,jan,1,163,5,other,0,older
management,married,tertiary,no,2759,yes,yes,cellular,8,aug,2,-1,0,unknown,0,older
technician,divorced,tertiary,no,405,yes,no,unknown,15,may,1,-1,0,unknown,0,older
services,married,secondary,no,173,yes,no,cellular,18,nov,2,182,2,failure,0,young
admin.,divorced,secondary,no,1151,yes,no,unknown,5,may,1,-1,0,unknown,0,older
blue-collar,married,secondary,no,395,yes,yes,unknown,23,may,1,-1,0,unknown,0,young
admin.,married,unknown,no,1088,yes,no,cellular,20,may,1,359,1,failure,0,older
services,single,secondary,no,7242,no,no,telephone,20,nov,3,-1,0,unknown,0,young
blue-collar,married,secondary,no,19447,yes,no,telephone,9,jul,1,-1,0,unknown,0,older
student,single,tertiary,no,3404,yes,no,unknown,2,jun,3,-1,0,unknown,0,young
admin.,married,secondary,no,1131,no,yes,cellular,8,may,1,-1,0,unknown,0,older
blue-collar,single,secondary,no,1705,no,no,cellular,17,dec,2,-1,0,unknown,1,young
management,single,tertiary,no,1393,yes,no,unknown,21,may,8,-1,0,unknown,0,young
unemployed,married,tertiary,no,1108,yes,no,cellular,18,nov,2,-1,0,unknown,0,young
services,married,secondary,no,-5,yes,yes,unknown,30,may,2,-1,0,unknown,0,young
admin.,single,secondary,no,483,yes,yes,cellular,20,apr,2,-1,0,unknown,0,young
management,single,tertiary,no,336,yes,no,cellular,2,feb,6,195,3,failure,0,older
admin.,married,unknown,no,17,no,no,cellular,17,jul,4,-1,0,unknown,0,older
management,married,tertiary,no,0,no,no,cellular,16,oct,2,-1,0,unknown,1,older
unemployed,married,secondary,no,90,no,no,cellular,28,jul,2,-1,0,unknown,0,young
blue-collar,married,secondary,no,-219,yes,no,cellular,7,may,1,-1,0,unknown,0,young
management,single,tertiary,no,1515,yes,no,telephone,31,jul,5,-1,0,unknown,0,young
blue-collar,married,secondary,no,598,yes,no,unknown,16,jun,2,-1,0,unknown,0,young
blue-collar,married,secondary,no,1196,no,no,unknown,27,may,1,-1,0,unknown,0,young
technician,married,primary,no,309,no,yes,cellular,29,jul,5,-1,0,unknown,0,older
self-employed,married,secondary,no,7747,no,no,cellular,7,aug,2,-1,0,unknown,0,older
services,married,primary,no,179,yes,no,unknown,5,may,1,-1,0,unknown,0,older
management,single,tertiary,no,7419,yes,no,cellular,15,may,8,331,29,failure,0,young
self-employed,married,tertiary,yes,-1083,yes,no,cellular,6,may,1,336,2,failure,0,young
management,married,tertiary,no,994,no,no,cellular,3,sep,1,98,3,failure,0,older
self-employed,single,tertiary,no,676,no,no,cellular,5,aug,2,-1,0,unknown,0,young
technician,single,secondary,no,19348,yes,no,cellular,8,aug,2,-1,0,unknown,0,young
unemployed,single,tertiary,no,4517,yes,no,cellular,20,nov,1,-1,0,unknown,0,older
management,single,secondary,no,1031,yes,no,cellular,22,jul,1,-1,0,unknown,0,young
technician,married,secondary,no,851,no,yes,cellular,18,jul,2,-1,0,unknown,0,older
technician,single,secondary,no,6402,yes,no,cellular,20,nov,1,-1,0,unknown,1,young
management,married,tertiary,no,5016,no,no,cellular,8,aug,1,-1,0,unknown,0,young
admin.,married,secondary,no,9049,yes,no,cellular,21,nov,1,-1,0,unknown,0,young
technician,single,secondary,yes,0,no,yes,cellular,26,aug,14,-1,0,unknown,0,young
blue-collar,divorced,secondary,no,1103,yes,no,cellular,15,jul,4,-1,0,unknown,0,older
entrepreneur,married,secondary,no,2551,yes,no,unknown,5,jun,2,-1,0,unknown,0,young
blue-collar,married,primary,no,99,yes,no,cellular,17,apr,2,322,1,other,0,young
housemaid,married,primary,no,0,yes,no,cellular,19,aug,4,-1,0,unknown,0,young
management,married,tertiary,no,79,no,no,cellular,7,aug,2,-1,0,unknown,0,older
services,single,secondary,no,279,yes,no,cellular,18,may,1,370,1,failure,1,young
housemaid,single,secondary,no,540,no,no,unknown,21,may,3,-1,0,unknown,0,young
management,married,tertiary,no,0,no,no,cellular,27,aug,4,-1,0,unknown,0,young
housemaid,divorced,primary,no,61,no,no,cellular,29,jul,5,-1,0,unknown,0,older
retired,married,secondary,no,1035,yes,yes,cellular,1,apr,2,239,1,failure,0,older
management,married,tertiary,no,735,yes,no,unknown,13,may,3,-1,0,unknown,0,older
blue-collar,single,secondary,no,-187,yes,yes,unknown,27,may,4,-1,0,unknown,0,young
services,married,secondary,no,100,yes,no,cellular,8,may,1,-1,0,unknown,0,young
technician,single,secondary,yes,-368,yes,no,cellular,5,may,1,-1,0,unknown,0,young
blue-collar,divorced,primary,no,299,yes,no,unknown,13,may,2,-1,0,unknown,0,older
self-employed,divorced,tertiary,no,155,no,no,cellular,19,nov,2,-1,0,unknown,0,young
management,married,tertiary,no,4,no,no,unknown,20,jun,6,-1,0,unknown,0,older
blue-collar,married,secondary,yes,0,no,yes,unknown,17,jun,5,-1,0,unknown,0,young
management,divorced,tertiary,no,11998,no,no,cellular,21,nov,1,-1,0,unknown,0,older
technician,divorced,secondary,no,8,yes,no,cellular,6,may,2,-1,0,unknown,0,young
blue-collar,divorced,secondary,no,8,yes,no,cellular,16,jul,1,-1,0,unknown,0,young
entrepreneur,divorced,tertiary,no,386,no,no,cellular,21,nov,4,-1,0,unknown,0,older
self-employed,married,secondary,no,581,yes,no,cellular,13,oct,1,152,6,failure,0,young
management,married,tertiary,no,0,yes,no,cellular,18,jul,5,-1,0,unknown,0,older
entrepreneur,married,tertiary,no,341,no,no,unknown,19,jun,2,-1,0,unknown,0,older
housemaid,married,primary,no,688,no,no,cellular,21,jul,2,-1,0,unknown,0,older
technician,single,secondary,no,3,no,no,unknown,3,jun,6,-1,0,unknown,0,young
blue-collar,married,primary,no,328,yes,no,unknown,21,may,8,-1,0,unknown,0,older
entrepreneur,divorced,tertiary,no,816,no,no,cellular,19,nov,1,-1,0,unknown,0,older
admin.,married,secondary,no,789,yes,no,cellular,23,jul,1,-1,0,unknown,0,young
admin.,married,unknown,no,1784,no,no,cellular,13,aug,2,-1,0,unknown,0,older
services,married,primary,no,0,yes,no,cellular,12,may,1,344,1,success,0,young
blue-collar,married,secondary,no,134,no,no,cellular,29,aug,7,-1,0,unknown,0,older
blue-collar,single,secondary,no,612,yes,no,cellular,21,jul,4,-1,0,unknown,0,young
retired,married,secondary,no,486,yes,no,unknown,5,may,2,-1,0,unknown,0,older
technician,married,secondary,no,0,no,no,cellular,28,aug,13,-1,0,unknown,0,young
blue-collar,married,secondary,no,266,yes,no,cellular,12,may,1,-1,0,unknown,0,older
housemaid,married,primary,no,2410,no,no,cellular,4,aug,1,-1,0,unknown,0,young
management,married,primary,no,589,no,no,cellular,29,jan,2,-1,0,unknown,0,older
management,divorced,tertiary,no,2885,no,no,cellular,10,feb,2,156,4,other,1,young
blue-collar,married,secondary,no,1088,yes,no,unknown,2,jun,2,-1,0,unknown,0,young
management,married,unknown,no,527,yes,no,cellular,30,apr,1,281,3,failure,0,older
management,married,tertiary,no,1564,yes,no,cellular,17,jul,1,-1,0,unknown,0,older
housemaid,married,secondary,no,0,yes,no,cellular,21,jul,1,-1,0,unknown,0,young
services,married,secondary,no,233,no,no,cellular,29,aug,2,-1,0,unknown,0,young
technician,married,secondary,no,0,yes,no,cellular,8,may,2,-1,0,unknown,0,young
admin.,divorced,secondary,no,3304,yes,no,unknown,2,jun,2,-1,0,unknown,0,older
services,married,unknown,no,89,yes,no,unknown,20,may,1,-1,0,unknown,0,young
admin.,married,secondary,no,645,yes,no,unknown,19,may,1,-1,0,unknown,0,young
management,married,tertiary,no,902,yes,no,cellular,14,may,1,367,2,other,0,young
blue-collar,single,secondary,no,-295,yes,yes,cellular,18,may,2,-1,0,unknown,0,young
admin.,married,secondary,no,233,yes,no,cellular,21,jul,3,-1,0,unknown,0,young
admin.,married,secondary,no,1193,no,no,cellular,12,may,2,-1,0,unknown,0,young
blue-collar,married,primary,no,5560,yes,no,cellular,12,may,2,335,3,failure,0,older
entrepreneur,married,secondary,no,245,yes,no,unknown,14,may,3,-1,0,unknown,0,older
services,married,secondary,no,1616,yes,no,telephone,12,may,5,288,3,failure,0,young
entrepreneur,married,primary,no,13930,yes,no,cellular,25,jul,2,-1,0,unknown,0,young
blue-collar,married,primary,no,406,yes,no,unknown,9,may,1,-1,0,unknown,0,older
entrepreneur,married,tertiary,no,5254,yes,no,unknown,23,oct,1,-1,0,unknown,1,older
blue-collar,married,primary,no,550,yes,no,unknown,7,may,1,-1,0,unknown,0,older
blue-collar,divorced,primary,yes,210,yes,no,unknown,13,may,1,-1,0,unknown,0,older
admin.,married,secondary,no,106,no,yes,cellular,7,aug,2,-1,0,unknown,0,older
technician,married,secondary,no,1076,no,no,cellular,7,aug,2,-1,0,unknown,0,young
management,single,secondary,no,3829,no,yes,cellular,20,nov,1,-1,0,unknown,0,young
admin.,married,secondary,no,205,no,no,cellular,3,nov,1,-1,0,unknown,1,older
technician,divorced,secondary,no,0,yes,no,unknown,27,may,2,-1,0,unknown,0,older
technician,married,secondary,no,72,no,no,unknown,29,may,1,-1,0,unknown,0,older
admin.,single,secondary,yes,53,yes,no,unknown,14,may,4,-1,0,unknown,0,young
technician,divorced,tertiary,no,0,yes,no,cellular,2,jun,1,-1,0,unknown,0,young
admin.,single,unknown,no,2083,yes,no,unknown,3,jun,2,-1,0,unknown,0,young
management,divorced,tertiary,no,2105,no,yes,cellular,21,jul,1,-1,0,unknown,0,older
blue-collar,divorced,secondary,no,2843,no,no,cellular,14,aug,1,-1,0,unknown,1,young
management,single,tertiary,no,-56,yes,no,cellular,18,nov,2,151,14,failure,0,older
technician,single,secondary,no,1279,yes,no,cellular,18,may,2,349,3,success,0,young
blue-collar,married,secondary,no,296,yes,no,unknown,4,jun,1,-1,0,unknown,0,young
technician,single,secondary,no,49,no,no,cellular,7,may,1,351,1,failure,0,young
retired,married,primary,no,0,no,no,cellular,22,aug,1,-1,0,unknown,0,older
management,married,secondary,no,13931,yes,no,cellular,18,nov,1,-1,0,unknown,0,older
admin.,single,secondary,no,8,no,no,cellular,23,jul,1,-1,0,unknown,0,young
management,married,tertiary,no,160,yes,no,cellular,30,jul,4,-1,0,unknown,0,young
services,married,secondary,no,1872,yes,no,unknown,18,jun,3,-1,0,unknown,0,older
self-employed,married,primary,no,1750,no,yes,unknown,20,jun,5,-1,0,unknown,0,older
self-employed,married,tertiary,no,488,no,no,cellular,20,aug,12,-1,0,unknown,0,older
admin.,married,secondary,no,2,yes,no,unknown,9,may,1,-1,0,unknown,0,young
management,single,tertiary,no,1027,yes,no,cellular,14,may,1,-1,0,unknown,0,young
management,married,tertiary,no,527,no,no,cellular,4,nov,1,-1,0,unknown,0,young
admin.,divorced,secondary,no,2,yes,no,unknown,19,may,1,-1,0,unknown,0,older
self-employed,single,secondary,no,4,yes,no,unknown,23,may,2,-1,0,unknown,0,young
management,married,tertiary,no,2953,yes,yes,cellular,5,feb,1,-1,0,unknown,0,older
unemployed,single,tertiary,no,1311,no,no,cellular,28,aug,1,-1,0,unknown,1,young
blue-collar,married,primary,no,991,yes,no,cellular,14,may,2,-1,0,unknown,0,older
technician,married,secondary,no,351,yes,no,telephone,29,aug,2,-1,0,unknown,0,older
blue-collar,married,primary,no,0,no,no,unknown,13,may,2,-1,0,unknown,0,young
services,divorced,secondary,no,82,yes,no,cellular,10,jul,1,-1,0,unknown,0,young
entrepreneur,married,tertiary,no,193,yes,no,cellular,7,may,8,-1,0,unknown,0,older
technician,single,tertiary,no,0,no,no,unknown,1,jul,2,-1,0,unknown,1,young
blue-collar,single,secondary,no,525,yes,no,cellular,16,apr,1,332,1,failure,0,young
services,single,secondary,no,72,no,no,cellular,28,jul,9,-1,0,unknown,0,young
services,married,secondary,no,1445,no,no,cellular,21,nov,3,-1,0,unknown,0,older
management,single,tertiary,no,1696,yes,no,unknown,9,may,3,-1,0,unknown,0,older
management,married,tertiary,no,216,yes,no,cellular,23,jul,3,-1,0,unknown,0,young
technician,married,secondary,no,3228,no,no,cellular,21,nov,1,-1,0,unknown,0,older
technician,single,tertiary,no,1855,no,no,cellular,15,sep,2,134,1,other,1,young
blue-collar,married,secondary,no,-510,yes,no,unknown,30,may,1,-1,0,unknown,0,young
admin.,married,secondary,no,6205,no,no,cellular,6,may,2,-1,0,unknown,0,older
technician,married,tertiary,no,6138,no,no,unknown,20,jun,3,-1,0,unknown,0,older
unemployed,single,unknown,no,541,no,no,cellular,29,jan,1,-1,0,unknown,0,older
blue-collar,married,secondary,no,103,yes,yes,unknown,8,may,2,-1,0,unknown,0,young
technician,single,secondary,no,33,yes,no,cellular,13,may,3,351,10,failure,0,older
management,married,tertiary,no,193,yes,no,cellular,17,apr,1,-1,0,unknown,0,young
blue-collar,single,tertiary,no,2885,yes,no,unknown,20,jun,10,-1,0,unknown,1,young
blue-collar,married,secondary,no,1569,yes,no,cellular,8,may,4,-1,0,unknown,0,older
technician,married,tertiary,no,431,yes,no,cellular,5,may,1,328,1,failure,0,older
unemployed,divorced,secondary,no,354,yes,no,unknown,9,may,1,-1,0,unknown,0,young
housemaid,married,primary,no,1142,no,no,cellular,5,aug,2,-1,0,unknown,0,older
admin.,married,secondary,no,747,yes,yes,cellular,17,apr,2,-1,0,unknown,0,young
technician,single,secondary,no,52,no,yes,unknown,2,jul,3,-1,0,unknown,0,older
self-employed,married,secondary,no,-76,yes,no,unknown,27,may,2,-1,0,unknown,0,young
blue-collar,married,secondary,no,1268,yes,no,unknown,7,may,2,-1,0,unknown,0,older
technician,married,secondary,no,10685,yes,no,cellular,25,jul,9,-1,0,unknown,1,young
blue-collar,single,secondary,no,885,yes,no,unknown,29,may,7,-1,0,unknown,0,young
services,married,secondary,no,820,yes,no,cellular,2,feb,2,-1,0,unknown,0,older
unknown,married,tertiary,no,2450,no,no,unknown,9,jul,5,-1,0,unknown,0,older
management,divorced,tertiary,no,4231,yes,no,cellular,11,aug,2,-1,0,unknown,0,young
technician,married,secondary,no,556,yes,no,cellular,6,nov,2,80,2,success,1,young
technician,divorced,secondary,no,-26,yes,yes,cellular,19,nov,1,113,2,other,0,older
unemployed,married,primary,no,2290,yes,no,cellular,7,apr,1,-1,0,unknown,0,older
blue-collar,married,unknown,no,15578,yes,no,unknown,29,may,1,-1,0,unknown,0,older
blue-collar,married,primary,no,1301,no,no,cellular,11,aug,1,-1,0,unknown,0,older
management,married,tertiary,no,-323,yes,no,cellular,7,aug,2,-1,0,unknown,0,older
technician,single,tertiary,no,4071,no,no,cellular,30,jun,2,-1,0,unknown,1,young
blue-collar,single,secondary,no,567,yes,no,cellular,7,may,2,342,4,other,0,young
blue-collar,single,secondary,no,243,no,no,cellular,27,aug,10,-1,0,unknown,0,young
technician,married,unknown,no,-598,yes,no,unknown,28,may,4,-1,0,unknown,0,older
management,married,tertiary,no,8295,no,no,cellular,5,jun,1,-1,0,unknown,1,older
housemaid,married,secondary,no,0,no,no,telephone,27,oct,1,81,3,failure,0,older
blue-collar,married,secondary,no,6657,yes,no,cellular,19,aug,8,-1,0,unknown,0,older
unemployed,divorced,secondary,no,79,yes,no,unknown,1,mar,1,592,2,failure,0,older
blue-collar,married,secondary,no,500,yes,no,cellular,14,may,2,304,2,failure,0,older
blue-collar,married,primary,no,1287,yes,no,cellular,14,apr,2,-1,0,unknown,0,young
management,single,tertiary,no,178,yes,no,cellular,15,may,2,-1,0,unknown,0,young
services,married,unknown,no,4644,yes,no,telephone,18,nov,2,-1,0,unknown,0,young
services,married,secondary,no,3169,no,no,unknown,9,jun,1,-1,0,unknown,0,older
technician,married,tertiary,no,272,no,no,cellular,26,aug,2,-1,0,unknown,0,older
blue-collar,single,secondary,no,0,yes,no,cellular,26,jul,2,91,5,success,0,older
entrepreneur,married,secondary,no,0,yes,no,cellular,7,may,1,300,2,failure,0,older
housemaid,married,secondary,no,187,no,no,unknown,12,jun,1,-1,0,unknown,0,young
technician,single,secondary,no,1001,yes,yes,cellular,7,may,1,-1,0,unknown,0,young
retired,married,secondary,no,1420,yes,yes,unknown,6,jun,4,-1,0,unknown,0,older
blue-collar,married,secondary,no,322,yes,yes,cellular,9,feb,3,-1,0,unknown,0,young
blue-collar,married,primary,no,-219,yes,no,cellular,17,apr,1,-1,0,unknown,0,young
admin.,single,secondary,no,40,no,no,cellular,22,apr,2,-1,0,unknown,0,young
management,single,tertiary,no,1269,no,no,unknown,20,jun,7,-1,0,unknown,0,older
housemaid,single,secondary,no,1213,no,no,cellular,12,nov,1,-1,0,unknown,1,older
self-employed,single,tertiary,no,44,no,no,cellular,7,sep,2,96,2,other,0,young
blue-collar,married,unknown,no,2952,yes,no,unknown,12,jun,2,-1,0,unknown,0,young
blue-collar,married,primary,no,-406,no,yes,telephone,8,jul,5,-1,0,unknown,0,older
self-employed,married,secondary,no,167,yes,yes,cellular,17,jul,1,-1,0,unknown,0,young
blue-collar,married,secondary,no,249,yes,yes,unknown,5,jun,3,-1,0,unknown,0,older
services,married,secondary,no,71,yes,no,cellular,17,jul,2,-1,0,unknown,0,young
services,married,secondary,no,2678,no,no,cellular,25,mar,1,-1,0,unknown,1,young
technician,single,secondary,no,410,yes,no,unknown,30,may,4,-1,0,unknown,1,older
technician,single,secondary,no,177,yes,no,unknown,23,may,1,-1,0,unknown,0,young
admin.,single,secondary,no,1,yes,no,cellular,9,feb,7,280,1,other,0,young
technician,married,secondary,no,7984,yes,no,cellular,2,feb,1,-1,0,unknown,0,older
admin.,single,secondary,no,985,yes,yes,cellular,11,may,7,325,19,failure,0,older
management,single,tertiary,no,2187,yes,no,cellular,4,may,5,-1,0,unknown,0,young
management,married,tertiary,no,2657,yes,no,cellular,11,aug,3,-1,0,unknown,0,young
management,married,tertiary,no,4119,yes,yes,telephone,21,nov,1,-1,0,unknown,1,older
technician,married,secondary,no,485,no,no,cellular,26,aug,14,-1,0,unknown,0,young
blue-collar,married,primary,no,209,no,yes,unknown,17,nov,1,-1,0,unknown,0,older
blue-collar,married,secondary,no,3060,yes,no,cellular,20,apr,2,151,3,failure,0,older
technician,single,secondary,no,3382,no,no,cellular,24,jul,5,-1,0,unknown,0,young
management,married,tertiary,no,666,yes,no,cellular,7,jul,6,-1,0,unknown,0,older
technician,married,secondary,no,346,yes,yes,cellular,24,jul,1,-1,0,unknown,0,young
blue-collar,married,primary,no,0,yes,no,cellular,31,jul,25,-1,0,unknown,0,older
unemployed,married,secondary,no,16,yes,yes,cellular,17,nov,2,-1,0,unknown,0,young
self-employed,married,tertiary,no,2235,no,no,cellular,21,nov,3,-1,0,unknown,0,older
admin.,married,secondary,no,0,no,no,telephone,29,jul,2,-1,0,unknown,0,older
management,married,tertiary,no,1227,no,no,cellular,22,aug,4,-1,0,unknown,1,older
admin.,single,secondary,no,1927,yes,no,cellular,18,nov,1,137,1,other,0,young
self-employed,married,tertiary,no,174,yes,no,cellular,3,feb,3,-1,0,unknown,0,young
management,married,unknown,no,264,no,no,telephone,1,feb,1,-1,0,unknown,1,older
admin.,married,secondary,no,1675,no,yes,cellular,7,aug,2,-1,0,unknown,0,older
management,married,tertiary,no,11265,no,no,unknown,18,jun,1,-1,0,unknown,0,young
management,married,tertiary,no,171,yes,no,cellular,8,aug,6,-1,0,unknown,0,older
blue-collar,married,primary,no,4354,yes,no,cellular,22,aug,7,-1,0,unknown,0,older
management,married,primary,no,2345,yes,no,cellular,15,may,1,-1,0,unknown,0,older
self-employed,single,tertiary,no,3950,yes,no,unknown,30,may,2,-1,0,unknown,0,older
management,married,tertiary,no,55,yes,no,cellular,2,jun,2,-1,0,unknown,0,older
technician,married,secondary,no,0,no,no,cellular,13,aug,2,188,1,success,0,older
blue-collar,married,primary,no,119,no,no,cellular,29,jan,1,-1,0,unknown,0,older
blue-collar,married,primary,no,1704,yes,no,cellular,9,apr,2,-1,0,unknown,0,older
retired,married,secondary,no,78,yes,no,unknown,12,may,3,-1,0,unknown,0,older
management,single,tertiary,no,522,no,no,telephone,29,mar,4,-1,0,unknown,0,young
technician,divorced,secondary,no,152,no,no,cellular,13,aug,6,-1,0,unknown,1,older
services,single,secondary,no,469,no,yes,cellular,2,feb,1,-1,0,unknown,0,young
admin.,married,secondary,no,304,no,no,cellular,18,mar,1,-1,0,unknown,1,young
admin.,single,tertiary,no,-396,yes,no,unknown,9,may,2,-1,0,unknown,0,young
retired,divorced,tertiary,no,4,yes,no,unknown,2,jun,2,-1,0,unknown,0,older
unemployed,single,secondary,no,340,no,no,cellular,28,jan,1,-1,0,unknown,0,young
technician,divorced,secondary,no,88,no,no,cellular,29,aug,2,-1,0,unknown,0,older
blue-collar,married,secondary,no,270,yes,yes,unknown,6,may,1,-1,0,unknown,0,young
technician,single,secondary,no,330,no,no,cellular,6,aug,3,-1,0,unknown,0,older
blue-collar,single,tertiary,no,172,yes,no,cellular,1,apr,1,-1,0,unknown,1,young
blue-collar,married,secondary,no,2054,yes,no,cellular,6,aug,2,-1,0,unknown,0,older
technician,married,secondary,no,11,yes,no,telephone,1,sep,1,-1,0,unknown,0,older
management,married,tertiary,no,269,yes,no,cellular,15,jul,2,-1,0,unknown,0,older
admin.,divorced,secondary,no,420,yes,no,telephone,6,feb,2,-1,0,unknown,0,young
technician,single,tertiary,no,-554,yes,yes,cellular,31,jul,3,-1,0,unknown,0,young
blue-collar,married,secondary,no,-308,yes,no,cellular,13,may,4,310,11,failure,0,young
management,single,tertiary,no,1509,no,no,cellular,12,may,1,58,3,failure,0,young
self-employed,married,primary,no,771,yes,no,unknown,14,may,1,-1,0,unknown,0,young
blue-collar,married,secondary,no,2627,yes,no,unknown,18,jun,1,-1,0,unknown,0,young
self-employed,single,tertiary,no,805,no,no,cellular,16,feb,1,-1,0,unknown,1,young
management,divorced,tertiary,no,-125,no,yes,cellular,8,aug,2,-1,0,unknown,0,older
services,married,secondary,no,96,yes,no,cellular,5,may,3,340,2,failure,0,older
blue-collar,single,secondary,no,1429,yes,no,unknown,29,may,3,-1,0,unknown,0,young
technician,married,secondary,no,750,yes,no,unknown,27,may,2,-1,0,unknown,0,young
services,single,secondary,no,5806,yes,no,cellular,20,nov,2,-1,0,unknown,1,young
admin.,married,secondary,no,0,yes,no,cellular,8,may,2,-1,0,unknown,0,young
management,married,secondary,no,231,no,yes,cellular,4,aug,1,-1,0,unknown,0,older
entrepreneur,divorced,tertiary,no,3407,no,no,cellular,9,jun,4,85,4,success,1,young
admin.,married,secondary,no,15,yes,no,unknown,9,may,1,-1,0,unknown,0,young
management,married,tertiary,no,79,no,no,cellular,7,aug,2,-1,0,unknown,0,older
management,single,tertiary,no,593,yes,no,cellular,13,may,3,-1,0,unknown,0,young
blue-collar,married,primary,no,481,yes,no,cellular,20,apr,3,347,1,failure,0,young
blue-collar,married,secondary,no,1786,no,no,cellular,10,jul,1,-1,0,unknown,0,young
management,married,tertiary,no,2417,yes,no,cellular,7,may,2,-1,0,unknown,0,young
services,divorced,secondary,no,490,yes,no,cellular,2,feb,1,-1,0,unknown,0,young
admin.,married,unknown,no,2033,no,no,cellular,24,feb,2,86,5,failure,0,older
services,single,secondary,no,1063,yes,yes,cellular,16,apr,1,-1,0,unknown,0,young
management,divorced,tertiary,no,88,no,no,cellular,2,feb,1,-1,0,unknown,0,young
unemployed,married,secondary,no,533,yes,no,unknown,6,may,1,-1,0,unknown,0,young
technician,married,secondary,no,530,no,no,cellular,18,nov,1,-1,0,unknown,0,older
management,single,tertiary,no,968,yes,no,cellular,22,aug,6,-1,0,unknown,0,young
blue-collar,single,secondary,no,3792,no,no,cellular,22,apr,2,-1,0,unknown,1,young
technician,single,tertiary,no,11,no,no,unknown,18,jun,3,-1,0,unknown,0,young
technician,married,secondary,no,0,yes,yes,cellular,25,jul,2,-1,0,unknown,0,young
admin.,single,tertiary,no,980,no,no,cellular,11,nov,4,104,7,failure,0,young
admin.,married,secondary,no,1265,yes,yes,cellular,20,apr,2,-1,0,unknown,0,older
management,single,tertiary,no,7443,no,no,telephone,19,jun,5,211,2,failure,1,older
blue-collar,single,primary,no,0,yes,no,cellular,23,jul,1,-1,0,unknown,0,young
management,married,tertiary,no,1402,yes,no,cellular,17,nov,1,-1,0,unknown,0,older
admin.,married,secondary,no,351,yes,no,unknown,5,may,1,-1,0,unknown,0,older
technician,divorced,secondary,no,329,yes,no,unknown,28,may,5,-1,0,unknown,0,older
blue-collar,married,secondary,no,1161,yes,yes,unknown,16,may,8,-1,0,unknown,0,young
services,single,tertiary,no,88,no,no,cellular,26,feb,1,-1,0,unknown,0,young
self-employed,married,tertiary,no,263,no,no,cellular,14,aug,1,102,2,failure,0,young
management,married,secondary,no,2071,no,no,cellular,4,jun,1,-1,0,unknown,1,young
technician,married,secondary,no,-257,no,no,cellular,8,jul,26,-1,0,unknown,0,young
admin.,divorced,primary,no,987,no,no,unknown,16,jun,2,-1,0,unknown,0,older
technician,married,secondary,no,0,no,no,telephone,30,apr,3,84,3,success,1,older
management,married,tertiary,no,1464,no,no,cellular,30,jun,1,-1,0,unknown,1,older
blue-collar,married,primary,no,655,yes,yes,cellular,31,jul,3,-1,0,unknown,0,older
blue-collar,married,secondary,no,2643,yes,no,cellular,2,apr,3,330,1,other,0,young
technician,married,secondary,no,42,no,no,cellular,28,aug,3,-1,0,unknown,0,young
management,married,tertiary,no,2333,no,no,cellular,4,may,1,-1,0,unknown,1,older
management,married,primary,no,142,yes,no,unknown,12,may,1,-1,0,unknown,0,young
student,single,secondary,no,2138,yes,no,cellular,15,may,8,371,1,other,0,young
unknown,married,primary,no,808,no,no,unknown,5,jun,2,-1,0,unknown,0,young
management,single,secondary,no,399,yes,no,cellular,11,aug,4,-1,0,unknown,0,young
unemployed,married,secondary,no,94,no,no,cellular,10,feb,1,92,13,success,1,older
technician,married,secondary,no,63,no,no,cellular,20,aug,4,-1,0,unknown,0,young
technician,married,secondary,no,0,yes,no,cellular,18,nov,1,179,6,failure,0,young
management,married,tertiary,no,603,yes,no,cellular,5,nov,5,-1,0,unknown,0,older
blue-collar,single,primary,no,1322,yes,yes,cellular,8,jul,1,-1,0,unknown,0,older
management,single,tertiary,no,-328,yes,no,telephone,2,feb,2,-1,0,unknown,0,young
admin.,married,secondary,no,519,yes,no,telephone,6,may,1,-1,0,unknown,0,young
student,single,secondary,no,381,no,no,cellular,12,feb,1,-1,0,unknown,1,young
admin.,married,secondary,no,-1049,yes,no,unknown,20,jun,2,-1,0,unknown,0,young
blue-collar,married,secondary,no,1664,yes,no,telephone,20,oct,1,-1,0,unknown,1,young
technician,married,secondary,no,0,no,no,cellular,29,jan,3,-1,0,unknown,0,young
blue-collar,divorced,secondary,no,-154,no,no,cellular,9,jul,1,-1,0,unknown,0,young
blue-collar,married,secondary,no,273,no,no,unknown,12,jun,1,-1,0,unknown,0,older
blue-collar,single,secondary,no,3344,yes,no,cellular,13,may,1,352,5,failure,0,young
self-employed,divorced,tertiary,no,1077,no,no,cellular,19,nov,1,-1,0,unknown,0,young
management,married,tertiary,no,12356,yes,no,cellular,26,may,1,551,5,other,1,older
admin.,married,secondary,no,-790,yes,no,cellular,22,jul,4,-1,0,unknown,0,young
housemaid,married,secondary,no,3923,yes,no,cellular,20,nov,8,190,3,success,0,older
technician,divorced,tertiary,no,2517,no,no,cellular,27,aug,17,-1,0,unknown,0,older
technician,married,tertiary,no,-1,no,no,cellular,8,aug,4,-1,0,unknown,0,young
technician,married,secondary,no,485,no,no,cellular,26,aug,14,-1,0,unknown,0,young
admin.,married,secondary,no,541,yes,no,unknown,5,jun,4,-1,0,unknown,0,young
technician,married,secondary,no,1940,no,no,cellular,27,aug,10,-1,0,unknown,0,young
entrepreneur,married,secondary,no,1996,yes,no,cellular,15,may,2,178,1,failure,0,young
technician,married,secondary,no,1818,no,yes,cellular,17,nov,2,111,4,failure,0,older
services,married,secondary,no,-119,yes,no,cellular,15,may,2,297,3,failure,0,older
admin.,divorced,secondary,no,0,yes,no,cellular,5,may,1,344,1,failure,0,older
technician,married,secondary,no,1,yes,no,unknown,24,jun,5,-1,0,unknown,0,young
management,single,tertiary,no,474,yes,yes,cellular,29,jan,1,-1,0,unknown,0,young
management,married,secondary,no,11,yes,no,cellular,4,may,3,-1,0,unknown,0,young
technician,married,tertiary,no,0,no,no,cellular,22,aug,2,-1,0,unknown,0,older
services,married,secondary,no,0,yes,no,unknown,7,may,2,-1,0,unknown,0,young
management,single,tertiary,no,2576,yes,yes,cellular,6,may,3,273,4,failure,0,young
admin.,married,secondary,no,323,yes,yes,cellular,12,may,3,369,2,failure,0,older
management,married,tertiary,no,787,no,no,cellular,20,nov,1,-1,0,unknown,0,young
technician,married,secondary,no,1308,yes,no,cellular,21,nov,3,-1,0,unknown,0,young
management,single,secondary,no,0,no,no,cellular,18,aug,7,-1,0,unknown,0,young
management,single,tertiary,no,0,no,no,unknown,16,may,1,-1,0,unknown,0,young
blue-collar,married,secondary,no,684,yes,yes,unknown,12,may,1,-1,0,unknown,0,older
admin.,single,tertiary,no,146,no,no,cellular,23,jul,3,-1,0,unknown,1,young
technician,married,secondary,no,439,yes,no,cellular,12,may,1,-1,0,unknown,0,young
technician,single,secondary,no,2017,yes,no,cellular,28,jan,1,244,1,other,0,young
services,divorced,unknown,no,973,no,no,cellular,27,may,1,479,1,failure,1,older
blue-collar,married,secondary,no,2338,yes,no,cellular,4,feb,1,-1,0,unknown,0,older
blue-collar,married,primary,no,1086,no,no,cellular,7,jul,5,-1,0,unknown,0,older
retired,married,primary,no,219,no,no,cellular,29,aug,2,-1,0,unknown,0,older
blue-collar,married,secondary,no,736,yes,no,unknown,23,may,3,-1,0,unknown,0,young
admin.,single,secondary,no,2790,yes,no,cellular,7,may,1,336,1,failure,0,older
retired,married,primary,no,243,no,no,cellular,27,jan,1,92,1,success,1,older
entrepreneur,married,tertiary,no,105,yes,no,unknown,28,may,2,-1,0,unknown,0,young
management,married,tertiary,no,1161,no,no,cellular,11,aug,5,-1,0,unknown,0,older
services,married,secondary,no,395,no,no,cellular,25,jul,3,-1,0,unknown,0,young
technician,married,secondary,no,950,yes,no,cellular,8,may,1,303,1,failure,0,older
management,married,tertiary,no,-495,no,yes,cellular,29,jul,2,-1,0,unknown,0,young
services,single,secondary,no,725,yes,no,unknown,16,jun,4,-1,0,unknown,0,older
technician,single,secondary,no,639,yes,no,cellular,16,apr,1,314,5,success,0,young
technician,married,secondary,no,5287,yes,yes,cellular,19,nov,4,100,2,failure,0,young
technician,married,secondary,no,0,yes,no,cellular,6,apr,1,-1,0,unknown,0,young
services,married,secondary,no,372,no,no,cellular,4,feb,1,-1,0,unknown,0,young
blue-collar,single,secondary,no,0,yes,no,cellular,16,apr,1,-1,0,unknown,0,young
blue-collar,married,primary,no,223,yes,no,unknown,7,may,3,-1,0,unknown,0,older
technician,married,secondary,no,-1041,yes,yes,cellular,18,aug,4,-1,0,unknown,0,young
blue-collar,married,secondary,no,-253,no,no,unknown,25,jun,1,-1,0,unknown,0,older
technician,divorced,secondary,no,1013,no,no,cellular,15,sep,1,92,3,failure,1,older
entrepreneur,single,secondary,no,265,yes,no,unknown,28,may,1,-1,0,unknown,0,young
management,single,tertiary,no,1026,no,no,cellular,12,nov,1,92,1,other,1,young
unemployed,married,secondary,no,0,no,no,cellular,31,jul,14,-1,0,unknown,0,older
blue-collar,married,secondary,no,4900,yes,no,telephone,31,jul,2,-1,0,unknown,0,older
unemployed,married,secondary,no,123,no,no,cellular,4,aug,2,-1,0,unknown,0,older
blue-collar,married,primary,no,356,yes,yes,unknown,20,may,2,-1,0,unknown,0,young
blue-collar,single,primary,no,18,yes,yes,cellular,6,may,1,-1,0,unknown,0,young
technician,married,secondary,no,318,yes,no,cellular,14,may,4,342,14,other,0,young
unemployed,married,primary,no,1617,no,no,telephone,3,feb,1,-1,0,unknown,0,older
management,single,tertiary,no,154,no,yes,cellular,9,jul,1,-1,0,unknown,0,young
unemployed,single,secondary,no,1214,no,no,cellular,4,feb,1,-1,0,unknown,1,young
student,single,secondary,no,217,yes,no,cellular,15,may,2,372,1,failure,0,young
self-employed,married,secondary,no,534,yes,no,cellular,2,feb,1,188,4,failure,0,older
technician,married,secondary,no,272,no,yes,telephone,22,jul,1,-1,0,unknown,0,older
management,married,tertiary,no,0,yes,no,cellular,18,nov,1,-1,0,unknown,0,young
technician,divorced,tertiary,yes,-1014,no,yes,cellular,7,jul,1,-1,0,unknown,0,older
management,married,primary,no,1744,no,no,unknown,9,jun,1,-1,0,unknown,0,older
management,married,tertiary,yes,-1176,yes,yes,cellular,31,jul,1,-1,0,unknown,0,older
technician,married,secondary,no,1270,no,no,cellular,17,apr,2,-1,0,unknown,0,young
admin.,married,secondary,no,1,yes,no,cellular,24,jul,4,-1,0,unknown,0,young
retired,divorced,tertiary,no,2131,no,no,cellular,10,jul,6,-1,0,unknown,0,older
student,single,unknown,no,145,no,no,cellular,5,feb,3,175,1,failure,0,young
blue-collar,single,primary,no,3751,no,no,unknown,16,jun,1,-1,0,unknown,0,young
retired,married,primary,no,343,no,no,telephone,5,feb,2,-1,0,unknown,0,older
blue-collar,married,primary,no,216,yes,no,cellular,17,apr,3,274,3,failure,0,older
blue-collar,divorced,secondary,no,640,yes,no,cellular,11,may,2,-1,0,unknown,0,older
blue-collar,married,secondary,no,3068,yes,yes,cellular,11,may,2,-1,0,unknown,0,older
services,divorced,secondary,no,-194,no,no,cellular,25,jul,2,-1,0,unknown,0,young
blue-collar,married,primary,no,7073,no,no,cellular,26,aug,6,-1,0,unknown,0,older
services,single,secondary,no,260,no,no,unknown,6,jun,1,-1,0,unknown,0,older
services,married,secondary,no,-45,yes,yes,cellular,3,feb,3,-1,0,unknown,0,older
management,married,tertiary,no,1348,no,yes,cellular,17,jul,3,-1,0,unknown,0,older
admin.,married,secondary,no,-367,yes,no,cellular,16,apr,2,-1,0,unknown,0,young
management,divorced,tertiary,no,851,no,yes,unknown,23,may,3,-1,0,unknown,0,older
technician,married,secondary,no,284,no,no,cellular,1,jun,1,-1,0,unknown,1,older
unemployed,married,primary,no,157,yes,no,cellular,2,feb,2,-1,0,unknown,0,older
retired,married,secondary,no,303,yes,no,unknown,6,may,2,-1,0,unknown,0,older
blue-collar,married,secondary,no,0,yes,yes,cellular,10,jul,1,-1,0,unknown,1,young
housemaid,single,primary,no,80,no,no,cellular,5,feb,2,-1,0,unknown,0,older
technician,single,secondary,yes,-454,no,yes,cellular,18,jul,2,-1,0,unknown,0,young
management,single,tertiary,no,339,no,no,cellular,21,nov,6,-1,0,unknown,0,young
housemaid,married,primary,no,1146,yes,no,telephone,10,jul,1,-1,0,unknown,0,young
services,married,secondary,no,27,yes,yes,cellular,5,may,2,278,3,failure,0,young
blue-collar,married,secondary,no,1495,yes,no,cellular,12,may,1,-1,0,unknown,0,older
technician,single,tertiary,no,0,yes,no,cellular,21,nov,1,-1,0,unknown,1,young
management,married,secondary,no,844,no,no,cellular,9,feb,7,-1,0,unknown,0,young
admin.,divorced,secondary,no,112,yes,no,unknown,19,may,1,-1,0,unknown,0,young
technician,married,tertiary,no,4455,no,no,telephone,14,aug,4,-1,0,unknown,0,older
management,divorced,tertiary,no,5009,yes,no,cellular,18,nov,1,126,2,failure,0,young
technician,single,tertiary,no,285,no,no,cellular,19,aug,2,-1,0,unknown,0,young
blue-collar,married,unknown,no,-923,yes,no,telephone,31,jul,9,-1,0,unknown,0,young
technician,married,secondary,no,195,yes,no,cellular,18,nov,1,194,2,failure,0,young
blue-collar,married,primary,no,507,yes,no,unknown,16,may,1,-1,0,unknown,0,young
blue-collar,married,secondary,no,647,yes,no,cellular,17,apr,2,331,1,other,0,young
management,single,tertiary,no,334,yes,no,unknown,14,may,4,-1,0,unknown,0,young
entrepreneur,married,primary,no,0,no,no,cellular,25,may,1,-1,0,unknown,0,young
blue-collar,married,secondary,no,-84,no,yes,cellular,15,jul,4,-1,0,unknown,0,young
management,married,tertiary,no,877,no,no,cellular,9,sep,1,92,8,success,1,young
management,married,tertiary,no,7177,no,no,unknown,19,jun,2,-1,0,unknown,0,older
technician,single,tertiary,no,4665,yes,no,unknown,21,may,2,-1,0,unknown,1,young
services,married,secondary,no,1279,yes,no,unknown,16,jun,5,-1,0,unknown,0,young
technician,married,secondary,no,1610,no,no,unknown,16,jun,2,-1,0,unknown,0,young
services,single,secondary,no,159,yes,no,telephone,12,may,2,-1,0,unknown,0,young
student,single,secondary,no,29,no,no,cellular,14,sep,2,-1,0,unknown,0,young
blue-collar,married,secondary,no,88,yes,no,unknown,9,may,2,-1,0,unknown,0,young
services,single,secondary,no,-565,yes,no,unknown,4,jun,1,-1,0,unknown,0,young
blue-collar,single,secondary,no,199,no,no,telephone,30,apr,1,-1,0,unknown,0,young
technician,single,secondary,no,310,no,no,cellular,21,aug,2,-1,0,unknown,0,young
blue-collar,single,secondary,no,972,yes,no,unknown,20,may,10,-1,0,unknown,0,young
technician,married,secondary,no,46,yes,yes,unknown,3,jul,1,-1,0,unknown,0,young
management,single,tertiary,no,3625,yes,no,cellular,19,nov,1,180,2,failure,0,young
blue-collar,single,primary,no,-10,no,yes,cellular,4,feb,1,-1,0,unknown,0,young
blue-collar,married,primary,no,2642,no,no,cellular,13,aug,2,-1,0,unknown,0,older
technician,married,secondary,no,2313,yes,no,cellular,8,may,3,364,2,failure,0,older
services,single,primary,no,471,yes,no,unknown,21,may,1,-1,0,unknown,0,young
retired,married,primary,no,8729,no,no,cellular,30,oct,1,-1,0,unknown,1,older
management,married,tertiary,no,1102,no,no,cellular,24,jul,1,-1,0,unknown,0,older
housemaid,married,primary,yes,0,no,no,cellular,25,jul,1,-1,0,unknown,0,young
retired,married,secondary,no,168,no,no,cellular,19,aug,2,-1,0,unknown,0,older
management,married,primary,no,3953,yes,no,cellular,6,apr,2,138,1,failure,0,young
blue-collar,single,secondary,no,329,no,no,cellular,6,sep,1,145,2,other,1,young
technician,single,secondary,no,156,yes,no,unknown,27,may,5,-1,0,unknown,0,young
entrepreneur,single,tertiary,no,247,yes,yes,unknown,2,jun,1,-1,0,unknown,0,young
admin.,single,secondary,no,1544,yes,no,telephone,30,jun,1,450,2,failure,1,older
services,married,secondary,no,889,yes,no,cellular,16,jul,7,-1,0,unknown,0,young
technician,divorced,secondary,no,689,no,no,cellular,20,aug,2,-1,0,unknown,0,older
blue-collar,single,secondary,yes,239,yes,no,unknown,21,may,1,-1,0,unknown,1,young
blue-collar,single,secondary,no,507,yes,no,cellular,22,may,1,-1,0,unknown,0,young
management,married,secondary,no,13578,yes,no,cellular,21,nov,2,-1,0,unknown,0,young
technician,married,unknown,no,1938,no,no,cellular,28,jan,1,-1,0,unknown,0,older
services,married,secondary,no,650,yes,no,cellular,7,jul,5,-1,0,unknown,0,older
blue-collar,married,primary,no,493,no,no,cellular,18,aug,4,-1,0,unknown,1,older
admin.,divorced,secondary,no,92,yes,no,unknown,5,may,1,-1,0,unknown,0,older
retired,married,secondary,no,1554,no,no,unknown,5,jun,1,-1,0,unknown,0,older
management,married,tertiary,no,1330,yes,no,unknown,13,may,1,-1,0,unknown,0,young
management,single,tertiary,no,4319,yes,no,cellular,29,apr,4,161,1,failure,0,young
management,married,tertiary,no,1,no,no,cellular,22,aug,4,-1,0,unknown,0,older
admin.,married,primary,no,204,no,no,cellular,19,aug,2,-1,0,unknown,0,older
admin.,divorced,secondary,no,-254,yes,no,cellular,15,may,2,-1,0,unknown,0,young
services,single,secondary,no,1347,no,no,telephone,11,oct,2,108,14,other,0,young
blue-collar,single,secondary,no,677,yes,no,cellular,17,nov,1,171,5,other,0,young
blue-collar,married,secondary,no,5611,yes,no,unknown,3,jun,2,-1,0,unknown,0,young
management,single,tertiary,no,156,no,no,cellular,22,aug,1,-1,0,unknown,0,young
technician,married,secondary,no,33,yes,no,cellular,18,may,2,-1,0,unknown,0,young
management,single,secondary,no,202,yes,no,cellular,7,may,1,-1,0,unknown,0,young
services,married,primary,no,4903,yes,no,cellular,18,may,1,180,2,failure,0,older
unemployed,married,tertiary,no,1364,no,no,cellular,11,aug,4,-1,0,unknown,0,young
management,divorced,tertiary,no,0,yes,no,unknown,7,may,3,-1,0,unknown,0,young
management,married,primary,no,535,yes,no,telephone,5,may,6,-1,0,unknown,0,young
management,single,tertiary,no,390,no,no,cellular,29,sep,1,232,4,success,1,young
technician,single,secondary,no,1231,yes,no,cellular,3,jun,2,96,5,success,1,young
management,married,tertiary,no,1870,yes,no,cellular,24,jun,1,386,1,failure,0,young
management,single,tertiary,no,0,no,no,cellular,27,aug,3,-1,0,unknown,0,young
entrepreneur,married,tertiary,no,651,yes,yes,cellular,22,jul,2,-1,0,unknown,0,older
retired,single,tertiary,no,842,no,no,cellular,13,aug,3,-1,0,unknown,1,older
blue-collar,married,secondary,no,652,no,yes,unknown,1,jul,3,-1,0,unknown,0,young
blue-collar,married,primary,no,-191,yes,yes,cellular,9,jul,4,-1,0,unknown,1,young
blue-collar,married,secondary,no,399,no,yes,cellular,20,nov,2,-1,0,unknown,0,young
blue-collar,married,secondary,no,3269,yes,yes,cellular,14,may,2,-1,0,unknown,0,young
blue-collar,married,secondary,no,187,no,yes,cellular,21,jul,1,-1,0,unknown,0,young
management,single,tertiary,no,1650,yes,no,unknown,12,oct,1,-1,0,unknown,0,young
blue-collar,married,secondary,no,0,yes,no,cellular,24,jul,1,-1,0,unknown,0,young
self-employed,married,secondary,no,1006,yes,no,cellular,21,nov,2,-1,0,unknown,0,young
management,married,secondary,no,10273,no,no,cellular,7,aug,2,-1,0,unknown,0,older
unknown,married,primary,no,526,no,no,unknown,26,may,3,-1,0,unknown,0,older
admin.,married,secondary,no,241,no,no,cellular,7,dec,2,-1,0,unknown,1,older
blue-collar,single,primary,no,52,yes,no,unknown,24,jun,2,-1,0,unknown,1,young
technician,single,secondary,no,930,no,no,cellular,2,jul,1,-1,0,unknown,1,young
management,single,tertiary,no,869,no,no,cellular,29,jan,2,-1,0,unknown,0,older
blue-collar,divorced,primary,yes,78,yes,no,cellular,7,may,2,-1,0,unknown,0,older
services,single,secondary,no,695,no,no,unknown,3,jul,1,-1,0,unknown,0,young
management,single,tertiary,no,-350,no,no,telephone,3,feb,4,6,1,other,0,older
blue-collar,single,secondary,no,-167,yes,no,unknown,4,jun,1,-1,0,unknown,0,young
management,married,tertiary,no,937,no,no,cellular,16,apr,4,-1,0,unknown,1,young
services,single,secondary,no,1547,yes,no,cellular,12,may,2,173,1,success,0,young
housemaid,divorced,primary,no,1194,no,no,unknown,18,jun,3,-1,0,unknown,0,older
housemaid,married,secondary,no,3812,no,no,unknown,9,jun,2,-1,0,unknown,0,older
blue-collar,divorced,primary,no,608,yes,no,unknown,17,jun,4,-1,0,unknown,0,older
technician,single,tertiary,no,-41,no,yes,cellular,25,aug,15,-1,0,unknown,0,young
blue-collar,married,primary,no,53,yes,no,cellular,18,nov,1,-1,0,unknown,0,older
management,married,tertiary,no,223,yes,no,unknown,16,may,1,-1,0,unknown,0,older
services,married,secondary,no,204,yes,yes,unknown,20,may,3,-1,0,unknown,0,young
blue-collar,single,secondary,no,567,yes,no,cellular,7,may,2,342,4,other,0,young
technician,single,tertiary,no,1527,yes,no,cellular,9,feb,1,92,3,failure,0,young
self-employed,married,tertiary,no,0,yes,no,cellular,22,jul,2,-1,0,unknown,0,young
services,married,primary,no,432,no,no,cellular,8,aug,4,-1,0,unknown,0,older
blue-collar,married,primary,no,836,yes,no,telephone,21,nov,1,130,3,other,0,older
technician,married,tertiary,no,311,no,yes,cellular,8,aug,2,-1,0,unknown,0,young
technician,married,secondary,no,2983,no,no,cellular,3,dec,1,-1,0,unknown,1,young
retired,single,secondary,no,48,no,no,cellular,18,may,2,300,1,other,0,young
services,married,secondary,no,818,no,no,cellular,22,aug,1,-1,0,unknown,0,older
entrepreneur,married,tertiary,no,810,no,no,unknown,6,jun,1,-1,0,unknown,0,older
housemaid,married,primary,no,91,no,no,telephone,26,aug,3,-1,0,unknown,1,older
technician,married,secondary,no,883,no,no,telephone,3,feb,2,173,3,failure,0,young
entrepreneur,married,tertiary,no,13342,yes,no,cellular,18,nov,1,-1,0,unknown,0,older
blue-collar,married,primary,no,770,yes,no,unknown,20,jun,3,-1,0,unknown,0,older
admin.,single,secondary,no,375,yes,no,cellular,19,nov,3,-1,0,unknown,0,young
services,married,secondary,no,289,yes,no,cellular,2,feb,1,257,2,failure,0,young
blue-collar,divorced,secondary,no,2402,yes,no,unknown,19,may,1,-1,0,unknown,0,older
management,married,secondary,no,4,no,no,cellular,23,oct,4,-1,0,unknown,0,older
management,single,tertiary,no,741,no,no,cellular,11,aug,2,-1,0,unknown,0,young
services,divorced,secondary,no,5873,no,no,cellular,17,apr,1,344,2,failure,0,young
management,divorced,tertiary,no,5195,yes,no,unknown,2,jun,25,-1,0,unknown,0,young
retired,married,tertiary,no,1644,no,no,telephone,7,sep,4,-1,0,unknown,1,older
unemployed,single,primary,no,216,no,no,cellular,5,jun,3,-1,0,unknown,1,older
management,married,tertiary,no,3050,yes,no,cellular,13,may,1,-1,0,unknown,1,young
admin.,married,secondary,no,132,no,no,cellular,17,mar,1,-1,0,unknown,1,older
student,single,unknown,no,689,no,no,cellular,25,may,2,-1,0,unknown,1,young
management,single,tertiary,no,0,yes,no,cellular,5,may,1,342,7,failure,0,young
student,single,tertiary,no,795,no,no,cellular,26,may,1,-1,0,unknown,0,young
management,married,tertiary,no,4,no,no,cellular,17,nov,1,96,2,failure,0,older
retired,married,tertiary,no,3628,no,no,unknown,16,jun,2,-1,0,unknown,0,older
entrepreneur,single,tertiary,no,1410,yes,no,cellular,19,nov,1,189,8,failure,0,older
management,single,secondary,no,1981,no,no,cellular,10,jul,2,-1,0,unknown,0,young
housemaid,married,primary,no,0,no,no,cellular,28,aug,23,-1,0,unknown,0,older
admin.,single,tertiary,no,4254,yes,no,cellular,21,nov,1,-1,0,unknown,1,young
blue-collar,single,tertiary,no,567,no,no,cellular,25,may,1,-1,0,unknown,1,young
services,single,primary,no,92,yes,no,cellular,17,jul,11,-1,0,unknown,0,young
retired,married,secondary,no,3545,yes,no,unknown,14,may,2,-1,0,unknown,0,older
self-employed,married,tertiary,no,231,no,no,cellular,7,aug,2,-1,0,unknown,1,older
management,married,tertiary,no,46,yes,no,cellular,13,aug,2,-1,0,unknown,0,young
admin.,single,secondary,no,-118,no,no,cellular,15,may,1,-1,0,unknown,0,young
admin.,divorced,secondary,no,-611,yes,no,unknown,27,may,1,-1,0,unknown,0,young
unemployed,single,secondary,no,1333,no,no,cellular,2,feb,1,-1,0,unknown,0,young
self-employed,single,tertiary,no,0,yes,no,cellular,11,jul,2,-1,0,unknown,0,older
services,single,secondary,no,221,yes,no,cellular,15,may,1,-1,0,unknown,0,young
management,married,secondary,no,4056,no,no,cellular,18,nov,1,-1,0,unknown,0,young
technician,married,secondary,no,946,yes,no,unknown,21,may,2,-1,0,unknown,0,young
management,single,tertiary,no,2302,yes,no,cellular,13,aug,2,-1,0,unknown,0,young
retired,married,secondary,no,0,no,no,cellular,16,oct,2,-1,0,unknown,0,older
management,divorced,tertiary,no,2237,yes,no,cellular,8,may,3,322,2,failure,0,older
admin.,single,secondary,no,277,yes,no,cellular,12,may,2,363,1,failure,0,older
admin.,married,unknown,no,76,no,no,cellular,11,jul,2,-1,0,unknown,0,older
blue-collar,single,secondary,no,228,no,no,cellular,5,feb,1,365,1,failure,0,young
management,married,tertiary,no,70,no,no,cellular,20,aug,3,-1,0,unknown,0,older
management,married,tertiary,no,14530,yes,yes,telephone,29,jul,10,-1,0,unknown,0,older
admin.,married,secondary,no,1252,no,no,cellular,17,aug,4,-1,0,unknown,0,older
management,single,tertiary,no,-70,no,yes,cellular,29,jan,2,-1,0,unknown,0,young
entrepreneur,single,tertiary,no,3469,yes,no,cellular,20,nov,1,-1,0,unknown,1,older
blue-collar,married,secondary,no,1293,no,no,unknown,6,may,1,-1,0,unknown,0,young
blue-collar,divorced,primary,no,4882,yes,no,unknown,16,jun,2,-1,0,unknown,0,older
admin.,single,secondary,no,1027,yes,no,cellular,27,may,2,114,1,success,0,young
student,single,secondary,no,302,no,no,cellular,16,jul,1,-1,0,unknown,1,young
retired,divorced,tertiary,no,158,no,yes,cellular,21,jul,1,-1,0,unknown,1,older
admin.,married,primary,no,208,yes,no,cellular,17,apr,2,-1,0,unknown,0,older
management,married,tertiary,no,377,yes,no,unknown,5,may,1,-1,0,unknown,0,young
blue-collar,married,primary,no,0,no,no,cellular,26,aug,4,-1,0,unknown,0,older
admin.,married,secondary,no,1159,yes,no,cellular,14,apr,2,-1,0,unknown,0,older
blue-collar,single,primary,no,378,yes,no,cellular,18,may,1,-1,0,unknown,0,young
unemployed,divorced,secondary,no,522,no,no,cellular,7,apr,1,-1,0,unknown,0,older
management,single,secondary,no,20600,no,no,cellular,20,nov,1,-1,0,unknown,0,young
management,married,primary,no,3831,no,no,telephone,30,jul,4,-1,0,unknown,0,older
management,single,tertiary,yes,-3,yes,no,unknown,13,may,2,-1,0,unknown,0,young
blue-collar,married,tertiary,no,-35,no,no,cellular,20,nov,2,-1,0,unknown,1,young
management,single,tertiary,no,258,yes,no,cellular,29,aug,4,-1,0,unknown,0,young
management,married,tertiary,no,3,yes,no,cellular,31,jul,27,-1,0,unknown,0,young
admin.,married,secondary,no,-1,no,no,cellular,8,jul,2,-1,0,unknown,0,young
blue-collar,married,primary,no,257,no,no,cellular,8,aug,4,-1,0,unknown,0,older
services,married,secondary,no,446,yes,no,cellular,7,apr,3,140,2,failure,0,older
blue-collar,married,primary,no,-490,yes,yes,cellular,28,aug,10,-1,0,unknown,0,older
blue-collar,married,secondary,no,41,yes,no,unknown,19,may,1,-1,0,unknown,0,young
management,married,tertiary,no,5,yes,no,cellular,8,jul,1,-1,0,unknown,0,older
technician,married,tertiary,no,4580,yes,no,cellular,20,nov,2,189,2,success,0,older
blue-collar,single,secondary,no,376,yes,yes,unknown,6,may,3,-1,0,unknown,0,young
management,married,tertiary,no,272,yes,no,cellular,9,apr,1,325,1,other,0,young
self-employed,married,secondary,yes,34,no,yes,cellular,7,jul,1,-1,0,unknown,0,older
admin.,married,secondary,no,-366,yes,yes,unknown,3,jun,1,-1,0,unknown,0,young
management,single,tertiary,no,-70,no,yes,cellular,29,jan,2,-1,0,unknown,0,young
blue-collar,married,secondary,no,1779,yes,no,unknown,5,jun,2,-1,0,unknown,0,young
management,single,tertiary,no,4331,no,no,cellular,7,jul,1,-1,0,unknown,0,young
technician,single,secondary,no,307,yes,no,cellular,3,feb,1,-1,0,unknown,0,young
entrepreneur,divorced,secondary,no,335,yes,no,cellular,12,may,1,-1,0,unknown,1,older
unemployed,single,secondary,no,233,yes,no,cellular,8,may,8,365,4,failure,0,young
admin.,married,secondary,no,468,yes,no,unknown,16,may,1,-1,0,unknown,0,young
blue-collar,married,secondary,no,548,no,no,cellular,18,aug,7,-1,0,unknown,1,older
technician,married,secondary,no,-226,yes,no,cellular,11,jul,2,-1,0,unknown,0,older
self-employed,married,tertiary,no,2199,yes,no,unknown,13,may,1,-1,0,unknown,0,older
management,single,secondary,no,4642,yes,no,cellular,21,nov,1,-1,0,unknown,1,young
retired,married,secondary,no,273,no,no,cellular,26,aug,2,-1,0,unknown,0,older
blue-collar,married,primary,no,0,no,no,unknown,17,jun,2,-1,0,unknown,0,older
technician,married,secondary,no,381,yes,no,cellular,11,may,1,347,2,failure,0,young
technician,married,secondary,no,0,no,no,unknown,12,may,2,-1,0,unknown,0,young
technician,single,tertiary,no,1118,yes,no,unknown,4,jun,2,-1,0,unknown,0,young
entrepreneur,married,tertiary,no,-52,yes,no,unknown,14,may,4,-1,0,unknown,0,older
technician,married,secondary,no,12061,yes,no,unknown,13,may,1,-1,0,unknown,0,older
management,divorced,tertiary,no,-803,yes,no,cellular,7,aug,3,-1,0,unknown,0,older
services,married,secondary,no,0,no,no,cellular,11,jul,2,-1,0,unknown,0,older
admin.,married,tertiary,no,1209,no,no,cellular,31,jul,5,-1,0,unknown,0,young
technician,single,unknown,no,-213,yes,no,unknown,26,may,1,-1,0,unknown,0,older
self-employed,single,tertiary,no,82,no,yes,cellular,23,jul,1,-1,0,unknown,0,young
management,divorced,tertiary,no,69,yes,no,cellular,30,jul,2,-1,0,unknown,0,young
technician,married,secondary,no,1028,yes,no,cellular,9,jul,1,-1,0,unknown,0,older
housemaid,married,primary,no,1529,no,no,cellular,7,jul,6,-1,0,unknown,0,older
technician,single,secondary,no,17,no,no,cellular,28,aug,15,-1,0,unknown,0,young
management,married,tertiary,no,88,no,no,cellular,19,aug,4,-1,0,unknown,0,young
technician,single,secondary,no,84,yes,no,cellular,29,jul,3,-1,0,unknown,0,young
management,married,tertiary,no,-700,yes,no,unknown,14,may,1,-1,0,unknown,0,older
blue-collar,married,secondary,no,-271,yes,yes,unknown,26,may,2,-1,0,unknown,0,young
management,married,tertiary,no,2374,yes,yes,cellular,8,aug,2,-1,0,unknown,0,young
admin.,single,secondary,no,-45,yes,no,cellular,20,apr,1,325,2,other,0,young
entrepreneur,married,tertiary,no,83,yes,no,cellular,11,jul,2,-1,0,unknown,0,young
blue-collar,single,secondary,no,931,yes,no,unknown,30,may,7,-1,0,unknown,0,young
blue-collar,married,primary,no,-165,yes,no,cellular,20,aug,4,-1,0,unknown,0,older
management,married,tertiary,no,81,yes,no,cellular,29,oct,2,-1,0,unknown,1,young
management,divorced,tertiary,no,1757,no,no,cellular,26,aug,13,-1,0,unknown,0,older
management,married,tertiary,no,7867,yes,yes,unknown,30,may,3,-1,0,unknown,0,older
blue-collar,single,unknown,no,913,yes,no,unknown,27,may,2,-1,0,unknown,0,young
entrepreneur,married,tertiary,no,54,yes,yes,telephone,18,nov,1,-1,0,unknown,0,older
admin.,married,primary,no,0,yes,no,unknown,17,jun,1,-1,0,unknown,0,young
technician,single,secondary,no,433,no,no,cellular,11,aug,2,-1,0,unknown,0,young
services,married,secondary,no,184,yes,no,unknown,13,may,4,-1,0,unknown,0,young
services,married,secondary,no,5029,yes,yes,unknown,2,jun,2,-1,0,unknown,0,young
blue-collar,married,secondary,no,3266,yes,no,cellular,21,nov,1,-1,0,unknown,0,young
management,single,tertiary,no,73,no,no,cellular,25,aug,6,-1,0,unknown,0,young
blue-collar,single,secondary,no,0,yes,no,unknown,5,may,2,-1,0,unknown,0,young
housemaid,married,tertiary,yes,-1941,yes,no,unknown,16,jun,1,-1,0,unknown,0,young
admin.,divorced,secondary,no,627,yes,no,unknown,7,may,2,-1,0,unknown,0,young
admin.,married,secondary,no,1098,yes,no,unknown,23,may,2,-1,0,unknown,0,young
admin.,married,unknown,no,66,no,no,cellular,26,feb,1,203,1,success,0,older
management,married,secondary,no,501,no,no,cellular,6,aug,4,-1,0,unknown,0,older
blue-collar,married,primary,no,1280,yes,no,unknown,28,may,2,-1,0,unknown,0,young
technician,married,secondary,no,-158,yes,no,cellular,28,aug,7,-1,0,unknown,0,young
management,married,secondary,no,1736,yes,no,unknown,20,jun,1,-1,0,unknown,0,young
self-employed,married,secondary,no,311,yes,no,cellular,6,may,1,351,2,failure,0,young
management,married,tertiary,no,495,no,no,cellular,30,apr,1,87,1,failure,1,young
services,single,secondary,no,1659,yes,no,cellular,18,may,2,353,6,failure,0,young
admin.,married,secondary,no,262,yes,no,unknown,4,jun,3,-1,0,unknown,0,young
technician,single,tertiary,no,436,no,no,cellular,28,aug,8,-1,0,unknown,0,young
management,married,tertiary,no,314,yes,no,cellular,29,jan,1,-1,0,unknown,0,young
management,divorced,secondary,no,300,yes,no,cellular,20,nov,2,-1,0,unknown,1,older
services,divorced,secondary,no,78,yes,no,cellular,20,nov,2,-1,0,unknown,0,young
services,married,secondary,no,182,yes,no,telephone,13,may,3,-1,0,unknown,0,young
technician,single,unknown,no,694,yes,no,unknown,6,jun,2,-1,0,unknown,0,young
management,divorced,tertiary,no,42,yes,no,unknown,7,may,3,-1,0,unknown,0,young
services,married,secondary,no,371,yes,yes,cellular,17,apr,1,-1,0,unknown,0,young
services,single,secondary,no,361,no,no,telephone,7,jun,4,367,2,failure,0,young
self-employed,married,secondary,yes,9,no,no,cellular,21,aug,2,-1,0,unknown,0,young
services,married,secondary,no,1337,no,no,cellular,12,aug,2,104,1,success,1,young
technician,married,secondary,no,0,no,no,unknown,20,jun,2,-1,0,unknown,0,older
unemployed,married,secondary,no,142,yes,no,unknown,20,may,4,-1,0,unknown,0,young
technician,single,secondary,no,102,no,yes,cellular,8,jul,2,-1,0,unknown,1,young
technician,married,unknown,no,668,yes,no,cellular,31,jul,4,-1,0,unknown,0,older
management,married,tertiary,no,1260,no,yes,unknown,21,may,1,-1,0,unknown,0,young
services,married,secondary,no,421,yes,no,cellular,15,apr,2,-1,0,unknown,0,older
technician,single,secondary,no,539,yes,no,cellular,27,aug,2,477,1,failure,1,young
technician,married,secondary,no,599,no,no,cellular,19,nov,1,-1,0,unknown,0,young
services,divorced,secondary,no,1024,yes,no,unknown,26,may,6,-1,0,unknown,0,older
management,married,tertiary,no,2019,yes,no,cellular,13,may,1,-1,0,unknown,0,young
technician,married,secondary,no,293,no,no,cellular,1,jun,1,90,1,success,1,older
services,married,secondary,no,3241,yes,no,unknown,13,may,1,-1,0,unknown,0,older
management,single,tertiary,no,1632,yes,no,unknown,2,jun,2,-1,0,unknown,0,young
self-employed,married,tertiary,no,0,yes,no,cellular,22,jul,2,-1,0,unknown,0,young
admin.,single,secondary,no,543,yes,yes,cellular,18,may,1,349,5,other,0,young
management,married,tertiary,no,254,no,no,cellular,26,aug,6,-1,0,unknown,0,older
unemployed,married,primary,no,0,yes,no,cellular,2,feb,2,-1,0,unknown,0,older
technician,married,secondary,no,-153,no,yes,unknown,26,jun,1,-1,0,unknown,0,older
entrepreneur,divorced,tertiary,no,1192,no,no,cellular,29,jan,2,-1,0,unknown,0,young
technician,married,secondary,no,297,no,no,cellular,19,aug,4,-1,0,unknown,0,young
self-employed,divorced,tertiary,no,6447,no,no,cellular,12,jan,1,-1,0,unknown,0,young
services,married,secondary,no,908,yes,yes,cellular,28,jul,7,-1,0,unknown,0,older
admin.,married,secondary,no,434,no,no,cellular,26,aug,4,-1,0,unknown,0,older
blue-collar,married,secondary,no,1298,yes,no,unknown,29,may,4,-1,0,unknown,0,older
technician,married,secondary,no,533,no,no,unknown,5,jun,1,-1,0,unknown,0,older
technician,single,tertiary,no,2,yes,no,unknown,13,may,2,-1,0,unknown,0,young
management,married,tertiary,no,1147,no,no,cellular,2,jun,1,95,1,failure,1,older
retired,divorced,primary,no,643,yes,no,unknown,13,may,2,-1,0,unknown,0,older
technician,single,secondary,no,1183,yes,no,cellular,21,nov,3,185,2,failure,0,young
retired,married,secondary,no,3175,no,no,cellular,19,oct,2,-1,0,unknown,0,older
services,married,secondary,no,847,yes,no,unknown,2,jun,1,-1,0,unknown,0,young
services,single,secondary,no,7066,yes,no,cellular,15,may,3,357,3,other,1,young
technician,married,secondary,no,1865,yes,no,unknown,28,may,2,-1,0,unknown,0,older
services,married,secondary,no,642,no,no,cellular,31,jul,2,-1,0,unknown,0,older
admin.,married,secondary,no,262,yes,no,cellular,9,jul,1,-1,0,unknown,0,older
blue-collar,married,secondary,no,1782,yes,no,unknown,19,jun,1,-1,0,unknown,0,young
blue-collar,married,secondary,no,32,yes,no,unknown,20,may,2,-1,0,unknown,0,young
services,married,secondary,no,-759,yes,no,unknown,12,may,2,-1,0,unknown,0,young
technician,married,primary,no,819,yes,no,unknown,13,may,3,-1,0,unknown,0,young
management,single,tertiary,no,533,no,no,cellular,4,may,4,-1,0,unknown,1,young
management,married,tertiary,no,7387,no,no,telephone,17,nov,1,-1,0,unknown,0,older
management,married,secondary,no,-104,yes,no,unknown,9,jun,7,-1,0,unknown,0,young
technician,married,secondary,no,9064,no,no,cellular,7,aug,1,-1,0,unknown,1,older
management,single,tertiary,no,0,no,no,cellular,24,jul,1,-1,0,unknown,0,young
management,single,tertiary,no,1205,no,no,telephone,19,aug,20,-1,0,unknown,0,older
blue-collar,married,secondary,yes,20,yes,no,unknown,8,may,1,-1,0,unknown,0,young
technician,single,secondary,no,792,no,no,cellular,29,aug,2,-1,0,unknown,0,young
admin.,married,secondary,no,236,yes,yes,telephone,4,may,3,-1,0,unknown,0,young
technician,married,secondary,no,634,no,no,cellular,7,aug,2,-1,0,unknown,0,older
services,married,secondary,no,51,yes,yes,cellular,7,may,2,357,2,failure,0,young
services,single,secondary,no,32,no,no,unknown,18,nov,4,-1,0,unknown,0,young
services,married,primary,no,1830,yes,no,cellular,15,feb,1,-1,0,unknown,1,older
unemployed,divorced,secondary,no,385,no,no,telephone,27,aug,28,-1,0,unknown,0,young
blue-collar,married,secondary,no,2697,yes,no,cellular,20,apr,1,-1,0,unknown,0,young
management,married,tertiary,no,451,no,no,cellular,4,aug,1,92,2,failure,0,young
admin.,single,secondary,no,114,no,no,cellular,30,mar,1,-1,0,unknown,1,young
blue-collar,married,secondary,no,-73,yes,no,cellular,6,apr,3,313,9,failure,0,older
technician,divorced,secondary,no,-399,yes,no,unknown,2,jun,1,-1,0,unknown,0,young
management,married,tertiary,no,5887,no,no,cellular,2,jun,3,293,2,failure,1,older
blue-collar,single,secondary,no,4749,no,no,cellular,6,aug,2,-1,0,unknown,0,young
technician,single,tertiary,no,1038,no,no,cellular,14,aug,4,-1,0,unknown,0,young
self-employed,married,tertiary,no,2427,no,no,telephone,11,aug,3,70,3,failure,0,young
management,married,tertiary,no,0,no,no,cellular,18,aug,6,-1,0,unknown,0,young
blue-collar,married,secondary,no,1027,no,no,cellular,23,jul,1,-1,0,unknown,0,older
technician,married,secondary,no,33,no,no,telephone,22,jul,5,-1,0,unknown,0,older
blue-collar,single,primary,no,739,yes,no,unknown,15,may,1,-1,0,unknown,0,older
management,married,tertiary,no,1613,yes,no,cellular,18,nov,1,-1,0,unknown,0,young
technician,single,secondary,no,33,no,no,cellular,23,jul,7,-1,0,unknown,0,young
technician,married,secondary,no,207,yes,no,unknown,23,may,2,-1,0,unknown,0,young
services,married,secondary,no,1135,yes,no,cellular,17,feb,1,-1,0,unknown,1,young
entrepreneur,married,primary,no,199,no,no,cellular,11,may,2,363,2,failure,0,older
admin.,married,secondary,no,5181,yes,yes,cellular,31,jul,7,-1,0,unknown,0,older
blue-collar,married,primary,no,592,yes,no,unknown,2,jun,2,-1,0,unknown,0,young
technician,married,secondary,no,2225,no,yes,cellular,13,aug,2,-1,0,unknown,0,older
management,married,tertiary,no,502,yes,no,unknown,21,may,1,-1,0,unknown,0,young
housemaid,divorced,unknown,no,3068,no,no,cellular,7,jul,3,-1,0,unknown,0,older
unemployed,single,unknown,no,4,no,no,cellular,9,feb,2,-1,0,unknown,0,young
management,divorced,tertiary,no,9,yes,no,cellular,26,aug,5,401,1,failure,0,older
unemployed,married,secondary,no,0,yes,no,unknown,6,may,1,-1,0,unknown,0,older
management,married,tertiary,no,1331,no,no,cellular,25,aug,9,-1,0,unknown,0,older
blue-collar,married,secondary,no,2190,no,yes,unknown,12,jun,1,-1,0,unknown,0,older
management,married,tertiary,no,569,yes,no,cellular,6,feb,2,252,1,failure,0,young
blue-collar,married,secondary,no,1437,yes,no,cellular,14,may,1,-1,0,unknown,0,older
technician,married,secondary,no,223,yes,no,cellular,15,jul,3,-1,0,unknown,0,young
technician,single,secondary,no,-51,no,no,unknown,2,jul,2,-1,0,unknown,0,young
management,married,tertiary,no,1048,yes,no,cellular,23,jun,2,-1,0,unknown,0,older
management,married,tertiary,no,424,yes,yes,cellular,20,nov,5,-1,0,unknown,0,older
technician,married,secondary,no,85,no,no,cellular,14,jul,3,-1,0,unknown,0,older
entrepreneur,married,tertiary,no,705,yes,no,unknown,20,may,2,-1,0,unknown,0,older
self-employed,married,secondary,no,91,no,no,cellular,21,aug,8,-1,0,unknown,0,older
unemployed,divorced,tertiary,no,780,no,no,unknown,20,jun,2,-1,0,unknown,0,older
management,married,secondary,no,350,yes,no,cellular,13,may,1,350,2,failure,0,young
services,married,secondary,no,981,no,no,unknown,16,jun,1,-1,0,unknown,1,young
blue-collar,married,primary,no,1052,yes,yes,unknown,12,may,1,-1,0,unknown,0,older
services,married,secondary,no,1364,no,no,cellular,17,nov,1,115,1,failure,0,older
management,single,tertiary,no,4831,no,no,cellular,29,jan,11,-1,0,unknown,1,older
management,married,tertiary,no,131,no,no,cellular,18,feb,2,-1,0,unknown,1,young
admin.,married,secondary,no,233,yes,yes,cellular,8,jul,1,-1,0,unknown,0,young
admin.,married,secondary,no,389,yes,no,cellular,7,dec,1,185,2,failure,0,young
blue-collar,divorced,secondary,no,1780,yes,no,unknown,2,jun,9,-1,0,unknown,0,young
retired,married,primary,no,468,yes,no,telephone,8,jul,1,-1,0,unknown,0,older
retired,married,primary,yes,-13,no,no,unknown,13,may,1,-1,0,unknown,0,older
management,married,secondary,no,71,no,no,cellular,17,nov,1,-1,0,unknown,0,older
management,single,tertiary,no,8,no,no,telephone,8,jan,2,-1,0,unknown,0,young
blue-collar,married,primary,no,844,yes,no,unknown,29,may,3,-1,0,unknown,0,older
management,single,tertiary,no,24,no,no,cellular,15,jul,5,-1,0,unknown,0,young
retired,married,primary,no,0,no,no,cellular,16,sep,3,-1,0,unknown,0,older
admin.,married,secondary,no,953,yes,no,unknown,26,may,2,-1,0,unknown,0,young
self-employed,single,tertiary,no,2503,no,no,cellular,25,may,1,-1,0,unknown,1,young
admin.,married,secondary,no,3635,no,no,unknown,13,may,2,-1,0,unknown,0,older
technician,divorced,tertiary,no,0,yes,no,cellular,2,jun,1,-1,0,unknown,0,young
services,married,secondary,no,361,yes,no,unknown,29,may,1,-1,0,unknown,0,older
services,married,secondary,no,21,no,no,unknown,6,jun,15,-1,0,unknown,0,young
blue-collar,single,secondary,no,98,no,yes,cellular,21,jul,6,-1,0,unknown,0,older
management,married,secondary,no,1558,no,no,telephone,29,jul,3,-1,0,unknown,0,older
technician,single,secondary,no,3,yes,no,unknown,19,may,1,-1,0,unknown,0,young
admin.,married,secondary,no,1473,no,no,telephone,20,nov,1,-1,0,unknown,0,older
unemployed,single,secondary,no,2573,no,no,cellular,24,may,2,-1,0,unknown,1,young
housemaid,married,tertiary,no,468,yes,no,unknown,14,may,1,-1,0,unknown,0,older
management,single,tertiary,no,187,yes,no,cellular,22,jul,2,-1,0,unknown,0,young
blue-collar,married,secondary,no,173,no,yes,telephone,9,jul,8,-1,0,unknown,0,older
technician,single,tertiary,no,1526,yes,no,unknown,6,jun,10,-1,0,unknown,0,young
management,married,tertiary,no,1751,yes,no,cellular,21,nov,4,-1,0,unknown,0,older
management,married,tertiary,no,4495,no,no,cellular,7,aug,8,-1,0,unknown,0,older
blue-collar,married,primary,no,2519,yes,no,cellular,16,apr,2,146,9,other,0,older
management,single,tertiary,yes,-344,no,no,cellular,8,aug,4,-1,0,unknown,0,older
entrepreneur,married,tertiary,no,38,yes,no,cellular,12,may,1,294,5,failure,0,young
management,single,tertiary,no,155,yes,no,telephone,28,jul,3,-1,0,unknown,0,young
blue-collar,married,secondary,no,554,yes,no,unknown,28,may,2,-1,0,unknown,0,older
student,single,secondary,no,334,yes,no,cellular,5,feb,4,233,2,other,0,young
technician,married,secondary,no,3,no,no,cellular,13,aug,3,-1,0,unknown,0,young
technician,married,secondary,no,589,yes,no,cellular,2,feb,1,76,4,failure,0,older
management,single,tertiary,no,53,yes,no,cellular,7,aug,3,-1,0,unknown,0,young
blue-collar,married,secondary,no,1358,no,no,cellular,8,apr,1,-1,0,unknown,0,older
blue-collar,divorced,secondary,no,226,yes,no,unknown,20,may,2,-1,0,unknown,0,young
blue-collar,married,primary,no,-79,no,no,unknown,7,may,3,-1,0,unknown,0,young
services,divorced,secondary,no,78,yes,no,telephone,13,may,3,371,3,failure,0,young
technician,married,secondary,no,167,yes,yes,cellular,8,aug,3,-1,0,unknown,0,young
self-employed,married,secondary,no,1066,yes,no,cellular,7,may,2,170,4,failure,0,older
blue-collar,married,secondary,no,-166,yes,yes,unknown,13,may,5,-1,0,unknown,0,young
blue-collar,married,secondary,no,2256,yes,no,unknown,16,jun,1,-1,0,unknown,0,older
blue-collar,married,primary,no,711,yes,no,unknown,23,may,2,-1,0,unknown,0,young
unemployed,single,tertiary,no,1716,yes,no,unknown,7,may,2,-1,0,unknown,0,young
housemaid,married,secondary,no,0,no,no,unknown,18,jun,1,-1,0,unknown,0,older
technician,single,secondary,no,279,no,no,cellular,12,aug,2,-1,0,unknown,0,young
retired,married,secondary,no,203,no,no,cellular,7,jul,1,-1,0,unknown,1,older
retired,single,tertiary,no,1285,no,no,telephone,1,jul,4,150,9,failure,0,older
management,married,tertiary,no,488,yes,no,cellular,6,feb,2,-1,0,unknown,0,older
retired,married,primary,no,1947,no,no,cellular,3,sep,1,185,7,success,0,older
blue-collar,married,primary,no,630,yes,no,cellular,30,jul,5,-1,0,unknown,0,young
retired,divorced,secondary,no,319,no,no,cellular,24,jul,1,-1,0,unknown,0,older
retired,married,primary,no,0,yes,yes,telephone,18,aug,13,-1,0,unknown,0,older
blue-collar,married,primary,no,1007,yes,no,unknown,16,may,2,-1,0,unknown,0,older
self-employed,married,tertiary,no,1029,yes,yes,unknown,16,may,1,-1,0,unknown,0,young
management,married,tertiary,no,119,yes,no,cellular,10,jul,1,-1,0,unknown,0,older
admin.,married,secondary,no,0,no,yes,cellular,11,oct,1,104,5,failure,0,older
blue-collar,married,secondary,no,975,yes,no,cellular,16,jul,1,-1,0,unknown,0,young
blue-collar,married,secondary,no,661,yes,no,cellular,3,feb,4,267,4,failure,0,young
technician,married,secondary,no,807,yes,no,cellular,12,may,3,172,4,failure,0,young
technician,single,secondary,no,126,no,no,cellular,3,mar,1,-1,0,unknown,0,young
management,married,tertiary,yes,89,no,yes,unknown,8,may,3,-1,0,unknown,0,young
retired,married,primary,no,4657,no,no,telephone,23,mar,1,91,8,success,1,older
admin.,married,secondary,no,335,no,no,cellular,9,jul,3,-1,0,unknown,0,older
retired,married,primary,no,196,yes,no,unknown,19,may,1,-1,0,unknown,0,older
blue-collar,married,secondary,no,401,no,no,cellular,14,aug,3,-1,0,unknown,0,young
technician,single,secondary,no,73,no,yes,cellular,26,aug,2,-1,0,unknown,0,young
management,married,tertiary,no,299,no,no,cellular,11,aug,4,-1,0,unknown,0,young
admin.,married,secondary,no,113,yes,no,cellular,18,nov,3,-1,0,unknown,0,young
services,married,secondary,no,1670,no,no,cellular,13,may,1,299,2,failure,0,young
technician,married,secondary,no,150,no,no,cellular,18,aug,5,-1,0,unknown,0,young
blue-collar,single,secondary,no,76,yes,no,cellular,18,may,2,-1,0,unknown,1,young
unemployed,single,tertiary,no,2783,no,no,cellular,21,jul,3,-1,0,unknown,0,young
services,married,tertiary,no,260,yes,no,cellular,11,jul,2,-1,0,unknown,0,young
services,married,secondary,no,5699,yes,no,unknown,5,may,2,-1,0,unknown,0,older
services,married,unknown,yes,-1,no,yes,cellular,30,jul,4,-1,0,unknown,1,older
technician,married,primary,no,284,no,no,cellular,4,feb,1,197,9,failure,0,older
services,married,secondary,no,0,no,no,unknown,30,may,9,-1,0,unknown,0,young
retired,married,primary,no,3782,no,no,cellular,22,sep,2,190,1,failure,0,older
technician,divorced,secondary,no,522,no,yes,cellular,7,jul,4,-1,0,unknown,0,young
self-employed,single,tertiary,no,16,yes,no,unknown,6,may,1,-1,0,unknown,0,young
services,married,secondary,no,180,yes,yes,unknown,2,jun,3,-1,0,unknown,0,older
services,married,secondary,no,77,yes,no,unknown,9,jun,4,-1,0,unknown,0,young
management,married,tertiary,no,24,yes,no,unknown,26,jun,2,-1,0,unknown,0,young
services,married,secondary,no,100,yes,no,cellular,8,may,1,-1,0,unknown,0,young
services,divorced,secondary,no,403,yes,no,unknown,14,may,1,-1,0,unknown,0,older
blue-collar,single,secondary,no,734,yes,yes,cellular,30,apr,1,296,1,other,1,young
services,married,secondary,no,9277,yes,no,cellular,15,may,1,361,3,other,0,older
technician,married,secondary,no,412,yes,yes,unknown,20,may,1,-1,0,unknown,0,young
student,single,tertiary,no,687,yes,no,unknown,21,may,3,-1,0,unknown,0,young
admin.,single,secondary,no,1352,yes,no,cellular,20,apr,1,334,3,other,0,young
technician,married,secondary,no,1553,no,no,cellular,20,aug,2,-1,0,unknown,0,young
blue-collar,single,secondary,no,-273,yes,yes,unknown,13,may,1,-1,0,unknown,0,young
blue-collar,single,primary,no,21,no,no,cellular,30,jan,4,-1,0,unknown,0,young
management,married,secondary,no,0,no,no,cellular,19,aug,2,-1,0,unknown,0,young
services,single,secondary,no,1347,no,no,telephone,18,jun,6,92,5,other,1,young
technician,married,tertiary,no,199,yes,yes,unknown,26,may,1,-1,0,unknown,0,older
technician,single,secondary,no,31,yes,no,cellular,11,jul,2,-1,0,unknown,0,young
technician,single,tertiary,no,23,no,no,cellular,25,aug,3,-1,0,unknown,0,young
technician,single,secondary,no,276,yes,no,cellular,15,may,1,368,4,failure,0,young
management,married,tertiary,no,1224,yes,yes,cellular,20,nov,2,119,2,success,0,young
blue-collar,married,secondary,no,578,yes,no,unknown,28,may,1,-1,0,unknown,0,older
management,single,tertiary,no,3840,yes,no,cellular,24,sep,2,409,2,success,1,young
blue-collar,married,secondary,no,75,no,no,cellular,8,jul,8,-1,0,unknown,0,older
management,married,secondary,no,268,no,no,cellular,3,jun,2,90,2,failure,0,older
admin.,single,secondary,no,673,yes,no,unknown,14,may,2,-1,0,unknown,0,young
technician,single,secondary,no,966,no,no,cellular,21,apr,2,-1,0,unknown,0,young
technician,married,secondary,no,-147,yes,yes,unknown,21,may,4,-1,0,unknown,0,young
technician,married,secondary,no,-849,yes,yes,unknown,27,may,1,-1,0,unknown,0,older
blue-collar,married,primary,no,696,yes,no,cellular,13,aug,6,-1,0,unknown,0,older
self-employed,single,primary,no,217,no,yes,cellular,15,jul,6,-1,0,unknown,0,older
technician,married,secondary,no,299,no,no,cellular,22,aug,1,-1,0,unknown,0,young
services,single,secondary,no,31,yes,yes,unknown,26,may,2,-1,0,unknown,0,young
entrepreneur,married,secondary,yes,-2082,no,yes,cellular,28,jul,6,-1,0,unknown,0,older
blue-collar,married,primary,no,2651,yes,no,unknown,15,may,1,-1,0,unknown,0,young
blue-collar,married,secondary,no,273,yes,no,unknown,4,jun,1,-1,0,unknown,0,older
technician,divorced,secondary,no,0,no,no,cellular,1,jun,2,-1,0,unknown,0,older
self-employed,divorced,secondary,no,-478,yes,yes,cellular,20,nov,1,-1,0,unknown,0,older
blue-collar,single,secondary,no,517,no,yes,cellular,6,feb,3,213,1,success,0,young
student,single,secondary,no,1803,no,no,cellular,23,jun,1,105,1,failure,0,young
services,married,secondary,no,84,yes,no,unknown,15,may,1,-1,0,unknown,0,older
self-employed,single,tertiary,no,655,no,no,cellular,23,mar,1,-1,0,unknown,1,young
technician,married,secondary,no,134,yes,no,cellular,6,may,1,-1,0,unknown,0,young
retired,married,primary,no,1068,no,no,cellular,28,jan,1,-1,0,unknown,0,older
services,married,secondary,no,-508,yes,no,unknown,20,may,2,-1,0,unknown,0,young
housemaid,married,primary,no,2054,no,no,cellular,25,aug,6,-1,0,unknown,1,young
entrepreneur,married,secondary,no,86,yes,no,unknown,13,may,1,-1,0,unknown,0,older
technician,single,secondary,no,922,yes,no,cellular,7,apr,1,-1,0,unknown,0,young
management,married,tertiary,no,578,no,yes,cellular,22,jul,2,-1,0,unknown,0,young
admin.,single,secondary,no,2749,yes,no,cellular,19,nov,1,-1,0,unknown,0,young
admin.,divorced,secondary,no,145,no,no,cellular,8,jul,5,-1,0,unknown,0,young
retired,divorced,primary,no,1323,no,no,telephone,29,dec,4,189,1,other,0,older
admin.,divorced,secondary,no,560,yes,no,cellular,25,jul,3,-1,0,unknown,0,older
management,married,tertiary,no,1109,yes,no,cellular,27,may,4,310,5,failure,0,young
entrepreneur,married,tertiary,yes,0,no,yes,cellular,25,jul,4,-1,0,unknown,0,older
technician,single,secondary,no,527,yes,no,unknown,9,may,1,-1,0,unknown,0,young
services,married,secondary,no,939,yes,no,cellular,22,jul,3,-1,0,unknown,0,young
services,married,secondary,no,260,no,no,cellular,12,aug,5,-1,0,unknown,0,older
technician,divorced,secondary,no,1252,yes,no,cellular,11,may,1,350,1,failure,0,older
entrepreneur,married,tertiary,no,342,yes,no,unknown,6,jun,1,-1,0,unknown,0,young
management,divorced,tertiary,no,25,yes,yes,cellular,26,mar,2,-1,0,unknown,1,older
blue-collar,married,secondary,no,1723,no,no,cellular,1,jun,2,-1,0,unknown,1,older
management,married,tertiary,no,2939,no,no,cellular,15,jan,2,-1,0,unknown,1,young
blue-collar,married,secondary,no,825,yes,no,cellular,16,apr,3,273,1,failure,0,older
admin.,married,secondary,no,39,yes,no,cellular,28,jul,3,-1,0,unknown,0,young
blue-collar,married,unknown,no,345,yes,yes,cellular,28,jul,3,-1,0,unknown,0,older
management,married,tertiary,no,1567,yes,no,cellular,20,aug,3,-1,0,unknown,0,older
admin.,married,unknown,no,9110,yes,no,cellular,12,may,6,174,3,failure,0,young
services,married,secondary,no,-384,yes,no,unknown,28,may,2,-1,0,unknown,0,young
technician,married,secondary,no,0,yes,no,cellular,17,nov,1,-1,0,unknown,0,older
blue-collar,single,primary,no,279,yes,no,unknown,15,may,1,-1,0,unknown,0,young
retired,married,tertiary,no,2557,yes,no,cellular,2,feb,1,-1,0,unknown,1,older
self-employed,single,secondary,no,0,yes,no,unknown,6,may,1,-1,0,unknown,0,young
housemaid,married,tertiary,no,166,yes,no,cellular,12,may,1,-1,0,unknown,0,young
blue-collar,married,primary,no,128,yes,no,telephone,30,jul,5,-1,0,unknown,0,older
management,married,tertiary,no,273,yes,no,cellular,20,nov,1,188,1,success,0,young
housemaid,married,secondary,no,294,no,no,cellular,20,nov,1,-1,0,unknown,0,older
technician,divorced,secondary,no,1612,no,no,cellular,25,may,2,353,1,other,1,older
unemployed,married,tertiary,no,576,no,no,cellular,3,jun,2,96,1,success,1,older
management,single,tertiary,no,41,yes,no,cellular,7,may,1,338,1,other,0,young
unemployed,married,secondary,no,583,yes,no,unknown,12,jun,6,-1,0,unknown,0,older
technician,married,secondary,no,0,yes,yes,unknown,14,may,2,-1,0,unknown,0,older
admin.,married,secondary,no,315,yes,no,cellular,12,may,1,-1,0,unknown,0,older
blue-collar,married,secondary,no,365,no,no,unknown,1,jul,4,-1,0,unknown,0,young
management,married,secondary,no,1287,no,no,cellular,2,feb,1,-1,0,unknown,0,older
management,married,tertiary,no,1978,yes,no,cellular,20,aug,1,-1,0,unknown,0,older
self-employed,divorced,secondary,no,1016,yes,no,cellular,21,nov,3,-1,0,unknown,0,older
entrepreneur,single,tertiary,no,1028,no,no,cellular,3,feb,2,-1,0,unknown,0,young
management,married,tertiary,no,6251,no,no,cellular,10,aug,2,356,10,other,0,older
blue-collar,married,primary,no,1766,yes,no,cellular,20,nov,1,-1,0,unknown,0,older
admin.,single,tertiary,no,305,no,no,cellular,13,aug,1,105,3,success,0,young
blue-collar,married,secondary,no,-21,no,no,unknown,2,jun,1,-1,0,unknown,0,older
management,single,tertiary,no,1287,yes,no,cellular,26,feb,1,-1,0,unknown,1,young
housemaid,married,primary,no,605,no,no,cellular,3,feb,2,159,14,failure,0,older
services,married,secondary,no,414,yes,no,cellular,3,feb,2,272,1,failure,0,young
blue-collar,married,secondary,no,0,no,no,unknown,7,may,1,-1,0,unknown,0,young
self-employed,married,tertiary,no,0,yes,no,unknown,9,jul,1,-1,0,unknown,0,young
blue-collar,single,secondary,no,-269,no,no,cellular,2,feb,1,263,3,other,0,older
management,divorced,tertiary,no,155,yes,no,cellular,20,nov,6,153,26,failure,0,young
admin.,divorced,secondary,no,442,yes,no,cellular,2,feb,2,257,2,other,0,young
management,married,unknown,no,1046,yes,no,unknown,24,jun,3,-1,0,unknown,0,older
services,divorced,secondary,no,67,yes,no,cellular,5,may,2,-1,0,unknown,0,young
blue-collar,married,primary,no,58,yes,no,unknown,6,may,3,-1,0,unknown,0,older
management,single,tertiary,no,224,yes,no,cellular,2,feb,3,-1,0,unknown,0,young
blue-collar,single,secondary,no,-480,yes,yes,cellular,2,feb,2,252,3,other,0,young
blue-collar,single,unknown,no,694,yes,yes,cellular,16,jul,4,-1,0,unknown,1,young
student,single,tertiary,no,3300,no,no,cellular,21,nov,1,-1,0,unknown,1,young
blue-collar,married,secondary,no,-664,yes,yes,cellular,13,may,4,-1,0,unknown,0,older
management,married,tertiary,no,297,no,no,cellular,5,feb,1,-1,0,unknown,0,older
technician,married,primary,no,0,no,no,unknown,4,jul,1,-1,0,unknown,1,young
management,married,tertiary,no,62,no,no,cellular,7,aug,2,-1,0,unknown,0,young
retired,married,secondary,no,2626,no,no,telephone,27,jan,3,147,2,success,0,older
housemaid,married,primary,no,435,yes,no,telephone,28,jul,6,-1,0,unknown,0,older
technician,divorced,secondary,no,773,yes,no,cellular,17,apr,2,-1,0,unknown,0,older
blue-collar,single,secondary,no,239,yes,no,unknown,23,may,1,-1,0,unknown,1,young
technician,single,secondary,no,313,no,no,cellular,9,feb,2,-1,0,unknown,1,young
entrepreneur,divorced,secondary,no,3780,yes,no,cellular,19,nov,3,-1,0,unknown,0,older
management,single,secondary,no,792,yes,no,unknown,16,may,4,-1,0,unknown,1,young
technician,married,tertiary,no,431,yes,no,cellular,5,may,1,328,1,failure,0,older
blue-collar,married,primary,no,1311,no,no,telephone,14,apr,3,-1,0,unknown,0,older
management,married,secondary,no,363,yes,yes,cellular,26,may,1,104,2,failure,0,young
management,single,tertiary,no,1514,yes,no,telephone,5,may,1,333,7,other,0,young
technician,single,tertiary,no,388,no,no,cellular,2,aug,8,95,3,success,0,young
admin.,divorced,secondary,no,1693,no,no,cellular,26,oct,4,442,4,failure,1,older
services,married,secondary,no,1024,yes,no,unknown,18,jun,2,-1,0,unknown,0,young
admin.,single,tertiary,no,3730,yes,no,cellular,27,feb,1,-1,0,unknown,1,young
technician,single,secondary,no,1462,no,no,unknown,9,jun,2,-1,0,unknown,0,older
management,divorced,tertiary,no,503,no,yes,unknown,12,jun,7,-1,0,unknown,1,older
management,single,secondary,no,5558,yes,no,unknown,16,may,3,-1,0,unknown,0,older
admin.,single,secondary,no,6188,yes,yes,cellular,18,nov,1,-1,0,unknown,0,young
blue-collar,divorced,secondary,no,931,no,yes,cellular,20,nov,2,-1,0,unknown,0,older
services,divorced,secondary,no,69,yes,no,cellular,2,feb,2,-1,0,unknown,0,young
blue-collar,married,tertiary,no,597,no,no,cellular,16,jul,6,-1,0,unknown,1,young
management,married,tertiary,no,3518,no,no,cellular,28,dec,2,196,2,success,1,older
technician,married,secondary,no,2718,no,no,unknown,19,may,2,-1,0,unknown,0,older
technician,single,secondary,no,1615,yes,no,cellular,11,may,1,-1,0,unknown,0,young
admin.,single,secondary,no,79,yes,no,cellular,28,jul,3,-1,0,unknown,0,young
technician,single,secondary,no,6402,yes,no,cellular,20,nov,1,-1,0,unknown,1,young
management,married,tertiary,no,416,yes,no,cellular,7,apr,1,-1,0,unknown,0,young
retired,divorced,secondary,no,-808,yes,no,cellular,8,may,4,-1,0,unknown,0,older
admin.,divorced,secondary,no,207,yes,no,cellular,2,feb,1,271,4,failure,0,older
housemaid,married,primary,no,1283,no,no,cellular,5,aug,1,-1,0,unknown,0,older
management,married,tertiary,no,1354,yes,no,cellular,29,jan,2,-1,0,unknown,0,young
blue-collar,married,primary,no,3527,yes,no,cellular,21,nov,1,-1,0,unknown,1,young
management,single,tertiary,no,3355,yes,no,unknown,12,jun,2,-1,0,unknown,0,older
management,married,tertiary,no,1698,yes,no,unknown,6,jun,2,-1,0,unknown,0,young
unknown,single,tertiary,no,2918,no,no,unknown,18,jun,1,-1,0,unknown,0,older
technician,single,secondary,no,50,yes,no,cellular,8,may,1,-1,0,unknown,0,young
blue-collar,married,unknown,no,1508,no,yes,unknown,6,jun,2,-1,0,unknown,1,young
management,single,tertiary,no,5437,no,no,cellular,7,oct,1,58,3,failure,1,young
unemployed,married,secondary,no,553,no,no,telephone,4,feb,1,-1,0,unknown,0,older
blue-collar,married,secondary,no,699,yes,yes,cellular,31,jul,10,-1,0,unknown,0,young
blue-collar,married,secondary,no,0,yes,no,unknown,13,may,1,-1,0,unknown,0,young
retired,married,primary,no,1765,no,no,telephone,14,sep,1,187,4,failure,1,older
technician,married,secondary,no,194,yes,no,unknown,28,may,1,-1,0,unknown,0,young
housemaid,divorced,primary,no,3819,no,no,telephone,30,jul,2,-1,0,unknown,0,older
management,married,tertiary,no,2387,yes,yes,unknown,2,jun,2,-1,0,unknown,0,young
management,married,tertiary,no,193,no,no,cellular,18,nov,1,-1,0,unknown,0,young
management,single,tertiary,no,1,yes,no,cellular,5,may,1,285,1,failure,0,young
retired,married,secondary,no,4269,no,no,telephone,16,apr,3,-1,0,unknown,0,older
technician,single,secondary,no,4787,yes,no,cellular,18,nov,1,167,2,failure,0,young
management,married,tertiary,no,1530,no,no,cellular,7,jul,3,-1,0,unknown,0,older
technician,divorced,secondary,no,1097,yes,no,unknown,12,may,2,-1,0,unknown,0,young
admin.,single,secondary,no,-378,no,yes,cellular,8,jul,1,-1,0,unknown,0,young
housemaid,married,secondary,no,505,no,no,cellular,28,aug,7,-1,0,unknown,0,older
management,single,tertiary,no,2242,no,no,telephone,9,feb,8,-1,0,unknown,0,older
management,married,tertiary,no,8902,yes,no,cellular,20,apr,3,249,5,failure,0,older
management,married,tertiary,no,2014,no,no,cellular,20,aug,5,-1,0,unknown,0,young
entrepreneur,married,primary,no,1529,yes,no,cellular,20,apr,3,-1,0,unknown,0,young
services,married,secondary,no,1872,yes,no,cellular,6,may,1,322,3,failure,0,older
retired,divorced,secondary,no,4189,no,no,telephone,14,jul,2,-1,0,unknown,1,older
entrepreneur,married,secondary,no,134,no,no,unknown,20,may,1,-1,0,unknown,0,young
management,single,tertiary,no,30,yes,no,cellular,13,may,3,-1,0,unknown,0,young
blue-collar,married,primary,no,407,yes,yes,telephone,10,jul,2,-1,0,unknown,0,older
blue-collar,married,secondary,no,255,yes,no,cellular,29,jan,2,-1,0,unknown,0,young
services,single,secondary,no,3358,yes,no,cellular,5,feb,2,-1,0,unknown,0,young
management,single,secondary,no,171,no,no,cellular,5,jun,1,87,1,success,1,young
management,married,tertiary,no,1912,yes,no,cellular,20,aug,4,-1,0,unknown,0,older
blue-collar,married,unknown,no,356,yes,no,unknown,4,jun,2,-1,0,unknown,0,young
technician,married,unknown,no,1156,no,no,unknown,16,jun,2,-1,0,unknown,0,older
management,single,tertiary,no,347,yes,no,cellular,27,aug,6,-1,0,unknown,0,young
housemaid,divorced,primary,no,9059,no,no,unknown,6,jun,1,-1,0,unknown,0,older
blue-collar,single,primary,no,1628,yes,no,cellular,5,feb,1,195,8,success,0,older
services,single,secondary,no,870,no,no,cellular,6,jul,4,-1,0,unknown,1,young
admin.,married,secondary,no,0,yes,no,cellular,15,may,2,-1,0,unknown,0,young
management,single,tertiary,no,725,no,no,cellular,4,feb,2,-1,0,unknown,0,young
technician,single,secondary,no,806,yes,no,unknown,29,may,1,-1,0,unknown,0,older
student,single,secondary,no,424,no,no,cellular,30,jun,3,195,2,other,0,young
technician,married,secondary,no,484,yes,no,unknown,6,may,1,-1,0,unknown,1,young
services,single,secondary,no,329,yes,yes,cellular,7,jul,4,-1,0,unknown,0,young
technician,divorced,secondary,no,522,yes,no,unknown,14,may,1,-1,0,unknown,0,older
admin.,married,tertiary,no,0,yes,no,cellular,21,jul,1,-1,0,unknown,0,young
technician,married,secondary,no,0,no,no,unknown,14,may,2,-1,0,unknown,0,older
technician,married,tertiary,no,1315,no,no,telephone,5,jun,2,-1,0,unknown,0,older
unemployed,married,secondary,no,4372,yes,no,cellular,30,jul,2,-1,0,unknown,0,older
admin.,divorced,secondary,no,447,no,no,cellular,28,jul,4,-1,0,unknown,0,older
housemaid,married,primary,no,77,no,no,cellular,8,aug,1,-1,0,unknown,0,young
admin.,single,secondary,no,2,yes,no,cellular,24,jul,1,-1,0,unknown,1,young
management,married,tertiary,no,1624,no,no,cellular,5,feb,3,-1,0,unknown,1,older
management,single,tertiary,no,195,no,no,cellular,20,nov,1,167,2,failure,0,older
technician,single,secondary,no,325,no,no,cellular,3,feb,6,196,2,other,0,young
student,single,secondary,no,2726,yes,no,unknown,4,jun,1,-1,0,unknown,0,young
technician,married,unknown,no,-391,yes,yes,cellular,23,jul,1,-1,0,unknown,0,older
admin.,married,secondary,no,97,yes,no,cellular,18,may,2,364,1,success,0,young
blue-collar,married,secondary,no,1780,yes,no,unknown,23,may,4,-1,0,unknown,0,young
technician,divorced,secondary,no,311,no,no,cellular,6,aug,2,-1,0,unknown,1,young
blue-collar,single,secondary,no,-191,yes,no,unknown,19,jun,7,-1,0,unknown,1,young
blue-collar,married,secondary,no,80,yes,yes,unknown,8,may,1,-1,0,unknown,0,young
housemaid,married,primary,no,3512,no,no,cellular,16,apr,1,-1,0,unknown,0,older
management,single,tertiary,no,1191,no,no,cellular,11,aug,4,-1,0,unknown,0,young
management,married,secondary,no,11655,no,no,cellular,5,aug,1,-1,0,unknown,0,older
management,married,tertiary,no,176,yes,yes,cellular,14,jul,2,-1,0,unknown,0,older
management,married,tertiary,no,2987,yes,no,cellular,15,feb,1,91,9,failure,1,young
admin.,married,secondary,no,546,no,no,cellular,28,jul,6,-1,0,unknown,0,older
admin.,single,secondary,no,827,yes,no,cellular,17,feb,1,-1,0,unknown,0,young
blue-collar,married,primary,no,211,no,no,cellular,25,aug,6,-1,0,unknown,0,older
admin.,married,secondary,no,194,no,yes,cellular,22,jul,2,-1,0,unknown,0,older
technician,single,secondary,no,287,yes,no,unknown,21,may,8,-1,0,unknown,0,young
blue-collar,single,secondary,no,327,yes,no,telephone,18,may,2,-1,0,unknown,0,young
blue-collar,married,primary,no,0,yes,no,telephone,11,may,4,304,2,other,0,older
management,married,tertiary,no,0,yes,no,cellular,17,apr,1,-1,0,unknown,1,young
admin.,married,secondary,no,1049,yes,no,unknown,23,may,14,-1,0,unknown,0,young
services,married,secondary,no,2758,no,no,cellular,4,feb,3,-1,0,unknown,1,young
management,single,tertiary,no,280,no,no,cellular,25,aug,11,-1,0,unknown,0,young
technician,divorced,secondary,no,-133,yes,no,cellular,8,jul,1,-1,0,unknown,0,young
admin.,married,secondary,no,257,no,no,cellular,5,aug,1,-1,0,unknown,0,older
technician,single,tertiary,no,434,yes,no,cellular,28,jan,2,-1,0,unknown,0,young
management,single,secondary,no,113,yes,no,telephone,27,aug,9,-1,0,unknown,0,young
unemployed,married,primary,no,641,yes,no,unknown,19,jun,1,-1,0,unknown,0,older
blue-collar,single,secondary,no,1966,yes,no,unknown,28,may,1,-1,0,unknown,0,young
admin.,married,secondary,no,421,yes,no,cellular,18,nov,1,-1,0,unknown,0,young
admin.,married,secondary,no,358,no,no,cellular,4,feb,1,-1,0,unknown,0,young
admin.,single,secondary,no,91,yes,no,unknown,14,may,2,-1,0,unknown,0,young
blue-collar,married,primary,no,27,yes,no,unknown,27,may,4,-1,0,unknown,0,young
blue-collar,single,secondary,no,228,no,no,cellular,5,feb,1,365,1,failure,0,young
admin.,single,secondary,no,0,yes,no,cellular,13,may,3,-1,0,unknown,0,young
blue-collar,married,primary,no,4415,no,no,telephone,13,oct,1,-1,0,unknown,0,older
admin.,single,secondary,no,748,no,no,telephone,21,nov,7,130,3,other,0,older
services,single,secondary,no,516,yes,no,unknown,13,may,2,-1,0,unknown,0,young
blue-collar,married,secondary,no,292,no,no,cellular,30,apr,1,79,1,success,1,older
management,single,tertiary,no,775,yes,no,cellular,4,may,2,14,3,failure,0,young
self-employed,single,secondary,no,50,no,no,cellular,29,jan,1,-1,0,unknown,0,young
admin.,divorced,secondary,no,0,yes,yes,cellular,30,apr,2,-1,0,unknown,0,older
retired,married,primary,no,4847,no,no,cellular,16,sep,2,-1,0,unknown,0,older
services,married,secondary,no,100,no,no,cellular,16,jul,2,-1,0,unknown,0,young
blue-collar,married,primary,no,5,no,no,cellular,4,may,1,95,2,success,1,older
blue-collar,single,secondary,no,-571,yes,no,cellular,28,jul,3,-1,0,unknown,0,young
blue-collar,married,secondary,no,837,yes,no,cellular,6,feb,1,-1,0,unknown,0,older
blue-collar,married,primary,no,260,yes,no,unknown,12,jun,1,-1,0,unknown,0,older
management,married,secondary,no,633,no,yes,telephone,17,nov,1,111,6,failure,0,older
blue-collar,divorced,secondary,no,614,yes,no,unknown,20,may,1,-1,0,unknown,0,young
unemployed,divorced,tertiary,no,0,no,no,cellular,5,feb,3,-1,0,unknown,1,older
management,single,tertiary,no,37,no,no,cellular,28,jan,2,-1,0,unknown,0,young
student,single,unknown,no,1,no,no,telephone,15,jun,4,-1,0,unknown,0,young
admin.,married,secondary,no,956,yes,yes,telephone,11,may,2,362,1,other,0,older
technician,married,secondary,no,1,yes,no,cellular,17,nov,1,-1,0,unknown,0,older
admin.,single,secondary,no,1437,yes,no,unknown,21,may,1,-1,0,unknown,0,young
blue-collar,single,secondary,no,4,yes,no,cellular,7,may,2,-1,0,unknown,0,young
blue-collar,married,primary,no,186,yes,no,unknown,9,may,1,-1,0,unknown,0,older
self-employed,married,tertiary,no,0,yes,no,cellular,17,nov,2,-1,0,unknown,0,older
student,single,primary,no,1235,no,no,cellular,12,jun,3,-1,0,unknown,0,young
technician,married,secondary,no,2619,yes,no,cellular,18,nov,2,-1,0,unknown,0,older
housemaid,married,secondary,no,736,yes,no,unknown,20,may,1,-1,0,unknown,0,older
admin.,married,secondary,no,-197,yes,yes,unknown,15,may,1,-1,0,unknown,0,older
technician,single,secondary,no,0,no,no,cellular,19,aug,2,-1,0,unknown,0,young
blue-collar,married,primary,no,2615,yes,no,unknown,27,may,8,-1,0,unknown,0,young
management,married,tertiary,no,183,yes,yes,cellular,14,may,3,-1,0,unknown,0,young
management,married,tertiary,no,8,yes,no,telephone,5,nov,1,-1,0,unknown,0,young
unemployed,married,tertiary,no,118,no,yes,telephone,10,jul,1,-1,0,unknown,0,young
retired,married,secondary,no,663,no,no,cellular,14,aug,2,-1,0,unknown,0,older
entrepreneur,single,tertiary,no,224,yes,no,cellular,18,may,2,-1,0,unknown,0,young
management,married,tertiary,no,553,yes,no,cellular,7,jul,3,-1,0,unknown,1,older
management,single,tertiary,no,-429,yes,yes,unknown,27,may,1,-1,0,unknown,0,young
technician,divorced,secondary,yes,-305,no,yes,unknown,9,may,1,-1,0,unknown,0,young
entrepreneur,married,tertiary,no,-23,no,yes,cellular,20,aug,7,-1,0,unknown,0,older
blue-collar,married,secondary,no,1495,yes,no,cellular,1,oct,1,142,1,failure,0,older
technician,single,secondary,no,4792,no,no,cellular,26,may,3,-1,0,unknown,0,young
blue-collar,married,secondary,no,1981,yes,no,cellular,22,jul,2,-1,0,unknown,0,young
technician,single,secondary,no,274,yes,no,cellular,16,apr,2,-1,0,unknown,0,young
housemaid,married,primary,no,0,no,no,cellular,28,aug,4,-1,0,unknown,0,older
entrepreneur,divorced,tertiary,no,816,no,no,cellular,19,nov,1,-1,0,unknown,0,older
self-employed,married,secondary,no,289,yes,no,cellular,2,feb,1,-1,0,unknown,0,older
blue-collar,single,secondary,no,8982,yes,no,cellular,13,apr,2,334,1,failure,0,older
services,married,secondary,no,-363,yes,no,cellular,7,aug,2,-1,0,unknown,0,older
services,married,secondary,no,809,no,no,cellular,2,feb,1,-1,0,unknown,0,young
management,married,tertiary,no,342,no,no,unknown,16,jun,1,-1,0,unknown,0,older
management,married,tertiary,no,273,yes,no,cellular,14,may,1,175,2,failure,1,young
management,single,tertiary,no,4,no,no,cellular,27,aug,3,-1,0,unknown,0,young
technician,divorced,tertiary,no,1718,yes,yes,cellular,17,nov,1,167,16,other,0,young
management,married,tertiary,no,181,yes,no,cellular,10,jul,1,-1,0,unknown,0,young
blue-collar,married,secondary,no,54,yes,no,cellular,7,may,1,367,1,failure,0,older
self-employed,married,primary,no,8313,no,no,unknown,6,jun,1,-1,0,unknown,0,older
management,married,tertiary,no,270,no,no,unknown,16,jun,3,-1,0,unknown,0,young
management,single,tertiary,no,997,no,yes,cellular,19,nov,1,-1,0,unknown,0,older
technician,married,secondary,no,6958,yes,yes,unknown,13,may,2,-1,0,unknown,0,older
technician,married,secondary,no,0,no,no,cellular,6,feb,1,-1,0,unknown,1,older
services,married,secondary,no,400,yes,yes,cellular,13,aug,1,-1,0,unknown,0,older
management,married,unknown,yes,-171,yes,no,unknown,15,may,2,-1,0,unknown,0,older
services,divorced,secondary,no,218,yes,no,unknown,29,may,2,-1,0,unknown,0,older
student,single,secondary,no,43,no,no,unknown,27,aug,1,-1,0,unknown,0,young
blue-collar,married,primary,no,874,no,no,cellular,6,aug,1,-1,0,unknown,1,older
services,married,secondary,no,52,yes,no,cellular,2,mar,4,-1,0,unknown,1,young
unknown,married,unknown,no,397,no,no,telephone,8,nov,1,185,3,success,0,older
management,married,tertiary,no,355,no,no,cellular,4,aug,1,-1,0,unknown,0,young
admin.,married,secondary,no,182,yes,no,cellular,2,apr,1,331,2,failure,0,older
retired,married,secondary,no,148,no,no,telephone,4,sep,1,-1,0,unknown,0,older
technician,married,secondary,no,3643,yes,no,unknown,23,may,3,-1,0,unknown,0,young
admin.,married,secondary,no,846,yes,yes,unknown,19,may,2,-1,0,unknown,0,young
services,married,unknown,no,257,yes,no,unknown,5,may,2,-1,0,unknown,0,older
self-employed,married,secondary,no,240,yes,no,cellular,4,feb,1,189,16,other,0,older
admin.,divorced,secondary,no,136,no,yes,cellular,23,jul,1,-1,0,unknown,0,older
technician,single,tertiary,no,362,yes,no,cellular,21,nov,2,-1,0,unknown,0,young
retired,divorced,primary,no,2516,no,no,unknown,17,jun,1,-1,0,unknown,0,older
admin.,single,secondary,yes,0,yes,no,cellular,16,jul,2,-1,0,unknown,0,young
technician,married,secondary,no,2308,no,no,cellular,30,apr,1,87,1,other,1,older
student,single,secondary,no,-116,yes,no,unknown,20,may,6,-1,0,unknown,0,young
self-employed,divorced,secondary,no,985,yes,yes,telephone,21,nov,1,-1,0,unknown,0,older
self-employed,single,secondary,no,27,no,no,cellular,22,aug,2,-1,0,unknown,0,older
services,single,secondary,yes,687,yes,no,cellular,18,may,1,-1,0,unknown,0,young
management,married,unknown,no,5043,yes,yes,cellular,8,apr,1,-1,0,unknown,0,older
admin.,married,secondary,no,3664,no,yes,unknown,12,jun,2,-1,0,unknown,0,older
blue-collar,married,secondary,no,1109,yes,no,unknown,14,may,2,-1,0,unknown,0,older
services,married,secondary,no,0,no,no,telephone,29,jul,2,-1,0,unknown,0,older
retired,divorced,primary,no,519,no,no,telephone,9,sep,1,-1,0,unknown,0,older
services,married,secondary,no,1543,yes,no,cellular,22,may,1,10,6,failure,1,young
retired,married,primary,no,680,no,no,telephone,25,aug,3,-1,0,unknown,0,older
technician,divorced,secondary,no,-90,no,yes,telephone,17,oct,1,-1,0,unknown,1,older
management,married,tertiary,no,5057,yes,no,unknown,4,jun,10,-1,0,unknown,0,young
technician,married,secondary,no,196,yes,yes,cellular,24,feb,1,273,3,failure,0,older
self-employed,married,tertiary,no,-176,yes,no,unknown,15,may,13,-1,0,unknown,0,young
services,married,secondary,no,393,yes,yes,cellular,13,may,1,357,1,failure,0,young
management,divorced,tertiary,no,0,no,no,unknown,1,jun,1,-1,0,unknown,0,older
technician,single,tertiary,no,3194,no,no,cellular,11,aug,2,-1,0,unknown,0,young
blue-collar,married,primary,no,1059,yes,no,unknown,20,may,2,-1,0,unknown,0,older
housemaid,married,secondary,no,443,no,no,cellular,22,aug,3,-1,0,unknown,0,older
blue-collar,married,unknown,no,0,no,no,cellular,2,feb,1,193,3,failure,0,young
entrepreneur,married,tertiary,no,-502,yes,no,cellular,20,apr,4,-1,0,unknown,0,young
admin.,single,secondary,no,392,yes,yes,unknown,21,may,2,-1,0,unknown,0,young
admin.,divorced,secondary,no,1697,no,yes,cellular,29,jul,4,-1,0,unknown,0,older
technician,single,secondary,no,908,yes,no,unknown,21,may,1,-1,0,unknown,0,young
admin.,married,secondary,no,284,yes,no,cellular,6,aug,3,-1,0,unknown,0,older
services,single,secondary,no,862,yes,yes,unknown,20,may,2,-1,0,unknown,0,young
technician,single,tertiary,no,275,yes,no,telephone,14,may,2,360,1,other,0,older
management,married,secondary,no,0,yes,yes,cellular,3,nov,1,351,2,failure,1,older
management,married,tertiary,no,256,no,no,cellular,14,jun,1,186,4,success,0,older
admin.,divorced,secondary,no,1634,yes,yes,cellular,12,may,5,-1,0,unknown,0,older
retired,divorced,secondary,no,138,no,no,cellular,17,jul,1,-1,0,unknown,0,older
unknown,married,unknown,no,3940,no,no,unknown,16,jun,6,-1,0,unknown,0,older
blue-collar,married,primary,no,1017,yes,no,unknown,3,jun,18,-1,0,unknown,0,older
entrepreneur,married,tertiary,no,7699,no,yes,cellular,16,jul,1,-1,0,unknown,0,older
admin.,divorced,secondary,no,1525,no,no,telephone,29,jul,2,-1,0,unknown,0,older
blue-collar,married,secondary,no,1782,yes,no,unknown,19,jun,1,-1,0,unknown,0,young
management,divorced,tertiary,no,146,no,no,cellular,6,aug,2,-1,0,unknown,1,young
technician,single,tertiary,no,172,no,no,unknown,7,jun,1,-1,0,unknown,0,young
management,divorced,tertiary,no,1,yes,no,unknown,8,may,4,-1,0,unknown,0,young
technician,single,tertiary,no,1646,yes,no,cellular,4,feb,1,184,6,success,1,older
technician,single,tertiary,no,635,no,no,cellular,13,aug,8,-1,0,unknown,1,young
services,married,secondary,no,0,no,no,unknown,20,jun,14,-1,0,unknown,0,young
admin.,divorced,secondary,no,579,yes,no,unknown,23,may,3,-1,0,unknown,0,young
technician,married,secondary,no,484,yes,no,cellular,16,aug,3,182,9,success,1,young
unemployed,married,secondary,no,977,yes,no,cellular,4,may,4,91,1,other,0,young
management,married,tertiary,no,2682,yes,no,cellular,9,jul,1,-1,0,unknown,0,young
management,divorced,tertiary,no,6285,yes,no,cellular,20,nov,3,125,2,other,0,older
management,married,tertiary,no,2716,no,no,unknown,23,jun,4,-1,0,unknown,0,older
retired,married,secondary,no,0,no,no,cellular,25,aug,2,-1,0,unknown,0,older
management,married,tertiary,no,1441,yes,no,cellular,30,apr,1,85,2,success,0,young
entrepreneur,divorced,secondary,no,1307,yes,no,unknown,27,may,11,-1,0,unknown,0,older
management,single,tertiary,no,4247,no,no,cellular,18,aug,3,-1,0,unknown,0,young
admin.,divorced,secondary,no,1762,yes,no,cellular,19,nov,2,-1,0,unknown,0,young
student,single,secondary,no,469,no,no,cellular,21,aug,1,86,1,other,1,young
technician,divorced,secondary,no,314,yes,no,unknown,12,aug,1,651,1,success,0,older
blue-collar,married,secondary,no,335,yes,no,cellular,13,may,3,370,1,failure,0,young
admin.,single,secondary,no,15,no,yes,cellular,21,jul,1,-1,0,unknown,0,young
management,married,secondary,yes,-550,no,yes,cellular,23,jul,3,-1,0,unknown,0,young
services,married,secondary,no,0,no,no,unknown,17,jun,5,-1,0,unknown,0,older
technician,married,secondary,no,3050,yes,no,unknown,6,jun,7,-1,0,unknown,0,young
management,single,tertiary,no,66,yes,no,unknown,26,may,2,-1,0,unknown,0,young
management,single,tertiary,no,854,yes,yes,unknown,17,jun,4,-1,0,unknown,0,older
admin.,single,secondary,no,425,no,no,cellular,27,may,1,-1,0,unknown,0,young
housemaid,married,primary,no,451,yes,no,cellular,11,may,1,-1,0,unknown,0,young
entrepreneur,married,tertiary,no,1961,no,no,cellular,18,jun,2,185,1,success,0,older
entrepreneur,married,unknown,no,29,yes,no,cellular,24,jul,1,-1,0,unknown,0,older
blue-collar,married,primary,no,50,yes,no,cellular,7,may,2,-1,0,unknown,0,young
self-employed,single,tertiary,no,556,no,no,unknown,17,jun,2,-1,0,unknown,0,young
management,married,secondary,no,1502,no,no,telephone,17,nov,2,109,11,failure,0,older
self-employed,married,tertiary,no,3118,no,no,cellular,13,aug,2,-1,0,unknown,0,older
entrepreneur,married,secondary,no,0,no,no,unknown,14,may,2,-1,0,unknown,0,older
unemployed,married,secondary,no,194,yes,no,cellular,12,may,3,-1,0,unknown,0,young
retired,married,secondary,no,77,no,no,cellular,6,aug,4,-1,0,unknown,1,older
blue-collar,single,secondary,no,292,no,yes,cellular,17,jul,4,-1,0,unknown,1,older
technician,divorced,secondary,no,106,yes,no,unknown,26,may,1,-1,0,unknown,0,older
technician,married,secondary,no,7449,yes,no,cellular,7,may,1,-1,0,unknown,0,young
blue-collar,married,secondary,no,139,yes,no,unknown,6,may,2,-1,0,unknown,0,young
management,divorced,secondary,no,2,no,no,cellular,19,nov,1,-1,0,unknown,0,older
retired,married,secondary,no,3340,no,no,cellular,30,jun,1,-1,0,unknown,0,older
management,married,tertiary,no,4761,yes,no,cellular,5,may,2,350,2,failure,0,young
management,married,tertiary,no,9,yes,no,cellular,22,jul,3,-1,0,unknown,0,older
unknown,married,tertiary,no,0,yes,no,unknown,20,jun,16,-1,0,unknown,0,young
blue-collar,divorced,secondary,no,-59,yes,no,cellular,15,may,1,352,1,failure,0,young
technician,married,secondary,no,283,yes,yes,unknown,27,jun,2,-1,0,unknown,0,young
blue-collar,married,primary,no,421,yes,no,cellular,20,nov,1,-1,0,unknown,1,older
admin.,single,secondary,no,862,no,no,cellular,20,nov,1,122,2,failure,0,young
entrepreneur,married,tertiary,no,281,yes,no,unknown,6,may,2,-1,0,unknown,0,young
technician,single,tertiary,no,5234,no,no,unknown,2,jun,3,-1,0,unknown,0,young
blue-collar,divorced,secondary,no,-209,yes,no,cellular,8,may,3,367,2,failure,0,young
management,married,unknown,no,2466,no,no,telephone,27,mar,1,-1,0,unknown,0,older
admin.,divorced,secondary,no,24,yes,no,cellular,6,may,2,-1,0,unknown,0,older
management,single,tertiary,no,243,yes,no,cellular,7,may,2,360,3,failure,0,young
blue-collar,married,unknown,no,2635,no,no,cellular,7,aug,2,-1,0,unknown,0,older
blue-collar,married,secondary,no,50,yes,yes,cellular,11,jul,2,-1,0,unknown,0,young
admin.,divorced,secondary,no,0,yes,yes,cellular,5,may,1,-1,0,unknown,0,young
services,married,secondary,no,586,yes,yes,unknown,8,may,2,-1,0,unknown,0,young
management,single,tertiary,no,2364,no,no,cellular,17,may,1,-1,0,unknown,1,young
technician,single,tertiary,no,523,no,no,cellular,8,aug,1,-1,0,unknown,0,young
technician,married,secondary,no,660,no,no,cellular,25,oct,2,490,1,failure,1,young
management,divorced,secondary,no,270,no,no,unknown,12,jun,1,-1,0,unknown,0,older
management,divorced,secondary,no,361,yes,no,unknown,19,may,7,-1,0,unknown,0,older
management,married,tertiary,no,569,yes,no,unknown,30,may,1,-1,0,unknown,0,young
blue-collar,single,primary,no,37,yes,no,cellular,18,may,5,-1,0,unknown,0,young
management,married,tertiary,no,179,yes,no,cellular,20,nov,1,-1,0,unknown,0,young
technician,married,secondary,no,0,no,no,cellular,30,apr,1,259,2,other,1,older
management,married,tertiary,no,460,no,no,cellular,28,jan,1,-1,0,unknown,0,older
blue-collar,married,secondary,no,0,no,yes,cellular,15,jul,4,-1,0,unknown,1,young
technician,married,tertiary,no,1062,no,no,unknown,20,jun,2,-1,0,unknown,0,older
blue-collar,single,secondary,no,959,yes,no,cellular,7,may,1,-1,0,unknown,0,young
admin.,married,secondary,no,670,yes,no,cellular,25,jul,3,-1,0,unknown,0,young
admin.,married,secondary,no,9779,yes,yes,unknown,28,may,2,-1,0,unknown,0,young
blue-collar,married,secondary,no,-605,yes,yes,unknown,3,jun,1,-1,0,unknown,0,young
blue-collar,married,secondary,no,313,yes,no,cellular,20,apr,2,343,3,other,0,young
technician,single,secondary,no,479,no,no,unknown,20,may,5,-1,0,unknown,0,older
technician,married,unknown,no,-509,no,yes,cellular,8,jul,1,-1,0,unknown,0,older
services,married,secondary,no,1273,yes,no,unknown,23,may,1,-1,0,unknown,0,young
entrepreneur,married,tertiary,no,1859,yes,no,cellular,14,jul,2,-1,0,unknown,0,young
management,married,tertiary,no,0,yes,yes,cellular,7,may,3,343,5,failure,0,older
admin.,married,unknown,no,1998,yes,no,cellular,20,nov,4,-1,0,unknown,0,older
management,married,tertiary,no,583,no,no,cellular,17,may,1,181,3,success,1,older
blue-collar,single,secondary,no,33,yes,no,unknown,15,may,4,-1,0,unknown,0,young
services,married,secondary,no,368,yes,no,cellular,20,apr,5,-1,0,unknown,0,young
management,married,tertiary,no,1932,yes,no,cellular,17,nov,1,-1,0,unknown,0,older
services,single,secondary,no,50,no,no,cellular,19,nov,1,154,8,other,0,young
blue-collar,married,primary,no,7424,yes,no,unknown,21,oct,1,-1,0,unknown,0,young
entrepreneur,married,tertiary,no,16125,no,no,telephone,7,may,2,167,1,failure,0,older
services,married,secondary,no,841,yes,no,cellular,7,jul,2,-1,0,unknown,0,older
management,married,tertiary,no,2428,yes,no,cellular,21,nov,1,116,3,failure,0,older
admin.,single,secondary,no,245,yes,no,cellular,6,may,1,-1,0,unknown,0,young
housemaid,married,primary,no,2410,no,no,cellular,4,aug,1,-1,0,unknown,0,young
student,single,secondary,no,948,no,no,telephone,25,feb,1,191,3,success,1,young
unknown,married,secondary,no,0,no,no,cellular,28,aug,2,-1,0,unknown,0,older
technician,divorced,secondary,no,1738,no,no,cellular,21,nov,1,106,2,failure,0,older
technician,single,secondary,no,2034,yes,no,unknown,21,may,1,-1,0,unknown,0,young
admin.,married,secondary,no,242,yes,no,cellular,20,aug,4,-1,0,unknown,0,older
technician,married,tertiary,no,4313,yes,no,unknown,18,nov,2,-1,0,unknown,0,young
admin.,married,secondary,no,697,no,no,cellular,14,aug,4,-1,0,unknown,0,older
blue-collar,married,primary,no,3820,no,no,unknown,15,may,1,-1,0,unknown,0,older
admin.,married,secondary,no,953,yes,no,cellular,17,aug,1,81,2,failure,0,young
housemaid,married,primary,no,715,no,no,cellular,11,mar,1,-1,0,unknown,1,older
housemaid,married,tertiary,no,5473,no,no,cellular,24,aug,2,-1,0,unknown,1,older
management,married,tertiary,no,795,no,no,cellular,28,aug,24,-1,0,unknown,0,older
blue-collar,married,unknown,no,37,yes,no,unknown,7,may,6,-1,0,unknown,0,older
services,married,primary,no,2618,yes,no,cellular,5,may,2,165,2,failure,0,older
blue-collar,single,primary,no,109,yes,no,telephone,12,may,2,370,2,failure,0,young
management,married,tertiary,no,3395,no,no,cellular,7,aug,2,-1,0,unknown,0,older
blue-collar,married,primary,no,578,yes,no,cellular,13,may,2,-1,0,unknown,0,young
retired,married,secondary,no,-686,no,yes,unknown,2,jun,3,-1,0,unknown,0,older
management,married,unknown,no,559,no,no,cellular,28,jan,2,-1,0,unknown,0,older
blue-collar,single,secondary,no,1550,yes,yes,cellular,13,may,3,-1,0,unknown,0,young
admin.,married,tertiary,no,1717,no,yes,unknown,2,jul,2,-1,0,unknown,0,young
admin.,single,secondary,no,685,yes,no,unknown,6,jun,2,-1,0,unknown,0,young
technician,divorced,tertiary,no,7318,no,no,unknown,20,jun,5,-1,0,unknown,0,older
technician,single,tertiary,no,6,no,no,cellular,25,aug,4,-1,0,unknown,0,young
management,single,tertiary,no,0,yes,no,unknown,3,jun,1,-1,0,unknown,0,young
admin.,married,secondary,no,476,no,no,cellular,6,aug,1,364,1,other,1,older
technician,married,secondary,no,654,yes,yes,unknown,16,jun,2,-1,0,unknown,0,older
services,married,secondary,no,2965,yes,no,cellular,13,may,3,-1,0,unknown,1,older
management,married,primary,no,0,yes,no,unknown,5,jun,1,-1,0,unknown,0,older
admin.,divorced,secondary,no,961,no,no,cellular,5,apr,2,430,2,failure,0,young
management,single,secondary,no,24,yes,yes,cellular,11,aug,4,-1,0,unknown,0,young
management,married,unknown,no,5043,yes,yes,cellular,8,apr,1,-1,0,unknown,0,older
self-employed,single,tertiary,no,3972,no,no,cellular,30,jul,3,-1,0,unknown,0,young
management,divorced,tertiary,no,0,yes,no,cellular,8,may,2,-1,0,unknown,0,young
services,single,secondary,no,862,yes,yes,unknown,20,may,2,-1,0,unknown,0,young
technician,married,secondary,no,276,yes,no,cellular,15,may,1,368,1,failure,0,older
management,married,tertiary,no,1133,yes,no,cellular,3,nov,1,-1,0,unknown,1,young
admin.,married,secondary,no,526,no,yes,cellular,31,jul,3,-1,0,unknown,0,older
blue-collar,married,primary,no,2135,no,no,unknown,9,jun,1,-1,0,unknown,0,older
technician,married,tertiary,no,4654,yes,yes,cellular,15,jul,2,-1,0,unknown,0,young
management,married,unknown,no,2326,yes,yes,cellular,16,sep,1,-1,0,unknown,1,young
services,single,secondary,no,732,yes,no,cellular,17,apr,2,-1,0,unknown,0,young
self-employed,married,tertiary,no,192,yes,no,cellular,7,may,1,-1,0,unknown,0,older
services,married,secondary,no,6567,yes,no,cellular,21,jul,1,-1,0,unknown,0,young
housemaid,married,secondary,no,864,no,no,cellular,14,aug,2,-1,0,unknown,0,young
blue-collar,married,primary,no,3764,no,no,telephone,9,mar,3,181,6,success,1,older
management,married,tertiary,no,1069,no,no,cellular,29,jul,2,-1,0,unknown,0,older
management,single,tertiary,no,1169,yes,no,unknown,21,may,2,-1,0,unknown,0,young
admin.,divorced,secondary,no,912,yes,no,unknown,19,may,1,-1,0,unknown,0,older
management,single,tertiary,no,4210,no,no,cellular,12,aug,4,-1,0,unknown,1,young
blue-collar,single,secondary,no,183,yes,no,cellular,18,jul,1,-1,0,unknown,1,young
blue-collar,married,secondary,no,345,yes,no,cellular,15,jul,3,-1,0,unknown,0,young
technician,divorced,secondary,no,2686,no,no,cellular,14,aug,4,-1,0,unknown,0,young
management,married,secondary,no,4025,yes,no,cellular,21,nov,2,129,4,failure,0,young
blue-collar,single,secondary,yes,-220,no,no,cellular,8,jul,1,-1,0,unknown,0,young
management,single,tertiary,no,593,yes,no,cellular,29,jan,3,-1,0,unknown,0,older
unemployed,single,secondary,no,2613,yes,no,cellular,30,jul,6,-1,0,unknown,0,older
student,single,secondary,no,2015,no,no,cellular,25,jan,1,245,1,other,0,young
management,married,secondary,no,-329,yes,no,cellular,8,jul,3,-1,0,unknown,0,young
entrepreneur,married,tertiary,no,745,no,no,cellular,8,aug,1,-1,0,unknown,0,young
technician,single,tertiary,no,313,no,yes,cellular,8,jul,2,-1,0,unknown,0,young
unemployed,single,secondary,yes,-1270,no,yes,telephone,7,jul,2,-1,0,unknown,0,young
blue-collar,married,secondary,no,0,yes,no,unknown,5,jun,2,-1,0,unknown,0,older
blue-collar,married,primary,no,195,yes,no,unknown,16,may,5,-1,0,unknown,0,older
self-employed,single,tertiary,no,41,no,no,telephone,29,aug,2,-1,0,unknown,0,young
management,married,secondary,no,2,yes,no,cellular,22,jul,5,-1,0,unknown,0,young
retired,married,tertiary,no,4912,no,no,telephone,20,apr,2,181,3,failure,0,older
technician,divorced,secondary,no,12,no,no,cellular,28,aug,3,-1,0,unknown,0,older
blue-collar,married,secondary,no,59,yes,yes,cellular,14,may,3,356,2,failure,0,young
blue-collar,married,secondary,no,0,yes,no,unknown,29,may,2,-1,0,unknown,0,older
management,married,tertiary,no,193,no,no,cellular,30,apr,1,269,1,failure,1,older
admin.,single,secondary,no,314,no,yes,cellular,23,apr,4,156,1,other,0,young
blue-collar,single,secondary,no,735,yes,no,unknown,4,jun,3,-1,0,unknown,0,young
services,divorced,secondary,no,0,yes,yes,unknown,15,may,1,-1,0,unknown,0,older
student,single,tertiary,no,2764,yes,no,cellular,18,may,2,354,2,failure,0,young
blue-collar,married,unknown,no,605,yes,no,unknown,15,may,1,-1,0,unknown,0,older
blue-collar,single,secondary,no,148,no,no,cellular,22,jul,1,-1,0,unknown,0,young
management,married,tertiary,no,5320,yes,no,unknown,20,jun,1,-1,0,unknown,1,older
services,divorced,primary,no,-644,no,no,cellular,18,aug,3,-1,0,unknown,0,older
blue-collar,married,primary,no,236,yes,no,unknown,20,may,2,-1,0,unknown,0,young
blue-collar,married,primary,no,494,no,no,cellular,14,aug,10,-1,0,unknown,0,older
unemployed,divorced,secondary,no,0,no,no,unknown,11,jun,1,-1,0,unknown,0,young
technician,divorced,secondary,no,0,yes,no,cellular,13,aug,2,91,6,failure,0,older
management,married,primary,no,589,no,no,cellular,29,jan,2,-1,0,unknown,0,older
services,married,secondary,no,7,yes,no,unknown,20,may,1,-1,0,unknown,0,young
blue-collar,single,secondary,no,855,yes,no,cellular,12,may,1,300,1,success,1,young
unemployed,divorced,secondary,no,1005,yes,no,unknown,20,may,2,-1,0,unknown,0,young
retired,divorced,primary,no,86,no,no,cellular,12,aug,1,-1,0,unknown,0,older
self-employed,divorced,tertiary,no,4,yes,no,unknown,6,may,3,-1,0,unknown,0,older
blue-collar,married,secondary,no,522,yes,yes,cellular,5,feb,2,-1,0,unknown,0,young
retired,married,tertiary,no,307,no,yes,unknown,11,jun,5,-1,0,unknown,0,older
technician,single,secondary,no,312,yes,no,unknown,6,may,1,-1,0,unknown,0,young
technician,married,secondary,no,180,no,no,cellular,26,may,1,70,2,success,0,young
blue-collar,married,secondary,no,439,yes,no,unknown,21,may,5,-1,0,unknown,0,young
blue-collar,married,secondary,no,0,no,no,cellular,30,jul,2,-1,0,unknown,1,older
technician,single,tertiary,no,5122,yes,no,unknown,20,may,1,-1,0,unknown,0,young
self-employed,single,secondary,no,78,yes,no,unknown,9,may,1,-1,0,unknown,0,young
self-employed,married,secondary,no,220,yes,yes,cellular,15,may,3,-1,0,unknown,0,young
unemployed,single,secondary,no,221,no,no,cellular,29,jan,1,-1,0,unknown,0,young
housemaid,married,secondary,no,0,yes,no,telephone,28,jul,2,-1,0,unknown,0,older
management,single,tertiary,no,0,yes,no,unknown,23,may,1,-1,0,unknown,0,young
management,divorced,tertiary,no,490,yes,no,unknown,7,may,2,-1,0,unknown,0,young
services,married,secondary,no,817,yes,no,cellular,18,may,3,-1,0,unknown,0,young
blue-collar,single,secondary,no,2430,yes,yes,cellular,19,nov,2,145,3,failure,0,older
admin.,married,secondary,no,641,no,no,cellular,4,aug,1,1,1,other,0,older
retired,married,unknown,no,775,no,no,cellular,26,jan,4,96,3,success,1,older
services,married,secondary,no,202,yes,no,cellular,17,nov,2,104,1,failure,1,older
technician,single,unknown,no,1077,yes,no,telephone,31,jul,2,-1,0,unknown,0,older
blue-collar,single,secondary,no,348,yes,no,cellular,14,may,3,358,1,other,0,young
technician,divorced,secondary,no,592,yes,no,cellular,7,may,3,-1,0,unknown,0,young
admin.,married,secondary,no,14,no,yes,cellular,18,may,9,353,5,failure,0,older
blue-collar,married,secondary,no,489,yes,no,unknown,2,jun,1,-1,0,unknown,0,young
management,single,secondary,no,516,yes,no,cellular,28,jul,2,-1,0,unknown,0,young
technician,married,secondary,no,15474,no,no,cellular,21,nov,1,92,2,other,0,young
technician,single,secondary,no,335,yes,no,cellular,20,apr,3,-1,0,unknown,0,young
blue-collar,divorced,primary,no,-110,yes,no,cellular,12,may,1,-1,0,unknown,0,older
admin.,single,tertiary,no,1535,no,no,cellular,18,aug,4,-1,0,unknown,0,young
retired,married,secondary,no,63,no,no,cellular,27,aug,2,-1,0,unknown,0,older
technician,single,secondary,no,769,yes,no,cellular,15,may,1,371,2,failure,0,young
admin.,married,secondary,no,447,yes,yes,unknown,14,may,5,-1,0,unknown,0,older
management,married,tertiary,no,1147,no,no,cellular,27,feb,1,-1,0,unknown,0,older
entrepreneur,married,secondary,no,0,yes,yes,unknown,8,may,1,-1,0,unknown,0,young
admin.,divorced,secondary,no,1713,no,no,unknown,15,may,2,-1,0,unknown,0,older
admin.,single,secondary,no,470,yes,no,unknown,20,jun,2,-1,0,unknown,0,young
blue-collar,married,secondary,no,2044,yes,yes,cellular,29,jul,5,-1,0,unknown,0,older
management,single,secondary,no,516,yes,no,cellular,28,jul,2,-1,0,unknown,0,young
housemaid,married,primary,no,267,no,no,unknown,9,jun,5,-1,0,unknown,0,young
student,single,tertiary,no,2182,yes,no,cellular,12,may,1,292,1,other,0,young
technician,married,primary,no,5,no,no,unknown,21,may,2,-1,0,unknown,0,young
admin.,single,secondary,no,375,yes,no,cellular,17,apr,1,-1,0,unknown,0,young
admin.,single,secondary,no,265,yes,no,cellular,25,may,1,-1,0,unknown,0,young
technician,single,secondary,no,1548,yes,no,cellular,21,nov,6,-1,0,unknown,0,older
admin.,married,secondary,no,0,yes,no,cellular,10,jul,1,-1,0,unknown,0,young
admin.,divorced,tertiary,no,195,yes,no,cellular,29,jan,1,-1,0,unknown,0,young
technician,married,secondary,no,1569,no,no,cellular,11,aug,2,-1,0,unknown,0,young
management,married,tertiary,no,5450,no,no,cellular,8,aug,2,-1,0,unknown,0,older
technician,married,secondary,no,0,yes,no,cellular,23,oct,1,184,1,success,0,young
services,married,secondary,no,70,yes,yes,unknown,23,may,4,-1,0,unknown,0,young
admin.,single,secondary,no,0,yes,no,cellular,18,jul,1,-1,0,unknown,0,young
management,single,tertiary,no,1027,yes,no,cellular,1,oct,1,119,1,failure,1,young
admin.,single,secondary,no,113,yes,no,unknown,6,may,1,-1,0,unknown,0,young
admin.,married,secondary,no,0,yes,no,unknown,23,may,2,-1,0,unknown,0,older
technician,married,secondary,no,1337,no,no,unknown,26,may,6,-1,0,unknown,0,young
management,single,tertiary,no,59,yes,yes,cellular,6,may,2,363,1,failure,1,young
management,married,tertiary,no,422,yes,no,cellular,3,feb,5,-1,0,unknown,0,young
management,married,tertiary,no,3401,no,no,cellular,20,nov,1,-1,0,unknown,1,young
management,single,tertiary,no,1011,yes,no,unknown,12,may,4,-1,0,unknown,0,young
admin.,single,secondary,no,0,yes,yes,cellular,3,sep,2,463,6,failure,0,young
entrepreneur,married,tertiary,no,121,no,no,cellular,10,aug,1,-1,0,unknown,1,older
admin.,married,secondary,no,31,yes,no,unknown,7,may,1,-1,0,unknown,0,older
self-employed,single,tertiary,no,1788,no,no,cellular,27,aug,15,-1,0,unknown,0,young
entrepreneur,single,tertiary,no,-880,no,yes,cellular,24,jul,3,-1,0,unknown,0,young
blue-collar,married,secondary,no,-102,no,no,cellular,25,jul,1,-1,0,unknown,0,young
admin.,single,secondary,no,105,yes,no,cellular,21,nov,1,-1,0,unknown,0,young
blue-collar,married,primary,no,-167,no,no,cellular,7,jul,1,-1,0,unknown,0,older
admin.,married,tertiary,no,184,no,no,unknown,5,may,2,-1,0,unknown,1,older
admin.,married,primary,no,239,yes,no,unknown,2,jun,2,-1,0,unknown,0,young
management,divorced,secondary,no,1287,yes,no,cellular,14,may,1,-1,0,unknown,0,young
services,married,tertiary,no,6,yes,no,cellular,5,may,2,342,2,failure,0,young
management,married,tertiary,no,2939,no,no,cellular,6,oct,1,99,3,failure,1,young
blue-collar,single,secondary,no,-745,yes,no,unknown,13,may,1,-1,0,unknown,0,young
blue-collar,married,secondary,no,1004,yes,no,unknown,15,may,1,-1,0,unknown,0,older
management,married,tertiary,no,2809,yes,no,cellular,27,aug,9,-1,0,unknown,0,older
management,married,secondary,yes,0,no,yes,cellular,23,jul,1,-1,0,unknown,0,young
management,married,tertiary,no,2360,no,no,unknown,15,may,3,-1,0,unknown,0,older
technician,married,secondary,no,1423,no,no,telephone,4,sep,1,91,1,other,0,older
technician,single,secondary,no,0,no,no,cellular,21,aug,4,-1,0,unknown,0,young
services,divorced,secondary,no,0,no,no,unknown,21,may,4,-1,0,unknown,0,young
admin.,married,secondary,no,2747,no,no,cellular,17,nov,2,-1,0,unknown,0,older
technician,married,secondary,no,694,yes,no,cellular,23,jul,5,-1,0,unknown,0,young
technician,married,tertiary,no,101,yes,yes,cellular,7,jul,3,-1,0,unknown,0,young
blue-collar,married,primary,no,407,yes,yes,telephone,10,jul,2,-1,0,unknown,0,older
blue-collar,married,primary,no,4,no,yes,unknown,20,jun,1,-1,0,unknown,0,older
management,divorced,tertiary,no,157,yes,no,cellular,12,aug,2,-1,0,unknown,0,young
student,single,secondary,no,547,no,no,telephone,5,may,1,-1,0,unknown,0,young
self-employed,married,tertiary,no,229,no,no,cellular,29,jan,1,-1,0,unknown,0,young
blue-collar,married,primary,no,359,no,no,telephone,26,aug,14,-1,0,unknown,0,older
technician,single,secondary,no,210,no,no,cellular,2,feb,1,-1,0,unknown,0,young
management,married,tertiary,no,6657,yes,no,cellular,29,jul,19,-1,0,unknown,0,older
retired,married,secondary,no,5744,no,no,unknown,18,jun,1,-1,0,unknown,0,older
services,single,secondary,no,117,yes,no,cellular,11,may,1,-1,0,unknown,0,young
retired,married,primary,no,-63,yes,no,cellular,7,jul,5,-1,0,unknown,0,older
services,single,secondary,no,313,yes,no,cellular,14,jul,3,-1,0,unknown,0,young
technician,married,secondary,no,188,no,yes,telephone,31,jul,25,-1,0,unknown,0,older
technician,single,secondary,no,5731,yes,no,cellular,4,may,2,167,4,other,0,young
technician,divorced,secondary,no,1648,no,no,cellular,17,nov,1,-1,0,unknown,0,older
student,single,secondary,no,382,no,no,cellular,13,aug,1,105,2,success,0,young
student,single,secondary,no,1925,no,no,cellular,25,may,1,88,4,failure,1,young
retired,married,secondary,no,8332,no,no,cellular,13,aug,4,-1,0,unknown,0,older
blue-collar,married,secondary,no,157,yes,no,cellular,11,jul,2,-1,0,unknown,0,young
retired,married,secondary,no,263,no,no,unknown,6,jun,3,-1,0,unknown,0,young
technician,single,secondary,no,4,no,no,cellular,13,aug,2,-1,0,unknown,0,young
services,married,secondary,no,2813,no,no,unknown,12,jun,2,-1,0,unknown,0,young
services,married,secondary,no,-363,yes,no,cellular,7,aug,2,-1,0,unknown,0,older
admin.,married,unknown,no,-337,yes,no,unknown,12,may,2,-1,0,unknown,0,older
blue-collar,married,secondary,no,1074,no,no,cellular,2,feb,1,-1,0,unknown,0,young
technician,married,secondary,no,4299,yes,no,unknown,29,may,3,-1,0,unknown,0,older
retired,married,tertiary,no,197,no,yes,cellular,8,jul,1,-1,0,unknown,0,older
management,married,tertiary,no,269,yes,no,cellular,15,jul,2,-1,0,unknown,0,older
unemployed,married,secondary,no,2423,yes,no,cellular,4,feb,1,-1,0,unknown,0,older
services,single,secondary,no,339,no,no,cellular,3,dec,1,182,1,success,1,young
admin.,single,secondary,no,314,no,yes,cellular,23,apr,4,156,1,other,0,young
services,single,secondary,no,266,no,yes,cellular,7,jul,1,-1,0,unknown,0,young
admin.,married,secondary,no,262,yes,no,unknown,4,jun,3,-1,0,unknown,0,young
entrepreneur,married,secondary,no,714,yes,yes,cellular,13,may,2,-1,0,unknown,1,young
services,married,secondary,no,372,yes,no,cellular,11,jul,1,-1,0,unknown,0,young
management,single,tertiary,no,41,yes,no,cellular,18,aug,2,-1,0,unknown,0,young
student,single,secondary,no,948,no,no,telephone,18,aug,1,197,2,failure,1,young
management,divorced,tertiary,no,5455,yes,no,unknown,27,may,3,-1,0,unknown,0,young
services,married,secondary,no,134,yes,no,cellular,17,apr,1,-1,0,unknown,0,young
blue-collar,married,secondary,no,290,yes,no,cellular,10,jul,1,-1,0,unknown,0,young
technician,married,tertiary,no,7050,no,no,cellular,7,aug,1,-1,0,unknown,1,young
blue-collar,married,secondary,no,668,yes,no,cellular,4,may,6,354,2,success,0,older
blue-collar,married,secondary,no,-274,yes,no,cellular,10,jul,1,-1,0,unknown,0,older
management,divorced,tertiary,no,481,yes,no,cellular,3,jun,1,20,1,other,1,older
management,married,tertiary,no,926,yes,no,cellular,17,nov,1,-1,0,unknown,0,older
blue-collar,married,primary,no,556,yes,no,telephone,12,may,1,-1,0,unknown,0,older
blue-collar,married,primary,no,714,yes,no,unknown,29,may,3,-1,0,unknown,0,young
student,single,secondary,no,597,yes,no,cellular,20,apr,3,-1,0,unknown,1,young
entrepreneur,married,primary,no,55,no,no,cellular,2,jun,1,-1,0,unknown,0,older
blue-collar,divorced,secondary,no,157,no,no,unknown,9,jun,5,-1,0,unknown,0,young
student,single,secondary,no,188,yes,no,cellular,31,jul,5,-1,0,unknown,0,young
blue-collar,married,primary,no,4,yes,no,unknown,8,may,1,-1,0,unknown,0,older
management,single,tertiary,no,545,yes,no,cellular,29,jan,1,-1,0,unknown,0,older
self-employed,married,primary,no,66,yes,no,unknown,7,may,5,-1,0,unknown,0,older
management,single,tertiary,no,1720,no,no,cellular,14,sep,1,91,4,success,1,young
technician,single,secondary,no,0,no,no,cellular,21,aug,1,-1,0,unknown,0,young
technician,married,secondary,no,767,yes,yes,unknown,6,may,1,-1,0,unknown,0,older
admin.,divorced,secondary,no,361,no,yes,cellular,20,nov,1,-1,0,unknown,0,older
blue-collar,married,secondary,no,379,no,no,cellular,8,aug,5,-1,0,unknown,0,young
services,married,secondary,no,1078,no,no,telephone,21,jul,2,-1,0,unknown,0,young
self-employed,married,primary,no,185,yes,no,unknown,29,may,3,-1,0,unknown,0,young
self-employed,single,secondary,no,532,yes,no,unknown,16,may,7,-1,0,unknown,0,young
retired,divorced,secondary,no,514,no,no,cellular,16,mar,1,124,9,other,1,older
services,single,secondary,no,167,yes,no,cellular,7,apr,2,-1,0,unknown,0,young
self-employed,married,tertiary,no,34247,yes,no,cellular,17,nov,2,-1,0,unknown,0,older
technician,married,secondary,no,2149,yes,no,cellular,15,oct,1,183,2,success,0,older
admin.,single,secondary,no,1022,yes,no,unknown,5,may,2,-1,0,unknown,0,older
technician,married,secondary,no,1247,yes,no,unknown,23,may,3,-1,0,unknown,0,young
blue-collar,married,secondary,no,140,yes,no,unknown,6,may,3,-1,0,unknown,0,older
technician,single,tertiary,no,313,no,yes,cellular,8,jul,2,-1,0,unknown,0,young
retired,married,primary,no,2600,no,no,cellular,3,feb,2,82,3,success,1,older
blue-collar,married,primary,no,229,no,no,telephone,8,jul,2,-1,0,unknown,0,young
blue-collar,married,secondary,no,1128,yes,yes,unknown,27,jun,3,-1,0,unknown,0,young
services,married,secondary,no,314,yes,yes,telephone,5,feb,3,-1,0,unknown,0,young
blue-collar,married,secondary,no,625,yes,no,cellular,2,jul,2,49,3,failure,1,young
management,single,tertiary,no,62,no,no,telephone,31,jul,34,-1,0,unknown,0,young
retired,married,secondary,no,0,no,no,telephone,31,jul,2,-1,0,unknown,0,older
technician,married,primary,no,0,yes,no,unknown,6,may,4,-1,0,unknown,0,young
admin.,married,secondary,no,0,no,no,unknown,5,jun,1,-1,0,unknown,0,older
self-employed,married,tertiary,no,350,no,no,cellular,3,feb,3,-1,0,unknown,0,older
self-employed,single,tertiary,no,538,yes,yes,cellular,19,nov,1,195,9,failure,0,young
blue-collar,divorced,primary,no,5,no,no,cellular,29,jul,2,-1,0,unknown,1,older
admin.,married,secondary,no,132,no,no,cellular,19,aug,1,84,3,success,1,older
management,single,tertiary,no,1373,yes,no,cellular,5,may,5,349,2,failure,0,young
technician,single,secondary,no,-569,yes,no,cellular,6,may,1,-1,0,unknown,0,young
technician,married,secondary,no,286,no,no,cellular,20,apr,1,343,4,failure,0,young
blue-collar,married,secondary,no,130,yes,no,unknown,30,may,1,-1,0,unknown,0,older
blue-collar,married,unknown,no,444,no,no,cellular,8,mar,6,279,2,failure,0,young
technician,married,unknown,no,906,yes,no,cellular,5,feb,2,-1,0,unknown,0,older
blue-collar,married,primary,no,-365,yes,no,cellular,15,may,1,-1,0,unknown,0,young
management,married,tertiary,no,1654,no,yes,cellular,21,nov,1,-1,0,unknown,0,young
technician,married,tertiary,no,264,yes,no,cellular,19,aug,7,-1,0,unknown,0,young
services,married,unknown,no,4822,yes,no,unknown,21,may,5,-1,0,unknown,0,older
admin.,single,secondary,no,1327,no,no,cellular,30,mar,4,-1,0,unknown,0,young
blue-collar,married,secondary,no,225,yes,no,cellular,18,nov,1,-1,0,unknown,0,young
admin.,married,secondary,no,6429,yes,yes,unknown,27,may,2,-1,0,unknown,0,young
management,single,tertiary,no,697,no,no,cellular,29,oct,3,80,5,success,1,young
admin.,divorced,secondary,no,-607,yes,no,cellular,8,may,2,353,2,failure,0,young
admin.,single,secondary,no,79,yes,no,cellular,28,jul,3,-1,0,unknown,0,young
admin.,married,secondary,no,1239,no,no,cellular,19,nov,1,-1,0,unknown,0,older
management,married,tertiary,no,0,no,no,cellular,25,aug,4,-1,0,unknown,0,young
blue-collar,single,secondary,no,369,no,yes,cellular,20,nov,1,-1,0,unknown,0,young
blue-collar,married,primary,no,243,no,yes,cellular,11,jul,2,-1,0,unknown,0,young
technician,single,secondary,no,5637,yes,no,unknown,30,may,3,-1,0,unknown,1,young
blue-collar,single,secondary,no,191,yes,no,cellular,6,may,1,-1,0,unknown,1,young
technician,single,secondary,yes,0,no,yes,cellular,16,jul,1,-1,0,unknown,0,young
blue-collar,single,unknown,no,2835,yes,no,unknown,28,may,1,-1,0,unknown,0,older
blue-collar,single,secondary,no,539,yes,no,unknown,2,jun,2,-1,0,unknown,0,young
admin.,married,secondary,no,17,yes,no,cellular,13,may,1,351,1,failure,0,young
blue-collar,married,secondary,no,7119,no,yes,telephone,20,nov,3,-1,0,unknown,1,older
technician,single,secondary,no,471,yes,no,unknown,3,jun,2,-1,0,unknown,0,young
blue-collar,single,secondary,no,232,no,no,unknown,13,dec,1,-1,0,unknown,0,young
retired,married,secondary,no,13834,no,no,cellular,11,aug,1,-1,0,unknown,0,older
services,divorced,secondary,no,2015,yes,no,cellular,19,nov,1,-1,0,unknown,0,older
management,married,secondary,no,2130,no,no,cellular,20,aug,4,-1,0,unknown,0,older
housemaid,married,secondary,no,962,yes,no,cellular,29,oct,3,-1,0,unknown,1,older
blue-collar,married,primary,no,240,yes,no,unknown,21,may,3,-1,0,unknown,0,young
housemaid,single,secondary,no,0,yes,no,cellular,25,jul,4,-1,0,unknown,0,young
blue-collar,divorced,primary,no,1805,no,no,cellular,7,jul,1,-1,0,unknown,0,older
retired,married,secondary,no,-324,yes,no,cellular,7,may,2,-1,0,unknown,0,older
blue-collar,single,secondary,no,3,no,no,cellular,19,nov,1,-1,0,unknown,1,young
management,married,tertiary,no,840,no,no,telephone,5,feb,3,-1,0,unknown,1,older
blue-collar,married,primary,no,1666,yes,no,unknown,9,jun,13,-1,0,unknown,0,older
management,married,tertiary,no,226,no,no,cellular,28,jan,1,-1,0,unknown,0,older
management,single,tertiary,no,968,yes,no,cellular,22,aug,6,-1,0,unknown,0,young
retired,single,primary,no,434,no,no,unknown,5,may,1,-1,0,unknown,0,young
admin.,single,tertiary,no,490,yes,no,cellular,7,may,1,363,2,failure,0,young
management,single,tertiary,no,4402,no,no,telephone,10,dec,1,190,1,other,1,older
admin.,single,secondary,no,1318,no,yes,unknown,24,jun,3,-1,0,unknown,0,older
blue-collar,married,primary,no,-14,yes,no,cellular,18,nov,2,-1,0,unknown,0,older
management,married,tertiary,no,0,no,no,cellular,12,oct,2,182,6,failure,0,older
self-employed,married,tertiary,no,543,yes,yes,unknown,4,jun,6,-1,0,unknown,1,young
housemaid,married,primary,no,0,no,yes,telephone,22,jul,1,-1,0,unknown,0,older
blue-collar,married,tertiary,no,1784,no,no,unknown,12,jun,1,-1,0,unknown,0,older
entrepreneur,married,secondary,no,0,no,no,cellular,29,jul,12,-1,0,unknown,0,older
management,single,tertiary,no,283,yes,no,cellular,14,may,1,-1,0,unknown,0,young
housemaid,married,primary,no,267,no,no,unknown,9,jun,5,-1,0,unknown,0,young
technician,married,primary,no,755,no,yes,cellular,31,jul,4,-1,0,unknown,1,older
services,married,secondary,no,1549,yes,no,unknown,14,may,6,-1,0,unknown,0,older
technician,married,secondary,no,0,no,no,cellular,27,aug,14,-1,0,unknown,0,young
management,married,tertiary,no,1602,no,no,cellular,21,nov,10,115,3,failure,0,older
technician,married,secondary,no,712,yes,yes,cellular,22,aug,5,-1,0,unknown,0,young
blue-collar,married,primary,no,33,no,yes,cellular,8,jul,2,-1,0,unknown,0,young
admin.,single,primary,no,-258,yes,no,unknown,28,may,2,-1,0,unknown,0,young
blue-collar,married,primary,no,251,yes,no,unknown,7,may,2,-1,0,unknown,0,young
technician,married,tertiary,no,60,no,no,cellular,19,aug,2,-1,0,unknown,0,young
services,single,secondary,yes,0,no,yes,cellular,22,jul,10,-1,0,unknown,0,young
blue-collar,single,primary,no,1628,yes,no,cellular,5,feb,1,195,8,success,0,older
management,married,tertiary,no,392,no,no,cellular,26,aug,3,-1,0,unknown,0,young
blue-collar,married,secondary,no,26,yes,no,cellular,8,may,2,368,1,failure,0,older
technician,single,tertiary,no,26,no,no,cellular,21,aug,4,-1,0,unknown,0,young
technician,single,secondary,no,268,yes,no,unknown,30,may,9,-1,0,unknown,0,young
student,single,secondary,no,502,yes,no,telephone,7,may,1,-1,0,unknown,0,young
management,single,tertiary,no,35,yes,no,cellular,18,jul,3,-1,0,unknown,0,young
technician,single,secondary,no,430,yes,yes,unknown,30,may,3,-1,0,unknown,0,young
technician,married,tertiary,no,107,yes,no,cellular,29,jul,13,-1,0,unknown,0,young
technician,married,primary,no,1569,no,no,cellular,14,jan,1,196,1,other,0,older
unknown,single,primary,no,10,no,no,unknown,18,jun,6,-1,0,unknown,0,older
management,married,tertiary,no,-45,no,no,cellular,2,feb,1,-1,0,unknown,0,young
entrepreneur,married,tertiary,no,865,no,no,cellular,21,nov,2,-1,0,unknown,0,young
blue-collar,married,unknown,no,83,yes,no,cellular,11,may,1,-1,0,unknown,0,young
management,married,tertiary,no,288,no,no,cellular,18,aug,3,-1,0,unknown,0,older
blue-collar,divorced,primary,no,39,yes,no,unknown,13,may,1,-1,0,unknown,0,older
self-employed,married,primary,no,67,no,no,cellular,31,jul,3,-1,0,unknown,0,young
management,married,tertiary,no,15904,no,no,cellular,7,aug,4,-1,0,unknown,0,older
management,married,tertiary,no,37,yes,no,cellular,30,jul,4,-1,0,unknown,0,older
admin.,married,secondary,no,212,yes,no,cellular,18,jul,3,-1,0,unknown,0,young
retired,married,secondary,no,289,no,no,cellular,10,jul,1,-1,0,unknown,0,older
blue-collar,married,primary,no,620,yes,no,cellular,20,aug,2,-1,0,unknown,0,older
admin.,divorced,secondary,no,242,yes,no,unknown,23,may,1,-1,0,unknown,0,older
services,single,secondary,no,403,yes,no,cellular,7,may,3,-1,0,unknown,1,young
services,married,primary,no,21,yes,no,unknown,9,may,3,-1,0,unknown,0,young
admin.,married,tertiary,no,1,yes,no,cellular,17,jul,3,-1,0,unknown,0,young
admin.,divorced,secondary,no,0,no,no,cellular,3,apr,1,-1,0,unknown,0,older
technician,married,secondary,no,1975,no,no,cellular,18,jul,1,-1,0,unknown,0,young
technician,married,tertiary,no,602,yes,no,cellular,15,may,4,360,7,failure,0,young
admin.,married,unknown,no,0,yes,no,unknown,15,may,2,-1,0,unknown,0,older
blue-collar,single,secondary,no,42,no,no,cellular,9,feb,3,12,2,other,0,young
management,married,unknown,no,1519,no,no,cellular,19,oct,1,92,1,success,1,older
technician,married,secondary,no,326,yes,no,cellular,8,aug,2,-1,0,unknown,0,older
management,married,secondary,no,152,yes,no,cellular,15,apr,2,-1,0,unknown,0,young
management,married,tertiary,no,6138,no,no,cellular,16,oct,2,119,5,failure,1,young
services,single,secondary,no,165,yes,no,cellular,18,may,2,-1,0,unknown,0,young
technician,single,secondary,no,264,yes,no,cellular,17,apr,1,-1,0,unknown,0,young
management,divorced,secondary,no,10180,no,no,cellular,3,mar,2,-1,0,unknown,1,older
entrepreneur,married,primary,no,1434,yes,no,cellular,18,may,3,-1,0,unknown,0,older
technician,married,tertiary,no,202,no,no,cellular,5,aug,2,-1,0,unknown,1,young
admin.,single,secondary,no,787,yes,no,cellular,15,may,2,371,1,failure,0,young
admin.,married,secondary,no,3126,yes,no,cellular,12,may,2,-1,0,unknown,0,young
housemaid,married,secondary,no,2541,no,no,cellular,27,aug,3,-1,0,unknown,0,older
retired,married,secondary,no,1467,no,yes,cellular,29,jul,2,-1,0,unknown,0,older
services,single,secondary,no,140,yes,no,cellular,15,may,1,-1,0,unknown,1,young
technician,single,tertiary,no,438,yes,no,cellular,20,nov,1,100,2,failure,0,young
technician,married,secondary,no,71,no,no,unknown,20,jun,4,-1,0,unknown,0,older
blue-collar,married,secondary,no,6411,yes,yes,cellular,30,jan,1,266,2,failure,0,young
technician,married,secondary,no,-356,yes,yes,cellular,5,aug,1,-1,0,unknown,0,older
admin.,single,secondary,no,368,yes,no,unknown,16,may,3,-1,0,unknown,0,young
services,married,secondary,no,3165,yes,no,cellular,15,may,1,368,2,failure,0,young
management,married,secondary,no,428,yes,no,unknown,30,may,1,-1,0,unknown,0,older
management,married,tertiary,no,-100,yes,no,cellular,15,jul,5,-1,0,unknown,0,older
technician,single,secondary,no,751,yes,no,cellular,15,may,8,177,5,failure,0,older
retired,married,secondary,no,2281,no,no,cellular,13,aug,1,-1,0,unknown,0,older
blue-collar,married,secondary,no,535,no,no,unknown,9,jun,4,-1,0,unknown,0,older
services,married,secondary,yes,-319,yes,no,cellular,25,jul,1,-1,0,unknown,0,young
management,married,tertiary,no,17361,no,no,unknown,18,jun,1,-1,0,unknown,0,older
management,married,tertiary,no,4063,yes,no,cellular,21,nov,2,-1,0,unknown,0,older
technician,single,secondary,no,5436,yes,no,unknown,20,may,1,-1,0,unknown,0,young
blue-collar,married,primary,no,0,yes,no,telephone,5,may,2,350,1,failure,0,older
housemaid,single,tertiary,no,399,yes,no,cellular,6,may,1,-1,0,unknown,0,young
blue-collar,married,secondary,no,2345,yes,yes,cellular,5,may,2,-1,0,unknown,0,older
technician,single,secondary,no,951,yes,no,unknown,21,may,1,-1,0,unknown,0,young
blue-collar,married,primary,no,1031,yes,no,unknown,29,may,3,-1,0,unknown,1,young
admin.,single,secondary,no,2378,yes,no,unknown,2,jun,1,-1,0,unknown,0,young
management,single,tertiary,no,2607,no,no,cellular,7,may,1,336,12,other,0,young
blue-collar,married,secondary,no,-336,yes,no,cellular,13,may,3,303,2,failure,0,older
student,single,tertiary,no,505,yes,no,cellular,6,may,1,-1,0,unknown,0,young
blue-collar,married,primary,no,-42,yes,no,cellular,14,may,1,-1,0,unknown,0,young
management,married,unknown,no,721,no,no,unknown,16,jun,3,-1,0,unknown,0,older
services,single,secondary,no,37,yes,no,cellular,7,may,2,-1,0,unknown,0,older
self-employed,married,tertiary,no,-364,yes,no,unknown,5,may,1,-1,0,unknown,0,older
admin.,married,unknown,no,1055,no,no,cellular,2,mar,2,-1,0,unknown,0,young
management,married,secondary,no,2632,no,no,unknown,30,may,1,-1,0,unknown,0,older
blue-collar,married,primary,no,-454,yes,no,unknown,7,may,2,-1,0,unknown,0,older
admin.,single,primary,no,655,yes,no,cellular,13,may,5,-1,0,unknown,0,older
management,single,tertiary,no,1326,yes,no,unknown,9,may,1,-1,0,unknown,0,young
services,married,secondary,no,1066,yes,no,unknown,19,may,9,-1,0,unknown,0,young
management,married,tertiary,no,1340,yes,no,unknown,14,may,1,-1,0,unknown,0,older
admin.,married,tertiary,no,2552,yes,yes,cellular,25,sep,1,-1,0,unknown,0,young
admin.,married,secondary,no,2374,yes,no,cellular,9,nov,1,209,2,failure,1,young
services,single,secondary,no,241,yes,no,cellular,5,may,2,-1,0,unknown,0,older
services,married,secondary,no,77,yes,no,unknown,9,jun,4,-1,0,unknown,0,young
retired,married,secondary,no,345,yes,yes,cellular,8,aug,6,-1,0,unknown,0,older
blue-collar,married,primary,no,343,no,no,unknown,6,jun,2,-1,0,unknown,0,young
blue-collar,married,secondary,no,22,yes,no,cellular,14,may,1,-1,0,unknown,0,young
management,married,tertiary,no,1832,yes,no,cellular,2,nov,2,-1,0,unknown,0,older
admin.,single,secondary,no,-346,yes,no,unknown,4,jul,2,-1,0,unknown,0,young
housemaid,married,primary,no,1466,no,yes,cellular,20,nov,1,-1,0,unknown,0,older
entrepreneur,single,tertiary,no,3469,yes,no,cellular,16,apr,1,147,1,success,1,older
admin.,divorced,secondary,no,1232,no,no,cellular,5,feb,1,-1,0,unknown,0,older
technician,married,secondary,no,239,yes,no,cellular,18,aug,8,-1,0,unknown,0,young
admin.,married,secondary,no,521,yes,no,cellular,19,nov,1,-1,0,unknown,0,young
technician,single,tertiary,no,-970,no,yes,cellular,21,aug,2,-1,0,unknown,0,young
blue-collar,married,secondary,no,22,yes,no,unknown,16,may,2,-1,0,unknown,0,older
technician,single,tertiary,no,2412,yes,no,cellular,14,may,1,356,2,other,0,young
services,single,secondary,no,2571,no,no,unknown,6,jun,2,-1,0,unknown,0,young
blue-collar,married,primary,no,816,yes,no,unknown,2,jun,3,-1,0,unknown,0,older
self-employed,divorced,secondary,no,0,no,no,cellular,29,jul,2,-1,0,unknown,0,older
management,married,tertiary,no,1649,yes,no,cellular,5,may,2,-1,0,unknown,0,older
services,single,secondary,no,203,yes,no,unknown,27,may,5,-1,0,unknown,0,young
technician,single,tertiary,no,162,no,no,cellular,28,aug,9,-1,0,unknown,0,young
technician,married,secondary,no,23876,no,no,cellular,18,aug,2,-1,0,unknown,0,young
blue-collar,married,secondary,no,1093,yes,yes,unknown,16,jun,3,-1,0,unknown,0,older
retired,married,tertiary,no,0,no,no,cellular,19,aug,4,-1,0,unknown,0,older
self-employed,divorced,tertiary,no,601,yes,no,unknown,30,may,1,-1,0,unknown,0,young
unknown,married,secondary,no,1370,no,no,unknown,18,jun,5,-1,0,unknown,0,young
blue-collar,married,unknown,no,3585,no,no,cellular,30,apr,1,167,1,success,0,older
technician,divorced,secondary,no,972,no,no,cellular,25,may,2,-1,0,unknown,0,older
retired,married,secondary,no,571,yes,no,cellular,20,oct,1,183,2,success,1,older
management,single,tertiary,no,102,yes,no,cellular,18,dec,3,-1,0,unknown,1,young
blue-collar,married,primary,no,0,no,yes,telephone,14,jul,10,-1,0,unknown,0,older
technician,married,secondary,no,0,no,yes,cellular,4,feb,2,-1,0,unknown,0,older
admin.,married,secondary,no,10,no,no,unknown,20,jun,2,-1,0,unknown,0,older
admin.,married,secondary,no,941,no,no,cellular,4,feb,2,-1,0,unknown,0,older
blue-collar,married,secondary,no,109,yes,no,unknown,16,may,1,-1,0,unknown,0,young
technician,married,primary,no,314,yes,yes,cellular,30,jan,2,2,5,other,0,older
services,single,secondary,no,23,yes,no,unknown,8,may,5,-1,0,unknown,0,young
retired,married,secondary,no,53,no,no,cellular,31,jul,2,-1,0,unknown,0,older
technician,married,secondary,no,0,yes,no,cellular,4,feb,1,274,2,failure,0,young
technician,married,secondary,no,473,no,yes,cellular,7,may,3,-1,0,unknown,1,young
management,single,secondary,no,1923,no,yes,cellular,8,jul,1,-1,0,unknown,0,young
student,single,secondary,no,3713,no,no,cellular,24,may,2,353,3,other,1,young
technician,married,unknown,no,74,no,no,unknown,12,jun,1,-1,0,unknown,0,older
entrepreneur,married,tertiary,no,99,yes,yes,cellular,20,apr,3,-1,0,unknown,0,young
blue-collar,single,primary,no,263,yes,no,unknown,15,may,2,-1,0,unknown,0,young
admin.,married,secondary,no,1130,yes,no,cellular,23,jul,5,-1,0,unknown,0,young
management,single,tertiary,no,265,no,no,cellular,25,nov,1,93,3,success,0,young
management,single,tertiary,no,264,yes,no,unknown,9,may,2,-1,0,unknown,0,young
blue-collar,single,secondary,yes,1085,yes,yes,cellular,7,jul,1,-1,0,unknown,1,older
management,single,tertiary,no,416,yes,no,cellular,12,aug,2,-1,0,unknown,0,older
services,married,primary,no,132,no,no,cellular,14,jul,2,-1,0,unknown,0,older
services,single,secondary,no,652,no,no,telephone,31,aug,1,-1,0,unknown,0,young
entrepreneur,married,tertiary,no,9,no,no,cellular,8,apr,6,-1,0,unknown,0,older
management,married,secondary,no,0,no,no,cellular,12,aug,2,-1,0,unknown,0,young
technician,married,secondary,no,436,yes,no,cellular,5,feb,3,206,8,other,0,young
management,married,tertiary,no,2365,no,yes,cellular,29,jan,1,188,4,failure,0,older
retired,married,secondary,no,6095,yes,yes,cellular,14,may,5,-1,0,unknown,0,older
technician,married,secondary,no,55,no,yes,cellular,28,aug,17,-1,0,unknown,0,older
admin.,married,secondary,no,514,yes,no,cellular,25,may,1,185,1,other,0,young
unknown,married,secondary,no,2,no,no,unknown,6,jun,4,-1,0,unknown,0,older
management,married,tertiary,no,361,no,no,cellular,14,aug,2,-1,0,unknown,0,older
technician,married,tertiary,no,658,yes,no,cellular,17,jul,1,-1,0,unknown,0,older
admin.,single,secondary,no,1581,yes,yes,unknown,20,may,11,-1,0,unknown,0,young
self-employed,married,tertiary,no,1545,yes,no,unknown,21,may,2,-1,0,unknown,0,young
technician,married,secondary,no,1423,no,no,telephone,4,sep,1,91,1,other,0,older
services,married,secondary,yes,-846,yes,no,unknown,13,may,1,-1,0,unknown,0,young
admin.,divorced,secondary,no,399,no,no,cellular,28,jan,2,-1,0,unknown,0,young
blue-collar,married,secondary,no,29,yes,no,cellular,15,may,5,-1,0,unknown,1,young
retired,married,secondary,no,8304,no,no,telephone,9,mar,9,-1,0,unknown,1,older
blue-collar,married,secondary,no,0,yes,no,unknown,12,may,2,-1,0,unknown,0,young
unemployed,married,secondary,no,553,no,no,telephone,4,feb,1,-1,0,unknown,0,older
admin.,single,secondary,no,12,yes,no,unknown,5,may,2,-1,0,unknown,0,young
blue-collar,married,primary,no,84,yes,no,unknown,29,may,1,-1,0,unknown,0,older
technician,single,tertiary,no,485,yes,no,unknown,29,may,5,-1,0,unknown,0,young
retired,married,primary,no,1216,no,no,cellular,28,jan,1,-1,0,unknown,0,older
services,married,secondary,no,488,yes,no,telephone,6,feb,6,-1,0,unknown,0,older
admin.,divorced,primary,no,1127,yes,no,cellular,17,apr,3,-1,0,unknown,0,young
blue-collar,married,secondary,no,280,yes,no,unknown,2,jun,3,-1,0,unknown,0,young
services,married,secondary,no,0,no,yes,cellular,16,jul,6,-1,0,unknown,0,young
technician,single,secondary,no,151,yes,no,cellular,20,apr,3,236,6,failure,0,young
services,married,primary,no,0,yes,no,unknown,26,may,1,-1,0,unknown,0,young
services,divorced,secondary,no,1040,yes,no,unknown,19,may,3,-1,0,unknown,1,older
technician,divorced,secondary,no,119,yes,no,unknown,27,may,1,-1,0,unknown,0,older
self-employed,married,tertiary,no,215,no,yes,cellular,22,aug,2,-1,0,unknown,0,young
blue-collar,married,secondary,no,969,no,no,unknown,16,jun,1,-1,0,unknown,0,older
management,married,tertiary,no,1262,no,no,cellular,14,aug,1,-1,0,unknown,0,young
technician,single,secondary,no,0,no,no,cellular,29,aug,2,-1,0,unknown,0,young
blue-collar,married,secondary,no,0,no,no,unknown,20,jun,5,-1,0,unknown,0,young
self-employed,divorced,secondary,no,969,yes,no,unknown,17,jun,2,-1,0,unknown,0,young
retired,married,tertiary,no,4104,no,no,cellular,15,jul,8,-1,0,unknown,0,older
unemployed,married,secondary,no,0,yes,no,cellular,13,may,1,-1,0,unknown,0,young
housemaid,married,primary,no,4994,no,no,unknown,20,jun,1,-1,0,unknown,0,older
retired,married,secondary,no,5715,no,no,cellular,17,nov,5,184,3,success,1,older
technician,divorced,secondary,no,14,no,no,cellular,13,aug,1,-1,0,unknown,1,older
entrepreneur,married,secondary,no,860,yes,yes,cellular,15,jul,5,-1,0,unknown,0,older
management,single,tertiary,no,308,no,no,cellular,4,feb,2,184,1,failure,0,young
admin.,married,secondary,no,1408,yes,no,cellular,17,apr,1,-1,0,unknown,0,young
technician,married,secondary,no,2528,no,yes,unknown,19,jun,1,-1,0,unknown,0,older
admin.,married,secondary,no,0,yes,yes,unknown,1,jul,1,-1,0,unknown,0,young
entrepreneur,single,tertiary,no,1467,yes,yes,cellular,17,nov,1,-1,0,unknown,0,young
blue-collar,married,primary,no,12,yes,no,unknown,5,jun,26,-1,0,unknown,0,young
admin.,single,tertiary,no,897,yes,no,cellular,4,may,4,89,4,success,0,young
blue-collar,married,primary,no,461,yes,no,unknown,30,may,2,-1,0,unknown,0,young
admin.,married,secondary,no,1395,yes,yes,cellular,7,jul,2,-1,0,unknown,0,young
management,married,tertiary,no,0,no,no,cellular,12,oct,2,182,6,failure,0,older
management,married,tertiary,no,468,no,no,cellular,21,aug,2,-1,0,unknown,0,young
management,divorced,tertiary,no,55,yes,no,cellular,27,may,2,-1,0,unknown,0,older
blue-collar,married,primary,no,720,no,no,unknown,25,jun,8,-1,0,unknown,0,older
retired,married,secondary,no,571,yes,no,cellular,20,apr,2,-1,0,unknown,1,older
retired,married,primary,no,-266,yes,yes,cellular,31,jul,11,-1,0,unknown,0,older
admin.,married,primary,no,215,yes,yes,cellular,17,jul,2,-1,0,unknown,0,older
management,married,tertiary,no,276,no,no,cellular,14,oct,1,-1,0,unknown,0,young
technician,married,secondary,no,1016,yes,yes,telephone,12,nov,1,-1,0,unknown,0,young
blue-collar,married,primary,no,1327,yes,no,cellular,20,nov,1,-1,0,unknown,0,young
admin.,married,secondary,no,176,no,no,cellular,29,jul,2,-1,0,unknown,0,older
entrepreneur,married,tertiary,no,287,yes,yes,unknown,30,may,2,-1,0,unknown,0,older
retired,divorced,unknown,no,2628,no,no,telephone,8,jul,7,450,2,failure,0,older
blue-collar,married,secondary,no,641,no,no,cellular,27,may,2,-1,0,unknown,1,older
management,married,tertiary,no,13015,yes,no,cellular,21,nov,1,-1,0,unknown,0,older
management,married,tertiary,no,7743,no,no,cellular,20,aug,3,-1,0,unknown,0,young
technician,married,secondary,no,981,no,no,cellular,25,aug,4,-1,0,unknown,0,older
technician,married,secondary,no,257,yes,yes,cellular,20,apr,4,-1,0,unknown,0,young
blue-collar,married,secondary,no,77,yes,no,cellular,4,feb,1,-1,0,unknown,0,young
blue-collar,married,primary,no,810,yes,no,unknown,15,may,4,-1,0,unknown,0,older
technician,married,tertiary,no,1181,no,no,cellular,28,jan,1,433,1,failure,1,older
blue-collar,married,primary,no,676,yes,no,cellular,20,nov,6,174,4,failure,0,older
entrepreneur,married,unknown,no,657,no,no,unknown,12,jun,1,-1,0,unknown,0,older
technician,married,unknown,no,2005,yes,no,unknown,30,may,1,-1,0,unknown,0,older
student,single,unknown,no,1583,yes,no,unknown,20,may,1,-1,0,unknown,0,young
blue-collar,married,unknown,no,695,yes,yes,cellular,21,nov,1,-1,0,unknown,0,young
blue-collar,married,primary,no,5050,no,yes,unknown,16,jun,7,-1,0,unknown,0,older
blue-collar,married,secondary,no,34,yes,no,cellular,5,may,2,-1,0,unknown,0,young
blue-collar,divorced,primary,no,602,yes,no,cellular,11,may,1,284,2,failure,0,older
services,married,primary,no,2946,yes,no,cellular,14,may,1,-1,0,unknown,1,older
technician,single,secondary,no,616,no,yes,cellular,28,jul,4,-1,0,unknown,0,young
technician,married,secondary,no,533,no,no,unknown,5,jun,1,-1,0,unknown,0,older
management,married,tertiary,no,176,yes,yes,unknown,1,jun,1,687,2,failure,0,older
technician,married,secondary,no,905,no,no,cellular,5,jun,1,-1,0,unknown,1,older
blue-collar,married,secondary,no,250,yes,no,unknown,29,may,6,-1,0,unknown,0,young
unemployed,single,unknown,no,167,no,no,cellular,20,nov,1,-1,0,unknown,0,young
management,married,secondary,no,683,no,no,unknown,29,sep,1,-1,0,unknown,0,young
technician,married,secondary,no,15120,no,no,cellular,21,nov,3,108,3,other,0,older
management,single,tertiary,no,808,no,no,cellular,26,may,2,97,1,other,0,young
technician,divorced,secondary,no,666,yes,yes,cellular,3,apr,1,133,1,other,0,young
technician,married,secondary,no,150,no,yes,cellular,7,aug,2,-1,0,unknown,0,young
blue-collar,married,primary,no,1966,yes,no,unknown,21,may,1,-1,0,unknown,0,young
management,married,secondary,no,90,yes,no,telephone,20,apr,5,-1,0,unknown,0,older
management,married,tertiary,no,11563,yes,no,cellular,12,aug,2,-1,0,unknown,0,older
blue-collar,married,primary,no,2749,yes,no,cellular,17,nov,1,-1,0,unknown,0,older
management,married,tertiary,no,2031,yes,no,unknown,20,jun,3,-1,0,unknown,0,older
management,divorced,tertiary,no,1757,no,no,cellular,22,apr,1,239,13,failure,1,older
admin.,single,secondary,no,1375,yes,no,cellular,17,apr,2,-1,0,unknown,0,young
services,single,secondary,no,35,yes,no,cellular,14,may,1,-1,0,unknown,0,young
services,married,secondary,no,530,yes,no,unknown,20,may,7,-1,0,unknown,0,older
self-employed,married,tertiary,no,247,yes,no,unknown,12,may,2,-1,0,unknown,0,young
management,divorced,tertiary,no,236,no,no,cellular,18,nov,2,-1,0,unknown,0,older
blue-collar,married,primary,no,292,no,no,unknown,12,jun,1,-1,0,unknown,0,young
services,married,secondary,no,114,no,yes,unknown,3,jul,1,-1,0,unknown,1,young
admin.,single,secondary,no,6512,no,no,unknown,20,jun,6,-1,0,unknown,0,young
self-employed,married,primary,no,-584,yes,yes,unknown,2,jul,2,-1,0,unknown,0,older
technician,married,secondary,no,-360,yes,no,cellular,21,jul,1,-1,0,unknown,0,young
services,married,secondary,no,1605,yes,no,cellular,16,jul,3,-1,0,unknown,0,older
blue-collar,married,secondary,no,1,yes,no,unknown,8,may,1,-1,0,unknown,0,young
admin.,married,secondary,no,-191,yes,no,cellular,17,jul,6,-1,0,unknown,0,young
blue-collar,divorced,primary,no,548,yes,yes,unknown,30,may,1,-1,0,unknown,0,young
management,married,tertiary,no,5041,no,no,telephone,4,nov,1,-1,0,unknown,1,older
blue-collar,married,primary,no,277,yes,no,cellular,17,apr,2,-1,0,unknown,0,young
retired,married,secondary,no,0,no,no,cellular,25,aug,2,-1,0,unknown,1,older
technician,divorced,secondary,no,797,yes,no,cellular,18,nov,2,165,2,failure,0,older
admin.,married,tertiary,no,957,yes,no,cellular,26,mar,4,667,4,failure,0,young
unemployed,married,secondary,no,1639,no,no,cellular,8,aug,1,-1,0,unknown,0,older
entrepreneur,married,secondary,no,404,no,no,telephone,31,jul,7,-1,0,unknown,0,older
management,divorced,tertiary,no,3158,no,no,cellular,31,jul,23,-1,0,unknown,0,older
services,married,secondary,no,77,yes,no,unknown,9,jun,4,-1,0,unknown,0,young
blue-collar,single,primary,no,1790,yes,no,unknown,4,jun,6,-1,0,unknown,0,young
admin.,single,secondary,no,292,yes,no,cellular,12,may,9,362,8,other,0,young
housemaid,married,secondary,no,230,no,yes,cellular,29,aug,2,-1,0,unknown,0,young
management,married,tertiary,no,8016,yes,no,unknown,15,may,3,-1,0,unknown,0,older
entrepreneur,married,unknown,no,606,yes,no,unknown,28,may,9,-1,0,unknown,1,older
technician,married,secondary,no,0,yes,no,cellular,11,jul,2,-1,0,unknown,0,young
management,divorced,tertiary,no,122,yes,no,unknown,19,may,2,-1,0,unknown,1,young
technician,married,secondary,no,0,yes,yes,cellular,4,feb,2,-1,0,unknown,0,young
technician,single,tertiary,no,1185,yes,no,cellular,30,apr,1,339,1,failure,0,young
blue-collar,married,primary,no,489,yes,yes,cellular,20,apr,4,287,3,other,0,older
services,married,tertiary,no,4216,no,no,cellular,24,dec,2,195,2,success,1,older
blue-collar,married,primary,no,159,yes,no,unknown,13,may,2,-1,0,unknown,0,older
services,single,secondary,no,248,yes,no,cellular,13,may,1,-1,0,unknown,0,young
technician,divorced,secondary,yes,-1361,yes,yes,cellular,18,nov,1,-1,0,unknown,0,older
blue-collar,married,tertiary,no,0,no,no,cellular,22,aug,2,-1,0,unknown,0,older
management,single,tertiary,no,-252,yes,no,cellular,15,may,1,-1,0,unknown,0,young
services,married,secondary,no,1545,yes,no,cellular,17,apr,3,323,3,failure,0,older
admin.,single,secondary,no,1003,no,no,cellular,9,jul,3,-1,0,unknown,0,young
retired,married,primary,no,174,yes,yes,cellular,2,feb,2,252,1,failure,0,older
blue-collar,divorced,secondary,no,543,no,yes,telephone,17,jul,3,-1,0,unknown,0,older
management,single,secondary,no,924,yes,no,cellular,3,feb,1,-1,0,unknown,0,young
blue-collar,married,secondary,no,512,yes,no,unknown,16,may,1,-1,0,unknown,0,young
technician,single,secondary,no,122,yes,no,unknown,2,jun,1,-1,0,unknown,0,young
admin.,married,secondary,no,1345,yes,no,cellular,20,apr,1,271,1,failure,0,young
technician,divorced,secondary,no,273,yes,no,unknown,4,jun,1,-1,0,unknown,0,young
entrepreneur,married,secondary,no,157,no,yes,cellular,15,may,11,366,1,other,0,young
admin.,married,secondary,no,145,yes,yes,cellular,13,may,3,330,6,other,0,young
management,married,tertiary,no,0,no,no,cellular,31,jul,17,-1,0,unknown,0,older
self-employed,single,secondary,no,652,no,no,unknown,17,jun,1,-1,0,unknown,0,young
blue-collar,married,primary,no,-848,yes,no,unknown,23,may,3,-1,0,unknown,0,young
blue-collar,single,tertiary,no,1372,no,no,cellular,21,jul,1,-1,0,unknown,0,young
services,married,secondary,no,195,yes,no,cellular,17,apr,1,-1,0,unknown,0,young
blue-collar,married,secondary,no,96,yes,no,cellular,13,apr,3,256,2,failure,1,older
admin.,single,secondary,no,100,yes,no,cellular,11,aug,1,461,1,success,1,young
services,divorced,secondary,no,1156,yes,no,cellular,15,may,1,177,2,failure,0,young
blue-collar,married,primary,no,298,yes,yes,unknown,2,jun,1,-1,0,unknown,0,young
management,single,tertiary,no,2384,yes,no,cellular,14,apr,2,-1,0,unknown,0,young
admin.,married,secondary,no,1054,yes,no,cellular,25,may,1,-1,0,unknown,0,young
unemployed,divorced,secondary,no,309,no,no,cellular,20,apr,1,-1,0,unknown,1,older
technician,married,tertiary,no,4580,yes,no,cellular,20,nov,2,189,2,success,0,older
technician,married,secondary,no,103,yes,no,cellular,3,feb,4,267,6,failure,0,older
admin.,married,secondary,no,9319,yes,no,cellular,21,nov,7,-1,0,unknown,0,older
services,married,secondary,no,992,yes,no,cellular,27,jan,1,92,2,success,1,older
housemaid,married,primary,no,-286,yes,no,cellular,9,jul,1,-1,0,unknown,0,older
management,married,primary,no,5310,yes,no,cellular,20,aug,1,90,3,success,1,older
blue-collar,married,primary,no,201,yes,yes,cellular,18,jul,2,-1,0,unknown,0,older
management,single,tertiary,no,220,yes,no,unknown,8,may,2,-1,0,unknown,0,young
entrepreneur,married,tertiary,no,836,yes,no,cellular,20,nov,1,177,2,failure,0,young
admin.,married,secondary,no,82,yes,no,cellular,25,jul,1,-1,0,unknown,1,young
blue-collar,single,unknown,no,217,yes,no,cellular,30,jul,11,-1,0,unknown,0,young
admin.,married,secondary,no,0,no,no,cellular,19,aug,10,-1,0,unknown,0,older
blue-collar,single,secondary,yes,-203,yes,no,unknown,12,jun,3,-1,0,unknown,1,young
retired,married,primary,no,10776,no,no,telephone,14,aug,2,99,17,other,0,older
admin.,single,secondary,no,812,no,yes,unknown,11,jun,4,-1,0,unknown,1,older
management,single,tertiary,no,313,no,yes,cellular,29,jan,5,196,1,other,0,young
services,married,secondary,no,1743,yes,no,cellular,5,feb,4,-1,0,unknown,0,young
technician,single,secondary,no,347,yes,no,cellular,6,feb,2,197,6,failure,0,young
blue-collar,married,primary,no,0,yes,no,cellular,6,may,1,-1,0,unknown,0,older
blue-collar,single,secondary,no,7622,yes,yes,telephone,6,may,1,-1,0,unknown,0,young
admin.,married,secondary,no,4608,no,no,cellular,12,mar,1,-1,0,unknown,1,older
management,married,tertiary,no,1066,yes,no,cellular,23,jul,1,-1,0,unknown,0,young
blue-collar,single,secondary,no,-287,yes,no,cellular,18,may,1,-1,0,unknown,0,young
entrepreneur,married,unknown,no,1134,yes,no,unknown,9,jun,3,-1,0,unknown,0,young
blue-collar,married,primary,no,201,yes,no,cellular,4,feb,1,1,1,success,0,older
technician,married,secondary,no,589,yes,no,cellular,28,jan,1,244,1,other,0,older
services,single,unknown,no,2022,no,no,cellular,29,jul,8,97,12,other,1,young
admin.,single,secondary,no,0,yes,yes,unknown,29,may,3,-1,0,unknown,0,young
technician,divorced,secondary,no,-18,no,no,cellular,21,aug,4,-1,0,unknown,0,young
blue-collar,married,secondary,no,3429,yes,no,cellular,17,apr,1,-1,0,unknown,0,older
blue-collar,single,secondary,no,51,yes,no,cellular,6,may,3,356,4,other,0,young
technician,single,tertiary,no,54,yes,no,cellular,3,apr,2,248,12,failure,0,young
technician,married,tertiary,no,11,no,no,cellular,27,aug,2,-1,0,unknown,0,young
self-employed,single,tertiary,no,1393,no,no,cellular,31,mar,1,271,1,failure,0,young
management,married,tertiary,no,622,no,no,cellular,22,may,2,184,1,failure,0,young
housemaid,married,primary,no,1109,yes,yes,cellular,29,jul,4,-1,0,unknown,0,older
blue-collar,married,primary,no,3837,no,yes,cellular,21,nov,1,-1,0,unknown,0,older
technician,married,secondary,no,17,no,no,telephone,17,nov,1,-1,0,unknown,0,young
services,married,secondary,no,173,yes,no,cellular,18,nov,2,182,2,failure,0,young
management,single,tertiary,no,0,yes,no,cellular,15,apr,2,-1,0,unknown,0,young
blue-collar,married,secondary,no,3310,no,no,cellular,5,feb,2,-1,0,unknown,0,young
technician,married,tertiary,no,0,no,yes,cellular,12,apr,1,258,6,failure,0,older
blue-collar,single,secondary,no,0,yes,no,cellular,8,may,3,-1,0,unknown,0,young
retired,married,tertiary,no,3708,no,no,unknown,16,jun,2,-1,0,unknown,0,older
management,single,tertiary,no,-446,no,no,cellular,19,aug,4,-1,0,unknown,0,young
blue-collar,married,secondary,no,273,no,no,unknown,12,jun,1,-1,0,unknown,0,older
technician,married,secondary,no,6164,no,no,cellular,19,nov,2,-1,0,unknown,0,older
management,single,tertiary,no,600,yes,no,cellular,17,nov,2,196,1,failure,0,young
admin.,married,secondary,no,4233,no,no,unknown,11,jun,2,-1,0,unknown,0,older
technician,single,secondary,no,2335,no,no,cellular,13,may,1,-1,0,unknown,1,young
management,single,tertiary,no,151,yes,no,cellular,8,jul,3,-1,0,unknown,1,older
management,married,tertiary,no,-640,yes,yes,unknown,5,jun,6,-1,0,unknown,0,young
entrepreneur,married,primary,no,39,yes,no,cellular,21,nov,2,-1,0,unknown,1,older
self-employed,married,tertiary,no,1036,yes,yes,cellular,21,nov,2,-1,0,unknown,0,young
student,single,tertiary,no,118,no,no,cellular,25,may,1,-1,0,unknown,0,young
admin.,single,secondary,yes,-242,no,no,unknown,4,jun,1,-1,0,unknown,0,young
blue-collar,married,secondary,no,380,yes,yes,cellular,8,jul,1,-1,0,unknown,0,older
blue-collar,single,secondary,no,82,yes,no,cellular,13,may,6,370,5,failure,0,young
management,married,tertiary,no,3795,yes,yes,cellular,17,nov,2,119,1,failure,0,older
blue-collar,married,primary,no,1064,yes,no,cellular,7,apr,1,330,1,failure,0,young
management,single,tertiary,no,3035,no,no,cellular,20,nov,1,-1,0,unknown,0,young
admin.,single,secondary,no,99,no,no,cellular,4,feb,3,-1,0,unknown,0,young
self-employed,married,tertiary,no,7343,no,no,cellular,17,nov,1,-1,0,unknown,0,young
blue-collar,single,secondary,no,1925,yes,no,cellular,8,may,2,67,2,failure,0,young
technician,single,unknown,no,4223,no,yes,cellular,20,nov,1,-1,0,unknown,0,young
services,single,secondary,no,348,yes,no,unknown,21,may,2,-1,0,unknown,0,young
blue-collar,married,secondary,no,-25,yes,no,cellular,5,may,2,-1,0,unknown,0,young
technician,single,tertiary,no,2203,yes,no,cellular,6,may,2,-1,0,unknown,0,young
services,divorced,secondary,no,-297,yes,no,unknown,26,may,2,-1,0,unknown,0,young
management,married,tertiary,no,1612,no,no,cellular,16,mar,1,182,5,failure,0,older
blue-collar,married,primary,no,487,yes,no,cellular,19,aug,4,-1,0,unknown,0,older
technician,married,secondary,no,0,yes,no,cellular,9,nov,1,96,5,success,1,young
unemployed,divorced,tertiary,no,8903,yes,no,cellular,21,nov,6,-1,0,unknown,0,young
technician,single,tertiary,no,31,no,yes,cellular,24,jul,4,-1,0,unknown,0,older
management,divorced,secondary,no,705,no,no,cellular,20,aug,4,-1,0,unknown,0,older
technician,married,secondary,no,-355,yes,no,cellular,8,may,1,-1,0,unknown,0,young
technician,divorced,tertiary,no,405,yes,no,cellular,30,jan,1,260,1,failure,0,older
management,single,tertiary,no,350,no,no,cellular,29,aug,24,-1,0,unknown,0,young
services,married,secondary,no,3039,yes,yes,cellular,11,may,2,-1,0,unknown,0,young
services,married,secondary,no,610,no,yes,cellular,19,aug,7,-1,0,unknown,0,young
blue-collar,married,secondary,no,-972,yes,no,unknown,29,may,1,-1,0,unknown,0,older
technician,married,secondary,no,490,yes,no,unknown,30,may,1,-1,0,unknown,0,young
admin.,single,secondary,no,768,yes,no,unknown,13,may,1,-1,0,unknown,0,young
blue-collar,married,primary,no,1311,no,no,telephone,14,apr,3,-1,0,unknown,0,older
unemployed,married,tertiary,no,28,yes,no,cellular,4,feb,2,-1,0,unknown,0,older
entrepreneur,married,secondary,no,169,yes,no,telephone,15,may,4,-1,0,unknown,0,older
blue-collar,married,secondary,no,142,no,yes,cellular,14,jul,4,-1,0,unknown,0,young
blue-collar,divorced,secondary,no,1780,yes,no,cellular,15,may,3,347,9,failure,0,young
blue-collar,married,primary,no,14,yes,yes,cellular,15,may,4,178,3,failure,0,older
technician,single,tertiary,no,0,yes,no,cellular,13,aug,4,-1,0,unknown,0,young
technician,married,tertiary,no,167,yes,no,cellular,28,jan,1,-1,0,unknown,0,young
admin.,single,secondary,yes,-35,yes,no,unknown,14,may,4,-1,0,unknown,0,young
entrepreneur,married,secondary,no,-1882,yes,no,cellular,18,nov,5,151,2,other,0,older
technician,single,secondary,no,486,no,no,cellular,28,jan,3,-1,0,unknown,0,young
housemaid,single,primary,no,959,yes,no,telephone,6,feb,2,-1,0,unknown,0,older
technician,married,secondary,no,140,no,no,cellular,22,aug,1,-1,0,unknown,0,young
blue-collar,married,primary,no,0,yes,yes,cellular,7,may,1,-1,0,unknown,0,older
unemployed,married,secondary,no,728,yes,no,unknown,14,may,11,-1,0,unknown,0,older
self-employed,married,secondary,no,-816,yes,yes,cellular,15,may,1,-1,0,unknown,0,older
retired,married,secondary,no,119,no,yes,cellular,17,jul,1,-1,0,unknown,0,older
blue-collar,married,secondary,no,262,no,no,unknown,18,jun,4,-1,0,unknown,0,older
admin.,single,secondary,yes,53,yes,no,unknown,14,may,4,-1,0,unknown,0,young
technician,single,tertiary,no,354,yes,no,cellular,13,aug,1,-1,0,unknown,0,young
services,single,secondary,no,40,yes,no,unknown,28,may,2,-1,0,unknown,0,young
management,married,unknown,no,933,no,no,unknown,20,jun,2,-1,0,unknown,0,young
management,divorced,tertiary,no,3261,yes,no,unknown,9,jun,17,-1,0,unknown,0,young
unemployed,married,secondary,no,123,no,no,cellular,4,aug,2,-1,0,unknown,0,older
services,married,secondary,no,-467,no,no,unknown,9,jun,5,-1,0,unknown,0,older
admin.,single,tertiary,no,649,no,no,cellular,19,nov,1,111,1,other,0,young
management,married,tertiary,no,573,no,no,cellular,10,aug,1,-1,0,unknown,0,young
blue-collar,married,secondary,no,1492,yes,no,unknown,2,jun,10,-1,0,unknown,0,young
self-employed,married,secondary,no,746,no,no,unknown,20,jun,3,-1,0,unknown,0,young
blue-collar,single,unknown,no,192,no,no,cellular,27,may,1,-1,0,unknown,0,young
blue-collar,married,primary,no,3051,no,no,cellular,14,may,4,-1,0,unknown,0,young
management,married,tertiary,no,0,yes,no,cellular,14,may,15,261,38,failure,0,young
blue-collar,married,secondary,no,698,no,no,telephone,30,jul,2,-1,0,unknown,0,older
blue-collar,married,primary,no,58,yes,no,unknown,6,may,3,-1,0,unknown,0,older
technician,single,tertiary,no,388,yes,no,cellular,22,aug,2,-1,0,unknown,0,young
management,married,secondary,no,43,yes,no,unknown,14,may,8,-1,0,unknown,0,older
blue-collar,married,secondary,no,771,yes,no,cellular,11,may,2,367,4,failure,0,young
admin.,married,secondary,no,194,no,yes,cellular,22,jul,2,-1,0,unknown,0,older
retired,married,secondary,no,1067,no,no,telephone,10,jul,1,-1,0,unknown,0,older
blue-collar,single,secondary,no,78,no,no,telephone,28,jan,1,-1,0,unknown,0,young
services,married,primary,no,2226,yes,yes,unknown,13,may,1,-1,0,unknown,0,older
technician,single,secondary,no,9068,yes,no,unknown,23,may,1,-1,0,unknown,0,young
blue-collar,married,primary,no,193,no,yes,cellular,25,aug,10,-1,0,unknown,0,older
management,divorced,secondary,no,112,no,yes,cellular,11,aug,3,-1,0,unknown,0,older
blue-collar,single,primary,no,1837,yes,no,cellular,21,nov,1,-1,0,unknown,0,older
management,married,primary,no,3371,no,no,cellular,11,nov,2,-1,0,unknown,1,older
student,married,secondary,no,704,yes,yes,cellular,14,may,3,-1,0,unknown,0,young
technician,single,tertiary,no,1059,yes,no,cellular,17,apr,1,-1,0,unknown,0,young
management,divorced,tertiary,no,229,yes,no,cellular,9,apr,2,315,2,other,1,young
services,single,tertiary,no,94,yes,no,cellular,10,feb,1,183,6,success,0,older
management,married,tertiary,no,318,yes,no,cellular,18,may,2,356,4,failure,0,young
technician,married,secondary,no,1072,no,yes,unknown,29,may,2,-1,0,unknown,0,young
student,single,secondary,no,67,no,no,cellular,23,feb,1,187,5,success,1,young
blue-collar,divorced,secondary,no,513,yes,no,cellular,15,may,3,-1,0,unknown,0,young
technician,single,secondary,no,309,yes,no,unknown,13,may,1,-1,0,unknown,0,young
blue-collar,married,primary,no,13,yes,no,unknown,4,jul,1,-1,0,unknown,0,young
blue-collar,married,secondary,no,518,yes,no,cellular,11,may,1,-1,0,unknown,0,young
management,married,tertiary,no,69,yes,no,unknown,6,jul,1,-1,0,unknown,0,young
self-employed,married,tertiary,yes,28,no,yes,cellular,8,jul,1,-1,0,unknown,0,young
management,married,tertiary,no,359,no,no,cellular,4,mar,2,-1,0,unknown,0,young
entrepreneur,divorced,tertiary,no,3407,no,no,cellular,9,jun,4,85,4,success,1,young
entrepreneur,married,tertiary,no,1859,yes,no,cellular,14,jul,2,-1,0,unknown,0,young
blue-collar,single,secondary,no,2390,yes,no,cellular,20,apr,2,335,12,failure,0,young
technician,married,secondary,no,1965,yes,no,unknown,2,jun,1,-1,0,unknown,0,young
management,divorced,tertiary,no,2696,yes,yes,cellular,12,may,1,-1,0,unknown,0,older
entrepreneur,married,tertiary,no,82,no,no,cellular,3,jun,1,-1,0,unknown,0,older
entrepreneur,married,primary,no,6,yes,no,cellular,24,jul,6,-1,0,unknown,0,older
self-employed,married,tertiary,no,99,yes,yes,cellular,31,aug,1,-1,0,unknown,0,older
technician,married,tertiary,no,1524,yes,no,cellular,16,apr,1,-1,0,unknown,0,young
technician,divorced,tertiary,no,728,no,no,unknown,16,jun,1,-1,0,unknown,0,older
technician,married,tertiary,no,151,yes,no,unknown,5,may,1,-1,0,unknown,0,older
unemployed,divorced,tertiary,no,8903,yes,no,cellular,21,nov,6,-1,0,unknown,0,young
blue-collar,married,secondary,no,243,no,no,cellular,21,nov,1,163,1,other,0,older
management,married,tertiary,no,400,no,no,cellular,13,aug,2,-1,0,unknown,0,older
blue-collar,married,secondary,no,1,no,no,unknown,5,may,3,-1,0,unknown,0,older
blue-collar,single,primary,no,-21,no,no,unknown,15,may,3,-1,0,unknown,0,young
management,single,unknown,no,2361,no,no,cellular,9,jul,10,-1,0,unknown,0,young
technician,single,secondary,no,740,yes,no,unknown,28,may,3,-1,0,unknown,0,young
blue-collar,married,secondary,no,43,yes,no,unknown,19,may,3,-1,0,unknown,0,young
management,single,tertiary,no,688,no,no,cellular,25,feb,3,268,2,failure,0,young
management,married,tertiary,no,-470,yes,no,cellular,19,nov,2,160,1,failure,0,older
blue-collar,single,secondary,no,894,no,yes,cellular,3,feb,2,-1,0,unknown,0,older
admin.,divorced,secondary,no,407,yes,yes,cellular,18,feb,1,183,1,failure,0,young
admin.,married,secondary,no,1158,yes,no,cellular,20,apr,2,-1,0,unknown,0,young
management,married,tertiary,no,1148,no,no,cellular,19,nov,1,-1,0,unknown,0,young
services,single,secondary,no,49,yes,no,cellular,17,apr,4,-1,0,unknown,0,young
blue-collar,divorced,primary,no,71,yes,no,cellular,8,may,1,-1,0,unknown,0,young
blue-collar,married,secondary,no,2231,yes,yes,unknown,19,may,4,-1,0,unknown,0,older
self-employed,divorced,tertiary,no,52587,no,no,cellular,15,feb,3,189,1,success,1,older
management,married,tertiary,no,205,no,no,cellular,26,may,2,-1,0,unknown,0,older
blue-collar,married,secondary,no,335,yes,no,unknown,8,may,1,-1,0,unknown,0,young
management,married,tertiary,no,31,no,no,cellular,10,mar,1,-1,0,unknown,1,older
entrepreneur,married,tertiary,no,3585,no,no,cellular,15,sep,3,-1,0,unknown,1,young
blue-collar,married,secondary,no,233,yes,no,cellular,5,may,2,351,3,failure,0,older
technician,married,secondary,no,-410,no,no,cellular,19,aug,2,-1,0,unknown,0,older
blue-collar,married,unknown,no,584,yes,no,unknown,19,may,19,-1,0,unknown,0,older
management,single,tertiary,no,6321,yes,no,unknown,2,jun,5,-1,0,unknown,0,young
blue-collar,married,primary,no,3324,no,no,cellular,9,jul,1,-1,0,unknown,0,young
blue-collar,single,secondary,no,270,yes,no,cellular,17,apr,1,-1,0,unknown,0,young
retired,married,tertiary,no,-892,yes,no,unknown,13,may,1,-1,0,unknown,0,older
management,married,tertiary,no,322,no,no,cellular,6,aug,4,-1,0,unknown,0,older
management,single,tertiary,no,1717,yes,no,unknown,21,may,2,-1,0,unknown,0,young
entrepreneur,married,secondary,no,1416,yes,no,unknown,14,may,2,-1,0,unknown,0,young
retired,divorced,tertiary,no,-300,no,yes,cellular,25,aug,4,-1,0,unknown,0,older
self-employed,single,secondary,no,20451,no,no,cellular,20,nov,3,-1,0,unknown,0,young
management,divorced,tertiary,no,5037,yes,no,cellular,18,nov,2,-1,0,unknown,1,older
admin.,single,secondary,no,2002,yes,no,unknown,30,may,1,-1,0,unknown,0,young
management,married,secondary,no,1424,yes,no,cellular,25,jul,3,-1,0,unknown,0,older
housemaid,single,tertiary,no,7441,no,no,cellular,31,jul,6,-1,0,unknown,1,young
management,married,tertiary,no,2465,yes,yes,cellular,7,may,1,-1,0,unknown,1,young
admin.,single,secondary,no,272,no,no,cellular,31,jul,4,-1,0,unknown,0,older
blue-collar,married,primary,no,0,no,no,unknown,6,jun,1,-1,0,unknown,0,young
unknown,married,primary,no,142,no,no,unknown,12,jun,3,-1,0,unknown,0,older
admin.,married,secondary,no,-650,no,no,unknown,16,may,1,-1,0,unknown,0,young
management,divorced,tertiary,no,627,yes,no,cellular,17,nov,3,-1,0,unknown,0,older
technician,married,secondary,no,57,no,no,unknown,28,may,1,-1,0,unknown,1,older
management,single,tertiary,no,0,no,no,cellular,30,jun,2,296,1,failure,1,older
admin.,single,secondary,no,664,no,no,cellular,19,nov,2,121,2,success,0,young
services,married,secondary,no,125,no,no,cellular,14,aug,7,-1,0,unknown,0,older
management,single,secondary,no,1064,yes,no,cellular,31,jul,35,-1,0,unknown,0,older
admin.,married,secondary,no,260,yes,no,cellular,13,nov,1,94,4,success,1,young
admin.,married,secondary,no,166,no,no,unknown,14,jun,1,-1,0,unknown,0,young
management,married,tertiary,no,656,yes,no,cellular,25,jul,2,-1,0,unknown,0,older
retired,married,primary,no,192,no,no,cellular,10,jul,1,-1,0,unknown,0,older
housemaid,married,primary,no,-106,yes,yes,cellular,11,may,2,-1,0,unknown,0,young
self-employed,single,unknown,no,7118,yes,no,cellular,8,may,6,170,3,failure,0,young
management,married,tertiary,no,1048,no,no,cellular,7,aug,2,-1,0,unknown,0,young
blue-collar,married,secondary,no,653,yes,no,unknown,27,may,1,-1,0,unknown,0,older
technician,divorced,tertiary,no,101,no,no,cellular,19,aug,3,-1,0,unknown,0,older
admin.,divorced,secondary,no,-106,yes,no,unknown,2,jun,3,-1,0,unknown,0,older
technician,married,secondary,no,703,no,no,cellular,31,jul,2,-1,0,unknown,0,young
management,married,tertiary,no,4504,yes,no,cellular,17,nov,2,-1,0,unknown,0,older
admin.,single,secondary,no,6042,yes,no,cellular,15,may,1,361,1,failure,0,young
blue-collar,married,secondary,no,-596,yes,no,cellular,21,jul,1,-1,0,unknown,0,young
blue-collar,married,primary,no,48,no,yes,unknown,17,jun,1,-1,0,unknown,0,older
blue-collar,married,primary,no,76,no,yes,telephone,7,jul,4,-1,0,unknown,0,young
retired,divorced,primary,no,0,no,no,unknown,5,jun,1,-1,0,unknown,0,older
services,divorced,secondary,no,36,yes,yes,cellular,11,may,1,-1,0,unknown,1,older
services,divorced,secondary,no,0,yes,no,cellular,11,may,2,-1,0,unknown,0,older
technician,married,secondary,no,533,yes,no,cellular,8,may,4,171,3,failure,0,older
admin.,single,secondary,no,3696,no,no,cellular,12,jan,4,-1,0,unknown,1,older
technician,single,secondary,no,951,yes,no,cellular,30,jan,1,254,1,failure,0,young
management,married,tertiary,no,889,no,no,cellular,11,aug,2,-1,0,unknown,0,older
management,married,tertiary,no,1041,yes,no,cellular,18,may,2,-1,0,unknown,0,young
self-employed,single,tertiary,no,876,yes,no,cellular,17,nov,2,-1,0,unknown,0,young
technician,divorced,secondary,no,365,yes,no,unknown,4,jun,2,-1,0,unknown,0,older
technician,married,secondary,no,671,no,no,cellular,2,feb,2,175,2,failure,0,young
management,married,tertiary,no,569,no,yes,cellular,18,aug,4,-1,0,unknown,0,older
entrepreneur,married,primary,no,3705,yes,no,unknown,15,may,2,-1,0,unknown,0,older
self-employed,single,tertiary,yes,5,no,yes,cellular,18,jul,1,-1,0,unknown,0,young
admin.,single,secondary,no,96,no,no,unknown,26,may,1,-1,0,unknown,0,young
technician,married,secondary,no,4073,no,no,cellular,27,aug,5,-1,0,unknown,0,older
services,divorced,secondary,no,135,no,no,cellular,10,jul,1,-1,0,unknown,0,young
blue-collar,single,secondary,no,4211,yes,no,cellular,18,may,1,-1,0,unknown,0,young
technician,single,secondary,no,224,no,no,cellular,29,aug,4,-1,0,unknown,0,young
services,married,secondary,no,0,yes,yes,cellular,6,may,1,281,15,other,0,young
admin.,single,secondary,no,130,yes,yes,unknown,12,may,1,-1,0,unknown,0,young
management,married,tertiary,no,91,no,no,cellular,17,apr,1,281,1,failure,0,young
management,single,tertiary,no,7444,yes,yes,unknown,8,may,1,-1,0,unknown,0,young
admin.,divorced,secondary,no,-249,yes,no,cellular,14,jul,3,-1,0,unknown,0,older
blue-collar,married,secondary,no,-367,yes,yes,unknown,26,may,2,-1,0,unknown,0,young
blue-collar,married,secondary,no,718,yes,yes,telephone,13,nov,1,-1,0,unknown,0,young
housemaid,married,primary,no,994,no,no,cellular,17,jul,3,-1,0,unknown,0,older
retired,married,secondary,no,154,no,no,telephone,15,jan,2,-1,0,unknown,0,older
admin.,married,secondary,no,8295,yes,no,cellular,17,apr,1,149,1,failure,0,young
blue-collar,single,primary,no,837,yes,no,unknown,27,jun,8,-1,0,unknown,0,young
management,married,tertiary,yes,84,no,yes,cellular,28,jul,21,-1,0,unknown,0,young
technician,married,secondary,no,1032,yes,no,cellular,21,aug,2,-1,0,unknown,0,older
management,married,secondary,no,7623,yes,no,cellular,18,nov,2,-1,0,unknown,0,older
admin.,single,secondary,no,543,yes,yes,cellular,18,may,1,349,5,other,0,young
management,single,tertiary,no,13763,no,no,cellular,18,aug,3,-1,0,unknown,0,young
services,married,secondary,no,378,no,yes,telephone,18,jul,9,-1,0,unknown,0,older
blue-collar,single,secondary,no,522,no,no,cellular,6,feb,3,-1,0,unknown,0,young
entrepreneur,married,secondary,no,2436,no,yes,cellular,14,jul,3,-1,0,unknown,1,young
management,married,secondary,no,4562,yes,no,cellular,3,mar,1,-1,0,unknown,1,older
management,single,tertiary,no,227,no,yes,cellular,7,aug,4,-1,0,unknown,0,young
self-employed,married,tertiary,no,350,no,no,cellular,3,feb,3,-1,0,unknown,0,older
blue-collar,married,secondary,no,1147,yes,no,unknown,18,jun,3,-1,0,unknown,0,older
technician,single,secondary,no,140,yes,no,cellular,13,aug,2,-1,0,unknown,0,older
management,married,secondary,yes,16,no,no,cellular,2,feb,2,-1,0,unknown,0,older
blue-collar,married,secondary,no,0,no,no,unknown,5,jun,2,-1,0,unknown,0,older
blue-collar,married,primary,no,-219,yes,no,unknown,15,may,4,-1,0,unknown,0,older
student,single,secondary,no,23878,no,no,cellular,26,may,1,97,1,success,1,young
blue-collar,married,secondary,no,795,yes,no,unknown,2,jun,1,-1,0,unknown,0,older
management,single,tertiary,no,33,yes,no,cellular,12,mar,1,-1,0,unknown,1,young
management,married,tertiary,no,2537,no,no,cellular,19,aug,5,-1,0,unknown,0,older
retired,divorced,primary,no,261,no,no,unknown,9,jun,1,-1,0,unknown,0,older
blue-collar,married,primary,no,14,yes,yes,unknown,20,may,1,-1,0,unknown,0,older
technician,single,tertiary,no,370,yes,no,unknown,23,may,5,-1,0,unknown,0,young
admin.,single,secondary,no,177,yes,yes,cellular,6,may,1,-1,0,unknown,0,young
entrepreneur,married,tertiary,no,0,no,no,cellular,31,jul,3,-1,0,unknown,0,young
unemployed,divorced,tertiary,no,256,yes,no,cellular,2,feb,1,201,2,success,0,young
services,single,secondary,no,-408,yes,no,unknown,23,may,2,-1,0,unknown,0,young
admin.,single,secondary,no,1281,no,no,telephone,24,jul,2,-1,0,unknown,0,young
management,single,tertiary,no,4247,no,no,cellular,18,aug,3,-1,0,unknown,0,young
blue-collar,married,secondary,no,6879,no,no,cellular,15,nov,2,118,3,failure,0,older
unemployed,married,primary,no,541,yes,no,cellular,3,feb,3,-1,0,unknown,0,older
management,married,tertiary,no,4909,no,yes,cellular,17,jul,3,-1,0,unknown,0,young
housemaid,married,primary,no,0,no,no,cellular,28,aug,4,-1,0,unknown,0,older
services,married,secondary,no,1394,yes,no,cellular,20,apr,2,-1,0,unknown,0,young
technician,married,secondary,no,-260,yes,no,cellular,11,jul,2,-1,0,unknown,0,older
admin.,married,tertiary,no,685,yes,no,unknown,26,may,2,-1,0,unknown,0,young
management,single,tertiary,no,4847,yes,no,cellular,21,nov,4,106,2,other,0,older
technician,married,tertiary,no,-267,no,no,cellular,11,aug,1,-1,0,unknown,0,young
technician,married,secondary,no,71,no,no,unknown,20,jun,4,-1,0,unknown,0,older
blue-collar,married,secondary,no,0,yes,no,cellular,14,may,1,-1,0,unknown,0,young
technician,married,unknown,no,312,no,no,cellular,27,aug,4,-1,0,unknown,0,older
services,married,primary,no,1132,yes,no,unknown,29,may,1,-1,0,unknown,0,older
services,divorced,secondary,no,691,no,no,cellular,6,feb,6,-1,0,unknown,0,older
blue-collar,married,secondary,no,379,yes,yes,cellular,16,jun,2,-1,0,unknown,1,young
unemployed,married,secondary,no,-455,yes,no,unknown,23,may,2,-1,0,unknown,0,young
technician,divorced,secondary,no,181,no,no,unknown,13,may,1,-1,0,unknown,0,older
blue-collar,married,primary,no,467,yes,no,cellular,16,apr,1,335,1,failure,0,young
technician,divorced,secondary,no,164,yes,no,unknown,12,may,2,-1,0,unknown,0,older
blue-collar,married,secondary,no,1245,yes,no,cellular,4,feb,1,271,1,failure,0,older
admin.,married,secondary,no,673,no,yes,telephone,28,jul,2,-1,0,unknown,0,older
blue-collar,divorced,secondary,no,201,yes,no,cellular,15,may,8,365,24,other,0,young
management,single,tertiary,no,8038,yes,no,cellular,20,apr,3,152,1,failure,0,young
management,single,tertiary,no,6651,no,no,cellular,22,may,1,60,1,failure,0,older
blue-collar,married,secondary,no,1100,yes,no,cellular,18,nov,1,173,2,failure,0,older
blue-collar,single,secondary,no,82,no,yes,cellular,7,jul,1,-1,0,unknown,0,older
blue-collar,married,secondary,no,2542,yes,no,cellular,14,may,1,-1,0,unknown,0,young
services,married,secondary,no,0,yes,no,cellular,8,may,1,-1,0,unknown,0,young
entrepreneur,single,tertiary,no,1068,yes,no,cellular,18,may,6,378,2,failure,0,young
services,divorced,secondary,no,532,yes,no,cellular,29,jan,1,241,1,failure,0,young
blue-collar,married,primary,no,570,no,no,cellular,12,aug,3,-1,0,unknown,0,older
technician,single,tertiary,no,13460,yes,no,cellular,15,may,3,-1,0,unknown,1,young
retired,married,primary,no,-102,yes,yes,cellular,27,aug,10,-1,0,unknown,0,older
management,married,tertiary,no,96,no,no,cellular,21,nov,1,-1,0,unknown,1,older
management,married,tertiary,no,24498,no,no,cellular,21,nov,5,-1,0,unknown,0,older
services,married,secondary,no,483,yes,no,telephone,25,jul,1,-1,0,unknown,0,older
blue-collar,divorced,secondary,no,42,yes,no,unknown,6,may,2,-1,0,unknown,0,young
retired,divorced,primary,no,235,no,no,cellular,31,mar,1,223,3,other,1,older
technician,married,secondary,no,61,no,no,cellular,19,aug,2,-1,0,unknown,0,young
blue-collar,single,primary,no,-21,no,no,unknown,15,may,3,-1,0,unknown,0,young
admin.,married,secondary,no,4764,no,no,telephone,21,nov,2,-1,0,unknown,0,young
admin.,divorced,secondary,no,1762,yes,no,cellular,19,nov,2,-1,0,unknown,0,young
technician,married,tertiary,no,6797,no,no,cellular,12,aug,1,-1,0,unknown,0,older
management,married,tertiary,no,5355,no,no,telephone,17,feb,4,-1,0,unknown,1,young
blue-collar,married,secondary,yes,-643,yes,no,cellular,18,jul,1,-1,0,unknown,0,young
technician,married,secondary,no,703,no,no,cellular,31,jul,2,-1,0,unknown,0,young
blue-collar,married,secondary,no,1777,yes,no,cellular,21,nov,5,154,1,failure,1,older
technician,divorced,tertiary,no,466,no,no,cellular,28,aug,1,-1,0,unknown,0,young
unemployed,single,secondary,no,1013,yes,no,cellular,30,jul,5,-1,0,unknown,0,older
technician,married,tertiary,no,0,yes,yes,cellular,17,nov,1,-1,0,unknown,0,older
services,married,secondary,no,4402,yes,no,cellular,21,nov,2,-1,0,unknown,0,young
management,single,tertiary,no,0,yes,no,unknown,30,may,1,-1,0,unknown,0,young
management,divorced,tertiary,no,649,no,no,cellular,16,jul,2,91,1,failure,0,young
management,single,secondary,no,594,yes,no,unknown,13,may,1,-1,0,unknown,0,young
services,married,secondary,no,94,yes,yes,telephone,5,nov,1,-1,0,unknown,0,older
blue-collar,married,secondary,no,335,yes,no,unknown,8,may,1,-1,0,unknown,0,young
blue-collar,married,secondary,no,1414,yes,no,unknown,15,may,2,-1,0,unknown,0,older
blue-collar,divorced,primary,no,29,yes,no,cellular,21,jul,1,-1,0,unknown,0,older
retired,married,unknown,no,1807,no,no,telephone,20,oct,1,-1,0,unknown,1,older
admin.,married,secondary,no,72,yes,yes,unknown,28,may,2,-1,0,unknown,0,older
management,married,tertiary,no,1594,yes,no,cellular,17,apr,1,260,5,failure,0,young
management,married,primary,no,733,yes,no,unknown,6,jun,7,-1,0,unknown,0,young
management,single,tertiary,no,0,yes,no,unknown,15,may,4,-1,0,unknown,0,young
management,married,tertiary,no,0,no,no,cellular,9,jul,5,-1,0,unknown,0,older
technician,divorced,secondary,no,2823,yes,no,cellular,8,jun,1,371,6,failure,1,young
management,married,tertiary,no,1323,yes,no,cellular,17,nov,1,-1,0,unknown,0,older
blue-collar,married,secondary,no,577,yes,no,telephone,17,apr,3,331,10,other,0,young
unemployed,married,secondary,no,0,no,no,cellular,24,jul,2,-1,0,unknown,0,young
self-employed,married,secondary,no,3396,no,no,cellular,18,aug,6,-1,0,unknown,0,young
management,married,tertiary,no,4190,no,no,unknown,9,may,4,-1,0,unknown,0,young
management,divorced,tertiary,no,14481,yes,no,unknown,30,may,1,-1,0,unknown,1,older
entrepreneur,divorced,secondary,no,2998,yes,no,cellular,18,jul,3,-1,0,unknown,1,young
management,married,tertiary,no,1674,yes,no,cellular,12,aug,7,-1,0,unknown,0,young
management,married,primary,no,0,no,no,cellular,19,nov,1,-1,0,unknown,0,older
management,married,tertiary,no,0,yes,no,unknown,6,jun,5,-1,0,unknown,0,older
management,single,tertiary,no,6791,no,no,telephone,29,apr,23,-1,0,unknown,0,young
blue-collar,married,primary,no,581,no,no,cellular,25,aug,4,-1,0,unknown,0,older
retired,married,tertiary,no,908,no,no,cellular,28,jan,2,-1,0,unknown,0,older
services,married,secondary,no,-111,yes,no,cellular,5,may,1,-1,0,unknown,0,young
blue-collar,married,primary,no,1518,yes,no,telephone,6,feb,3,-1,0,unknown,0,young
management,single,secondary,no,2644,no,no,cellular,19,aug,7,-1,0,unknown,0,young
services,single,secondary,no,316,no,no,unknown,11,jun,5,-1,0,unknown,0,young
services,divorced,secondary,no,135,yes,yes,cellular,17,nov,1,-1,0,unknown,0,older
services,married,secondary,no,135,yes,no,cellular,18,nov,1,-1,0,unknown,0,young
management,married,tertiary,no,5878,no,no,cellular,23,oct,1,430,2,failure,1,young
entrepreneur,married,unknown,no,1481,yes,no,cellular,6,may,2,364,3,failure,0,older
technician,single,tertiary,no,-481,yes,yes,cellular,2,feb,1,-1,0,unknown,0,young
blue-collar,married,secondary,no,1096,yes,yes,cellular,6,feb,2,-1,0,unknown,0,older
blue-collar,married,tertiary,no,1371,no,no,cellular,13,may,3,363,4,other,0,older
unemployed,married,primary,no,3175,no,no,cellular,2,feb,1,-1,0,unknown,0,older
blue-collar,married,secondary,no,-102,yes,no,cellular,27,aug,7,-1,0,unknown,0,older
services,divorced,primary,no,818,no,no,cellular,28,jan,1,-1,0,unknown,0,older
management,married,tertiary,no,388,no,no,cellular,13,aug,1,-1,0,unknown,0,young
unemployed,divorced,secondary,no,262,yes,no,unknown,14,may,5,-1,0,unknown,0,young
admin.,single,tertiary,no,994,no,no,cellular,2,feb,2,-1,0,unknown,0,young
services,married,secondary,no,22,yes,no,unknown,6,may,1,-1,0,unknown,0,young
management,married,tertiary,no,3762,no,no,cellular,28,aug,12,-1,0,unknown,0,older
admin.,single,secondary,no,33,no,no,cellular,12,feb,1,-1,0,unknown,1,young
entrepreneur,married,secondary,no,0,yes,yes,unknown,8,may,1,-1,0,unknown,0,young
retired,divorced,tertiary,no,158,no,yes,cellular,21,jul,1,-1,0,unknown,1,older
self-employed,married,tertiary,no,263,no,no,cellular,16,nov,4,94,3,failure,0,young
retired,married,tertiary,no,29,no,no,telephone,10,jul,2,-1,0,unknown,0,older
blue-collar,married,primary,no,800,yes,no,cellular,13,may,5,175,6,failure,0,young
housemaid,married,primary,no,370,yes,no,cellular,9,jul,1,-1,0,unknown,0,older
admin.,married,secondary,no,1033,yes,no,unknown,9,may,1,-1,0,unknown,0,young
blue-collar,married,primary,no,162,yes,no,cellular,6,may,1,-1,0,unknown,0,older
services,single,tertiary,no,136,yes,yes,unknown,16,may,5,-1,0,unknown,0,young
technician,single,unknown,no,447,yes,no,unknown,5,may,2,-1,0,unknown,0,older
technician,married,secondary,no,135,yes,yes,cellular,23,jul,4,-1,0,unknown,1,older
management,married,secondary,no,563,yes,no,cellular,20,apr,6,-1,0,unknown,0,older
services,divorced,secondary,no,5,yes,yes,cellular,29,jan,2,-1,0,unknown,0,older
technician,divorced,tertiary,yes,3,no,no,cellular,6,may,1,-1,0,unknown,1,young
services,married,secondary,no,-176,yes,no,cellular,30,jul,31,-1,0,unknown,0,young
technician,single,secondary,no,4684,yes,no,cellular,30,apr,3,-1,0,unknown,1,young
services,married,secondary,no,1325,no,no,unknown,11,jun,2,-1,0,unknown,0,young
blue-collar,married,secondary,no,1402,no,no,cellular,20,nov,5,-1,0,unknown,0,young
technician,divorced,secondary,no,0,yes,no,cellular,16,jul,1,-1,0,unknown,0,young
management,married,primary,no,4362,no,no,unknown,9,jun,1,-1,0,unknown,0,older
blue-collar,single,primary,no,3195,yes,yes,cellular,25,jul,1,-1,0,unknown,0,young
technician,married,tertiary,no,1454,no,no,telephone,30,jan,3,-1,0,unknown,0,young
services,married,secondary,no,2745,yes,no,unknown,17,jun,2,-1,0,unknown,0,older
management,single,tertiary,no,2085,yes,no,cellular,21,nov,2,93,4,failure,0,young
management,single,tertiary,no,0,no,yes,cellular,18,jul,1,-1,0,unknown,0,young
admin.,single,tertiary,no,377,yes,no,unknown,5,may,2,-1,0,unknown,0,older
management,single,tertiary,no,6493,no,no,cellular,11,aug,5,-1,0,unknown,0,young
management,divorced,tertiary,no,66,no,yes,cellular,30,jul,4,-1,0,unknown,0,older
management,married,secondary,no,0,no,no,cellular,31,jul,2,-1,0,unknown,0,older
management,single,tertiary,no,218,yes,no,cellular,5,may,1,-1,0,unknown,0,young
technician,married,secondary,no,-413,yes,no,cellular,13,aug,2,-1,0,unknown,0,young
blue-collar,married,primary,no,1002,yes,no,unknown,30,may,4,-1,0,unknown,0,young
blue-collar,married,primary,no,-402,no,no,unknown,21,may,6,-1,0,unknown,0,young
admin.,married,secondary,no,953,yes,no,cellular,17,feb,1,-1,0,unknown,0,young
blue-collar,married,secondary,no,648,yes,no,cellular,29,jan,2,240,1,failure,0,young
admin.,single,secondary,no,1306,yes,no,unknown,28,may,5,-1,0,unknown,0,young
admin.,single,secondary,no,13,no,no,unknown,2,jun,4,-1,0,unknown,0,older
student,single,unknown,no,479,no,no,cellular,11,sep,2,-1,0,unknown,0,young
management,single,tertiary,no,27,no,yes,cellular,22,jul,1,-1,0,unknown,0,young
management,married,tertiary,no,9630,yes,no,cellular,25,jul,4,-1,0,unknown,0,young
blue-collar,married,secondary,no,363,yes,no,cellular,3,feb,1,-1,0,unknown,0,young
blue-collar,married,primary,no,336,yes,no,unknown,21,may,4,-1,0,unknown,0,young
retired,married,secondary,no,21446,no,no,telephone,15,apr,2,-1,0,unknown,0,older
admin.,married,secondary,no,147,yes,no,cellular,7,jul,30,-1,0,unknown,0,young
admin.,single,secondary,no,533,no,no,unknown,5,jun,2,-1,0,unknown,0,older
technician,married,secondary,no,378,yes,yes,cellular,20,apr,2,-1,0,unknown,0,older
management,married,tertiary,no,2143,yes,no,unknown,5,may,1,-1,0,unknown,0,older
admin.,married,secondary,no,-356,no,yes,unknown,9,may,1,-1,0,unknown,0,young
management,single,tertiary,no,34,yes,no,cellular,28,jul,4,-1,0,unknown,0,young
management,married,secondary,no,0,no,no,cellular,22,aug,2,-1,0,unknown,0,young
blue-collar,divorced,secondary,no,-259,no,no,cellular,17,nov,1,171,2,other,0,older
blue-collar,married,secondary,no,-112,yes,no,cellular,12,may,2,-1,0,unknown,0,young
technician,married,tertiary,no,571,yes,yes,cellular,31,jul,3,-1,0,unknown,0,young
management,single,tertiary,no,775,yes,no,unknown,16,jun,2,-1,0,unknown,0,young
services,single,secondary,no,848,no,no,unknown,5,jun,2,-1,0,unknown,0,older
blue-collar,married,secondary,no,7180,yes,no,cellular,13,may,1,364,1,success,0,older
services,married,secondary,no,2533,yes,no,cellular,18,may,6,180,2,other,0,young
management,single,tertiary,no,2206,yes,no,cellular,18,nov,1,-1,0,unknown,0,young
services,married,secondary,no,949,yes,no,cellular,29,jul,8,-1,0,unknown,0,young
management,married,tertiary,no,16649,yes,no,cellular,20,nov,2,-1,0,unknown,0,young
self-employed,married,tertiary,no,144,yes,no,unknown,5,jun,2,-1,0,unknown,0,young
services,married,primary,no,1015,yes,no,cellular,30,jul,8,-1,0,unknown,0,young
blue-collar,married,secondary,no,59,yes,yes,cellular,14,may,3,356,2,failure,0,young
services,single,secondary,no,124,yes,no,unknown,3,jun,4,-1,0,unknown,0,young
blue-collar,married,primary,no,-1455,yes,no,unknown,23,may,2,-1,0,unknown,0,older
management,married,tertiary,no,707,yes,no,telephone,23,jul,2,-1,0,unknown,0,older
entrepreneur,married,secondary,no,580,yes,no,unknown,14,may,4,-1,0,unknown,0,young
services,married,secondary,no,660,no,no,cellular,2,feb,1,272,2,failure,0,older
admin.,single,secondary,no,1965,yes,no,cellular,8,may,1,-1,0,unknown,0,young
technician,married,secondary,no,68,yes,yes,unknown,16,jun,3,-1,0,unknown,0,older
management,single,secondary,no,45,no,no,cellular,29,aug,3,-1,0,unknown,0,young
services,married,secondary,no,26,yes,no,unknown,2,jun,9,-1,0,unknown,0,older
blue-collar,married,primary,no,79,yes,no,cellular,14,may,2,-1,0,unknown,0,young
management,divorced,secondary,no,0,yes,no,cellular,6,may,3,-1,0,unknown,0,older
self-employed,married,tertiary,no,125,no,no,cellular,29,jan,2,-1,0,unknown,0,older
technician,married,secondary,no,381,yes,no,cellular,16,jul,6,-1,0,unknown,0,older
retired,divorced,secondary,yes,-200,no,yes,cellular,4,feb,1,243,1,failure,0,older
blue-collar,single,tertiary,no,761,no,no,telephone,18,nov,2,-1,0,unknown,1,young
management,married,tertiary,no,976,no,no,cellular,19,aug,1,-1,0,unknown,1,older
services,married,secondary,no,-839,yes,no,unknown,28,may,1,-1,0,unknown,0,older
management,married,tertiary,no,7255,yes,no,cellular,20,apr,2,-1,0,unknown,0,young
management,single,tertiary,no,747,no,no,cellular,4,aug,1,1,6,other,0,young
blue-collar,divorced,primary,yes,-17,no,yes,cellular,4,feb,2,-1,0,unknown,0,older
management,single,tertiary,no,9634,no,no,cellular,12,aug,5,-1,0,unknown,0,young
management,married,tertiary,no,0,yes,no,cellular,31,jul,5,-1,0,unknown,0,older
admin.,divorced,secondary,no,-101,yes,yes,cellular,6,may,1,-1,0,unknown,0,young
retired,single,tertiary,no,1411,yes,no,cellular,13,may,2,-1,0,unknown,0,older
management,single,secondary,no,1012,no,no,unknown,9,jun,1,-1,0,unknown,0,older
services,married,secondary,no,703,no,no,cellular,18,nov,2,-1,0,unknown,0,young
unemployed,single,secondary,no,622,no,no,cellular,28,jan,2,-1,0,unknown,1,young
technician,married,secondary,no,922,yes,yes,cellular,17,jul,2,-1,0,unknown,0,young
services,married,secondary,no,10,yes,no,cellular,7,may,1,294,1,failure,0,young
retired,divorced,secondary,no,19,no,no,cellular,29,jul,2,-1,0,unknown,0,older
management,married,unknown,no,1504,yes,no,cellular,22,may,2,-1,0,unknown,1,older
management,married,secondary,no,1134,no,yes,cellular,9,feb,4,-1,0,unknown,0,older
blue-collar,single,secondary,yes,-233,yes,no,cellular,6,may,1,-1,0,unknown,0,young
admin.,married,secondary,no,351,yes,no,unknown,5,may,1,-1,0,unknown,0,older
admin.,divorced,secondary,no,207,yes,no,cellular,2,feb,1,271,4,failure,0,older
management,married,tertiary,no,160,no,no,cellular,20,aug,2,-1,0,unknown,0,older
student,single,tertiary,no,0,no,no,unknown,26,may,3,-1,0,unknown,0,young
management,single,tertiary,no,808,no,no,cellular,27,may,2,-1,0,unknown,0,young
technician,single,secondary,no,-103,yes,yes,unknown,5,may,1,-1,0,unknown,0,young
management,married,tertiary,no,834,no,no,cellular,7,aug,2,-1,0,unknown,0,young
retired,married,secondary,no,2674,no,no,cellular,14,jul,2,-1,0,unknown,0,older
services,divorced,secondary,no,-152,yes,no,cellular,3,apr,3,-1,0,unknown,0,young
technician,married,secondary,no,597,yes,yes,cellular,7,aug,2,-1,0,unknown,0,older
retired,married,secondary,no,168,no,no,cellular,20,aug,4,-1,0,unknown,0,older
admin.,married,secondary,no,536,yes,no,cellular,23,jul,2,-1,0,unknown,0,young
admin.,single,secondary,no,1295,no,no,cellular,21,apr,1,-1,0,unknown,1,young
technician,single,secondary,no,428,yes,no,cellular,24,jul,2,-1,0,unknown,0,young
management,divorced,secondary,no,0,yes,no,unknown,28,may,6,-1,0,unknown,0,older
admin.,married,secondary,no,147,yes,yes,cellular,29,jul,7,-1,0,unknown,0,young
blue-collar,married,secondary,no,1053,no,no,unknown,16,jun,3,-1,0,unknown,0,young
technician,single,secondary,no,2910,yes,no,unknown,17,jun,5,-1,0,unknown,0,young
management,married,tertiary,no,68,yes,no,unknown,4,jun,4,-1,0,unknown,0,young
blue-collar,married,unknown,no,0,yes,no,telephone,7,may,4,-1,0,unknown,0,older
housemaid,married,secondary,no,874,no,no,cellular,8,jul,3,-1,0,unknown,0,older
technician,single,secondary,no,1692,yes,yes,unknown,28,may,2,-1,0,unknown,0,young
technician,married,unknown,no,1156,no,no,unknown,16,jun,2,-1,0,unknown,0,older
blue-collar,married,primary,no,591,yes,no,unknown,14,may,3,-1,0,unknown,0,young
management,single,tertiary,no,131,yes,no,cellular,11,aug,1,81,1,other,0,young
blue-collar,married,secondary,no,-95,yes,no,cellular,18,may,1,370,1,failure,0,young
management,married,tertiary,no,2218,yes,no,unknown,13,may,2,-1,0,unknown,0,older
self-employed,married,tertiary,no,-39,no,no,cellular,1,apr,2,-1,0,unknown,1,older
blue-collar,married,secondary,no,291,yes,no,cellular,23,jul,2,-1,0,unknown,0,older
admin.,married,secondary,no,511,no,no,cellular,28,jan,1,-1,0,unknown,0,young
blue-collar,married,secondary,no,1382,yes,no,cellular,12,aug,1,182,2,success,1,young
management,single,tertiary,no,4543,yes,no,unknown,2,jun,5,-1,0,unknown,0,young
management,married,tertiary,no,367,no,no,cellular,4,feb,2,-1,0,unknown,0,young
blue-collar,married,primary,no,243,yes,yes,unknown,30,may,2,-1,0,unknown,0,young
management,single,tertiary,yes,-559,yes,no,unknown,2,jun,2,-1,0,unknown,0,young
management,married,tertiary,no,1,no,no,unknown,14,may,1,-1,0,unknown,0,older
technician,single,secondary,no,3588,no,no,telephone,28,aug,27,-1,0,unknown,0,young
student,single,secondary,no,1684,no,no,cellular,6,apr,4,-1,0,unknown,0,young
blue-collar,married,primary,no,183,yes,no,unknown,19,may,4,-1,0,unknown,0,young
services,married,secondary,no,0,yes,no,cellular,5,may,1,355,6,failure,0,young
technician,divorced,tertiary,no,47,no,no,cellular,21,jul,3,-1,0,unknown,0,young
admin.,married,secondary,no,3138,no,no,cellular,12,aug,1,-1,0,unknown,0,young
services,single,secondary,no,133,yes,yes,cellular,29,jan,1,197,1,failure,0,older
technician,married,secondary,no,4,yes,yes,cellular,4,aug,3,-1,0,unknown,0,young
admin.,single,secondary,no,648,yes,no,cellular,6,feb,2,-1,0,unknown,0,young
self-employed,divorced,secondary,no,1016,yes,no,cellular,21,nov,3,-1,0,unknown,0,older
blue-collar,married,primary,no,1092,no,yes,unknown,30,may,8,-1,0,unknown,0,older
services,single,secondary,no,0,yes,no,cellular,31,jul,6,-1,0,unknown,0,young
management,divorced,tertiary,no,36,yes,no,unknown,13,may,6,-1,0,unknown,0,young
management,married,tertiary,no,52527,no,no,cellular,21,aug,11,-1,0,unknown,0,young
technician,divorced,tertiary,no,7190,yes,no,cellular,29,jul,2,-1,0,unknown,0,older
services,single,primary,no,5907,yes,no,cellular,21,nov,5,-1,0,unknown,0,older
technician,single,secondary,no,11423,yes,no,unknown,23,may,1,-1,0,unknown,0,young
blue-collar,married,secondary,no,1165,yes,no,cellular,11,may,3,173,7,failure,0,young
management,married,tertiary,no,981,yes,no,cellular,17,nov,1,-1,0,unknown,0,older
management,married,secondary,no,165,yes,no,telephone,5,feb,3,258,15,other,0,young
services,single,secondary,no,808,yes,no,cellular,20,apr,1,-1,0,unknown,0,young
entrepreneur,married,tertiary,no,776,yes,no,telephone,9,jul,1,-1,0,unknown,1,older
admin.,single,secondary,no,3551,yes,no,cellular,12,may,1,-1,0,unknown,1,older
technician,married,secondary,no,1278,no,no,unknown,19,jun,1,-1,0,unknown,0,older
blue-collar,married,primary,no,656,yes,no,cellular,28,jul,4,-1,0,unknown,0,young
management,married,tertiary,no,480,yes,no,telephone,2,apr,2,-1,0,unknown,0,older
housemaid,married,primary,no,284,no,no,telephone,13,aug,4,-1,0,unknown,0,older
entrepreneur,single,tertiary,no,1745,yes,no,cellular,30,jan,4,-1,0,unknown,0,older
services,married,secondary,no,1034,no,no,cellular,8,aug,2,-1,0,unknown,0,older
unemployed,married,primary,no,50,no,no,cellular,26,aug,2,-1,0,unknown,0,older
retired,married,unknown,no,0,no,no,cellular,11,aug,2,-1,0,unknown,0,older
admin.,married,secondary,no,8,no,yes,cellular,7,jul,1,-1,0,unknown,0,older
management,single,tertiary,no,600,yes,no,cellular,17,nov,2,196,1,failure,0,young
self-employed,married,secondary,no,0,yes,no,cellular,8,may,1,-1,0,unknown,0,older
management,married,tertiary,no,4594,no,no,cellular,11,aug,3,-1,0,unknown,0,older
management,married,tertiary,no,9339,yes,no,telephone,18,nov,3,172,3,other,0,older
technician,divorced,secondary,no,2,yes,no,cellular,7,may,2,330,17,failure,0,young
entrepreneur,divorced,tertiary,no,1867,yes,no,cellular,24,jul,1,-1,0,unknown,0,older
entrepreneur,divorced,tertiary,no,81,yes,no,unknown,19,may,3,-1,0,unknown,0,older
blue-collar,married,primary,no,7673,yes,no,cellular,18,nov,1,-1,0,unknown,0,young
management,married,tertiary,no,1315,no,no,cellular,30,jun,1,-1,0,unknown,1,young
entrepreneur,divorced,tertiary,no,148,yes,no,cellular,18,may,3,350,5,other,0,older
housemaid,divorced,secondary,no,3253,no,no,unknown,20,jun,7,-1,0,unknown,0,older
technician,married,secondary,no,636,no,no,cellular,4,aug,2,-1,0,unknown,0,older
technician,single,secondary,no,181,yes,no,cellular,28,jul,3,-1,0,unknown,0,young
blue-collar,married,tertiary,no,297,yes,no,unknown,7,may,1,-1,0,unknown,0,older
management,married,tertiary,no,0,yes,no,unknown,21,may,2,-1,0,unknown,0,young
unemployed,single,secondary,no,259,yes,no,cellular,18,may,2,-1,0,unknown,0,young
management,married,tertiary,no,27696,no,no,cellular,12,aug,2,104,1,failure,1,older
technician,married,tertiary,no,4323,yes,no,unknown,15,may,5,-1,0,unknown,0,older
services,married,unknown,no,324,no,no,cellular,29,aug,11,-1,0,unknown,0,older
retired,married,secondary,no,753,no,yes,cellular,6,aug,6,-1,0,unknown,0,older
blue-collar,married,secondary,no,-172,yes,no,cellular,31,jul,32,-1,0,unknown,0,young
unemployed,single,secondary,no,268,yes,no,cellular,5,may,1,-1,0,unknown,0,young
management,married,tertiary,no,17946,yes,no,cellular,4,may,4,87,6,failure,0,young
unemployed,single,secondary,no,5670,no,no,cellular,4,feb,1,-1,0,unknown,0,young
blue-collar,married,secondary,no,1354,yes,yes,cellular,17,nov,2,-1,0,unknown,0,young
entrepreneur,single,tertiary,no,1410,yes,no,unknown,14,may,8,-1,0,unknown,0,older
management,married,secondary,no,1215,yes,yes,cellular,3,feb,2,-1,0,unknown,0,young
entrepreneur,single,unknown,no,202,no,no,cellular,28,jul,3,-1,0,unknown,0,older
technician,single,tertiary,no,69,no,no,cellular,21,aug,1,-1,0,unknown,0,young
blue-collar,married,secondary,no,245,yes,no,unknown,26,may,11,-1,0,unknown,0,young
services,divorced,secondary,no,0,yes,no,unknown,4,jun,1,-1,0,unknown,0,young
management,single,tertiary,no,1,no,no,cellular,31,jul,6,-1,0,unknown,0,young
admin.,married,secondary,no,281,yes,no,unknown,16,may,2,-1,0,unknown,0,young
blue-collar,single,secondary,no,5563,yes,no,unknown,30,may,2,-1,0,unknown,0,young
housemaid,married,primary,no,67,no,no,telephone,25,aug,1,-1,0,unknown,0,older
services,married,secondary,no,7208,yes,no,cellular,13,may,1,-1,0,unknown,0,young
blue-collar,married,secondary,no,322,yes,yes,cellular,9,feb,3,-1,0,unknown,0,young
retired,married,secondary,no,2122,no,yes,cellular,19,aug,6,-1,0,unknown,0,older
retired,divorced,secondary,no,631,no,no,telephone,8,feb,2,181,1,failure,0,older
entrepreneur,divorced,primary,no,29,no,no,unknown,16,jun,1,-1,0,unknown,0,older
blue-collar,married,secondary,no,3605,yes,no,cellular,20,nov,1,-1,0,unknown,0,young
housemaid,single,tertiary,no,19,no,no,cellular,4,may,1,88,4,success,1,young
technician,married,tertiary,no,442,no,no,cellular,15,oct,1,-1,0,unknown,0,young
blue-collar,married,secondary,no,62,yes,no,cellular,7,may,3,-1,0,unknown,1,young
technician,married,secondary,no,1599,yes,no,cellular,8,jul,1,61,1,failure,0,young
blue-collar,married,primary,no,2133,yes,yes,unknown,16,may,1,-1,0,unknown,0,young
management,married,secondary,no,0,no,no,cellular,27,aug,6,-1,0,unknown,0,older
blue-collar,married,secondary,no,177,yes,no,unknown,12,may,3,-1,0,unknown,0,young
admin.,divorced,secondary,no,162,no,no,unknown,27,may,1,-1,0,unknown,0,older
student,single,secondary,no,722,yes,no,cellular,2,apr,1,-1,0,unknown,0,young
management,married,primary,no,142,yes,no,unknown,12,may,1,-1,0,unknown,0,young
technician,single,tertiary,no,755,no,no,cellular,14,aug,2,-1,0,unknown,0,young
management,married,tertiary,no,13874,no,no,cellular,5,feb,1,234,2,other,0,older
admin.,single,secondary,no,99,no,no,cellular,4,may,3,89,3,failure,0,young
technician,married,secondary,no,0,no,no,telephone,14,jul,2,-1,0,unknown,0,older
blue-collar,married,secondary,no,2308,yes,no,unknown,7,may,1,-1,0,unknown,0,young
services,single,secondary,no,1114,no,no,cellular,9,feb,2,-1,0,unknown,0,young
entrepreneur,single,tertiary,no,1837,no,no,cellular,29,jan,1,-1,0,unknown,0,young
technician,married,unknown,no,206,yes,no,unknown,5,may,3,-1,0,unknown,0,older
management,single,tertiary,no,4,no,no,cellular,27,aug,3,-1,0,unknown,0,young
services,single,tertiary,no,461,no,no,cellular,20,nov,1,-1,0,unknown,0,young
management,divorced,tertiary,no,700,yes,no,cellular,29,aug,2,-1,0,unknown,0,older
technician,married,tertiary,no,1126,yes,no,unknown,21,may,1,-1,0,unknown,0,young
technician,married,secondary,no,492,yes,no,cellular,9,jul,1,-1,0,unknown,0,young
admin.,divorced,secondary,no,92,yes,no,unknown,5,may,1,-1,0,unknown,0,older
blue-collar,divorced,secondary,no,1310,no,no,unknown,7,may,2,-1,0,unknown,0,older
retired,married,secondary,no,4,no,no,cellular,28,aug,3,-1,0,unknown,0,older
unemployed,single,tertiary,no,4082,no,no,telephone,14,jun,1,459,17,other,0,young
retired,married,primary,no,1765,no,no,telephone,11,mar,2,181,2,success,0,older
blue-collar,married,primary,no,683,yes,no,cellular,15,jul,12,-1,0,unknown,0,older
unemployed,married,primary,no,7459,yes,no,cellular,2,feb,5,269,2,failure,1,young
blue-collar,married,secondary,no,-1664,yes,no,unknown,13,may,1,-1,0,unknown,0,older
student,married,primary,no,3503,no,no,unknown,6,jun,1,-1,0,unknown,0,young
management,married,tertiary,no,3228,no,no,cellular,27,aug,8,-1,0,unknown,0,young
blue-collar,single,primary,no,1530,yes,no,unknown,9,jun,1,-1,0,unknown,0,young
management,married,tertiary,no,1412,yes,no,unknown,19,aug,1,-1,0,unknown,1,young
management,married,tertiary,no,651,no,no,cellular,20,aug,4,-1,0,unknown,0,young
technician,single,unknown,no,11115,no,no,cellular,10,aug,1,102,1,success,1,older
services,married,secondary,no,76,yes,no,unknown,19,jun,2,-1,0,unknown,0,older
blue-collar,single,primary,no,8627,yes,no,unknown,3,jun,1,-1,0,unknown,0,young
blue-collar,single,secondary,no,1953,no,no,telephone,31,jul,2,-1,0,unknown,0,young
services,married,secondary,no,77,yes,no,cellular,15,may,1,340,4,failure,1,young
management,single,tertiary,no,2227,no,no,cellular,14,aug,2,-1,0,unknown,0,young
admin.,married,secondary,no,242,yes,no,unknown,17,sep,1,779,12,failure,0,young
admin.,married,secondary,no,3087,yes,yes,unknown,27,may,1,-1,0,unknown,0,young
self-employed,single,secondary,no,311,yes,yes,unknown,28,may,3,-1,0,unknown,0,young
student,married,secondary,no,134,no,no,cellular,27,aug,8,-1,0,unknown,0,young
blue-collar,single,secondary,no,2528,yes,no,cellular,18,may,8,-1,0,unknown,0,young
management,single,tertiary,no,295,no,no,cellular,5,jun,1,-1,0,unknown,0,young
retired,married,secondary,no,8121,yes,yes,cellular,18,aug,7,-1,0,unknown,0,older
retired,married,secondary,no,781,yes,yes,cellular,12,aug,5,-1,0,unknown,0,older
unemployed,married,primary,no,1221,no,yes,cellular,8,jul,1,-1,0,unknown,0,older
blue-collar,married,secondary,no,0,yes,no,unknown,6,may,1,-1,0,unknown,0,young
admin.,single,tertiary,no,89,yes,no,cellular,22,jul,1,-1,0,unknown,0,young
management,divorced,tertiary,no,-256,yes,yes,cellular,14,may,1,-1,0,unknown,0,older
technician,married,tertiary,no,99,no,no,cellular,14,aug,2,-1,0,unknown,0,young
technician,divorced,secondary,no,21,yes,no,unknown,27,may,1,-1,0,unknown,0,young
student,single,unknown,no,53,no,no,cellular,14,jun,1,-1,0,unknown,1,young
technician,married,secondary,no,1818,no,no,cellular,2,feb,1,241,2,other,0,older
technician,married,tertiary,no,831,yes,no,unknown,5,may,3,-1,0,unknown,0,older
management,divorced,secondary,no,145,yes,no,cellular,20,apr,2,270,5,failure,0,older
entrepreneur,married,primary,no,563,no,no,unknown,19,jun,1,-1,0,unknown,0,older
blue-collar,single,primary,no,24277,no,no,cellular,28,aug,1,-1,0,unknown,1,young
management,married,tertiary,no,783,yes,no,cellular,14,jul,3,-1,0,unknown,0,older
management,single,tertiary,no,202,no,no,cellular,4,may,5,-1,0,unknown,0,young
admin.,married,secondary,no,2061,yes,yes,cellular,5,mar,3,-1,0,unknown,0,young
management,married,tertiary,no,1352,no,no,unknown,19,jun,1,-1,0,unknown,1,young
admin.,married,secondary,no,-790,yes,no,cellular,22,jul,4,-1,0,unknown,0,young
blue-collar,married,unknown,no,123,yes,no,cellular,7,aug,2,-1,0,unknown,0,older
management,married,unknown,no,12245,no,no,cellular,7,jul,3,-1,0,unknown,0,older
management,married,tertiary,no,622,no,no,cellular,19,nov,1,-1,0,unknown,0,young
technician,married,secondary,no,2338,no,no,cellular,16,oct,2,-1,0,unknown,1,young
blue-collar,married,unknown,no,41,yes,no,cellular,6,may,9,-1,0,unknown,0,young
services,married,tertiary,no,16,no,no,unknown,19,jun,1,-1,0,unknown,0,young
management,married,tertiary,yes,-108,no,yes,cellular,7,jul,2,-1,0,unknown,0,older
admin.,married,secondary,no,457,yes,no,cellular,21,nov,1,171,5,failure,0,young
management,single,tertiary,no,5047,no,no,cellular,29,apr,4,-1,0,unknown,1,young
student,single,secondary,no,16173,yes,no,unknown,28,may,1,-1,0,unknown,0,young
management,single,tertiary,no,377,no,no,cellular,21,aug,3,91,1,failure,0,young
admin.,divorced,secondary,no,-402,yes,no,cellular,21,nov,1,-1,0,unknown,0,older
management,married,tertiary,no,938,no,no,cellular,11,nov,2,97,3,failure,0,older
management,married,tertiary,no,103,no,no,cellular,10,feb,9,-1,0,unknown,0,young
student,single,unknown,no,5368,no,no,cellular,4,may,6,-1,0,unknown,0,young
management,single,tertiary,no,2,no,no,cellular,20,apr,3,-1,0,unknown,0,older
blue-collar,single,secondary,no,160,yes,no,telephone,29,jan,1,265,1,failure,0,young
self-employed,single,secondary,no,166,yes,no,cellular,16,jul,2,-1,0,unknown,0,young
management,single,tertiary,no,80,yes,no,cellular,30,jan,3,-1,0,unknown,0,young
housemaid,married,primary,no,13292,no,no,unknown,16,jun,2,-1,0,unknown,0,older
technician,divorced,secondary,no,470,no,no,cellular,5,aug,3,-1,0,unknown,1,older
technician,married,tertiary,no,6573,yes,no,cellular,6,nov,2,87,2,failure,0,older
management,single,tertiary,no,12956,yes,no,cellular,2,jul,1,399,3,success,1,young
management,married,tertiary,no,926,yes,no,cellular,17,nov,1,-1,0,unknown,0,older
self-employed,married,secondary,no,2153,yes,no,cellular,11,may,3,172,1,failure,0,young
blue-collar,single,primary,no,-79,yes,no,unknown,30,may,5,-1,0,unknown,0,young
admin.,married,secondary,no,269,yes,yes,cellular,2,jun,1,-1,0,unknown,0,young
management,married,tertiary,no,3914,no,yes,cellular,29,jan,1,-1,0,unknown,0,young
blue-collar,married,primary,no,0,no,no,cellular,26,aug,2,-1,0,unknown,0,older
student,single,tertiary,no,5741,no,no,cellular,10,sep,5,200,3,failure,1,young
management,married,secondary,no,293,yes,no,unknown,21,may,3,-1,0,unknown,0,young
blue-collar,married,secondary,no,131,yes,no,unknown,9,may,2,-1,0,unknown,0,young
blue-collar,married,primary,no,1,no,no,unknown,1,jul,1,-1,0,unknown,0,older
blue-collar,married,primary,no,2427,no,no,cellular,23,jul,1,-1,0,unknown,0,older
management,married,tertiary,no,-83,yes,yes,cellular,11,jul,2,-1,0,unknown,0,young
management,married,unknown,no,0,yes,no,unknown,26,may,6,-1,0,unknown,0,young
unemployed,married,secondary,no,149,yes,no,cellular,28,jan,1,-1,0,unknown,0,older
housemaid,married,primary,no,3512,no,no,cellular,30,oct,1,197,1,failure,1,older
management,divorced,tertiary,no,54,no,yes,cellular,21,jul,3,-1,0,unknown,0,older
technician,single,secondary,no,649,no,no,cellular,7,aug,3,-1,0,unknown,0,young
management,married,tertiary,no,917,yes,no,unknown,20,may,1,-1,0,unknown,0,young
blue-collar,married,secondary,no,844,yes,no,unknown,27,may,2,-1,0,unknown,0,young
management,divorced,tertiary,no,0,no,no,cellular,22,aug,2,-1,0,unknown,0,young
technician,married,secondary,no,858,no,no,unknown,30,may,2,-1,0,unknown,0,older
services,married,secondary,no,12,no,no,unknown,21,may,1,-1,0,unknown,0,young
blue-collar,divorced,secondary,no,0,yes,no,telephone,13,may,1,359,3,failure,0,young
retired,married,primary,no,1374,no,yes,telephone,8,may,2,359,3,failure,1,older
management,married,secondary,no,264,no,no,cellular,20,aug,8,-1,0,unknown,0,older
services,married,secondary,yes,-146,yes,no,cellular,11,jul,2,-1,0,unknown,0,older
services,married,primary,no,64,yes,yes,telephone,12,may,2,-1,0,unknown,0,older
blue-collar,married,primary,no,1865,yes,no,unknown,8,may,3,-1,0,unknown,0,older
services,married,secondary,no,1065,no,yes,cellular,24,jul,1,-1,0,unknown,0,older
management,married,tertiary,no,-115,yes,no,cellular,16,apr,4,182,2,other,1,young
entrepreneur,divorced,tertiary,no,275,no,yes,unknown,5,jun,1,-1,0,unknown,0,older
technician,single,secondary,no,298,yes,no,unknown,16,may,2,-1,0,unknown,0,young
management,married,secondary,no,458,yes,no,cellular,8,may,3,-1,0,unknown,0,older
technician,married,tertiary,no,732,no,no,cellular,2,nov,2,161,1,failure,0,young
admin.,married,secondary,no,2711,no,no,cellular,8,aug,1,-1,0,unknown,0,young
entrepreneur,married,secondary,no,183,yes,no,cellular,15,may,4,-1,0,unknown,0,young
technician,single,tertiary,no,419,yes,yes,unknown,28,may,3,-1,0,unknown,0,young
management,divorced,tertiary,no,83,no,no,cellular,19,aug,2,-1,0,unknown,0,older
management,divorced,tertiary,no,986,no,no,unknown,30,may,2,-1,0,unknown,0,older
technician,divorced,secondary,no,557,yes,no,cellular,20,nov,1,91,1,failure,0,young
housemaid,married,primary,no,0,no,no,telephone,16,jul,8,-1,0,unknown,0,older
unemployed,married,tertiary,no,822,no,no,unknown,1,aug,1,-1,0,unknown,0,young
technician,married,secondary,no,282,no,yes,cellular,21,nov,2,-1,0,unknown,0,older
services,divorced,secondary,no,-905,yes,no,unknown,28,may,1,-1,0,unknown,0,older
admin.,married,secondary,no,2061,yes,yes,cellular,7,oct,2,107,4,success,0,young
blue-collar,single,secondary,no,3,no,no,cellular,19,nov,1,-1,0,unknown,1,young
technician,married,tertiary,no,4,yes,no,cellular,14,may,1,-1,0,unknown,0,young
technician,single,secondary,no,229,no,no,cellular,22,aug,2,-1,0,unknown,0,young
services,married,secondary,no,181,yes,no,unknown,16,may,1,-1,0,unknown,0,young
blue-collar,married,primary,no,0,no,no,cellular,31,jul,2,-1,0,unknown,0,older
blue-collar,married,primary,no,147,yes,no,unknown,3,jun,2,-1,0,unknown,0,older
entrepreneur,married,secondary,no,215,yes,yes,cellular,18,nov,1,-1,0,unknown,0,young
technician,married,unknown,no,425,yes,no,unknown,19,may,3,-1,0,unknown,0,older
retired,married,primary,no,2346,no,no,cellular,24,feb,1,184,5,failure,1,older
housemaid,single,primary,yes,-1006,yes,yes,cellular,21,jul,1,-1,0,unknown,0,young
blue-collar,married,secondary,no,2428,yes,no,cellular,20,nov,6,177,16,other,0,older
blue-collar,single,unknown,no,192,no,no,cellular,27,may,1,-1,0,unknown,0,young
admin.,divorced,tertiary,no,178,yes,no,cellular,4,feb,2,-1,0,unknown,0,older
housemaid,single,primary,no,0,no,yes,cellular,29,jul,4,-1,0,unknown,0,young
blue-collar,married,primary,no,1397,yes,no,telephone,12,may,2,334,1,failure,0,young
retired,married,secondary,no,1612,no,no,cellular,18,feb,1,183,4,failure,0,older
blue-collar,divorced,primary,yes,-17,no,yes,cellular,4,feb,2,-1,0,unknown,0,older
admin.,single,secondary,no,671,yes,no,cellular,29,jan,1,-1,0,unknown,0,young
unemployed,married,primary,no,9262,yes,no,cellular,6,may,1,-1,0,unknown,0,older
management,divorced,tertiary,no,563,no,no,unknown,20,jun,4,-1,0,unknown,0,young
blue-collar,married,secondary,no,1,yes,no,unknown,6,may,1,-1,0,unknown,0,young
blue-collar,married,primary,no,584,yes,no,unknown,14,may,1,-1,0,unknown,0,older
self-employed,married,tertiary,no,337,yes,yes,cellular,18,nov,2,-1,0,unknown,0,older
management,divorced,tertiary,no,219,yes,no,cellular,10,jul,1,-1,0,unknown,0,young
technician,single,tertiary,no,53,no,no,cellular,29,apr,1,-1,0,unknown,1,young
blue-collar,married,secondary,no,1109,yes,no,cellular,2,feb,3,264,2,failure,0,older
housemaid,divorced,primary,no,61,no,no,cellular,29,jul,5,-1,0,unknown,0,older
admin.,married,secondary,no,0,yes,no,cellular,5,feb,4,-1,0,unknown,0,young
technician,married,tertiary,no,7338,no,no,cellular,18,nov,1,-1,0,unknown,0,older
services,single,secondary,no,918,yes,no,unknown,29,may,1,-1,0,unknown,0,young
admin.,married,tertiary,no,4297,no,no,cellular,7,aug,2,-1,0,unknown,1,young
retired,married,secondary,no,2850,no,no,cellular,19,apr,2,185,3,failure,0,older
management,married,secondary,no,628,no,yes,unknown,2,jun,3,-1,0,unknown,0,older
entrepreneur,married,primary,no,795,no,no,cellular,8,aug,3,-1,0,unknown,0,young
services,married,primary,yes,-483,yes,yes,cellular,19,nov,3,-1,0,unknown,0,young
services,single,secondary,no,887,no,no,cellular,4,feb,1,-1,0,unknown,0,young
housemaid,married,primary,no,0,yes,no,cellular,17,jul,2,-1,0,unknown,1,older
management,single,tertiary,no,-670,yes,no,cellular,16,apr,1,-1,0,unknown,0,young
admin.,single,tertiary,no,2045,no,no,cellular,29,jan,2,-1,0,unknown,0,young
management,single,tertiary,no,6507,yes,yes,cellular,17,jul,1,-1,0,unknown,0,older
technician,married,secondary,no,1865,yes,no,unknown,28,may,2,-1,0,unknown,0,older
retired,married,tertiary,no,2812,no,no,cellular,4,aug,1,1,7,success,1,older
technician,married,secondary,no,1093,no,no,cellular,7,aug,4,-1,0,unknown,0,older
technician,married,tertiary,no,8463,no,no,cellular,13,aug,2,-1,0,unknown,0,young
blue-collar,married,primary,no,309,yes,no,cellular,14,may,2,-1,0,unknown,0,young
technician,married,secondary,no,133,no,no,cellular,12,may,2,181,3,success,1,young
technician,married,tertiary,no,1079,no,no,cellular,31,jul,2,-1,0,unknown,0,older
services,single,unknown,yes,-10,no,no,cellular,28,jan,2,-1,0,unknown,0,young
blue-collar,divorced,secondary,no,1310,no,no,unknown,7,may,2,-1,0,unknown,0,older
technician,divorced,secondary,no,0,no,no,cellular,29,aug,2,-1,0,unknown,0,older
admin.,single,tertiary,no,313,no,yes,cellular,2,jun,1,96,2,success,1,young
technician,married,secondary,no,386,no,no,cellular,20,apr,1,-1,0,unknown,1,older
management,single,tertiary,no,9710,no,no,cellular,14,oct,2,-1,0,unknown,0,young
blue-collar,married,secondary,no,757,yes,no,unknown,6,may,1,-1,0,unknown,0,young
blue-collar,married,unknown,no,54,yes,no,unknown,5,may,1,-1,0,unknown,0,older
blue-collar,married,secondary,no,95,yes,no,unknown,15,may,5,-1,0,unknown,0,older
blue-collar,married,secondary,no,346,yes,no,cellular,17,apr,1,316,1,failure,0,young
blue-collar,married,secondary,no,130,yes,no,unknown,30,may,1,-1,0,unknown,0,older
technician,married,secondary,no,1038,yes,no,telephone,14,may,3,-1,0,unknown,0,young
management,married,secondary,no,2010,no,no,telephone,4,may,6,-1,0,unknown,0,older
services,married,tertiary,no,871,no,no,cellular,22,aug,9,-1,0,unknown,0,older
services,married,secondary,no,432,yes,no,unknown,8,may,1,-1,0,unknown,0,young
blue-collar,married,secondary,no,3653,yes,yes,unknown,6,jun,4,-1,0,unknown,0,young
admin.,married,primary,no,392,yes,yes,cellular,11,jul,2,-1,0,unknown,0,older
admin.,divorced,secondary,no,1403,yes,no,cellular,16,jul,2,-1,0,unknown,0,older
management,married,tertiary,no,-321,no,no,cellular,6,feb,2,9,2,other,0,older
blue-collar,married,primary,no,607,yes,no,unknown,19,jun,1,-1,0,unknown,0,young
blue-collar,married,primary,no,-101,yes,no,cellular,15,may,1,366,4,failure,1,older
management,single,tertiary,no,1120,yes,no,cellular,29,jan,2,239,1,other,0,young
blue-collar,married,secondary,no,237,yes,no,cellular,14,may,3,-1,0,unknown,0,young
blue-collar,divorced,secondary,yes,-535,yes,no,cellular,30,jul,2,-1,0,unknown,0,older
blue-collar,married,primary,no,4121,yes,yes,cellular,20,apr,2,151,1,failure,0,older
self-employed,married,tertiary,no,132,no,no,cellular,1,jul,2,65,1,success,1,older
technician,married,unknown,yes,-375,yes,yes,telephone,6,may,4,-1,0,unknown,0,older
admin.,married,secondary,no,663,yes,no,cellular,20,apr,3,-1,0,unknown,0,older
management,married,tertiary,no,5969,no,no,cellular,25,jan,1,544,2,failure,1,older
technician,single,secondary,no,403,no,no,cellular,5,feb,2,-1,0,unknown,0,young
blue-collar,single,secondary,no,6010,yes,no,unknown,3,jun,1,-1,0,unknown,0,young
blue-collar,single,primary,no,881,yes,no,unknown,4,jun,3,-1,0,unknown,0,young
management,single,tertiary,no,0,yes,no,cellular,12,may,4,369,3,failure,0,young
entrepreneur,married,tertiary,no,705,yes,no,unknown,20,may,2,-1,0,unknown,0,older
management,married,secondary,no,1250,yes,no,cellular,12,may,2,-1,0,unknown,0,older
student,single,unknown,no,0,no,no,telephone,28,jan,3,-1,0,unknown,0,young
management,married,tertiary,no,349,no,no,unknown,9,jun,1,-1,0,unknown,0,older
blue-collar,single,secondary,no,-303,yes,no,unknown,23,may,2,-1,0,unknown,0,young
management,married,tertiary,no,630,no,no,cellular,2,feb,1,-1,0,unknown,1,young
management,single,tertiary,no,12686,yes,no,unknown,3,jun,1,-1,0,unknown,0,young
self-employed,single,tertiary,no,44,no,no,cellular,7,sep,2,96,2,other,0,young
blue-collar,married,primary,no,320,no,no,telephone,30,jul,2,-1,0,unknown,0,older
services,married,secondary,no,0,yes,no,cellular,29,jul,3,-1,0,unknown,0,young
services,married,secondary,no,-106,no,yes,unknown,20,jun,13,-1,0,unknown,0,older
blue-collar,married,primary,no,-27,no,no,cellular,28,aug,8,-1,0,unknown,0,older
blue-collar,married,tertiary,no,359,no,yes,cellular,7,aug,2,-1,0,unknown,0,young
services,divorced,secondary,no,218,yes,no,cellular,2,feb,2,249,2,failure,0,older
technician,single,secondary,no,984,no,no,unknown,17,jun,1,-1,0,unknown,0,young
entrepreneur,divorced,secondary,no,538,yes,no,cellular,7,aug,2,-1,0,unknown,1,older
admin.,single,secondary,no,4744,no,no,cellular,4,sep,1,-1,0,unknown,1,older
technician,single,secondary,no,0,no,no,cellular,6,feb,1,-1,0,unknown,0,young
blue-collar,married,primary,no,328,yes,no,unknown,21,may,8,-1,0,unknown,0,older
services,married,secondary,no,545,no,no,cellular,2,feb,1,-1,0,unknown,0,older
housemaid,married,secondary,no,197,no,no,unknown,18,jun,1,-1,0,unknown,0,older
services,married,secondary,no,567,yes,no,telephone,14,aug,3,-1,0,unknown,0,older
technician,single,secondary,no,334,no,no,cellular,19,oct,1,-1,0,unknown,0,young
self-employed,married,secondary,no,548,no,no,cellular,12,aug,4,-1,0,unknown,1,older
technician,married,secondary,no,210,yes,yes,cellular,12,may,2,173,1,failure,0,young
admin.,single,secondary,no,115,no,no,cellular,4,may,3,91,1,failure,0,young
technician,married,primary,no,0,no,no,cellular,16,jul,1,-1,0,unknown,0,older
services,married,secondary,no,1386,yes,no,unknown,28,may,1,-1,0,unknown,0,young
entrepreneur,married,tertiary,no,25204,yes,yes,cellular,6,may,1,-1,0,unknown,0,older
technician,married,tertiary,no,2155,no,no,unknown,20,jun,3,-1,0,unknown,0,older
self-employed,married,secondary,no,581,yes,no,cellular,4,feb,5,-1,0,unknown,0,young
management,married,tertiary,no,561,no,no,cellular,28,aug,8,-1,0,unknown,0,older
services,single,secondary,no,1364,yes,yes,unknown,17,jun,5,-1,0,unknown,0,young
admin.,single,secondary,no,3696,no,no,cellular,12,jan,4,-1,0,unknown,1,older
management,married,tertiary,no,2218,yes,no,unknown,13,may,2,-1,0,unknown,0,older
student,single,secondary,no,3754,no,no,cellular,15,mar,3,98,1,other,0,young
technician,single,secondary,no,1036,yes,no,cellular,25,jul,2,-1,0,unknown,0,young
retired,single,secondary,no,44,no,no,unknown,29,may,1,-1,0,unknown,0,young
management,single,tertiary,no,2137,no,no,cellular,6,feb,1,-1,0,unknown,0,young
services,single,secondary,no,3080,no,no,cellular,29,jan,1,-1,0,unknown,0,young
self-employed,married,tertiary,no,368,no,no,telephone,31,jul,4,-1,0,unknown,0,older
blue-collar,married,primary,no,0,yes,no,cellular,7,aug,3,-1,0,unknown,0,older
entrepreneur,married,primary,no,27,yes,no,telephone,10,sep,3,-1,0,unknown,1,older
blue-collar,single,primary,no,864,yes,no,telephone,14,may,2,-1,0,unknown,0,young
unemployed,single,primary,no,911,no,yes,cellular,20,nov,7,-1,0,unknown,0,young
services,divorced,secondary,no,83,no,no,cellular,13,may,5,358,6,failure,0,older
services,single,secondary,no,1222,yes,yes,cellular,17,apr,1,-1,0,unknown,0,older
unknown,married,unknown,no,19706,yes,no,cellular,3,feb,3,-1,0,unknown,0,older
technician,married,secondary,no,1130,no,no,cellular,21,aug,8,-1,0,unknown,0,young
technician,single,secondary,no,274,yes,no,cellular,16,apr,2,-1,0,unknown,0,young
retired,married,primary,yes,-488,no,yes,unknown,6,jun,1,-1,0,unknown,0,older
blue-collar,married,primary,no,319,yes,no,cellular,16,jul,1,-1,0,unknown,0,young
management,married,tertiary,no,15,no,no,unknown,20,jun,5,-1,0,unknown,0,older
management,married,tertiary,no,2283,no,no,cellular,28,jan,2,-1,0,unknown,0,young
technician,single,tertiary,no,391,yes,no,cellular,15,may,1,350,8,failure,0,young
management,single,tertiary,no,2651,no,no,cellular,6,apr,2,136,5,other,0,young
technician,single,secondary,no,534,yes,no,cellular,18,may,1,-1,0,unknown,0,young
technician,divorced,secondary,no,-24,yes,no,cellular,4,feb,2,-1,0,unknown,0,young
blue-collar,single,primary,no,3384,yes,no,telephone,20,nov,1,-1,0,unknown,0,young
services,married,secondary,no,692,yes,no,cellular,9,feb,3,257,2,failure,0,older
unemployed,married,secondary,no,3382,yes,no,unknown,14,may,1,-1,0,unknown,0,young
management,married,tertiary,no,413,no,no,cellular,13,apr,1,179,2,failure,1,young
blue-collar,married,secondary,no,5853,yes,no,unknown,21,may,2,-1,0,unknown,0,young
technician,single,secondary,no,0,no,no,cellular,29,aug,14,-1,0,unknown,0,young
blue-collar,married,primary,no,142,no,no,telephone,10,jul,5,-1,0,unknown,0,older
retired,married,secondary,no,0,no,no,cellular,9,sep,1,-1,0,unknown,1,older
management,divorced,tertiary,no,88,no,no,cellular,2,feb,1,-1,0,unknown,0,young
admin.,divorced,primary,no,207,yes,no,cellular,16,apr,1,317,4,failure,0,older
management,single,tertiary,yes,-344,no,no,cellular,8,aug,4,-1,0,unknown,0,older
unemployed,single,tertiary,no,5874,no,no,cellular,3,feb,1,-1,0,unknown,0,young
blue-collar,married,primary,no,674,yes,no,unknown,20,may,4,-1,0,unknown,0,older
technician,married,secondary,no,-346,no,no,cellular,13,aug,4,-1,0,unknown,0,young
technician,married,primary,no,570,no,no,unknown,20,jun,3,-1,0,unknown,0,older
technician,single,unknown,no,-213,yes,no,unknown,26,may,1,-1,0,unknown,0,older
self-employed,married,tertiary,no,560,yes,no,cellular,2,apr,1,136,1,failure,0,young
unknown,married,unknown,no,3,no,no,cellular,19,aug,2,-1,0,unknown,0,older
admin.,married,secondary,no,941,no,no,cellular,4,feb,2,-1,0,unknown,0,older
blue-collar,single,unknown,no,192,no,no,cellular,27,may,1,-1,0,unknown,0,young
admin.,single,secondary,no,1693,yes,no,cellular,20,oct,1,-1,0,unknown,1,older
admin.,divorced,tertiary,no,891,no,no,cellular,8,may,2,-1,0,unknown,1,young
blue-collar,divorced,secondary,no,927,yes,no,cellular,17,apr,2,148,2,failure,0,older
self-employed,single,secondary,no,3277,no,no,unknown,5,jun,4,-1,0,unknown,0,older
admin.,single,secondary,no,17,yes,no,unknown,2,jun,3,-1,0,unknown,0,young
technician,divorced,secondary,no,8,yes,no,cellular,6,may,2,-1,0,unknown,0,young
technician,married,secondary,yes,-1322,yes,no,cellular,30,jul,11,-1,0,unknown,0,young
blue-collar,divorced,primary,no,0,no,no,unknown,12,jun,2,-1,0,unknown,0,young
housemaid,single,tertiary,no,19,no,no,cellular,17,apr,1,-1,0,unknown,1,young
entrepreneur,married,tertiary,no,38,yes,no,cellular,22,jul,5,-1,0,unknown,0,young
technician,married,secondary,no,0,no,no,cellular,21,nov,1,10,1,failure,1,older
blue-collar,divorced,secondary,no,314,no,no,unknown,25,jun,2,-1,0,unknown,0,older
technician,divorced,secondary,no,-24,yes,no,cellular,4,feb,2,-1,0,unknown,0,young
retired,married,unknown,no,3303,no,no,unknown,6,jun,1,-1,0,unknown,0,older
blue-collar,married,primary,no,858,yes,no,unknown,21,may,5,-1,0,unknown,0,older
blue-collar,married,secondary,no,6657,yes,no,cellular,19,aug,8,-1,0,unknown,0,older
technician,single,secondary,no,1091,yes,no,unknown,21,may,2,-1,0,unknown,0,young
services,married,secondary,no,770,yes,no,cellular,8,may,1,-1,0,unknown,0,older
admin.,divorced,secondary,no,2129,no,no,cellular,30,apr,1,-1,0,unknown,1,young
blue-collar,married,primary,no,859,yes,no,cellular,20,apr,1,-1,0,unknown,0,older
blue-collar,married,primary,no,1301,no,no,cellular,11,aug,1,-1,0,unknown,0,older
entrepreneur,married,tertiary,no,2289,yes,yes,cellular,17,nov,1,-1,0,unknown,0,older
admin.,married,secondary,no,1428,yes,no,cellular,16,apr,1,-1,0,unknown,0,young
blue-collar,married,primary,no,53,yes,no,cellular,7,apr,1,140,1,failure,0,older
technician,single,secondary,no,393,yes,yes,cellular,20,apr,1,-1,0,unknown,0,young
blue-collar,married,secondary,no,285,yes,yes,telephone,30,jul,4,-1,0,unknown,0,older
technician,divorced,unknown,no,244,no,no,cellular,21,jul,10,-1,0,unknown,0,young
services,married,secondary,no,523,no,no,unknown,15,may,3,-1,0,unknown,0,older
blue-collar,married,unknown,no,146,yes,no,unknown,15,may,1,-1,0,unknown,1,older
student,single,unknown,no,2020,no,no,telephone,28,jan,3,-1,0,unknown,0,young
technician,married,secondary,no,634,no,no,unknown,19,jun,2,-1,0,unknown,0,young
services,single,secondary,no,49,yes,no,cellular,17,apr,4,-1,0,unknown,0,young
management,married,tertiary,no,1086,no,no,cellular,11,aug,3,-1,0,unknown,0,young
technician,married,primary,no,275,no,no,cellular,31,jul,9,-1,0,unknown,0,older
management,married,tertiary,no,2226,no,no,cellular,7,aug,2,99,1,failure,1,older
admin.,single,secondary,no,54,yes,no,cellular,14,may,2,-1,0,unknown,0,young
technician,married,secondary,no,1278,no,no,unknown,19,jun,1,-1,0,unknown,0,older
admin.,single,secondary,no,296,no,no,cellular,7,jul,4,-1,0,unknown,0,young
services,single,secondary,no,166,no,yes,cellular,28,jul,8,-1,0,unknown,0,young
retired,married,secondary,no,0,no,no,cellular,16,oct,2,-1,0,unknown,0,older
retired,single,tertiary,no,1285,no,no,telephone,1,jul,4,150,9,failure,0,older
admin.,married,secondary,no,0,yes,no,telephone,8,may,3,296,5,failure,0,young
housemaid,married,primary,no,0,no,yes,telephone,23,jul,4,-1,0,unknown,0,older
blue-collar,married,secondary,no,226,no,no,telephone,4,feb,2,212,2,failure,0,older
management,married,secondary,no,1250,yes,no,cellular,12,may,2,-1,0,unknown,0,older
blue-collar,married,secondary,no,191,yes,no,cellular,20,apr,2,-1,0,unknown,0,young
blue-collar,married,primary,no,-127,yes,no,unknown,3,jun,3,-1,0,unknown,0,older
management,divorced,tertiary,no,959,no,no,unknown,18,jun,1,-1,0,unknown,0,older
blue-collar,married,secondary,no,926,yes,no,cellular,11,may,2,347,1,other,0,older
technician,married,primary,no,644,yes,no,cellular,16,apr,2,336,1,failure,0,young
admin.,single,primary,no,912,yes,no,cellular,12,may,3,328,22,other,1,young
management,married,tertiary,no,0,yes,no,telephone,11,jul,1,-1,0,unknown,0,older
management,married,unknown,no,8345,no,no,unknown,11,jun,1,-1,0,unknown,0,older
services,single,secondary,yes,-1414,yes,yes,cellular,18,may,2,-1,0,unknown,0,young
technician,married,secondary,no,2220,no,no,cellular,7,jul,2,-1,0,unknown,0,young
management,single,unknown,no,1029,yes,no,unknown,6,jun,2,-1,0,unknown,0,young
blue-collar,married,primary,no,373,no,no,cellular,17,apr,2,-1,0,unknown,0,young
blue-collar,married,primary,no,394,yes,no,cellular,17,apr,2,-1,0,unknown,0,young
entrepreneur,married,secondary,no,0,yes,yes,unknown,8,may,1,-1,0,unknown,0,young
self-employed,divorced,tertiary,no,3952,no,no,unknown,6,jun,6,-1,0,unknown,0,older
technician,single,secondary,no,313,no,no,cellular,9,feb,2,-1,0,unknown,1,young
services,married,secondary,no,0,yes,no,unknown,7,may,2,-1,0,unknown,0,young
blue-collar,single,primary,no,409,yes,no,cellular,18,may,4,301,2,success,0,young
self-employed,single,tertiary,no,1153,no,no,cellular,4,may,3,-1,0,unknown,0,young
management,married,tertiary,yes,8,yes,no,cellular,22,jul,3,-1,0,unknown,0,young
student,married,secondary,no,1694,yes,no,cellular,28,jan,1,-1,0,unknown,0,young
blue-collar,married,primary,no,551,yes,yes,unknown,18,jun,5,-1,0,unknown,0,older
management,married,tertiary,no,404,no,no,cellular,20,aug,4,-1,0,unknown,0,older
management,married,tertiary,no,3168,no,no,cellular,22,aug,30,-1,0,unknown,0,young
admin.,single,tertiary,no,897,yes,no,cellular,4,may,4,89,4,success,0,young
management,divorced,tertiary,yes,26,no,yes,cellular,21,nov,1,-1,0,unknown,0,young
retired,divorced,secondary,no,1092,no,no,cellular,7,aug,2,-1,0,unknown,0,older
management,single,tertiary,yes,-5,no,no,cellular,18,aug,4,-1,0,unknown,0,young
student,single,secondary,no,67,no,no,telephone,14,nov,1,-1,0,unknown,1,young
blue-collar,single,secondary,no,0,yes,no,cellular,14,may,10,330,10,other,0,young
self-employed,single,tertiary,no,76,no,yes,cellular,23,jul,2,-1,0,unknown,0,young
management,married,tertiary,no,112,yes,no,cellular,4,nov,5,85,5,other,0,older
housemaid,married,secondary,no,905,no,no,cellular,25,aug,4,-1,0,unknown,0,older
management,married,tertiary,no,47,no,no,cellular,26,may,1,-1,0,unknown,0,young
management,married,tertiary,no,4879,no,no,cellular,31,jul,3,-1,0,unknown,0,older
retired,married,secondary,no,11,no,no,cellular,29,jun,1,586,2,failure,1,older
management,married,tertiary,no,4063,yes,no,cellular,12,may,5,172,2,failure,0,older
management,single,tertiary,no,1742,no,no,unknown,5,jun,2,-1,0,unknown,0,young
management,married,tertiary,no,9664,yes,no,cellular,24,jul,2,-1,0,unknown,0,young
blue-collar,married,primary,no,953,yes,no,cellular,13,may,1,364,2,failure,0,older
services,married,primary,no,504,no,yes,unknown,18,jun,3,-1,0,unknown,0,older
entrepreneur,married,tertiary,no,298,no,no,cellular,27,aug,5,-1,0,unknown,0,young
admin.,single,secondary,no,0,no,yes,cellular,7,jul,1,-1,0,unknown,0,young
housemaid,married,secondary,no,5,no,no,telephone,21,jul,7,-1,0,unknown,0,young
technician,married,tertiary,no,0,no,no,telephone,17,nov,1,-1,0,unknown,0,older
technician,divorced,secondary,no,2861,no,no,cellular,22,aug,5,-1,0,unknown,0,older
unemployed,single,tertiary,no,324,yes,no,cellular,17,nov,3,-1,0,unknown,0,young
blue-collar,married,secondary,no,-45,yes,no,unknown,26,may,2,-1,0,unknown,0,young
services,single,secondary,no,31,no,no,cellular,1,jun,1,-1,0,unknown,1,young
blue-collar,married,secondary,no,1554,yes,no,unknown,13,may,1,-1,0,unknown,0,young
services,married,secondary,no,-274,no,no,cellular,7,jul,1,-1,0,unknown,0,young
services,married,secondary,yes,129,no,no,cellular,18,nov,3,-1,0,unknown,0,older
management,divorced,tertiary,no,487,yes,no,unknown,21,may,4,-1,0,unknown,1,older
technician,single,secondary,no,244,yes,no,cellular,12,aug,4,-1,0,unknown,1,older
unemployed,divorced,secondary,no,230,no,no,cellular,24,dec,2,-1,0,unknown,1,older
blue-collar,married,secondary,no,5058,no,no,unknown,20,may,4,-1,0,unknown,0,older
management,married,tertiary,no,4879,no,no,cellular,31,jul,3,-1,0,unknown,0,older
entrepreneur,married,secondary,no,167,yes,yes,unknown,6,may,3,-1,0,unknown,0,older
technician,married,secondary,no,1348,no,yes,cellular,1,apr,2,-1,0,unknown,1,older
retired,married,tertiary,no,4692,yes,no,cellular,13,jan,1,90,1,failure,0,older
technician,married,tertiary,no,-983,yes,yes,cellular,31,jul,2,-1,0,unknown,0,young
admin.,married,secondary,no,165,yes,no,unknown,18,jun,1,-1,0,unknown,0,young
management,married,tertiary,no,4,yes,yes,cellular,24,jul,1,-1,0,unknown,0,young
services,married,secondary,yes,130,no,no,cellular,20,aug,2,-1,0,unknown,0,older
retired,married,primary,no,-102,yes,yes,cellular,27,aug,10,-1,0,unknown,0,older
services,divorced,secondary,no,-225,no,no,cellular,23,jul,1,-1,0,unknown,0,young
student,single,secondary,no,671,yes,no,unknown,7,may,2,-1,0,unknown,0,young
blue-collar,married,secondary,no,776,yes,no,cellular,6,feb,4,253,1,failure,0,older
services,married,secondary,no,143,yes,no,cellular,13,may,2,-1,0,unknown,0,young
management,single,tertiary,no,-108,yes,no,cellular,28,aug,3,-1,0,unknown,0,young
technician,single,tertiary,no,711,no,no,unknown,25,jun,1,-1,0,unknown,0,older
management,married,tertiary,no,2816,no,no,cellular,10,nov,2,-1,0,unknown,1,older
technician,single,secondary,no,52,no,yes,unknown,2,jul,3,-1,0,unknown,0,older
technician,divorced,secondary,no,0,no,no,cellular,19,aug,2,-1,0,unknown,0,young
housemaid,divorced,secondary,no,-613,yes,no,cellular,15,apr,2,-1,0,unknown,0,young
blue-collar,married,primary,no,2322,no,no,unknown,19,jun,1,-1,0,unknown,0,young
management,divorced,tertiary,no,2237,yes,no,unknown,20,jun,2,-1,0,unknown,0,older
management,divorced,tertiary,no,160,no,no,cellular,13,aug,2,-1,0,unknown,0,older
technician,married,secondary,no,227,yes,yes,cellular,19,aug,2,-1,0,unknown,0,older
technician,married,secondary,no,2098,no,no,cellular,7,aug,2,-1,0,unknown,0,older
self-employed,married,secondary,no,57,no,yes,cellular,8,jul,2,-1,0,unknown,0,young
technician,divorced,secondary,no,-147,yes,yes,cellular,28,jul,3,-1,0,unknown,0,older
admin.,single,secondary,no,426,yes,no,cellular,11,jul,2,-1,0,unknown,0,older
self-employed,married,secondary,no,409,no,no,cellular,9,mar,2,-1,0,unknown,1,young
management,married,tertiary,no,-468,yes,no,cellular,30,jul,8,-1,0,unknown,1,young
blue-collar,divorced,secondary,no,3823,yes,yes,cellular,17,apr,2,-1,0,unknown,0,older
student,single,secondary,no,423,yes,no,unknown,5,may,3,-1,0,unknown,0,young
management,married,tertiary,no,588,yes,no,unknown,5,jun,2,-1,0,unknown,0,older
blue-collar,married,secondary,no,1484,yes,no,unknown,30,may,7,-1,0,unknown,0,young
services,married,secondary,no,1474,yes,no,cellular,15,may,1,368,3,failure,0,older
blue-collar,married,secondary,no,0,yes,no,cellular,23,jul,1,-1,0,unknown,0,older
admin.,single,primary,no,0,no,no,unknown,19,may,11,-1,0,unknown,0,older
services,married,secondary,no,205,yes,no,unknown,8,may,1,-1,0,unknown,0,older
blue-collar,married,primary,no,0,yes,no,telephone,31,jul,4,-1,0,unknown,0,older
admin.,married,secondary,no,160,yes,yes,cellular,16,apr,1,-1,0,unknown,0,young
admin.,married,secondary,no,350,no,yes,cellular,8,jul,2,-1,0,unknown,0,older
management,single,tertiary,no,1278,yes,no,unknown,15,may,2,-1,0,unknown,0,older
housemaid,single,secondary,no,1924,no,no,cellular,6,feb,1,-1,0,unknown,0,young
services,married,secondary,no,1020,yes,no,cellular,19,nov,6,-1,0,unknown,0,young
housemaid,married,primary,no,0,yes,no,telephone,9,jul,1,-1,0,unknown,0,older
blue-collar,married,secondary,no,0,no,no,telephone,30,jul,4,-1,0,unknown,0,older
services,single,primary,no,5907,yes,no,cellular,21,nov,5,-1,0,unknown,0,older
technician,divorced,secondary,no,-119,yes,no,unknown,27,may,1,-1,0,unknown,0,young
services,single,secondary,no,459,no,no,telephone,16,jul,14,-1,0,unknown,0,young
retired,married,secondary,no,76,yes,no,cellular,15,jul,7,-1,0,unknown,0,older
unknown,single,unknown,no,326,no,no,cellular,11,oct,1,231,1,success,1,young
blue-collar,divorced,secondary,no,421,yes,no,unknown,6,may,2,-1,0,unknown,0,older
technician,divorced,secondary,no,0,no,no,cellular,29,aug,2,-1,0,unknown,0,young
entrepreneur,single,secondary,no,654,no,no,unknown,19,may,2,-1,0,unknown,0,young
blue-collar,married,primary,no,875,yes,no,cellular,14,apr,2,-1,0,unknown,0,older
management,married,primary,no,5427,no,no,unknown,12,jun,1,-1,0,unknown,0,young
blue-collar,married,primary,no,14,yes,yes,cellular,18,nov,2,182,1,failure,0,older
admin.,married,secondary,no,535,no,no,cellular,11,oct,2,-1,0,unknown,0,young
technician,single,tertiary,no,1068,no,no,cellular,6,aug,4,-1,0,unknown,0,young
technician,married,secondary,no,316,no,no,cellular,14,aug,4,-1,0,unknown,0,older
management,married,tertiary,no,0,yes,no,cellular,21,nov,1,-1,0,unknown,0,older
management,single,tertiary,no,-345,yes,no,unknown,21,may,1,-1,0,unknown,0,young
technician,married,secondary,no,362,no,yes,cellular,26,aug,6,-1,0,unknown,0,young
technician,single,secondary,no,1102,no,no,telephone,6,feb,4,-1,0,unknown,0,young
services,single,secondary,no,2409,yes,yes,telephone,11,may,2,-1,0,unknown,0,young
technician,married,tertiary,no,17455,yes,yes,unknown,23,may,4,-1,0,unknown,0,young
services,married,secondary,no,379,no,yes,cellular,7,jul,2,-1,0,unknown,0,young
management,married,tertiary,no,557,no,no,cellular,14,aug,1,-1,0,unknown,1,older
student,single,secondary,no,552,no,no,cellular,1,sep,1,-1,0,unknown,1,young
admin.,married,secondary,no,128,no,no,cellular,20,aug,2,-1,0,unknown,0,older
services,married,secondary,no,4789,yes,yes,cellular,11,may,1,339,4,failure,0,young
retired,divorced,secondary,no,4079,no,no,cellular,19,oct,3,-1,0,unknown,1,older
housemaid,married,primary,no,0,no,no,telephone,31,jul,38,-1,0,unknown,0,older
self-employed,married,tertiary,no,4324,yes,no,unknown,19,jun,1,-1,0,unknown,0,older
admin.,single,secondary,no,601,no,no,cellular,17,nov,3,-1,0,unknown,0,young
blue-collar,divorced,secondary,no,882,no,yes,telephone,20,oct,1,-1,0,unknown,0,young
technician,married,tertiary,no,0,no,no,unknown,6,jun,1,-1,0,unknown,0,older
management,divorced,tertiary,no,2096,no,no,cellular,13,aug,2,-1,0,unknown,0,older
management,single,secondary,yes,0,no,no,cellular,11,feb,4,85,2,failure,0,young
technician,married,tertiary,no,1097,yes,no,cellular,7,aug,4,-1,0,unknown,0,older
blue-collar,married,secondary,no,685,yes,no,unknown,26,may,3,-1,0,unknown,1,young
technician,married,primary,no,7800,yes,no,cellular,19,nov,1,-1,0,unknown,0,older
blue-collar,married,secondary,no,298,yes,no,cellular,17,apr,2,323,7,failure,0,young
blue-collar,single,primary,no,3342,yes,no,cellular,30,apr,2,330,4,failure,0,young
blue-collar,single,secondary,no,152,yes,no,cellular,3,feb,3,271,4,failure,0,older
retired,married,primary,no,94,no,no,cellular,12,aug,2,-1,0,unknown,0,older
self-employed,married,tertiary,no,416,yes,yes,unknown,23,may,1,-1,0,unknown,0,young
services,married,secondary,no,4482,yes,no,unknown,20,may,2,-1,0,unknown,0,older
retired,married,primary,no,136,yes,no,unknown,6,may,2,-1,0,unknown,0,older
blue-collar,married,primary,no,200,no,yes,cellular,31,jul,2,-1,0,unknown,0,older
management,single,secondary,no,67,no,no,cellular,11,aug,2,-1,0,unknown,0,young
admin.,single,secondary,no,1123,no,no,cellular,17,aug,1,-1,0,unknown,0,young
self-employed,married,secondary,no,1523,no,yes,cellular,7,jul,2,-1,0,unknown,0,young
admin.,married,secondary,no,884,yes,no,unknown,5,jun,2,-1,0,unknown,0,young
self-employed,single,tertiary,no,162,no,yes,cellular,25,jul,1,-1,0,unknown,0,young
blue-collar,married,primary,no,199,yes,no,cellular,2,feb,1,-1,0,unknown,0,older
technician,single,tertiary,no,914,no,no,unknown,3,jun,1,-1,0,unknown,0,young
admin.,single,secondary,no,1022,yes,no,unknown,5,may,2,-1,0,unknown,0,older
services,single,secondary,no,93,no,no,cellular,16,jul,1,-1,0,unknown,0,young
technician,married,secondary,no,4263,no,yes,cellular,20,nov,2,-1,0,unknown,0,older
blue-collar,married,primary,no,91,no,yes,unknown,19,jun,2,-1,0,unknown,0,older
admin.,married,tertiary,no,631,no,no,cellular,13,aug,3,-1,0,unknown,0,young
services,married,secondary,no,193,yes,yes,cellular,7,jul,1,-1,0,unknown,0,young
services,married,unknown,no,9,yes,no,telephone,29,jul,2,-1,0,unknown,0,older
management,married,tertiary,no,0,yes,no,cellular,6,sep,2,125,6,failure,1,older
blue-collar,married,secondary,no,969,no,no,unknown,16,jun,1,-1,0,unknown,0,older
management,married,tertiary,no,156,yes,no,cellular,12,may,1,-1,0,unknown,0,young
unemployed,married,secondary,no,510,no,no,cellular,29,jul,2,-1,0,unknown,0,older
management,single,tertiary,no,3552,no,no,cellular,13,feb,2,85,3,failure,1,young
management,married,tertiary,no,1006,yes,no,cellular,19,nov,3,195,2,other,1,young
technician,single,secondary,no,291,no,no,cellular,25,aug,6,-1,0,unknown,0,young
blue-collar,married,secondary,no,250,yes,no,unknown,29,may,6,-1,0,unknown,0,young
technician,single,tertiary,no,1077,yes,yes,cellular,29,jan,1,-1,0,unknown,0,young
management,married,tertiary,no,-700,yes,no,unknown,14,may,1,-1,0,unknown,0,older
blue-collar,married,primary,no,0,yes,no,cellular,10,jul,1,-1,0,unknown,0,young
admin.,single,secondary,no,1391,yes,no,cellular,29,jan,2,247,1,failure,0,young
admin.,married,secondary,no,865,yes,no,cellular,17,nov,1,-1,0,unknown,0,older
blue-collar,single,secondary,no,-111,yes,no,cellular,5,feb,11,-1,0,unknown,0,older
blue-collar,married,secondary,yes,0,no,yes,unknown,20,jun,3,-1,0,unknown,0,older
management,married,tertiary,no,477,yes,no,unknown,20,may,6,-1,0,unknown,0,older
services,single,secondary,no,1076,no,no,unknown,9,jun,6,-1,0,unknown,0,young
unknown,married,tertiary,no,3567,no,no,cellular,30,apr,1,-1,0,unknown,0,older
technician,divorced,secondary,no,35,yes,no,cellular,20,aug,4,-1,0,unknown,0,older
blue-collar,married,primary,no,320,no,no,telephone,30,jul,2,-1,0,unknown,0,older
technician,married,tertiary,no,610,no,no,cellular,4,aug,1,-1,0,unknown,0,older
entrepreneur,single,tertiary,no,1,yes,yes,unknown,16,may,2,-1,0,unknown,0,young
services,married,secondary,no,400,no,no,cellular,21,aug,3,-1,0,unknown,0,older
admin.,single,secondary,no,-215,yes,no,cellular,15,may,1,360,3,failure,0,young
admin.,divorced,secondary,no,63,no,no,unknown,16,may,6,-1,0,unknown,0,older
services,married,unknown,no,1340,no,yes,cellular,30,jul,5,-1,0,unknown,0,older
management,married,tertiary,yes,-1655,yes,no,unknown,28,may,2,-1,0,unknown,0,older
services,married,primary,yes,-483,yes,yes,cellular,6,may,2,168,3,failure,0,young
blue-collar,married,secondary,no,-60,yes,no,cellular,21,jul,1,-1,0,unknown,0,young
entrepreneur,single,tertiary,no,791,yes,no,cellular,5,feb,1,80,1,other,0,older
management,married,tertiary,no,1729,no,no,cellular,30,apr,1,-1,0,unknown,0,older
student,single,secondary,no,834,yes,no,cellular,6,may,3,-1,0,unknown,0,young
technician,divorced,secondary,no,2974,yes,no,unknown,21,may,5,-1,0,unknown,0,older
unemployed,married,secondary,no,13818,no,no,cellular,31,jul,2,-1,0,unknown,0,older
blue-collar,married,secondary,no,597,yes,no,unknown,8,may,2,-1,0,unknown,0,young
housemaid,married,unknown,no,0,no,no,cellular,26,aug,2,-1,0,unknown,0,young
management,married,tertiary,no,553,yes,no,cellular,22,jul,1,-1,0,unknown,0,young
technician,married,unknown,no,132,yes,no,unknown,20,may,11,-1,0,unknown,0,older
management,married,tertiary,yes,-1036,yes,yes,unknown,23,jun,2,-1,0,unknown,0,young
services,single,secondary,no,201,yes,no,unknown,4,jun,2,-1,0,unknown,0,young
management,married,tertiary,no,1649,yes,no,cellular,5,may,2,-1,0,unknown,0,older
blue-collar,married,secondary,no,80,yes,yes,unknown,2,jun,2,-1,0,unknown,0,young
technician,married,secondary,no,0,no,no,unknown,6,may,3,-1,0,unknown,0,older
admin.,married,secondary,no,0,yes,no,cellular,17,jul,4,-1,0,unknown,0,older
unemployed,married,secondary,no,-307,no,no,cellular,5,feb,1,-1,0,unknown,0,older
blue-collar,single,primary,no,3339,yes,no,unknown,6,jun,2,-1,0,unknown,0,young
blue-collar,married,primary,no,267,yes,no,unknown,7,may,1,-1,0,unknown,0,young
blue-collar,married,secondary,no,625,yes,yes,cellular,11,may,1,-1,0,unknown,0,young
blue-collar,married,secondary,no,1495,yes,no,cellular,12,may,1,-1,0,unknown,0,older
management,married,tertiary,no,558,no,no,cellular,28,aug,5,-1,0,unknown,0,young
housemaid,divorced,secondary,no,1406,yes,no,cellular,22,jul,1,-1,0,unknown,0,older
blue-collar,married,primary,no,753,yes,no,unknown,8,may,2,-1,0,unknown,0,older
services,married,secondary,no,442,yes,no,cellular,2,feb,1,270,2,failure,0,young
admin.,married,secondary,no,4178,yes,no,unknown,30,may,1,-1,0,unknown,0,older
management,single,tertiary,no,8,no,no,cellular,29,jul,7,-1,0,unknown,0,young
admin.,single,secondary,no,0,yes,no,cellular,18,jul,1,-1,0,unknown,0,young
management,married,tertiary,no,1144,yes,no,unknown,30,may,2,-1,0,unknown,0,older
technician,divorced,secondary,no,1066,yes,yes,cellular,19,nov,2,-1,0,unknown,0,older
technician,married,secondary,no,5083,no,no,cellular,12,apr,1,-1,0,unknown,0,young
retired,single,tertiary,no,352,no,no,cellular,19,nov,1,-1,0,unknown,0,older
blue-collar,single,secondary,no,656,no,no,unknown,6,jun,1,-1,0,unknown,0,older
management,single,tertiary,no,2506,no,no,cellular,17,feb,1,-1,0,unknown,1,young
management,single,tertiary,no,2845,no,no,cellular,30,apr,2,-1,0,unknown,1,young
management,married,tertiary,no,997,no,no,cellular,10,mar,1,-1,0,unknown,1,older
technician,divorced,secondary,no,8,no,no,cellular,21,nov,1,-1,0,unknown,0,young
services,single,tertiary,no,126,yes,no,unknown,20,jun,2,-1,0,unknown,0,older
technician,married,secondary,no,381,yes,no,unknown,29,may,2,-1,0,unknown,0,young
management,divorced,tertiary,no,1669,yes,no,unknown,3,jun,1,-1,0,unknown,0,older
management,single,tertiary,yes,5,yes,no,cellular,26,aug,4,-1,0,unknown,0,young
blue-collar,married,primary,no,-298,yes,no,cellular,6,may,1,-1,0,unknown,0,older
management,married,unknown,no,342,yes,no,unknown,2,jun,5,-1,0,unknown,0,older
management,divorced,tertiary,no,473,no,yes,cellular,5,aug,2,-1,0,unknown,0,young
services,married,primary,no,8918,yes,no,telephone,23,jul,2,-1,0,unknown,0,older
management,married,tertiary,no,7255,yes,no,cellular,3,jun,2,44,2,failure,0,young
admin.,single,secondary,no,15,yes,no,cellular,4,feb,1,-1,0,unknown,0,older
retired,married,primary,no,2140,no,no,cellular,12,oct,2,-1,0,unknown,0,older
management,divorced,tertiary,no,5754,yes,no,unknown,21,may,1,-1,0,unknown,0,young
technician,married,secondary,no,1831,no,no,cellular,27,may,2,-1,0,unknown,1,older
technician,married,secondary,no,5115,yes,no,cellular,17,nov,2,171,4,failure,1,young
admin.,married,secondary,no,923,yes,no,cellular,17,apr,4,-1,0,unknown,0,young
technician,single,secondary,no,102,yes,no,unknown,7,may,2,-1,0,unknown,0,young
management,single,tertiary,no,416,yes,no,cellular,12,aug,2,-1,0,unknown,0,older
blue-collar,divorced,secondary,no,77,yes,no,unknown,26,may,3,-1,0,unknown,0,older
blue-collar,single,secondary,no,-56,yes,yes,unknown,6,jun,2,-1,0,unknown,0,young
retired,married,tertiary,no,4388,no,no,cellular,5,feb,1,183,3,other,0,older
blue-collar,married,primary,no,5,no,no,cellular,6,aug,2,94,3,success,1,older
technician,single,secondary,no,3048,no,yes,cellular,20,aug,2,-1,0,unknown,0,young
admin.,single,secondary,no,132,no,no,unknown,23,may,3,-1,0,unknown,0,young
technician,married,primary,no,1653,yes,yes,unknown,27,may,10,-1,0,unknown,0,young
housemaid,divorced,secondary,no,5275,no,no,cellular,13,aug,4,-1,0,unknown,1,older
technician,married,secondary,no,192,yes,yes,unknown,29,may,5,-1,0,unknown,0,young
blue-collar,married,primary,no,591,yes,no,unknown,14,may,3,-1,0,unknown,0,young
unemployed,single,tertiary,no,44,no,no,cellular,15,feb,1,185,1,success,0,older
self-employed,married,secondary,no,0,no,no,cellular,22,aug,6,-1,0,unknown,0,young
management,married,tertiary,no,18931,no,no,cellular,5,aug,1,86,23,other,0,older
management,divorced,secondary,no,-852,no,yes,cellular,29,aug,2,-1,0,unknown,0,older
blue-collar,single,secondary,no,93,no,no,unknown,9,jun,6,-1,0,unknown,0,young
management,married,tertiary,no,4386,yes,no,telephone,23,jul,1,-1,0,unknown,0,older
self-employed,married,tertiary,no,0,yes,no,cellular,23,jul,4,-1,0,unknown,0,young
management,single,tertiary,no,304,yes,no,cellular,19,nov,2,-1,0,unknown,0,young
management,married,secondary,no,1585,yes,no,cellular,30,jan,2,-1,0,unknown,0,young
retired,married,tertiary,no,262,no,no,cellular,8,jul,1,-1,0,unknown,0,older
unemployed,single,tertiary,no,0,yes,no,unknown,5,may,2,-1,0,unknown,0,young
management,married,secondary,no,458,yes,no,cellular,8,may,3,-1,0,unknown,0,older
technician,married,secondary,no,5902,yes,no,cellular,19,nov,1,180,4,failure,0,young
blue-collar,single,secondary,no,338,yes,no,unknown,13,may,3,-1,0,unknown,0,young
admin.,married,secondary,no,1933,yes,no,cellular,16,apr,1,-1,0,unknown,0,young
technician,married,secondary,no,679,yes,no,cellular,11,may,2,-1,0,unknown,0,older
management,married,tertiary,no,0,no,no,cellular,30,jan,1,205,1,failure,0,older
technician,single,tertiary,no,0,no,yes,cellular,11,jul,2,-1,0,unknown,0,young
technician,married,secondary,no,657,no,no,cellular,5,jun,2,-1,0,unknown,0,young
blue-collar,married,primary,no,111,yes,no,unknown,14,may,1,-1,0,unknown,0,older
management,married,tertiary,no,583,yes,no,unknown,30,may,3,-1,0,unknown,0,older
blue-collar,married,primary,no,1046,no,yes,unknown,17,jun,13,-1,0,unknown,0,older
blue-collar,married,secondary,no,1406,yes,yes,cellular,13,apr,2,-1,0,unknown,1,young
admin.,married,secondary,no,0,yes,no,cellular,21,jul,3,-1,0,unknown,0,young
blue-collar,single,secondary,no,228,no,no,cellular,5,feb,1,365,1,failure,0,young
technician,married,tertiary,no,7338,no,no,cellular,18,nov,1,-1,0,unknown,0,older
housemaid,married,unknown,no,0,no,no,cellular,26,aug,2,-1,0,unknown,0,young
admin.,married,secondary,no,4011,no,no,unknown,19,jun,16,-1,0,unknown,0,young
blue-collar,single,secondary,no,583,no,no,cellular,28,jan,3,-1,0,unknown,0,older
management,married,tertiary,no,-69,yes,no,unknown,26,may,2,-1,0,unknown,0,older
retired,divorced,primary,no,1419,no,no,telephone,26,mar,1,-1,0,unknown,0,older
admin.,single,secondary,no,782,yes,no,cellular,5,may,4,47,11,other,0,young
blue-collar,married,tertiary,no,335,yes,no,cellular,14,may,1,322,3,success,0,young
technician,married,secondary,no,764,no,no,unknown,26,may,2,-1,0,unknown,0,young
entrepreneur,married,tertiary,no,82,no,no,cellular,3,jun,1,-1,0,unknown,0,older
admin.,divorced,secondary,no,43,yes,no,unknown,9,may,2,-1,0,unknown,0,young
management,married,tertiary,no,0,no,no,cellular,10,aug,3,130,3,other,0,older
admin.,married,secondary,no,368,no,no,cellular,21,may,1,87,6,success,1,older
admin.,married,secondary,no,901,yes,no,cellular,20,nov,1,-1,0,unknown,0,young
services,married,secondary,no,-344,no,yes,cellular,4,feb,1,-1,0,unknown,0,young
management,married,tertiary,no,288,no,no,cellular,18,aug,3,-1,0,unknown,0,older
blue-collar,married,primary,no,145,no,no,telephone,2,feb,3,5,2,other,0,older
entrepreneur,married,secondary,no,0,yes,no,cellular,11,may,3,-1,0,unknown,0,older
management,single,tertiary,no,1026,no,no,cellular,12,nov,1,92,1,other,1,young
admin.,divorced,tertiary,no,281,no,no,cellular,30,jan,2,2,1,other,0,young
blue-collar,married,primary,no,803,yes,no,unknown,7,may,2,-1,0,unknown,0,older
admin.,divorced,secondary,no,356,yes,no,cellular,7,apr,3,313,1,failure,0,young
admin.,single,secondary,no,344,no,no,cellular,26,may,2,-1,0,unknown,1,young
admin.,married,primary,no,1314,yes,no,unknown,29,may,1,-1,0,unknown,0,young
retired,married,secondary,no,307,no,yes,cellular,8,jul,1,-1,0,unknown,0,older
entrepreneur,married,secondary,no,2464,no,no,cellular,1,jun,1,-1,0,unknown,0,older
technician,single,secondary,no,1355,yes,no,cellular,14,may,1,-1,0,unknown,1,young
entrepreneur,married,unknown,no,1958,no,yes,cellular,23,jul,2,-1,0,unknown,0,young
admin.,divorced,primary,no,179,yes,no,unknown,12,may,2,-1,0,unknown,0,older
unemployed,married,tertiary,no,0,no,no,cellular,4,feb,1,-1,0,unknown,0,young
entrepreneur,married,unknown,no,298,yes,no,unknown,8,may,1,-1,0,unknown,0,young
blue-collar,single,secondary,no,7622,yes,yes,telephone,6,may,1,-1,0,unknown,0,young
blue-collar,single,secondary,no,-190,yes,no,cellular,6,may,2,-1,0,unknown,0,young
technician,single,secondary,no,34,yes,no,unknown,12,may,4,-1,0,unknown,0,young
management,married,tertiary,no,14352,no,no,unknown,6,sep,1,-1,0,unknown,0,young
technician,single,secondary,no,1977,no,no,cellular,17,jul,6,-1,0,unknown,0,older
management,married,tertiary,no,1624,no,no,cellular,6,aug,1,98,6,success,1,older
retired,married,secondary,no,2692,no,no,unknown,12,jun,1,-1,0,unknown,0,older
self-employed,single,secondary,no,15,no,no,cellular,18,nov,2,-1,0,unknown,0,young
blue-collar,single,primary,no,-165,yes,yes,cellular,28,jul,3,-1,0,unknown,0,older
blue-collar,married,secondary,no,342,yes,no,cellular,12,may,2,175,1,failure,0,young
retired,divorced,secondary,no,389,yes,no,unknown,18,jun,5,-1,0,unknown,0,older
blue-collar,single,secondary,yes,-207,yes,no,unknown,3,jun,1,-1,0,unknown,0,young
technician,single,secondary,no,2979,no,no,cellular,5,aug,2,437,1,failure,1,young
technician,single,tertiary,no,1059,yes,no,cellular,17,apr,1,-1,0,unknown,0,young
blue-collar,married,primary,no,1127,yes,no,unknown,6,may,1,-1,0,unknown,0,older
management,married,tertiary,no,934,no,yes,cellular,21,nov,4,-1,0,unknown,0,older
technician,married,unknown,no,680,no,no,cellular,7,jul,5,-1,0,unknown,0,older
blue-collar,married,secondary,no,90,yes,no,unknown,3,jun,8,-1,0,unknown,0,young
blue-collar,married,secondary,no,789,yes,no,cellular,20,nov,4,196,1,other,0,young
blue-collar,married,secondary,no,-269,yes,no,unknown,27,may,2,-1,0,unknown,0,young
management,single,secondary,no,9916,no,no,telephone,10,nov,1,-1,0,unknown,0,young
blue-collar,single,secondary,no,697,no,no,cellular,6,feb,2,-1,0,unknown,1,young
management,divorced,tertiary,no,1968,no,no,cellular,21,nov,1,-1,0,unknown,1,young
blue-collar,married,secondary,no,-216,yes,no,cellular,28,jul,3,-1,0,unknown,0,older
blue-collar,single,primary,no,965,yes,no,unknown,21,may,4,-1,0,unknown,0,young
technician,married,secondary,no,149,yes,no,cellular,29,jan,1,245,2,failure,0,young
entrepreneur,single,tertiary,no,327,yes,yes,unknown,6,jun,2,-1,0,unknown,0,young
blue-collar,married,secondary,no,11,no,no,unknown,3,jun,3,-1,0,unknown,0,young
blue-collar,married,secondary,no,2413,no,no,unknown,16,jun,3,-1,0,unknown,0,older
admin.,married,secondary,no,21,no,yes,cellular,13,aug,2,-1,0,unknown,0,older
services,single,tertiary,no,12,no,no,cellular,12,jun,6,-1,0,unknown,1,young
blue-collar,married,secondary,no,125,yes,no,unknown,13,may,1,-1,0,unknown,0,young
technician,single,tertiary,no,26,no,no,cellular,21,aug,4,-1,0,unknown,0,young
technician,married,tertiary,no,267,yes,no,cellular,21,nov,1,-1,0,unknown,0,older
services,married,secondary,no,233,no,no,cellular,29,aug,2,-1,0,unknown,0,young
technician,divorced,tertiary,no,123,no,no,unknown,14,may,2,-1,0,unknown,0,older
retired,married,unknown,no,7819,no,no,cellular,15,feb,1,97,4,other,0,older
management,married,tertiary,no,6,yes,no,cellular,8,jul,1,-1,0,unknown,0,young
admin.,married,tertiary,no,289,no,no,cellular,21,jul,4,-1,0,unknown,0,young
admin.,married,secondary,no,15,no,no,telephone,3,jun,5,-1,0,unknown,0,older
management,married,tertiary,no,696,no,no,cellular,22,aug,4,-1,0,unknown,0,young
blue-collar,married,secondary,no,241,yes,yes,unknown,26,may,1,-1,0,unknown,0,young
services,married,primary,no,124,no,no,unknown,17,jun,2,-1,0,unknown,0,older
blue-collar,married,primary,no,398,yes,no,cellular,12,may,1,-1,0,unknown,0,young
admin.,divorced,secondary,no,3750,yes,no,unknown,20,may,1,-1,0,unknown,0,young
technician,single,unknown,no,10600,no,no,unknown,14,may,2,-1,0,unknown,0,young
technician,divorced,secondary,no,49,no,no,cellular,8,may,1,-1,0,unknown,0,young
technician,married,secondary,no,83,no,no,telephone,22,jul,3,-1,0,unknown,0,older
admin.,single,secondary,no,795,yes,no,unknown,27,may,2,-1,0,unknown,0,young
management,married,tertiary,no,451,no,no,cellular,5,may,1,274,3,failure,0,young
admin.,divorced,secondary,no,0,no,no,unknown,5,jun,1,-1,0,unknown,0,young
technician,married,secondary,no,83,yes,no,cellular,6,may,1,363,1,failure,0,young
blue-collar,married,secondary,no,2039,yes,no,cellular,18,nov,2,-1,0,unknown,0,older
blue-collar,single,secondary,no,0,yes,no,cellular,5,may,1,-1,0,unknown,0,older
technician,divorced,tertiary,no,1762,yes,no,unknown,3,jun,1,-1,0,unknown,0,young
management,married,tertiary,no,696,no,no,cellular,14,aug,8,-1,0,unknown,0,older
technician,married,secondary,no,5681,no,no,telephone,31,jul,5,-1,0,unknown,0,older
blue-collar,married,secondary,no,1254,yes,no,cellular,15,may,1,353,5,other,0,young
management,married,tertiary,no,356,no,no,unknown,5,jun,1,-1,0,unknown,0,older
technician,single,secondary,no,175,no,no,cellular,25,aug,4,-1,0,unknown,0,young
blue-collar,married,secondary,no,5058,no,no,cellular,12,may,2,357,4,failure,0,older
management,married,tertiary,no,-556,yes,yes,cellular,8,may,3,347,3,failure,1,older
blue-collar,married,primary,no,1802,yes,no,unknown,2,jun,1,-1,0,unknown,0,young
management,married,unknown,no,672,no,yes,cellular,17,nov,1,-1,0,unknown,0,older
retired,divorced,secondary,no,1341,no,no,cellular,18,dec,7,-1,0,unknown,1,older
management,married,tertiary,no,1423,yes,no,telephone,21,jul,3,-1,0,unknown,1,young
services,single,secondary,no,417,yes,no,cellular,6,feb,10,207,3,failure,0,young
technician,single,tertiary,no,144,yes,yes,cellular,21,jul,3,89,16,failure,0,young
technician,married,secondary,no,871,yes,no,unknown,6,may,1,-1,0,unknown,0,older
blue-collar,married,secondary,no,373,yes,no,unknown,4,jun,1,-1,0,unknown,0,young
services,married,secondary,no,307,no,no,telephone,25,mar,2,-1,0,unknown,0,older
admin.,single,secondary,no,732,yes,no,cellular,28,jan,1,223,1,failure,0,young
blue-collar,married,secondary,no,2,yes,no,cellular,12,may,5,-1,0,unknown,0,young
services,single,secondary,no,9720,no,yes,cellular,20,nov,2,-1,0,unknown,0,young
technician,single,secondary,no,5,yes,yes,cellular,28,jul,2,-1,0,unknown,0,young
blue-collar,single,secondary,no,353,yes,no,unknown,4,jun,1,-1,0,unknown,0,young
blue-collar,married,secondary,no,723,yes,yes,unknown,5,may,1,-1,0,unknown,0,young
services,single,secondary,no,335,yes,yes,unknown,4,jul,1,-1,0,unknown,0,young
self-employed,married,primary,no,252,yes,yes,cellular,6,may,1,-1,0,unknown,0,young
management,married,tertiary,no,4877,yes,no,cellular,8,aug,2,-1,0,unknown,0,older
self-employed,single,tertiary,no,96,no,no,cellular,5,feb,1,-1,0,unknown,0,young
retired,married,secondary,no,22,no,yes,telephone,6,aug,3,-1,0,unknown,0,older
management,married,tertiary,no,144,yes,no,unknown,7,may,3,-1,0,unknown,0,older
blue-collar,married,primary,no,6489,yes,no,unknown,19,may,1,-1,0,unknown,0,older
self-employed,single,tertiary,no,2298,yes,yes,cellular,20,apr,2,319,18,other,0,young
blue-collar,married,secondary,no,176,no,no,unknown,29,may,1,-1,0,unknown,0,older
housemaid,married,primary,no,2580,no,no,telephone,4,may,5,-1,0,unknown,0,older
technician,married,secondary,no,1076,yes,no,cellular,13,aug,2,-1,0,unknown,0,older
blue-collar,married,secondary,no,175,yes,no,unknown,27,may,5,-1,0,unknown,0,young
housemaid,married,secondary,no,243,yes,no,unknown,3,jun,1,-1,0,unknown,0,young
admin.,single,secondary,no,330,no,yes,cellular,30,jul,5,-1,0,unknown,0,young
admin.,single,secondary,no,-7,no,yes,cellular,31,jul,36,-1,0,unknown,0,young
services,married,secondary,no,0,yes,yes,cellular,15,jul,4,-1,0,unknown,0,young
blue-collar,married,primary,no,1018,yes,no,cellular,25,jul,1,-1,0,unknown,0,older
self-employed,single,tertiary,no,579,no,no,unknown,30,may,2,-1,0,unknown,0,young
blue-collar,married,secondary,no,3052,yes,no,unknown,27,may,1,-1,0,unknown,0,older
blue-collar,married,secondary,no,812,yes,no,cellular,23,sep,1,-1,0,unknown,0,young
housemaid,married,primary,no,625,no,yes,unknown,11,jun,1,-1,0,unknown,1,older
management,divorced,unknown,no,2,yes,no,unknown,6,may,1,-1,0,unknown,0,older
technician,divorced,secondary,no,0,yes,no,cellular,12,may,6,-1,0,unknown,0,young
technician,married,tertiary,no,463,yes,no,unknown,13,may,2,-1,0,unknown,0,young
management,married,tertiary,no,134,yes,no,unknown,19,may,1,-1,0,unknown,0,young
management,single,tertiary,no,3285,yes,no,unknown,9,may,1,-1,0,unknown,0,young
technician,single,secondary,no,33,no,no,cellular,23,jul,7,-1,0,unknown,0,young
blue-collar,married,secondary,no,342,yes,no,cellular,12,may,2,175,1,failure,0,young
management,married,tertiary,no,473,no,no,cellular,1,jun,1,-1,0,unknown,1,older
retired,married,secondary,no,3114,no,no,cellular,18,may,2,186,1,success,1,older
technician,married,secondary,no,0,no,yes,unknown,26,jun,2,-1,0,unknown,0,young
management,married,tertiary,no,115,no,no,cellular,19,aug,2,-1,0,unknown,0,young
technician,married,secondary,no,594,no,yes,cellular,4,aug,3,-1,0,unknown,0,young
blue-collar,married,secondary,no,4321,no,no,cellular,8,sep,2,95,1,success,0,young
admin.,married,secondary,no,1060,yes,no,cellular,17,apr,3,-1,0,unknown,0,young
admin.,single,secondary,no,21,yes,yes,cellular,14,may,3,-1,0,unknown,0,young
management,married,tertiary,no,354,no,yes,cellular,9,feb,4,12,2,other,0,young
technician,married,secondary,no,0,yes,no,unknown,14,may,1,-1,0,unknown,0,older
retired,married,unknown,no,-157,no,no,cellular,28,aug,9,-1,0,unknown,0,older
blue-collar,single,secondary,no,735,yes,no,unknown,4,jun,3,-1,0,unknown,0,young
unemployed,single,tertiary,no,786,no,no,cellular,28,aug,11,-1,0,unknown,0,young
technician,married,tertiary,no,6,yes,no,cellular,18,nov,1,-1,0,unknown,0,young
blue-collar,married,secondary,no,922,yes,no,cellular,7,may,1,339,1,other,0,young
admin.,married,secondary,no,1011,yes,no,cellular,11,may,2,-1,0,unknown,0,young
services,married,secondary,no,34,yes,yes,unknown,3,jun,1,-1,0,unknown,0,young
technician,single,tertiary,no,14054,no,no,cellular,23,jul,1,-1,0,unknown,0,young
management,married,tertiary,no,-85,yes,no,unknown,12,jun,2,-1,0,unknown,0,young
blue-collar,married,secondary,no,247,no,yes,cellular,6,feb,2,214,1,failure,0,young
technician,married,secondary,no,1812,yes,no,cellular,31,jul,2,-1,0,unknown,0,older
management,divorced,secondary,no,1287,yes,no,cellular,14,may,1,-1,0,unknown,0,young
management,divorced,tertiary,no,0,yes,no,telephone,7,may,4,-1,0,unknown,0,older
admin.,married,tertiary,no,69,no,yes,cellular,4,aug,3,1,6,success,1,young
entrepreneur,married,tertiary,yes,-524,yes,no,unknown,16,may,4,-1,0,unknown,0,older
housemaid,married,tertiary,no,72,no,no,cellular,19,aug,2,-1,0,unknown,0,young
services,married,secondary,no,867,yes,no,cellular,7,jul,3,-1,0,unknown,0,older
management,married,tertiary,no,1882,yes,no,cellular,11,aug,5,-1,0,unknown,0,young
management,married,tertiary,no,0,yes,no,cellular,9,jul,1,-1,0,unknown,0,older
technician,married,secondary,no,616,yes,no,cellular,27,aug,7,-1,0,unknown,0,young
housemaid,single,primary,no,5774,yes,no,unknown,15,may,2,-1,0,unknown,0,older
management,married,tertiary,yes,161,no,yes,cellular,18,jul,1,-1,0,unknown,0,older
housemaid,divorced,secondary,no,122,no,no,cellular,15,jul,1,-1,0,unknown,0,older
services,married,tertiary,no,301,no,no,cellular,28,jan,1,-1,0,unknown,0,young
technician,married,secondary,no,9324,no,no,cellular,27,aug,4,-1,0,unknown,0,older
management,married,tertiary,no,937,no,no,cellular,23,sep,1,391,3,failure,0,young
self-employed,single,secondary,no,15,no,no,cellular,18,nov,2,-1,0,unknown,0,young
services,divorced,secondary,no,39,yes,no,cellular,18,may,8,-1,0,unknown,0,young
blue-collar,married,primary,no,-252,yes,no,unknown,29,may,5,-1,0,unknown,0,older
management,married,tertiary,yes,1218,yes,no,cellular,18,jul,6,-1,0,unknown,0,older
technician,married,secondary,no,7369,no,no,cellular,19,aug,4,-1,0,unknown,0,young
housemaid,married,secondary,no,1397,no,no,cellular,31,jul,2,-1,0,unknown,0,older
blue-collar,married,secondary,no,-1400,yes,no,telephone,6,may,3,355,4,failure,0,older
technician,divorced,secondary,no,12584,no,no,cellular,19,aug,25,-1,0,unknown,0,older
technician,divorced,secondary,no,18,no,no,unknown,26,may,1,-1,0,unknown,0,young
student,single,tertiary,no,129,no,no,cellular,28,jan,1,93,1,success,1,young
management,single,tertiary,no,756,no,no,cellular,13,aug,4,-1,0,unknown,0,young
management,single,tertiary,no,130,no,no,cellular,6,aug,1,-1,0,unknown,0,young
management,married,tertiary,no,1575,no,no,cellular,12,aug,4,-1,0,unknown,0,young
management,married,tertiary,no,1198,yes,no,cellular,9,apr,3,-1,0,unknown,0,young
management,married,tertiary,no,997,no,no,cellular,10,mar,1,-1,0,unknown,1,older
self-employed,married,primary,no,7468,yes,yes,cellular,30,apr,1,-1,0,unknown,1,young
blue-collar,married,unknown,no,507,no,yes,unknown,18,jun,14,-1,0,unknown,0,older
technician,married,secondary,no,1093,yes,no,unknown,30,may,1,-1,0,unknown,0,older
technician,divorced,unknown,no,629,yes,no,cellular,8,may,1,-1,0,unknown,0,older
management,single,tertiary,no,232,no,no,cellular,15,apr,1,-1,0,unknown,1,young
admin.,single,secondary,no,862,no,no,cellular,21,jul,2,-1,0,unknown,0,young
blue-collar,married,primary,no,506,yes,no,telephone,7,aug,4,-1,0,unknown,0,older
retired,married,tertiary,no,872,no,no,telephone,28,aug,5,-1,0,unknown,0,older
management,married,secondary,no,121,no,yes,cellular,17,nov,2,151,2,failure,0,young
blue-collar,single,secondary,no,630,yes,no,cellular,16,apr,1,-1,0,unknown,0,young
technician,single,secondary,no,3,yes,yes,cellular,24,jul,1,-1,0,unknown,0,young
student,single,secondary,no,8,no,no,cellular,22,apr,2,-1,0,unknown,1,young
management,divorced,tertiary,no,50,yes,no,cellular,21,nov,4,171,4,failure,0,older
blue-collar,married,secondary,no,4707,yes,no,unknown,23,may,8,-1,0,unknown,0,older
admin.,divorced,tertiary,no,178,yes,no,cellular,4,feb,2,-1,0,unknown,0,older
management,married,tertiary,no,583,no,no,cellular,17,nov,1,91,2,failure,1,older
unemployed,married,primary,no,1183,no,no,cellular,31,jul,5,-1,0,unknown,1,older
management,single,tertiary,no,1034,yes,no,cellular,7,aug,3,-1,0,unknown,1,older
management,single,tertiary,no,219,no,no,cellular,3,feb,6,196,6,failure,0,young
technician,married,secondary,no,459,no,no,cellular,28,jan,1,-1,0,unknown,0,older
technician,married,tertiary,no,9207,no,no,cellular,18,aug,3,-1,0,unknown,0,older
technician,single,secondary,no,2388,no,no,cellular,5,aug,1,-1,0,unknown,0,young
technician,single,secondary,no,816,yes,no,unknown,14,nov,1,-1,0,unknown,1,young
management,single,tertiary,no,123,no,no,telephone,29,aug,11,-1,0,unknown,0,young
management,divorced,tertiary,no,388,yes,no,telephone,13,may,2,370,2,success,0,older
blue-collar,married,secondary,no,3463,yes,no,telephone,21,nov,4,-1,0,unknown,0,young
unemployed,married,tertiary,no,259,no,yes,cellular,21,nov,2,-1,0,unknown,0,young
management,single,tertiary,no,2032,yes,no,cellular,24,jul,4,-1,0,unknown,0,older
management,married,tertiary,no,1666,yes,no,cellular,28,aug,4,-1,0,unknown,0,young
technician,married,tertiary,no,2699,yes,no,cellular,29,jun,4,-1,0,unknown,0,older
technician,divorced,primary,no,13,yes,no,cellular,8,may,2,368,2,failure,0,older
blue-collar,single,primary,no,2369,yes,no,cellular,18,may,1,-1,0,unknown,0,young
admin.,single,secondary,no,1003,no,no,cellular,9,jul,3,-1,0,unknown,0,young
blue-collar,married,primary,no,-298,yes,no,cellular,6,may,1,-1,0,unknown,0,older
technician,married,secondary,no,292,no,yes,cellular,28,aug,13,-1,0,unknown,0,older
student,single,primary,no,423,no,no,cellular,16,jul,1,179,10,success,1,young
admin.,married,secondary,no,981,yes,yes,cellular,8,may,2,-1,0,unknown,0,young
technician,married,secondary,no,201,no,no,cellular,10,jul,5,-1,0,unknown,0,older
admin.,married,secondary,no,106,no,no,cellular,24,feb,1,187,4,success,1,older
blue-collar,married,primary,no,603,yes,no,cellular,24,jul,2,-1,0,unknown,1,older
services,married,secondary,no,0,yes,no,unknown,15,may,6,-1,0,unknown,0,young
services,married,secondary,no,0,yes,no,cellular,31,jul,20,-1,0,unknown,0,older
entrepreneur,divorced,tertiary,no,0,yes,no,cellular,18,nov,1,-1,0,unknown,0,young
blue-collar,married,secondary,no,-110,yes,no,unknown,26,may,1,-1,0,unknown,0,young
housemaid,single,secondary,no,1363,no,no,telephone,1,oct,1,93,1,failure,0,young
blue-collar,married,secondary,no,1660,yes,no,cellular,20,apr,1,-1,0,unknown,0,young
retired,divorced,secondary,no,79,no,no,cellular,15,jul,2,-1,0,unknown,0,young
unemployed,single,primary,no,3777,no,no,cellular,5,feb,3,-1,0,unknown,0,young
technician,single,secondary,no,133,yes,no,cellular,29,jan,2,-1,0,unknown,0,young
blue-collar,married,primary,no,651,yes,no,unknown,13,may,2,-1,0,unknown,0,young
blue-collar,single,secondary,no,1721,yes,no,unknown,21,may,2,-1,0,unknown,0,young
blue-collar,single,secondary,no,184,yes,no,unknown,9,may,2,-1,0,unknown,0,older
student,single,tertiary,no,290,yes,no,telephone,27,nov,1,-1,0,unknown,0,young
retired,married,primary,no,1702,no,no,telephone,26,aug,1,-1,0,unknown,0,older
technician,married,tertiary,no,841,yes,no,unknown,6,may,1,-1,0,unknown,0,older
blue-collar,single,primary,no,3046,yes,yes,cellular,18,nov,1,183,1,other,0,older
services,married,primary,no,299,yes,no,unknown,14,may,1,-1,0,unknown,0,older
unknown,married,unknown,no,4413,no,no,telephone,29,jul,35,-1,0,unknown,0,older
blue-collar,divorced,primary,no,60,no,no,unknown,9,may,1,-1,0,unknown,0,young
services,married,secondary,no,-45,yes,yes,cellular,3,feb,3,-1,0,unknown,0,older
blue-collar,single,secondary,no,6393,yes,no,cellular,15,may,3,-1,0,unknown,0,older
blue-collar,married,secondary,no,-870,yes,no,unknown,26,may,2,-1,0,unknown,0,young
technician,single,secondary,no,827,yes,no,cellular,6,may,1,267,4,failure,0,young
admin.,married,secondary,no,0,yes,no,cellular,5,mar,1,-1,0,unknown,0,older
technician,married,secondary,no,-360,yes,no,cellular,6,may,2,344,2,failure,0,young
blue-collar,single,secondary,no,759,yes,no,unknown,9,may,1,-1,0,unknown,1,young
self-employed,married,tertiary,no,132,no,no,cellular,1,jul,2,65,1,success,1,older
management,single,tertiary,no,2007,yes,no,unknown,20,may,1,-1,0,unknown,0,young
services,married,secondary,no,71,no,no,unknown,6,may,1,-1,0,unknown,0,young
student,single,secondary,no,2354,no,no,cellular,5,feb,7,-1,0,unknown,1,young
admin.,single,secondary,no,483,no,yes,cellular,30,apr,1,86,1,success,0,young
admin.,married,secondary,no,1120,yes,no,telephone,11,may,2,-1,0,unknown,0,older
blue-collar,married,secondary,no,-73,yes,yes,cellular,18,may,8,-1,0,unknown,0,young
admin.,single,primary,no,1970,no,no,cellular,8,may,1,-1,0,unknown,0,young
blue-collar,married,primary,no,1433,yes,no,cellular,8,may,2,366,1,other,0,young
blue-collar,married,secondary,no,-972,yes,no,unknown,29,may,1,-1,0,unknown,0,older
management,married,tertiary,no,11246,no,no,cellular,19,nov,2,-1,0,unknown,0,older
blue-collar,married,secondary,no,807,yes,no,unknown,29,may,3,-1,0,unknown,0,young
management,single,tertiary,no,2465,no,no,cellular,16,nov,2,95,1,success,0,young
management,married,tertiary,no,734,yes,no,cellular,7,may,2,324,3,failure,0,older
admin.,married,secondary,no,684,yes,no,cellular,14,may,3,-1,0,unknown,1,young
technician,married,tertiary,no,4557,no,no,cellular,28,jan,2,-1,0,unknown,0,young
management,married,tertiary,no,1010,yes,no,cellular,15,may,3,364,9,other,0,young
retired,married,primary,no,796,no,no,cellular,23,apr,1,182,3,success,1,older
management,married,tertiary,no,128,yes,no,unknown,19,may,1,-1,0,unknown,0,older
management,single,tertiary,no,58,no,no,cellular,29,aug,2,-1,0,unknown,0,young
technician,married,secondary,no,862,no,no,cellular,18,nov,2,-1,0,unknown,0,older
management,married,tertiary,no,5709,yes,no,cellular,12,may,1,-1,0,unknown,0,older
technician,single,secondary,no,2144,yes,no,cellular,30,jan,2,262,2,failure,0,young
technician,single,tertiary,no,1636,yes,no,cellular,27,feb,1,-1,0,unknown,1,young
services,single,secondary,no,544,yes,no,unknown,27,may,2,-1,0,unknown,0,young
self-employed,single,tertiary,no,655,no,no,cellular,23,sep,4,184,1,success,1,young
technician,married,secondary,no,0,yes,no,cellular,6,apr,1,-1,0,unknown,0,young
management,divorced,tertiary,no,155,yes,no,unknown,20,jun,26,-1,0,unknown,0,young
housemaid,married,secondary,no,13,yes,no,cellular,7,may,2,293,1,other,0,young
technician,married,secondary,no,1599,yes,no,cellular,1,feb,2,96,3,failure,0,young
blue-collar,divorced,secondary,no,625,yes,no,cellular,15,may,4,359,2,failure,0,young
blue-collar,married,secondary,no,521,yes,no,cellular,23,jul,17,-1,0,unknown,0,young
services,married,secondary,no,1134,no,no,unknown,18,jun,2,-1,0,unknown,0,older
technician,divorced,tertiary,no,261,no,no,unknown,20,jun,1,-1,0,unknown,0,older
blue-collar,married,primary,no,902,yes,no,unknown,27,may,2,-1,0,unknown,0,young
blue-collar,married,secondary,no,4900,yes,no,telephone,11,may,1,284,2,failure,0,older
blue-collar,married,secondary,no,2697,yes,yes,cellular,21,nov,1,179,5,failure,0,older
admin.,married,secondary,no,248,no,no,unknown,6,jun,1,-1,0,unknown,0,older
management,divorced,unknown,no,854,no,no,cellular,27,aug,4,92,1,failure,1,older
technician,married,secondary,no,230,no,yes,cellular,21,nov,1,100,2,failure,0,older
technician,single,tertiary,no,10,yes,no,cellular,18,may,2,367,2,other,0,young
housemaid,single,primary,no,443,no,no,cellular,30,jan,1,2,1,other,0,young
admin.,married,secondary,no,166,no,no,unknown,14,jun,1,-1,0,unknown,0,young
management,married,tertiary,no,82,yes,yes,unknown,16,may,1,-1,0,unknown,0,young
blue-collar,married,secondary,no,-335,yes,yes,unknown,4,jun,1,-1,0,unknown,0,young
services,single,secondary,no,209,yes,no,unknown,6,may,2,-1,0,unknown,0,young
blue-collar,divorced,primary,no,6,yes,no,unknown,2,jun,6,-1,0,unknown,0,older
management,married,secondary,no,-559,yes,yes,cellular,7,may,1,167,2,failure,0,young
technician,married,unknown,no,14533,no,no,cellular,31,dec,3,198,2,success,0,young
blue-collar,married,secondary,no,1996,no,no,unknown,5,jun,2,-1,0,unknown,1,older
unknown,single,unknown,no,942,no,no,cellular,27,oct,1,188,1,success,1,older
admin.,divorced,secondary,no,146,yes,no,cellular,7,may,3,358,2,failure,0,older
entrepreneur,married,secondary,yes,-538,yes,no,cellular,20,apr,1,-1,0,unknown,0,young
technician,married,secondary,no,275,no,no,cellular,20,aug,4,-1,0,unknown,0,older
blue-collar,single,primary,no,60,yes,no,cellular,14,may,1,290,2,failure,0,young
blue-collar,single,secondary,no,49,no,no,cellular,30,jan,2,-1,0,unknown,1,young
retired,married,secondary,no,723,no,no,telephone,22,jun,3,-1,0,unknown,0,older
services,divorced,unknown,no,2363,yes,no,cellular,17,nov,1,-1,0,unknown,0,older
technician,single,tertiary,no,2257,yes,no,unknown,9,may,1,-1,0,unknown,0,young
blue-collar,married,secondary,no,901,yes,no,unknown,6,jun,3,-1,0,unknown,0,older
technician,single,secondary,no,-5,no,yes,cellular,26,aug,4,-1,0,unknown,0,young
blue-collar,divorced,secondary,no,-566,yes,no,cellular,14,may,2,353,2,failure,0,young
blue-collar,married,primary,no,331,yes,no,cellular,9,apr,2,314,3,failure,0,young
technician,single,secondary,no,3096,yes,no,cellular,11,aug,4,-1,0,unknown,0,young
management,married,unknown,no,2149,yes,no,cellular,25,feb,1,87,10,failure,1,older
technician,single,secondary,no,153,no,no,cellular,7,aug,2,-1,0,unknown,0,young
management,married,tertiary,no,1100,yes,no,cellular,18,nov,1,-1,0,unknown,0,young
admin.,divorced,secondary,no,24,yes,no,cellular,6,may,2,-1,0,unknown,0,older
blue-collar,married,secondary,no,-194,yes,no,cellular,18,may,1,-1,0,unknown,0,older
blue-collar,married,secondary,yes,-584,yes,no,cellular,7,may,2,-1,0,unknown,0,young
unemployed,single,secondary,no,104,no,no,cellular,4,feb,3,-1,0,unknown,0,young
services,married,secondary,no,204,yes,yes,unknown,20,may,3,-1,0,unknown,0,young
admin.,divorced,secondary,no,-106,yes,no,unknown,2,jun,3,-1,0,unknown,0,older
management,married,tertiary,no,11563,yes,no,cellular,12,aug,2,-1,0,unknown,0,older
admin.,married,secondary,no,36,yes,no,unknown,13,may,1,-1,0,unknown,0,young
blue-collar,single,secondary,no,3773,yes,no,unknown,21,may,1,-1,0,unknown,0,young
admin.,single,secondary,no,-133,yes,no,cellular,14,may,3,-1,0,unknown,0,young
unknown,married,primary,no,6999,no,no,cellular,6,aug,2,-1,0,unknown,0,young
admin.,single,secondary,no,1016,yes,no,unknown,20,jun,5,-1,0,unknown,0,young
admin.,married,secondary,no,909,yes,no,cellular,9,apr,1,-1,0,unknown,0,older
blue-collar,married,secondary,no,-128,yes,no,cellular,21,nov,1,-1,0,unknown,0,older
blue-collar,divorced,secondary,no,3823,yes,yes,cellular,17,apr,2,-1,0,unknown,0,older
blue-collar,married,secondary,no,96,yes,no,cellular,31,jul,2,-1,0,unknown,0,older
management,married,tertiary,no,1336,yes,yes,cellular,22,jul,1,-1,0,unknown,0,older
services,married,primary,no,1700,yes,no,cellular,29,jul,12,-1,0,unknown,0,older
services,married,secondary,no,405,no,yes,cellular,8,aug,2,-1,0,unknown,1,older
admin.,married,secondary,no,1131,no,yes,cellular,8,may,1,-1,0,unknown,0,older
management,single,tertiary,no,99,no,no,cellular,8,jul,1,-1,0,unknown,0,young
blue-collar,married,primary,no,-223,yes,no,cellular,14,may,10,-1,0,unknown,0,young
blue-collar,married,primary,no,-48,yes,no,cellular,12,may,1,-1,0,unknown,0,young
self-employed,married,tertiary,no,5,yes,yes,cellular,9,jul,2,-1,0,unknown,0,young
management,divorced,tertiary,no,169,no,no,cellular,18,jul,1,-1,0,unknown,0,older
technician,married,secondary,no,2014,yes,yes,unknown,15,may,2,-1,0,unknown,0,older
blue-collar,married,primary,no,2269,yes,no,cellular,12,aug,2,-1,0,unknown,0,older
management,married,tertiary,no,441,yes,yes,cellular,22,aug,7,-1,0,unknown,0,young
management,married,secondary,no,4848,no,no,unknown,12,jun,1,-1,0,unknown,0,older
services,single,secondary,no,3331,yes,no,unknown,28,may,2,-1,0,unknown,0,young
retired,married,secondary,no,781,yes,yes,cellular,12,aug,5,-1,0,unknown,0,older
unknown,married,unknown,no,1317,no,no,unknown,12,jun,1,-1,0,unknown,0,older
retired,divorced,tertiary,no,439,no,yes,cellular,25,may,1,321,1,failure,1,older
admin.,married,secondary,no,725,yes,no,cellular,10,jul,1,-1,0,unknown,0,young
housemaid,divorced,primary,no,61,no,no,cellular,29,jul,5,-1,0,unknown,0,older
unemployed,married,secondary,no,1943,yes,no,cellular,3,apr,2,136,2,failure,0,older
management,married,tertiary,no,-323,yes,no,cellular,7,aug,2,-1,0,unknown,0,older
admin.,single,secondary,no,2040,yes,no,cellular,7,may,1,357,1,failure,0,older
entrepreneur,married,secondary,no,2551,yes,no,unknown,5,jun,2,-1,0,unknown,0,young
retired,married,secondary,no,921,no,no,telephone,17,apr,2,-1,0,unknown,1,older
services,divorced,secondary,no,67,yes,no,cellular,5,may,2,-1,0,unknown,0,young
retired,married,unknown,no,293,no,no,unknown,11,jun,1,-1,0,unknown,1,older
technician,married,secondary,no,-280,yes,no,cellular,25,jul,2,-1,0,unknown,0,young
technician,single,secondary,no,1572,yes,yes,unknown,23,may,3,-1,0,unknown,0,young
technician,divorced,secondary,no,972,no,no,cellular,25,may,2,-1,0,unknown,0,older
blue-collar,married,primary,no,316,yes,no,cellular,14,may,1,-1,0,unknown,0,older
technician,divorced,secondary,no,411,yes,no,cellular,7,may,2,-1,0,unknown,0,young
services,single,secondary,no,0,no,no,cellular,17,jul,1,-1,0,unknown,0,young
self-employed,divorced,tertiary,no,-319,no,no,unknown,20,jun,3,-1,0,unknown,0,older
management,married,tertiary,no,619,yes,no,telephone,25,jul,2,-1,0,unknown,0,older
blue-collar,married,secondary,no,-605,yes,yes,unknown,3,jun,1,-1,0,unknown,0,young
retired,married,unknown,no,775,no,no,cellular,26,jan,4,96,3,success,1,older
blue-collar,married,secondary,no,1035,no,no,cellular,28,jan,1,-1,0,unknown,0,older
technician,married,secondary,no,-146,yes,yes,cellular,18,may,1,-1,0,unknown,0,young
technician,single,tertiary,no,783,no,no,cellular,8,jul,1,-1,0,unknown,0,young
blue-collar,single,secondary,no,2007,no,no,cellular,13,oct,1,92,5,success,1,young
self-employed,single,tertiary,no,1249,yes,no,cellular,19,nov,1,-1,0,unknown,1,young
retired,married,secondary,no,0,no,no,cellular,6,aug,3,-1,0,unknown,0,older
management,married,tertiary,no,20,yes,no,unknown,19,jun,2,-1,0,unknown,0,young
services,divorced,unknown,no,973,no,no,cellular,2,feb,1,-1,0,unknown,0,older
blue-collar,single,secondary,no,196,yes,no,cellular,5,may,1,341,7,failure,1,young
management,single,tertiary,no,-85,yes,no,unknown,8,may,2,-1,0,unknown,0,young
services,married,primary,no,-102,no,no,unknown,4,jul,1,-1,0,unknown,0,young
retired,married,secondary,no,357,no,no,unknown,18,jun,2,-1,0,unknown,0,older
housemaid,married,secondary,no,388,no,no,cellular,15,sep,2,99,4,failure,1,older
blue-collar,married,secondary,no,750,yes,no,unknown,3,jun,5,-1,0,unknown,0,older
technician,married,secondary,no,645,yes,yes,unknown,14,may,5,-1,0,unknown,0,older
services,married,secondary,no,205,yes,no,cellular,15,apr,2,-1,0,unknown,0,older
technician,single,secondary,no,641,no,no,cellular,16,jul,6,-1,0,unknown,0,young
retired,married,tertiary,no,2996,no,no,unknown,5,jun,1,-1,0,unknown,0,older
student,single,secondary,no,1925,no,no,cellular,21,oct,3,149,5,success,1,young
technician,married,tertiary,no,395,no,no,cellular,29,oct,1,148,1,failure,1,older
management,married,tertiary,no,4131,yes,no,unknown,27,may,7,-1,0,unknown,0,young
technician,single,secondary,no,8,no,no,unknown,13,may,1,-1,0,unknown,0,young
management,married,tertiary,no,8902,yes,no,cellular,20,apr,3,249,5,failure,0,older
blue-collar,single,secondary,no,1257,yes,no,cellular,14,may,2,-1,0,unknown,0,young
services,divorced,secondary,no,-10,yes,no,unknown,17,jun,2,-1,0,unknown,0,young
blue-collar,single,secondary,no,612,yes,no,cellular,21,jul,4,-1,0,unknown,0,young
technician,single,secondary,no,0,no,no,cellular,29,aug,4,-1,0,unknown,0,young
retired,married,secondary,no,718,no,no,cellular,3,jun,1,-1,0,unknown,0,older
retired,married,tertiary,no,4692,yes,no,cellular,15,oct,1,-1,0,unknown,0,older
management,married,tertiary,no,6880,no,no,cellular,8,aug,2,-1,0,unknown,0,older
technician,married,secondary,no,65,no,no,cellular,28,may,4,93,4,failure,0,older
admin.,married,primary,no,4387,yes,no,telephone,16,jul,6,-1,0,unknown,0,older
blue-collar,single,secondary,no,2353,no,no,cellular,3,feb,2,-1,0,unknown,0,young
management,married,tertiary,no,8141,no,no,cellular,2,feb,1,-1,0,unknown,0,older
technician,married,secondary,no,0,no,no,telephone,30,apr,3,84,3,success,1,older
admin.,married,secondary,no,22171,yes,no,unknown,28,may,3,-1,0,unknown,0,young
blue-collar,married,secondary,no,1165,yes,no,cellular,13,aug,3,94,10,failure,1,young
admin.,married,secondary,no,6703,no,no,cellular,14,aug,3,-1,0,unknown,0,older
technician,single,secondary,no,287,yes,no,unknown,21,may,8,-1,0,unknown,0,young
blue-collar,married,secondary,no,388,yes,yes,cellular,6,may,1,355,2,failure,0,older
admin.,single,secondary,no,5711,yes,yes,unknown,21,may,1,-1,0,unknown,0,young
management,single,tertiary,no,123,no,no,telephone,29,aug,11,-1,0,unknown,0,young
technician,single,secondary,no,151,no,no,cellular,3,feb,2,-1,0,unknown,0,young
admin.,married,secondary,no,186,yes,no,cellular,11,may,2,-1,0,unknown,0,older
housemaid,married,secondary,no,736,yes,no,unknown,20,may,1,-1,0,unknown,0,older
blue-collar,married,primary,no,1138,yes,no,cellular,6,aug,2,-1,0,unknown,0,older
management,single,tertiary,no,-252,yes,no,cellular,15,may,1,-1,0,unknown,0,young
management,married,secondary,no,0,yes,yes,cellular,3,nov,1,351,2,failure,1,older
management,married,tertiary,no,131,no,no,cellular,18,feb,2,-1,0,unknown,1,young
admin.,divorced,secondary,no,3750,yes,no,unknown,20,may,1,-1,0,unknown,0,young
blue-collar,divorced,primary,no,-97,yes,yes,cellular,31,jul,4,-1,0,unknown,0,older
blue-collar,married,secondary,no,349,yes,no,cellular,20,apr,1,-1,0,unknown,0,young
admin.,married,secondary,no,1648,yes,no,cellular,19,nov,3,-1,0,unknown,0,older
management,married,tertiary,no,0,yes,no,telephone,13,may,3,257,6,other,0,older
management,married,tertiary,no,4874,yes,no,cellular,25,aug,10,-1,0,unknown,0,young
technician,married,secondary,no,545,no,no,unknown,6,jun,1,-1,0,unknown,0,older
entrepreneur,married,secondary,no,122,no,no,cellular,6,feb,2,1,7,failure,0,older
admin.,married,tertiary,no,843,no,yes,cellular,27,may,3,-1,0,unknown,0,older
services,divorced,secondary,no,437,yes,no,cellular,15,jul,2,-1,0,unknown,0,young
management,divorced,tertiary,no,108,yes,no,unknown,27,may,2,-1,0,unknown,0,older
entrepreneur,married,secondary,no,-480,yes,yes,cellular,18,may,1,350,6,failure,0,older
technician,single,tertiary,no,703,yes,no,unknown,8,may,2,-1,0,unknown,1,young
management,married,secondary,no,-1157,no,yes,cellular,17,nov,2,-1,0,unknown,0,older
services,married,secondary,no,6376,no,no,cellular,13,aug,3,-1,0,unknown,0,older
self-employed,married,tertiary,no,837,no,no,cellular,27,aug,4,-1,0,unknown,0,older
management,single,tertiary,no,8669,yes,no,telephone,20,apr,3,150,6,failure,0,young
technician,married,secondary,no,0,no,no,cellular,31,jul,9,-1,0,unknown,0,young
entrepreneur,married,secondary,no,670,yes,no,cellular,12,may,1,-1,0,unknown,1,older
student,single,secondary,no,216,no,no,cellular,6,aug,1,179,2,success,1,young
blue-collar,divorced,primary,no,117,yes,no,cellular,18,may,3,350,4,failure,0,young
student,single,tertiary,no,5741,no,no,cellular,22,feb,1,185,2,failure,0,young
services,married,secondary,no,6127,yes,no,unknown,15,may,1,-1,0,unknown,0,older
blue-collar,married,primary,no,500,yes,no,cellular,18,nov,2,182,1,failure,0,young
blue-collar,married,secondary,no,77,yes,no,unknown,19,may,1,-1,0,unknown,0,young
blue-collar,single,primary,no,-119,yes,no,cellular,13,may,1,-1,0,unknown,0,older
services,single,secondary,no,-701,yes,no,cellular,11,may,2,-1,0,unknown,1,young
technician,single,secondary,no,-363,yes,no,cellular,18,may,2,-1,0,unknown,0,young
technician,married,secondary,no,427,no,no,unknown,14,may,1,-1,0,unknown,0,older
services,single,primary,no,4453,yes,no,cellular,10,jul,1,-1,0,unknown,0,young
blue-collar,married,primary,no,694,yes,no,cellular,21,nov,1,-1,0,unknown,0,young
unemployed,divorced,primary,no,757,no,no,unknown,30,may,4,-1,0,unknown,0,older
management,single,tertiary,no,-324,no,yes,cellular,21,jul,11,-1,0,unknown,1,young
entrepreneur,married,tertiary,no,1553,no,yes,cellular,18,nov,2,-1,0,unknown,0,older
technician,married,secondary,no,7863,no,no,cellular,26,aug,6,-1,0,unknown,0,older
technician,married,tertiary,no,0,yes,no,unknown,4,jun,2,-1,0,unknown,0,young
blue-collar,single,primary,no,577,yes,no,cellular,15,may,4,-1,0,unknown,0,young
services,married,secondary,no,91,yes,no,unknown,5,jun,4,-1,0,unknown,0,older
retired,married,primary,no,1761,no,no,unknown,12,jun,4,-1,0,unknown,0,older
blue-collar,single,secondary,no,276,yes,no,cellular,14,may,6,-1,0,unknown,0,older
admin.,married,unknown,no,0,yes,no,cellular,21,nov,1,198,1,failure,0,older
management,single,tertiary,no,76,yes,no,unknown,7,may,3,-1,0,unknown,0,young
technician,married,secondary,no,0,no,yes,unknown,26,jun,2,-1,0,unknown,0,young
management,single,tertiary,no,8,yes,no,cellular,28,jul,2,-1,0,unknown,0,young
blue-collar,single,secondary,no,0,yes,no,cellular,5,feb,3,254,1,other,0,young
entrepreneur,single,secondary,no,404,no,no,cellular,30,jan,3,-1,0,unknown,0,young
admin.,married,secondary,no,9319,yes,no,cellular,21,nov,7,-1,0,unknown,0,older
unknown,single,tertiary,no,1567,no,no,cellular,1,jul,2,-1,0,unknown,0,older
housemaid,married,secondary,no,870,no,yes,unknown,19,jun,2,-1,0,unknown,0,older
technician,single,secondary,no,2141,no,no,cellular,18,nov,3,-1,0,unknown,0,young
management,single,secondary,no,73,yes,no,unknown,28,may,2,-1,0,unknown,0,young
admin.,married,secondary,no,1415,yes,no,unknown,2,jun,3,-1,0,unknown,0,older
technician,single,tertiary,no,218,yes,yes,unknown,28,may,2,-1,0,unknown,0,young
technician,married,secondary,no,3032,no,no,unknown,29,may,1,-1,0,unknown,0,young
blue-collar,married,primary,no,183,yes,no,unknown,19,may,4,-1,0,unknown,0,young
technician,divorced,secondary,no,63,yes,no,unknown,5,may,1,-1,0,unknown,0,older
services,married,secondary,no,0,no,no,cellular,13,aug,4,-1,0,unknown,0,older
management,single,tertiary,no,741,no,no,cellular,7,aug,2,-1,0,unknown,0,older
services,married,secondary,no,1181,yes,no,cellular,7,aug,3,-1,0,unknown,0,older
blue-collar,married,primary,no,1322,yes,no,cellular,21,nov,8,185,1,other,0,young
management,married,tertiary,no,122,no,yes,cellular,18,jul,1,-1,0,unknown,0,older
management,married,tertiary,no,91,no,no,unknown,27,may,2,-1,0,unknown,0,young
services,divorced,secondary,no,136,no,yes,telephone,8,jul,1,-1,0,unknown,0,older
management,married,tertiary,no,7154,yes,no,cellular,19,nov,3,111,3,failure,0,older
blue-collar,married,primary,no,153,no,yes,cellular,31,jul,26,-1,0,unknown,0,young
technician,married,secondary,no,-1076,yes,no,cellular,31,jul,2,-1,0,unknown,0,older
blue-collar,married,primary,no,23,yes,no,unknown,23,may,1,-1,0,unknown,0,older
admin.,divorced,secondary,no,683,no,no,cellular,8,nov,1,-1,0,unknown,0,older
technician,married,secondary,no,98,no,no,cellular,27,aug,4,-1,0,unknown,0,older
technician,single,tertiary,no,2012,yes,no,unknown,20,may,2,-1,0,unknown,0,young
services,married,secondary,no,27,yes,yes,cellular,31,jul,3,-1,0,unknown,0,young
technician,divorced,secondary,no,177,yes,no,unknown,8,may,1,-1,0,unknown,0,older
technician,single,secondary,no,35,yes,no,cellular,30,jul,29,-1,0,unknown,0,young
blue-collar,single,secondary,no,-93,yes,no,cellular,18,may,2,-1,0,unknown,0,young
admin.,single,secondary,no,3696,no,no,cellular,12,jul,2,181,4,success,1,older
technician,divorced,secondary,no,27,yes,no,unknown,26,may,3,-1,0,unknown,0,young
retired,married,primary,no,1930,no,no,unknown,11,jun,1,-1,0,unknown,0,older
management,married,tertiary,no,3172,yes,no,cellular,5,feb,1,-1,0,unknown,0,older
blue-collar,married,secondary,no,3990,yes,no,cellular,18,nov,2,117,7,failure,0,young
management,single,tertiary,no,593,yes,no,cellular,13,may,3,-1,0,unknown,0,young
blue-collar,married,primary,no,781,yes,no,unknown,9,may,2,-1,0,unknown,0,older
technician,single,tertiary,no,2203,yes,no,cellular,6,may,2,-1,0,unknown,0,young
management,single,tertiary,no,999,yes,no,cellular,20,nov,1,-1,0,unknown,0,young
technician,married,secondary,no,565,no,no,cellular,20,aug,2,-1,0,unknown,0,young
management,divorced,tertiary,no,1267,yes,no,unknown,30,may,2,-1,0,unknown,0,older
technician,single,secondary,no,706,yes,no,cellular,18,may,1,-1,0,unknown,1,young
self-employed,divorced,secondary,no,583,yes,no,cellular,14,may,3,-1,0,unknown,0,older
student,single,secondary,no,671,yes,no,unknown,7,may,2,-1,0,unknown,0,young
management,married,secondary,no,8262,yes,no,cellular,23,jul,16,-1,0,unknown,0,older
technician,single,tertiary,no,1109,no,no,cellular,22,aug,2,-1,0,unknown,0,young
blue-collar,single,primary,no,1537,no,yes,unknown,5,jun,2,-1,0,unknown,0,young
services,married,secondary,no,105,yes,no,cellular,9,jul,1,-1,0,unknown,0,young
admin.,single,secondary,no,222,yes,no,cellular,7,may,1,-1,0,unknown,0,young
services,married,secondary,no,634,yes,no,cellular,20,apr,2,-1,0,unknown,0,older
management,married,secondary,no,218,yes,no,cellular,12,may,2,361,1,failure,0,older
blue-collar,married,secondary,no,249,yes,yes,unknown,5,jun,3,-1,0,unknown,0,older
blue-collar,married,secondary,no,1636,no,no,telephone,20,jul,2,-1,0,unknown,1,older
admin.,single,secondary,no,-13,no,no,unknown,16,jun,3,-1,0,unknown,0,older
management,married,secondary,no,394,yes,no,cellular,16,jul,5,-1,0,unknown,0,young
entrepreneur,married,tertiary,no,83,yes,no,cellular,19,nov,1,-1,0,unknown,0,young
admin.,divorced,secondary,no,-251,no,no,cellular,18,jul,1,-1,0,unknown,1,young
services,single,secondary,no,-341,no,no,cellular,15,may,1,345,3,failure,0,young
management,married,tertiary,no,1093,yes,yes,cellular,13,oct,2,-1,0,unknown,1,older
blue-collar,married,primary,no,42,yes,no,unknown,21,may,3,-1,0,unknown,0,older
technician,divorced,secondary,no,1480,yes,no,cellular,5,may,1,-1,0,unknown,0,young
blue-collar,married,primary,no,-7,yes,no,unknown,6,may,2,-1,0,unknown,0,young
blue-collar,married,primary,no,467,yes,no,unknown,16,may,1,-1,0,unknown,0,young
entrepreneur,divorced,secondary,no,155,no,no,unknown,5,may,3,-1,0,unknown,0,older
housemaid,married,primary,no,884,no,no,unknown,9,jun,1,-1,0,unknown,0,older
management,divorced,tertiary,no,254,no,no,cellular,18,aug,8,-1,0,unknown,1,young
management,single,tertiary,no,1675,no,no,cellular,4,sep,1,-1,0,unknown,0,young
technician,married,secondary,no,1333,yes,no,telephone,11,may,5,346,6,other,0,young
admin.,single,tertiary,no,493,yes,no,cellular,18,may,1,-1,0,unknown,0,young
management,married,secondary,no,5193,no,no,cellular,23,apr,2,-1,0,unknown,0,older
management,single,tertiary,no,474,yes,no,cellular,7,aug,3,-1,0,unknown,0,young
admin.,married,secondary,no,2254,no,no,telephone,2,feb,2,-1,0,unknown,0,young
blue-collar,divorced,primary,no,28,yes,no,unknown,5,may,3,-1,0,unknown,0,older
blue-collar,married,primary,no,2291,yes,yes,cellular,29,jan,3,182,24,other,0,young
management,single,tertiary,no,1724,no,no,cellular,3,feb,6,-1,0,unknown,0,young
entrepreneur,married,primary,no,27,yes,no,telephone,10,sep,3,-1,0,unknown,1,older
services,married,secondary,no,4392,no,no,cellular,31,jul,2,-1,0,unknown,0,young
services,married,secondary,no,2993,no,no,cellular,11,mar,6,-1,0,unknown,0,older
housemaid,married,secondary,no,271,no,no,cellular,31,jul,4,-1,0,unknown,0,older
blue-collar,married,primary,no,96,yes,yes,cellular,17,apr,3,-1,0,unknown,0,older
admin.,married,secondary,no,326,yes,no,cellular,17,apr,2,-1,0,unknown,0,young
admin.,married,secondary,no,3655,no,no,cellular,20,nov,1,-1,0,unknown,0,young
management,single,tertiary,no,43074,yes,no,cellular,25,aug,6,-1,0,unknown,0,older
services,married,secondary,no,284,no,no,cellular,26,aug,5,-1,0,unknown,0,older
services,single,secondary,no,0,yes,no,cellular,17,apr,2,-1,0,unknown,0,young
services,single,tertiary,no,130,yes,no,cellular,14,may,7,302,1,failure,0,young
blue-collar,married,secondary,no,485,yes,no,cellular,16,apr,1,-1,0,unknown,0,young
blue-collar,married,secondary,no,-45,yes,no,unknown,2,jun,1,-1,0,unknown,0,young
technician,single,secondary,no,34,no,no,cellular,22,aug,2,-1,0,unknown,0,young
admin.,married,secondary,no,145,yes,no,telephone,12,may,2,287,13,success,1,older
student,single,tertiary,no,3026,no,no,cellular,23,jul,1,535,1,failure,1,young
retired,married,primary,no,-407,yes,no,cellular,18,jul,3,-1,0,unknown,0,young
technician,married,secondary,no,657,yes,no,cellular,30,jul,2,-1,0,unknown,0,young
management,married,secondary,no,-105,yes,no,cellular,28,aug,2,-1,0,unknown,0,older
services,single,secondary,no,133,no,no,cellular,14,jan,2,274,1,success,1,young
blue-collar,single,secondary,no,-552,no,yes,cellular,21,nov,2,-1,0,unknown,0,older
entrepreneur,married,secondary,no,687,yes,no,cellular,17,apr,1,-1,0,unknown,1,older
retired,married,secondary,no,2473,no,no,cellular,8,jul,3,-1,0,unknown,1,older
admin.,married,secondary,no,953,yes,no,cellular,28,may,1,100,1,failure,0,young
technician,divorced,secondary,no,-397,yes,yes,cellular,21,jul,9,-1,0,unknown,0,young
technician,divorced,secondary,no,12,no,no,cellular,28,aug,3,-1,0,unknown,0,older
blue-collar,married,secondary,no,494,no,no,unknown,20,jun,2,-1,0,unknown,0,older
entrepreneur,married,tertiary,no,0,yes,no,cellular,14,jul,2,-1,0,unknown,0,young
technician,married,tertiary,no,2551,no,no,cellular,28,dec,3,-1,0,unknown,1,young
blue-collar,divorced,secondary,no,110,yes,yes,unknown,6,may,1,-1,0,unknown,0,older
admin.,married,secondary,no,269,yes,yes,cellular,2,jun,1,-1,0,unknown,0,young
technician,married,secondary,no,597,yes,yes,cellular,7,aug,2,-1,0,unknown,0,older
services,married,tertiary,no,0,no,no,cellular,17,apr,2,-1,0,unknown,0,young
self-employed,married,primary,no,0,no,no,cellular,20,nov,3,-1,0,unknown,0,older
retired,married,unknown,no,963,no,no,cellular,22,aug,10,-1,0,unknown,0,older
management,single,tertiary,no,5074,yes,no,cellular,25,jul,2,-1,0,unknown,0,young
technician,divorced,secondary,no,51,yes,no,unknown,13,may,1,-1,0,unknown,0,older
admin.,single,secondary,no,217,yes,no,unknown,5,may,1,-1,0,unknown,0,young
technician,single,tertiary,no,5803,no,no,cellular,2,feb,3,-1,0,unknown,0,young
technician,single,secondary,no,-437,no,no,cellular,4,feb,1,216,2,other,0,young
technician,married,secondary,yes,-367,yes,no,cellular,18,jul,2,-1,0,unknown,1,young
management,married,secondary,yes,5249,yes,no,cellular,17,nov,1,-1,0,unknown,0,older
admin.,single,secondary,no,782,yes,no,cellular,5,may,4,47,11,other,0,young
retired,single,secondary,no,366,no,yes,cellular,15,may,2,364,2,failure,0,young
blue-collar,single,primary,no,246,no,no,cellular,14,may,2,345,5,failure,0,young
housemaid,divorced,primary,no,1465,no,no,unknown,20,jun,1,-1,0,unknown,0,young
technician,married,tertiary,no,352,yes,no,cellular,16,apr,3,324,1,other,0,young
admin.,married,secondary,no,545,no,no,unknown,12,jun,1,-1,0,unknown,0,young
blue-collar,married,primary,yes,-98,yes,no,cellular,20,nov,2,-1,0,unknown,0,older
technician,single,tertiary,no,6529,no,no,cellular,14,aug,2,-1,0,unknown,1,young
services,single,secondary,yes,-1,no,no,cellular,22,jul,2,-1,0,unknown,0,young
blue-collar,single,primary,no,2198,no,no,cellular,9,feb,2,-1,0,unknown,0,young
admin.,married,tertiary,no,1536,no,no,cellular,5,feb,1,182,3,success,0,older
services,single,primary,no,148,yes,no,unknown,7,may,2,-1,0,unknown,0,older
technician,married,secondary,no,614,yes,no,cellular,18,may,4,-1,0,unknown,0,older
housemaid,married,primary,no,618,yes,yes,cellular,4,feb,1,-1,0,unknown,0,older
management,married,tertiary,no,1602,no,no,cellular,21,nov,10,115,3,failure,0,older
blue-collar,married,primary,no,201,yes,no,cellular,31,aug,1,157,12,failure,1,young
blue-collar,single,secondary,no,171,yes,no,cellular,18,may,2,-1,0,unknown,0,young
blue-collar,married,secondary,no,144,yes,yes,cellular,31,jul,22,-1,0,unknown,0,young
housemaid,single,primary,no,103,no,no,unknown,17,jun,1,-1,0,unknown,0,older
management,married,tertiary,no,212,yes,no,cellular,29,aug,3,-1,0,unknown,0,older
admin.,married,secondary,no,541,yes,yes,cellular,14,jul,3,-1,0,unknown,0,older
management,married,tertiary,no,424,yes,yes,cellular,20,nov,5,-1,0,unknown,0,older
technician,married,tertiary,no,544,yes,yes,cellular,18,nov,2,-1,0,unknown,0,young
management,married,tertiary,no,1468,yes,no,cellular,31,mar,3,-1,0,unknown,1,older
technician,married,secondary,no,196,yes,yes,cellular,17,feb,1,-1,0,unknown,1,older
housemaid,married,tertiary,no,677,no,no,cellular,9,feb,2,-1,0,unknown,0,young
management,married,tertiary,yes,-24,no,no,cellular,18,nov,3,-1,0,unknown,0,older
technician,single,tertiary,no,362,yes,no,cellular,21,nov,2,-1,0,unknown,0,young
services,married,secondary,no,-110,yes,no,cellular,20,apr,2,321,2,other,0,older
blue-collar,married,primary,no,-11,no,no,telephone,16,jul,4,-1,0,unknown,0,older
admin.,single,secondary,no,61,no,no,cellular,24,jul,4,-1,0,unknown,0,young
admin.,single,secondary,no,285,yes,no,cellular,30,jul,11,-1,0,unknown,0,young
management,married,tertiary,no,640,yes,no,cellular,17,apr,2,-1,0,unknown,0,young
technician,married,secondary,no,-97,yes,no,unknown,7,may,3,-1,0,unknown,0,older
technician,single,secondary,no,-181,yes,no,unknown,7,may,2,-1,0,unknown,0,older
blue-collar,married,secondary,no,535,yes,no,cellular,8,may,1,343,3,failure,0,young
services,single,secondary,no,197,yes,no,unknown,19,may,1,-1,0,unknown,0,older
blue-collar,married,primary,no,111,no,no,cellular,18,nov,2,-1,0,unknown,0,young
management,married,tertiary,no,935,yes,no,cellular,8,may,2,172,1,failure,0,older
admin.,divorced,secondary,no,1089,yes,no,telephone,13,may,5,175,4,other,0,young
blue-collar,married,secondary,no,2173,yes,no,unknown,21,may,5,-1,0,unknown,0,older
services,single,secondary,no,-260,yes,no,unknown,12,may,2,-1,0,unknown,0,young
technician,married,secondary,no,41,no,no,cellular,29,aug,5,-1,0,unknown,0,young
management,divorced,tertiary,no,30,no,yes,cellular,3,feb,4,-1,0,unknown,0,young
blue-collar,married,secondary,no,232,no,no,telephone,8,jul,3,-1,0,unknown,0,older
blue-collar,married,primary,no,103,no,no,cellular,28,jan,3,-1,0,unknown,0,older
blue-collar,married,secondary,no,25,no,no,unknown,9,jun,3,-1,0,unknown,1,older
blue-collar,married,primary,no,202,no,yes,cellular,22,jul,1,-1,0,unknown,0,young
retired,married,primary,no,243,no,no,cellular,26,jul,1,180,2,success,1,older
admin.,single,secondary,no,1087,no,no,cellular,5,feb,1,-1,0,unknown,0,young
admin.,married,tertiary,no,238,no,no,cellular,11,aug,1,78,3,success,0,young
technician,single,secondary,no,666,no,no,cellular,21,aug,2,-1,0,unknown,1,young
admin.,married,secondary,no,113,yes,no,cellular,17,nov,1,-1,0,unknown,0,older
management,single,tertiary,no,26,yes,yes,unknown,26,may,4,-1,0,unknown,0,young
services,single,secondary,no,6857,no,no,cellular,2,feb,1,-1,0,unknown,0,young
technician,single,tertiary,no,932,yes,no,cellular,16,apr,1,318,1,failure,1,young
services,married,primary,no,2226,yes,yes,unknown,13,may,1,-1,0,unknown,0,older
technician,single,secondary,no,3972,no,no,cellular,19,nov,2,-1,0,unknown,0,older
services,single,secondary,no,248,yes,no,cellular,10,feb,1,279,2,failure,0,young
management,married,secondary,no,1150,no,no,cellular,3,apr,1,-1,0,unknown,0,older
management,married,tertiary,no,-1884,yes,no,cellular,6,may,2,289,1,failure,0,young
technician,single,secondary,no,0,no,no,cellular,22,aug,5,-1,0,unknown,0,young
management,married,secondary,no,363,yes,yes,cellular,26,may,1,104,2,failure,0,young
blue-collar,divorced,secondary,no,75,yes,no,cellular,8,may,1,361,2,failure,0,older
blue-collar,single,secondary,no,-337,no,yes,cellular,23,jul,1,-1,0,unknown,0,young
technician,married,secondary,no,1167,yes,no,cellular,30,apr,1,87,5,failure,1,older
technician,married,secondary,no,6704,yes,no,cellular,20,nov,2,-1,0,unknown,0,older
technician,married,secondary,no,254,no,no,cellular,27,oct,1,-1,0,unknown,1,older
retired,divorced,primary,no,4531,no,no,cellular,18,may,1,-1,0,unknown,0,older
services,single,secondary,no,4778,yes,no,cellular,14,may,1,-1,0,unknown,0,older
technician,single,secondary,no,486,yes,no,cellular,16,apr,1,328,2,failure,0,young
management,single,tertiary,no,2613,no,no,cellular,4,may,2,-1,0,unknown,0,young
management,single,tertiary,no,0,no,no,unknown,18,jun,7,-1,0,unknown,0,young
management,divorced,tertiary,no,530,yes,no,cellular,24,sep,1,114,2,failure,0,young
technician,married,secondary,no,316,no,no,cellular,4,may,2,263,4,failure,1,older
unemployed,married,primary,no,113,yes,no,unknown,16,may,2,-1,0,unknown,0,young
management,married,tertiary,no,655,no,no,cellular,3,feb,3,-1,0,unknown,0,young
management,married,tertiary,no,3371,no,no,cellular,25,mar,1,178,2,success,1,older
blue-collar,married,secondary,no,157,yes,no,cellular,11,jul,2,-1,0,unknown,0,young
technician,married,secondary,no,421,yes,yes,cellular,17,nov,1,-1,0,unknown,0,young
services,married,secondary,no,17,yes,no,cellular,4,may,4,-1,0,unknown,0,young
services,single,secondary,no,-55,yes,no,cellular,15,apr,1,-1,0,unknown,0,young
services,married,secondary,no,2072,no,no,cellular,10,jul,1,-1,0,unknown,0,older
admin.,single,secondary,no,1560,yes,no,cellular,18,may,2,178,3,failure,0,young
blue-collar,married,secondary,no,1340,yes,no,unknown,13,may,1,-1,0,unknown,0,older
admin.,married,tertiary,no,174,yes,yes,cellular,11,aug,2,-1,0,unknown,0,young
technician,married,tertiary,no,0,no,yes,cellular,12,apr,1,258,6,failure,0,older
blue-collar,single,secondary,no,144,yes,no,unknown,21,may,3,-1,0,unknown,0,young
management,divorced,tertiary,no,810,no,no,cellular,15,sep,1,103,3,success,1,older
admin.,single,unknown,no,196,no,no,unknown,11,jun,1,-1,0,unknown,0,older
blue-collar,married,secondary,no,334,yes,no,telephone,24,jul,4,-1,0,unknown,0,young
admin.,single,secondary,no,2332,no,no,cellular,29,jul,2,-1,0,unknown,0,older
management,married,tertiary,no,3163,no,no,cellular,25,aug,6,-1,0,unknown,0,older
technician,married,secondary,no,133,yes,no,unknown,28,may,1,-1,0,unknown,0,young
blue-collar,married,secondary,no,103,no,no,unknown,18,jun,1,-1,0,unknown,0,older
management,married,tertiary,no,160,no,no,cellular,10,nov,2,194,1,success,1,older
services,married,secondary,no,3,yes,no,cellular,12,jun,4,318,6,failure,0,young
management,single,tertiary,no,393,no,no,cellular,27,sep,1,-1,0,unknown,1,young
housemaid,married,primary,no,1342,yes,yes,unknown,9,may,2,-1,0,unknown,0,older
retired,married,primary,no,4908,no,no,cellular,30,jan,1,-1,0,unknown,0,older
blue-collar,married,primary,no,780,yes,no,unknown,20,may,1,-1,0,unknown,0,young
admin.,married,primary,no,1119,no,no,cellular,30,apr,2,-1,0,unknown,0,older
blue-collar,married,primary,no,336,no,yes,telephone,17,jul,7,-1,0,unknown,0,older
management,married,secondary,no,18,yes,no,cellular,22,may,1,-1,0,unknown,0,young
technician,single,tertiary,no,849,yes,no,cellular,28,jul,5,-1,0,unknown,0,young
services,married,secondary,no,76,no,no,cellular,5,aug,1,-1,0,unknown,0,older
student,single,secondary,no,67,no,no,cellular,20,aug,3,199,2,other,1,young
management,divorced,tertiary,no,169,no,no,cellular,18,jul,1,-1,0,unknown,0,older
blue-collar,married,unknown,no,-619,yes,no,unknown,28,may,1,-1,0,unknown,0,older
technician,married,secondary,no,7487,no,no,cellular,7,aug,2,-1,0,unknown,0,young
housemaid,married,primary,no,-187,yes,no,telephone,21,jul,7,-1,0,unknown,0,older
blue-collar,married,secondary,no,419,yes,no,unknown,30,may,2,-1,0,unknown,0,young
management,single,tertiary,no,2360,no,no,cellular,4,may,4,90,7,success,0,young
management,single,tertiary,no,335,no,no,unknown,10,oct,1,772,4,failure,0,young
housemaid,married,primary,no,1146,yes,no,telephone,10,jul,1,-1,0,unknown,0,young
management,divorced,tertiary,no,2885,no,no,cellular,10,feb,2,156,4,other,1,young
unemployed,married,primary,no,183,yes,no,cellular,29,jul,1,-1,0,unknown,0,older
blue-collar,divorced,primary,no,-129,yes,no,cellular,18,may,1,-1,0,unknown,0,older
admin.,married,tertiary,no,1077,no,no,telephone,29,aug,2,-1,0,unknown,0,older
management,married,tertiary,no,14,no,no,cellular,24,jul,2,-1,0,unknown,0,young
technician,single,secondary,no,5,no,no,cellular,19,aug,6,-1,0,unknown,0,young
blue-collar,single,secondary,no,-578,no,no,unknown,9,may,1,-1,0,unknown,0,young
technician,divorced,primary,no,-85,no,yes,telephone,8,jul,2,-1,0,unknown,0,older
admin.,single,secondary,no,131,yes,yes,unknown,9,may,1,-1,0,unknown,0,young
retired,divorced,secondary,no,5845,no,no,cellular,14,may,2,-1,0,unknown,1,older
blue-collar,single,secondary,no,362,yes,no,unknown,19,may,1,-1,0,unknown,0,young
technician,married,tertiary,no,0,no,no,cellular,25,aug,4,-1,0,unknown,0,older
blue-collar,married,secondary,no,14,no,no,cellular,8,may,1,-1,0,unknown,0,young
services,single,secondary,no,374,no,no,telephone,28,jan,4,-1,0,unknown,0,young
admin.,single,secondary,no,1066,yes,no,unknown,28,may,4,-1,0,unknown,0,young
blue-collar,married,primary,no,289,yes,no,cellular,6,may,3,-1,0,unknown,0,older
blue-collar,married,secondary,no,0,no,no,unknown,5,jun,1,-1,0,unknown,0,young
blue-collar,single,secondary,no,614,yes,no,unknown,13,may,3,-1,0,unknown,0,young
admin.,divorced,secondary,no,592,yes,no,unknown,13,may,1,-1,0,unknown,0,older
management,married,tertiary,no,673,no,no,cellular,5,feb,1,-1,0,unknown,0,older
blue-collar,married,secondary,no,2776,yes,no,unknown,27,may,1,-1,0,unknown,0,young
blue-collar,married,primary,no,17,no,no,cellular,8,jul,3,-1,0,unknown,0,older
admin.,married,secondary,no,15,no,no,unknown,5,jun,2,-1,0,unknown,0,young
self-employed,single,tertiary,no,3759,no,no,unknown,26,jun,2,-1,0,unknown,0,young
blue-collar,divorced,secondary,no,272,yes,no,cellular,14,jul,2,-1,0,unknown,0,older
entrepreneur,married,secondary,no,1393,no,no,unknown,20,jun,6,-1,0,unknown,0,older
management,married,tertiary,no,-120,yes,no,cellular,11,may,1,367,2,failure,0,young
housemaid,married,primary,no,13292,no,no,unknown,16,jun,2,-1,0,unknown,0,older
retired,married,primary,no,0,no,yes,unknown,27,jun,1,-1,0,unknown,0,older
housemaid,married,secondary,no,3570,no,no,cellular,5,jun,2,-1,0,unknown,0,older
management,married,tertiary,no,1172,no,no,cellular,19,nov,3,-1,0,unknown,0,older
technician,married,secondary,no,905,no,no,cellular,12,aug,1,68,1,success,0,older
self-employed,single,secondary,no,136,yes,no,cellular,18,may,2,336,13,other,0,young
student,single,secondary,no,493,yes,no,cellular,13,may,4,358,1,other,0,young
services,married,secondary,no,1417,yes,no,cellular,14,may,3,-1,0,unknown,0,young
management,married,secondary,no,771,no,no,telephone,13,may,2,370,3,failure,0,older
technician,married,secondary,no,144,no,no,cellular,21,aug,4,-1,0,unknown,0,older
admin.,divorced,secondary,no,3636,no,yes,cellular,21,nov,2,-1,0,unknown,1,young
services,single,secondary,no,92,yes,no,unknown,3,jun,4,-1,0,unknown,0,young
admin.,single,secondary,no,-58,no,no,unknown,17,jun,1,-1,0,unknown,0,older
technician,married,tertiary,no,417,yes,no,unknown,16,jun,2,-1,0,unknown,0,older
unemployed,married,secondary,no,2057,yes,no,unknown,20,jun,1,-1,0,unknown,0,older
blue-collar,single,primary,no,577,yes,no,cellular,15,may,4,-1,0,unknown,0,young
entrepreneur,divorced,tertiary,no,0,no,yes,cellular,5,feb,6,-1,0,unknown,0,young
technician,single,tertiary,no,3729,yes,no,cellular,5,feb,2,8,10,other,0,young
blue-collar,married,primary,no,0,yes,no,cellular,6,may,2,-1,0,unknown,0,young
unemployed,married,secondary,no,1077,yes,yes,telephone,9,dec,3,387,2,failure,1,older
services,married,secondary,no,6346,yes,no,cellular,11,may,1,-1,0,unknown,0,older
admin.,single,tertiary,no,-197,no,no,unknown,6,aug,1,-1,0,unknown,0,young
technician,married,tertiary,no,2690,yes,no,cellular,21,jul,5,-1,0,unknown,0,young
management,single,unknown,no,2887,yes,no,unknown,7,may,2,-1,0,unknown,0,young
management,married,tertiary,no,469,no,no,cellular,16,oct,1,183,1,success,1,older
management,married,tertiary,no,21,yes,no,cellular,5,feb,2,252,2,failure,0,young
management,married,tertiary,no,361,no,no,cellular,14,aug,2,-1,0,unknown,0,older
blue-collar,married,secondary,no,0,yes,no,unknown,23,may,3,-1,0,unknown,0,older
admin.,married,secondary,no,1575,yes,no,cellular,22,aug,11,-1,0,unknown,1,older
blue-collar,married,primary,no,336,yes,no,cellular,5,feb,2,8,1,other,0,older
housemaid,single,tertiary,no,3185,yes,no,cellular,30,dec,3,-1,0,unknown,0,young
management,single,tertiary,no,27,no,no,cellular,27,aug,6,-1,0,unknown,0,young
self-employed,married,tertiary,no,4162,no,no,cellular,10,nov,1,-1,0,unknown,0,older
management,divorced,primary,no,210,no,no,cellular,18,nov,1,-1,0,unknown,0,older
admin.,married,secondary,no,369,yes,no,cellular,15,may,5,-1,0,unknown,0,older
technician,married,secondary,no,4741,yes,no,cellular,13,may,1,338,10,failure,0,young
blue-collar,married,secondary,no,80,yes,yes,cellular,22,jul,1,-1,0,unknown,0,young
blue-collar,married,secondary,no,4336,yes,no,cellular,31,jul,6,-1,0,unknown,0,young
management,married,tertiary,no,0,yes,no,cellular,1,jun,2,-1,0,unknown,0,older
retired,married,secondary,no,404,no,no,cellular,21,aug,2,-1,0,unknown,0,older
admin.,married,tertiary,no,2693,yes,no,cellular,8,apr,1,-1,0,unknown,0,young
management,married,secondary,no,-105,yes,no,cellular,28,aug,2,-1,0,unknown,0,older
services,single,secondary,no,11,yes,no,unknown,27,jun,4,-1,0,unknown,0,young
housemaid,married,tertiary,no,166,yes,no,cellular,12,may,1,-1,0,unknown,0,young
unemployed,married,secondary,no,3867,yes,no,telephone,11,may,1,364,2,failure,0,older
retired,divorced,secondary,no,514,no,no,cellular,15,oct,2,213,10,success,1,older
blue-collar,married,primary,no,537,no,no,unknown,26,may,5,-1,0,unknown,0,older
blue-collar,married,primary,no,5,yes,yes,unknown,6,may,2,-1,0,unknown,0,older
management,married,tertiary,no,4173,no,yes,cellular,21,nov,2,-1,0,unknown,0,older
blue-collar,married,secondary,no,521,yes,no,cellular,29,jan,1,226,3,failure,0,older
management,married,tertiary,no,1451,yes,no,unknown,20,jun,12,-1,0,unknown,0,older
blue-collar,single,secondary,no,1170,no,no,unknown,6,jun,1,-1,0,unknown,0,young
management,single,tertiary,no,3902,no,no,cellular,23,sep,1,-1,0,unknown,1,young
management,married,tertiary,no,210,yes,no,cellular,21,jul,1,-1,0,unknown,0,older
retired,married,tertiary,no,2,no,no,cellular,7,aug,2,-1,0,unknown,1,older
technician,single,tertiary,no,411,no,no,cellular,26,may,1,35,1,failure,0,young
management,married,secondary,no,3369,no,no,cellular,7,jul,2,-1,0,unknown,0,older
admin.,single,secondary,no,845,yes,no,cellular,18,may,1,370,1,failure,0,young
management,married,primary,no,472,yes,no,unknown,30,may,2,-1,0,unknown,0,young
blue-collar,married,secondary,no,2932,yes,no,unknown,9,jun,17,-1,0,unknown,0,young
management,divorced,tertiary,no,0,no,no,unknown,17,jun,2,-1,0,unknown,0,older
blue-collar,married,secondary,no,387,yes,no,unknown,7,may,2,-1,0,unknown,0,older
services,single,secondary,no,317,yes,no,unknown,16,may,3,-1,0,unknown,0,young
retired,married,secondary,no,610,yes,no,unknown,6,jun,1,-1,0,unknown,0,older
student,single,tertiary,no,3733,yes,no,cellular,22,may,1,98,6,success,1,young
blue-collar,married,secondary,no,3169,no,no,cellular,21,nov,1,-1,0,unknown,0,older
services,married,secondary,no,859,yes,no,unknown,9,aug,1,-1,0,unknown,0,young
management,married,tertiary,no,441,yes,yes,cellular,22,aug,7,-1,0,unknown,0,young
technician,single,secondary,no,-591,yes,no,unknown,23,may,1,-1,0,unknown,0,young
entrepreneur,married,tertiary,no,269,yes,no,unknown,19,jun,1,-1,0,unknown,0,older
unemployed,single,secondary,no,154,no,no,telephone,9,feb,5,-1,0,unknown,0,young
blue-collar,married,secondary,no,3060,yes,no,unknown,15,may,2,-1,0,unknown,0,older
technician,married,secondary,no,272,yes,no,cellular,18,jul,2,-1,0,unknown,0,young
technician,married,secondary,no,983,yes,no,cellular,7,aug,2,-1,0,unknown,0,older
blue-collar,single,secondary,no,0,yes,no,cellular,16,apr,1,-1,0,unknown,0,young
blue-collar,single,secondary,no,517,no,yes,cellular,8,jul,1,-1,0,unknown,1,young
housemaid,divorced,primary,no,492,no,no,telephone,21,nov,2,-1,0,unknown,0,older
management,single,tertiary,no,492,yes,no,cellular,7,may,1,-1,0,unknown,0,young
admin.,married,secondary,no,1042,yes,no,cellular,18,may,1,-1,0,unknown,0,older
management,single,secondary,no,0,no,no,cellular,11,aug,5,-1,0,unknown,0,young
blue-collar,single,primary,no,19,yes,no,unknown,7,may,1,-1,0,unknown,0,older
management,married,tertiary,no,1093,yes,yes,cellular,13,oct,2,-1,0,unknown,1,older
blue-collar,married,secondary,no,457,yes,no,cellular,20,apr,3,341,1,other,0,young
blue-collar,married,secondary,no,597,yes,no,unknown,8,may,2,-1,0,unknown,0,young
blue-collar,married,secondary,no,467,yes,no,cellular,13,may,2,357,2,failure,0,young
admin.,married,secondary,yes,1,no,no,telephone,2,feb,2,207,1,other,0,older
blue-collar,married,secondary,no,171,yes,yes,cellular,8,may,1,353,1,failure,0,young
management,married,tertiary,no,1388,yes,no,cellular,31,may,1,202,3,failure,0,young
technician,married,tertiary,no,1097,yes,no,cellular,7,aug,4,-1,0,unknown,0,older
services,single,secondary,no,23,yes,no,unknown,8,may,5,-1,0,unknown,0,young
housemaid,married,secondary,yes,65,yes,yes,cellular,13,may,1,300,1,failure,0,young
management,single,tertiary,no,23,yes,no,cellular,7,may,1,-1,0,unknown,0,young
management,married,secondary,no,6943,yes,no,unknown,14,may,1,-1,0,unknown,0,young
management,married,tertiary,no,413,no,no,cellular,13,oct,2,183,3,success,1,young
admin.,married,secondary,no,-1,no,no,cellular,8,jul,2,-1,0,unknown,0,young
blue-collar,married,secondary,no,37,yes,no,cellular,11,may,3,353,1,other,0,young
management,married,tertiary,no,1058,no,no,cellular,11,mar,3,-1,0,unknown,1,older
unemployed,married,tertiary,no,1364,no,no,cellular,11,aug,4,-1,0,unknown,0,young
services,single,secondary,no,0,yes,no,cellular,20,apr,1,-1,0,unknown,0,young
retired,divorced,tertiary,no,0,no,no,cellular,18,may,1,370,1,success,1,older
retired,divorced,secondary,no,859,no,no,cellular,13,feb,1,-1,0,unknown,0,older
admin.,married,secondary,no,2711,no,no,cellular,8,aug,1,-1,0,unknown,0,young
services,married,secondary,no,0,yes,no,cellular,5,may,1,355,6,failure,0,young
technician,single,secondary,no,356,yes,no,unknown,27,may,2,-1,0,unknown,0,young
management,married,tertiary,no,1319,yes,no,cellular,16,apr,1,150,1,failure,0,older
management,single,unknown,no,355,yes,no,cellular,20,apr,3,-1,0,unknown,0,young
admin.,single,secondary,no,2790,yes,no,unknown,5,jun,1,-1,0,unknown,0,older
unemployed,single,tertiary,no,5874,no,no,cellular,3,feb,1,-1,0,unknown,0,young
entrepreneur,married,tertiary,no,3192,no,no,cellular,20,nov,1,-1,0,unknown,0,young
student,single,secondary,no,0,no,yes,telephone,29,jan,1,-1,0,unknown,0,young
blue-collar,single,primary,no,1628,yes,no,cellular,5,feb,1,195,8,success,0,older
blue-collar,single,secondary,no,3792,no,no,cellular,22,apr,2,-1,0,unknown,1,young
housemaid,divorced,secondary,no,0,no,no,cellular,2,jul,2,-1,0,unknown,1,older
services,divorced,secondary,no,765,yes,no,cellular,14,may,3,174,7,other,1,older
unemployed,married,tertiary,no,1151,yes,no,unknown,5,jun,2,-1,0,unknown,0,older
services,single,secondary,no,0,no,no,cellular,23,sep,1,-1,0,unknown,1,older
retired,married,secondary,no,3579,no,no,telephone,11,nov,2,-1,0,unknown,0,older
blue-collar,married,secondary,no,825,yes,no,cellular,16,apr,3,273,1,failure,0,older
admin.,single,secondary,no,886,yes,yes,cellular,14,may,6,-1,0,unknown,0,young
retired,married,secondary,no,20,no,yes,cellular,19,aug,3,-1,0,unknown,0,older
technician,married,secondary,no,133,yes,no,unknown,28,may,1,-1,0,unknown,0,young
blue-collar,married,secondary,no,984,yes,no,unknown,26,may,3,-1,0,unknown,0,young
technician,married,tertiary,no,247,no,no,unknown,23,may,1,-1,0,unknown,0,older
technician,married,secondary,yes,-432,yes,yes,cellular,20,aug,3,-1,0,unknown,0,young
student,single,primary,no,3472,no,no,cellular,20,apr,3,-1,0,unknown,0,young
technician,single,secondary,no,4787,yes,no,cellular,18,nov,1,167,2,failure,0,young
retired,divorced,secondary,no,93,no,no,unknown,26,may,2,-1,0,unknown,0,older
management,married,tertiary,no,328,no,no,cellular,8,aug,2,-1,0,unknown,0,young
management,married,secondary,no,1574,no,no,unknown,5,jun,1,-1,0,unknown,0,young
technician,single,secondary,no,471,yes,yes,cellular,24,jul,2,-1,0,unknown,0,young
management,married,secondary,no,1601,no,no,cellular,29,jul,5,-1,0,unknown,0,older
blue-collar,divorced,secondary,no,0,yes,no,cellular,12,may,7,-1,0,unknown,0,young
services,divorced,tertiary,no,1983,yes,no,telephone,19,nov,1,-1,0,unknown,0,older
management,married,tertiary,no,1065,yes,yes,cellular,21,nov,2,175,1,failure,0,older
blue-collar,married,secondary,no,544,no,no,unknown,17,jun,1,-1,0,unknown,0,older
technician,married,secondary,no,862,no,no,cellular,30,jul,2,-1,0,unknown,0,older
admin.,single,secondary,no,1028,yes,no,unknown,14,may,1,-1,0,unknown,0,young
blue-collar,single,primary,no,118,no,no,unknown,23,feb,1,-1,0,unknown,0,young
blue-collar,married,primary,yes,153,no,yes,cellular,18,jul,9,-1,0,unknown,0,older
admin.,married,secondary,no,538,no,no,unknown,16,jun,2,-1,0,unknown,0,young
management,divorced,unknown,no,488,yes,no,cellular,8,may,6,-1,0,unknown,0,young
blue-collar,married,secondary,no,162,yes,no,cellular,15,jul,3,-1,0,unknown,0,young
unknown,married,primary,no,0,no,no,unknown,6,jun,2,-1,0,unknown,0,young
management,married,secondary,no,3286,yes,no,cellular,23,jul,2,-1,0,unknown,0,older
management,single,tertiary,yes,4,no,no,cellular,29,jan,1,-1,0,unknown,0,young
technician,married,secondary,no,5618,yes,no,unknown,15,may,1,-1,0,unknown,0,older
self-employed,married,tertiary,no,16,yes,yes,cellular,18,nov,1,-1,0,unknown,0,older
student,single,secondary,no,1883,yes,no,unknown,23,may,1,-1,0,unknown,0,young
self-employed,married,secondary,no,35,no,yes,unknown,26,jun,3,-1,0,unknown,0,older
technician,married,secondary,no,56,no,no,cellular,19,aug,2,-1,0,unknown,0,young
management,married,tertiary,no,385,no,no,cellular,11,aug,2,-1,0,unknown,0,older
unemployed,divorced,tertiary,no,0,no,no,cellular,5,feb,3,-1,0,unknown,1,older
blue-collar,married,primary,no,871,yes,yes,telephone,18,nov,1,-1,0,unknown,0,young
blue-collar,married,primary,no,455,yes,no,cellular,13,may,7,327,3,failure,0,young
admin.,married,secondary,no,52,yes,yes,telephone,23,jul,15,-1,0,unknown,0,older
admin.,married,secondary,no,457,yes,no,unknown,3,jun,5,-1,0,unknown,0,young
blue-collar,married,primary,no,554,no,no,unknown,16,jun,8,-1,0,unknown,0,older
management,married,tertiary,no,1348,no,no,cellular,20,nov,1,-1,0,unknown,0,older
management,divorced,tertiary,no,24598,yes,no,cellular,14,may,4,374,3,failure,0,older
admin.,single,secondary,no,883,yes,no,cellular,12,may,1,327,9,other,0,young
admin.,divorced,secondary,no,146,yes,no,unknown,14,may,2,-1,0,unknown,0,older
management,married,tertiary,no,3228,no,no,cellular,19,aug,2,-1,0,unknown,0,older
technician,single,tertiary,no,434,yes,no,unknown,13,jan,1,-1,0,unknown,0,young
blue-collar,married,secondary,no,496,yes,no,cellular,18,nov,3,-1,0,unknown,0,young
services,single,secondary,no,683,yes,no,unknown,9,may,3,-1,0,unknown,0,young
entrepreneur,married,tertiary,no,981,yes,no,unknown,15,may,2,-1,0,unknown,0,older
management,married,tertiary,no,967,no,no,cellular,25,aug,10,-1,0,unknown,0,older
technician,married,tertiary,no,11752,yes,no,cellular,15,may,7,-1,0,unknown,0,young
self-employed,single,secondary,no,652,no,no,unknown,17,jun,1,-1,0,unknown,0,young
management,married,tertiary,no,994,no,no,cellular,8,sep,1,370,4,failure,0,older
self-employed,divorced,secondary,no,1291,yes,no,unknown,3,jun,2,-1,0,unknown,0,older
blue-collar,married,primary,no,805,yes,yes,telephone,4,feb,7,268,2,other,0,older
blue-collar,married,primary,no,2456,yes,no,cellular,21,nov,3,127,1,failure,0,young
admin.,single,secondary,no,303,no,no,unknown,8,may,1,-1,0,unknown,0,young
services,married,secondary,no,593,yes,no,cellular,19,nov,2,-1,0,unknown,0,young
technician,married,secondary,no,197,no,no,unknown,7,may,1,-1,0,unknown,0,older
admin.,divorced,secondary,no,1342,yes,no,cellular,4,feb,1,-1,0,unknown,0,older
admin.,married,secondary,no,752,yes,no,unknown,14,may,1,-1,0,unknown,0,young
management,divorced,secondary,no,0,yes,no,cellular,6,may,3,-1,0,unknown,0,older
admin.,married,secondary,no,257,yes,no,telephone,8,may,4,358,11,failure,0,older
management,divorced,tertiary,no,3932,yes,no,unknown,8,may,2,-1,0,unknown,0,older
management,married,tertiary,no,15,yes,no,cellular,30,jul,2,-1,0,unknown,0,older
housemaid,married,secondary,no,-278,yes,no,cellular,28,jul,2,-1,0,unknown,0,young
retired,married,secondary,no,8121,yes,yes,cellular,18,aug,7,-1,0,unknown,0,older
admin.,married,secondary,no,4178,no,no,unknown,20,jun,2,-1,0,unknown,0,older
unknown,married,secondary,no,556,no,no,cellular,9,jul,4,-1,0,unknown,0,older
housemaid,married,primary,no,7,no,yes,unknown,27,jun,1,-1,0,unknown,0,young
blue-collar,married,primary,no,533,yes,no,cellular,5,feb,4,-1,0,unknown,0,young
blue-collar,married,secondary,no,0,yes,no,unknown,10,aug,1,782,1,other,1,young
technician,married,secondary,no,581,yes,no,cellular,8,aug,2,-1,0,unknown,0,young
management,married,tertiary,no,1344,yes,yes,cellular,14,aug,6,-1,0,unknown,0,older
self-employed,married,tertiary,no,12132,no,no,telephone,21,nov,1,-1,0,unknown,0,young
admin.,single,tertiary,no,7505,yes,yes,unknown,2,jun,1,-1,0,unknown,0,young
retired,single,secondary,no,74,yes,no,telephone,28,jul,8,-1,0,unknown,0,older
technician,married,secondary,no,0,yes,yes,unknown,23,may,2,-1,0,unknown,0,young
management,married,tertiary,no,7,yes,no,telephone,24,jul,1,-1,0,unknown,0,young
technician,married,unknown,no,185,yes,yes,unknown,8,may,1,-1,0,unknown,0,older
blue-collar,married,secondary,no,1882,yes,yes,telephone,29,jul,2,-1,0,unknown,0,older
blue-collar,married,primary,no,0,yes,no,cellular,17,apr,2,315,4,failure,0,young
admin.,married,secondary,no,546,yes,no,cellular,4,feb,2,-1,0,unknown,0,older
admin.,married,secondary,no,1358,yes,no,cellular,14,may,4,-1,0,unknown,0,older
self-employed,married,tertiary,no,0,yes,no,cellular,23,jul,4,-1,0,unknown,0,young
management,single,tertiary,no,2059,no,no,cellular,29,aug,2,-1,0,unknown,0,young
management,married,tertiary,no,7289,yes,no,cellular,2,feb,3,-1,0,unknown,0,older
unemployed,married,secondary,no,817,no,no,cellular,7,apr,4,-1,0,unknown,1,older
management,single,tertiary,no,900,no,no,cellular,6,aug,4,-1,0,unknown,0,young
management,married,tertiary,no,10884,no,no,cellular,4,may,2,-1,0,unknown,1,young
services,married,secondary,no,0,yes,no,cellular,21,apr,1,-1,0,unknown,0,young
management,married,secondary,no,3381,yes,no,unknown,15,may,1,-1,0,unknown,0,older
services,married,secondary,no,1659,yes,no,unknown,3,jul,1,-1,0,unknown,0,young
management,single,tertiary,no,393,no,no,cellular,27,sep,1,-1,0,unknown,1,young
admin.,married,secondary,no,0,yes,no,cellular,8,apr,3,349,2,failure,0,young
blue-collar,married,secondary,no,201,yes,no,unknown,28,may,2,-1,0,unknown,0,young
admin.,married,secondary,no,1214,yes,no,cellular,2,feb,2,189,2,failure,0,older
unemployed,married,secondary,no,2057,yes,no,unknown,20,jun,1,-1,0,unknown,0,older
unemployed,married,secondary,no,775,no,no,cellular,16,dec,1,124,2,failure,0,older
blue-collar,married,secondary,no,3027,yes,no,cellular,27,oct,1,186,1,success,0,older
management,single,tertiary,no,26,no,no,cellular,10,jul,6,-1,0,unknown,0,young
admin.,single,secondary,no,457,no,no,cellular,27,apr,2,-1,0,unknown,0,young
management,married,tertiary,no,7631,no,no,cellular,20,aug,8,-1,0,unknown,0,older
unemployed,divorced,secondary,no,44134,no,no,cellular,3,feb,1,-1,0,unknown,0,older
management,married,tertiary,no,8089,yes,no,cellular,18,mar,2,294,2,failure,1,young
technician,married,secondary,no,-329,no,no,telephone,5,feb,8,238,9,other,0,older
admin.,married,secondary,no,251,yes,no,cellular,19,aug,2,-1,0,unknown,0,older
technician,single,tertiary,no,8839,yes,no,unknown,29,may,3,-1,0,unknown,0,young
blue-collar,married,secondary,no,709,yes,no,cellular,13,may,2,278,3,other,0,older
housemaid,divorced,secondary,no,37,no,no,unknown,18,jun,2,-1,0,unknown,0,young
entrepreneur,married,tertiary,no,0,no,no,cellular,23,jul,2,-1,0,unknown,1,young
management,married,unknown,no,353,no,yes,cellular,25,jul,2,-1,0,unknown,0,older
blue-collar,married,secondary,no,813,yes,no,unknown,21,may,16,-1,0,unknown,0,older
blue-collar,married,secondary,no,491,yes,no,cellular,18,nov,3,194,2,failure,0,young
management,single,tertiary,no,62,no,no,telephone,31,jul,34,-1,0,unknown,0,young
management,married,tertiary,no,267,no,no,cellular,20,apr,1,-1,0,unknown,1,older
management,married,tertiary,no,350,no,no,telephone,4,may,3,-1,0,unknown,0,older
blue-collar,married,secondary,no,1386,yes,yes,cellular,20,apr,3,151,4,other,0,young
retired,divorced,tertiary,no,3875,no,no,cellular,19,nov,2,-1,0,unknown,0,older
technician,married,secondary,no,801,no,no,cellular,28,aug,4,-1,0,unknown,0,older
management,single,secondary,no,783,yes,no,unknown,6,may,1,-1,0,unknown,0,young
technician,single,secondary,no,-89,yes,no,unknown,12,may,1,-1,0,unknown,0,young
blue-collar,married,secondary,no,448,yes,yes,cellular,5,aug,1,-1,0,unknown,0,older
management,married,tertiary,no,1348,no,no,cellular,20,nov,1,-1,0,unknown,0,older
services,single,secondary,no,124,yes,no,unknown,3,jun,4,-1,0,unknown,0,young
unknown,married,unknown,no,0,no,no,cellular,21,aug,2,-1,0,unknown,0,older
management,married,tertiary,no,583,no,no,cellular,17,nov,1,184,4,success,1,older
services,single,secondary,no,9,no,yes,cellular,8,jul,2,-1,0,unknown,0,young
technician,single,secondary,no,0,yes,no,cellular,6,may,3,-1,0,unknown,0,young
blue-collar,married,secondary,no,101,no,yes,cellular,8,jul,3,-1,0,unknown,1,young
management,divorced,tertiary,no,1775,no,no,cellular,15,jul,5,-1,0,unknown,1,young
blue-collar,divorced,secondary,no,244,yes,yes,cellular,18,may,11,350,11,other,0,older
unemployed,single,tertiary,no,3466,no,no,cellular,6,oct,2,-1,0,unknown,1,young
services,married,secondary,no,74,yes,no,unknown,15,may,4,-1,0,unknown,0,older
management,divorced,tertiary,no,5037,yes,no,cellular,18,nov,2,-1,0,unknown,1,older
blue-collar,married,primary,no,2952,no,no,cellular,3,aug,2,95,1,other,1,older
services,married,secondary,no,-888,no,no,cellular,16,jul,1,-1,0,unknown,0,older
admin.,married,secondary,no,2354,yes,no,unknown,15,may,1,-1,0,unknown,0,older
admin.,single,secondary,no,7,yes,no,cellular,15,may,1,-1,0,unknown,0,young
housemaid,married,tertiary,no,5473,no,no,cellular,24,aug,2,-1,0,unknown,1,older
admin.,married,unknown,no,1088,yes,no,cellular,20,may,1,359,1,failure,0,older
unknown,married,unknown,no,1541,no,no,cellular,5,aug,1,-1,0,unknown,0,older
management,single,tertiary,no,83,no,no,cellular,4,aug,2,-1,0,unknown,0,young
technician,married,secondary,no,1168,yes,yes,unknown,21,may,1,-1,0,unknown,0,young
self-employed,single,tertiary,no,1393,no,no,cellular,3,jul,1,-1,0,unknown,0,young
student,single,secondary,no,5916,no,no,cellular,11,aug,1,81,6,failure,0,young
technician,married,tertiary,no,7,yes,yes,cellular,31,jul,10,-1,0,unknown,0,young
self-employed,divorced,secondary,no,892,yes,no,unknown,21,may,1,-1,0,unknown,0,young
blue-collar,single,primary,no,150,no,yes,cellular,9,jul,2,-1,0,unknown,0,young
unemployed,married,primary,no,574,yes,no,cellular,20,apr,2,-1,0,unknown,0,young
blue-collar,married,primary,no,103,yes,no,unknown,17,jun,2,-1,0,unknown,0,older
blue-collar,married,secondary,no,0,yes,no,unknown,29,may,2,-1,0,unknown,0,older
admin.,single,secondary,no,946,yes,no,cellular,13,apr,3,143,6,failure,0,older
services,married,secondary,no,-111,yes,no,unknown,13,may,1,-1,0,unknown,0,older
technician,single,secondary,no,513,yes,no,unknown,9,may,4,-1,0,unknown,0,young
technician,married,secondary,no,181,yes,yes,telephone,28,jul,2,-1,0,unknown,0,young
admin.,single,secondary,yes,1110,yes,yes,cellular,31,jul,36,-1,0,unknown,0,young
blue-collar,married,primary,no,5949,yes,no,cellular,8,apr,1,-1,0,unknown,0,older
self-employed,single,tertiary,no,562,yes,yes,cellular,8,apr,1,-1,0,unknown,0,young
housemaid,married,secondary,no,4610,no,no,cellular,14,aug,2,-1,0,unknown,0,young
self-employed,single,tertiary,no,3290,no,no,cellular,23,mar,1,291,2,success,1,young
management,married,tertiary,no,19447,yes,yes,cellular,21,nov,1,-1,0,unknown,0,older
retired,married,secondary,no,374,no,no,cellular,19,aug,2,-1,0,unknown,0,older
blue-collar,married,secondary,no,298,yes,no,cellular,3,feb,3,-1,0,unknown,0,older
retired,married,secondary,no,665,yes,no,cellular,22,apr,2,-1,0,unknown,1,older
management,married,unknown,no,1065,yes,no,unknown,5,may,3,-1,0,unknown,0,older
blue-collar,married,primary,no,687,no,no,cellular,19,aug,13,-1,0,unknown,0,older
management,divorced,tertiary,no,559,yes,no,cellular,18,may,4,-1,0,unknown,0,young
technician,married,secondary,no,50,no,no,unknown,28,may,1,-1,0,unknown,0,older
admin.,married,secondary,no,0,no,no,cellular,25,jul,1,-1,0,unknown,0,young
retired,married,secondary,no,668,no,no,telephone,2,jul,1,-1,0,unknown,1,older
unknown,married,unknown,no,1979,no,no,unknown,17,jun,3,-1,0,unknown,0,older
management,single,tertiary,no,499,yes,no,cellular,13,aug,2,90,1,failure,0,young
technician,divorced,secondary,no,433,no,no,cellular,22,aug,3,-1,0,unknown,0,young
blue-collar,married,secondary,no,2,yes,no,unknown,16,may,2,-1,0,unknown,0,older
management,divorced,tertiary,no,2367,no,no,cellular,1,jun,1,38,2,other,1,older
management,married,tertiary,no,-692,yes,yes,cellular,6,may,2,-1,0,unknown,0,young
technician,divorced,secondary,no,477,yes,yes,cellular,11,may,1,305,1,failure,0,young
blue-collar,single,secondary,no,336,yes,no,unknown,12,may,5,-1,0,unknown,0,young
technician,married,secondary,no,315,yes,no,cellular,30,jun,1,-1,0,unknown,0,older
technician,single,tertiary,no,1531,no,no,telephone,15,jul,6,-1,0,unknown,0,young
self-employed,married,tertiary,no,277,no,no,cellular,24,jul,2,-1,0,unknown,0,young
entrepreneur,married,secondary,yes,-36,no,yes,cellular,15,jul,4,-1,0,unknown,0,older
services,married,secondary,no,0,no,no,cellular,18,jul,2,-1,0,unknown,0,young
technician,married,tertiary,no,1413,yes,no,cellular,17,jul,4,-1,0,unknown,0,young
services,married,secondary,no,2758,no,no,cellular,4,feb,3,-1,0,unknown,1,young
services,single,secondary,no,250,yes,no,cellular,18,may,1,-1,0,unknown,0,young
technician,married,secondary,no,2044,yes,no,cellular,4,may,3,-1,0,unknown,1,young
services,married,secondary,no,1450,yes,no,unknown,4,jun,2,-1,0,unknown,0,older
management,married,primary,no,4895,no,no,unknown,9,jun,1,-1,0,unknown,0,older
technician,single,secondary,no,769,yes,no,cellular,15,may,1,371,2,failure,0,young
management,married,unknown,no,849,yes,no,cellular,8,oct,1,321,1,other,1,older
blue-collar,married,secondary,no,1575,yes,no,unknown,27,may,3,-1,0,unknown,0,young
student,single,tertiary,no,1138,no,no,cellular,4,may,3,83,3,success,1,young
retired,married,primary,no,1947,no,no,cellular,30,apr,2,-1,0,unknown,0,older
management,married,tertiary,no,752,yes,no,cellular,11,aug,4,-1,0,unknown,0,young
management,divorced,tertiary,no,624,no,no,cellular,17,sep,2,183,2,success,1,older
services,single,secondary,no,900,yes,no,cellular,20,nov,2,190,4,other,0,young
management,married,tertiary,no,188,yes,no,unknown,21,may,1,-1,0,unknown,0,young
retired,married,primary,no,1759,no,no,telephone,8,apr,1,-1,0,unknown,0,older
management,single,secondary,no,0,no,yes,cellular,21,jul,2,-1,0,unknown,0,young
admin.,married,secondary,no,920,no,no,cellular,13,aug,1,105,1,success,0,young
management,married,secondary,no,-15,yes,no,unknown,13,may,3,-1,0,unknown,0,young
blue-collar,single,primary,no,3466,yes,no,telephone,29,jan,3,183,25,other,0,young
blue-collar,single,primary,no,-21,no,no,unknown,15,may,3,-1,0,unknown,0,young
entrepreneur,married,secondary,no,718,yes,no,unknown,14,may,2,-1,0,unknown,0,older
technician,single,secondary,no,179,no,no,cellular,19,aug,3,-1,0,unknown,0,young
technician,divorced,secondary,no,16,yes,no,telephone,12,may,12,347,5,other,0,young
self-employed,married,secondary,no,123,no,yes,cellular,21,apr,2,181,1,success,1,young
blue-collar,married,secondary,no,917,yes,no,cellular,30,jul,2,-1,0,unknown,0,older
entrepreneur,married,tertiary,no,280,yes,no,cellular,7,may,1,351,1,failure,0,young
unknown,married,unknown,no,35,no,no,unknown,19,jun,1,-1,0,unknown,0,young
blue-collar,married,secondary,no,99,no,no,telephone,29,jan,2,-1,0,unknown,0,young
management,single,tertiary,no,1475,yes,yes,unknown,2,jun,1,-1,0,unknown,0,young
technician,married,secondary,no,0,yes,no,cellular,17,nov,1,-1,0,unknown,0,older
student,single,secondary,no,99,yes,no,unknown,13,may,1,-1,0,unknown,0,young
blue-collar,single,secondary,no,2613,no,no,cellular,29,jan,2,-1,0,unknown,0,young
management,married,secondary,no,0,no,no,cellular,27,oct,1,111,8,other,1,older
technician,single,secondary,no,391,no,no,cellular,21,nov,1,-1,0,unknown,0,young
blue-collar,married,tertiary,no,902,yes,no,telephone,28,jul,2,-1,0,unknown,0,young
management,single,tertiary,no,195,no,no,cellular,20,nov,1,167,2,failure,0,older
technician,single,tertiary,no,0,yes,no,cellular,23,jul,6,-1,0,unknown,1,young
admin.,single,secondary,no,-15,no,no,telephone,12,may,3,350,2,failure,0,young
technician,single,secondary,no,145,no,no,cellular,6,aug,2,-1,0,unknown,0,young
technician,married,secondary,no,251,yes,yes,unknown,1,jul,3,-1,0,unknown,0,young
retired,married,secondary,no,1139,yes,no,cellular,14,may,1,177,7,failure,0,older
technician,married,secondary,no,6699,no,no,cellular,9,nov,1,462,1,failure,0,young
blue-collar,divorced,secondary,no,-90,no,yes,cellular,12,may,1,-1,0,unknown,0,young
blue-collar,single,primary,no,174,yes,no,cellular,18,may,3,-1,0,unknown,0,young
blue-collar,married,primary,no,1844,no,no,unknown,19,jun,1,-1,0,unknown,0,older
technician,married,secondary,no,20,yes,no,cellular,9,jul,1,-1,0,unknown,0,older
management,single,tertiary,no,12569,no,no,cellular,1,jul,2,295,2,success,1,young
technician,divorced,secondary,no,7,yes,yes,unknown,6,may,1,-1,0,unknown,0,young
services,married,tertiary,no,412,yes,no,telephone,19,nov,4,169,5,failure,0,older
admin.,married,secondary,no,3634,yes,no,unknown,14,may,1,-1,0,unknown,0,older
blue-collar,married,primary,no,402,no,no,unknown,17,jun,17,-1,0,unknown,0,older
self-employed,single,tertiary,no,139,no,no,cellular,29,jan,3,-1,0,unknown,0,young
management,married,tertiary,no,396,no,no,cellular,21,nov,2,100,5,failure,0,young
student,single,tertiary,no,479,yes,no,unknown,29,may,12,-1,0,unknown,0,young
blue-collar,married,secondary,no,-42,no,yes,cellular,2,feb,2,193,2,other,0,young
technician,married,tertiary,no,4089,no,no,cellular,26,may,7,287,3,failure,0,young
retired,married,primary,no,11,yes,yes,cellular,18,aug,10,-1,0,unknown,0,older
blue-collar,married,primary,no,103,no,no,cellular,28,jan,3,-1,0,unknown,0,older
management,married,tertiary,no,12,no,no,unknown,6,jun,4,-1,0,unknown,0,older
services,married,secondary,no,1563,yes,no,cellular,2,feb,2,5,1,other,0,older
technician,single,tertiary,no,849,no,no,cellular,28,aug,4,-1,0,unknown,0,young
blue-collar,single,secondary,no,297,yes,no,cellular,25,jul,1,-1,0,unknown,0,young
admin.,married,secondary,no,-5,yes,no,cellular,29,jul,17,-1,0,unknown,0,older
services,divorced,primary,no,55,no,no,cellular,20,nov,4,-1,0,unknown,0,young
blue-collar,single,secondary,no,2285,yes,no,unknown,14,may,2,-1,0,unknown,0,young
admin.,married,primary,no,169,yes,no,cellular,15,may,3,-1,0,unknown,0,older
admin.,single,secondary,no,-22,yes,no,unknown,4,jun,2,-1,0,unknown,0,older
management,married,tertiary,no,20,yes,no,cellular,4,feb,1,-1,0,unknown,0,older
unemployed,married,tertiary,no,482,no,no,cellular,25,may,1,-1,0,unknown,1,young
technician,single,secondary,no,196,yes,no,cellular,6,feb,3,-1,0,unknown,0,older
blue-collar,married,secondary,no,1207,yes,no,unknown,21,may,1,-1,0,unknown,1,young
blue-collar,married,unknown,no,444,no,no,cellular,1,oct,1,94,9,other,0,young
technician,married,secondary,no,5115,yes,no,cellular,2,jun,1,95,7,success,1,young
blue-collar,married,secondary,no,969,no,yes,telephone,31,jul,9,-1,0,unknown,0,older
blue-collar,married,secondary,no,2964,yes,no,cellular,16,apr,1,-1,0,unknown,0,older
housemaid,married,primary,no,132,no,no,cellular,5,feb,5,-1,0,unknown,0,young
blue-collar,single,tertiary,no,1372,no,no,cellular,15,may,4,298,1,failure,0,young
management,single,tertiary,no,7218,no,no,cellular,14,aug,3,-1,0,unknown,0,young
technician,single,secondary,no,1001,yes,yes,cellular,7,may,1,-1,0,unknown,0,young
technician,single,tertiary,no,1636,yes,no,cellular,4,may,1,66,1,success,1,young
admin.,single,secondary,no,470,yes,no,telephone,12,may,4,-1,0,unknown,0,older
technician,married,secondary,no,1322,yes,yes,cellular,19,nov,1,-1,0,unknown,0,older
blue-collar,married,secondary,no,476,no,no,cellular,14,jul,6,-1,0,unknown,0,older
management,divorced,tertiary,no,2367,no,no,cellular,22,sep,1,184,6,success,1,older
services,single,secondary,no,-1139,yes,no,cellular,7,jul,1,-1,0,unknown,0,young
admin.,married,secondary,no,368,no,no,cellular,21,may,1,87,6,success,1,older
technician,single,secondary,no,0,no,no,cellular,19,aug,2,-1,0,unknown,0,young
admin.,divorced,secondary,no,6512,no,no,cellular,21,nov,2,-1,0,unknown,0,older
services,married,secondary,no,293,no,no,unknown,20,jun,2,-1,0,unknown,0,young
management,single,tertiary,no,112,yes,no,cellular,5,may,1,-1,0,unknown,0,young
unknown,divorced,tertiary,no,2272,yes,no,unknown,14,may,1,-1,0,unknown,0,older
blue-collar,married,primary,no,390,yes,no,cellular,17,apr,1,-1,0,unknown,0,young
blue-collar,single,primary,no,116,yes,no,cellular,15,may,5,365,1,failure,0,older
blue-collar,married,secondary,no,0,yes,no,cellular,17,apr,1,-1,0,unknown,0,young
services,married,secondary,no,381,no,yes,cellular,25,aug,12,-1,0,unknown,0,older
technician,divorced,secondary,no,49,no,no,cellular,5,aug,3,-1,0,unknown,0,older
blue-collar,married,secondary,no,598,yes,no,cellular,12,may,3,364,11,failure,0,older
services,single,secondary,no,323,yes,no,unknown,15,may,6,-1,0,unknown,0,older
technician,single,secondary,no,20,yes,no,cellular,7,aug,2,-1,0,unknown,0,young
management,married,tertiary,no,511,no,no,cellular,17,feb,3,-1,0,unknown,0,older
management,married,secondary,no,6012,no,no,telephone,23,jul,2,-1,0,unknown,0,young
blue-collar,married,unknown,no,1506,yes,no,unknown,5,may,1,-1,0,unknown,0,older
blue-collar,single,primary,no,134,yes,yes,unknown,8,may,1,-1,0,unknown,0,older
management,married,tertiary,no,2,no,no,cellular,15,sep,1,91,2,failure,0,older
services,single,secondary,no,1347,no,no,telephone,18,jun,6,92,5,other,1,young
entrepreneur,married,secondary,no,5838,no,no,cellular,2,feb,2,230,2,failure,0,older
technician,single,tertiary,no,777,yes,no,cellular,14,aug,2,463,1,failure,0,young
admin.,single,secondary,no,2104,yes,no,unknown,3,jun,1,-1,0,unknown,0,young
technician,married,unknown,no,90,yes,yes,unknown,8,may,2,-1,0,unknown,0,young
blue-collar,single,secondary,no,1423,yes,no,cellular,21,nov,2,-1,0,unknown,0,young
services,married,secondary,no,1,no,no,cellular,22,aug,10,-1,0,unknown,0,older
blue-collar,married,secondary,no,7063,yes,no,cellular,13,may,1,350,9,failure,0,young
blue-collar,married,primary,no,2120,yes,no,cellular,15,may,3,175,4,failure,1,young
retired,married,tertiary,no,161,yes,no,cellular,21,jul,3,-1,0,unknown,0,older
management,divorced,unknown,no,4095,yes,no,cellular,20,apr,1,-1,0,unknown,0,young
retired,married,secondary,no,1339,no,yes,cellular,22,jul,1,-1,0,unknown,0,older
housemaid,single,secondary,no,1363,no,no,telephone,1,oct,1,93,1,failure,0,young
blue-collar,married,primary,no,1937,yes,no,telephone,21,nov,3,-1,0,unknown,0,older
admin.,married,tertiary,no,1145,yes,no,cellular,2,feb,2,-1,0,unknown,0,young
management,married,tertiary,no,135,no,no,cellular,25,aug,4,-1,0,unknown,0,older
management,married,tertiary,no,3165,yes,no,unknown,12,jun,2,-1,0,unknown,0,older
management,single,tertiary,no,935,no,no,cellular,9,nov,1,91,7,success,1,young
management,single,tertiary,no,515,no,no,cellular,1,jun,5,-1,0,unknown,1,young
admin.,married,secondary,no,476,no,no,cellular,6,aug,1,364,1,other,1,older
technician,divorced,secondary,no,83,yes,no,unknown,6,may,3,-1,0,unknown,0,older
management,married,unknown,no,3576,no,no,cellular,25,nov,2,183,1,success,1,young
blue-collar,married,secondary,no,0,no,yes,cellular,16,jul,1,-1,0,unknown,0,older
admin.,married,secondary,no,471,yes,no,cellular,8,may,3,340,2,failure,0,young
technician,married,secondary,no,415,no,no,cellular,24,jul,2,-1,0,unknown,0,young
blue-collar,single,primary,no,1137,yes,yes,cellular,6,may,1,-1,0,unknown,0,young
self-employed,married,secondary,no,329,yes,no,telephone,15,may,4,-1,0,unknown,0,young
admin.,single,tertiary,no,0,no,no,cellular,26,jan,1,-1,0,unknown,0,young
blue-collar,married,primary,no,47,no,no,cellular,6,aug,2,-1,0,unknown,0,older
management,married,tertiary,yes,-6847,no,yes,cellular,21,jul,1,-1,0,unknown,0,older
blue-collar,married,secondary,no,-39,yes,no,cellular,18,may,2,-1,0,unknown,0,young
blue-collar,married,primary,no,500,yes,no,unknown,15,may,6,-1,0,unknown,0,young
self-employed,single,secondary,no,1295,no,no,cellular,20,nov,1,-1,0,unknown,1,young
blue-collar,married,secondary,no,1624,yes,yes,unknown,21,may,2,-1,0,unknown,0,young
technician,single,secondary,no,507,no,no,cellular,30,apr,1,-1,0,unknown,1,young
blue-collar,married,secondary,no,1303,no,no,cellular,13,aug,3,-1,0,unknown,0,older
technician,single,tertiary,no,0,no,no,cellular,27,aug,4,-1,0,unknown,0,young
blue-collar,single,secondary,no,9,yes,no,unknown,17,oct,1,-1,0,unknown,0,young
blue-collar,married,unknown,no,56,yes,no,unknown,3,jun,1,-1,0,unknown,0,young
management,married,tertiary,no,-6,no,no,telephone,31,jul,16,-1,0,unknown,0,older
admin.,single,secondary,no,719,no,no,cellular,30,apr,1,-1,0,unknown,0,young
unemployed,single,secondary,no,3854,yes,no,cellular,18,nov,2,-1,0,unknown,0,young
retired,married,secondary,no,0,no,no,unknown,5,jun,1,-1,0,unknown,1,older
blue-collar,married,secondary,no,1590,no,no,cellular,5,may,4,-1,0,unknown,0,young
retired,married,secondary,no,1956,no,no,cellular,7,aug,2,-1,0,unknown,0,older
management,divorced,tertiary,no,0,no,no,unknown,1,jun,1,-1,0,unknown,0,older
blue-collar,married,secondary,no,6699,yes,no,cellular,20,apr,3,-1,0,unknown,0,young
blue-collar,single,secondary,no,45,no,no,unknown,20,jun,12,-1,0,unknown,0,young
technician,married,tertiary,no,3177,no,no,cellular,8,aug,2,-1,0,unknown,0,older
admin.,single,secondary,no,144,no,yes,cellular,8,jul,1,-1,0,unknown,0,young
services,married,secondary,yes,144,no,no,cellular,18,jul,8,-1,0,unknown,0,older
unemployed,married,secondary,no,-825,yes,no,unknown,7,may,2,-1,0,unknown,0,young
blue-collar,divorced,secondary,no,882,no,yes,telephone,20,oct,1,-1,0,unknown,0,young
technician,married,secondary,no,149,yes,no,cellular,29,jan,1,245,2,failure,0,young
admin.,single,secondary,no,0,yes,no,cellular,8,may,1,-1,0,unknown,0,older
management,single,tertiary,no,2555,yes,no,cellular,26,may,2,-1,0,unknown,0,young
entrepreneur,married,tertiary,no,595,no,no,cellular,7,aug,2,-1,0,unknown,0,young
unemployed,married,primary,yes,-581,yes,no,unknown,8,may,2,-1,0,unknown,0,older
blue-collar,divorced,primary,no,338,yes,no,unknown,21,may,12,-1,0,unknown,0,older
technician,married,secondary,no,2308,no,no,cellular,30,apr,1,87,1,other,1,older
blue-collar,married,primary,no,50,yes,no,cellular,7,may,2,-1,0,unknown,0,young
management,divorced,tertiary,no,0,no,no,unknown,1,jun,1,-1,0,unknown,0,older
management,married,tertiary,no,-692,yes,yes,cellular,6,may,2,-1,0,unknown,0,young
technician,divorced,secondary,no,692,yes,no,cellular,30,jan,3,245,3,failure,0,older
technician,divorced,secondary,no,48,yes,no,cellular,17,apr,1,-1,0,unknown,0,young
blue-collar,married,primary,no,-27,no,no,cellular,28,aug,8,-1,0,unknown,0,older
services,married,secondary,no,-118,yes,no,cellular,12,may,1,-1,0,unknown,0,young
management,single,tertiary,no,16957,yes,no,unknown,27,may,2,-1,0,unknown,0,young
admin.,divorced,primary,no,8583,yes,no,cellular,19,nov,1,-1,0,unknown,0,older
technician,married,secondary,no,654,yes,yes,unknown,16,jun,2,-1,0,unknown,0,older
retired,married,primary,no,711,no,no,telephone,20,apr,5,-1,0,unknown,0,older
technician,married,secondary,no,581,no,no,cellular,8,aug,2,-1,0,unknown,0,older
admin.,divorced,secondary,no,735,no,no,cellular,28,oct,1,-1,0,unknown,0,older
retired,married,primary,no,8556,no,no,telephone,21,apr,2,-1,0,unknown,1,older
management,married,tertiary,no,0,yes,yes,unknown,21,may,5,-1,0,unknown,0,young
management,married,tertiary,no,1590,yes,yes,cellular,21,jul,8,-1,0,unknown,0,older
blue-collar,single,secondary,no,513,yes,yes,cellular,18,may,1,-1,0,unknown,1,young
admin.,married,secondary,no,0,yes,no,cellular,15,jul,6,-1,0,unknown,0,young
blue-collar,divorced,primary,no,8180,no,no,unknown,19,may,1,-1,0,unknown,0,older
blue-collar,single,primary,no,17,yes,no,cellular,13,may,3,-1,0,unknown,0,young
management,single,tertiary,no,147,no,no,cellular,13,sep,3,96,5,success,0,young
management,single,secondary,no,360,yes,no,cellular,18,may,1,-1,0,unknown,1,young
admin.,married,secondary,no,352,yes,no,cellular,24,jul,2,-1,0,unknown,0,young
blue-collar,married,primary,no,233,yes,no,cellular,15,may,2,-1,0,unknown,0,young
services,married,secondary,no,508,yes,no,cellular,18,nov,1,172,1,failure,0,older
blue-collar,married,primary,no,-457,yes,yes,cellular,6,may,1,350,1,failure,0,young
unemployed,married,secondary,no,13818,no,no,cellular,31,jul,2,-1,0,unknown,0,older
blue-collar,divorced,unknown,no,2391,yes,no,cellular,31,jul,2,-1,0,unknown,0,older
technician,married,secondary,no,-89,no,yes,cellular,4,aug,4,-1,0,unknown,0,young
services,single,tertiary,no,94,yes,no,cellular,11,aug,2,90,4,failure,1,older
management,divorced,tertiary,no,516,yes,yes,cellular,20,apr,1,-1,0,unknown,0,older
blue-collar,single,secondary,yes,-203,yes,no,unknown,12,jun,3,-1,0,unknown,1,young
management,single,tertiary,no,0,no,no,cellular,24,jul,1,-1,0,unknown,0,young
management,married,tertiary,no,349,no,no,cellular,7,aug,2,-1,0,unknown,0,older
technician,married,secondary,no,-684,yes,no,cellular,13,may,8,299,3,other,0,young
blue-collar,married,primary,no,683,yes,no,cellular,15,jul,12,-1,0,unknown,0,older
technician,married,secondary,no,0,no,no,cellular,20,aug,3,-1,0,unknown,0,young
admin.,married,secondary,no,2321,yes,no,cellular,12,may,2,-1,0,unknown,0,young
admin.,single,secondary,no,733,yes,no,cellular,20,apr,1,322,2,other,0,young
services,single,secondary,no,84,no,yes,unknown,3,jul,3,-1,0,unknown,1,young
services,married,primary,no,908,yes,yes,cellular,14,jul,2,-1,0,unknown,0,young
admin.,single,secondary,no,460,yes,no,cellular,18,may,2,357,6,success,0,young
admin.,married,secondary,no,1274,yes,no,cellular,17,nov,1,-1,0,unknown,0,older
blue-collar,married,unknown,no,-400,yes,yes,unknown,3,jul,1,-1,0,unknown,0,young
blue-collar,married,secondary,yes,381,yes,yes,telephone,16,jul,1,-1,0,unknown,0,older
admin.,married,secondary,no,315,no,no,cellular,23,jul,2,-1,0,unknown,0,older
blue-collar,married,secondary,no,4380,no,no,telephone,19,aug,7,-1,0,unknown,0,older
technician,married,secondary,no,7,no,no,unknown,19,jun,7,-1,0,unknown,0,older
blue-collar,married,primary,no,331,yes,no,unknown,30,may,3,-1,0,unknown,0,young
technician,single,secondary,no,2002,no,no,cellular,29,jan,1,-1,0,unknown,1,young
self-employed,married,secondary,no,131,yes,no,unknown,8,may,1,-1,0,unknown,0,young
technician,single,secondary,no,113,no,no,cellular,30,apr,1,-1,0,unknown,0,young
admin.,divorced,secondary,no,478,no,no,cellular,29,jan,1,-1,0,unknown,0,young
blue-collar,single,primary,no,355,yes,no,unknown,13,may,1,-1,0,unknown,0,older
retired,married,secondary,no,4269,no,no,telephone,16,apr,3,-1,0,unknown,0,older
admin.,single,unknown,no,393,no,no,cellular,3,feb,2,-1,0,unknown,0,young
blue-collar,married,secondary,no,2583,no,no,cellular,21,nov,1,-1,0,unknown,0,older
technician,married,secondary,no,13,no,no,cellular,21,aug,2,-1,0,unknown,0,young
management,married,tertiary,no,69,yes,no,unknown,6,jul,1,-1,0,unknown,0,young
technician,married,secondary,no,1415,yes,no,cellular,17,nov,1,116,1,failure,0,older
technician,married,unknown,no,863,no,no,cellular,21,nov,2,-1,0,unknown,0,young
management,married,tertiary,no,573,no,no,cellular,10,aug,1,-1,0,unknown,0,young
blue-collar,married,primary,no,197,yes,no,cellular,22,jul,1,-1,0,unknown,0,young
unemployed,married,secondary,no,561,no,no,telephone,19,oct,2,-1,0,unknown,0,older
technician,married,secondary,no,488,no,no,unknown,5,jun,1,-1,0,unknown,0,older
blue-collar,married,secondary,no,149,yes,no,cellular,29,apr,3,349,1,other,1,young
blue-collar,married,unknown,no,842,yes,no,telephone,8,may,1,-1,0,unknown,1,older
management,married,tertiary,no,0,no,no,cellular,29,aug,2,-1,0,unknown,0,young
admin.,divorced,secondary,no,11,no,no,cellular,19,aug,2,-1,0,unknown,0,young
management,married,tertiary,no,5910,no,no,cellular,26,aug,3,-1,0,unknown,0,young
student,single,secondary,no,139,no,no,cellular,9,sep,4,-1,0,unknown,1,young
blue-collar,divorced,primary,no,2227,yes,no,unknown,2,jun,3,-1,0,unknown,0,older
blue-collar,married,secondary,no,72,yes,no,cellular,4,may,3,312,3,failure,0,older
entrepreneur,married,tertiary,no,-168,yes,no,cellular,23,jul,2,-1,0,unknown,1,older
blue-collar,single,primary,no,49,yes,no,unknown,8,may,1,-1,0,unknown,0,young
services,single,secondary,no,115,yes,no,unknown,21,may,13,-1,0,unknown,0,young
technician,married,tertiary,no,157,no,no,unknown,26,jun,1,-1,0,unknown,0,older
admin.,married,tertiary,no,255,yes,no,cellular,30,mar,6,-1,0,unknown,0,older
student,single,unknown,no,78,no,no,cellular,28,jan,2,-1,0,unknown,0,young
technician,married,secondary,no,1,yes,no,cellular,19,nov,1,-1,0,unknown,0,young
blue-collar,divorced,secondary,no,898,yes,no,cellular,18,nov,2,131,1,failure,0,older
admin.,divorced,secondary,no,-60,no,no,cellular,17,nov,1,-1,0,unknown,0,older
unemployed,married,tertiary,no,330,no,no,cellular,13,jan,1,194,2,success,1,young
management,single,tertiary,no,175,yes,yes,cellular,21,nov,1,-1,0,unknown,0,young
blue-collar,married,secondary,no,293,yes,no,cellular,17,apr,1,325,1,other,1,young
management,married,tertiary,no,1286,yes,no,unknown,20,jun,3,-1,0,unknown,0,older
management,divorced,secondary,no,0,no,no,unknown,16,jun,3,-1,0,unknown,0,older
technician,single,secondary,no,1477,yes,no,cellular,20,apr,3,-1,0,unknown,0,young
unknown,married,unknown,no,2799,no,no,telephone,9,sep,4,-1,0,unknown,0,older
entrepreneur,divorced,tertiary,yes,0,yes,no,cellular,19,nov,10,-1,0,unknown,0,older
management,married,secondary,no,5888,yes,no,unknown,26,may,5,-1,0,unknown,0,older
technician,single,secondary,no,656,no,yes,unknown,4,jul,1,-1,0,unknown,0,young
technician,married,secondary,no,205,no,no,cellular,26,may,1,-1,0,unknown,1,young
admin.,single,secondary,no,141,no,no,cellular,11,jul,2,-1,0,unknown,0,young
entrepreneur,married,secondary,no,1160,yes,no,unknown,14,may,1,-1,0,unknown,0,older
admin.,divorced,unknown,no,244,yes,no,unknown,9,may,1,-1,0,unknown,0,older
technician,married,secondary,no,3,no,no,cellular,13,aug,3,-1,0,unknown,0,young
retired,married,primary,no,243,no,no,cellular,27,oct,1,-1,0,unknown,1,older
blue-collar,married,secondary,no,1383,yes,no,telephone,13,may,6,-1,0,unknown,0,young
technician,married,tertiary,no,397,no,no,unknown,18,jun,1,-1,0,unknown,0,young
blue-collar,single,primary,no,342,yes,no,cellular,18,may,2,-1,0,unknown,0,young
admin.,single,secondary,no,419,no,yes,cellular,28,jul,16,-1,0,unknown,0,young
management,single,tertiary,no,469,yes,no,cellular,14,may,1,-1,0,unknown,0,young
self-employed,married,secondary,no,1377,no,no,unknown,20,jun,2,-1,0,unknown,0,older
management,married,tertiary,no,10635,yes,no,unknown,5,may,1,-1,0,unknown,0,older
blue-collar,married,primary,no,0,no,yes,cellular,5,aug,1,-1,0,unknown,0,older
retired,married,primary,no,331,yes,no,unknown,19,may,4,-1,0,unknown,0,older
blue-collar,single,secondary,no,-287,yes,no,cellular,18,may,1,-1,0,unknown,0,young
management,single,tertiary,no,60,no,no,cellular,27,aug,3,-1,0,unknown,0,young
admin.,married,unknown,no,2780,no,no,cellular,19,nov,1,-1,0,unknown,1,young
technician,married,secondary,no,2528,no,yes,unknown,19,jun,1,-1,0,unknown,0,older
technician,single,secondary,no,790,no,no,cellular,20,aug,3,-1,0,unknown,0,young
admin.,single,secondary,no,892,yes,no,cellular,21,nov,2,184,1,failure,0,young
management,married,primary,no,313,no,no,telephone,14,oct,1,-1,0,unknown,1,older
technician,married,secondary,no,0,no,no,telephone,14,aug,2,106,6,success,0,older
blue-collar,single,primary,no,0,no,no,unknown,18,jun,2,-1,0,unknown,0,young
admin.,single,tertiary,no,18,yes,no,cellular,6,may,1,288,17,other,0,young
admin.,married,secondary,no,445,yes,no,unknown,5,may,1,-1,0,unknown,0,older
blue-collar,married,primary,no,512,no,no,cellular,5,aug,2,-1,0,unknown,1,older
entrepreneur,divorced,tertiary,no,1225,yes,no,cellular,11,jul,2,-1,0,unknown,0,young
technician,married,secondary,no,308,no,no,cellular,27,jul,5,-1,0,unknown,0,older
technician,married,unknown,no,906,yes,no,cellular,5,feb,2,-1,0,unknown,0,older
management,married,tertiary,no,5289,yes,no,cellular,6,may,2,-1,0,unknown,0,young
admin.,single,secondary,no,7400,yes,no,cellular,11,may,2,-1,0,unknown,0,older
admin.,married,secondary,no,236,yes,yes,telephone,4,may,3,-1,0,unknown,0,young
management,married,tertiary,no,322,yes,no,cellular,22,jul,1,-1,0,unknown,0,young
management,married,tertiary,no,151,no,no,cellular,19,aug,4,-1,0,unknown,0,young
admin.,single,tertiary,no,4129,no,no,cellular,1,sep,1,-1,0,unknown,0,young
management,divorced,primary,no,-17,yes,yes,cellular,18,jul,1,-1,0,unknown,0,older
management,divorced,tertiary,no,1927,yes,yes,cellular,29,jan,1,-1,0,unknown,0,young
blue-collar,single,secondary,no,1065,yes,yes,unknown,4,jun,1,-1,0,unknown,0,young
management,married,tertiary,no,1388,yes,no,cellular,30,apr,1,-1,0,unknown,1,young
management,married,tertiary,no,267,yes,no,unknown,7,may,1,-1,0,unknown,0,young
blue-collar,married,secondary,no,476,yes,no,unknown,13,may,1,-1,0,unknown,0,older
admin.,single,secondary,no,753,yes,no,cellular,30,mar,15,-1,0,unknown,0,young
blue-collar,married,secondary,no,0,yes,no,cellular,19,nov,2,-1,0,unknown,0,young
admin.,single,tertiary,no,760,yes,no,cellular,27,may,3,89,2,failure,1,young
blue-collar,married,primary,no,551,yes,no,cellular,28,jul,2,-1,0,unknown,0,older
retired,married,secondary,no,883,no,no,telephone,5,feb,4,-1,0,unknown,0,older
entrepreneur,married,tertiary,no,5848,yes,no,cellular,19,nov,1,-1,0,unknown,0,young
blue-collar,married,primary,no,48,no,no,unknown,9,jun,5,-1,0,unknown,0,young
blue-collar,married,secondary,no,322,no,no,cellular,14,aug,2,-1,0,unknown,0,older
technician,married,secondary,no,-147,yes,yes,unknown,21,may,4,-1,0,unknown,0,young
blue-collar,married,secondary,no,-723,yes,no,cellular,25,jul,2,-1,0,unknown,0,young
blue-collar,divorced,primary,no,1279,yes,no,cellular,6,feb,2,-1,0,unknown,0,older
management,single,tertiary,no,6781,yes,no,cellular,15,may,6,-1,0,unknown,0,young
management,married,tertiary,no,4145,yes,yes,cellular,18,jul,1,-1,0,unknown,0,young
blue-collar,married,secondary,no,427,no,yes,cellular,14,aug,4,-1,0,unknown,0,older
technician,married,secondary,no,88,no,no,cellular,29,aug,2,-1,0,unknown,0,older
management,divorced,tertiary,no,1804,yes,no,cellular,13,may,1,355,1,failure,0,young
blue-collar,married,secondary,no,679,yes,no,unknown,17,jun,1,-1,0,unknown,0,young
housemaid,married,primary,no,-75,no,yes,cellular,25,aug,4,-1,0,unknown,0,older
technician,married,secondary,no,344,yes,no,cellular,20,nov,1,197,1,failure,0,young
blue-collar,single,secondary,no,6307,yes,no,unknown,28,may,1,-1,0,unknown,0,young
services,married,secondary,no,4763,yes,no,telephone,28,jul,6,-1,0,unknown,0,older
services,married,secondary,no,1422,no,no,cellular,30,apr,1,-1,0,unknown,0,young
entrepreneur,married,secondary,no,-264,no,no,cellular,21,nov,2,-1,0,unknown,0,older
retired,married,tertiary,no,41242,no,no,cellular,21,nov,1,-1,0,unknown,0,older
admin.,married,secondary,no,182,yes,no,cellular,2,apr,1,331,2,failure,0,older
technician,married,secondary,no,316,no,no,cellular,4,may,2,263,4,failure,1,older
admin.,married,secondary,no,3215,yes,no,cellular,21,jul,3,-1,0,unknown,0,older
services,married,secondary,no,338,yes,no,cellular,28,jan,1,-1,0,unknown,0,young
technician,married,secondary,no,2558,no,no,unknown,19,jun,1,-1,0,unknown,0,older
technician,single,tertiary,no,1051,no,no,cellular,25,aug,4,-1,0,unknown,0,young
management,married,tertiary,no,0,no,no,cellular,22,aug,4,-1,0,unknown,0,young
self-employed,single,secondary,no,125,yes,no,telephone,17,apr,3,-1,0,unknown,0,older
services,single,secondary,no,14,yes,no,cellular,25,jul,3,-1,0,unknown,0,young
blue-collar,single,primary,no,142,yes,no,cellular,9,jul,1,-1,0,unknown,0,older
entrepreneur,single,secondary,no,1734,yes,no,unknown,3,jun,3,-1,0,unknown,0,young
blue-collar,married,secondary,no,3659,no,no,unknown,2,jun,1,-1,0,unknown,0,young
technician,single,tertiary,no,671,yes,no,unknown,16,jun,20,-1,0,unknown,0,older
management,married,tertiary,no,3842,no,no,cellular,5,apr,1,186,3,failure,0,older
blue-collar,married,primary,no,2562,yes,no,cellular,20,nov,1,189,4,failure,0,older
admin.,married,tertiary,no,0,yes,no,cellular,15,jul,3,-1,0,unknown,0,young
services,married,secondary,no,1364,no,no,cellular,17,nov,1,115,1,failure,0,older
blue-collar,single,secondary,no,121,no,no,cellular,4,feb,2,-1,0,unknown,0,young
technician,married,secondary,no,1865,yes,no,unknown,28,may,2,-1,0,unknown,0,older
management,married,tertiary,no,2793,no,no,cellular,20,nov,2,-1,0,unknown,0,young
unemployed,divorced,secondary,no,385,no,no,telephone,27,aug,28,-1,0,unknown,0,young
admin.,married,secondary,no,342,no,no,cellular,29,jan,1,-1,0,unknown,0,young
technician,married,tertiary,no,2600,no,no,cellular,3,jun,1,-1,0,unknown,0,older
management,married,tertiary,no,3,yes,no,unknown,7,may,5,-1,0,unknown,0,young
technician,married,unknown,no,0,yes,no,cellular,16,jul,3,-1,0,unknown,0,young
blue-collar,married,secondary,no,-194,yes,no,cellular,14,jul,3,-1,0,unknown,0,young
services,divorced,secondary,no,450,no,no,unknown,9,jun,1,-1,0,unknown,0,older
blue-collar,married,primary,no,17946,yes,no,cellular,6,may,9,-1,0,unknown,0,young
self-employed,married,secondary,no,49,yes,no,cellular,14,may,7,-1,0,unknown,0,young
unemployed,single,secondary,no,1055,no,no,cellular,28,jan,1,-1,0,unknown,0,young
blue-collar,married,secondary,no,686,yes,yes,telephone,14,may,6,343,12,other,0,young
blue-collar,married,secondary,no,6258,yes,no,unknown,15,may,7,-1,0,unknown,0,older
technician,single,secondary,no,440,no,yes,cellular,5,feb,2,-1,0,unknown,0,young
services,married,secondary,no,7475,no,no,unknown,15,may,1,-1,0,unknown,0,older
blue-collar,married,secondary,no,303,no,no,unknown,11,jun,1,-1,0,unknown,0,older
blue-collar,married,secondary,no,-256,yes,yes,unknown,9,may,2,-1,0,unknown,0,older
services,divorced,secondary,no,0,yes,no,unknown,6,may,2,-1,0,unknown,0,older
services,single,secondary,no,1175,yes,no,unknown,16,jun,2,-1,0,unknown,0,young
blue-collar,single,secondary,no,482,no,no,cellular,20,apr,2,-1,0,unknown,0,young
technician,divorced,secondary,no,-701,yes,yes,cellular,24,jul,1,-1,0,unknown,0,older
blue-collar,married,secondary,no,783,yes,no,unknown,21,may,3,-1,0,unknown,1,young
unemployed,married,secondary,no,2251,yes,no,unknown,3,jun,9,-1,0,unknown,0,older
admin.,single,tertiary,no,3954,yes,no,cellular,12,aug,1,117,2,failure,0,young
blue-collar,married,primary,no,179,no,no,cellular,25,aug,3,-1,0,unknown,0,older
technician,married,secondary,no,363,yes,no,cellular,6,aug,3,-1,0,unknown,0,older
blue-collar,married,secondary,no,448,yes,yes,cellular,17,may,1,181,2,other,1,older
technician,married,secondary,no,74,no,no,cellular,29,aug,2,-1,0,unknown,0,young
housemaid,married,secondary,no,0,yes,no,telephone,13,may,2,-1,0,unknown,0,older
admin.,married,tertiary,no,-272,no,yes,cellular,29,jan,1,197,13,other,0,young
technician,single,secondary,no,1279,yes,no,cellular,18,may,2,349,3,success,0,young
unemployed,married,primary,no,-117,yes,no,telephone,6,feb,6,-1,0,unknown,0,older
unknown,married,unknown,no,361,no,no,unknown,20,jun,7,-1,0,unknown,0,older
blue-collar,divorced,secondary,no,-1,yes,no,telephone,20,apr,1,-1,0,unknown,0,older
technician,single,secondary,no,-496,yes,yes,cellular,22,jul,8,-1,0,unknown,0,young
housemaid,married,secondary,no,158,yes,no,telephone,10,jul,1,-1,0,unknown,0,older
management,single,primary,no,208,yes,no,unknown,19,may,9,-1,0,unknown,0,older
management,divorced,tertiary,no,1589,yes,no,unknown,30,may,9,-1,0,unknown,0,young
blue-collar,single,secondary,no,3044,yes,no,cellular,20,apr,1,-1,0,unknown,0,young
blue-collar,single,secondary,no,1012,yes,yes,unknown,6,jun,1,-1,0,unknown,0,young
technician,married,secondary,no,300,no,no,cellular,29,aug,5,-1,0,unknown,0,young
retired,married,secondary,no,18016,no,no,cellular,7,jul,1,-1,0,unknown,1,older
services,married,secondary,no,5248,yes,yes,cellular,20,nov,4,188,8,other,0,young
technician,divorced,secondary,no,789,yes,no,cellular,12,may,1,-1,0,unknown,0,young
technician,single,tertiary,no,1531,no,no,telephone,15,jul,6,-1,0,unknown,0,young
technician,divorced,secondary,no,145,no,yes,unknown,16,jun,4,-1,0,unknown,0,older
entrepreneur,married,secondary,no,111,yes,no,unknown,15,may,2,-1,0,unknown,0,older
admin.,married,secondary,no,1715,no,no,cellular,22,jul,8,-1,0,unknown,0,older
services,married,secondary,no,434,no,no,cellular,5,aug,2,-1,0,unknown,0,older
blue-collar,divorced,primary,no,71,yes,no,cellular,8,may,1,-1,0,unknown,0,young
management,married,tertiary,no,193,yes,no,cellular,17,apr,1,-1,0,unknown,0,young
management,married,tertiary,no,8089,yes,no,unknown,28,may,2,-1,0,unknown,0,young
blue-collar,single,secondary,no,1415,yes,no,unknown,7,may,1,-1,0,unknown,0,young
blue-collar,married,primary,no,186,yes,no,unknown,8,may,1,-1,0,unknown,0,older
self-employed,single,tertiary,no,147,no,no,cellular,22,jun,5,-1,0,unknown,0,young
technician,married,secondary,no,1577,yes,yes,cellular,17,aug,1,273,1,failure,0,young
technician,married,secondary,no,791,yes,no,unknown,21,may,2,-1,0,unknown,1,young
technician,divorced,secondary,no,1858,no,no,cellular,21,jul,1,-1,0,unknown,0,older
blue-collar,married,primary,no,11066,no,no,telephone,14,apr,6,-1,0,unknown,0,older
self-employed,divorced,tertiary,no,6,yes,no,cellular,13,oct,1,182,2,success,1,older
blue-collar,single,tertiary,no,283,no,no,cellular,7,apr,1,-1,0,unknown,1,older
management,married,tertiary,no,664,no,yes,cellular,18,nov,1,-1,0,unknown,0,older
retired,married,tertiary,no,3895,no,no,cellular,7,aug,1,-1,0,unknown,0,older
blue-collar,single,primary,no,-147,no,yes,cellular,9,jul,2,-1,0,unknown,0,young
blue-collar,single,secondary,no,-78,yes,yes,unknown,23,may,2,-1,0,unknown,0,young
admin.,married,secondary,no,281,yes,no,cellular,16,apr,2,335,2,failure,0,young
admin.,single,tertiary,no,211,no,no,cellular,28,aug,7,-1,0,unknown,0,young
services,married,unknown,no,293,no,no,cellular,24,jul,2,-1,0,unknown,0,older
entrepreneur,married,secondary,no,0,yes,yes,cellular,17,nov,1,-1,0,unknown,0,young
management,married,tertiary,no,652,no,no,unknown,5,jun,1,-1,0,unknown,0,older
technician,married,secondary,no,0,yes,no,cellular,15,jul,1,-1,0,unknown,0,young
technician,married,secondary,no,1234,no,no,telephone,9,nov,1,-1,0,unknown,0,young
management,single,tertiary,no,316,yes,no,cellular,29,jan,3,-1,0,unknown,0,young
entrepreneur,married,secondary,no,0,yes,no,cellular,18,nov,1,-1,0,unknown,0,young
management,divorced,secondary,no,519,yes,no,cellular,5,aug,1,-1,0,unknown,0,older
services,divorced,secondary,no,787,yes,no,cellular,8,may,2,-1,0,unknown,0,older
technician,married,secondary,no,525,yes,yes,telephone,18,may,7,178,1,other,0,young
services,divorced,secondary,no,206,yes,no,cellular,14,may,1,365,1,failure,0,older
self-employed,single,tertiary,no,451,no,no,cellular,4,feb,4,-1,0,unknown,0,young
blue-collar,married,primary,no,1090,yes,no,cellular,9,apr,1,-1,0,unknown,0,older
admin.,single,secondary,no,-215,yes,no,cellular,15,may,1,360,3,failure,0,young
blue-collar,married,primary,no,588,yes,no,cellular,20,apr,3,237,4,failure,0,older
management,single,tertiary,no,8224,yes,no,cellular,15,jul,1,-1,0,unknown,0,older
unemployed,married,secondary,no,660,yes,no,unknown,6,jun,3,-1,0,unknown,0,older
admin.,married,secondary,no,1270,yes,no,cellular,17,nov,2,165,2,other,0,older
blue-collar,married,primary,no,412,yes,no,telephone,4,feb,5,265,13,failure,0,older
services,married,secondary,no,376,no,yes,telephone,29,jul,4,-1,0,unknown,0,young
unemployed,single,secondary,no,3611,yes,no,cellular,5,feb,1,-1,0,unknown,0,older
admin.,married,secondary,no,876,no,no,unknown,27,may,3,-1,0,unknown,0,older
technician,married,secondary,no,4800,yes,no,cellular,29,aug,4,-1,0,unknown,0,young
unknown,married,unknown,no,666,no,no,unknown,15,may,5,-1,0,unknown,0,older
technician,married,unknown,no,680,no,no,cellular,7,jul,5,-1,0,unknown,0,older
admin.,single,secondary,no,1994,no,no,unknown,18,jun,2,-1,0,unknown,1,older
blue-collar,divorced,primary,no,886,no,no,unknown,17,jun,1,-1,0,unknown,0,older
technician,married,unknown,no,425,yes,no,unknown,19,may,3,-1,0,unknown,0,older
services,single,secondary,no,-530,yes,yes,telephone,11,may,5,-1,0,unknown,0,young
unemployed,single,tertiary,no,906,yes,no,unknown,27,may,3,-1,0,unknown,0,young
blue-collar,married,unknown,no,51,no,no,telephone,27,jan,3,-1,0,unknown,0,older
blue-collar,married,secondary,no,415,yes,no,cellular,11,may,3,-1,0,unknown,0,young
technician,single,tertiary,no,19,no,no,cellular,8,aug,3,-1,0,unknown,0,young
retired,divorced,secondary,no,24,no,yes,cellular,14,jul,2,-1,0,unknown,0,older
management,married,tertiary,no,1597,no,no,cellular,19,nov,2,-1,0,unknown,0,older
retired,single,unknown,no,332,no,no,unknown,18,jun,2,-1,0,unknown,0,older
services,married,unknown,no,2009,no,no,cellular,16,jun,1,-1,0,unknown,0,older
admin.,married,secondary,no,256,no,no,cellular,21,nov,2,-1,0,unknown,0,older
technician,single,tertiary,no,985,yes,no,cellular,19,feb,2,-1,0,unknown,0,young
services,married,primary,no,908,yes,yes,cellular,14,jul,2,-1,0,unknown,0,young
blue-collar,single,secondary,no,118,yes,no,cellular,18,nov,1,124,1,success,0,young
management,single,tertiary,no,2439,no,no,cellular,2,feb,2,-1,0,unknown,0,young
blue-collar,married,secondary,no,6,yes,no,cellular,28,jan,3,-1,0,unknown,0,young
management,married,tertiary,no,333,no,yes,cellular,17,jul,1,-1,0,unknown,0,older
management,married,tertiary,no,7249,yes,yes,cellular,19,nov,1,-1,0,unknown,0,older
services,married,secondary,no,-95,yes,yes,unknown,26,may,3,-1,0,unknown,0,young
self-employed,single,primary,no,112,no,no,unknown,20,jun,4,-1,0,unknown,0,older
technician,divorced,secondary,no,972,no,no,cellular,16,nov,3,175,2,failure,0,older
blue-collar,married,primary,no,676,no,no,unknown,9,jun,1,-1,0,unknown,0,young
management,single,tertiary,no,474,yes,no,cellular,7,aug,3,-1,0,unknown,0,young
management,married,tertiary,no,2594,yes,no,cellular,21,nov,3,-1,0,unknown,0,young
entrepreneur,married,tertiary,no,861,no,no,unknown,9,jun,1,-1,0,unknown,0,older
blue-collar,married,secondary,no,597,yes,no,unknown,8,may,2,-1,0,unknown,0,young
self-employed,married,secondary,no,-3,no,no,unknown,9,jun,5,-1,0,unknown,0,young
unemployed,married,secondary,no,687,yes,no,cellular,7,aug,1,99,2,success,1,older
technician,divorced,tertiary,no,278,yes,yes,cellular,7,jul,1,-1,0,unknown,0,young
management,married,primary,no,1744,no,no,unknown,9,jun,1,-1,0,unknown,0,older
services,married,secondary,no,0,yes,no,cellular,28,jul,5,-1,0,unknown,0,young
management,divorced,secondary,no,1598,yes,no,cellular,12,may,2,348,1,failure,0,older
admin.,single,secondary,no,64,yes,no,unknown,7,may,2,-1,0,unknown,0,young
management,divorced,tertiary,no,96,yes,no,cellular,25,jul,14,-1,0,unknown,0,young
technician,married,secondary,yes,-29,yes,yes,unknown,21,may,3,-1,0,unknown,0,young
management,single,tertiary,no,3877,yes,no,unknown,6,may,1,-1,0,unknown,0,young
technician,single,secondary,no,31,no,no,unknown,29,may,1,-1,0,unknown,0,older
blue-collar,married,secondary,no,660,yes,yes,cellular,7,may,4,168,3,failure,0,young
technician,divorced,secondary,no,0,yes,yes,cellular,8,may,1,262,1,other,0,older
services,single,secondary,no,0,yes,no,unknown,14,may,1,-1,0,unknown,0,older
management,married,tertiary,no,3363,yes,yes,cellular,13,aug,1,-1,0,unknown,0,young
student,single,secondary,no,493,yes,no,cellular,13,may,4,358,1,other,0,young
management,single,tertiary,no,2706,no,no,cellular,31,jul,3,-1,0,unknown,0,young
technician,married,unknown,no,851,yes,no,cellular,30,jan,1,270,2,failure,0,older
housemaid,married,primary,no,1080,no,no,cellular,22,apr,2,-1,0,unknown,0,older
blue-collar,married,primary,no,3664,no,no,telephone,29,jul,1,-1,0,unknown,0,older
entrepreneur,married,secondary,no,-118,yes,no,unknown,9,may,3,-1,0,unknown,0,older
admin.,single,secondary,no,-407,no,yes,cellular,7,jul,1,-1,0,unknown,0,young
admin.,divorced,secondary,no,12039,no,no,telephone,12,oct,1,187,1,success,1,older
technician,married,secondary,no,0,yes,no,cellular,11,jul,2,-1,0,unknown,0,older
unemployed,married,tertiary,no,174,no,yes,cellular,11,jul,7,-1,0,unknown,0,older
blue-collar,married,primary,no,362,yes,no,unknown,8,may,5,-1,0,unknown,0,young
management,married,tertiary,no,250,yes,no,cellular,31,mar,2,257,1,other,0,young
management,single,tertiary,no,397,yes,no,cellular,17,apr,1,-1,0,unknown,1,young
technician,married,secondary,no,0,no,no,cellular,7,jul,1,-1,0,unknown,0,older
admin.,divorced,secondary,no,1198,yes,yes,cellular,7,apr,1,307,1,other,0,older
management,single,tertiary,no,416,yes,yes,cellular,17,jul,1,-1,0,unknown,0,young
blue-collar,single,primary,no,127,yes,no,cellular,28,jan,1,-1,0,unknown,0,young
technician,married,secondary,no,0,yes,no,unknown,16,may,3,-1,0,unknown,0,older
blue-collar,married,primary,no,1373,no,no,unknown,9,may,2,-1,0,unknown,0,older
retired,married,primary,no,415,no,no,unknown,18,jun,2,-1,0,unknown,0,older
technician,single,secondary,no,9131,yes,no,unknown,14,may,5,-1,0,unknown,0,older
management,single,tertiary,no,0,yes,no,cellular,8,jul,1,-1,0,unknown,0,young
blue-collar,married,secondary,no,740,yes,no,cellular,7,may,3,342,2,failure,0,young
housemaid,married,secondary,no,-97,yes,yes,cellular,8,jul,2,-1,0,unknown,0,young
blue-collar,divorced,primary,yes,0,yes,no,cellular,10,jul,1,-1,0,unknown,0,young
blue-collar,married,primary,no,4436,yes,no,unknown,13,may,2,-1,0,unknown,0,young
management,married,secondary,no,410,yes,no,cellular,12,may,1,-1,0,unknown,0,older
technician,single,secondary,no,1104,no,no,cellular,7,aug,2,-1,0,unknown,1,young
services,married,secondary,no,2975,yes,no,cellular,20,nov,1,-1,0,unknown,0,young
blue-collar,married,secondary,no,0,yes,no,unknown,5,may,2,-1,0,unknown,0,young
retired,married,primary,no,1472,no,no,cellular,12,aug,2,-1,0,unknown,0,older
admin.,married,secondary,no,629,no,no,cellular,2,feb,4,-1,0,unknown,0,young
student,single,unknown,no,10332,no,no,cellular,2,nov,3,-1,0,unknown,1,young
technician,married,secondary,no,-910,yes,no,cellular,15,may,2,298,1,failure,0,young
management,divorced,tertiary,no,-154,yes,yes,cellular,29,jan,2,247,2,failure,0,older
management,married,tertiary,no,188,yes,no,unknown,21,may,1,-1,0,unknown,0,young
technician,single,tertiary,no,391,yes,no,unknown,30,may,8,-1,0,unknown,0,young
management,married,tertiary,no,15,yes,no,cellular,30,jul,2,-1,0,unknown,0,older
blue-collar,single,secondary,no,144,yes,no,cellular,5,feb,1,260,3,failure,0,young
retired,married,secondary,no,23,yes,yes,cellular,7,aug,2,-1,0,unknown,0,older
technician,married,unknown,no,30,yes,no,cellular,10,jul,1,-1,0,unknown,0,older
self-employed,single,tertiary,no,168,no,no,cellular,12,nov,1,196,1,success,1,young
admin.,single,secondary,no,551,no,yes,cellular,8,jul,1,-1,0,unknown,0,young
blue-collar,divorced,secondary,no,244,yes,yes,cellular,18,may,11,350,11,other,0,older
services,married,unknown,no,854,yes,no,cellular,3,apr,3,-1,0,unknown,0,older
blue-collar,single,primary,no,3688,yes,no,cellular,17,apr,1,-1,0,unknown,0,older
technician,divorced,secondary,no,765,yes,yes,cellular,15,jul,3,-1,0,unknown,0,older
technician,married,secondary,no,629,yes,no,cellular,3,feb,3,265,2,failure,0,older
retired,divorced,secondary,no,-82,no,yes,cellular,29,jul,6,-1,0,unknown,0,older
management,married,tertiary,no,618,yes,no,unknown,13,may,3,-1,0,unknown,0,older
management,single,unknown,no,838,yes,no,unknown,12,may,3,-1,0,unknown,0,young
blue-collar,married,primary,no,332,yes,no,unknown,8,may,3,-1,0,unknown,0,young
services,single,unknown,yes,-10,no,no,cellular,28,jan,2,-1,0,unknown,0,young
admin.,married,secondary,no,568,yes,no,cellular,4,feb,6,252,4,other,0,young
services,married,secondary,no,2132,no,no,unknown,5,jun,1,-1,0,unknown,0,young
technician,single,tertiary,no,1026,yes,no,cellular,13,may,3,-1,0,unknown,0,young
services,married,secondary,no,0,yes,no,telephone,11,may,2,361,5,failure,0,older
self-employed,married,secondary,no,123,no,yes,unknown,17,jul,1,85,5,other,0,young
admin.,married,secondary,no,710,yes,yes,cellular,6,may,1,334,2,success,1,young
technician,divorced,tertiary,no,3255,no,no,cellular,29,jun,2,-1,0,unknown,1,young
admin.,married,primary,no,127,yes,no,cellular,28,jan,1,-1,0,unknown,0,older
student,single,secondary,no,5,no,no,cellular,24,aug,2,-1,0,unknown,0,young
unemployed,divorced,primary,no,757,no,no,cellular,20,apr,1,325,4,failure,0,older
management,married,tertiary,no,926,no,no,cellular,14,apr,1,-1,0,unknown,1,young
technician,married,tertiary,no,964,no,no,cellular,29,jul,2,-1,0,unknown,0,older
blue-collar,single,secondary,no,0,yes,no,cellular,18,may,4,-1,0,unknown,0,young
self-employed,married,secondary,no,-196,yes,no,unknown,20,may,2,-1,0,unknown,0,older
technician,single,secondary,no,799,yes,no,cellular,25,jul,1,-1,0,unknown,0,young
blue-collar,married,primary,no,570,yes,no,unknown,12,may,3,-1,0,unknown,0,young
management,married,primary,no,5310,yes,no,cellular,22,may,2,186,1,success,1,older
blue-collar,single,secondary,no,1232,yes,no,cellular,16,apr,1,316,2,failure,0,young
technician,married,secondary,no,95,no,no,cellular,13,aug,4,-1,0,unknown,0,young
housemaid,divorced,secondary,yes,34,no,no,cellular,21,jul,3,-1,0,unknown,0,older
management,married,tertiary,no,0,yes,no,cellular,4,may,1,61,5,failure,0,older
blue-collar,married,secondary,no,-371,yes,no,unknown,27,may,1,-1,0,unknown,0,older
student,single,tertiary,no,807,no,no,cellular,27,feb,2,-1,0,unknown,0,young
admin.,divorced,secondary,no,1533,yes,no,cellular,21,nov,4,-1,0,unknown,1,young
blue-collar,single,secondary,no,0,no,no,telephone,28,jul,2,-1,0,unknown,0,young
housemaid,married,primary,no,97,no,yes,telephone,21,nov,1,-1,0,unknown,0,older
management,married,tertiary,no,6138,no,no,cellular,30,apr,2,196,7,success,0,young
entrepreneur,married,tertiary,no,269,yes,no,unknown,19,jun,1,-1,0,unknown,0,older
blue-collar,married,secondary,no,121,no,no,cellular,5,feb,1,-1,0,unknown,0,older
blue-collar,married,primary,no,0,yes,yes,cellular,7,may,1,-1,0,unknown,0,older
services,married,secondary,no,442,yes,no,unknown,8,may,1,-1,0,unknown,0,young
services,single,secondary,no,313,yes,no,cellular,11,may,2,301,3,failure,0,young
management,married,tertiary,no,3401,no,no,cellular,20,nov,1,-1,0,unknown,1,young
technician,married,tertiary,no,118,no,no,cellular,6,aug,2,-1,0,unknown,0,young
management,married,tertiary,no,307,no,no,unknown,16,may,4,-1,0,unknown,0,young
blue-collar,single,secondary,no,338,yes,no,unknown,13,may,3,-1,0,unknown,0,young
services,married,secondary,no,1394,yes,no,cellular,20,apr,2,-1,0,unknown,0,young
technician,divorced,secondary,no,507,no,no,cellular,20,aug,4,-1,0,unknown,0,young
management,divorced,tertiary,no,2105,no,yes,cellular,21,jul,1,-1,0,unknown,0,older
unemployed,married,secondary,no,610,yes,no,telephone,29,jul,2,-1,0,unknown,0,older
technician,divorced,secondary,no,281,yes,no,cellular,17,apr,2,337,9,other,0,older
student,single,secondary,no,502,yes,no,telephone,7,may,1,-1,0,unknown,0,young
technician,single,secondary,no,1855,yes,no,cellular,4,feb,1,273,1,failure,0,young
management,married,tertiary,no,7,yes,no,cellular,25,jul,5,-1,0,unknown,0,older
blue-collar,married,secondary,no,255,yes,no,cellular,29,jan,2,-1,0,unknown,0,young
admin.,single,secondary,no,1751,no,no,cellular,30,jan,1,-1,0,unknown,0,young
blue-collar,single,secondary,no,2202,yes,no,cellular,20,apr,2,-1,0,unknown,0,young
admin.,married,primary,no,0,yes,no,cellular,14,jul,3,-1,0,unknown,0,older
management,married,tertiary,no,1697,no,no,unknown,20,jun,2,-1,0,unknown,0,older
services,married,secondary,no,486,yes,yes,unknown,30,may,2,-1,0,unknown,0,older
unemployed,divorced,primary,no,757,no,no,cellular,20,apr,1,325,4,failure,0,older
unemployed,married,unknown,no,1309,no,no,telephone,30,jan,2,-1,0,unknown,0,older
blue-collar,married,secondary,no,667,no,no,cellular,20,nov,1,-1,0,unknown,0,young
technician,single,unknown,no,231,yes,no,cellular,7,may,3,367,1,other,0,young
blue-collar,married,primary,no,233,yes,no,cellular,15,may,2,-1,0,unknown,0,young
management,married,tertiary,no,107,yes,no,unknown,29,may,3,-1,0,unknown,0,older
blue-collar,married,primary,no,9202,no,no,cellular,18,aug,7,-1,0,unknown,0,older
entrepreneur,married,secondary,no,1306,no,no,cellular,15,jun,1,-1,0,unknown,1,older
admin.,single,secondary,no,-45,yes,no,cellular,20,apr,1,325,2,other,0,young
management,divorced,tertiary,no,-154,yes,yes,unknown,27,may,2,-1,0,unknown,0,older
management,married,tertiary,no,1790,yes,no,cellular,22,jul,1,-1,0,unknown,0,young
blue-collar,married,primary,no,121,no,no,cellular,29,aug,11,-1,0,unknown,0,older
services,married,secondary,no,1,no,yes,cellular,21,nov,2,-1,0,unknown,0,young
blue-collar,married,secondary,no,598,yes,no,unknown,16,jun,2,-1,0,unknown,0,young
blue-collar,married,secondary,no,2092,no,yes,unknown,18,jun,1,-1,0,unknown,0,older
technician,married,tertiary,no,5059,yes,no,cellular,31,jul,2,-1,0,unknown,0,older
unemployed,married,unknown,no,13,no,no,unknown,5,may,3,-1,0,unknown,0,older
services,married,secondary,no,1313,no,no,unknown,17,jun,2,-1,0,unknown,0,young
technician,divorced,secondary,no,394,yes,no,unknown,29,may,1,-1,0,unknown,0,young
services,married,secondary,yes,-684,yes,no,unknown,27,may,3,-1,0,unknown,0,young
management,single,tertiary,no,957,no,no,cellular,25,may,2,-1,0,unknown,1,young
blue-collar,married,secondary,no,427,yes,yes,unknown,9,jun,3,-1,0,unknown,0,young
technician,single,tertiary,no,0,no,no,cellular,18,aug,4,-1,0,unknown,1,older
student,single,tertiary,no,2764,yes,no,cellular,18,may,2,354,2,failure,0,young
technician,married,tertiary,no,1077,yes,no,cellular,21,nov,4,-1,0,unknown,0,older
management,married,tertiary,no,820,yes,no,cellular,17,jul,3,-1,0,unknown,0,young
management,single,tertiary,no,7443,no,no,telephone,19,jun,5,211,2,failure,1,older
unemployed,married,secondary,no,0,no,no,unknown,19,jun,1,-1,0,unknown,0,older
blue-collar,married,primary,no,277,no,no,cellular,4,feb,2,-1,0,unknown,0,young
unemployed,married,tertiary,no,201,no,no,cellular,3,jun,1,119,1,failure,1,young
blue-collar,married,secondary,no,303,no,no,unknown,11,jun,1,-1,0,unknown,0,older
management,married,secondary,no,0,yes,yes,cellular,3,nov,1,351,2,failure,1,older
blue-collar,married,secondary,no,0,yes,no,cellular,14,may,1,-1,0,unknown,0,young
management,married,tertiary,no,1109,no,no,cellular,22,aug,2,-1,0,unknown,0,young
blue-collar,divorced,primary,no,1,yes,no,unknown,6,jun,9,-1,0,unknown,0,young
technician,married,secondary,no,143,yes,no,unknown,16,may,1,-1,0,unknown,0,older
blue-collar,married,secondary,no,1384,yes,no,unknown,15,may,4,-1,0,unknown,1,older
services,married,secondary,no,145,yes,no,telephone,22,jul,13,-1,0,unknown,0,young
blue-collar,married,primary,no,50,no,no,unknown,28,may,8,-1,0,unknown,0,older
blue-collar,single,primary,no,368,yes,no,unknown,9,may,1,-1,0,unknown,0,older
admin.,single,secondary,yes,0,yes,no,cellular,16,jul,2,-1,0,unknown,0,young
technician,married,tertiary,no,2369,no,no,unknown,11,jun,2,-1,0,unknown,0,older
blue-collar,divorced,secondary,no,734,yes,yes,cellular,5,may,1,-1,0,unknown,0,older
blue-collar,married,secondary,no,1009,yes,yes,unknown,20,jun,5,-1,0,unknown,1,young
retired,married,secondary,no,485,no,no,cellular,2,feb,2,187,2,failure,0,older
technician,married,tertiary,no,301,yes,no,unknown,7,may,2,-1,0,unknown,0,young
admin.,divorced,secondary,no,140,yes,no,cellular,8,may,2,365,1,failure,0,young
blue-collar,divorced,primary,no,1299,no,no,cellular,27,nov,2,-1,0,unknown,0,older
admin.,married,secondary,no,106,no,no,cellular,21,aug,3,91,1,success,1,older
services,married,primary,no,764,no,no,cellular,12,may,3,-1,0,unknown,0,young
technician,divorced,secondary,no,27,yes,no,unknown,26,may,3,-1,0,unknown,0,young
blue-collar,married,secondary,no,0,yes,no,unknown,30,may,4,-1,0,unknown,0,young
management,single,tertiary,no,581,yes,yes,cellular,28,jan,1,-1,0,unknown,0,young
blue-collar,married,primary,no,317,yes,no,unknown,13,may,3,-1,0,unknown,0,young
retired,married,secondary,no,935,no,no,cellular,5,may,1,99,2,failure,1,older
blue-collar,married,primary,no,1630,yes,no,cellular,17,jun,3,94,19,other,0,young
self-employed,married,tertiary,no,2143,no,no,cellular,20,nov,3,-1,0,unknown,0,older
technician,married,secondary,no,179,yes,no,cellular,18,may,1,-1,0,unknown,0,older
services,married,secondary,no,2212,yes,no,telephone,30,jan,1,249,2,other,0,young
retired,married,secondary,no,1651,no,no,cellular,13,aug,2,-1,0,unknown,0,older
self-employed,married,secondary,no,-264,yes,no,cellular,29,jan,1,-1,0,unknown,0,older
student,single,tertiary,no,559,no,no,cellular,3,feb,2,-1,0,unknown,0,young
technician,single,secondary,no,3972,no,no,cellular,19,nov,2,-1,0,unknown,0,older
retired,divorced,secondary,no,-268,no,yes,cellular,24,jul,1,-1,0,unknown,1,older
admin.,single,tertiary,no,135,no,no,cellular,7,dec,1,-1,0,unknown,0,young
technician,single,secondary,no,7867,yes,no,unknown,21,may,2,-1,0,unknown,0,young
technician,married,tertiary,no,4139,no,no,unknown,11,jun,4,-1,0,unknown,0,young
blue-collar,married,primary,no,6575,yes,no,unknown,26,may,4,-1,0,unknown,0,young
management,married,tertiary,no,29,no,yes,unknown,23,jul,1,-1,0,unknown,0,older
blue-collar,single,primary,no,185,yes,no,cellular,17,apr,1,-1,0,unknown,0,older
admin.,married,secondary,no,521,yes,no,cellular,19,nov,1,-1,0,unknown,0,young
blue-collar,married,primary,no,-199,yes,yes,telephone,17,jul,10,-1,0,unknown,0,young
services,married,tertiary,no,597,no,no,cellular,4,feb,1,-1,0,unknown,0,young
technician,divorced,secondary,no,906,yes,yes,unknown,16,may,3,-1,0,unknown,0,older
blue-collar,married,primary,no,659,yes,no,cellular,11,may,1,-1,0,unknown,0,older
retired,divorced,primary,no,7179,no,no,cellular,5,feb,1,-1,0,unknown,0,older
management,married,tertiary,no,254,no,no,cellular,9,jun,2,294,2,failure,1,older
blue-collar,married,primary,no,2720,yes,no,cellular,16,apr,2,146,5,failure,0,young
management,single,tertiary,no,-85,yes,no,unknown,8,may,2,-1,0,unknown,0,young
blue-collar,married,primary,no,753,yes,no,unknown,8,may,2,-1,0,unknown,0,older
retired,divorced,primary,no,477,yes,no,unknown,19,may,4,-1,0,unknown,0,older
admin.,married,secondary,no,96,no,no,cellular,2,feb,1,-1,0,unknown,1,young
unemployed,single,secondary,no,875,no,no,cellular,2,feb,1,-1,0,unknown,0,young
technician,single,secondary,no,1076,no,no,cellular,8,aug,2,-1,0,unknown,0,young
entrepreneur,divorced,secondary,no,1307,yes,no,unknown,27,may,11,-1,0,unknown,0,older
services,single,secondary,no,281,yes,no,unknown,28,may,1,-1,0,unknown,0,young
blue-collar,married,secondary,no,500,no,no,cellular,14,may,1,-1,0,unknown,0,older
admin.,divorced,secondary,no,661,yes,no,cellular,5,aug,2,183,10,failure,1,young
retired,married,primary,no,103,no,no,cellular,7,dec,1,-1,0,unknown,0,older
management,single,tertiary,no,5474,no,no,cellular,28,jul,5,-1,0,unknown,1,young
services,single,secondary,no,38,no,no,telephone,28,aug,3,-1,0,unknown,0,young
technician,single,secondary,no,317,yes,no,unknown,12,may,6,-1,0,unknown,0,young
blue-collar,married,primary,no,420,no,yes,telephone,8,jul,3,-1,0,unknown,0,young
management,married,primary,no,0,no,no,cellular,19,nov,1,-1,0,unknown,0,older
blue-collar,divorced,primary,no,-156,yes,no,cellular,24,jul,2,-1,0,unknown,0,young
technician,married,secondary,no,945,yes,yes,cellular,24,jul,1,-1,0,unknown,0,young
retired,married,secondary,no,0,no,no,cellular,28,apr,2,126,2,other,1,older
housemaid,married,primary,no,0,yes,no,telephone,15,jul,1,-1,0,unknown,0,older
blue-collar,married,secondary,no,-64,yes,no,cellular,13,may,1,-1,0,unknown,0,young
technician,married,unknown,no,989,no,no,cellular,5,aug,1,-1,0,unknown,0,older
blue-collar,single,secondary,no,0,no,no,unknown,21,may,1,-1,0,unknown,0,young
technician,married,secondary,no,1026,no,no,cellular,3,aug,2,340,3,failure,0,young
technician,married,secondary,no,0,no,no,cellular,4,aug,3,-1,0,unknown,0,young
technician,single,secondary,no,283,yes,no,cellular,22,mar,2,-1,0,unknown,1,young
blue-collar,single,secondary,no,82,no,yes,cellular,7,jul,1,-1,0,unknown,0,older
technician,married,secondary,no,0,no,no,cellular,19,aug,2,-1,0,unknown,0,older
blue-collar,married,secondary,no,120,yes,no,unknown,28,may,2,-1,0,unknown,0,young
entrepreneur,married,unknown,yes,-1445,yes,no,unknown,12,may,2,-1,0,unknown,0,older
self-employed,married,tertiary,no,206,yes,no,unknown,23,jul,2,-1,0,unknown,0,older
self-employed,married,secondary,no,1,yes,yes,unknown,23,may,1,-1,0,unknown,0,older
retired,married,primary,no,331,yes,no,unknown,19,may,4,-1,0,unknown,0,older
blue-collar,single,primary,no,3595,yes,no,cellular,21,nov,2,-1,0,unknown,0,young
blue-collar,married,secondary,no,0,no,no,cellular,18,aug,17,-1,0,unknown,0,older
blue-collar,married,secondary,no,781,yes,no,unknown,27,may,2,-1,0,unknown,0,young
admin.,single,secondary,no,296,no,no,cellular,7,jul,4,-1,0,unknown,0,young
blue-collar,single,secondary,no,3111,yes,no,unknown,20,may,2,-1,0,unknown,0,young
housemaid,married,secondary,no,156,no,yes,cellular,28,aug,4,-1,0,unknown,0,young
entrepreneur,married,tertiary,no,34,yes,no,cellular,15,may,1,-1,0,unknown,0,older
technician,single,secondary,no,534,yes,no,cellular,18,may,1,-1,0,unknown,0,young
admin.,married,secondary,no,1551,yes,yes,cellular,8,jul,2,82,4,other,0,young
management,married,tertiary,no,10065,no,no,unknown,27,may,3,-1,0,unknown,0,older
technician,divorced,secondary,no,-478,yes,no,unknown,28,may,1,-1,0,unknown,0,young
technician,married,secondary,no,5,no,no,cellular,21,aug,2,-1,0,unknown,0,older
services,married,secondary,no,2479,yes,no,telephone,17,nov,1,-1,0,unknown,0,older
services,married,primary,no,4903,yes,no,cellular,19,nov,2,-1,0,unknown,0,older
unemployed,married,secondary,no,4372,yes,no,cellular,30,jul,2,-1,0,unknown,0,older
blue-collar,single,primary,no,181,yes,no,unknown,29,may,2,-1,0,unknown,0,older
technician,single,tertiary,no,-749,yes,yes,cellular,29,jul,4,-1,0,unknown,0,young
blue-collar,divorced,primary,no,300,yes,no,unknown,13,may,2,-1,0,unknown,1,young
student,single,tertiary,no,5169,yes,no,cellular,25,may,1,35,2,failure,1,young
blue-collar,divorced,secondary,no,-159,yes,no,unknown,4,jun,3,-1,0,unknown,0,young
management,married,tertiary,no,2767,no,no,cellular,30,apr,1,-1,0,unknown,0,older
management,married,tertiary,no,1874,no,no,cellular,28,jan,1,-1,0,unknown,0,older
blue-collar,single,secondary,no,521,yes,no,cellular,13,may,1,-1,0,unknown,0,older
blue-collar,married,secondary,no,1072,yes,no,cellular,18,may,2,356,4,other,0,young
student,single,tertiary,no,0,no,no,cellular,4,feb,3,276,2,failure,1,young
technician,married,tertiary,no,4575,yes,no,telephone,18,may,1,-1,0,unknown,0,young
technician,single,secondary,no,283,yes,no,cellular,29,jan,1,-1,0,unknown,0,young
technician,single,secondary,no,0,no,no,cellular,27,aug,2,-1,0,unknown,0,young
management,married,tertiary,no,123,yes,no,cellular,30,jul,6,-1,0,unknown,0,older
housemaid,married,primary,no,935,yes,no,unknown,6,jun,2,-1,0,unknown,0,older
technician,single,secondary,no,-15,no,no,cellular,17,nov,1,145,1,failure,0,older
admin.,married,secondary,no,2682,no,no,cellular,30,jul,8,-1,0,unknown,0,older
admin.,married,secondary,no,1293,yes,no,cellular,8,apr,3,-1,0,unknown,1,young
management,married,tertiary,no,410,no,no,cellular,29,jan,2,-1,0,unknown,0,young
blue-collar,single,secondary,no,158,yes,yes,cellular,16,jul,2,-1,0,unknown,0,young
blue-collar,married,secondary,no,1515,yes,no,cellular,10,aug,1,-1,0,unknown,1,young
blue-collar,married,secondary,no,4622,yes,yes,unknown,20,may,1,-1,0,unknown,0,young
housemaid,married,primary,no,3436,no,no,unknown,16,jun,2,-1,0,unknown,0,older
management,married,secondary,no,699,no,no,cellular,26,aug,8,-1,0,unknown,0,young
blue-collar,married,secondary,no,6879,no,no,cellular,20,jul,1,281,2,failure,0,older
blue-collar,married,primary,no,0,yes,yes,unknown,12,may,4,-1,0,unknown,0,young
technician,divorced,secondary,no,127,no,no,cellular,20,nov,2,-1,0,unknown,0,young
self-employed,divorced,secondary,no,165,yes,no,cellular,29,jul,4,-1,0,unknown,0,young
admin.,divorced,unknown,no,789,yes,no,cellular,8,may,1,360,2,failure,0,older
services,divorced,secondary,no,-245,yes,yes,unknown,28,may,2,-1,0,unknown,0,older
admin.,single,secondary,no,646,yes,no,telephone,16,jul,2,-1,0,unknown,0,older
blue-collar,single,secondary,no,304,yes,no,unknown,30,may,2,-1,0,unknown,0,older
admin.,single,secondary,no,979,yes,no,cellular,8,may,1,-1,0,unknown,0,older
management,single,tertiary,no,1,no,no,cellular,14,may,5,-1,0,unknown,1,young
management,married,tertiary,no,2037,no,no,unknown,5,oct,1,-1,0,unknown,0,older
management,married,tertiary,no,377,yes,no,unknown,5,may,1,-1,0,unknown,0,young
services,married,secondary,no,497,yes,yes,unknown,19,may,5,-1,0,unknown,0,young
admin.,single,secondary,no,557,yes,no,cellular,13,may,2,-1,0,unknown,0,young
retired,married,secondary,no,0,no,no,cellular,22,aug,5,-1,0,unknown,0,older
entrepreneur,married,tertiary,no,3188,yes,yes,cellular,19,nov,3,-1,0,unknown,0,older
blue-collar,married,unknown,no,897,yes,no,cellular,7,jul,2,-1,0,unknown,0,young
blue-collar,single,secondary,no,127,yes,no,cellular,5,may,1,-1,0,unknown,0,young
management,married,tertiary,no,1109,yes,no,cellular,27,may,4,310,5,failure,0,young
management,divorced,tertiary,no,50,yes,no,cellular,21,nov,4,171,4,failure,0,older
blue-collar,married,secondary,no,6933,no,no,cellular,19,nov,2,-1,0,unknown,0,older
entrepreneur,married,primary,no,0,no,no,telephone,23,jul,1,-1,0,unknown,0,older
technician,married,secondary,no,3460,no,no,cellular,27,aug,4,-1,0,unknown,0,older
management,single,tertiary,no,0,yes,no,cellular,8,jul,1,-1,0,unknown,0,young
management,married,tertiary,no,226,yes,no,cellular,17,nov,3,-1,0,unknown,0,older
services,single,unknown,no,5095,yes,no,cellular,20,nov,2,157,1,failure,0,older
services,single,secondary,no,101,yes,no,cellular,19,nov,2,-1,0,unknown,0,young
management,single,tertiary,no,1495,yes,no,cellular,30,jan,2,-1,0,unknown,0,young
management,divorced,secondary,no,425,no,no,cellular,15,jul,3,-1,0,unknown,0,older
services,married,secondary,no,1140,yes,no,cellular,14,may,3,-1,0,unknown,0,young
retired,married,secondary,no,7560,no,no,cellular,12,aug,2,-1,0,unknown,0,older
management,single,tertiary,no,1410,yes,no,unknown,27,may,5,-1,0,unknown,0,young
management,single,tertiary,no,28,yes,no,unknown,21,may,2,-1,0,unknown,0,young
services,single,secondary,no,184,no,no,cellular,14,jul,3,-1,0,unknown,0,young
admin.,single,secondary,no,387,yes,no,unknown,8,may,1,-1,0,unknown,0,young
blue-collar,married,unknown,no,0,no,no,unknown,16,jun,3,-1,0,unknown,0,older
blue-collar,married,primary,no,787,yes,no,cellular,24,jul,2,-1,0,unknown,0,young
blue-collar,divorced,primary,no,55,yes,yes,unknown,6,may,1,-1,0,unknown,0,older
management,married,tertiary,no,3754,no,no,cellular,18,jul,2,-1,0,unknown,0,older
blue-collar,married,primary,no,277,yes,no,cellular,17,apr,2,-1,0,unknown,0,young
retired,married,secondary,no,-27,no,no,unknown,13,may,9,-1,0,unknown,0,older
management,married,tertiary,no,7,yes,no,unknown,23,may,1,-1,0,unknown,0,young
blue-collar,single,primary,no,39,yes,no,telephone,8,may,2,347,5,failure,0,older
retired,married,primary,no,415,no,no,unknown,18,jun,2,-1,0,unknown,0,older
technician,married,secondary,no,268,yes,yes,cellular,22,jul,5,-1,0,unknown,0,young
technician,single,tertiary,no,3623,no,no,cellular,3,jun,2,85,1,success,0,young
management,divorced,secondary,no,132,yes,no,cellular,9,feb,2,-1,0,unknown,0,young
management,married,tertiary,no,2805,no,no,cellular,19,aug,2,-1,0,unknown,0,older
blue-collar,married,secondary,no,272,no,no,cellular,14,aug,2,-1,0,unknown,1,young
technician,married,secondary,no,1740,yes,no,cellular,13,sep,1,490,1,failure,0,older
services,married,secondary,no,1,no,no,unknown,15,may,2,-1,0,unknown,0,young
management,married,tertiary,no,666,yes,no,cellular,12,may,1,309,6,failure,0,older
management,married,secondary,no,-104,yes,no,unknown,9,jun,7,-1,0,unknown,0,young
housemaid,married,primary,no,3957,no,no,unknown,17,jun,4,-1,0,unknown,0,older
blue-collar,married,secondary,no,0,no,no,unknown,19,may,3,-1,0,unknown,0,young
admin.,married,tertiary,no,631,no,no,cellular,13,aug,3,-1,0,unknown,0,young
management,single,tertiary,no,709,yes,no,cellular,8,may,1,-1,0,unknown,0,older
blue-collar,married,primary,no,24,yes,no,unknown,15,may,1,-1,0,unknown,0,older
entrepreneur,single,tertiary,no,59649,no,no,cellular,1,sep,2,-1,0,unknown,0,young
entrepreneur,married,tertiary,no,0,no,no,unknown,23,may,3,-1,0,unknown,0,young
management,married,tertiary,no,247,no,no,cellular,6,feb,3,-1,0,unknown,0,young
self-employed,married,tertiary,no,990,no,no,cellular,3,jun,2,-1,0,unknown,1,older
management,single,tertiary,no,233,no,no,telephone,2,feb,2,-1,0,unknown,0,young
blue-collar,married,primary,no,953,yes,no,cellular,13,may,1,364,2,failure,0,older
admin.,single,secondary,no,1087,no,no,cellular,5,feb,1,-1,0,unknown,0,young
management,single,tertiary,no,1836,yes,no,cellular,12,aug,2,-1,0,unknown,0,young
blue-collar,married,secondary,no,167,no,no,unknown,20,jun,1,-1,0,unknown,0,older
blue-collar,married,secondary,no,-141,yes,yes,unknown,23,may,1,-1,0,unknown,0,older
admin.,married,secondary,no,734,yes,no,unknown,30,may,5,-1,0,unknown,0,older
retired,married,primary,no,796,no,no,cellular,23,apr,1,182,3,success,1,older
blue-collar,married,primary,no,382,no,yes,cellular,26,aug,7,-1,0,unknown,0,older
unemployed,married,unknown,no,83,yes,no,unknown,11,jun,29,-1,0,unknown,0,older
admin.,married,secondary,no,160,yes,yes,cellular,16,apr,1,-1,0,unknown,0,young
management,single,tertiary,no,1625,yes,no,cellular,19,aug,6,-1,0,unknown,0,young
blue-collar,married,primary,no,124,no,no,cellular,7,aug,2,-1,0,unknown,0,older
unemployed,divorced,secondary,no,176,no,no,unknown,19,jun,2,-1,0,unknown,0,older
blue-collar,married,secondary,no,621,yes,no,cellular,17,apr,3,-1,0,unknown,0,older
management,married,tertiary,no,830,no,no,unknown,2,jul,2,-1,0,unknown,0,older
blue-collar,married,secondary,no,687,yes,no,cellular,14,may,2,370,1,failure,0,young
technician,single,secondary,no,2704,yes,no,unknown,6,jun,3,-1,0,unknown,0,young
admin.,divorced,secondary,no,451,yes,no,cellular,16,jul,1,-1,0,unknown,1,young
management,married,secondary,no,-559,yes,yes,cellular,7,may,1,167,2,failure,0,young
management,married,tertiary,no,9725,yes,no,unknown,26,may,4,-1,0,unknown,0,young
blue-collar,married,secondary,no,11084,no,no,unknown,11,jun,1,-1,0,unknown,0,young
admin.,single,secondary,no,125,no,no,cellular,21,jul,1,288,8,failure,0,young
management,single,tertiary,no,112,yes,no,unknown,7,may,1,-1,0,unknown,0,young
self-employed,divorced,secondary,no,165,yes,no,cellular,29,jul,4,-1,0,unknown,0,young
technician,single,secondary,yes,-14,no,no,cellular,14,aug,2,-1,0,unknown,0,young
retired,married,primary,no,894,yes,no,unknown,15,may,7,-1,0,unknown,0,older
management,single,tertiary,no,2015,no,no,cellular,15,jun,1,390,1,failure,0,young
retired,married,secondary,no,209,no,no,cellular,14,aug,4,-1,0,unknown,0,older
services,married,secondary,no,0,yes,no,cellular,6,may,3,280,3,failure,0,young
technician,married,secondary,no,144,yes,yes,cellular,14,jul,4,-1,0,unknown,0,older
admin.,married,secondary,no,-170,yes,yes,unknown,26,may,1,-1,0,unknown,0,young
services,married,secondary,no,9077,yes,no,cellular,17,apr,2,337,1,failure,0,older
entrepreneur,married,secondary,no,2464,no,no,cellular,1,jun,1,-1,0,unknown,0,older
services,single,unknown,no,2378,no,no,cellular,17,nov,2,-1,0,unknown,1,young
blue-collar,married,primary,no,2456,yes,no,cellular,21,nov,3,127,1,failure,0,young
management,married,tertiary,no,664,no,yes,cellular,18,nov,1,-1,0,unknown,0,older
blue-collar,married,secondary,no,1221,yes,no,cellular,6,may,1,90,8,failure,0,young
admin.,married,secondary,no,707,yes,no,cellular,29,apr,3,-1,0,unknown,0,older
management,divorced,tertiary,no,195,yes,no,unknown,29,may,1,-1,0,unknown,0,older
blue-collar,divorced,secondary,no,78,yes,no,unknown,27,may,2,-1,0,unknown,0,older
admin.,married,secondary,no,10,no,yes,cellular,7,jul,2,-1,0,unknown,0,young
management,divorced,tertiary,no,2037,no,no,cellular,4,feb,2,94,3,success,1,older
admin.,single,secondary,no,1235,yes,yes,cellular,14,may,1,349,3,failure,0,young
management,married,tertiary,no,1204,no,no,cellular,3,sep,2,760,1,other,0,older
unemployed,single,secondary,no,486,no,no,telephone,30,apr,1,-1,0,unknown,0,young
admin.,married,secondary,no,102,yes,no,cellular,29,jan,2,-1,0,unknown,0,young
admin.,single,secondary,no,-349,yes,no,cellular,15,may,4,-1,0,unknown,0,young
retired,married,primary,no,3738,no,no,telephone,9,nov,1,456,4,failure,0,older
management,married,tertiary,no,782,no,no,cellular,16,jul,1,-1,0,unknown,0,older
blue-collar,single,secondary,no,324,yes,no,unknown,30,may,6,-1,0,unknown,0,older
management,single,tertiary,no,946,no,no,telephone,28,aug,1,-1,0,unknown,0,older
admin.,married,secondary,no,352,yes,no,cellular,24,jul,2,-1,0,unknown,0,young
technician,married,secondary,no,0,yes,yes,unknown,15,may,2,-1,0,unknown,0,older
blue-collar,married,secondary,no,-172,yes,no,cellular,31,jul,32,-1,0,unknown,0,young
entrepreneur,married,secondary,no,1349,no,no,cellular,20,nov,3,-1,0,unknown,0,young
blue-collar,married,primary,no,-247,yes,no,cellular,7,may,1,-1,0,unknown,0,young
management,married,unknown,no,624,yes,no,cellular,18,jul,6,-1,0,unknown,0,older
blue-collar,married,secondary,no,298,yes,no,cellular,17,apr,2,323,7,failure,0,young
blue-collar,single,secondary,no,-745,yes,no,unknown,13,may,1,-1,0,unknown,0,young
housemaid,married,primary,no,59,no,yes,cellular,28,jul,2,-1,0,unknown,0,older
blue-collar,married,primary,no,8326,yes,no,unknown,27,may,4,-1,0,unknown,0,young
unemployed,married,secondary,no,855,yes,no,unknown,9,may,2,-1,0,unknown,0,older
management,married,tertiary,no,771,yes,no,cellular,26,aug,8,-1,0,unknown,0,older
management,single,tertiary,no,23,yes,no,cellular,7,may,1,-1,0,unknown,0,young
management,married,tertiary,no,1113,no,no,cellular,1,sep,2,183,2,success,1,young
technician,married,tertiary,no,7717,yes,no,cellular,18,nov,1,-1,0,unknown,0,young
management,single,tertiary,no,1841,yes,no,cellular,25,aug,4,-1,0,unknown,0,young
management,single,tertiary,no,216,yes,no,cellular,29,jul,10,-1,0,unknown,0,older
housemaid,married,tertiary,no,2353,yes,no,cellular,23,jul,2,-1,0,unknown,0,older
self-employed,married,tertiary,no,5,yes,yes,cellular,21,nov,1,135,2,failure,1,young
technician,married,secondary,no,1901,no,no,cellular,18,nov,3,104,2,failure,0,older
management,married,tertiary,no,0,yes,yes,cellular,7,may,3,343,5,failure,0,older
admin.,single,secondary,no,985,yes,yes,unknown,20,jun,19,-1,0,unknown,0,older
management,married,tertiary,no,1674,yes,no,cellular,12,aug,7,-1,0,unknown,0,young
blue-collar,married,unknown,no,507,no,yes,unknown,18,jun,14,-1,0,unknown,0,older
blue-collar,married,primary,no,582,no,no,cellular,21,jul,2,-1,0,unknown,0,older
services,married,secondary,no,0,no,yes,unknown,2,jul,4,-1,0,unknown,0,young
management,married,tertiary,no,1831,no,no,cellular,17,feb,1,92,1,failure,0,older
technician,married,secondary,no,0,no,no,cellular,28,aug,14,-1,0,unknown,0,young
admin.,married,secondary,no,422,no,no,unknown,19,jun,1,-1,0,unknown,0,older
unemployed,single,secondary,no,2424,no,no,cellular,6,feb,1,-1,0,unknown,0,young
blue-collar,married,primary,no,333,yes,no,unknown,13,may,3,-1,0,unknown,0,older
technician,married,secondary,no,11697,yes,no,unknown,20,may,1,-1,0,unknown,0,young
management,married,tertiary,no,33,yes,yes,unknown,20,jun,25,-1,0,unknown,0,older
retired,married,primary,no,-382,yes,no,unknown,26,may,2,-1,0,unknown,0,older
retired,married,primary,no,0,no,no,unknown,11,jun,2,-1,0,unknown,0,older
self-employed,single,tertiary,no,270,yes,no,cellular,7,may,2,345,2,failure,0,young
blue-collar,married,secondary,no,959,yes,no,unknown,29,may,4,-1,0,unknown,0,young
services,divorced,secondary,no,4906,yes,no,cellular,20,nov,1,190,1,failure,0,older
blue-collar,divorced,tertiary,no,382,no,no,cellular,18,jun,3,-1,0,unknown,0,young
technician,single,secondary,no,362,no,no,cellular,9,feb,7,-1,0,unknown,0,young
management,divorced,tertiary,no,738,yes,yes,unknown,29,may,1,-1,0,unknown,0,older
technician,single,secondary,no,1104,no,no,cellular,20,nov,2,105,2,success,0,young
blue-collar,married,secondary,no,322,yes,yes,cellular,9,feb,3,-1,0,unknown,0,young
services,married,secondary,no,1053,yes,no,unknown,16,may,1,-1,0,unknown,0,young
unemployed,single,tertiary,yes,0,yes,no,cellular,10,jul,1,-1,0,unknown,0,young
management,single,tertiary,no,0,no,no,cellular,28,aug,17,-1,0,unknown,0,young
admin.,married,secondary,no,923,yes,no,cellular,17,apr,4,-1,0,unknown,0,young
admin.,married,secondary,no,126,no,no,unknown,18,jun,1,-1,0,unknown,1,older
management,divorced,tertiary,no,810,no,no,cellular,4,jun,3,-1,0,unknown,1,older
technician,single,tertiary,no,411,no,no,cellular,26,may,1,35,1,failure,0,young
blue-collar,married,secondary,no,279,no,no,cellular,8,jul,5,-1,0,unknown,0,older
admin.,single,unknown,no,175,no,no,unknown,28,may,3,-1,0,unknown,0,young
blue-collar,married,primary,no,0,yes,no,unknown,3,jun,2,-1,0,unknown,0,young
services,single,secondary,no,481,yes,no,cellular,13,may,3,174,4,failure,0,young
blue-collar,single,secondary,no,363,yes,no,unknown,8,may,3,-1,0,unknown,0,older
admin.,married,unknown,no,0,yes,no,cellular,17,nov,1,186,2,failure,0,older
retired,married,secondary,no,0,no,no,telephone,12,aug,2,-1,0,unknown,0,older
services,married,secondary,no,3429,yes,yes,cellular,8,may,4,171,11,other,0,young
blue-collar,single,primary,no,413,yes,no,cellular,15,may,1,345,4,other,0,young
management,divorced,tertiary,no,5754,yes,no,unknown,21,may,1,-1,0,unknown,0,young
admin.,married,secondary,no,2533,no,no,cellular,4,aug,1,-1,0,unknown,0,older
admin.,married,tertiary,no,5094,no,no,cellular,5,aug,1,-1,0,unknown,0,older
retired,married,unknown,no,413,no,no,telephone,7,dec,6,-1,0,unknown,0,older
technician,married,secondary,no,3323,yes,yes,cellular,8,apr,3,-1,0,unknown,0,older
management,single,tertiary,no,2081,no,no,cellular,15,jun,1,-1,0,unknown,0,older
retired,married,secondary,no,2801,yes,yes,cellular,10,mar,1,-1,0,unknown,1,older
services,married,secondary,no,9077,yes,no,cellular,17,apr,2,337,1,failure,0,older
management,single,tertiary,no,15459,no,no,cellular,18,feb,7,-1,0,unknown,1,young
management,divorced,secondary,no,-607,yes,no,cellular,13,may,6,-1,0,unknown,0,older
technician,single,secondary,no,75,yes,no,cellular,12,may,2,342,4,other,0,young
management,married,tertiary,no,706,yes,yes,cellular,14,jul,2,-1,0,unknown,0,older
technician,single,unknown,no,2193,no,no,cellular,29,jul,2,-1,0,unknown,0,older
self-employed,single,tertiary,no,917,no,yes,cellular,17,nov,3,-1,0,unknown,0,young
management,married,primary,no,1797,no,no,cellular,7,jul,4,-1,0,unknown,0,older
management,single,tertiary,no,4116,yes,no,cellular,5,may,1,-1,0,unknown,0,young
management,married,tertiary,no,4358,no,no,telephone,31,jul,7,-1,0,unknown,0,older
management,married,tertiary,no,2098,no,no,cellular,20,nov,1,-1,0,unknown,0,young
management,married,unknown,no,1780,yes,no,telephone,23,apr,3,-1,0,unknown,1,older
technician,married,secondary,no,807,yes,no,cellular,12,may,3,172,4,failure,0,young
retired,divorced,primary,no,476,no,no,telephone,28,jun,1,-1,0,unknown,1,older
housemaid,married,primary,no,283,yes,no,telephone,30,jul,7,-1,0,unknown,0,older
admin.,single,secondary,no,1534,no,no,cellular,10,nov,1,95,3,success,1,older
self-employed,single,tertiary,no,217,no,no,cellular,19,nov,4,-1,0,unknown,0,young
blue-collar,married,secondary,no,5275,no,yes,cellular,22,jul,3,-1,0,unknown,0,older
housemaid,single,tertiary,no,979,yes,no,cellular,7,may,4,357,1,other,0,young
self-employed,divorced,secondary,no,-38,yes,no,cellular,18,nov,2,-1,0,unknown,0,young
admin.,married,secondary,no,154,no,no,cellular,22,aug,2,-1,0,unknown,0,older
housemaid,married,secondary,no,116,no,no,cellular,11,aug,4,-1,0,unknown,0,young
entrepreneur,married,primary,no,5130,yes,yes,cellular,11,may,1,-1,0,unknown,0,older
services,married,primary,no,997,yes,no,cellular,3,feb,1,190,3,failure,0,young
management,married,tertiary,no,2845,yes,no,telephone,19,apr,5,-1,0,unknown,1,older
technician,single,unknown,no,491,no,no,cellular,8,oct,2,91,7,success,1,young
management,married,tertiary,no,1582,no,no,telephone,3,feb,2,197,1,failure,0,young
services,married,secondary,no,4760,yes,no,cellular,8,may,2,169,2,failure,0,young
blue-collar,married,secondary,no,-135,yes,no,cellular,14,may,3,370,2,failure,0,older
self-employed,married,primary,no,185,yes,no,unknown,29,may,3,-1,0,unknown,0,young
blue-collar,single,secondary,no,0,yes,no,cellular,7,may,2,-1,0,unknown,0,young
technician,single,secondary,no,2,yes,yes,cellular,6,may,2,356,1,failure,1,young
services,single,unknown,no,196,no,no,cellular,30,jan,2,-1,0,unknown,1,young
retired,married,tertiary,no,2262,no,no,cellular,22,apr,1,-1,0,unknown,0,older
technician,divorced,tertiary,no,2298,yes,no,cellular,29,jul,1,-1,0,unknown,0,older
self-employed,single,unknown,no,-142,yes,no,cellular,18,may,1,-1,0,unknown,0,young
management,divorced,tertiary,no,859,yes,yes,cellular,19,nov,1,-1,0,unknown,1,young
technician,single,tertiary,no,645,yes,no,cellular,6,may,6,-1,0,unknown,0,young
technician,married,secondary,no,2242,no,no,cellular,17,nov,2,-1,0,unknown,0,older
services,single,secondary,no,512,yes,yes,cellular,30,jan,5,239,3,failure,0,young
blue-collar,married,secondary,no,883,yes,yes,unknown,30,may,1,-1,0,unknown,0,young
management,married,tertiary,no,3228,no,no,cellular,27,aug,8,-1,0,unknown,0,young
admin.,married,tertiary,no,153,yes,no,cellular,5,jun,1,-1,0,unknown,0,young
housemaid,married,secondary,no,870,no,yes,unknown,19,jun,2,-1,0,unknown,0,older
blue-collar,single,secondary,no,-32,yes,yes,cellular,31,jul,6,-1,0,unknown,0,young
retired,divorced,secondary,no,13,yes,no,cellular,11,may,1,300,2,failure,0,older
admin.,single,secondary,no,985,yes,no,cellular,4,jun,3,50,8,failure,1,young
retired,married,primary,yes,-123,no,yes,cellular,28,aug,3,-1,0,unknown,0,older
technician,married,secondary,no,-146,yes,no,cellular,29,aug,2,-1,0,unknown,0,young
services,divorced,secondary,no,84,yes,no,cellular,13,apr,2,-1,0,unknown,1,young
retired,married,secondary,no,39,no,no,cellular,27,aug,5,-1,0,unknown,0,older
unemployed,single,tertiary,no,97,yes,yes,cellular,2,feb,1,252,1,failure,0,young
admin.,single,secondary,no,-194,yes,no,cellular,7,may,1,-1,0,unknown,0,young
student,married,primary,no,3503,no,no,unknown,6,jun,1,-1,0,unknown,0,young
management,married,tertiary,no,296,no,yes,cellular,15,jul,3,-1,0,unknown,1,older
technician,divorced,secondary,no,-701,yes,yes,cellular,24,jul,1,-1,0,unknown,0,older
blue-collar,single,secondary,no,1721,yes,no,unknown,21,may,2,-1,0,unknown,0,young
retired,married,tertiary,no,2261,no,no,unknown,9,jun,1,-1,0,unknown,0,older
admin.,married,tertiary,no,464,yes,no,cellular,7,may,1,-1,0,unknown,0,young
admin.,single,tertiary,no,282,yes,yes,cellular,3,feb,1,-1,0,unknown,0,young
technician,single,secondary,no,189,yes,no,unknown,14,may,1,-1,0,unknown,0,young
unemployed,married,secondary,no,13818,no,no,cellular,31,jul,2,-1,0,unknown,0,older
services,married,primary,no,-15,no,yes,unknown,2,jul,1,-1,0,unknown,0,older
management,married,tertiary,no,494,no,no,cellular,9,sep,1,183,5,success,1,young
housemaid,married,tertiary,no,197,no,no,cellular,28,aug,8,-1,0,unknown,0,older
blue-collar,married,secondary,no,2719,yes,no,cellular,14,may,2,-1,0,unknown,0,older
housemaid,single,tertiary,no,1328,no,no,cellular,22,aug,2,-1,0,unknown,0,older
management,divorced,tertiary,no,-130,yes,no,cellular,29,sep,2,61,9,failure,0,older
entrepreneur,single,primary,no,1770,no,yes,cellular,4,feb,2,188,6,failure,0,young
admin.,married,secondary,no,6421,no,yes,unknown,20,may,1,-1,0,unknown,0,young
technician,married,tertiary,no,167,yes,no,cellular,28,jan,1,-1,0,unknown,0,young
unknown,married,tertiary,no,643,no,no,cellular,15,oct,2,-1,0,unknown,0,older
admin.,married,secondary,no,898,yes,no,cellular,9,apr,1,-1,0,unknown,1,young
blue-collar,married,secondary,no,2200,yes,no,cellular,17,apr,1,-1,0,unknown,0,young
admin.,single,secondary,no,-349,yes,no,cellular,15,may,4,-1,0,unknown,0,young
blue-collar,married,secondary,no,-755,yes,yes,unknown,2,jun,1,-1,0,unknown,0,older
technician,married,secondary,no,769,no,no,cellular,6,feb,2,246,1,failure,0,older
management,married,tertiary,no,2123,yes,no,cellular,21,jul,3,-1,0,unknown,0,young
blue-collar,married,secondary,no,3990,yes,no,cellular,24,jul,7,-1,0,unknown,0,young
unknown,married,secondary,no,4846,no,no,unknown,20,jun,9,-1,0,unknown,0,older
technician,single,secondary,no,538,yes,no,cellular,17,apr,3,-1,0,unknown,0,young
technician,married,secondary,no,-939,yes,no,unknown,29,may,1,-1,0,unknown,0,older
blue-collar,married,primary,no,650,yes,no,unknown,12,may,2,-1,0,unknown,0,young
blue-collar,married,primary,no,1512,no,no,cellular,11,aug,4,-1,0,unknown,0,older
technician,married,secondary,no,903,yes,no,cellular,14,aug,2,-1,0,unknown,0,young
services,single,secondary,no,2571,no,no,unknown,6,jun,2,-1,0,unknown,0,young
technician,married,secondary,no,0,no,no,cellular,29,jul,2,-1,0,unknown,0,older
management,divorced,tertiary,no,81,no,yes,cellular,22,jul,1,-1,0,unknown,1,young
housemaid,married,tertiary,no,43,no,no,cellular,30,jul,2,-1,0,unknown,0,older
technician,married,secondary,no,-147,yes,yes,unknown,21,may,4,-1,0,unknown,0,young
blue-collar,married,secondary,no,398,yes,yes,cellular,6,aug,2,-1,0,unknown,0,older
services,married,secondary,no,55,yes,yes,unknown,9,may,1,-1,0,unknown,0,young
blue-collar,married,primary,no,137,no,yes,telephone,18,jul,7,-1,0,unknown,0,older
admin.,divorced,secondary,no,8548,yes,no,cellular,14,may,8,-1,0,unknown,0,older
management,married,tertiary,no,-762,yes,yes,cellular,4,feb,10,7,5,other,0,older
technician,single,tertiary,no,2203,yes,no,cellular,6,may,2,-1,0,unknown,0,young
technician,single,secondary,no,382,no,no,cellular,5,aug,4,-1,0,unknown,1,young
management,married,secondary,no,309,no,no,telephone,5,jun,1,-1,0,unknown,0,older
services,single,secondary,no,49,no,no,cellular,30,jan,1,-1,0,unknown,0,young
admin.,single,unknown,no,230,yes,no,unknown,9,may,1,-1,0,unknown,0,young
blue-collar,married,primary,no,14,yes,yes,cellular,12,may,2,-1,0,unknown,0,young
blue-collar,married,secondary,no,912,no,no,telephone,28,jul,9,-1,0,unknown,0,older
technician,married,tertiary,no,1126,yes,no,unknown,21,may,1,-1,0,unknown,0,young
technician,divorced,secondary,no,303,yes,yes,unknown,3,jul,1,-1,0,unknown,0,older
retired,single,primary,no,-79,no,no,cellular,14,may,1,370,1,failure,0,young
